course_name,play_date,tee_time,green_fee,source,booking_url,slots,hole_info,row_id
알프스대영,2026-09-19,17:22,69000,golfpang,,,18홀,tr_220127242
일레븐,2026-09-19,17:23,80000,golfpang,,,18홀,tr_220138831
더플레이어스,2026-09-19,12:23,160000,golfpang,,,18홀,tr_220326578
이천실크밸리,2026-09-19,13:45,155000,golfpang,,,18홀,tr_220087897
리베라,2026-09-19,17:49,140000,golfpang,,,18홀,tr_220241611
알프스대영,2026-09-19,17:22,69000,golfpang,,,18홀,tr_220013896
리베라,2026-09-19,17:42,140000,golfpang,,,18홀,tr_220345235
용인(비공개),2026-09-19,17:35,150000,golfpang,,,18홀,tr_219807069
젠스필드,2026-09-19,17:49,110000,golfpang,,,18홀,tr_219795756
대영베이스,2026-09-19,17:51,89000,golfpang,,,18홀,tr_220304904
힐데스하임,2026-09-19,18:04,110000,golfpang,,,18홀,tr_219784952
필로스,2026-09-19,18:07,140000,golfpang,,,18홀,tr_219737090
모나크,2026-09-19,18:09,110000,golfpang,,,18홀,tr_220253100
신안(병행),2026-09-19,18:24,100000,golfpang,,,18홀,tr_219667485
이천실크밸리,2026-09-19,18:24,110000,golfpang,,,18홀,tr_220206492
스타,2026-09-19,18:31,110000,golfpang,,,18홀,tr_219784926
리베라,2026-09-19,18:52,130000,golfpang,,,18홀,tr_219818356
이븐데일,2026-09-19,11:38,90000,golfpang,,,18홀,tr_220287642
양평TPC,2026-09-19,12:33,160000,golfpang,,,18홀,tr_220299458
해솔리아,2026-09-19,13:19,170000,golfpang,,,18홀,tr_220145238
일레븐,2026-09-19,13:38,115000,golfpang,,,18홀,tr_220233282
마이다스레이크 이천,2026-09-19,14:10,180000,golfpang,,,18홀,tr_220241990
힐데스하임,2026-09-19,07:00,135000,golfpang,,,18홀,tr_220289934
감곡,2026-09-19,17:59,120000,golfpang,,,18홀,tr_220128172
젠스필드,2026-09-19,18:52,100000,golfpang,,,18홀,tr_220222216
비콘힐스,2026-09-19,18:19,90000,golfpang,,,18홀,tr_220128209
리베라,2026-09-19,17:35,140000,golfpang,,,18홀,tr_220260578
용인(비공개),2026-09-19,17:21,150000,golfpang,,,18홀,tr_220327028
한림광릉,2026-09-19,17:45,140000,golfpang,,,18홀,tr_220345934
포웰(안성)cc,2026-09-19,18:04,122000,golfpang,,,18홀,tr_220241469
한림용인,2026-09-19,13:53,170000,golfpang,,,18홀,tr_220362067
힐데스하임,2026-09-19,12:27,140000,golfpang,,,18홀,tr_220361829
신안,2026-09-19,18:45,110000,golfpang,,,18홀,tr_220361540
이천실크밸리,2026-09-19,13:52,155000,golfpang,,,18홀,tr_220199270
모카cc,2026-09-19,13:49,130000,golfpang,,,18홀,tr_219776010
이글몬트,2026-09-19,13:46,170000,golfpang,,,18홀,tr_220130784
더플레이어스,2026-09-19,13:19,160000,golfpang,,,18홀,tr_220142581
힐데스하임,2026-09-19,12:34,150000,golfpang,,,18홀,tr_219998576
알프스대영,2026-09-19,17:36,69000,golfpang,,,18홀,tr_219993652
오너스,2026-09-19,14:04,145000,golfpang,,,18홀,tr_219996192
빅토리아-퍼9,2026-09-19,17:59,99000,golfpang,,,18홀,tr_220346861
필로스,2026-09-19,18:14,140000,golfpang,,,18홀,tr_219691556
비콘힐스,2026-09-19,18:33,90000,golfpang,,,18홀,tr_220326075
한림광릉,2026-09-19,17:31,140000,golfpang,,,18홀,tr_220345240
모카cc,2026-09-19,13:42,130000,golfpang,,,18홀,tr_220207254
이천실크밸리,2026-09-19,13:38,155000,golfpang,,,18홀,tr_220240299
대영힐스,2026-09-19,13:36,129000,golfpang,,,18홀,tr_220345183
감곡,2026-09-19,13:21,150000,golfpang,,,18홀,tr_220348600
동서울cc-퍼9,2026-09-19,12:07,94000,golfpang,,,18홀,tr_220207033
양지파인,2026-09-19,11:51,170000,golfpang,,,18홀,tr_220239024
감곡,2026-09-19,13:42,150000,golfpang,,,18홀,tr_220306751
리베라,2026-09-19,17:42,140000,golfpang,,,18홀,tr_220260515
한림광릉,2026-09-19,17:45,140000,golfpang,,,18홀,tr_220346166
포웰(안성)cc,2026-09-19,17:50,120000,golfpang,,,18홀,tr_220011273
중원,2026-09-19,12:58,130000,golfpang,,,18홀,tr_220347768
알프스대영,2026-09-19,05:51,90000,golfpang,,,18홀,tr_220150672
한림광릉,2026-09-19,17:38,140000,golfpang,,,18홀,tr_220289323
골프존 안성W,2026-09-19,12:35,160000,golfpang,,,18홀,tr_220342362
떼제베(동북),2026-09-19,18:02,110000,golfpang,,,18홀,tr_219985327
비콘힐스,2026-09-19,18:12,90000,golfpang,,,18홀,tr_219926349
감곡,2026-09-19,13:49,150000,golfpang,,,18홀,tr_220339258
벨라스톤,2026-09-19,17:17,100000,golfpang,,,18홀,tr_220149465
이천실크밸리,2026-09-19,18:03,110000,golfpang,,,18홀,tr_220282999
킹즈락,2026-09-19,18:27,90000,golfpang,,,18홀,tr_220129857
이븐데일,2026-09-19,11:37,90000,golfpang,,,18홀,tr_220287637
남춘천,2026-09-19,12:48,160000,golfpang,,,18홀,tr_220174880
오로라,2026-09-19,17:42,100000,golfpang,,,18홀,tr_220150748
베뉴지,2026-09-19,13:58,160000,golfpang,,,18홀,tr_220326983
알프스대영,2026-09-19,18:25,59000,golfpang,,,18홀,tr_219595813
남춘천,2026-09-19,12:48,160000,golfpang,,,18홀,tr_220213371
남춘천,2026-09-19,13:49,160000,golfpang,,,18홀,tr_220206517
리베라,2026-09-19,18:45,140000,golfpang,,,18홀,tr_220088696
양평TPC,2026-09-19,13:08,160000,golfpang,,,18홀,tr_220318416
젠스필드,2026-09-19,18:45,100000,golfpang,,,18홀,tr_220289915
대영베이스,2026-09-19,18:51,79000,golfpang,,,18홀,tr_220219723
대영힐스,2026-09-19,13:23,129000,golfpang,,,18홀,tr_220261566
모카cc,2026-09-19,13:56,130000,golfpang,,,18홀,tr_220220413
센테리움,2026-09-19,13:11,139000,golfpang,,,18홀,tr_220260646
알프스대영,2026-09-19,17:43,69000,golfpang,,,18홀,tr_220240040
리베라,2026-09-19,18:03,140000,golfpang,,,18홀,tr_220230782
보령베이스-퍼9,2026-09-19,19:01,49000,golfpang,,,18홀,tr_220217164
이글몬트,2026-09-19,14:00,170000,golfpang,,,18홀,tr_220260116
젠스필드,2026-09-19,18:38,100000,golfpang,,,18홀,tr_220250307
마이다스레이크 이천,2026-09-19,14:03,180000,golfpang,,,18홀,tr_220241323
한림용인,2026-09-19,14:00,170000,golfpang,,,18홀,tr_220220254
베뉴지,2026-09-19,13:51,160000,golfpang,,,18홀,tr_220349568
알프스대영,2026-09-19,17:22,69000,golfpang,,,18홀,tr_220127243
알프스대영,2026-09-19,17:22,69000,golfpang,,,18홀,tr_220127244
베뉴지,2026-09-19,13:30,160000,golfpang,,,18홀,tr_220349518
일레븐,2026-09-19,17:23,80000,golfpang,,,18홀,tr_220138833
일레븐,2026-09-19,17:23,80000,golfpang,,,18홀,tr_220138832
포웰(안성)cc,2026-09-19,07:40,172000,golfpang,,,18홀,tr_220318521
더플레이어스,2026-09-19,12:23,160000,golfpang,,,18홀,tr_220326579
서원힐스,2026-09-19,05:50,230000,golfpang,,,18홀,tr_220370914
이천실크밸리,2026-09-19,13:45,155000,golfpang,,,18홀,tr_220087898
이천실크밸리,2026-09-19,17:49,120000,golfpang,,,18홀,tr_220087899
리베라,2026-09-19,17:49,140000,golfpang,,,18홀,tr_220278582
리베라,2026-09-19,17:49,140000,golfpang,,,18홀,tr_220278583
떼제베,2026-09-19,18:00,130000,golfpang,,,18홀,tr_219986610
떼제베(동북),2026-09-19,18:00,110000,golfpang,,,18홀,tr_219986630
일레븐,2026-09-19,18:00,75000,golfpang,,,18홀,tr_220086546
임페리얼레이크,2026-09-19,18:00,99000,golfpang,,,18홀,tr_220086560
대영베이스,2026-09-19,18:00,99000,golfpang,,,18홀,tr_220085802
로얄포레,2026-09-19,18:30,99000,golfpang,,,18홀,tr_220085988
옥스필드,2026-09-19,18:20,69000,golfpang,,,18홀,tr_220086923
이븐데일,2026-09-19,06:40,95000,golfpang,,,18홀,tr_220325666
임페리얼레이크,2026-09-19,06:00,109000,golfpang,,,18홀,tr_219986409
올데이,2026-09-19,06:40,99000,golfpang,,,18홀,tr_219986433
일레븐,2026-09-19,06:30,130000,golfpang,,,18홀,tr_220086524
로얄포레,2026-09-19,07:00,119000,golfpang,,,18홀,tr_219986358
떼제베(동북),2026-09-19,07:50,130000,golfpang,,,18홀,tr_219986574
대영베이스,2026-09-19,07:50,150000,golfpang,,,18홀,tr_219986337
옥스필드,2026-09-19,07:20,99000,golfpang,,,18홀,tr_219993977
임페리얼레이크,2026-09-19,11:50,139000,golfpang,,,18홀,tr_219986412
옥스필드,2026-09-19,11:50,119000,golfpang,,,18홀,tr_219994021
올데이,2026-09-19,12:10,109000,golfpang,,,18홀,tr_219986466
로얄포레,2026-09-19,12:40,129000,golfpang,,,18홀,tr_219986364
이븐데일,2026-09-19,13:00,90000,golfpang,,,18홀,tr_220086291
센테리움,2026-09-19,13:00,139000,golfpang,,,18홀,tr_220260030
감곡,2026-09-19,13:40,150000,golfpang,,,18홀,tr_220085777
올데이,2026-09-19,17:00,79000,golfpang,,,18홀,tr_220086248
대영힐스,2026-09-19,17:50,89000,golfpang,,,18홀,tr_220085916
알프스대영,2026-09-19,17:50,69000,golfpang,,,18홀,tr_220086824
옥스필드,2026-09-19,07:28,99000,golfpang,,,18홀,tr_220370889
옥스필드,2026-09-19,12:06,9100,golfpang,,,18홀,tr_220370890
옥스필드,2026-09-19,17:26,79000,golfpang,,,18홀,tr_220370891
이포,2026-09-19,18:13,130000,golfpang,,,18홀,tr_220348452
대영베이스,2026-09-19,18:04,99000,golfpang,,,18홀,tr_220370628
대영베이스,2026-09-19,19:04,85000,golfpang,,,18홀,tr_220370629
알프스대영,2026-09-19,18:25,65000,golfpang,,,18홀,tr_220370525
알프스대영,2026-09-19,16:47,99000,golfpang,,,18홀,tr_220370523
대영베이스,2026-09-19,07:47,150000,golfpang,,,18홀,tr_220370627
알프스대영,2026-09-19,17:57,69000,golfpang,,,18홀,tr_220370524
모카cc,2026-09-19,08:25,150000,golfpang,,,18홀,tr_220370601
모카cc,2026-09-19,13:56,130000,golfpang,,,18홀,tr_220370602
대영힐스,2026-09-19,18:06,89000,golfpang,,,18홀,tr_220370858
대영힐스,2026-09-19,18:06,89000,golfpang,,,18홀,tr_220370857
대영힐스,2026-09-19,18:06,89000,golfpang,,,18홀,tr_220370856
대영베이스,2026-09-19,13:22,119000,golfpang,,,18홀,tr_220203366
오너스,2026-09-19,08:28,160000,golfpang,,,18홀,tr_220370853
백제,2026-09-19,13:34,140000,golfpang,,,18홀,tr_220203324
플라밍고,2026-09-19,08:33,190000,golfpang,,,18홀,tr_220370818
플라밍고,2026-09-19,18:03,140000,golfpang,,,18홀,tr_220370820
플라밍고,2026-09-19,13:11,170000,golfpang,,,18홀,tr_220370819
알펜시아명문,2026-09-19,06:30,100000,golfpang,,,18홀,tr_220204852
알펜시아700,2026-09-19,17:25,80000,golfpang,,,18홀,tr_220205313
이포,2026-09-19,12:54,190000,golfpang,,,18홀,tr_220348418
백제,2026-09-19,13:54,140000,golfpang,,,18홀,tr_220349515
비에이비스타(퍼),2026-09-19,17:59,110000,golfpang,,,18홀,tr_218557585
비에이비스타(퍼),2026-09-19,12:22,160000,golfpang,,,18홀,tr_218049393
비에이비스타,2026-09-19,13:25,170000,golfpang,,,18홀,tr_218336854
마이다스레이크 이천,2026-09-19,14:24,180000,golfpang,,,18홀,tr_220278790
비에이비스타,2026-09-19,18:06,130000,golfpang,,,18홀,tr_218336902
마이다스레이크 이천,2026-09-19,14:17,180000,golfpang,,,18홀,tr_220349482
클럽72,2026-09-19,08:40,220000,golfpang,,,18홀,tr_220370817
골프존 송도(구.오렌지듄스),2026-09-19,13:51,179000,golfpang,,,18홀,tr_220370815
양지파인,2026-09-19,08:37,190000,golfpang,,,18홀,tr_220370787
양지파인,2026-09-19,11:51,170000,golfpang,,,18홀,tr_220370788
한림용인,2026-09-19,11:54,210000,golfpang,,,18홀,tr_220370771
한림용인,2026-09-19,11:40,210000,golfpang,,,18홀,tr_220370770
한림용인,2026-09-19,17:38,150000,golfpang,,,18홀,tr_220370772
클럽72,2026-09-19,08:40,220000,golfpang,,,18홀,tr_220370769
한림용인,2026-09-19,17:31,150000,golfpang,,,18홀,tr_220370756
한림용인,2026-09-19,18:06,150000,golfpang,,,18홀,tr_220370755
한림용인,2026-09-19,11:40,210000,golfpang,,,18홀,tr_220370754
신라,2026-09-19,13:32,180000,golfpang,,,18홀,tr_220348368
에덴블루,2026-09-19,12:30,209000,golfpang,,,18홀,tr_220370722
에덴블루,2026-09-19,06:42,199000,golfpang,,,18홀,tr_220370721
에덴블루,2026-09-19,18:42,129900,golfpang,,,18홀,tr_220370723
베스트밸리-퍼9,2026-09-19,16:52,140000,golfpang,,,18홀,tr_220229992
에덴블루,2026-09-19,18:35,129000,golfpang,,,18홀,tr_220370696
동촌,2026-09-19,07:30,170000,golfpang,,,18홀,tr_220240324
에덴블루,2026-09-19,06:42,199000,golfpang,,,18홀,tr_220370694
에덴블루,2026-09-19,12:30,209000,golfpang,,,18홀,tr_220370695
골프존 송도(구.오렌지듄스),2026-09-19,05:58,169000,golfpang,,,18홀,tr_220370693
남춘천,2026-09-19,13:35,170000,golfpang,,,18홀,tr_220328529
용인플라자,2026-09-19,17:50,150000,golfpang,,,18홀,tr_218537418
용인플라자,2026-09-19,11:31,220000,golfpang,,,18홀,tr_220211102
로얄링스,2026-09-19,13:09,120000,golfpang,,,18홀,tr_220349446
로얄링스,2026-09-19,07:10,120000,golfpang,,,18홀,tr_220349399
스톤비치,2026-09-19,12:30,110000,golfpang,,,18홀,tr_220305630
신라,2026-09-19,07:20,240000,golfpang,,,18홀,tr_220348341
한림용인,2026-09-19,17:45,150000,golfpang,,,18홀,tr_220370667
한림용인,2026-09-19,17:31,150000,golfpang,,,18홀,tr_220370666
한림용인,2026-09-19,12:15,200000,golfpang,,,18홀,tr_220370665
스카이밸리,2026-09-19,13:32,200000,golfpang,,,18홀,tr_219996367
베뉴지,2026-09-19,13:30,160000,golfpang,,,18홀,tr_220151688
진천(비공개),2026-09-19,13:26,180000,golfpang,,,18홀,tr_220152621
블랙스톤벨포레,2026-09-19,13:20,110000,golfpang,,,18홀,tr_220013804
스톤비치,2026-09-19,12:48,110000,golfpang,,,18홀,tr_219788292
떼제베(동북),2026-09-19,11:43,130000,golfpang,,,18홀,tr_218575852
프린세스,2026-09-19,08:32,150000,golfpang,,,18홀,tr_219624168
더플레이어스,2026-09-19,12:01,160000,golfpang,,,18홀,tr_219338439
이븐데일,2026-09-19,12:05,115000,golfpang,,,18홀,tr_219934085
한림광릉,2026-09-19,17:52,140000,golfpang,,,18홀,tr_220370561
한림광릉,2026-09-19,17:59,140000,golfpang,,,18홀,tr_220370562
알프스대영,2026-09-19,18:25,65000,golfpang,,,18홀,tr_218576749
한림광릉,2026-09-19,18:20,140000,golfpang,,,18홀,tr_220370563
킹즈락,2026-09-19,07:00,140000,golfpang,,,18홀,tr_219564445
일레븐,2026-09-19,12:49,115000,golfpang,,,18홀,tr_220207655
힐마루 포천,2026-09-19,18:20,160000,golfpang,,,18홀,tr_220207633
오너스,2026-09-19,14:25,140000,golfpang,,,18홀,tr_220207641
오너스,2026-09-19,08:21,160000,golfpang,,,18홀,tr_220207638
한림용인,2026-09-19,17:31,150000,golfpang,,,18홀,tr_220370500
한림용인,2026-09-19,11:40,210000,golfpang,,,18홀,tr_220370499
한림용인,2026-09-19,18:06,150000,golfpang,,,18홀,tr_220370501
이븐데일,2026-09-19,17:19,90000,golfpang,,,18홀,tr_220368974
스톤비치,2026-09-19,13:58,160000,golfpang,,,18홀,tr_220369737
세레니티cc,2026-09-19,14:30,220000,golfpang,,,18홀,tr_220369505
이븐데일,2026-09-19,13:51,90000,golfpang,,,18홀,tr_220367719
스톤비치,2026-09-19,13:44,160000,golfpang,,,18홀,tr_220370311
중원,2026-09-19,12:51,160000,golfpang,,,18홀,tr_220367888
에스앤-퍼9,2026-09-19,11:56,100000,golfpang,,,18홀,tr_220368031
에스앤-퍼9,2026-09-19,11:28,100000,golfpang,,,18홀,tr_220367998
파인스톤,2026-09-19,11:17,200000,golfpang,,,18홀,tr_220370361
이븐데일,2026-09-19,08:09,119000,golfpang,,,18홀,tr_220367716
대호단양,2026-09-19,08:06,189000,golfpang,,,18홀,tr_220369550
이븐데일,2026-09-19,07:06,105000,golfpang,,,18홀,tr_220367715
동촌,2026-09-19,07:23,205000,golfpang,,,18홀,tr_220370360
세레니티cc,2026-09-19,06:23,190000,golfpang,,,18홀,tr_220369159
대호단양,2026-09-19,06:28,149000,golfpang,,,18홀,tr_220369549
대호단양,2026-09-19,06:28,149000,golfpang,,,18홀,tr_220370434
에스앤-퍼9,2026-09-19,06:00,60000,golfpang,,,18홀,tr_220368474
에스앤-퍼9,2026-09-19,06:14,60000,golfpang,,,18홀,tr_220367997
이븐데일,2026-09-19,06:10,95000,golfpang,,,18홀,tr_220368973
에스앤-퍼9,2026-09-19,06:07,60000,golfpang,,,18홀,tr_220367996
파인스톤,2026-09-19,06:21,190000,golfpang,,,18홀,tr_220370227
킹즈락,2026-09-19,06:17,130000,golfpang,,,18홀,tr_220368819
킹즈락,2026-09-19,06:17,130000,golfpang,,,18홀,tr_220367767
이븐데일,2026-09-19,18:49,85000,golfpang,,,18홀,tr_220367718
세레니티cc,2026-09-19,18:48,130000,golfpang,,,18홀,tr_220369157
킹즈락,2026-09-19,18:55,95000,golfpang,,,18홀,tr_220368820
세레니티cc,2026-09-19,19:02,130000,golfpang,,,18홀,tr_220369506
킹즈락,2026-09-19,19:02,90000,golfpang,,,18홀,tr_220367769
킹즈락,2026-09-19,19:02,90000,golfpang,,,18홀,tr_220367768
세레니티cc,2026-09-19,19:23,130000,golfpang,,,18홀,tr_220369508
세레니티cc,2026-09-19,19:16,130000,golfpang,,,18홀,tr_220369158
킹즈락,2026-09-19,19:09,90000,golfpang,,,18홀,tr_220368821
세레니티cc,2026-09-19,19:09,130000,golfpang,,,18홀,tr_220369161
세레니티cc,2026-09-19,18:27,140000,golfpang,,,18홀,tr_220369156
이븐데일,2026-09-19,18:28,85000,golfpang,,,18홀,tr_220367717
세레니티cc,2026-09-19,18:34,130000,golfpang,,,18홀,tr_220369160
일레븐,2026-09-19,18:40,105000,golfpang,,,18홀,tr_220368887
스톤비치,2026-09-19,18:12,130000,golfpang,,,18홀,tr_220369739
이븐데일,2026-09-19,18:15,90000,golfpang,,,18홀,tr_220367720
세레니티cc,2026-09-19,18:13,130000,golfpang,,,18홀,tr_220369507
에스앤-퍼9,2026-09-19,18:20,60000,golfpang,,,18홀,tr_220368032
일레븐,2026-09-19,18:19,105000,golfpang,,,18홀,tr_220368727
스톤비치,2026-09-19,17:58,130000,golfpang,,,18홀,tr_220369738
스톤비치,2026-09-19,17:58,130000,golfpang,,,18홀,tr_220370312
이븐데일,2026-09-19,18:08,90000,golfpang,,,18홀,tr_220368975
대영힐스,2026-09-19,17:52,89000,golfpang,,,18홀,tr_220366750
대영힐스,2026-09-19,17:03,105000,golfpang,,,18홀,tr_220366749
중원,2026-09-19,14:15,150000,golfpang,,,18홀,tr_220367497
클럽D 보은,2026-09-19,13:51,140000,golfpang,,,18홀,tr_220366872
클럽D 보은,2026-09-19,13:44,140000,golfpang,,,18홀,tr_220366877
클럽D 보은,2026-09-19,13:09,150000,golfpang,,,18홀,tr_220367164
클럽D 보은,2026-09-19,13:16,150000,golfpang,,,18홀,tr_220366873
로얄링스,2026-09-19,13:23,160000,golfpang,,,18홀,tr_220367342
클럽D 보은,2026-09-19,13:23,150000,golfpang,,,18홀,tr_220367166
클럽D 보은,2026-09-19,12:48,160000,golfpang,,,18홀,tr_220366878
클럽D 보은,2026-09-19,12:41,160000,golfpang,,,18홀,tr_220366876
클럽D 보은,2026-09-19,12:27,160000,golfpang,,,18홀,tr_220366874
클럽D 보은,2026-09-19,07:02,150000,golfpang,,,18홀,tr_220366875
클럽D 보은,2026-09-19,07:02,150000,golfpang,,,18홀,tr_220367165
클럽D 보은,2026-09-19,06:41,140000,golfpang,,,18홀,tr_220366879
대영힐스,2026-09-19,05:39,100000,golfpang,,,18홀,tr_220366748
대영힐스,2026-09-19,18:48,85000,golfpang,,,18홀,tr_220366752
대영힐스,2026-09-19,19:02,79000,golfpang,,,18홀,tr_220366747
대영힐스,2026-09-19,18:20,89000,golfpang,,,18홀,tr_220366751
대영힐스,2026-09-19,18:06,89000,golfpang,,,18홀,tr_220366746
가평베네스트,2026-09-19,13:42,250000,golfpang,,,18홀,tr_220366690
가평베네스트,2026-09-19,13:42,250000,golfpang,,,18홀,tr_220366689
더크로스비,2026-09-19,06:21,210000,golfpang,,,18홀,tr_220346168
더크로스비,2026-09-19,11:45,210000,golfpang,,,18홀,tr_220346176
양평TPC,2026-09-19,13:15,160000,golfpang,,,18홀,tr_220348321
로얄링스,2026-09-19,11:52,120000,golfpang,,,18홀,tr_219968405
로얄링스,2026-09-19,08:20,120000,golfpang,,,18홀,tr_219968278
중원,2026-09-19,08:35,150000,golfpang,,,18홀,tr_220366678
더크로스비,2026-09-19,13:44,207000,golfpang,,,18홀,tr_220346236
백제,2026-09-19,14:08,140000,golfpang,,,18홀,tr_220346245
이포,2026-09-19,17:52,140000,golfpang,,,18홀,tr_220346453
이포,2026-09-19,18:27,130000,golfpang,,,18홀,tr_220346461
아난티중앙(야간),2026-09-19,17:53,140000,golfpang,,,18홀,tr_220346427
포웰(안성)cc,2026-09-19,18:18,112000,golfpang,,,18홀,tr_220346544
파인스톤,2026-09-19,18:18,150000,golfpang,,,18홀,tr_219906947
더플레이어스,2026-09-19,06:34,190000,golfpang,,,18홀,tr_220346464
스톤비치,2026-09-19,07:59,140000,golfpang,,,18홀,tr_220346380
스톤비치,2026-09-19,12:41,110000,golfpang,,,18홀,tr_220346408
올데이,2026-09-19,08:10,119000,golfpang,,,18홀,tr_220366655
올데이,2026-09-19,12:34,99000,golfpang,,,18홀,tr_220366656
올데이,2026-09-19,07:07,99000,golfpang,,,18홀,tr_220366657
올림픽,2026-09-19,17:28,140000,golfpang,,,18홀,tr_220366676
속리산cc,2026-09-19,13:40,130000,golfpang,,,18홀,tr_220366654
비에이비스타(퍼),2026-09-19,12:44,160000,golfpang,,,18홀,tr_220366651
비에이비스타(퍼),2026-09-19,12:16,170000,golfpang,,,18홀,tr_220366648
라싸,2026-09-19,13:14,179000,golfpang,,,18홀,tr_220349354
라싸,2026-09-19,06:48,209000,golfpang,,,18홀,tr_220366632
마이다스레이크 이천,2026-09-19,14:25,180000,golfpang,,,18홀,tr_220366647
라싸,2026-09-19,08:19,239000,golfpang,,,18홀,tr_220366633
라싸,2026-09-19,12:39,179000,golfpang,,,18홀,tr_220366634
동서울cc-퍼9,2026-09-19,17:36,65000,golfpang,,,18홀,tr_220366631
라싸,2026-09-19,08:26,239000,golfpang,,,18홀,tr_220349348
동서울cc-퍼9,2026-09-19,13:32,89000,golfpang,,,18홀,tr_220366630
동강시스타,2026-09-19,17:59,171000,golfpang,,,18홀,tr_220298071
힐데스하임,2026-09-19,18:04,110000,golfpang,,,18홀,tr_219784961
힐데스하임,2026-09-19,18:04,110000,golfpang,,,18홀,tr_219784959
필로스,2026-09-19,18:07,140000,golfpang,,,18홀,tr_219737166
필로스,2026-09-19,18:07,140000,golfpang,,,18홀,tr_219737131
용인(비공개),2026-09-19,17:35,150000,golfpang,,,18홀,tr_219807070
용인(비공개),2026-09-19,17:35,150000,golfpang,,,18홀,tr_219807095
젠스필드,2026-09-19,17:49,110000,golfpang,,,18홀,tr_219795759
대영베이스,2026-09-19,17:51,89000,golfpang,,,18홀,tr_219443056
대영베이스,2026-09-19,17:51,89000,golfpang,,,18홀,tr_220304906
마이다스레이크 이천,2026-09-19,14:10,180000,golfpang,,,18홀,tr_220241991
클럽모우,2026-09-19,14:09,180000,golfpang,,,18홀,tr_220337594
솔모로,2026-09-19,13:28,190000,golfpang,,,18홀,tr_219737392
솔모로,2026-09-19,13:28,190000,golfpang,,,18홀,tr_219737390
일레븐,2026-09-19,13:38,115000,golfpang,,,18홀,tr_220223066
일레븐,2026-09-19,13:38,115000,golfpang,,,18홀,tr_220233300
해솔리아,2026-09-19,13:19,170000,golfpang,,,18홀,tr_220349746
해솔리아,2026-09-19,13:19,170000,golfpang,,,18홀,tr_220349745
양평TPC,2026-09-19,12:33,160000,golfpang,,,18홀,tr_220299565
라싸,2026-09-19,12:39,219000,golfpang,,,18홀,tr_220340192
웰리힐리,2026-09-19,11:54,190000,golfpang,,,18홀,tr_220302514
이븐데일,2026-09-19,12:19,90000,golfpang,,,18홀,tr_220287643
이븐데일,2026-09-19,11:38,90000,golfpang,,,18홀,tr_220287646
대호단양,2026-09-19,07:31,179000,golfpang,,,18홀,tr_220365198
스톤비치,2026-09-19,06:28,130000,golfpang,,,18홀,tr_220365977
에스앤-퍼9,2026-09-19,06:21,60000,golfpang,,,18홀,tr_220364114
그린힐,2026-09-19,18:45,110000,golfpang,,,18홀,tr_219621901
그린힐,2026-09-19,18:45,110000,golfpang,,,18홀,tr_219870437
그린힐,2026-09-19,18:45,110000,golfpang,,,18홀,tr_219870436
리베라,2026-09-19,18:52,130000,golfpang,,,18홀,tr_220305203
리베라,2026-09-19,18:52,130000,golfpang,,,18홀,tr_220305201
클럽72,2026-09-19,19:21,150000,golfpang,,,18홀,tr_220317795
이천실크밸리,2026-09-19,18:24,110000,golfpang,,,18홀,tr_220206493
이천실크밸리,2026-09-19,18:24,110000,golfpang,,,18홀,tr_219929121
신안(병행),2026-09-19,18:24,100000,golfpang,,,18홀,tr_219667489
신안(병행),2026-09-19,18:24,100000,golfpang,,,18홀,tr_219667487
스타,2026-09-19,18:31,110000,golfpang,,,18홀,tr_219784928
젠스필드,2026-09-19,18:31,100000,golfpang,,,18홀,tr_219795793
스타,2026-09-19,18:31,110000,golfpang,,,18홀,tr_219784927
파주,2026-09-19,18:37,170000,golfpang,,,18홀,tr_220339625
모나크,2026-09-19,18:09,110000,golfpang,,,18홀,tr_220253101
모나크,2026-09-19,18:09,110000,golfpang,,,18홀,tr_219718139
세현,2026-09-19,18:09,170000,golfpang,,,18홀,tr_220322791
벨라스톤,2026-09-19,17:59,100000,golfpang,,,18홀,tr_220298340
빅토리아-퍼9,2026-09-19,17:59,-1,golfpang,,,18홀,tr_220320695
용인(비공개),2026-09-19,18:17,150000,golfpang,,,18홀,tr_220366610
용인(비공개),2026-09-19,06:11,230000,golfpang,,,18홀,tr_220366608
용인(비공개),2026-09-19,13:52,199000,golfpang,,,18홀,tr_220366609
양평TPC,2026-09-19,12:40,160000,golfpang,,,18홀,tr_220348279
캐슬렉스,2026-09-19,08:44,260000,golfpang,,,18홀,tr_220348198
윈체스트,2026-09-19,06:07,215000,golfpang,,,18홀,tr_219254160
윈체스트,2026-09-19,17:14,160000,golfpang,,,18홀,tr_219254167
안성(비공개),2026-09-19,12:06,230000,golfpang,,,18홀,tr_219254164
캐슬렉스,2026-09-19,13:45,260000,golfpang,,,18홀,tr_220348217
루트52,2026-09-19,08:28,290000,golfpang,,,18홀,tr_220348873
히든밸리,2026-09-19,06:49,200000,golfpang,,,18홀,tr_220366578
히든밸리,2026-09-19,14:08,160000,golfpang,,,18홀,tr_220366579
스프링베일-퍼9,2026-09-19,12:01,105000,golfpang,,,18홀,tr_220366577
해솔리아,2026-09-19,07:31,180000,golfpang,,,18홀,tr_220366562
해솔리아,2026-09-19,18:18,135000,golfpang,,,18홀,tr_220366564
해솔리아,2026-09-19,13:47,160000,golfpang,,,18홀,tr_220366563
모카cc,2026-09-19,13:56,130000,golfpang,,,18홀,tr_220366539
모카cc,2026-09-19,08:25,150000,golfpang,,,18홀,tr_220366538
진천(비공개),2026-09-19,13:26,180000,golfpang,,,18홀,tr_220348262
떼제베,2026-09-19,18:16,130000,golfpang,,,18홀,tr_220366517
떼제베,2026-09-19,18:37,130000,golfpang,,,18홀,tr_220366519
떼제베,2026-09-19,18:09,130000,golfpang,,,18홀,tr_220366518
골프존 천안,2026-09-19,11:55,167000,golfpang,,,18홀,tr_220366516
동촌,2026-09-19,06:48,170000,golfpang,,,18홀,tr_220349345
더크로스비,2026-09-19,13:58,197000,golfpang,,,18홀,tr_220349320
중원,2026-09-19,08:35,150000,golfpang,,,18홀,tr_220366495
중원,2026-09-19,12:58,130000,golfpang,,,18홀,tr_220366496
인천그랜드,2026-09-19,17:31,189000,golfpang,,,18홀,tr_220305455
모나크,2026-09-19,18:44,110000,golfpang,,,18홀,tr_220366482
모나크,2026-09-19,13:45,150000,golfpang,,,18홀,tr_220366481
모나크,2026-09-19,12:49,160000,golfpang,,,18홀,tr_220366480
인천그랜드,2026-09-19,17:31,189000,golfpang,,,18홀,tr_220305462
스톤비치,2026-09-19,16:36,80000,golfpang,,,18홀,tr_216744038
여주(비공개),2026-09-19,12:46,170000,golfpang,,,18홀,tr_220366477
여주(비공개),2026-09-19,12:53,170000,golfpang,,,18홀,tr_220366478
여주(비공개),2026-09-19,12:53,170000,golfpang,,,18홀,tr_220366479
진천(비공개),2026-09-19,07:17,180000,golfpang,,,18홀,tr_220348229
한림용인,2026-09-19,17:15,150000,golfpang,,,18홀,tr_220213300
기흥(비공개),2026-09-19,13:15,260000,golfpang,,,18홀,tr_219244347
용인플라자,2026-09-19,18:00,140000,golfpang,,,18홀,tr_219527116
용인플라자,2026-09-19,11:35,220000,golfpang,,,18홀,tr_217884138
용인플라자,2026-09-19,08:10,290000,golfpang,,,18홀,tr_220213275
한림용인,2026-09-19,13:15,180000,golfpang,,,18홀,tr_219813418
한림용인,2026-09-19,12:15,200000,golfpang,,,18홀,tr_220366436
한림용인,2026-09-19,17:31,150000,golfpang,,,18홀,tr_220366437
파크밸리,2026-09-19,12:39,149000,golfpang,,,18홀,tr_220366435
그랜드(청주),2026-09-19,17:46,120000,golfpang,,,18홀,tr_219784240
알프스대영,2026-09-19,17:57,69000,golfpang,,,18홀,tr_219334809
그랜드(청주),2026-09-19,12:37,160000,golfpang,,,18홀,tr_219784233
한림광릉,2026-09-19,17:31,150000,golfpang,,,18홀,tr_219784861
대영베이스,2026-09-19,13:39,139000,golfpang,,,18홀,tr_219335006
대영힐스,2026-09-19,13:23,130000,golfpang,,,18홀,tr_219335555
대영베이스,2026-09-19,17:57,99000,golfpang,,,18홀,tr_219335003
한림용인,2026-09-19,17:31,150000,golfpang,,,18홀,tr_219785071
스타,2026-09-19,18:45,110000,golfpang,,,18홀,tr_220209593
떼제베(동북),2026-09-19,18:09,110000,golfpang,,,18홀,tr_220209086
떼제베,2026-09-19,18:09,130000,golfpang,,,18홀,tr_219623777
세현,2026-09-19,18:09,170000,golfpang,,,18홀,tr_220325970
아세코밸리-퍼9,2026-09-19,18:13,110000,golfpang,,,18홀,tr_219995805
알프스대영,2026-09-19,17:57,69000,golfpang,,,18홀,tr_220205237
리베라,2026-09-19,17:35,140000,golfpang,,,18홀,tr_220321064
그린힐,2026-09-19,17:35,140000,golfpang,,,18홀,tr_220219359
벨라스톤,2026-09-19,17:45,100000,golfpang,,,18홀,tr_220298339
벨라스톤,2026-09-19,17:45,100000,golfpang,,,18홀,tr_220209629
대영베이스,2026-09-19,17:44,99000,golfpang,,,18홀,tr_220209549
파주타이거,2026-09-19,17:41,190000,golfpang,,,18홀,tr_220209469
클럽72,2026-09-19,17:50,150000,golfpang,,,18홀,tr_220208875
오로라,2026-09-19,17:50,100000,golfpang,,,18홀,tr_220209622
임페리얼레이크,2026-09-19,16:44,109000,golfpang,,,18홀,tr_220222163
대호단양,2026-09-19,16:27,119000,golfpang,,,18홀,tr_220209220
골프존 안성W,2026-09-19,17:07,130000,golfpang,,,18홀,tr_220204038
이븐데일,2026-09-19,16:57,89000,golfpang,,,18홀,tr_220209603
용인(비공개),2026-09-19,17:21,150000,golfpang,,,18홀,tr_220327030
파주,2026-09-19,17:13,180000,golfpang,,,18홀,tr_220209440
아난티중앙(야간),2026-09-19,17:35,140000,golfpang,,,18홀,tr_219374387
라싸,2026-09-19,17:32,149000,golfpang,,,18홀,tr_220209389
파주,2026-09-19,16:24,190000,golfpang,,,18홀,tr_220209439
남양주(퍼9),2026-09-19,16:00,149000,golfpang,,,18홀,tr_219002123
대영힐스,2026-09-19,16:56,105000,golfpang,,,18홀,tr_220204995
감곡,2026-09-19,18:41,110000,golfpang,,,18홀,tr_220314745
솔트베이,2026-09-19,18:57,189000,golfpang,,,18홀,tr_220085423
골프존 송도(구.오렌지듄스),2026-09-19,18:52,159000,golfpang,,,18홀,tr_220203914
킹즈락,2026-09-19,18:48,95000,golfpang,,,18홀,tr_220209614
세현,2026-09-19,19:02,170000,golfpang,,,18홀,tr_220325971
클럽72,2026-09-19,19:07,140000,golfpang,,,18홀,tr_220208876
베스트밸리-퍼9,2026-09-19,18:23,130000,golfpang,,,18홀,tr_220344200
파주,2026-09-19,18:30,170000,golfpang,,,18홀,tr_220336882
알프스대영,2026-09-19,18:25,65000,golfpang,,,18홀,tr_220205238
에덴블루,2026-09-19,18:35,129900,golfpang,,,18홀,tr_219073931
비콘힐스,2026-09-19,18:40,90000,golfpang,,,18홀,tr_220209404
로얄포레,2026-09-19,18:36,99000,golfpang,,,18홀,tr_219996326
임페리얼레이크,2026-09-19,06:04,119000,golfpang,,,18홀,tr_220022811
360도,2026-09-19,13:07,180000,golfpang,,,18홀,tr_220023303
이천실크밸리,2026-09-19,13:10,155000,golfpang,,,18홀,tr_220086294
이천실크밸리,2026-09-19,13:10,155000,golfpang,,,18홀,tr_220086293
양평TPC,2026-09-19,13:15,160000,golfpang,,,18홀,tr_220217686
양평TPC,2026-09-19,13:15,160000,golfpang,,,18홀,tr_220217685
떼제베(동북),2026-09-19,12:46,130000,golfpang,,,18홀,tr_220014240
힐데스하임,2026-09-19,12:34,160000,golfpang,,,18홀,tr_220015047
한림광릉,2026-09-19,11:52,210000,golfpang,,,18홀,tr_220035180
베스트밸리-퍼9,2026-09-19,12:14,170000,golfpang,,,18홀,tr_219569969
모나크,2026-09-19,12:14,160000,golfpang,,,18홀,tr_220220086
이글몬트,2026-09-19,11:40,190000,golfpang,,,18홀,tr_220216972
유니아일랜드,2026-09-19,11:29,200000,golfpang,,,18홀,tr_219933947
양지파인,2026-09-19,11:59,190000,golfpang,,,18홀,tr_220015433
이글몬트,2026-09-19,08:26,220000,golfpang,,,18홀,tr_220216971
360도,2026-09-19,07:07,220000,golfpang,,,18홀,tr_220023302
힐데스하임,2026-09-19,07:22,165000,golfpang,,,18홀,tr_220015046
떼제베(동북),2026-09-19,07:28,120000,golfpang,,,18홀,tr_220014239
대호단양,2026-09-19,07:45,179000,golfpang,,,18홀,tr_220107283
떼제베(동북),2026-09-19,06:53,110000,golfpang,,,18홀,tr_220014238
떼제베,2026-09-19,07:07,150000,golfpang,,,18홀,tr_220014201
떼제베,2026-09-19,07:00,150000,golfpang,,,18홀,tr_220014200
유니아일랜드,2026-09-19,07:11,200000,golfpang,,,18홀,tr_219933946
양지파인,2026-09-19,06:30,210000,golfpang,,,18홀,tr_220015432
베스트밸리-퍼9,2026-09-19,06:26,180000,golfpang,,,18홀,tr_219569970
세현,2026-09-19,18:02,180000,golfpang,,,18홀,tr_220100368
떼제베,2026-09-19,06:04,130000,golfpang,,,18홀,tr_220014199
옥스필드,2026-09-19,16:51,89000,golfpang,,,18홀,tr_220366432
골프존 화랑,2026-09-19,18:56,99000,golfpang,,,18홀,tr_220349318
아난티중앙(야간),2026-09-19,17:53,140000,golfpang,,,18홀,tr_220348218
한림용인,2026-09-19,18:06,150000,golfpang,,,18홀,tr_220366417
한림용인,2026-09-19,17:38,150000,golfpang,,,18홀,tr_220366416
한림용인,2026-09-19,18:55,145000,golfpang,,,18홀,tr_220366418
골프존 천안,2026-09-19,11:48,168000,golfpang,,,18홀,tr_220349291
여주,2026-09-19,13:53,240000,golfpang,,,18홀,tr_220204681
스카이밸리,2026-09-19,13:53,200000,golfpang,,,18홀,tr_220221000
스톤비치,2026-09-19,13:51,160000,golfpang,,,18홀,tr_220365976
신라,2026-09-19,13:56,180000,golfpang,,,18홀,tr_220204330
클럽72-오션,2026-09-19,13:56,290000,golfpang,,,18홀,tr_219995479
클럽모우,2026-09-19,13:55,180000,golfpang,,,18홀,tr_220337593
클럽모우,2026-09-19,13:55,150000,golfpang,,,18홀,tr_220324947
푸른솔포천,2026-09-19,13:55,230000,golfpang,,,18홀,tr_220209516
골프존 안성H,2026-09-19,13:31,185000,golfpang,,,18홀,tr_220324813
골프존 진천,2026-09-19,13:35,149000,golfpang,,,18홀,tr_220209540
클럽모우,2026-09-19,13:34,150000,golfpang,,,18홀,tr_220324946
해솔리아,2026-09-19,13:40,160000,golfpang,,,18홀,tr_220324716
감곡,2026-09-19,13:42,150000,golfpang,,,18홀,tr_220314744
벨라스톤,2026-09-19,13:42,169000,golfpang,,,18홀,tr_220209628
오로라,2026-09-19,13:42,140000,golfpang,,,18홀,tr_220209621
포천힐스,2026-09-19,13:20,230000,golfpang,,,18홀,tr_220209327
센테리움,2026-09-19,13:25,139000,golfpang,,,18홀,tr_220348862
베뉴지,2026-09-19,13:23,179000,golfpang,,,18홀,tr_220204417
클럽72-오션,2026-09-19,12:53,300000,golfpang,,,18홀,tr_219995478
양평TPC,2026-09-19,12:54,160000,golfpang,,,18홀,tr_220303972
중원,2026-09-19,12:58,150000,golfpang,,,18홀,tr_220201938
스타,2026-09-19,13:02,180000,golfpang,,,18홀,tr_220209592
해솔리아,2026-09-19,12:30,170000,golfpang,,,18홀,tr_220324715
오로라,2026-09-19,12:39,140000,golfpang,,,18홀,tr_220209620
라싸,2026-09-19,12:39,189000,golfpang,,,18홀,tr_220209388
힐데스하임,2026-09-19,12:34,150000,golfpang,,,18홀,tr_220205213
이븐데일,2026-09-19,12:05,115000,golfpang,,,18홀,tr_220209602
360도,2026-09-19,12:15,180000,golfpang,,,18홀,tr_220336729
유니아일랜드,2026-09-19,11:22,200000,golfpang,,,18홀,tr_218837954
남양주(퍼9),2026-09-19,11:14,159000,golfpang,,,18홀,tr_219002122
로얄포레,2026-09-19,11:10,149000,golfpang,,,18홀,tr_219996325
양지파인,2026-09-19,11:36,170000,golfpang,,,18홀,tr_220204617
임페리얼레이크,2026-09-19,11:31,129000,golfpang,,,18홀,tr_220222162
대호단양,2026-09-19,11:52,179000,golfpang,,,18홀,tr_220209219
힐데스하임,2026-09-19,12:04,155000,golfpang,,,18홀,tr_220205212
클럽72,2026-09-19,14:03,280000,golfpang,,,18홀,tr_220320956
골프존 화랑,2026-09-19,14:02,131000,golfpang,,,18홀,tr_220209544
포천힐스,2026-09-19,14:02,240000,golfpang,,,18홀,tr_220340563
마이다스레이크 이천,2026-09-19,14:01,180000,golfpang,,,18홀,tr_220241210
속리산cc,2026-09-19,14:00,130000,golfpang,,,18홀,tr_219031137
유니아일랜드,2026-09-19,15:17,150000,golfpang,,,18홀,tr_218837955
이글몬트,2026-09-19,06:41,195000,golfpang,,,18홀,tr_219999764
대영힐스,2026-09-19,05:39,110000,golfpang,,,18홀,tr_220204993
클럽D 보은,2026-09-19,06:34,140000,golfpang,,,18홀,tr_220362532
클럽72,2026-09-19,08:27,270000,golfpang,,,18홀,tr_220208874
모카cc,2026-09-19,08:25,130000,golfpang,,,18홀,tr_220209562
라싸,2026-09-19,08:19,269000,golfpang,,,18홀,tr_220342983
남춘천,2026-09-19,08:19,239000,golfpang,,,18홀,tr_220209377
양지파인,2026-09-19,08:37,199000,golfpang,,,18홀,tr_220204616
중원,2026-09-19,08:35,170000,golfpang,,,18홀,tr_220201937
해솔리아,2026-09-19,07:24,180000,golfpang,,,18홀,tr_220324714
힐데스하임,2026-09-19,07:22,160000,golfpang,,,18홀,tr_220205211
이븐데일,2026-09-19,07:20,115000,golfpang,,,18홀,tr_220209601
떼제베(동북),2026-09-19,07:42,130000,golfpang,,,18홀,tr_219624092
남양주(퍼9),2026-09-19,07:40,169000,golfpang,,,18홀,tr_219002121
스카이밸리,2026-09-19,06:48,220000,golfpang,,,18홀,tr_219999684
임페리얼레이크,2026-09-19,06:46,129000,golfpang,,,18홀,tr_220222161
로얄포레,2026-09-19,06:46,129000,golfpang,,,18홀,tr_219996324
킹즈락,2026-09-19,06:45,140000,golfpang,,,18홀,tr_220209613
유니아일랜드,2026-09-19,06:57,190000,golfpang,,,18홀,tr_218837953
푸른솔포천,2026-09-19,07:10,260000,golfpang,,,18홀,tr_220209515
360도,2026-09-19,06:30,180000,golfpang,,,18홀,tr_220336728
대호단양,2026-09-19,06:28,149000,golfpang,,,18홀,tr_220209218
킹즈락,2026-09-19,06:24,130000,golfpang,,,18홀,tr_220209612
스타,2026-09-19,06:23,180000,golfpang,,,18홀,tr_220209591
벨라스톤,2026-09-19,06:35,159000,golfpang,,,18홀,tr_220209627
리베라,2026-09-19,17:43,140000,golfpang,,,18홀,tr_220307153
옥스필드,2026-09-19,12:06,109000,golfpang,,,18홀,tr_220366414
리베라,2026-09-19,17:43,140000,golfpang,,,18홀,tr_220307182
스톤비치,2026-09-19,12:20,110000,golfpang,,,18홀,tr_220348199
한림광릉,2026-09-19,18:06,140000,golfpang,,,18홀,tr_220366336
한림광릉,2026-09-19,17:52,140000,golfpang,,,18홀,tr_220366335
한림광릉,2026-09-19,18:48,140000,golfpang,,,18홀,tr_220366337
떼제베(동북),2026-09-19,07:49,120000,golfpang,,,18홀,tr_220366310
떼제베(동북),2026-09-19,18:30,110000,golfpang,,,18홀,tr_220366312
떼제베(동북),2026-09-19,18:09,110000,golfpang,,,18홀,tr_220366311
한림용인,2026-09-19,12:57,190000,golfpang,,,18홀,tr_220366295
한림용인,2026-09-19,13:32,180000,golfpang,,,18홀,tr_220366297
한림용인,2026-09-19,13:25,180000,golfpang,,,18홀,tr_220366296
골프존 진천,2026-09-19,08:48,184000,golfpang,,,18홀,tr_219338361
골프존 진천,2026-09-19,06:56,159000,golfpang,,,18홀,tr_219338301
마이다스레이크 이천,2026-09-19,14:24,180000,golfpang,,,18홀,tr_220241916
로얄포레,2026-09-19,12:48,139000,golfpang,,,18홀,tr_220097511
골프존 안성W,2026-09-19,18:59,130000,golfpang,,,18홀,tr_219670660
더플레이어스,2026-09-19,13:26,160000,golfpang,,,18홀,tr_219320694
코리아-퍼9,2026-09-19,11:53,130000,golfpang,,,18홀,tr_219552862
로얄포레,2026-09-19,07:14,139000,golfpang,,,18홀,tr_220097510
로얄포레,2026-09-19,13:23,139000,golfpang,,,18홀,tr_220097512
프린세스,2026-09-19,08:12,150000,golfpang,,,18홀,tr_220328450
골프존 진천,2026-09-19,14:17,141000,golfpang,,,18홀,tr_220349289
용인(비공개),2026-09-19,12:36,270000,golfpang,,,18홀,tr_220349264
이글몬트,2026-09-19,06:41,195000,golfpang,,,18홀,tr_220366276
이글몬트,2026-09-19,06:34,195000,golfpang,,,18홀,tr_220366275
알프스대영,2026-09-19,17:57,69000,golfpang,,,18홀,tr_220366274
라싸,2026-09-19,11:57,189000,golfpang,,,18홀,tr_220150299
가평프리스틴밸리,2026-09-19,13:17,220000,golfpang,,,18홀,tr_220013809
스톤비치,2026-09-19,07:59,140000,golfpang,,,18홀,tr_220348197
더플레이어스,2026-09-19,12:44,160000,golfpang,,,18홀,tr_219694136
로얄링스,2026-09-19,13:02,120000,golfpang,,,18홀,tr_219571631
동촌,2026-09-19,06:48,190000,golfpang,,,18홀,tr_219914867
동촌,2026-09-19,07:30,205000,golfpang,,,18홀,tr_219914868
라싸,2026-09-19,08:26,239000,golfpang,,,18홀,tr_219996366
알펜시아700,2026-09-19,17:30,80000,golfpang,,,18홀,tr_220366255
골프존 진천,2026-09-19,14:03,141000,golfpang,,,18홀,tr_220366230
골프존 진천,2026-09-19,12:46,151000,golfpang,,,18홀,tr_220366229
골프존 진천,2026-09-19,06:42,169000,golfpang,,,18홀,tr_220366228
알프스대영,2026-09-19,17:36,69000,golfpang,,,18홀,tr_219426292
알프스대영,2026-09-19,11:35,109000,golfpang,,,18홀,tr_219426136
센추리21(퍼),2026-09-19,13:07,120000,golfpang,,,18홀,tr_218377145
더플레이어스,2026-09-19,12:09,160000,golfpang,,,18홀,tr_219470634
이천실크밸리,2026-09-19,13:52,155000,golfpang,,,18홀,tr_220366199
이천실크밸리,2026-09-19,13:52,155000,golfpang,,,18홀,tr_220366200
이천실크밸리,2026-09-19,18:24,110000,golfpang,,,18홀,tr_220366201
세레니티cc,2026-09-19,19:16,140000,golfpang,,,18홀,tr_220364808
킹즈락,2026-09-19,19:16,90000,golfpang,,,18홀,tr_220364464
골프존 안성W,2026-09-19,13:45,170000,golfpang,,,18홀,tr_220204037
용인(비공개),2026-09-19,13:45,219000,golfpang,,,18홀,tr_220327029
양평TPC,2026-09-19,13:50,150000,golfpang,,,18홀,tr_220303973
파주,2026-09-19,13:09,230000,golfpang,,,18홀,tr_220324040
베뉴지,2026-09-19,13:58,169000,golfpang,,,18홀,tr_220204418
스톤비치,2026-09-19,13:58,160000,golfpang,,,18홀,tr_220365978
스톤비치,2026-09-19,14:05,160000,golfpang,,,18홀,tr_220365979
세레니티cc,2026-09-19,14:37,220000,golfpang,,,18홀,tr_220364811
스톤비치,2026-09-19,13:44,160000,golfpang,,,18홀,tr_220365415
스톤비치,2026-09-19,13:51,160000,golfpang,,,18홀,tr_220365416
스톤비치,2026-09-19,13:23,160000,golfpang,,,18홀,tr_220365414
이븐데일,2026-09-19,11:59,100000,golfpang,,,18홀,tr_220364612
대호단양,2026-09-19,07:38,179000,golfpang,,,18홀,tr_220366130
이븐데일,2026-09-19,07:00,105000,golfpang,,,18홀,tr_220364611
스톤비치,2026-09-19,06:28,130000,golfpang,,,18홀,tr_220365975
세레니티cc,2026-09-19,18:41,130000,golfpang,,,18홀,tr_220364810
세레니티cc,2026-09-19,18:55,130000,golfpang,,,18홀,tr_220365139
이븐데일,2026-09-19,19:03,80000,golfpang,,,18홀,tr_220364610
세레니티cc,2026-09-19,19:02,130000,golfpang,,,18홀,tr_220364813
킹즈락,2026-09-19,19:23,90000,golfpang,,,18홀,tr_220364465
세레니티cc,2026-09-19,19:30,130000,golfpang,,,18홀,tr_220365138
세레니티cc,2026-09-19,18:27,130000,golfpang,,,18홀,tr_220364809
일레븐,2026-09-19,18:26,105000,golfpang,,,18홀,tr_220364532
세레니티cc,2026-09-19,18:34,150000,golfpang,,,18홀,tr_220364807
일레븐,2026-09-19,18:40,105000,golfpang,,,18홀,tr_220364369
이븐데일,2026-09-19,18:36,85000,golfpang,,,18홀,tr_220364613
일레븐,2026-09-19,18:47,105000,golfpang,,,18홀,tr_220364370
스톤비치,2026-09-19,18:12,130000,golfpang,,,18홀,tr_220365980
세레니티cc,2026-09-19,18:20,140000,golfpang,,,18홀,tr_220364806
세레니티cc,2026-09-19,18:20,130000,golfpang,,,18홀,tr_220364812
스톤비치,2026-09-19,18:19,130000,golfpang,,,18홀,tr_220365981
스톤비치,2026-09-19,18:05,130000,golfpang,,,18홀,tr_220365417
세레니티cc,2026-09-19,18:06,140000,golfpang,,,18홀,tr_220364805
솔라고,2026-09-19,14:24,140000,golfpang,,,18홀,tr_220365644
이븐데일,2026-09-19,17:05,90000,golfpang,,,18홀,tr_220363313
클럽D 보은,2026-09-19,12:41,160000,golfpang,,,18홀,tr_220362793
이븐데일,2026-09-19,12:48,95000,golfpang,,,18홀,tr_220363312
에스앤-퍼9,2026-09-19,12:45,100000,golfpang,,,18홀,tr_220363633
킹즈락,2026-09-19,19:23,90000,golfpang,,,18홀,tr_220363359
이븐데일,2026-09-19,06:32,95000,golfpang,,,18홀,tr_220363310
킹즈락,2026-09-19,06:17,130000,golfpang,,,18홀,tr_220363356
에스앤-퍼9,2026-09-19,06:35,60000,golfpang,,,18홀,tr_220363602
킹즈락,2026-09-19,06:38,140000,golfpang,,,18홀,tr_220363357
이븐데일,2026-09-19,17:33,90000,golfpang,,,18홀,tr_220363314
에스앤-퍼9,2026-09-19,18:13,60000,golfpang,,,18홀,tr_220363635
에스앤-퍼9,2026-09-19,07:03,80000,golfpang,,,18홀,tr_220363603
클럽D 보은,2026-09-19,07:09,150000,golfpang,,,18홀,tr_220362528
에스앤-퍼9,2026-09-19,07:10,80000,golfpang,,,18홀,tr_220363604
에스앤-퍼9,2026-09-19,07:24,80000,golfpang,,,18홀,tr_220363605
킹스데일,2026-09-19,07:26,220000,golfpang,,,18홀,tr_220363014
이븐데일,2026-09-19,07:28,115000,golfpang,,,18홀,tr_220363311
클럽D 보은,2026-09-19,07:37,150000,golfpang,,,18홀,tr_220362527
몽베르(대중제),2026-09-19,18:17,140000,golfpang,,,18홀,tr_220032156
클럽D 보은,2026-09-19,07:16,150000,golfpang,,,18홀,tr_220362531
이븐데일,2026-09-19,08:02,119000,golfpang,,,18홀,tr_220363309
에스앤-퍼9,2026-09-19,08:06,80000,golfpang,,,18홀,tr_220364115
에스앤-퍼9,2026-09-19,08:13,80000,golfpang,,,18홀,tr_220363606
클럽D 보은,2026-09-19,08:47,160000,golfpang,,,18홀,tr_220362530
클럽D 보은,2026-09-19,12:20,160000,golfpang,,,18홀,tr_220362526
에스앤-퍼9,2026-09-19,18:27,60000,golfpang,,,18홀,tr_220363636
에스앤-퍼9,2026-09-19,18:06,60000,golfpang,,,18홀,tr_220363634
킹즈락,2026-09-19,18:55,95000,golfpang,,,18홀,tr_220363358
클럽D 보은,2026-09-19,06:20,140000,golfpang,,,18홀,tr_220362529
이븐데일,2026-09-19,18:57,80000,golfpang,,,18홀,tr_220363315
용인(비공개),2026-09-19,06:11,230000,golfpang,,,18홀,tr_220239191
대영힐스,2026-09-19,17:03,105000,golfpang,,,18홀,tr_220305346
대영힐스,2026-09-19,18:06,89000,golfpang,,,18홀,tr_220305347
대영힐스,2026-09-19,05:39,109000,golfpang,,,18홀,tr_220305345
벨라스톤,2026-09-19,17:45,100000,golfpang,,,18홀,tr_220362362
골프클럽Q,2026-09-19,13:21,160000,golfpang,,,18홀,tr_220362357
스카이밸리,2026-09-19,13:11,200000,golfpang,,,18홀,tr_220348195
대영베이스,2026-09-19,17:44,99000,golfpang,,,18홀,tr_220297119
대영베이스,2026-09-19,13:12,149000,golfpang,,,18홀,tr_220297118
대영베이스,2026-09-19,12:19,155000,golfpang,,,18홀,tr_220297117
스프링베일-퍼9,2026-09-19,12:15,100000,golfpang,,,18홀,tr_220221489
남양주(퍼9),2026-09-19,15:53,129000,golfpang,,,18홀,tr_218132594
유니아일랜드,2026-09-19,06:43,190000,golfpang,,,18홀,tr_220362329
유니아일랜드,2026-09-19,15:14,150000,golfpang,,,18홀,tr_220362331
유니아일랜드,2026-09-19,12:11,190000,golfpang,,,18홀,tr_220362330
동서울cc-퍼9,2026-09-19,17:49,65000,golfpang,,,18홀,tr_220362261
한림광릉,2026-09-19,17:59,140000,golfpang,,,18홀,tr_220362263
한림광릉,2026-09-19,17:52,140000,golfpang,,,18홀,tr_220362262
한림광릉,2026-09-19,18:06,140000,golfpang,,,18홀,tr_220362264
스카이밸리,2026-09-19,06:41,200000,golfpang,,,18홀,tr_220348167
한림용인,2026-09-19,11:41,210000,golfpang,,,18홀,tr_220362260
글렌로스-퍼9,2026-09-19,08:15,290000,golfpang,,,18홀,tr_220362253
한림광릉,2026-09-19,18:13,150000,golfpang,,,18홀,tr_220362226
한림광릉,2026-09-19,18:34,150000,golfpang,,,18홀,tr_220362227
한림광릉,2026-09-19,17:52,150000,golfpang,,,18홀,tr_220362225
용인플라자,2026-09-19,17:50,140000,golfpang,,,18홀,tr_220217445
용인플라자,2026-09-19,11:30,220000,golfpang,,,18홀,tr_217843777
기흥(비공개),2026-09-19,13:10,260000,golfpang,,,18홀,tr_218989818
비콘힐스,2026-09-19,18:26,90000,golfpang,,,18홀,tr_220362193
비콘힐스,2026-09-19,19:08,90000,golfpang,,,18홀,tr_220362194
임페리얼레이크,2026-09-19,11:59,139000,golfpang,,,18홀,tr_220362165
임페리얼레이크,2026-09-19,11:17,139000,golfpang,,,18홀,tr_220362166
임페리얼레이크,2026-09-19,16:44,119000,golfpang,,,18홀,tr_220362167
더플레이어스,2026-09-19,12:20,160000,golfpang,,,18홀,tr_220057877
클럽모우,2026-09-19,12:45,160000,golfpang,,,18홀,tr_220057904
블랙스톤벨포레,2026-09-19,13:20,100000,golfpang,,,18홀,tr_219870808
클럽72,2026-09-19,18:30,140000,golfpang,,,18홀,tr_219870843
프린세스,2026-09-19,08:30,150000,golfpang,,,18홀,tr_220304530
골든베이,2026-09-19,07:00,150000,golfpang,,,18홀,tr_218959802
한림광릉,2026-09-19,17:51,140000,golfpang,,,18홀,tr_220362159
세현,2026-09-19,13:37,230000,golfpang,,,18홀,tr_220362120
세현,2026-09-19,18:09,170000,golfpang,,,18홀,tr_220362121
세현,2026-09-19,18:44,160000,golfpang,,,18홀,tr_220362122
블랙스톤벨포레,2026-09-19,13:20,110000,golfpang,,,18홀,tr_220348124
킹즈락,2026-09-19,06:45,140000,golfpang,,,18홀,tr_220328449
골프존 화랑,2026-09-19,08:06,175000,golfpang,,,18홀,tr_220204723
한림광릉,2026-09-19,17:51,140000,golfpang,,,18홀,tr_220362115
세현,2026-09-19,18:44,160000,golfpang,,,18홀,tr_220362099
세현,2026-09-19,13:37,230000,golfpang,,,18홀,tr_220362097
세현,2026-09-19,18:09,170000,golfpang,,,18홀,tr_220362098
한림용인,2026-09-19,17:31,150000,golfpang,,,18홀,tr_220362081
한림용인,2026-09-19,11:40,210000,golfpang,,,18홀,tr_220362080
한림용인,2026-09-19,18:55,145000,golfpang,,,18홀,tr_220362082
한림용인,2026-09-19,06:52,220000,golfpang,,,18홀,tr_220362069
한림용인,2026-09-19,06:24,215000,golfpang,,,18홀,tr_220362068
골프존 진천,2026-09-19,13:52,141000,golfpang,,,18홀,tr_219331570
골프존 진천,2026-09-19,12:16,151000,golfpang,,,18홀,tr_220306388
스타,2026-09-19,18:10,110000,golfpang,,,18홀,tr_219489531
베뉴지,2026-09-19,13:51,160000,golfpang,,,18홀,tr_220348122
스톤비치,2026-09-19,16:34,90000,golfpang,,,18홀,tr_216420614
스프링베일-퍼9,2026-09-19,12:45,100000,golfpang,,,18홀,tr_218853148
골프존 화랑,2026-09-19,06:27,165000,golfpang,,,18홀,tr_220346147
이포,2026-09-19,18:41,140000,golfpang,,,18홀,tr_220217982
이븐데일,2026-09-19,11:40,90000,golfpang,,,18홀,tr_220362063
이포,2026-09-19,12:54,200000,golfpang,,,18홀,tr_220241896
포웰(안성)cc,2026-09-19,12:54,162000,golfpang,,,18홀,tr_220241962
로얄링스,2026-09-19,13:02,120000,golfpang,,,18홀,tr_220241998
더플레이어스,2026-09-19,12:44,160000,golfpang,,,18홀,tr_220241754
신라,2026-09-19,12:22,200000,golfpang,,,18홀,tr_220241587
스톤비치,2026-09-19,12:20,140000,golfpang,,,18홀,tr_220241498
라싸,2026-09-19,12:32,189000,golfpang,,,18홀,tr_220241694
골프존 천안,2026-09-19,12:23,173000,golfpang,,,18홀,tr_220241667
로얄링스,2026-09-19,07:45,120000,golfpang,,,18홀,tr_220241328
더플레이어스,2026-09-19,07:16,190000,golfpang,,,18홀,tr_220241272
중원,2026-09-19,07:11,160000,golfpang,,,18홀,tr_220241211
스톤비치,2026-09-19,07:59,140000,golfpang,,,18홀,tr_220241467
백제,2026-09-19,07:50,150000,golfpang,,,18홀,tr_220241419
라싸,2026-09-19,06:41,209000,golfpang,,,18홀,tr_220241134
동촌,2026-09-19,06:48,170000,golfpang,,,18홀,tr_220241152
신라,2026-09-19,06:17,200000,golfpang,,,18홀,tr_220241027
중원,2026-09-19,12:58,150000,golfpang,,,18홀,tr_220241988
세레니티-강촌,2026-09-19,12:49,210000,golfpang,,,18홀,tr_220241841
양평TPC,2026-09-19,13:29,160000,golfpang,,,18홀,tr_220242212
블랙스톤벨포레,2026-09-19,13:20,110000,golfpang,,,18홀,tr_220242153
양평TPC,2026-09-19,13:15,160000,golfpang,,,18홀,tr_220242029
가평프리스틴밸리,2026-09-19,13:17,240000,golfpang,,,18홀,tr_220242051
베뉴지,2026-09-19,13:30,160000,golfpang,,,18홀,tr_220242269
스카이밸리,2026-09-19,13:32,200000,golfpang,,,18홀,tr_220242315
백제,2026-09-19,13:54,140000,golfpang,,,18홀,tr_220242389
골프존 진천,2026-09-19,13:49,149000,golfpang,,,18홀,tr_220242324
베뉴지,2026-09-19,13:51,160000,golfpang,,,18홀,tr_220242331
더크로스비,2026-09-19,13:51,207000,golfpang,,,18홀,tr_220242355
마이다스레이크 이천,2026-09-19,14:03,190000,golfpang,,,18홀,tr_220242415
한림용인,2026-09-19,17:38,158000,golfpang,,,18홀,tr_220242444
필로스,2026-09-19,18:00,140000,golfpang,,,18홀,tr_220242567
아난티중앙(야간),2026-09-19,17:53,140000,golfpang,,,18홀,tr_220242507
세레니티-강촌,2026-09-19,17:46,140000,golfpang,,,18홀,tr_220242483
블랙스톤벨포레,2026-09-19,18:12,70000,golfpang,,,18홀,tr_220242645
이포,2026-09-19,18:13,155000,golfpang,,,18홀,tr_220242666
골프존 진천,2026-09-19,06:21,169000,golfpang,,,18홀,tr_220241058
골프존 화랑,2026-09-19,06:34,175000,golfpang,,,18홀,tr_220241082
중원,2026-09-19,12:40,130000,golfpang,,,18홀,tr_219159071
임페리얼레이크,2026-09-19,16:44,119000,golfpang,,,18홀,tr_220362023
임페리얼레이크,2026-09-19,11:59,139000,golfpang,,,18홀,tr_220362024
스톤비치,2026-09-19,08:00,140000,golfpang,,,18홀,tr_216223812
임페리얼레이크,2026-09-19,18:01,99000,golfpang,,,18홀,tr_220362025
스톤비치,2026-09-19,11:30,140000,golfpang,,,18홀,tr_216223815
골든베이,2026-09-19,13:30,150000,golfpang,,,18홀,tr_219564031
대영힐스,2026-09-19,18:06,89000,golfpang,,,18홀,tr_220362005
대영힐스,2026-09-19,18:06,89000,golfpang,,,18홀,tr_220362007
대영힐스,2026-09-19,17:52,89000,golfpang,,,18홀,tr_220362006
한림용인,2026-09-19,17:17,150000,golfpang,,,18홀,tr_220361992
한림용인,2026-09-19,12:01,200000,golfpang,,,18홀,tr_220361991
베뉴지,2026-09-19,13:30,160000,golfpang,,,18홀,tr_220348052
이포,2026-09-19,12:54,200000,golfpang,,,18홀,tr_220217923
동촌,2026-09-19,06:48,170000,golfpang,,,18홀,tr_220299693
동촌,2026-09-19,06:48,170000,golfpang,,,18홀,tr_220299692
크리스밸리,2026-09-19,12:51,190000,golfpang,,,18홀,tr_220361990
블랙스톤벨포레,2026-09-19,07:18,110000,golfpang,,,18홀,tr_220327660
한림광릉,2026-09-19,18:06,140000,golfpang,,,18홀,tr_220361952
한림광릉,2026-09-19,18:31,140000,golfpang,,,18홀,tr_220361953
한림광릉,2026-09-19,17:52,140000,golfpang,,,18홀,tr_220361951
골프존 화랑,2026-09-19,13:46,131000,golfpang,,,18홀,tr_220204720
남양주(퍼9),2026-09-19,16:40,129000,golfpang,,,18홀,tr_220361948
일레븐,2026-09-19,17:56,75000,golfpang,,,18홀,tr_219748460
크리스밸리,2026-09-19,12:51,190000,golfpang,,,18홀,tr_220361919
감곡,2026-09-19,13:41,150000,golfpang,,,18홀,tr_220361916
백제,2026-09-19,13:54,140000,golfpang,,,18홀,tr_220347966
남양주(퍼9),2026-09-19,08:00,169000,golfpang,,,18홀,tr_220361913
골프존 진천,2026-09-19,12:14,151000,golfpang,,,18홀,tr_220204789
남양주(퍼9),2026-09-19,17:00,119000,golfpang,,,18홀,tr_220361910
신라,2026-09-19,07:20,240000,golfpang,,,18홀,tr_219996369
골프존 진천,2026-09-19,13:00,149000,golfpang,,,18홀,tr_219996484
이포,2026-09-19,18:13,130000,golfpang,,,18홀,tr_220152637
스프링베일-퍼9,2026-09-19,12:29,100000,golfpang,,,18홀,tr_220361907
스톤비치,2026-09-19,08:13,150000,golfpang,,,18홀,tr_219996368
일레븐,2026-09-19,18:33,75000,golfpang,,,18홀,tr_219821709
진천(비공개),2026-09-19,07:10,180000,golfpang,,,18홀,tr_220152600
남춘천,2026-09-19,13:42,170000,golfpang,,,18홀,tr_220361884
이포,2026-09-19,12:54,190000,golfpang,,,18홀,tr_220151776
골프존 진천,2026-09-19,06:49,159000,golfpang,,,18홀,tr_217827176
골프존 진천,2026-09-19,13:00,149000,golfpang,,,18홀,tr_217827208
골프존 진천,2026-09-19,07:59,169000,golfpang,,,18홀,tr_219338398
마이다스레이크 이천,2026-09-19,14:17,180000,golfpang,,,18홀,tr_220347900
필로스,2026-09-19,18:13,140000,golfpang,,,18홀,tr_220100012
파주,2026-09-19,18:02,170000,golfpang,,,18홀,tr_220085766
한림광릉,2026-09-19,17:31,150000,golfpang,,,18홀,tr_220328456
파주,2026-09-19,16:24,190000,golfpang,,,18홀,tr_220085764
한림광릉,2026-09-19,17:24,150000,golfpang,,,18홀,tr_220328455
해솔리아,2026-09-19,18:11,135000,golfpang,,,18홀,tr_220326656
필로스,2026-09-19,18:27,140000,golfpang,,,18홀,tr_220100013
파인밸리,2026-09-19,06:24,125000,golfpang,,,18홀,tr_219571624
해솔리아,2026-09-19,06:14,170000,golfpang,,,18홀,tr_220326654
해솔리아,2026-09-19,07:10,180000,golfpang,,,18홀,tr_220326655
클럽D 거창,2026-09-19,06:55,80000,golfpang,,,18홀,tr_220328002
프린세스,2026-09-19,06:55,185000,golfpang,,,18홀,tr_219440002
킹스데일,2026-09-19,07:26,210000,golfpang,,,18홀,tr_220324777
프린세스,2026-09-19,08:26,190000,golfpang,,,18홀,tr_219440003
프린세스,2026-09-19,12:04,180000,golfpang,,,18홀,tr_219440004
포천힐스,2026-09-19,12:01,230000,golfpang,,,18홀,tr_220056895
포웰(안성)cc,2026-09-19,12:33,172000,golfpang,,,18홀,tr_220349732
안성베네스트(챌),2026-09-19,06:58,199000,golfpang,,,18홀,tr_220361867
양지파인,2026-09-19,08:37,190000,golfpang,,,18홀,tr_220314999
중원,2026-09-19,08:35,150000,golfpang,,,18홀,tr_220346774
에스앤-퍼9,2026-09-19,11:14,100000,golfpang,,,18홀,tr_219810743
유니아일랜드,2026-09-19,10:40,200000,golfpang,,,18홀,tr_219936488
양지파인,2026-09-19,11:51,170000,golfpang,,,18홀,tr_220315000
이븐데일,2026-09-19,11:59,90000,golfpang,,,18홀,tr_220347359
임페리얼레이크,2026-09-19,12:13,139000,golfpang,,,18홀,tr_220070966
오로라,2026-09-19,12:39,140000,golfpang,,,18홀,tr_220307434
여주(비공개),2026-09-19,12:46,170000,golfpang,,,18홀,tr_220346829
여주(비공개),2026-09-19,12:53,170000,golfpang,,,18홀,tr_220346830
양평TPC,2026-09-19,12:54,160000,golfpang,,,18홀,tr_220336289
옥스필드,2026-09-19,13:09,99000,golfpang,,,18홀,tr_220075544
오로라,2026-09-19,13:42,140000,golfpang,,,18홀,tr_220307435
캐슬렉스,2026-09-19,13:46,250000,golfpang,,,18홀,tr_220349751
양평TPC,2026-09-19,13:50,150000,golfpang,,,18홀,tr_220336290
용인(비공개),2026-09-19,14:06,199000,golfpang,,,18홀,tr_220349293
유니아일랜드,2026-09-19,16:52,130000,golfpang,,,18홀,tr_219936544
알프스대영,2026-09-19,16:47,99000,golfpang,,,18홀,tr_220348740
올데이,2026-09-19,16:30,89000,golfpang,,,18홀,tr_220075194
올데이,2026-09-19,17:05,79000,golfpang,,,18홀,tr_220075195
용인플라자,2026-09-19,17:24,160000,golfpang,,,18홀,tr_219771947
에스앤-퍼9,2026-09-19,17:45,60000,golfpang,,,18홀,tr_219810744
클럽72,2026-09-19,17:43,150000,golfpang,,,18홀,tr_219813359
중원,2026-09-19,08:21,150000,golfpang,,,18홀,tr_220346775
알프스대영,2026-09-19,17:57,69000,golfpang,,,18홀,tr_220348741
일레븐,2026-09-19,18:05,75000,golfpang,,,18홀,tr_220346278
용인플라자,2026-09-19,18:05,160000,golfpang,,,18홀,tr_219771948
옥스필드,2026-09-19,18:15,69000,golfpang,,,18홀,tr_220075545
용인(비공개),2026-09-19,18:17,160000,golfpang,,,18홀,tr_220349294
일레븐,2026-09-19,18:33,75000,golfpang,,,18홀,tr_220346279
이븐데일,2026-09-19,18:28,80000,golfpang,,,18홀,tr_220347360
알프스대영,2026-09-19,18:39,59000,golfpang,,,18홀,tr_220348742
임페리얼레이크,2026-09-19,18:36,99000,golfpang,,,18홀,tr_220070967
클럽72,2026-09-19,18:46,140000,golfpang,,,18홀,tr_219813360
캐슬렉스,2026-09-19,06:04,250000,golfpang,,,18홀,tr_220349750
용인(비공개),2026-09-19,06:11,230000,golfpang,,,18홀,tr_220349292
임페리얼레이크,2026-09-19,06:04,119000,golfpang,,,18홀,tr_220070965
이글몬트,2026-09-19,06:27,195000,golfpang,,,18홀,tr_220328388
옥스필드,2026-09-19,06:25,99000,golfpang,,,18홀,tr_220075543
일레븐,2026-09-19,06:23,130000,golfpang,,,18홀,tr_220346277
올데이,2026-09-19,06:32,99000,golfpang,,,18홀,tr_220075193
이글몬트,2026-09-19,06:41,195000,golfpang,,,18홀,tr_220328389
이븐데일,2026-09-19,06:38,95000,golfpang,,,18홀,tr_220347358
클럽72,2026-09-19,06:35,240000,golfpang,,,18홀,tr_219813358
유니아일랜드,2026-09-19,06:43,190000,golfpang,,,18홀,tr_219936484
오로라,2026-09-19,17:42,100000,golfpang,,,18홀,tr_220307436
에스앤-퍼9,2026-09-19,06:56,60000,golfpang,,,18홀,tr_219810742
골프존 화랑,2026-09-19,12:30,141000,golfpang,,,18홀,tr_220204717
일레븐,2026-09-19,18:19,75000,golfpang,,,18홀,tr_219822091
스카이밸리,2026-09-19,13:53,190000,golfpang,,,18홀,tr_220324758
골프존 송도(구.오렌지듄스),2026-09-19,13:57,179000,golfpang,,,18홀,tr_220361854
모카cc,2026-09-19,13:56,130000,golfpang,,,18홀,tr_220056467
신라,2026-09-19,14:14,180000,golfpang,,,18홀,tr_220347828
신라,2026-09-19,14:07,180000,golfpang,,,18홀,tr_220347827
안성베네스트(클),2026-09-19,14:06,189000,golfpang,,,18홀,tr_220100256
백제,2026-09-19,13:54,140000,golfpang,,,18홀,tr_220046293
베뉴지,2026-09-19,13:23,165000,golfpang,,,18홀,tr_220058083
속리산cc,2026-09-19,13:32,140000,golfpang,,,18홀,tr_219807363
알펜시아700,2026-09-19,13:45,130000,golfpang,,,18홀,tr_219600947
센테리움,2026-09-19,13:11,139000,golfpang,,,18홀,tr_220328533
모나크,2026-09-19,13:03,150000,golfpang,,,18홀,tr_220347038
스타,2026-09-19,13:02,180000,golfpang,,,18홀,tr_220346990
속리산cc,2026-09-19,12:57,145000,golfpang,,,18홀,tr_219807362
스타,2026-09-19,12:48,190000,golfpang,,,18홀,tr_220346989
알펜시아700,2026-09-19,17:30,80000,golfpang,,,18홀,tr_219600948
빅토리아-퍼9,2026-09-19,17:38,99000,golfpang,,,18홀,tr_219766792
아세코밸리-퍼9,2026-09-19,17:38,110000,golfpang,,,18홀,tr_220327352
블랙스톤벨포레,2026-09-19,17:37,80000,golfpang,,,18홀,tr_220032260
벨라스톤,2026-09-19,17:45,100000,golfpang,,,18홀,tr_219202558
벨라스톤,2026-09-19,18:06,100000,golfpang,,,18홀,tr_219428648
베스트밸리-퍼9,2026-09-19,18:09,130000,golfpang,,,18홀,tr_220085460
알펜시아700,2026-09-19,18:19,70000,golfpang,,,18홀,tr_220009778
블랙스톤벨포레,2026-09-19,18:33,70000,golfpang,,,18홀,tr_220032261
비콘힐스,2026-09-19,18:33,90000,golfpang,,,18홀,tr_220002903
모나크,2026-09-19,18:30,110000,golfpang,,,18홀,tr_220347039
로얄포레,2026-09-19,18:36,99000,golfpang,,,18홀,tr_220070619
골프존 송도(구.오렌지듄스),2026-09-19,18:52,159000,golfpang,,,18홀,tr_220361855
리베라,2026-09-19,19:06,140000,golfpang,,,18홀,tr_220361778
골프존 송도(구.오렌지듄스),2026-09-19,05:50,169000,golfpang,,,18홀,tr_220361853
스카이밸리,2026-09-19,06:20,200000,golfpang,,,18홀,tr_220324757
스타,2026-09-19,06:30,180000,golfpang,,,18홀,tr_220346988
알펜시아명문,2026-09-19,06:35,100000,golfpang,,,18홀,tr_219444535
벨라스톤,2026-09-19,06:35,159000,golfpang,,,18홀,tr_219202557
센테리움,2026-09-19,06:46,159000,golfpang,,,18홀,tr_220328532
스프링베일-퍼9,2026-09-19,06:59,115000,golfpang,,,18홀,tr_219748141
안성베네스트(챌),2026-09-19,06:58,199000,golfpang,,,18홀,tr_220336598
알펜시아명문,2026-09-19,07:10,120000,golfpang,,,18홀,tr_219444536
모카cc,2026-09-19,08:28,150000,golfpang,,,18홀,tr_220056466
스프링베일-퍼9,2026-09-19,08:23,125000,golfpang,,,18홀,tr_219748142
알펜시아명문,2026-09-19,11:14,170000,golfpang,,,18홀,tr_219444537
보령베이스-퍼9,2026-09-19,11:07,99000,golfpang,,,18홀,tr_219795305
스프링베일-퍼9,2026-09-19,12:01,115000,golfpang,,,18홀,tr_219748143
속리산cc,2026-09-19,11:54,160000,golfpang,,,18홀,tr_219807361
힐데스하임,2026-09-19,12:27,140000,golfpang,,,18홀,tr_220361831
힐데스하임,2026-09-19,12:27,140000,golfpang,,,18홀,tr_220361830
모나크,2026-09-19,12:49,160000,golfpang,,,18홀,tr_220347037
한원,2026-09-19,06:11,-1,golfpang,,,18홀,tr_220361805
한원,2026-09-19,18:17,-1,golfpang,,,18홀,tr_220361807
한원,2026-09-19,14:06,-1,golfpang,,,18홀,tr_220361806
동촌,2026-09-19,06:48,170000,golfpang,,,18홀,tr_220315371
스톤비치,2026-09-19,17:10,100000,golfpang,,,18홀,tr_216883357
골프존 안성W,2026-09-19,11:46,160000,golfpang,,,18홀,tr_220361804
떼제베(동북),2026-09-19,07:42,120000,golfpang,,,18홀,tr_220346986
가평베네스트,2026-09-19,13:42,250000,golfpang,,,18홀,tr_220349037
대영베이스,2026-09-19,13:45,139000,golfpang,,,18홀,tr_220007130
골든베이,2026-09-19,13:45,150000,golfpang,,,18홀,tr_219112523
골프존 안성H,2026-09-19,13:45,185000,golfpang,,,18홀,tr_220346036
감곡,2026-09-19,13:42,160000,golfpang,,,18홀,tr_219336423
골프존 진천,2026-09-19,14:03,141000,golfpang,,,18홀,tr_220326918
대호단양,2026-09-19,16:20,129000,golfpang,,,18홀,tr_220005467
골프존 안성H,2026-09-19,14:20,185000,golfpang,,,18홀,tr_220346038
대영힐스,2026-09-19,16:56,105000,golfpang,,,18홀,tr_220007842
대호단양,2026-09-19,17:09,119000,golfpang,,,18홀,tr_220005468
남양주(퍼9),2026-09-19,17:07,119000,golfpang,,,18홀,tr_220107173
동서울cc-퍼9,2026-09-19,17:07,65000,golfpang,,,18홀,tr_220006062
그린힐,2026-09-19,17:35,140000,golfpang,,,18홀,tr_220361515
남양주(퍼9),2026-09-19,17:40,119000,golfpang,,,18홀,tr_220212020
그린힐,2026-09-19,17:42,140000,golfpang,,,18홀,tr_220361516
대영베이스,2026-09-19,17:57,95000,golfpang,,,18홀,tr_220007131
떼제베,2026-09-19,18:09,130000,golfpang,,,18홀,tr_220010613
동서울cc-퍼9,2026-09-19,18:17,65000,golfpang,,,18홀,tr_220212061
떼제베(동북),2026-09-19,18:30,110000,golfpang,,,18홀,tr_220010028
감곡,2026-09-19,18:48,120000,golfpang,,,18홀,tr_219336424
대영힐스,2026-09-19,18:41,79000,golfpang,,,18홀,tr_220007843
골프존 안성W,2026-09-19,19:06,110000,golfpang,,,18홀,tr_220349803
대영베이스,2026-09-19,19:04,89000,golfpang,,,18홀,tr_220007132
대호단양,2026-09-19,06:00,139000,golfpang,,,18홀,tr_220005466
로얄포레,2026-09-19,06:18,109000,golfpang,,,18홀,tr_220070617
동촌,2026-09-19,06:27,170000,golfpang,,,18홀,tr_220046394
남춘천,2026-09-19,06:25,180000,golfpang,,,18홀,tr_220100061
동서울cc-퍼9,2026-09-19,06:31,89000,golfpang,,,18홀,tr_220006060
골프존 진천,2026-09-19,06:42,169000,golfpang,,,18홀,tr_220326916
골프존 화랑,2026-09-19,06:55,165000,golfpang,,,18홀,tr_220342568
골든베이,2026-09-19,06:51,150000,golfpang,,,18홀,tr_220211975
더플레이어스,2026-09-19,06:55,190000,golfpang,,,18홀,tr_220100035
360도,2026-09-19,07:07,180000,golfpang,,,18홀,tr_220315695
골프존 안성W,2026-09-19,07:05,170000,golfpang,,,18홀,tr_220349801
동촌,2026-09-19,07:23,190000,golfpang,,,18홀,tr_220046395
떼제베(동북),2026-09-19,07:49,130000,golfpang,,,18홀,tr_220010026
골프존 안성W,2026-09-19,08:43,180000,golfpang,,,18홀,tr_220361803
로얄포레,2026-09-19,11:45,139000,golfpang,,,18홀,tr_220070618
라싸,2026-09-19,11:50,189000,golfpang,,,18홀,tr_220349767
대영힐스,2026-09-19,12:12,130000,golfpang,,,18홀,tr_220007841
남양주(퍼9),2026-09-19,12:34,139000,golfpang,,,18홀,tr_220107071
골프존 진천,2026-09-19,12:32,151000,golfpang,,,18홀,tr_220326917
라싸,2026-09-19,12:39,179000,golfpang,,,18홀,tr_220349768
라싸,2026-09-19,12:53,179000,golfpang,,,18홀,tr_220349769
골프존 화랑,2026-09-19,13:06,131000,golfpang,,,18홀,tr_220342569
골프존 화랑,2026-09-19,13:27,131000,golfpang,,,18홀,tr_220342570
골프존 안성H,2026-09-19,13:31,185000,golfpang,,,18홀,tr_220346037
골프존 안성W,2026-09-19,13:38,150000,golfpang,,,18홀,tr_220349802
360도,2026-09-19,06:00,165000,golfpang,,,18홀,tr_220315694
한원,2026-09-19,18:10,-1,golfpang,,,18홀,tr_220361791
한원,2026-09-19,14:06,-1,golfpang,,,18홀,tr_220361789
한원,2026-09-19,18:17,-1,golfpang,,,18홀,tr_220361790
용인(비공개),2026-09-19,14:06,285000,golfpang,,,18홀,tr_220219722
동서울cc-퍼9,2026-09-19,17:36,65000,golfpang,,,18홀,tr_220217699
양평TPC,2026-09-19,13:50,150000,golfpang,,,18홀,tr_220304487
스카이밸리,2026-09-19,13:53,200000,golfpang,,,18홀,tr_220219770
동서울cc-퍼9,2026-09-19,13:04,89000,golfpang,,,18홀,tr_220217698
기흥(비공개),2026-09-19,13:35,260000,golfpang,,,18홀,tr_220219720
비에이비스타(퍼),2026-09-19,12:43,160000,golfpang,,,18홀,tr_220219766
스카이밸리,2026-09-19,06:48,220000,golfpang,,,18홀,tr_220219769
비에이비스타,2026-09-19,06:28,210000,golfpang,,,18홀,tr_220219768
비에이비스타(퍼),2026-09-19,18:20,110000,golfpang,,,18홀,tr_220219767
블루원용인,2026-09-19,18:15,175000,golfpang,,,18홀,tr_220219765
블루원용인(퍼),2026-09-19,18:01,145000,golfpang,,,18홀,tr_220219721
경춘(비공개),2026-09-19,13:22,160000,golfpang,,,18홀,tr_220209922
로얄링스,2026-09-19,13:09,120000,golfpang,,,18홀,tr_220347872
포레스트힐,2026-09-19,18:10,140000,golfpang,,,18홀,tr_220361777
옥스필드,2026-09-19,17:26,79000,golfpang,,,18홀,tr_220361758
옥스필드,2026-09-19,12:13,109000,golfpang,,,18홀,tr_220361757
옥스필드,2026-09-19,08:03,109000,golfpang,,,18홀,tr_220361756
포레스트힐,2026-09-19,17:47,140000,golfpang,,,18홀,tr_220203752
클럽72,2026-09-19,19:00,150000,golfpang,,,18홀,tr_220361754
포레스트힐,2026-09-19,08:36,230000,golfpang,,,18홀,tr_220361753
골프존 화랑,2026-09-19,07:58,175000,golfpang,,,18홀,tr_220361708
골프존 화랑,2026-09-19,06:55,165000,golfpang,,,18홀,tr_220361707
골프존 화랑,2026-09-19,13:03,131000,golfpang,,,18홀,tr_220361709
한림광릉,2026-09-19,17:52,140000,golfpang,,,18홀,tr_220361674
한림광릉,2026-09-19,18:06,140000,golfpang,,,18홀,tr_220361676
한림광릉,2026-09-19,17:59,140000,golfpang,,,18홀,tr_220361675
모카cc,2026-09-19,08:25,150000,golfpang,,,18홀,tr_220327578
아세코밸리-퍼9,2026-09-19,18:13,110000,golfpang,,,18홀,tr_220361648
아세코밸리-퍼9,2026-09-19,18:13,110000,golfpang,,,18홀,tr_220361647
로얄링스,2026-09-19,07:10,120000,golfpang,,,18홀,tr_220347856
해솔리아,2026-09-19,13:33,160000,golfpang,,,18홀,tr_220361630
클럽72,2026-09-19,19:14,150000,golfpang,,,18홀,tr_220361590
클럽72,2026-09-19,19:00,150000,golfpang,,,18홀,tr_220361589
클럽72,2026-09-19,08:13,240000,golfpang,,,18홀,tr_220361588
라싸,2026-09-19,12:39,189000,golfpang,,,18홀,tr_220361587
라싸,2026-09-19,06:48,209000,golfpang,,,18홀,tr_220306407
대영베이스,2026-09-19,19:04,99000,golfpang,,,18홀,tr_220103551
신안,2026-09-19,18:45,110000,golfpang,,,18홀,tr_220361541
신안,2026-09-19,18:59,110000,golfpang,,,18홀,tr_220361542
클럽72,2026-09-19,08:13,220000,golfpang,,,18홀,tr_219332043
경춘(비공개),2026-09-19,13:22,160000,golfpang,,,18홀,tr_220347824
용인(비공개),2026-09-19,18:17,150000,golfpang,,,18홀,tr_220361471
용인(비공개),2026-09-19,18:17,150000,golfpang,,,18홀,tr_220361472
용인(비공개),2026-09-19,14:06,199000,golfpang,,,18홀,tr_220361470
윈체스트,2026-09-19,12:07,190000,golfpang,,,18홀,tr_220342564
골프존 진천,2026-09-19,06:56,159000,golfpang,,,18홀,tr_220009509
골프존 진천,2026-09-19,07:59,169000,golfpang,,,18홀,tr_220009414
클럽72-오션,2026-09-19,13:07,280000,golfpang,,,18홀,tr_220361446
프린세스,2026-09-19,08:12,150000,golfpang,,,18홀,tr_220361445
백제,2026-09-19,07:50,150000,golfpang,,,18홀,tr_220288815
중원,2026-09-19,08:21,160000,golfpang,,,18홀,tr_220288954
스톤비치,2026-09-19,07:59,140000,golfpang,,,18홀,tr_220288847
킹스데일,2026-09-19,07:26,220000,golfpang,,,18홀,tr_220288669
로얄링스,2026-09-19,07:45,120000,golfpang,,,18홀,tr_220288696
더플레이어스,2026-09-19,07:16,190000,golfpang,,,18홀,tr_220288547
신라,2026-09-19,07:20,240000,golfpang,,,18홀,tr_220288618
라싸,2026-09-19,06:41,209000,golfpang,,,18홀,tr_220288418
골프존 화랑,2026-09-19,06:34,175000,golfpang,,,18홀,tr_220288366
골프존 진천,2026-09-19,06:21,169000,golfpang,,,18홀,tr_220288124
중원,2026-09-19,12:58,140000,golfpang,,,18홀,tr_220289471
플라밍고,2026-09-19,19:06,90000,golfpang,,,18홀,tr_220290834
이포,2026-09-19,18:13,155000,golfpang,,,18홀,tr_220290802
블랙스톤벨포레,2026-09-19,18:12,70000,golfpang,,,18홀,tr_220290740
한림용인,2026-09-19,17:38,158000,golfpang,,,18홀,tr_220290690
파주,2026-09-19,17:34,170000,golfpang,,,18홀,tr_220290661
마이다스레이크 이천,2026-09-19,14:10,180000,golfpang,,,18홀,tr_220290583
포웰(안성)cc,2026-09-19,13:57,152000,golfpang,,,18홀,tr_220290531
백제,2026-09-19,13:54,140000,golfpang,,,18홀,tr_220290494
더크로스비,2026-09-19,13:51,207000,golfpang,,,18홀,tr_220290452
골프존 진천,2026-09-19,13:35,149000,golfpang,,,18홀,tr_220290294
신라,2026-09-19,13:32,180000,golfpang,,,18홀,tr_220290027
스카이밸리,2026-09-19,13:32,200000,golfpang,,,18홀,tr_220290208
베뉴지,2026-09-19,13:30,160000,golfpang,,,18홀,tr_220289994
가평프리스틴밸리,2026-09-19,13:17,220000,golfpang,,,18홀,tr_220289773
스톤비치,2026-09-19,12:13,140000,golfpang,,,18홀,tr_220289139
파주,2026-09-19,12:27,230000,golfpang,,,18홀,tr_220289225
더플레이어스,2026-09-19,12:44,160000,golfpang,,,18홀,tr_220289321
포웰(안성)cc,2026-09-19,12:54,162000,golfpang,,,18홀,tr_220289465
이포,2026-09-19,12:54,200000,golfpang,,,18홀,tr_220289403
로얄링스,2026-09-19,13:02,120000,golfpang,,,18홀,tr_220289612
양평TPC,2026-09-19,13:15,160000,golfpang,,,18홀,tr_220289629
라싸,2026-09-19,13:14,179000,golfpang,,,18홀,tr_220289624
블랙스톤벨포레,2026-09-19,13:20,110000,golfpang,,,18홀,tr_220289835
용인(비공개),2026-09-19,18:17,150000,golfpang,,,18홀,tr_220361426
용인(비공개),2026-09-19,14:06,199000,golfpang,,,18홀,tr_220361425
용인(비공개),2026-09-19,06:11,230000,golfpang,,,18홀,tr_220361424
라싸,2026-09-19,06:48,209000,golfpang,,,18홀,tr_220336238
라싸,2026-09-19,12:32,189000,golfpang,,,18홀,tr_220347822
골프존 화랑,2026-09-19,12:41,141000,golfpang,,,18홀,tr_219672892
골프존 진천,2026-09-19,07:00,169000,golfpang,,,18홀,tr_218770692
킹즈락,2026-09-19,06:45,140000,golfpang,,,18홀,tr_220353805
이븐데일,2026-09-19,08:00,109000,golfpang,,,18홀,tr_220283070
클럽72-오션,2026-09-19,06:44,300000,golfpang,,,18홀,tr_220355215
윈체스트,2026-09-19,12:00,230000,golfpang,,,18홀,tr_218716898
골프존 화랑,2026-09-19,08:00,175000,golfpang,,,18홀,tr_219245049
골프존 진천,2026-09-19,12:13,156000,golfpang,,,18홀,tr_219796349
블랙스톤벨포레,2026-09-19,18:10,70000,golfpang,,,18홀,tr_220349934
한림용인,2026-09-19,06:17,190000,golfpang,,,18홀,tr_220349931
블랙스톤벨포레,2026-09-19,13:30,110000,golfpang,,,18홀,tr_220349928
라싸,2026-09-19,12:41,189000,golfpang,,,18홀,tr_220349927
동촌,2026-09-19,06:48,170000,golfpang,,,18홀,tr_220347781
중원,2026-09-19,12:51,130000,golfpang,,,18홀,tr_220349743
필로스,2026-09-19,18:07,140000,golfpang,,,18홀,tr_220349858
클럽72,2026-09-19,13:00,210000,golfpang,,,18홀,tr_220349857
양지파인,2026-09-19,11:36,170000,golfpang,,,18홀,tr_220218832
양지파인,2026-09-19,08:22,190000,golfpang,,,18홀,tr_220322640
양지파인,2026-09-19,08:22,199000,golfpang,,,18홀,tr_220218831
골프존 송도(구.오렌지듄스),2026-09-19,13:30,179000,golfpang,,,18홀,tr_220349846
가평프리스틴밸리,2026-09-19,13:17,220000,golfpang,,,18홀,tr_220349844
여주,2026-09-19,14:07,240000,golfpang,,,18홀,tr_220349835
여주,2026-09-19,14:00,240000,golfpang,,,18홀,tr_220349834
골프존 송도(구.오렌지듄스),2026-09-19,18:52,159000,golfpang,,,18홀,tr_220094627
클럽모우,2026-09-19,13:41,150000,golfpang,,,18홀,tr_220349818
더크로스비,2026-09-19,13:58,197000,golfpang,,,18홀,tr_220347767
클럽모우,2026-09-19,14:16,150000,golfpang,,,18홀,tr_220349819
남여주,2026-09-19,13:21,160000,golfpang,,,18홀,tr_220349816
골프존 송도(구.오렌지듄스),2026-09-19,06:06,169000,golfpang,,,18홀,tr_220336087
라싸,2026-09-19,12:31,189000,golfpang,,,18홀,tr_220349781
클럽72,2026-09-19,06:49,200000,golfpang,,,18홀,tr_220349782
골프존 화랑,2026-09-19,06:34,175000,golfpang,,,18홀,tr_219784497
블랙스톤벨포레,2026-09-19,18:12,70000,golfpang,,,18홀,tr_220174896
라싸,2026-09-19,06:48,209000,golfpang,,,18홀,tr_220347806
골프존 송도(구.오렌지듄스),2026-09-19,06:06,169000,golfpang,,,18홀,tr_220336133
더플레이어스,2026-09-19,12:44,160000,golfpang,,,18홀,tr_220349766
신라,2026-09-19,13:32,180000,golfpang,,,18홀,tr_220152622
남여주,2026-09-19,12:32,170000,golfpang,,,18홀,tr_220349765
포웰(안성)cc,2026-09-19,17:57,122000,golfpang,,,18홀,tr_220013807
골프존 드래곤,2026-09-19,13:27,126000,golfpang,,,18홀,tr_218794936
더플레이어스,2026-09-19,07:16,190000,golfpang,,,18홀,tr_220349748
중원,2026-09-19,08:35,150000,golfpang,,,18홀,tr_220349749
베뉴지,2026-09-19,13:44,160000,golfpang,,,18홀,tr_220151710
베뉴지,2026-09-19,12:20,179000,golfpang,,,18홀,tr_220349747
옥스필드,2026-09-19,12:37,109000,golfpang,,,18홀,tr_218581787
알펜시아명문,2026-09-19,06:48,100000,golfpang,,,18홀,tr_219524089
프린세스,2026-09-19,08:30,150000,golfpang,,,18홀,tr_220011917
윈체스트,2026-09-19,06:00,205000,golfpang,,,18홀,tr_220209394
윈체스트,2026-09-19,12:49,190000,golfpang,,,18홀,tr_220209399
윈체스트,2026-09-19,12:07,190000,golfpang,,,18홀,tr_220325997
이포,2026-09-19,18:13,130000,golfpang,,,18홀,tr_220349744
골프존 송도(구.오렌지듄스),2026-09-19,13:50,179000,golfpang,,,18홀,tr_219332072
용인(비공개),2026-09-19,12:36,270000,golfpang,,,18홀,tr_220349742
속리산cc,2026-09-19,12:01,130000,golfpang,,,18홀,tr_220349696
속리산cc,2026-09-19,12:57,130000,golfpang,,,18홀,tr_220349697
속리산cc,2026-09-19,13:32,130000,golfpang,,,18홀,tr_220349698
이포,2026-09-19,12:54,190000,golfpang,,,18홀,tr_220349694
임페리얼레이크,2026-09-19,11:29,129000,golfpang,,,18홀,tr_220240482
클럽모우,2026-09-19,12:52,160000,golfpang,,,18홀,tr_220240979
블랙스톤벨포레,2026-09-19,13:40,110000,golfpang,,,18홀,tr_220236143
임페리얼레이크,2026-09-19,06:00,109000,golfpang,,,18홀,tr_220262268
일레븐,2026-09-19,08:50,135000,golfpang,,,18홀,tr_220236130
코리아,2026-09-19,18:01,149000,golfpang,,,18홀,tr_217982734
옥스필드,2026-09-19,13:22,99000,golfpang,,,18홀,tr_220240762
더플레이어스,2026-09-19,12:34,160000,golfpang,,,18홀,tr_220240933
클럽72,2026-09-19,18:35,140000,golfpang,,,18홀,tr_220241025
남여주,2026-09-19,13:28,160000,golfpang,,,18홀,tr_220347738
더크로스비,2026-09-19,13:51,207000,golfpang,,,18홀,tr_220349131
남춘천,2026-09-19,12:41,160000,golfpang,,,18홀,tr_220349692
스카이밸리,2026-09-19,13:32,200000,golfpang,,,18홀,tr_220215192
골프존 송도(구.오렌지듄스),2026-09-19,05:50,169000,golfpang,,,18홀,tr_219332061
베뉴지,2026-09-19,13:30,160000,golfpang,,,18홀,tr_220210891
몽베르(대중제),2026-09-19,18:17,140000,golfpang,,,18홀,tr_220349669
몽베르(대중제),2026-09-19,18:38,140000,golfpang,,,18홀,tr_220349670
포웰(안성)cc,2026-09-19,13:40,152000,golfpang,,,18홀,tr_220327776
센테리움,2026-09-19,13:32,149000,golfpang,,,18홀,tr_220349654
센테리움,2026-09-19,06:53,159000,golfpang,,,18홀,tr_220349653
진천(비공개),2026-09-19,13:26,180000,golfpang,,,18홀,tr_220240031
신라,2026-09-19,13:32,180000,golfpang,,,18홀,tr_220349652
라싸,2026-09-19,11:57,189000,golfpang,,,18홀,tr_220305299
로얄링스,2026-09-19,13:02,120000,golfpang,,,18홀,tr_220029289
신라,2026-09-19,12:22,200000,golfpang,,,18홀,tr_220242413
용인플라자,2026-09-19,17:40,140000,golfpang,,,18홀,tr_220057866
스톤비치,2026-09-19,12:20,110000,golfpang,,,18홀,tr_220239171
아난티중앙(야간),2026-09-19,17:53,140000,golfpang,,,18홀,tr_220349648
라싸,2026-09-19,12:18,199000,golfpang,,,18홀,tr_220214886
여주(비공개),2026-09-19,11:50,205000,golfpang,,,18홀,tr_220342268
여주(비공개S),2026-09-19,11:50,205000,golfpang,,,18홀,tr_220342250
더플레이어스,2026-09-19,07:16,190000,golfpang,,,18홀,tr_220150255
스톤비치,2026-09-19,17:30,90000,golfpang,,,18홀,tr_216232830
로얄링스,2026-09-19,07:10,120000,golfpang,,,18홀,tr_220210889
스톤비치,2026-09-19,17:16,90000,golfpang,,,18홀,tr_216231590
가평베네스트,2026-09-19,13:42,250000,golfpang,,,18홀,tr_220349637
스카이밸리,2026-09-19,13:11,200000,golfpang,,,18홀,tr_220349636
남여주,2026-09-19,12:32,170000,golfpang,,,18홀,tr_220347735
남여주,2026-09-19,12:31,170000,golfpang,,,18홀,tr_220349571
블랙스톤벨포레,2026-09-19,13:20,100000,golfpang,,,18홀,tr_220274467
비에이비스타,2026-09-19,18:06,130000,golfpang,,,18홀,tr_219991587
일레븐,2026-09-19,12:30,125000,golfpang,,,18홀,tr_219765533
양지파인,2026-09-19,08:37,190000,golfpang,,,18홀,tr_220349543
양지파인,2026-09-19,11:59,170000,golfpang,,,18홀,tr_220349544
클럽72,2026-09-19,06:49,200000,golfpang,,,18홀,tr_219332041
360도,2026-09-19,06:22,170000,golfpang,,,18홀,tr_220349519
360도,2026-09-19,07:07,180000,golfpang,,,18홀,tr_220349520
오너스,2026-09-19,08:28,175000,golfpang,,,18홀,tr_219903943
속리산cc,2026-09-19,12:50,130000,golfpang,,,18홀,tr_220260026
오너스,2026-09-19,13:57,145000,golfpang,,,18홀,tr_219831363
그린힐,2026-09-19,18:51,110000,golfpang,,,18홀,tr_220204844
속리산cc,2026-09-19,13:51,130000,golfpang,,,18홀,tr_220204839
한림용인,2026-09-19,17:31,150000,golfpang,,,18홀,tr_220349208
한림용인,2026-09-19,06:21,190000,golfpang,,,18홀,tr_220349185
백제,2026-09-19,13:41,140000,golfpang,,,18홀,tr_220204908
백제,2026-09-19,14:01,140000,golfpang,,,18홀,tr_220204951
속리산cc,2026-09-19,13:31,130000,golfpang,,,18홀,tr_220204833
골프존 천안,2026-09-19,17:46,119000,golfpang,,,18홀,tr_220347706
라싸,2026-09-19,11:57,189000,golfpang,,,18홀,tr_220003191
더크로스비,2026-09-19,11:45,210000,golfpang,,,18홀,tr_220349514
가평베네스트,2026-09-19,13:42,250000,golfpang,,,18홀,tr_220349499
라싸,2026-09-19,12:53,179000,golfpang,,,18홀,tr_220349483
라싸,2026-09-19,18:28,139000,golfpang,,,18홀,tr_220349485
라싸,2026-09-19,17:46,149000,golfpang,,,18홀,tr_220349484
스톤비치,2026-09-19,06:56,130000,golfpang,,,18홀,tr_216420605
남춘천,2026-09-19,13:49,160000,golfpang,,,18홀,tr_220181414
힐마루 포천,2026-09-19,17:38,160000,golfpang,,,18홀,tr_218747441
블루원용인(퍼),2026-09-19,18:36,135000,golfpang,,,18홀,tr_218569131
더크로스비,2026-09-19,06:21,210000,golfpang,,,18홀,tr_220349481
마이다스레이크 이천,2026-09-19,14:25,180000,golfpang,,,18홀,tr_220290078
골프존 화랑,2026-09-19,07:58,175000,golfpang,,,18홀,tr_220349447
골프존 화랑,2026-09-19,13:55,131000,golfpang,,,18홀,tr_220349448
골프존 화랑,2026-09-19,18:35,99000,golfpang,,,18홀,tr_220349449
포웰(안성)cc,2026-09-19,07:21,172000,golfpang,,,18홀,tr_220321353
로얄포레,2026-09-19,07:00,119000,golfpang,,,18홀,tr_220349422
로얄링스,2026-09-19,07:40,120000,golfpang,,,18홀,tr_219364305
로얄링스,2026-09-19,12:40,120000,golfpang,,,18홀,tr_219471341
로얄포레,2026-09-19,12:34,129000,golfpang,,,18홀,tr_220349423
일레븐,2026-09-19,12:30,115000,golfpang,,,18홀,tr_219798357
플라밍고,2026-09-19,19:10,90000,golfpang,,,18홀,tr_220126653
로얄포레,2026-09-19,13:30,129000,golfpang,,,18홀,tr_220349424
포웰(안성)cc,2026-09-19,13:30,152000,golfpang,,,18홀,tr_219798431
블랙스톤벨포레,2026-09-19,13:20,100000,golfpang,,,18홀,tr_219798346
솔라고,2026-09-19,14:20,140000,golfpang,,,18홀,tr_220126692
그린힐,2026-09-19,19:00,100000,golfpang,,,18홀,tr_219798452
블랙스톤벨포레,2026-09-19,18:16,60000,golfpang,,,18홀,tr_220349352
비콘힐스,2026-09-19,18:20,90000,golfpang,,,18홀,tr_220207608
일레븐,2026-09-19,17:50,75000,golfpang,,,18홀,tr_219798350
크리스밸리,2026-09-19,12:54,190000,golfpang,,,18홀,tr_220349400
스톤비치,2026-09-19,16:48,90000,golfpang,,,18홀,tr_220291377
스프링베일-퍼9,2026-09-19,12:43,100000,golfpang,,,18홀,tr_219599310
스톤비치,2026-09-19,17:23,100000,golfpang,,,18홀,tr_218535596
남춘천,2026-09-19,06:55,180000,golfpang,,,18홀,tr_220315315
여주(비공개S),2026-09-19,13:50,190000,golfpang,,,18홀,tr_220029513
스톤비치,2026-09-19,12:55,140000,golfpang,,,18홀,tr_218535592
스프링베일-퍼9,2026-09-19,17:29,90000,golfpang,,,18홀,tr_220291523
스프링베일-퍼9,2026-09-19,07:20,115000,golfpang,,,18홀,tr_219599266
오너스,2026-09-19,07:18,160000,golfpang,,,18홀,tr_220199243
중원,2026-09-19,12:51,130000,golfpang,,,18홀,tr_220349355
골프존 화랑,2026-09-19,06:34,175000,golfpang,,,18홀,tr_220347677
더플레이어스,2026-09-19,06:34,190000,golfpang,,,18홀,tr_220210060
남여주,2026-09-19,13:21,160000,golfpang,,,18홀,tr_220349350
남여주,2026-09-19,12:32,170000,golfpang,,,18홀,tr_220349346
푸른솔포천,2026-09-19,07:10,250000,golfpang,,,18홀,tr_220349323
푸른솔포천,2026-09-19,12:45,250000,golfpang,,,18홀,tr_220349324
일레븐,2026-09-19,12:49,115000,golfpang,,,18홀,tr_219750320
일레븐,2026-09-19,17:44,75000,golfpang,,,18홀,tr_220204990
골프존 천안,2026-09-19,11:48,168000,golfpang,,,18홀,tr_220347566
골프존 안성W,2026-09-19,09:00,180000,golfpang,,,18홀,tr_220349316
스톤비치,2026-09-19,07:59,140000,golfpang,,,18홀,tr_220339497
빅토리아-퍼9,2026-09-19,19:09,99000,golfpang,,,18홀,tr_220346863
클럽72,2026-09-19,08:13,240000,golfpang,,,18홀,tr_220349268
클럽72,2026-09-19,08:13,240000,golfpang,,,18홀,tr_220349266
클럽72,2026-09-19,08:13,240000,golfpang,,,18홀,tr_220349267
중원,2026-09-19,08:42,150000,golfpang,,,18홀,tr_220349265
한림용인,2026-09-19,06:17,190000,golfpang,,,18홀,tr_220304827
양지파인,2026-09-19,11:59,170000,golfpang,,,18홀,tr_220349241
양지파인,2026-09-19,11:51,170000,golfpang,,,18홀,tr_220349240
골프존 진천,2026-09-19,14:17,141000,golfpang,,,18홀,tr_220347564
화성,2026-09-19,07:29,130000,golfpang,,,18홀,tr_220153312
오로라,2026-09-19,18:30,90000,golfpang,,,18홀,tr_219244485
오로라,2026-09-19,12:00,140000,golfpang,,,18홀,tr_220203294
프린세스,2026-09-19,08:12,150000,golfpang,,,18홀,tr_220306569
센추리21,2026-09-19,17:36,90000,golfpang,,,18홀,tr_220203186
더플레이어스,2026-09-19,12:03,160000,golfpang,,,18홀,tr_220004481
라싸,2026-09-19,11:57,189000,golfpang,,,18홀,tr_220349209
더크로스비,2026-09-19,13:51,207000,golfpang,,,18홀,tr_220204884
골프존 안성H,2026-09-19,13:20,185000,golfpang,,,18홀,tr_220349207
가평베네스트,2026-09-19,13:42,250000,golfpang,,,18홀,tr_220182634
속초(비공개),2026-09-19,13:11,160000,golfpang,,,18홀,tr_218908633
골든베이,2026-09-19,13:35,150000,golfpang,,,18홀,tr_219560926
라싸,2026-09-19,18:28,139000,golfpang,,,18홀,tr_220240327
용인(비공개),2026-09-19,12:36,270000,golfpang,,,18홀,tr_220349203
용인(비공개명문),2026-09-19,12:36,270000,golfpang,,,18홀,tr_220349192
라싸,2026-09-19,12:53,179000,golfpang,,,18홀,tr_220240326
클럽72,2026-09-19,06:50,200000,golfpang,,,18홀,tr_220349189
라싸,2026-09-19,11:57,189000,golfpang,,,18홀,tr_220349190
센테리움,2026-09-19,13:00,139000,golfpang,,,18홀,tr_220219151
프린세스,2026-09-19,08:00,150000,golfpang,,,18홀,tr_220288945
블랙스톤벨포레,2026-09-19,13:30,110000,golfpang,,,18홀,tr_219817769
임페리얼레이크,2026-09-19,17:26,109000,golfpang,,,18홀,tr_220349188
클럽72,2026-09-19,18:30,140000,golfpang,,,18홀,tr_219818252
더플레이어스,2026-09-19,12:30,160000,golfpang,,,18홀,tr_220023096
라싸,2026-09-19,12:32,189000,golfpang,,,18홀,tr_220259250
라싸,2026-09-19,11:50,189000,golfpang,,,18홀,tr_220240325
유니아일랜드,2026-09-19,10:40,200000,golfpang,,,18홀,tr_220349150
유니아일랜드,2026-09-19,06:43,190000,golfpang,,,18홀,tr_220349149
유니아일랜드,2026-09-19,15:21,150000,golfpang,,,18홀,tr_220349151
그랜드(청주),2026-09-19,06:14,140000,golfpang,,,18홀,tr_220349143
베뉴지,2026-09-19,13:30,160000,golfpang,,,18홀,tr_220217105
경춘(비공개),2026-09-19,13:22,160000,golfpang,,,18홀,tr_220336287
임페리얼레이크,2026-09-19,11:45,129000,golfpang,,,18홀,tr_220349132
스톤비치,2026-09-19,06:52,130000,golfpang,,,18홀,tr_219333805
알펜시아명문,2026-09-19,11:14,170000,golfpang,,,18홀,tr_219794927
알펜시아명문,2026-09-19,08:20,140000,golfpang,,,18홀,tr_219794926
동강시스타,2026-09-19,06:58,171000,golfpang,,,18홀,tr_220302553
알펜시아명문,2026-09-19,06:35,100000,golfpang,,,18홀,tr_219794925
파인밸리,2026-09-19,06:17,150000,golfpang,,,18홀,tr_220299296
알프스대영,2026-09-19,16:47,99000,golfpang,,,18홀,tr_220216269
알펜시아700,2026-09-19,14:13,130000,golfpang,,,18홀,tr_219795088
알펜시아700,2026-09-19,13:45,130000,golfpang,,,18홀,tr_219795087
웰리힐리,2026-09-19,13:26,190000,golfpang,,,18홀,tr_220297622
알펜시아700,2026-09-19,12:49,140000,golfpang,,,18홀,tr_219795086
오로라,2026-09-19,12:53,140000,golfpang,,,18홀,tr_220299732
웰리힐리,2026-09-19,12:58,190000,golfpang,,,18홀,tr_220299971
오로라,2026-09-19,12:39,140000,golfpang,,,18홀,tr_220299731
알프스대영,2026-09-19,18:25,65000,golfpang,,,18홀,tr_220216271
오로라,2026-09-19,18:30,90000,golfpang,,,18홀,tr_220299733
동서울cc-퍼9,2026-09-19,17:49,65000,golfpang,,,18홀,tr_220298362
알프스대영,2026-09-19,17:57,69000,golfpang,,,18홀,tr_220216270
라싸,2026-09-19,13:14,179000,golfpang,,,18홀,tr_220336273
라싸,2026-09-19,12:53,179000,golfpang,,,18홀,tr_220304512
모카cc,2026-09-19,08:47,150000,golfpang,,,18홀,tr_220203098
골프존 진천,2026-09-19,12:25,151000,golfpang,,,18홀,tr_220328623
동촌,2026-09-19,12:37,180000,golfpang,,,18홀,tr_219340987
동촌,2026-09-19,12:37,180000,golfpang,,,18홀,tr_219340986
이븐데일,2026-09-19,11:51,90000,golfpang,,,18홀,tr_220297492
모나크,2026-09-19,12:07,180000,golfpang,,,18홀,tr_219466744
프린세스,2026-09-19,12:04,180000,golfpang,,,18홀,tr_219426457
골프존 화랑,2026-09-19,12:03,185000,golfpang,,,18홀,tr_219957128
속리산cc,2026-09-19,12:15,150000,golfpang,,,18홀,tr_219985075
대영힐스,2026-09-19,12:12,130000,golfpang,,,18홀,tr_220215750
중원,2026-09-19,08:35,150000,golfpang,,,18홀,tr_220346597
모나크,2026-09-19,08:42,190000,golfpang,,,18홀,tr_219466743
힐데스하임,2026-09-19,07:22,160000,golfpang,,,18홀,tr_220241088
프린세스,2026-09-19,08:26,190000,golfpang,,,18홀,tr_219426456
프린세스,2026-09-19,06:55,185000,golfpang,,,18홀,tr_219426455
센테리움,2026-09-19,06:32,179000,golfpang,,,18홀,tr_220278747
스타,2026-09-19,06:30,180000,golfpang,,,18홀,tr_219985676
이븐데일,2026-09-19,06:38,95000,golfpang,,,18홀,tr_220297491
골프존 진천,2026-09-19,06:42,169000,golfpang,,,18홀,tr_220328622
힐데스하임,2026-09-19,06:07,145000,golfpang,,,18홀,tr_220241087
일레븐,2026-09-19,06:23,130000,golfpang,,,18홀,tr_220222679
대영힐스,2026-09-19,05:39,110000,golfpang,,,18홀,tr_220215749
이븐데일,2026-09-19,17:05,84000,golfpang,,,18홀,tr_220297493
대영베이스,2026-09-19,16:57,115000,golfpang,,,18홀,tr_220215465
대영힐스,2026-09-19,16:56,105000,golfpang,,,18홀,tr_220215751
골프존 진천,2026-09-19,14:03,141000,golfpang,,,18홀,tr_220328624
골프존 화랑,2026-09-19,14:02,175000,golfpang,,,18홀,tr_219957130
블랙스톤벨포레,2026-09-19,14:02,110000,golfpang,,,18홀,tr_219787781
속리산cc,2026-09-19,14:00,130000,golfpang,,,18홀,tr_219985076
감곡,2026-09-19,14:03,150000,golfpang,,,18홀,tr_220304037
블랙스톤벨포레,2026-09-19,13:55,110000,golfpang,,,18홀,tr_219787780
일레븐,2026-09-19,13:45,115000,golfpang,,,18홀,tr_220222680
감곡,2026-09-19,13:42,150000,golfpang,,,18홀,tr_220304036
센테리움,2026-09-19,13:46,149000,golfpang,,,18홀,tr_220278748
대영베이스,2026-09-19,13:45,139000,golfpang,,,18홀,tr_220215464
예미지,2026-09-19,13:29,170000,golfpang,,,18홀,tr_220240751
예미지,2026-09-19,13:36,170000,golfpang,,,18홀,tr_220240752
모나크,2026-09-19,13:03,170000,golfpang,,,18홀,tr_219466745
스타,2026-09-19,13:02,180000,golfpang,,,18홀,tr_219985678
골프존 화랑,2026-09-19,13:06,175000,golfpang,,,18홀,tr_219957129
힐데스하임,2026-09-19,12:49,150000,golfpang,,,18홀,tr_220241089
스타,2026-09-19,12:48,190000,golfpang,,,18홀,tr_219985677
중원,2026-09-19,12:58,130000,golfpang,,,18홀,tr_220346598
감곡,2026-09-19,18:48,110000,golfpang,,,18홀,tr_220304038
일레븐,2026-09-19,18:05,75000,golfpang,,,18홀,tr_220222681
대영베이스,2026-09-19,17:57,99000,golfpang,,,18홀,tr_220215466
블랙스톤벨포레,2026-09-19,17:37,80000,golfpang,,,18홀,tr_219787782
푸른솔포천,2026-09-19,12:45,250000,golfpang,,,18홀,tr_220348975
더플레이어스,2026-09-19,12:44,170000,golfpang,,,18홀,tr_219307172
더플레이어스,2026-09-19,12:51,170000,golfpang,,,18홀,tr_219307173
남춘천,2026-09-19,08:50,220000,golfpang,,,18홀,tr_220274256
라싸,2026-09-19,11:50,189000,golfpang,,,18홀,tr_220348670
푸른솔포천,2026-09-19,07:10,250000,golfpang,,,18홀,tr_220348974
남춘천,2026-09-19,07:07,220000,golfpang,,,18홀,tr_220274255
스프링베일-퍼9,2026-09-19,07:34,115000,golfpang,,,18홀,tr_220306989
스프링베일-퍼9,2026-09-19,06:52,105000,golfpang,,,18홀,tr_220306987
서원힐스,2026-09-19,05:32,240000,golfpang,,,18홀,tr_220326838
서원힐스,2026-09-19,05:32,240000,golfpang,,,18홀,tr_220326837
서원힐스,2026-09-19,05:32,240000,golfpang,,,18홀,tr_220326836
비콘힐스,2026-09-19,17:02,90000,golfpang,,,18홀,tr_219855975
파주,2026-09-19,17:20,170000,golfpang,,,18홀,tr_220339624
클럽모우,2026-09-19,13:55,150000,golfpang,,,18홀,tr_220325393
스프링베일-퍼9,2026-09-19,14:00,-1,golfpang,,,18홀,tr_220338962
포천힐스,2026-09-19,13:55,240000,golfpang,,,18홀,tr_220340560
라싸,2026-09-19,12:39,179000,golfpang,,,18홀,tr_220348671
라싸,2026-09-19,12:53,179000,golfpang,,,18홀,tr_220348672
스프링베일-퍼9,2026-09-19,13:32,105000,golfpang,,,18홀,tr_220306988
클럽모우,2026-09-19,13:34,150000,golfpang,,,18홀,tr_220325392
클럽모우,2026-09-19,13:41,180000,golfpang,,,18홀,tr_220340303
해솔리아,2026-09-19,11:27,170000,golfpang,,,18홀,tr_220297346
유니아일랜드,2026-09-19,15:21,170000,golfpang,,,18홀,tr_220321828
용인플라자,2026-09-19,17:31,160000,golfpang,,,18홀,tr_219527510
그린힐,2026-09-19,17:35,140000,golfpang,,,18홀,tr_219833972
빅토리아-퍼9,2026-09-19,17:45,99000,golfpang,,,18홀,tr_220303948
빅토리아-퍼9,2026-09-19,17:59,99000,golfpang,,,18홀,tr_220303949
용인플라자,2026-09-19,18:06,160000,golfpang,,,18홀,tr_219527511
아세코밸리-퍼9,2026-09-19,18:13,110000,golfpang,,,18홀,tr_220327000
아세코밸리-퍼9,2026-09-19,18:13,110000,golfpang,,,18홀,tr_220326999
아세코밸리-퍼9,2026-09-19,18:13,110000,golfpang,,,18홀,tr_220326998
빅토리아-퍼9,2026-09-19,18:20,99000,golfpang,,,18홀,tr_220303950
해솔리아,2026-09-19,18:18,135000,golfpang,,,18홀,tr_220297347
이천실크밸리,2026-09-19,18:24,110000,golfpang,,,18홀,tr_219914027
용인플라자,2026-09-19,18:34,160000,golfpang,,,18홀,tr_219527512
그린힐,2026-09-19,18:59,110000,golfpang,,,18홀,tr_219833973
젠스필드,2026-09-19,18:52,100000,golfpang,,,18홀,tr_219789515
젠스필드,2026-09-19,18:52,100000,golfpang,,,18홀,tr_219789514
젠스필드,2026-09-19,18:52,100000,golfpang,,,18홀,tr_219789513
골프존 안성W,2026-09-19,19:06,110000,golfpang,,,18홀,tr_220307393
클럽72,2026-09-19,19:00,150000,golfpang,,,18홀,tr_220347390
클럽72,2026-09-19,19:35,150000,golfpang,,,18홀,tr_220347392
리베라,2026-09-19,19:20,140000,golfpang,,,18홀,tr_220320710
그린힐,2026-09-19,19:20,110000,golfpang,,,18홀,tr_219833974
클럽72,2026-09-19,19:14,150000,golfpang,,,18홀,tr_220347391
양지파인,2026-09-19,11:51,170000,golfpang,,,18홀,tr_220346889
양지파인,2026-09-19,11:59,170000,golfpang,,,18홀,tr_220320913
여주(비공개),2026-09-19,12:46,170000,golfpang,,,18홀,tr_220346580
여주(비공개),2026-09-19,12:53,170000,golfpang,,,18홀,tr_220346582
여주(비공개),2026-09-19,12:53,170000,golfpang,,,18홀,tr_220346581
솔모로,2026-09-19,12:53,190000,golfpang,,,18홀,tr_220215161
골프존 안성H,2026-09-19,13:31,185000,golfpang,,,18홀,tr_220233093
골프존 안성W,2026-09-19,13:38,150000,golfpang,,,18홀,tr_220307392
솔모로,2026-09-19,13:42,180000,golfpang,,,18홀,tr_220215162
골프존 안성H,2026-09-19,13:38,185000,golfpang,,,18홀,tr_220233094
캐슬렉스,2026-09-19,13:46,250000,golfpang,,,18홀,tr_220325333
캐슬렉스,2026-09-19,13:46,250000,golfpang,,,18홀,tr_220325332
골프존 안성H,2026-09-19,13:45,185000,golfpang,,,18홀,tr_220233095
양평TPC,2026-09-19,13:50,150000,golfpang,,,18홀,tr_220315523
골프존 송도(구.오렌지듄스),2026-09-19,13:50,199000,golfpang,,,18홀,tr_220221133
스카이밸리,2026-09-19,13:53,190000,golfpang,,,18홀,tr_220289579
골프존 송도(구.오렌지듄스),2026-09-19,13:57,199000,golfpang,,,18홀,tr_220221134
360도,2026-09-19,06:00,165000,golfpang,,,18홀,tr_220304247
골프존 송도(구.오렌지듄스),2026-09-19,06:11,199000,golfpang,,,18홀,tr_220221132
캐슬렉스,2026-09-19,06:04,250000,golfpang,,,18홀,tr_220325331
한림안성(퍼9),2026-09-19,06:21,140000,golfpang,,,18홀,tr_219962313
한림안성(퍼9),2026-09-19,06:21,140000,golfpang,,,18홀,tr_219962312
해솔리아,2026-09-19,06:14,170000,golfpang,,,18홀,tr_220297345
이천실크밸리,2026-09-19,06:28,165000,golfpang,,,18홀,tr_219914025
360도,2026-09-19,06:22,170000,golfpang,,,18홀,tr_220304248
루트52,2026-09-19,06:45,220000,golfpang,,,18홀,tr_219716362
유니아일랜드,2026-09-19,06:43,190000,golfpang,,,18홀,tr_219933652
스카이밸리,2026-09-19,06:48,200000,golfpang,,,18홀,tr_220289578
양평TPC,2026-09-19,06:59,200000,golfpang,,,18홀,tr_220315522
골프존 안성W,2026-09-19,07:05,170000,golfpang,,,18홀,tr_220307391
유니아일랜드,2026-09-19,07:11,200000,golfpang,,,18홀,tr_219933654
양지파인,2026-09-19,08:07,190000,golfpang,,,18홀,tr_220346888
유니아일랜드,2026-09-19,10:40,200000,golfpang,,,18홀,tr_219933653
루트52,2026-09-19,14:17,180000,golfpang,,,18홀,tr_219716363
이천실크밸리,2026-09-19,11:39,155000,golfpang,,,18홀,tr_219914026
포천힐스,2026-09-19,12:10,230000,golfpang,,,18홀,tr_220205546
베뉴지,2026-09-19,13:20,165000,golfpang,,,18홀,tr_220205540
베뉴지,2026-09-19,12:50,179000,golfpang,,,18홀,tr_219772270
라싸,2026-09-19,12:40,189000,golfpang,,,18홀,tr_220205534
인천그랜드,2026-09-19,16:50,199000,golfpang,,,18홀,tr_220205500
유니아일랜드,2026-09-19,15:40,140000,golfpang,,,18홀,tr_219163870
한림용인,2026-09-19,11:54,210000,golfpang,,,18홀,tr_220349085
한림용인,2026-09-19,11:40,210000,golfpang,,,18홀,tr_220349084
한림용인,2026-09-19,17:38,150000,golfpang,,,18홀,tr_220349086
골프존 안성W,2026-09-19,11:53,160000,golfpang,,,18홀,tr_220349048
용인(비공개),2026-09-19,18:17,150000,golfpang,,,18홀,tr_220349064
용인(비공개),2026-09-19,06:11,230000,golfpang,,,18홀,tr_220349062
골프존 안성W,2026-09-19,07:05,170000,golfpang,,,18홀,tr_220349047
용인(비공개),2026-09-19,14:06,199000,golfpang,,,18홀,tr_220349063
골프존 안성W,2026-09-19,19:06,110000,golfpang,,,18홀,tr_220349049
360도,2026-09-19,06:00,165000,golfpang,,,18홀,tr_220305429
옥스필드,2026-09-19,05:50,99000,golfpang,,,18홀,tr_220315627
파주,2026-09-19,05:49,240000,golfpang,,,18홀,tr_220145596
솔트베이,2026-09-19,05:46,270000,golfpang,,,18홀,tr_219992360
유니아일랜드,2026-09-19,05:40,170000,golfpang,,,18홀,tr_220212982
대영힐스,2026-09-19,05:39,110000,golfpang,,,18홀,tr_220153651
서원힐스,2026-09-19,05:39,250000,golfpang,,,18홀,tr_220036924
서원힐스,2026-09-19,05:39,250000,golfpang,,,18홀,tr_220036923
알프스대영,2026-09-19,05:37,90000,golfpang,,,18홀,tr_219746347
서원힐스,2026-09-19,05:32,250000,golfpang,,,18홀,tr_220036922
골프존 송도(구.오렌지듄스),2026-09-19,06:11,199000,golfpang,,,18홀,tr_220305595
한림용인,2026-09-19,06:10,205000,golfpang,,,18홀,tr_220128222
신라,2026-09-19,06:10,200000,golfpang,,,18홀,tr_220105353
힐데스하임,2026-09-19,06:07,150000,golfpang,,,18홀,tr_219621122
대호단양,2026-09-19,06:07,139000,golfpang,,,18홀,tr_219932208
푸른솔포천,2026-09-19,06:07,230000,golfpang,,,18홀,tr_220148963
떼제베,2026-09-19,06:04,130000,golfpang,,,18홀,tr_220306698
임페리얼레이크,2026-09-19,06:04,109000,golfpang,,,18홀,tr_220289591
포웰(안성)cc,2026-09-19,06:04,182000,golfpang,,,18홀,tr_220128007
파인스톤,2026-09-19,06:21,220000,golfpang,,,18홀,tr_220190285
로얄포레,2026-09-19,06:18,109000,golfpang,,,18홀,tr_220212532
클럽72,2026-09-19,06:14,230000,golfpang,,,18홀,tr_220127335
이천실크밸리,2026-09-19,06:14,165000,golfpang,,,18홀,tr_220126139
해솔리아,2026-09-19,06:28,180000,golfpang,,,18홀,tr_220128438
동서울cc-퍼9,2026-09-19,06:28,89000,golfpang,,,18홀,tr_220174580
일레븐,2026-09-19,06:23,135000,golfpang,,,18홀,tr_220182659
스카이밸리,2026-09-19,06:34,190000,golfpang,,,18홀,tr_220239775
올데이,2026-09-19,06:32,99000,golfpang,,,18홀,tr_220212729
킹즈락,2026-09-19,06:31,130000,golfpang,,,18홀,tr_220184547
여주,2026-09-19,06:30,270000,golfpang,,,18홀,tr_220124497
이븐데일,2026-09-19,06:29,99000,golfpang,,,18홀,tr_220212184
떼제베,2026-09-19,06:39,140000,golfpang,,,18홀,tr_220306699
벨라스톤,2026-09-19,06:35,159000,golfpang,,,18홀,tr_220197611
이글몬트,2026-09-19,06:34,200000,golfpang,,,18홀,tr_220213498
센테리움,2026-09-19,06:46,159000,golfpang,,,18홀,tr_220221770
로얄포레,2026-09-19,06:46,129000,golfpang,,,18홀,tr_220212533
골프존 진천,2026-09-19,06:42,169000,golfpang,,,18홀,tr_220214388
에덴블루,2026-09-19,06:42,199000,golfpang,,,18홀,tr_220121386
이글몬트,2026-09-19,06:41,200000,golfpang,,,18홀,tr_220213497
스타,2026-09-19,06:51,180000,golfpang,,,18홀,tr_219784132
골프존 안성W,2026-09-19,06:51,180000,golfpang,,,18홀,tr_220297150
히든밸리,2026-09-19,06:49,200000,golfpang,,,18홀,tr_220128942
라싸,2026-09-19,06:48,209000,golfpang,,,18홀,tr_220328718
스프링베일-퍼9,2026-09-19,06:59,105000,golfpang,,,18홀,tr_220142443
진천(비공개),2026-09-19,06:56,180000,golfpang,,,18홀,tr_220124120
알펜시아명문,2026-09-19,06:56,110000,golfpang,,,18홀,tr_219622623
골프존 화랑,2026-09-19,06:55,165000,golfpang,,,18홀,tr_220152983
남춘천,2026-09-19,06:53,210000,golfpang,,,18홀,tr_220129656
더플레이어스,2026-09-19,07:16,190000,golfpang,,,18홀,tr_220129704
중원,2026-09-19,07:25,160000,golfpang,,,18홀,tr_220182868
알펜시아명문,2026-09-19,07:24,130000,golfpang,,,18홀,tr_219622624
동촌,2026-09-19,07:23,200000,golfpang,,,18홀,tr_220165812
포웰(안성)cc,2026-09-19,07:21,192000,golfpang,,,18홀,tr_220128008
골프존 화랑,2026-09-19,07:58,175000,golfpang,,,18홀,tr_220152984
용인,2026-09-19,07:55,180000,golfpang,,,18홀,tr_219952103
세레니티cc,2026-09-19,07:54,240000,golfpang,,,18홀,tr_219601057
떼제베(동북),2026-09-19,07:49,130000,golfpang,,,18홀,tr_220221957
양평TPC,2026-09-19,07:41,240000,golfpang,,,18홀,tr_220118552
웰리힐리,2026-09-19,07:34,190000,golfpang,,,18홀,tr_219094036
프린세스,2026-09-19,08:12,175000,golfpang,,,18홀,tr_220190426
샤인데일,2026-09-19,08:12,200000,golfpang,,,18홀,tr_220138978
모카cc,2026-09-19,08:25,150000,golfpang,,,18홀,tr_220288219
양지파인,2026-09-19,08:22,210000,golfpang,,,18홀,tr_220115374
세레니티-강촌,2026-09-19,08:34,210000,golfpang,,,18홀,tr_220139370
플라밍고,2026-09-19,08:33,190000,golfpang,,,18홀,tr_220233178
동촌,2026-09-19,08:33,220000,golfpang,,,18홀,tr_220165813
오너스,2026-09-19,08:28,175000,golfpang,,,18홀,tr_220306852
오너스,2026-09-19,08:28,175000,golfpang,,,18홀,tr_220306851
웰리힐리,2026-09-19,10:54,190000,golfpang,,,18홀,tr_219094037
용인,2026-09-19,10:43,160000,golfpang,,,18홀,tr_219952104
유니아일랜드,2026-09-19,10:40,200000,golfpang,,,18홀,tr_220212983
클럽모우,2026-09-19,08:50,210000,golfpang,,,18홀,tr_220145452
남양주(퍼9),2026-09-19,11:34,139000,golfpang,,,18홀,tr_220129555
이븐데일,2026-09-19,11:31,115000,golfpang,,,18홀,tr_220212185
임페리얼레이크,2026-09-19,11:31,139000,golfpang,,,18홀,tr_220289592
마론뉴데이,2026-09-19,11:22,175000,golfpang,,,18홀,tr_220057911
파인스톤,2026-09-19,11:17,240000,golfpang,,,18홀,tr_220190286
마론뉴데이,2026-09-19,11:15,175000,golfpang,,,18홀,tr_220057909
알펜시아명문,2026-09-19,11:14,170000,golfpang,,,18홀,tr_219622625
대호단양,2026-09-19,11:10,159000,golfpang,,,18홀,tr_219932209
올데이,2026-09-19,11:45,119000,golfpang,,,18홀,tr_220212731
로얄포레,2026-09-19,11:45,139000,golfpang,,,18홀,tr_220212534
속리산cc,2026-09-19,11:54,160000,golfpang,,,18홀,tr_219747013
가평(비공개),2026-09-19,11:53,260000,golfpang,,,18홀,tr_219094386
옥스필드,2026-09-19,11:52,119000,golfpang,,,18홀,tr_220315628
양지파인,2026-09-19,11:51,180000,golfpang,,,18홀,tr_220115375
오로라,2026-09-19,12:04,150000,golfpang,,,18홀,tr_220193022
스프링베일-퍼9,2026-09-19,12:01,105000,golfpang,,,18홀,tr_220142444
360도,2026-09-19,12:15,180000,golfpang,,,18홀,tr_220305430
파주,2026-09-19,12:12,250000,golfpang,,,18홀,tr_220145597
포천힐스,2026-09-19,12:10,230000,golfpang,,,18홀,tr_220148775
클럽모우,2026-09-19,12:31,180000,golfpang,,,18홀,tr_220145453
에덴블루,2026-09-19,12:30,209000,golfpang,,,18홀,tr_220121387
동서울cc-퍼9,2026-09-19,12:28,89000,golfpang,,,18홀,tr_220174581
옥스필드,2026-09-19,12:27,109000,golfpang,,,18홀,tr_220315629
올데이,2026-09-19,12:27,109000,golfpang,,,18홀,tr_220212730
골프존 진천,2026-09-19,12:25,156000,golfpang,,,18홀,tr_220214389
골프존 안성W,2026-09-19,12:35,170000,golfpang,,,18홀,tr_220297151
골든베이,2026-09-19,12:35,150000,golfpang,,,18홀,tr_219597029
힐데스하임,2026-09-19,12:34,155000,golfpang,,,18홀,tr_219621123
라싸,2026-09-19,12:39,189000,golfpang,,,18홀,tr_220328719
비발디파크W,2026-09-19,12:45,208000,golfpang,,,18홀,tr_220130704
아세코밸리-퍼9,2026-09-19,12:44,130000,golfpang,,,18홀,tr_220106335
웰리힐리,2026-09-19,12:42,190000,golfpang,,,18홀,tr_219094038
비발디파크E,2026-09-19,12:50,224000,golfpang,,,18홀,tr_220130535
알펜시아700,2026-09-19,12:49,140000,golfpang,,,18홀,tr_220324834
모나크,2026-09-19,12:49,180000,golfpang,,,18홀,tr_220174651
안성베네스트(챌),2026-09-19,14:13,189000,golfpang,,,18홀,tr_220106454
안성베네스트(챌),2026-09-19,14:13,189000,golfpang,,,18홀,tr_220106453
안성베네스트(클),2026-09-19,14:13,199000,golfpang,,,18홀,tr_220106654
골프존 안성H,2026-09-19,14:13,185000,golfpang,,,18홀,tr_220305724
히든밸리,2026-09-19,14:08,160000,golfpang,,,18홀,tr_220128943
안성베네스트(클),2026-09-19,14:06,199000,golfpang,,,18홀,tr_220106653
자유로,2026-09-19,14:05,210000,golfpang,,,18홀,tr_220261673
골프존 안성H,2026-09-19,14:20,185000,golfpang,,,18홀,tr_220305723
마론뉴데이,2026-09-19,14:18,175000,golfpang,,,18홀,tr_220057910
중원,2026-09-19,14:15,140000,golfpang,,,18홀,tr_220182869
속리산cc,2026-09-19,14:14,140000,golfpang,,,18홀,tr_219747015
남양주(퍼9),2026-09-19,16:34,129000,golfpang,,,18홀,tr_220129556
비발디파크E,2026-09-19,13:46,208000,golfpang,,,18홀,tr_220130536
알펜시아700,2026-09-19,13:45,130000,golfpang,,,18홀,tr_220324835
서산수,2026-09-19,13:50,180000,golfpang,,,18홀,tr_219600707
남춘천,2026-09-19,13:49,170000,golfpang,,,18홀,tr_220129657
한림용인,2026-09-19,13:53,180000,golfpang,,,18홀,tr_220128223
센테리움,2026-09-19,13:53,149000,golfpang,,,18홀,tr_220221771
신라,2026-09-19,13:53,180000,golfpang,,,18홀,tr_220105355
여주,2026-09-19,13:53,240000,golfpang,,,18홀,tr_220124498
용인(비공개),2026-09-19,13:52,219000,golfpang,,,18홀,tr_219990088
이천실크밸리,2026-09-19,13:52,155000,golfpang,,,18홀,tr_220126140
푸른솔포천,2026-09-19,13:55,230000,golfpang,,,18홀,tr_220148964
백제,2026-09-19,13:54,140000,golfpang,,,18홀,tr_220180626
대영힐스,2026-09-19,13:36,139000,golfpang,,,18홀,tr_220153652
골프존 송도(구.오렌지듄스),2026-09-19,13:36,199000,golfpang,,,18홀,tr_220305596
레인보우힐스,2026-09-19,13:36,255000,golfpang,,,18홀,tr_220057208
레인보우힐스,2026-09-19,13:36,255000,golfpang,,,18홀,tr_220057207
진천(비공개),2026-09-19,13:33,180000,golfpang,,,18홀,tr_220124121
오로라,2026-09-19,13:42,140000,golfpang,,,18홀,tr_220193023
감곡,2026-09-19,13:42,160000,golfpang,,,18홀,tr_220150214
포천힐스,2026-09-19,13:41,230000,golfpang,,,18홀,tr_220148777
몽베르,2026-09-19,13:40,260000,golfpang,,,18홀,tr_219691657
용인(비공개),2026-09-19,13:45,219000,golfpang,,,18홀,tr_219990087
힐데스하임,2026-09-19,13:42,145000,golfpang,,,18홀,tr_219621124
벨라스톤,2026-09-19,13:42,169000,golfpang,,,18홀,tr_220197612
모카cc,2026-09-19,13:49,130000,golfpang,,,18홀,tr_220288220
몽베르,2026-09-19,13:48,260000,golfpang,,,18홀,tr_219691658
킹즈락,2026-09-19,13:46,135000,golfpang,,,18홀,tr_220184548
양평TPC,2026-09-19,13:22,170000,golfpang,,,18홀,tr_220118553
자유로,2026-09-19,13:30,220000,golfpang,,,18홀,tr_220261672
플라밍고,2026-09-19,13:25,170000,golfpang,,,18홀,tr_220233179
골든베이,2026-09-19,13:31,150000,golfpang,,,18홀,tr_219597030
골프존 안성H,2026-09-19,13:31,185000,golfpang,,,18홀,tr_220305722
가평(비공개),2026-09-19,13:31,230000,golfpang,,,18홀,tr_219094387
세현,2026-09-19,13:37,250000,golfpang,,,18홀,tr_220070090
파인스톤,2026-09-19,13:09,220000,golfpang,,,18홀,tr_220190287
프린세스,2026-09-19,13:07,165000,golfpang,,,18홀,tr_220190427
골프존 화랑,2026-09-19,13:06,131000,golfpang,,,18홀,tr_220152985
더플레이어스,2026-09-19,13:05,160000,golfpang,,,18홀,tr_220129705
해솔리아,2026-09-19,13:05,170000,golfpang,,,18홀,tr_220128439
모나크,2026-09-19,13:03,170000,golfpang,,,18홀,tr_220174652
클럽72-오션,2026-09-19,13:14,300000,golfpang,,,18홀,tr_220127636
대영베이스,2026-09-19,13:12,139000,golfpang,,,18홀,tr_220118121
스카이밸리,2026-09-19,13:11,200000,golfpang,,,18홀,tr_220239776
세레니티-강촌,2026-09-19,13:10,210000,golfpang,,,18홀,tr_220139371
포천힐스,2026-09-19,13:20,230000,golfpang,,,18홀,tr_220148776
베스트밸리-퍼9,2026-09-19,18:16,130000,golfpang,,,18홀,tr_220130397
모나크,2026-09-19,18:16,110000,golfpang,,,18홀,tr_220174653
필로스,2026-09-19,18:20,140000,golfpang,,,18홀,tr_220149115
클럽72,2026-09-19,18:18,150000,golfpang,,,18홀,tr_220127336
필로스,2026-09-19,18:27,140000,golfpang,,,18홀,tr_220149117
필로스,2026-09-19,18:27,140000,golfpang,,,18홀,tr_220149116
세레니티cc,2026-09-19,18:27,130000,golfpang,,,18홀,tr_219601059
비콘힐스,2026-09-19,18:26,90000,golfpang,,,18홀,tr_220138600
비콘힐스,2026-09-19,18:26,90000,golfpang,,,18홀,tr_220138599
스타,2026-09-19,18:24,110000,golfpang,,,18홀,tr_219784134
베스트밸리-퍼9,2026-09-19,18:23,130000,golfpang,,,18홀,tr_220130398
골프존 송도(구.오렌지듄스),2026-09-19,18:31,159000,golfpang,,,18홀,tr_220305597
센추리21,2026-09-19,18:01,90000,golfpang,,,18홀,tr_220026623
임페리얼레이크,2026-09-19,18:01,99000,golfpang,,,18홀,tr_220289593
라싸,2026-09-19,18:00,139000,golfpang,,,18홀,tr_220328720
세레니티cc,2026-09-19,17:59,130000,golfpang,,,18홀,tr_219601058
벨라스톤,2026-09-19,18:06,100000,golfpang,,,18홀,tr_220197613
빅토리아-퍼9,2026-09-19,18:06,99000,golfpang,,,18홀,tr_220058092
일레븐,2026-09-19,18:05,80000,golfpang,,,18홀,tr_220182661
해솔리아,2026-09-19,18:04,135000,golfpang,,,18홀,tr_220128440
동서울cc-퍼9,2026-09-19,18:03,65000,golfpang,,,18홀,tr_220174582
몽베르(대중제),2026-09-19,18:10,150000,golfpang,,,18홀,tr_219718151
베스트밸리-퍼9,2026-09-19,18:09,130000,golfpang,,,18홀,tr_220130396
떼제베(동북),2026-09-19,18:09,110000,golfpang,,,18홀,tr_220221959
샤인데일,2026-09-19,18:12,200000,golfpang,,,18홀,tr_220138979
파주타이거,2026-09-19,18:11,190000,golfpang,,,18홀,tr_220148345
아난티중앙(야간),2026-09-19,18:11,140000,golfpang,,,18홀,tr_220149885
플라밍고,2026-09-19,18:10,140000,golfpang,,,18홀,tr_220233180
대영베이스,2026-09-19,18:17,95000,golfpang,,,18홀,tr_220118122
파주,2026-09-19,18:16,170000,golfpang,,,18홀,tr_220145598
그린힐,2026-09-19,17:42,140000,golfpang,,,18홀,tr_220056762
베뉴지,2026-09-19,13:58,160000,golfpang,,,18홀,tr_220070279
경춘(비공개),2026-09-19,13:22,160000,golfpang,,,18홀,tr_220259184
클럽72-오션,2026-09-19,13:07,280000,golfpang,,,18홀,tr_220349026
클럽72-오션,2026-09-19,06:44,300000,golfpang,,,18홀,tr_220349025
마이다스레이크 이천,2026-09-19,14:03,190000,golfpang,,,18홀,tr_220217026
중원,2026-09-19,12:44,130000,golfpang,,,18홀,tr_220349023
더크로스비,2026-09-19,13:58,197000,golfpang,,,18홀,tr_220336136
블랙스톤벨포레,2026-09-19,18:33,70000,golfpang,,,18홀,tr_220349021
더크로스비,2026-09-19,13:51,207000,golfpang,,,18홀,tr_220336132
블랙스톤벨포레,2026-09-19,14:02,110000,golfpang,,,18홀,tr_220349016
마이다스레이크 이천,2026-09-19,14:17,180000,golfpang,,,18홀,tr_220204849
가평베네스트,2026-09-19,13:42,250000,golfpang,,,18홀,tr_220349007
남여주,2026-09-19,13:21,160000,golfpang,,,18홀,tr_220348970
솔모로,2026-09-19,13:28,190000,golfpang,,,18홀,tr_220348998
솔모로,2026-09-19,13:35,190000,golfpang,,,18홀,tr_220348999
남여주,2026-09-19,12:32,170000,golfpang,,,18홀,tr_220348968
백제,2026-09-19,14:08,150000,golfpang,,,18홀,tr_220230457
블랙스톤벨포레,2026-09-19,13:55,110000,golfpang,,,18홀,tr_220326968
더크로스비,2026-09-19,13:44,207000,golfpang,,,18홀,tr_220210003
용인(비공개),2026-09-19,12:36,270000,golfpang,,,18홀,tr_220348972
더플레이어스,2026-09-19,06:34,190000,golfpang,,,18홀,tr_220210000
스톤비치,2026-09-19,07:59,140000,golfpang,,,18홀,tr_220339551
백제,2026-09-19,13:54,140000,golfpang,,,18홀,tr_220259305
라싸,2026-09-19,18:28,139000,golfpang,,,18홀,tr_220348951
라싸,2026-09-19,11:50,189000,golfpang,,,18홀,tr_220348949
라싸,2026-09-19,12:39,179000,golfpang,,,18홀,tr_220348950
용인(비공개),2026-09-19,12:36,270000,golfpang,,,18홀,tr_220348934
양평TPC,2026-09-19,13:50,150000,golfpang,,,18홀,tr_220241898
골프존 화랑,2026-09-19,17:46,119000,golfpang,,,18홀,tr_220336110
양평TPC,2026-09-19,12:54,160000,golfpang,,,18홀,tr_220241897
골프존 화랑,2026-09-19,06:34,175000,golfpang,,,18홀,tr_220336018
베뉴지,2026-09-19,13:30,160000,golfpang,,,18홀,tr_220259675
더크로스비,2026-09-19,06:21,210000,golfpang,,,18홀,tr_220348927
골프존 천안,2026-09-19,11:48,168000,golfpang,,,18홀,tr_220336016
라싸,2026-09-19,12:39,179000,golfpang,,,18홀,tr_220348912
라싸,2026-09-19,11:50,189000,golfpang,,,18홀,tr_220348911
라싸,2026-09-19,06:48,209000,golfpang,,,18홀,tr_220348910
더크로스비,2026-09-19,11:45,210000,golfpang,,,18홀,tr_220348909
남양주(퍼9),2026-09-19,08:07,169000,golfpang,,,18홀,tr_218132537
가평베네스트,2026-09-19,13:42,250000,golfpang,,,18홀,tr_220348897
골프존 진천,2026-09-19,13:49,141000,golfpang,,,18홀,tr_220315720
가평베네스트,2026-09-19,13:42,250000,golfpang,,,18홀,tr_220348896
용인(비공개),2026-09-19,18:17,150000,golfpang,,,18홀,tr_220348876
용인(비공개),2026-09-19,14:06,199000,golfpang,,,18홀,tr_220348875
스카이밸리,2026-09-19,13:11,200000,golfpang,,,18홀,tr_220259141
백제,2026-09-19,13:47,140000,golfpang,,,18홀,tr_220204116
속리산cc,2026-09-19,13:32,130000,golfpang,,,18홀,tr_220203765
라싸,2026-09-19,12:32,179000,golfpang,,,18홀,tr_220348871
힐마루 포천,2026-09-19,18:13,160000,golfpang,,,18홀,tr_220205950
안성베네스트(클),2026-09-19,14:13,179000,golfpang,,,18홀,tr_220220642
라데나,2026-09-19,11:32,240000,golfpang,,,18홀,tr_220328548
세레니티-강촌,2026-09-19,13:10,220000,golfpang,,,18홀,tr_220348793
세레니티-강촌,2026-09-19,12:07,220000,golfpang,,,18홀,tr_220348792
세레니티-강촌,2026-09-19,06:42,220000,golfpang,,,18홀,tr_220348791
스톤비치,2026-09-19,12:20,140000,golfpang,,,18홀,tr_218109316
양평TPC,2026-09-19,12:40,160000,golfpang,,,18홀,tr_220259693
크리스밸리,2026-09-19,12:54,190000,golfpang,,,18홀,tr_220348722
크리스밸리,2026-09-19,12:54,190000,golfpang,,,18홀,tr_220348723
신라,2026-09-19,13:32,180000,golfpang,,,18홀,tr_220259388
가평프리스틴밸리,2026-09-19,11:53,240000,golfpang,,,18홀,tr_220348720
베뉴지,2026-09-19,13:51,160000,golfpang,,,18홀,tr_220348705
중원,2026-09-19,08:21,150000,golfpang,,,18홀,tr_220205926
베뉴지,2026-09-19,13:16,165000,golfpang,,,18홀,tr_220348704
오너스,2026-09-19,08:21,160000,golfpang,,,18홀,tr_220030704
더플레이어스,2026-09-19,11:55,160000,golfpang,,,18홀,tr_220032196
힐마루 포천,2026-09-19,18:20,160000,golfpang,,,18홀,tr_220304510
일레븐,2026-09-19,12:49,115000,golfpang,,,18홀,tr_220145274
일레븐,2026-09-19,17:44,75000,golfpang,,,18홀,tr_220304513
더플레이어스,2026-09-19,07:30,190000,golfpang,,,18홀,tr_220029773
이포,2026-09-19,12:54,200000,golfpang,,,18홀,tr_219982875
골프존 화랑,2026-09-19,18:56,99000,golfpang,,,18홀,tr_219841783
중원,2026-09-19,12:58,140000,golfpang,,,18홀,tr_220318288
로얄링스,2026-09-19,13:02,120000,golfpang,,,18홀,tr_219841440
라싸,2026-09-19,06:41,209000,golfpang,,,18홀,tr_219980686
라싸,2026-09-19,13:14,179000,golfpang,,,18홀,tr_220075266
블랙스톤벨포레,2026-09-19,13:20,110000,golfpang,,,18홀,tr_219982586
가평프리스틴밸리,2026-09-19,13:17,220000,golfpang,,,18홀,tr_219841188
골프존 화랑,2026-09-19,06:34,175000,golfpang,,,18홀,tr_219841766
더플레이어스,2026-09-19,12:44,160000,golfpang,,,18홀,tr_219841216
양평TPC,2026-09-19,12:40,160000,golfpang,,,18홀,tr_220315611
스톤비치,2026-09-19,12:20,110000,golfpang,,,18홀,tr_219982685
골프존 진천,2026-09-19,06:21,169000,golfpang,,,18홀,tr_219980504
중원,2026-09-19,08:21,160000,golfpang,,,18홀,tr_220318269
스톤비치,2026-09-19,07:59,140000,golfpang,,,18홀,tr_220315520
로얄링스,2026-09-19,07:45,120000,golfpang,,,18홀,tr_220075273
용인(비공개),2026-09-19,07:30,270000,golfpang,,,18홀,tr_220314846
진천(비공개),2026-09-19,07:17,180000,golfpang,,,18홀,tr_220075435
한림용인,2026-09-19,17:38,158000,golfpang,,,18홀,tr_219982945
블랙스톤벨포레,2026-09-19,18:12,70000,golfpang,,,18홀,tr_219982614
필로스,2026-09-19,18:07,140000,golfpang,,,18홀,tr_220318478
포웰(안성)cc,2026-09-19,17:57,122000,golfpang,,,18홀,tr_220318435
더크로스비,2026-09-19,13:58,197000,golfpang,,,18홀,tr_220315105
마이다스레이크 이천,2026-09-19,14:10,180000,golfpang,,,18홀,tr_220206086
아난티중앙(야간),2026-09-19,17:53,140000,golfpang,,,18홀,tr_220315540
포웰(안성)cc,2026-09-19,13:57,152000,golfpang,,,18홀,tr_220318414
이포,2026-09-19,18:41,140000,golfpang,,,18홀,tr_220315692
베뉴지,2026-09-19,13:30,160000,golfpang,,,18홀,tr_220075313
진천(비공개),2026-09-19,13:26,180000,golfpang,,,18홀,tr_220075513
스카이밸리,2026-09-19,13:32,200000,golfpang,,,18홀,tr_219982682
신라,2026-09-19,13:32,180000,golfpang,,,18홀,tr_219841355
골프존 진천,2026-09-19,13:49,149000,golfpang,,,18홀,tr_219841568
백제,2026-09-19,13:54,140000,golfpang,,,18홀,tr_219980798
스카이밸리,2026-09-19,06:41,200000,golfpang,,,18홀,tr_220315479
가평프리스틴밸리,2026-09-19,13:17,220000,golfpang,,,18홀,tr_220348685
라싸,2026-09-19,11:50,189000,golfpang,,,18홀,tr_220345292
가평프리스틴밸리,2026-09-19,11:53,240000,golfpang,,,18홀,tr_220348686
남양주(퍼9),2026-09-19,17:07,119000,golfpang,,,18홀,tr_219428671
신라,2026-09-19,13:53,180000,golfpang,,,18홀,tr_219427745
파주,2026-09-19,05:35,210000,golfpang,,,18홀,tr_219770937
신라,2026-09-19,12:50,190000,golfpang,,,18홀,tr_219427703
로얄링스,2026-09-19,08:20,120000,golfpang,,,18홀,tr_219620684
푸른솔포천,2026-09-19,06:07,230000,golfpang,,,18홀,tr_219620757
파주,2026-09-19,13:02,230000,golfpang,,,18홀,tr_219770947
중원,2026-09-19,12:51,130000,golfpang,,,18홀,tr_220114444
포웰(안성)cc,2026-09-19,13:57,152000,golfpang,,,18홀,tr_220348668
한림광릉,2026-09-19,17:38,140000,golfpang,,,18홀,tr_220348667
남여주,2026-09-19,13:21,160000,golfpang,,,18홀,tr_220347185
파주,2026-09-19,17:34,170000,golfpang,,,18홀,tr_220348666
라싸,2026-09-19,12:39,179000,golfpang,,,18홀,tr_220345293
파주,2026-09-19,12:27,230000,golfpang,,,18홀,tr_220348652
골프존 천안,2026-09-19,11:48,168000,golfpang,,,18홀,tr_220259452
이포,2026-09-19,18:13,130000,golfpang,,,18홀,tr_219996789
필로스,2026-09-19,18:07,140000,golfpang,,,18홀,tr_219996907
한림용인,2026-09-19,17:38,158000,golfpang,,,18홀,tr_219996902
마이다스레이크 이천,2026-09-19,14:17,180000,golfpang,,,18홀,tr_220339199
베뉴지,2026-09-19,13:30,160000,golfpang,,,18홀,tr_220102874
남여주,2026-09-19,13:21,160000,golfpang,,,18홀,tr_220348468
경춘(비공개),2026-09-19,13:22,160000,golfpang,,,18홀,tr_220103329
가평프리스틴밸리,2026-09-19,13:17,220000,golfpang,,,18홀,tr_219996853
라싸,2026-09-19,13:14,179000,golfpang,,,18홀,tr_219996772
중원,2026-09-19,12:58,130000,golfpang,,,18홀,tr_220207427
스톤비치,2026-09-19,12:48,110000,golfpang,,,18홀,tr_219996796
세레니티-강촌,2026-09-19,12:49,210000,golfpang,,,18홀,tr_219996828
더플레이어스,2026-09-19,12:44,160000,golfpang,,,18홀,tr_220103164
양평TPC,2026-09-19,12:40,160000,golfpang,,,18홀,tr_219996823
골프존 천안,2026-09-19,11:48,168000,golfpang,,,18홀,tr_220207273
스톤비치,2026-09-19,07:59,140000,golfpang,,,18홀,tr_219996774
로얄링스,2026-09-19,07:10,120000,golfpang,,,18홀,tr_219996834
더플레이어스,2026-09-19,12:44,160000,golfpang,,,18홀,tr_220348648
중원,2026-09-19,08:21,150000,golfpang,,,18홀,tr_220029771
베뉴지,2026-09-19,12:49,179000,golfpang,,,18홀,tr_220222104
한림용인,2026-09-19,17:38,150000,golfpang,,,18홀,tr_220348634
한림용인,2026-09-19,17:31,150000,golfpang,,,18홀,tr_220348635
골프존 진천,2026-09-19,14:17,141000,golfpang,,,18홀,tr_220348633
감곡,2026-09-19,13:21,150000,golfpang,,,18홀,tr_220348601
감곡,2026-09-19,13:21,150000,golfpang,,,18홀,tr_220348602
한림용인,2026-09-19,12:57,190000,golfpang,,,18홀,tr_220348585
한림용인,2026-09-19,12:15,200000,golfpang,,,18홀,tr_220348584
한림용인,2026-09-19,13:32,180000,golfpang,,,18홀,tr_220348586
속초(비공개),2026-09-19,13:12,160000,golfpang,,,18홀,tr_219508883
동촌,2026-09-19,07:30,170000,golfpang,,,18홀,tr_220348583
안성,2026-09-19,06:30,250000,golfpang,,,18홀,tr_218979955
안성,2026-09-19,13:00,230000,golfpang,,,18홀,tr_219937678
속초(비공개),2026-09-19,06:45,160000,golfpang,,,18홀,tr_219508788
프린세스,2026-09-19,18:16,120000,golfpang,,,18홀,tr_220348561
프린세스,2026-09-19,12:04,165000,golfpang,,,18홀,tr_220348559
프린세스,2026-09-19,13:00,160000,golfpang,,,18홀,tr_220348560
킹스데일,2026-09-19,07:26,210000,golfpang,,,18홀,tr_220348541
골프존 화랑,2026-09-19,18:21,99000,golfpang,,,18홀,tr_220348513
골프존 화랑,2026-09-19,13:06,131000,golfpang,,,18홀,tr_220348512
골프존 화랑,2026-09-19,06:55,165000,golfpang,,,18홀,tr_220348511
라싸,2026-09-19,11:50,189000,golfpang,,,18홀,tr_220348508
라싸,2026-09-19,12:53,179000,golfpang,,,18홀,tr_220348509
라싸,2026-09-19,12:39,179000,golfpang,,,18홀,tr_220348510
라싸,2026-09-19,12:39,179000,golfpang,,,18홀,tr_220303999
동촌,2026-09-19,07:30,170000,golfpang,,,18홀,tr_220348507
골프존 송도(구.오렌지듄스),2026-09-19,06:04,169000,golfpang,,,18홀,tr_220348506
일레븐,2026-09-19,13:17,115000,golfpang,,,18홀,tr_220348340
가평프리스틴밸리,2026-09-19,13:17,220000,golfpang,,,18홀,tr_220259712
용인,2026-09-19,13:03,150000,golfpang,,,18홀,tr_220348470
용인,2026-09-19,06:42,170000,golfpang,,,18홀,tr_220348469
라싸,2026-09-19,18:14,139000,golfpang,,,18홀,tr_220348455
라싸,2026-09-19,11:50,189000,golfpang,,,18홀,tr_220348453
라싸,2026-09-19,12:39,179000,golfpang,,,18홀,tr_220348454
리베라,2026-09-19,14:00,210000,golfpang,,,18홀,tr_220213814
남춘천,2026-09-19,13:42,170000,golfpang,,,18홀,tr_220179858
스프링베일-퍼9,2026-09-19,12:02,105000,golfpang,,,18홀,tr_220219454
아세코밸리-퍼9,2026-09-19,18:13,110000,golfpang,,,18홀,tr_220348421
아세코밸리-퍼9,2026-09-19,18:13,110000,golfpang,,,18홀,tr_220348423
아세코밸리-퍼9,2026-09-19,18:13,110000,golfpang,,,18홀,tr_220348422
라싸,2026-09-19,11:50,189000,golfpang,,,18홀,tr_220348442
라싸,2026-09-19,12:39,179000,golfpang,,,18홀,tr_220348443
라싸,2026-09-19,12:39,179000,golfpang,,,18홀,tr_220348444
일레븐,2026-09-19,18:05,75000,golfpang,,,18홀,tr_220348420
골프존 송도(구.오렌지듄스),2026-09-19,06:19,229000,golfpang,,,18홀,tr_220222083
한림광릉,2026-09-19,17:52,140000,golfpang,,,18홀,tr_220348369
이글몬트,2026-09-19,06:27,195000,golfpang,,,18홀,tr_220348343
이글몬트,2026-09-19,06:34,195000,golfpang,,,18홀,tr_220348344
양평TPC,2026-09-19,13:50,150000,golfpang,,,18홀,tr_220314807
안성베네스트(클),2026-09-19,14:14,179000,golfpang,,,18홀,tr_220219634
킹스데일,2026-09-19,07:26,210000,golfpang,,,18홀,tr_220348322
킹스데일,2026-09-19,07:26,210000,golfpang,,,18홀,tr_220348323
안성베네스트(챌),2026-09-19,06:58,199000,golfpang,,,18홀,tr_220328114
로제비앙(구.큐로cc),2026-09-19,13:31,210000,golfpang,,,18홀,tr_220222188
킹스데일,2026-09-19,07:26,210000,golfpang,,,18홀,tr_220348264
킹스데일,2026-09-19,07:26,210000,golfpang,,,18홀,tr_220348263
남춘천,2026-09-19,06:25,180000,golfpang,,,18홀,tr_220348245
스톤비치,2026-09-19,17:23,100000,golfpang,,,18홀,tr_218109292
골프존 송도(구.오렌지듄스),2026-09-19,18:52,159000,golfpang,,,18홀,tr_220348233
골프존 송도(구.오렌지듄스),2026-09-19,05:57,169000,golfpang,,,18홀,tr_220348231
골프존 송도(구.오렌지듄스),2026-09-19,13:57,179000,golfpang,,,18홀,tr_220348232
몽베르(대중제),2026-09-19,18:24,140000,golfpang,,,18홀,tr_220348230
골프존 진천,2026-09-19,12:32,151000,golfpang,,,18홀,tr_219158815
이포,2026-09-19,12:54,190000,golfpang,,,18홀,tr_220348219
오너스,2026-09-19,13:43,140000,golfpang,,,18홀,tr_220203548
센테리움,2026-09-19,07:49,179000,golfpang,,,18홀,tr_220348201
센테리움,2026-09-19,13:11,139000,golfpang,,,18홀,tr_220348202
골프존 진천,2026-09-19,13:35,141000,golfpang,,,18홀,tr_219158816
이포,2026-09-19,18:13,130000,golfpang,,,18홀,tr_220326911
골프존 진천,2026-09-19,12:39,151000,golfpang,,,18홀,tr_220348184
골프존 진천,2026-09-19,08:41,194000,golfpang,,,18홀,tr_220348185
골프존 진천,2026-09-19,06:42,169000,golfpang,,,18홀,tr_220348183
용인(비공개),2026-09-19,17:14,150000,golfpang,,,18홀,tr_220125619
임페리얼레이크,2026-09-19,16:44,119000,golfpang,,,18홀,tr_220022813
용인(비공개),2026-09-19,17:21,150000,golfpang,,,18홀,tr_220125620
용인(비공개),2026-09-19,17:35,150000,golfpang,,,18홀,tr_220125618
골프존 화랑,2026-09-19,06:27,175000,golfpang,,,18홀,tr_220297168
포웰(안성)cc,2026-09-19,07:21,192000,golfpang,,,18홀,tr_220129594
골프존 화랑,2026-09-19,12:38,195000,golfpang,,,18홀,tr_220297169
모나크,2026-09-19,12:49,160000,golfpang,,,18홀,tr_220220087
대호단양,2026-09-19,12:55,179000,golfpang,,,18홀,tr_220107284
모나크,2026-09-19,12:56,160000,golfpang,,,18홀,tr_220220088
힐데스하임,2026-09-19,13:19,155000,golfpang,,,18홀,tr_220015048
임페리얼레이크,2026-09-19,13:30,139000,golfpang,,,18홀,tr_220022812
세현,2026-09-19,13:37,250000,golfpang,,,18홀,tr_220100366
세현,2026-09-19,13:37,250000,golfpang,,,18홀,tr_220100367
클럽72,2026-09-19,18:40,140000,golfpang,,,18홀,tr_220348168
캐슬렉스,2026-09-19,06:04,250000,golfpang,,,18홀,tr_220348151
캐슬렉스,2026-09-19,08:45,250000,golfpang,,,18홀,tr_220348149
캐슬렉스,2026-09-19,13:46,250000,golfpang,,,18홀,tr_220348150
킹즈락,2026-09-19,06:38,140000,golfpang,,,18홀,tr_220348131
킹즈락,2026-09-19,06:38,140000,golfpang,,,18홀,tr_220348132
킹즈락,2026-09-19,06:38,140000,golfpang,,,18홀,tr_220348133
속리산cc,2026-09-19,14:14,110000,golfpang,,,18홀,tr_220348130
마이다스레이크 이천,2026-09-19,14:24,180000,golfpang,,,18홀,tr_220278618
속리산cc,2026-09-19,12:50,130000,golfpang,,,18홀,tr_220216667
로얄링스,2026-09-19,11:45,120000,golfpang,,,18홀,tr_219991586
클럽모우,2026-09-19,13:34,150000,golfpang,,,18홀,tr_220347149
골프존 송도(구.오렌지듄스),2026-09-19,13:50,179000,golfpang,,,18홀,tr_220348123
안성베네스트(챌),2026-09-19,06:58,199000,golfpang,,,18홀,tr_220348114
여주,2026-09-19,14:07,240000,golfpang,,,18홀,tr_220348101
여주,2026-09-19,14:00,240000,golfpang,,,18홀,tr_220348100
골프존 송도(구.오렌지듄스),2026-09-19,18:32,159000,golfpang,,,18홀,tr_220348099
세레니티-강촌,2026-09-19,17:46,140000,golfpang,,,18홀,tr_220346208
파주,2026-09-19,16:52,180000,golfpang,,,18홀,tr_220346561
중원,2026-09-19,08:35,150000,golfpang,,,18홀,tr_220348055
중원,2026-09-19,12:58,130000,golfpang,,,18홀,tr_220348056
마이다스레이크 이천,2026-09-19,14:03,190000,golfpang,,,18홀,tr_220346179
포웰(안성)cc,2026-09-19,13:57,152000,golfpang,,,18홀,tr_220346562
양평TPC,2026-09-19,12:40,160000,golfpang,,,18홀,tr_220346214
파주,2026-09-19,12:27,230000,golfpang,,,18홀,tr_220346545
포레스트힐,2026-09-19,17:50,140000,golfpang,,,18홀,tr_218624865
코브스윙,2026-09-19,12:42,200000,golfpang,,,18홀,tr_217147014
코브스윙,2026-09-19,13:52,180000,golfpang,,,18홀,tr_217147018
신라,2026-09-19,12:22,200000,golfpang,,,18홀,tr_220346219
보령베이스-퍼9,2026-09-19,11:56,89000,golfpang,,,18홀,tr_220347969
보령베이스-퍼9,2026-09-19,06:08,69000,golfpang,,,18홀,tr_220347968
보령베이스-퍼9,2026-09-19,18:12,59000,golfpang,,,18홀,tr_220347970
신라,2026-09-19,07:20,240000,golfpang,,,18홀,tr_220346217
블랙스톤벨포레,2026-09-19,13:13,110000,golfpang,,,18홀,tr_220347967
스카이밸리,2026-09-19,06:41,200000,golfpang,,,18홀,tr_220346210
한림광릉,2026-09-19,17:38,130000,golfpang,,,18홀,tr_220346167
골프존 안성W,2026-09-19,13:31,160000,golfpang,,,18홀,tr_220347953
골프존 안성W,2026-09-19,08:15,180000,golfpang,,,18홀,tr_220347952
골프존 안성W,2026-09-19,06:51,170000,golfpang,,,18홀,tr_220347951
골프존 안성H,2026-09-19,14:20,185000,golfpang,,,18홀,tr_220347903
골프존 안성H,2026-09-19,13:31,185000,golfpang,,,18홀,tr_220347902
포레스트힐,2026-09-19,18:31,140000,golfpang,,,18홀,tr_220347926
블랙스톤벨포레,2026-09-19,07:18,110000,golfpang,,,18홀,tr_220347901
포레스트힐,2026-09-19,18:10,140000,golfpang,,,18홀,tr_220347925
이글몬트,2026-09-19,06:37,195000,golfpang,,,18홀,tr_220347882
이글몬트,2026-09-19,06:41,195000,golfpang,,,18홀,tr_220347883
파주,2026-09-19,13:09,240000,golfpang,,,18홀,tr_220347875
파주,2026-09-19,13:09,240000,golfpang,,,18홀,tr_220347873
파주,2026-09-19,16:45,180000,golfpang,,,18홀,tr_220347874
오너스,2026-09-19,14:25,140000,golfpang,,,18홀,tr_219560256
골프존 송도(구.오렌지듄스),2026-09-19,13:43,179000,golfpang,,,18홀,tr_220347859
골프존 송도(구.오렌지듄스),2026-09-19,18:31,159000,golfpang,,,18홀,tr_220347860
골프존 송도(구.오렌지듄스),2026-09-19,06:25,199000,golfpang,,,18홀,tr_220347858
여주(비공개),2026-09-19,12:53,170000,golfpang,,,18홀,tr_220347857
이포,2026-09-19,12:54,190000,golfpang,,,18홀,tr_220346542
여주(비공개),2026-09-19,12:46,170000,golfpang,,,18홀,tr_220347855
이포,2026-09-19,12:54,190000,golfpang,,,18홀,tr_220347826
백제,2026-09-19,13:47,140000,golfpang,,,18홀,tr_220347825
써닝포인트,2026-09-19,18:04,155000,golfpang,,,18홀,tr_220347823
알펜시아700,2026-09-19,13:01,130000,golfpang,,,18홀,tr_219508875
신라,2026-09-19,13:41,180000,golfpang,,,18홀,tr_219444210
알프스대영,2026-09-19,18:33,59000,golfpang,,,18홀,tr_219337598
알펜시아700,2026-09-19,18:10,70000,golfpang,,,18홀,tr_219934724
더플레이어스,2026-09-19,12:30,160000,golfpang,,,18홀,tr_220012098
여주(비공개),2026-09-19,12:53,170000,golfpang,,,18홀,tr_220347808
여주(비공개),2026-09-19,12:32,170000,golfpang,,,18홀,tr_220347807
여주(비공개),2026-09-19,12:46,170000,golfpang,,,18홀,tr_220347809
스톤비치,2026-09-19,16:48,100000,golfpang,,,18홀,tr_218353209
모카cc,2026-09-19,08:25,150000,golfpang,,,18홀,tr_220347780
한림광릉,2026-09-19,17:20,160000,golfpang,,,18홀,tr_219785642
중원,2026-09-19,08:35,150000,golfpang,,,18홀,tr_220347769
여주(비공개),2026-09-19,12:46,170000,golfpang,,,18홀,tr_220347752
여주(비공개),2026-09-19,12:46,170000,golfpang,,,18홀,tr_220347754
여주(비공개),2026-09-19,12:53,170000,golfpang,,,18홀,tr_220347753
프린세스,2026-09-19,08:29,150000,golfpang,,,18홀,tr_220288455
옥스필드,2026-09-19,13:01,99000,golfpang,,,18홀,tr_219933718
클럽72,2026-09-19,08:27,220000,golfpang,,,18홀,tr_220347736
모나크,2026-09-19,18:30,110000,golfpang,,,18홀,tr_220347734
골프존 진천,2026-09-19,08:41,194000,golfpang,,,18홀,tr_220347708
골프존 진천,2026-09-19,06:49,169000,golfpang,,,18홀,tr_220347707
골프존 진천,2026-09-19,12:25,151000,golfpang,,,18홀,tr_220347709
포웰(안성)cc,2026-09-19,12:33,172000,golfpang,,,18홀,tr_220347696
떼제베,2026-09-19,18:16,130000,golfpang,,,18홀,tr_220347678
떼제베,2026-09-19,18:30,130000,golfpang,,,18홀,tr_220347679
떼제베,2026-09-19,18:02,130000,golfpang,,,18홀,tr_220347680
로얄링스,2026-09-19,12:27,160000,golfpang,,,18홀,tr_220347622
로얄링스,2026-09-19,13:23,160000,golfpang,,,18홀,tr_220347621
에덴블루,2026-09-19,12:47,209000,golfpang,,,18홀,tr_220347591
에덴블루,2026-09-19,06:42,199000,golfpang,,,18홀,tr_220347589
에덴블루,2026-09-19,07:13,209000,golfpang,,,18홀,tr_220347590
몽베르(대중제),2026-09-19,18:24,140000,golfpang,,,18홀,tr_220347568
몽베르(대중제),2026-09-19,18:24,140000,golfpang,,,18홀,tr_220347569
몽베르(대중제),2026-09-19,18:17,140000,golfpang,,,18홀,tr_220347567
오너스,2026-09-19,07:25,160000,golfpang,,,18홀,tr_220203516
모나크,2026-09-19,13:45,150000,golfpang,,,18홀,tr_220347565
골프존 진천,2026-09-19,14:24,141000,golfpang,,,18홀,tr_219338389
떼제베(동북),2026-09-19,07:49,120000,golfpang,,,18홀,tr_220347543
떼제베(동북),2026-09-19,17:48,110000,golfpang,,,18홀,tr_220347545
떼제베(동북),2026-09-19,18:02,110000,golfpang,,,18홀,tr_220347544
클럽D 거창,2026-09-19,12:01,95000,golfpang,,,18홀,tr_220347526
클럽D 거창,2026-09-19,08:33,95000,golfpang,,,18홀,tr_220347525
더플레이어스,2026-09-19,12:44,160000,golfpang,,,18홀,tr_220204796
이포,2026-09-19,12:54,200000,golfpang,,,18홀,tr_220204748
블랙스톤벨포레,2026-09-19,12:59,110000,golfpang,,,18홀,tr_220211189
라싸,2026-09-19,13:00,179000,golfpang,,,18홀,tr_220075274
이포,2026-09-19,18:41,140000,golfpang,,,18홀,tr_220204791
신라,2026-09-19,13:32,180000,golfpang,,,18홀,tr_220212039
진천(비공개),2026-09-19,13:26,180000,golfpang,,,18홀,tr_220204732
베뉴지,2026-09-19,13:30,160000,golfpang,,,18홀,tr_220075773
스카이밸리,2026-09-19,13:32,200000,golfpang,,,18홀,tr_220046263
포웰(안성)cc,2026-09-19,13:57,152000,golfpang,,,18홀,tr_220204814
오너스,2026-09-19,13:57,145000,golfpang,,,18홀,tr_219957381
백제,2026-09-19,13:54,140000,golfpang,,,18홀,tr_220075537
골프존 진천,2026-09-19,13:49,149000,golfpang,,,18홀,tr_220071048
마이다스레이크 이천,2026-09-19,13:49,190000,golfpang,,,18홀,tr_220204645
블랙스톤벨포레,2026-09-19,17:30,80000,golfpang,,,18홀,tr_220211208
골프존 화랑,2026-09-19,17:46,119000,golfpang,,,18홀,tr_220075025
남한강에스파크,2026-09-19,18:14,99000,golfpang,,,18홀,tr_220075073
솔모로,2026-09-19,13:14,190000,golfpang,,,18홀,tr_220204366
골프존 화랑,2026-09-19,06:34,175000,golfpang,,,18홀,tr_220074977
백제,2026-09-19,07:15,150000,golfpang,,,18홀,tr_220075434
진천(비공개),2026-09-19,07:17,180000,golfpang,,,18홀,tr_220204728
라싸,2026-09-19,07:33,219000,golfpang,,,18홀,tr_220075214
로얄링스,2026-09-19,07:45,120000,golfpang,,,18홀,tr_220075350
오너스,2026-09-19,08:28,175000,golfpang,,,18홀,tr_220070061
로얄링스,2026-09-19,11:45,120000,golfpang,,,18홀,tr_220070128
스타,2026-09-19,06:30,190000,golfpang,,,18홀,tr_220003113
동서울cc-퍼9,2026-09-19,07:00,89000,golfpang,,,18홀,tr_220290160
동서울cc-퍼9,2026-09-19,13:04,89000,golfpang,,,18홀,tr_220290161
골프존 진천,2026-09-19,13:28,149000,golfpang,,,18홀,tr_220220410
로얄포레,2026-09-19,12:34,129000,golfpang,,,18홀,tr_220347515
오로라,2026-09-19,12:39,140000,golfpang,,,18홀,tr_220299594
양평TPC,2026-09-19,13:50,150000,golfpang,,,18홀,tr_220258383
오로라,2026-09-19,12:39,140000,golfpang,,,18홀,tr_220299593
오로라,2026-09-19,12:39,140000,golfpang,,,18홀,tr_220299592
포웰(안성)cc,2026-09-19,18:39,112000,golfpang,,,18홀,tr_220347493
에덴블루,2026-09-19,18:35,129900,golfpang,,,18홀,tr_220347460
에덴블루,2026-09-19,06:42,199000,golfpang,,,18홀,tr_220347458
에덴블루,2026-09-19,12:30,209000,golfpang,,,18홀,tr_220347459
양지파인,2026-09-19,11:51,170000,golfpang,,,18홀,tr_220347419
양지파인,2026-09-19,08:37,190000,golfpang,,,18홀,tr_220347418
이포,2026-09-19,18:13,130000,golfpang,,,18홀,tr_220347417
골프클럽Q,2026-09-19,17:47,130000,golfpang,,,18홀,tr_220218579
한림용인,2026-09-19,17:31,150000,golfpang,,,18홀,tr_220219620
한림광릉,2026-09-19,17:38,150000,golfpang,,,18홀,tr_220220297
블랙스톤벨포레,2026-09-19,16:55,80000,golfpang,,,18홀,tr_220230500
중원,2026-09-19,13:54,140000,golfpang,,,18홀,tr_219230497
골프존 천안,2026-09-19,13:54,166000,golfpang,,,18홀,tr_219575997
백제,2026-09-19,13:54,140000,golfpang,,,18홀,tr_220034445
속리산cc,2026-09-19,13:53,130000,golfpang,,,18홀,tr_219230241
감곡,2026-09-19,13:49,160000,golfpang,,,18홀,tr_220221002
오로라,2026-09-19,13:42,140000,golfpang,,,18홀,tr_220230697
썬힐,2026-09-19,13:33,190000,golfpang,,,18홀,tr_220219939
일레븐,2026-09-19,13:17,115000,golfpang,,,18홀,tr_220222703
양평TPC,2026-09-19,13:29,160000,golfpang,,,18홀,tr_220219074
골프존 진천,2026-09-19,13:28,149000,golfpang,,,18홀,tr_219817644
한림용인,2026-09-19,13:25,180000,golfpang,,,18홀,tr_220219636
프린세스,2026-09-19,13:14,160000,golfpang,,,18홀,tr_220223219
골프존 안성H,2026-09-19,13:18,190000,golfpang,,,18홀,tr_220217215
로얄링스,2026-09-19,13:02,120000,golfpang,,,18홀,tr_219820682
해솔리아,2026-09-19,13:12,170000,golfpang,,,18홀,tr_220219907
골프존 화랑,2026-09-19,12:52,141000,golfpang,,,18홀,tr_219002085
더플레이어스,2026-09-19,12:51,160000,golfpang,,,18홀,tr_219598624
알프스대영,2026-09-19,17:57,69000,golfpang,,,18홀,tr_219599320
그랜드(청주),2026-09-19,17:46,120000,golfpang,,,18홀,tr_220221199
포레스트힐,2026-09-19,18:10,140000,golfpang,,,18홀,tr_219002146
힐마루 포천,2026-09-19,18:13,160000,golfpang,,,18홀,tr_220220184
이븐데일,2026-09-19,07:41,120000,golfpang,,,18홀,tr_220222308
모카cc,2026-09-19,08:18,150000,golfpang,,,18홀,tr_220221715
이븐데일,2026-09-19,11:44,115000,golfpang,,,18홀,tr_220222473
360도,2026-09-19,12:15,180000,golfpang,,,18홀,tr_220218560
알펜시아명문,2026-09-19,06:28,100000,golfpang,,,18홀,tr_219230890
골프존 안성W,2026-09-19,12:35,170000,golfpang,,,18홀,tr_219216523
대영힐스,2026-09-19,12:25,130000,golfpang,,,18홀,tr_220230758
양평TPC,2026-09-19,13:29,160000,golfpang,,,18홀,tr_220230499
모카cc,2026-09-19,08:12,150000,golfpang,,,18홀,tr_220183011
여주(비공개),2026-09-19,12:53,170000,golfpang,,,18홀,tr_220347388
로얄포레,2026-09-19,08:10,129000,golfpang,,,18홀,tr_220347385
여주(비공개),2026-09-19,12:46,170000,golfpang,,,18홀,tr_220347387
로얄포레,2026-09-19,11:38,139000,golfpang,,,18홀,tr_220002580
클럽모우,2026-09-19,12:59,180000,golfpang,,,18홀,tr_220142534
클럽72,2026-09-19,18:46,140000,golfpang,,,18홀,tr_220142571
더플레이어스,2026-09-19,12:44,160000,golfpang,,,18홀,tr_220011168
양양(비공개),2026-09-19,06:52,279000,golfpang,,,18홀,tr_216876010
골드,2026-09-19,17:47,149000,golfpang,,,18홀,tr_151185908
코리아,2026-09-19,17:33,149000,golfpang,,,18홀,tr_152034924
로얄링스,2026-09-19,13:02,120000,golfpang,,,18홀,tr_220347326
대영힐스,2026-09-19,17:52,89000,golfpang,,,18홀,tr_220182365
블랙스톤벨포레,2026-09-19,18:12,70000,golfpang,,,18홀,tr_220347325
중원,2026-09-19,08:35,150000,golfpang,,,18홀,tr_220347300
중원,2026-09-19,12:58,150000,golfpang,,,18홀,tr_220347301
레인보우힐스,2026-09-19,13:36,255000,golfpang,,,18홀,tr_220347261
레인보우힐스,2026-09-19,13:36,255000,golfpang,,,18홀,tr_220347260
필로스,2026-09-19,18:07,140000,golfpang,,,18홀,tr_220347259
대영베이스,2026-09-19,19:04,99000,golfpang,,,18홀,tr_220002567
떼제베,2026-09-19,18:09,110000,golfpang,,,18홀,tr_220347239
블랙스톤벨포레,2026-09-19,13:56,110000,golfpang,,,18홀,tr_220347238
떼제베(동북),2026-09-19,07:49,120000,golfpang,,,18홀,tr_220347234
스카이밸리,2026-09-19,06:34,190000,golfpang,,,18홀,tr_220345602
센추리21(퍼),2026-09-19,17:26,80000,golfpang,,,18홀,tr_219922814
센추리21(퍼),2026-09-19,12:04,125000,golfpang,,,18홀,tr_218871540
센추리21,2026-09-19,17:26,90000,golfpang,,,18홀,tr_219911965
동강시스타,2026-09-19,07:19,120000,golfpang,,,18홀,tr_220002495
센추리21(퍼),2026-09-19,07:00,120000,golfpang,,,18홀,tr_218871537
포웰(안성)cc,2026-09-19,17:57,122000,golfpang,,,18홀,tr_220347231
여주(비공개),2026-09-19,12:32,170000,golfpang,,,18홀,tr_220347199
한림광릉,2026-09-19,17:10,150000,golfpang,,,18홀,tr_219642738
옥스필드,2026-09-19,07:28,99000,golfpang,,,18홀,tr_220002958
여주(비공개),2026-09-19,12:32,170000,golfpang,,,18홀,tr_220347198
골프존 송도(구.오렌지듄스),2026-09-19,13:51,179000,golfpang,,,18홀,tr_220347197
강촌(비공개),2026-09-19,13:30,220000,golfpang,,,18홀,tr_219339959
남춘천,2026-09-19,06:50,180000,golfpang,,,18홀,tr_219990957
강촌(비공개),2026-09-19,06:30,230000,golfpang,,,18홀,tr_219339887
남춘천,2026-09-19,12:00,190000,golfpang,,,18홀,tr_219990965
신라,2026-09-19,12:47,190000,golfpang,,,18홀,tr_219470559
떼제베,2026-09-19,18:16,130000,golfpang,,,18홀,tr_220347186
중원,2026-09-19,08:35,150000,golfpang,,,18홀,tr_220347187
중원,2026-09-19,12:58,130000,golfpang,,,18홀,tr_220347188
중원,2026-09-19,12:58,130000,golfpang,,,18홀,tr_220253048
중원,2026-09-19,08:35,150000,golfpang,,,18홀,tr_220253047
해솔리아,2026-09-19,13:50,160000,golfpang,,,18홀,tr_220347165
중원,2026-09-19,08:45,150000,golfpang,,,18홀,tr_220288898
아난티중앙(야간),2026-09-19,17:53,140000,golfpang,,,18홀,tr_220347164
한림용인,2026-09-19,13:39,180000,golfpang,,,18홀,tr_220218830
동촌,2026-09-19,07:51,190000,golfpang,,,18홀,tr_220347160
양평TPC,2026-09-19,12:40,160000,golfpang,,,18홀,tr_220347150
한림광릉,2026-09-19,17:52,140000,golfpang,,,18홀,tr_219923540
마이다스레이크 이천,2026-09-19,14:24,180000,golfpang,,,18홀,tr_220149283
블루원용인(퍼),2026-09-19,18:36,135000,golfpang,,,18홀,tr_220347138
클럽72,2026-09-19,13:13,210000,golfpang,,,18홀,tr_220347139
골프존 화랑,2026-09-19,17:46,119000,golfpang,,,18홀,tr_220347135
블루원용인,2026-09-19,18:43,165000,golfpang,,,18홀,tr_220347127
대영힐스,2026-09-19,17:52,89000,golfpang,,,18홀,tr_220347126
중원,2026-09-19,12:51,130000,golfpang,,,18홀,tr_220255973
군산,2026-09-19,12:10,170000,golfpang,,,18홀,tr_220347066
군산,2026-09-19,06:30,160000,golfpang,,,18홀,tr_220347065
양평TPC,2026-09-19,13:43,150000,golfpang,,,18홀,tr_220347062
용인(비공개),2026-09-19,14:06,285000,golfpang,,,18홀,tr_220347034
대영힐스,2026-09-19,05:39,100000,golfpang,,,18홀,tr_220347027
더크로스비,2026-09-19,06:21,210000,golfpang,,,18홀,tr_220347024
세레니티-강촌,2026-09-19,17:46,140000,golfpang,,,18홀,tr_220347023
비에이비스타,2026-09-19,14:00,170000,golfpang,,,18홀,tr_220347013
비에이비스타,2026-09-19,06:28,200000,golfpang,,,18홀,tr_220347012
더크로스비,2026-09-19,11:45,210000,golfpang,,,18홀,tr_220346987
오너스,2026-09-19,08:21,160000,golfpang,,,18홀,tr_220240531
더플레이어스,2026-09-19,07:30,190000,golfpang,,,18홀,tr_220145136
힐마루 포천,2026-09-19,18:20,160000,golfpang,,,18홀,tr_220260286
일레븐,2026-09-19,17:44,75000,golfpang,,,18홀,tr_220145226
오너스,2026-09-19,14:25,140000,golfpang,,,18홀,tr_220325668
일레븐,2026-09-19,12:49,115000,golfpang,,,18홀,tr_220145158
더플레이어스,2026-09-19,11:55,160000,golfpang,,,18홀,tr_220145141
스프링베일-퍼9,2026-09-19,11:40,100000,golfpang,,,18홀,tr_218564367
베뉴지,2026-09-19,12:49,179000,golfpang,,,18홀,tr_220346985
남양주(퍼9),2026-09-19,16:27,129000,golfpang,,,18홀,tr_220346972
남양주(퍼9),2026-09-19,17:00,129000,golfpang,,,18홀,tr_220346971
남양주(퍼9),2026-09-19,18:00,129000,golfpang,,,18홀,tr_220346970
한림광릉,2026-09-19,18:34,140000,golfpang,,,18홀,tr_220346933
한림광릉,2026-09-19,17:52,140000,golfpang,,,18홀,tr_220346931
한림광릉,2026-09-19,18:13,140000,golfpang,,,18홀,tr_220346932
백제,2026-09-19,07:15,150000,golfpang,,,18홀,tr_220201519
라데나,2026-09-19,11:25,240000,golfpang,,,18홀,tr_219614017
중원,2026-09-19,08:21,150000,golfpang,,,18홀,tr_220255972
포웰(안성)cc,2026-09-19,12:33,172000,golfpang,,,18홀,tr_220346918
포웰(안성)cc,2026-09-19,12:33,172000,golfpang,,,18홀,tr_220346919
포웰(안성)cc,2026-09-19,12:33,172000,golfpang,,,18홀,tr_220346920
오너스,2026-09-19,08:28,175000,golfpang,,,18홀,tr_220306310
감곡,2026-09-19,18:34,110000,golfpang,,,18홀,tr_220216449
감곡,2026-09-19,14:03,150000,golfpang,,,18홀,tr_220216447
감곡,2026-09-19,13:49,150000,golfpang,,,18홀,tr_220216448
중원,2026-09-19,08:21,150000,golfpang,,,18홀,tr_220326319
한림용인,2026-09-19,17:38,158000,golfpang,,,18홀,tr_220346860
빅토리아-퍼9,2026-09-19,18:20,99000,golfpang,,,18홀,tr_220346862
포웰(안성)cc,2026-09-19,17:57,122000,golfpang,,,18홀,tr_220346827
몽베르,2026-09-19,13:48,260000,golfpang,,,18홀,tr_220346808
몽베르,2026-09-19,13:40,260000,golfpang,,,18홀,tr_220346807
스타,2026-09-19,18:31,100000,golfpang,,,18홀,tr_220002608
윈체스트,2026-09-19,06:10,215000,golfpang,,,18홀,tr_217365790
윈체스트,2026-09-19,12:07,230000,golfpang,,,18홀,tr_219479745
포웰(안성)cc,2026-09-19,13:36,152000,golfpang,,,18홀,tr_220346766
중원,2026-09-19,12:58,130000,golfpang,,,18홀,tr_220346756
중원,2026-09-19,08:35,150000,golfpang,,,18홀,tr_220346755
중원,2026-09-19,12:58,130000,golfpang,,,18홀,tr_220346744
중원,2026-09-19,08:35,150000,golfpang,,,18홀,tr_220346743
플라밍고,2026-09-19,11:54,190000,golfpang,,,18홀,tr_220346657
플라밍고,2026-09-19,12:01,180000,golfpang,,,18홀,tr_220346658
플라밍고,2026-09-19,13:18,170000,golfpang,,,18홀,tr_220346659
여주(비공개),2026-09-19,12:46,170000,golfpang,,,18홀,tr_220346643
여주(비공개),2026-09-19,12:53,170000,golfpang,,,18홀,tr_220346644
일레븐,2026-09-19,12:42,115000,golfpang,,,18홀,tr_220125192
푸른솔포천,2026-09-19,12:45,250000,golfpang,,,18홀,tr_220346626
푸른솔포천,2026-09-19,07:10,250000,golfpang,,,18홀,tr_220346625
캐슬렉스,2026-09-19,06:04,250000,golfpang,,,18홀,tr_220346609
캐슬렉스,2026-09-19,13:46,250000,golfpang,,,18홀,tr_220346610
한림용인,2026-09-19,11:54,210000,golfpang,,,18홀,tr_220184022
파주,2026-09-19,17:34,170000,golfpang,,,18홀,tr_220346594
포웰(안성)cc,2026-09-19,12:33,172000,golfpang,,,18홀,tr_220346585
포웰(안성)cc,2026-09-19,12:33,172000,golfpang,,,18홀,tr_220346584
포웰(안성)cc,2026-09-19,12:33,172000,golfpang,,,18홀,tr_220346583
여주(비공개),2026-09-19,12:53,170000,golfpang,,,18홀,tr_220346567
여주(비공개),2026-09-19,12:46,170000,golfpang,,,18홀,tr_220346566
대영베이스,2026-09-19,17:57,95000,golfpang,,,18홀,tr_220346564
여주(비공개),2026-09-19,12:53,170000,golfpang,,,18홀,tr_220346548
여주(비공개),2026-09-19,12:53,170000,golfpang,,,18홀,tr_220346547
여주(비공개),2026-09-19,12:46,170000,golfpang,,,18홀,tr_220346546
블랙스톤벨포레,2026-09-19,12:20,100000,golfpang,,,18홀,tr_219784239
일레븐,2026-09-19,12:20,115000,golfpang,,,18홀,tr_219786191
그린힐,2026-09-19,18:50,100000,golfpang,,,18홀,tr_220001383
포웰(안성)cc,2026-09-19,19:00,105000,golfpang,,,18홀,tr_219560099
플라밍고,2026-09-19,18:50,90000,golfpang,,,18홀,tr_220001360
플라밍고,2026-09-19,18:50,90000,golfpang,,,18홀,tr_220209840
블랙스톤벨포레,2026-09-19,18:00,60000,golfpang,,,18홀,tr_219784234
블랙스톤벨포레,2026-09-19,17:00,70000,golfpang,,,18홀,tr_219784243
해솔리아,2026-09-19,13:30,160000,golfpang,,,18홀,tr_220336139
플라밍고,2026-09-19,13:20,140000,golfpang,,,18홀,tr_220001356
포웰(안성)cc,2026-09-19,13:20,152000,golfpang,,,18홀,tr_219560096
대영베이스,2026-09-19,13:39,139000,golfpang,,,18홀,tr_220346543
포천힐스,2026-09-19,13:06,230000,golfpang,,,18홀,tr_220086810
골프존 천안,2026-09-19,13:05,166000,golfpang,,,18홀,tr_219751197
클럽D 거창,2026-09-19,11:33,95000,golfpang,,,18홀,tr_220290590
클럽D 거창,2026-09-19,08:37,95000,golfpang,,,18홀,tr_220290589
이글몬트,2026-09-19,06:48,195000,golfpang,,,18홀,tr_220289519
포웰(안성)cc,2026-09-19,12:40,182000,golfpang,,,18홀,tr_219968738
스톤비치,2026-09-19,12:41,160000,golfpang,,,18홀,tr_219980661
비발디파크E,2026-09-19,13:06,208000,golfpang,,,18홀,tr_219716175
이천실크밸리,2026-09-19,13:38,155000,golfpang,,,18홀,tr_219923603
포웰(안성)cc,2026-09-19,13:43,172000,golfpang,,,18홀,tr_219968739
몽베르(대중제),2026-09-19,18:03,140000,golfpang,,,18홀,tr_220290080
스프링베일-퍼9,2026-09-19,11:47,105000,golfpang,,,18홀,tr_220121134
포천힐스,2026-09-19,11:56,230000,golfpang,,,18홀,tr_220086809
포천힐스,2026-09-19,12:24,230000,golfpang,,,18홀,tr_220086811
히든밸리,2026-09-19,12:23,180000,golfpang,,,18홀,tr_219717269
비발디파크W,2026-09-19,12:31,208000,golfpang,,,18홀,tr_219716658
클럽모우,2026-09-19,12:45,180000,golfpang,,,18홀,tr_220346475
클럽모우,2026-09-19,13:41,150000,golfpang,,,18홀,tr_220346476
마이다스레이크 이천,2026-09-19,14:03,190000,golfpang,,,18홀,tr_220346474
한림광릉,2026-09-19,17:10,150000,golfpang,,,18홀,tr_220289324
군산,2026-09-19,11:28,170000,golfpang,,,18홀,tr_219889280
한림광릉,2026-09-19,18:06,150000,golfpang,,,18홀,tr_220289325
예미지,2026-09-19,13:15,170000,golfpang,,,18홀,tr_220288146
휘닉스,2026-09-19,12:37,220000,golfpang,,,18홀,tr_219747154
마이다스레이크 이천,2026-09-19,12:46,200000,golfpang,,,18홀,tr_220288368
클럽72,2026-09-19,19:07,140000,golfpang,,,18홀,tr_220346426
아세코밸리-퍼9,2026-09-19,12:44,130000,golfpang,,,18홀,tr_219957530
남양주(퍼9),2026-09-19,17:27,119000,golfpang,,,18홀,tr_220179931
클럽72,2026-09-19,18:18,150000,golfpang,,,18홀,tr_220346381
남양주(퍼9),2026-09-19,16:27,129000,golfpang,,,18홀,tr_220179954
예미지,2026-09-19,13:22,170000,golfpang,,,18홀,tr_220346218
골프존 송도(구.오렌지듄스),2026-09-19,06:04,169000,golfpang,,,18홀,tr_220346060
베뉴지,2026-09-19,13:09,165000,golfpang,,,18홀,tr_220179851
예미지,2026-09-19,13:15,170000,golfpang,,,18홀,tr_220346173
써닝포인트,2026-09-19,18:04,155000,golfpang,,,18홀,tr_220346144
클럽모우,2026-09-19,13:48,150000,golfpang,,,18홀,tr_219158414
그랜드(청주),2026-09-19,18:42,120000,golfpang,,,18홀,tr_220346456
더크로스비,2026-09-19,11:45,210000,golfpang,,,18홀,tr_220346455
마이다스레이크 이천,2026-09-19,14:10,180000,golfpang,,,18홀,tr_220095375
백제,2026-09-19,13:54,140000,golfpang,,,18홀,tr_220097330
베뉴지,2026-09-19,13:30,160000,golfpang,,,18홀,tr_220097332
신라,2026-09-19,13:32,180000,golfpang,,,18홀,tr_219456128
스카이밸리,2026-09-19,13:32,200000,golfpang,,,18홀,tr_220097433
라싸,2026-09-19,13:14,179000,golfpang,,,18홀,tr_220097238
양평TPC,2026-09-19,13:15,160000,golfpang,,,18홀,tr_219456040
가평프리스틴밸리,2026-09-19,13:17,220000,golfpang,,,18홀,tr_220097738
로얄링스,2026-09-19,13:02,120000,golfpang,,,18홀,tr_219691445
이포,2026-09-19,12:54,200000,golfpang,,,18홀,tr_219456197
더플레이어스,2026-09-19,12:37,160000,golfpang,,,18홀,tr_219456387
파주,2026-09-19,12:27,230000,golfpang,,,18홀,tr_219455973
로얄링스,2026-09-19,07:59,120000,golfpang,,,18홀,tr_219691444
더플레이어스,2026-09-19,07:16,190000,golfpang,,,18홀,tr_219456239
포웰(안성)cc,2026-09-19,18:39,112000,golfpang,,,18홀,tr_220097866
이포,2026-09-19,18:41,140000,golfpang,,,18홀,tr_220097605
필로스,2026-09-19,18:00,140000,golfpang,,,18홀,tr_219455982
한림용인,2026-09-19,17:38,158000,golfpang,,,18홀,tr_220097898
파주,2026-09-19,17:34,170000,golfpang,,,18홀,tr_219456094
아세코밸리-퍼9,2026-09-19,18:13,110000,golfpang,,,18홀,tr_220002557
해솔리아,2026-09-19,13:19,170000,golfpang,,,18홀,tr_220304861
알프스대영,2026-09-19,11:14,115000,golfpang,,,18홀,tr_219519179
힐마루 포천,2026-09-19,18:06,160000,golfpang,,,18홀,tr_220057118
유니아일랜드,2026-09-19,15:49,140000,golfpang,,,18홀,tr_220000355
모나크,2026-09-19,13:03,150000,golfpang,,,18홀,tr_219480237
아세코밸리-퍼9,2026-09-19,17:38,110000,golfpang,,,18홀,tr_219372274
옥스필드,2026-09-19,12:41,119000,golfpang,,,18홀,tr_219519255
골프존 안성W,2026-09-19,08:36,190000,golfpang,,,18홀,tr_220214162
이천실크밸리,2026-09-19,13:52,155000,golfpang,,,18홀,tr_220346429
이천실크밸리,2026-09-19,07:45,195000,golfpang,,,18홀,tr_220346428
이천실크밸리,2026-09-19,18:17,110000,golfpang,,,18홀,tr_220346430
세레니티-강촌,2026-09-19,18:00,140000,golfpang,,,18홀,tr_219968068
여주(비공개),2026-09-19,12:46,170000,golfpang,,,18홀,tr_220346412
여주(비공개),2026-09-19,12:53,170000,golfpang,,,18홀,tr_220346413
더크로스비,2026-09-19,06:21,210000,golfpang,,,18홀,tr_220346410
더크로스비,2026-09-19,13:58,197000,golfpang,,,18홀,tr_220346409
해솔리아,2026-09-19,06:14,170000,golfpang,,,18홀,tr_220346383
해솔리아,2026-09-19,18:11,135000,golfpang,,,18홀,tr_220346385
해솔리아,2026-09-19,13:47,160000,golfpang,,,18홀,tr_220346384
양지파인,2026-09-19,11:51,170000,golfpang,,,18홀,tr_220346357
양지파인,2026-09-19,08:37,190000,golfpang,,,18홀,tr_220346356
블랙스톤벨포레,2026-09-19,18:34,70000,golfpang,,,18홀,tr_220306062
골프존 송도(구.오렌지듄스),2026-09-19,18:32,159000,golfpang,,,18홀,tr_220305980
블랙스톤벨포레,2026-09-19,13:56,110000,golfpang,,,18홀,tr_220305614
베뉴지,2026-09-19,12:49,179000,golfpang,,,18홀,tr_220305425
클럽72,2026-09-19,18:40,140000,golfpang,,,18홀,tr_220306135
남한강에스파크,2026-09-19,13:13,189000,golfpang,,,18홀,tr_220346293
남한강에스파크,2026-09-19,18:21,119000,golfpang,,,18홀,tr_220346294
남한강에스파크,2026-09-19,06:41,179000,golfpang,,,18홀,tr_220346292
비콘힐스,2026-09-19,18:25,90000,golfpang,,,18홀,tr_218566020
포웰(안성)cc,2026-09-19,19:20,105000,golfpang,,,18홀,tr_219998690
포웰(안성)cc,2026-09-19,18:10,112000,golfpang,,,18홀,tr_219998688
일레븐,2026-09-19,17:30,75000,golfpang,,,18홀,tr_219776785
블랙스톤벨포레,2026-09-19,17:15,70000,golfpang,,,18홀,tr_220253294
로얄링스,2026-09-19,07:40,120000,golfpang,,,18홀,tr_220256022
그린힐,2026-09-19,19:05,100000,golfpang,,,18홀,tr_219998758
플라밍고,2026-09-19,13:30,140000,golfpang,,,18홀,tr_219998755
블랙스톤벨포레,2026-09-19,12:45,100000,golfpang,,,18홀,tr_219998756
일레븐,2026-09-19,12:40,115000,golfpang,,,18홀,tr_219998686
로얄링스,2026-09-19,12:40,120000,golfpang,,,18홀,tr_220256025
플라밍고,2026-09-19,19:05,90000,golfpang,,,18홀,tr_219998718
아세코밸리-퍼9,2026-09-19,18:13,110000,golfpang,,,18홀,tr_220346249
포웰(안성)cc,2026-09-19,13:57,152000,golfpang,,,18홀,tr_220346244
백제,2026-09-19,13:54,140000,golfpang,,,18홀,tr_220346221
라싸,2026-09-19,08:26,239000,golfpang,,,18홀,tr_220346216
라싸,2026-09-19,06:48,209000,golfpang,,,18홀,tr_220094614
세레니티-강촌,2026-09-19,07:17,210000,golfpang,,,18홀,tr_219791380
더플레이어스,2026-09-19,07:16,190000,golfpang,,,18홀,tr_219994103
샤인데일,2026-09-19,08:12,200000,golfpang,,,18홀,tr_220190912
남춘천,2026-09-19,08:50,220000,golfpang,,,18홀,tr_220207804
포천힐스,2026-09-19,11:49,230000,golfpang,,,18홀,tr_220150926
세레니티-강촌,2026-09-19,12:07,210000,golfpang,,,18홀,tr_219791381
포천힐스,2026-09-19,12:10,230000,golfpang,,,18홀,tr_220150927
스프링베일-퍼9,2026-09-19,12:08,105000,golfpang,,,18홀,tr_220209224
남양주(퍼9),2026-09-19,12:20,139000,golfpang,,,18홀,tr_220201714
클럽모우,2026-09-19,12:31,180000,golfpang,,,18홀,tr_220206577
라싸,2026-09-19,12:39,189000,golfpang,,,18홀,tr_220094615
남춘천,2026-09-19,06:25,180000,golfpang,,,18홀,tr_220207803
비콘힐스,2026-09-19,18:26,90000,golfpang,,,18홀,tr_219969257
푸른솔포천,2026-09-19,06:07,230000,golfpang,,,18홀,tr_220230505
필로스,2026-09-19,18:20,140000,golfpang,,,18홀,tr_219780364
몽베르(대중제),2026-09-19,18:24,140000,golfpang,,,18홀,tr_219999703
몽베르(대중제),2026-09-19,18:03,140000,golfpang,,,18홀,tr_219999702
라싸,2026-09-19,18:00,139000,golfpang,,,18홀,tr_220094616
비콘힐스,2026-09-19,17:51,90000,golfpang,,,18홀,tr_219969256
세레니티-강촌,2026-09-19,17:39,140000,golfpang,,,18홀,tr_219791382
스프링베일-퍼9,2026-09-19,17:36,90000,golfpang,,,18홀,tr_220209225
몽베르(대중제),2026-09-19,17:28,150000,golfpang,,,18홀,tr_219999701
비콘힐스,2026-09-19,17:02,90000,golfpang,,,18홀,tr_219969255
남양주(퍼9),2026-09-19,17:07,119000,golfpang,,,18홀,tr_220201716
남양주(퍼9),2026-09-19,16:34,129000,golfpang,,,18홀,tr_220201715
베뉴지,2026-09-19,13:58,160000,golfpang,,,18홀,tr_220151014
푸른솔포천,2026-09-19,13:55,230000,golfpang,,,18홀,tr_220230506
가평베네스트,2026-09-19,13:42,239000,golfpang,,,18홀,tr_220207645
베뉴지,2026-09-19,13:23,165000,golfpang,,,18홀,tr_220151013
클럽모우,2026-09-19,13:20,180000,golfpang,,,18홀,tr_220206578
더플레이어스,2026-09-19,13:05,160000,golfpang,,,18홀,tr_219994104
포천힐스,2026-09-19,13:06,230000,golfpang,,,18홀,tr_220150928
해솔리아,2026-09-19,13:50,160000,golfpang,,,18홀,tr_220346213
리베라,2026-09-19,17:21,150000,golfpang,,,18홀,tr_220198703
아세코밸리-퍼9,2026-09-19,17:18,110000,golfpang,,,18홀,tr_220199774
한림용인,2026-09-19,18:06,155000,golfpang,,,18홀,tr_220201518
그랜드(청주),2026-09-19,17:04,130000,golfpang,,,18홀,tr_220203902
인천그랜드,2026-09-19,17:04,189000,golfpang,,,18홀,tr_220200711
해솔리아,2026-09-19,18:04,135000,golfpang,,,18홀,tr_220201734
골프존 안성W,2026-09-19,18:38,130000,golfpang,,,18홀,tr_220197741
리베라,2026-09-19,18:03,140000,golfpang,,,18홀,tr_220198615
해솔리아,2026-09-19,12:55,170000,golfpang,,,18홀,tr_220201737
힐마루 포천,2026-09-19,18:06,160000,golfpang,,,18홀,tr_220182161
그랜드(청주),2026-09-19,17:39,120000,golfpang,,,18홀,tr_220203903
골프존 화랑,2026-09-19,18:14,99000,golfpang,,,18홀,tr_220190371
골프존 진천,2026-09-19,13:00,149000,golfpang,,,18홀,tr_220203832
골프클럽Q,2026-09-19,17:54,130000,golfpang,,,18홀,tr_219991952
써닝포인트,2026-09-19,17:50,165000,golfpang,,,18홀,tr_220195290
골프존 안성W,2026-09-19,13:38,170000,golfpang,,,18홀,tr_220197736
속리산cc,2026-09-19,13:32,130000,golfpang,,,18홀,tr_219332178
감곡,2026-09-19,13:35,160000,golfpang,,,18홀,tr_220007802
양평TPC,2026-09-19,13:22,170000,golfpang,,,18홀,tr_220200130
모나크,2026-09-19,18:19,110000,golfpang,,,18홀,tr_220204051
포레스트힐,2026-09-19,18:10,140000,golfpang,,,18홀,tr_219555058
한림용인,2026-09-19,13:13,185000,golfpang,,,18홀,tr_220201491
모카cc,2026-09-19,13:14,139000,golfpang,,,18홀,tr_219912993
프린세스,2026-09-19,13:14,160000,golfpang,,,18홀,tr_220346182
프린세스,2026-09-19,13:14,160000,golfpang,,,18홀,tr_220346181
프린세스,2026-09-19,12:04,165000,golfpang,,,18홀,tr_220346180
라싸,2026-09-19,08:26,239000,golfpang,,,18홀,tr_220346177
골프존 화랑,2026-09-19,12:52,145000,golfpang,,,18홀,tr_220346174
대영베이스,2026-09-19,17:44,99000,golfpang,,,18홀,tr_219989668
블랙스톤벨포레,2026-09-19,17:44,80000,golfpang,,,18홀,tr_220209113
프린세스,2026-09-19,17:41,125000,golfpang,,,18홀,tr_219557476
이븐데일,2026-09-19,06:24,99000,golfpang,,,18홀,tr_220208712
떼제베,2026-09-19,06:32,130000,golfpang,,,18홀,tr_220218383
킹즈락,2026-09-19,06:31,130000,golfpang,,,18홀,tr_219555153
스타,2026-09-19,06:30,180000,golfpang,,,18홀,tr_220106228
골든베이,2026-09-19,06:30,150000,golfpang,,,18홀,tr_218977346
센테리움,2026-09-19,06:46,179000,golfpang,,,18홀,tr_220107054
일레븐,2026-09-19,07:05,135000,golfpang,,,18홀,tr_220145259
떼제베,2026-09-19,07:00,140000,golfpang,,,18홀,tr_220218384
동촌,2026-09-19,07:23,190000,golfpang,,,18홀,tr_220032646
올데이,2026-09-19,07:56,119000,golfpang,,,18홀,tr_220214540
떼제베(동북),2026-09-19,07:49,130000,golfpang,,,18홀,tr_220219128
프린세스,2026-09-19,08:26,190000,golfpang,,,18홀,tr_219557474
모카cc,2026-09-19,08:25,150000,golfpang,,,18홀,tr_220208188
속리산cc,2026-09-19,08:25,170000,golfpang,,,18홀,tr_219995939
플라밍고,2026-09-19,08:33,190000,golfpang,,,18홀,tr_220198496
이븐데일,2026-09-19,11:31,115000,golfpang,,,18홀,tr_220208713
올데이,2026-09-19,11:45,119000,golfpang,,,18홀,tr_220214541
로얄포레,2026-09-19,11:31,149000,golfpang,,,18홀,tr_220214058
속리산cc,2026-09-19,11:54,160000,golfpang,,,18홀,tr_219995940
일레븐,2026-09-19,11:53,125000,golfpang,,,18홀,tr_220145260
임페리얼레이크,2026-09-19,11:59,139000,golfpang,,,18홀,tr_220213637
모나크,2026-09-19,12:21,180000,golfpang,,,18홀,tr_219555976
힐데스하임,2026-09-19,12:49,155000,golfpang,,,18홀,tr_220221976
프린세스,2026-09-19,12:53,175000,golfpang,,,18홀,tr_219557475
모나크,2026-09-19,13:03,170000,golfpang,,,18홀,tr_219555974
스타,2026-09-19,13:02,180000,golfpang,,,18홀,tr_220106229
대영베이스,2026-09-19,13:12,155000,golfpang,,,18홀,tr_219989666
골든베이,2026-09-19,13:10,150000,golfpang,,,18홀,tr_218977347
센테리움,2026-09-19,13:18,159000,golfpang,,,18홀,tr_220107055
플라밍고,2026-09-19,13:25,170000,golfpang,,,18홀,tr_220198497
대영힐스,2026-09-19,13:30,139000,golfpang,,,18홀,tr_219822676
스타,2026-09-19,13:30,180000,golfpang,,,18홀,tr_220106230
감곡,2026-09-19,13:42,160000,golfpang,,,18홀,tr_220220949
모카cc,2026-09-19,13:56,130000,golfpang,,,18홀,tr_220208189
백제,2026-09-19,13:54,140000,golfpang,,,18홀,tr_220033140
백제,2026-09-19,13:54,140000,golfpang,,,18홀,tr_220033139
감곡,2026-09-19,14:03,160000,golfpang,,,18홀,tr_220220950
속리산cc,2026-09-19,14:00,140000,golfpang,,,18홀,tr_219995941
로얄포레,2026-09-19,06:18,109000,golfpang,,,18홀,tr_220214057
대영힐스,2026-09-19,06:00,119000,golfpang,,,18홀,tr_219822675
힐데스하임,2026-09-19,06:07,150000,golfpang,,,18홀,tr_220221975
임페리얼레이크,2026-09-19,06:04,109000,golfpang,,,18홀,tr_220213636
힐데스하임,2026-09-19,18:41,100000,golfpang,,,18홀,tr_220221977
블랙스톤벨포레,2026-09-19,18:40,70000,golfpang,,,18홀,tr_220209114
떼제베(동북),2026-09-19,18:30,110000,golfpang,,,18홀,tr_220219130
골프존 진천,2026-09-19,13:49,149000,golfpang,,,18홀,tr_220346169
감곡,2026-09-19,18:48,120000,golfpang,,,18홀,tr_220220951
오로라,2026-09-19,18:16,90000,golfpang,,,18홀,tr_220346163
비에이비스타,2026-09-19,06:29,210000,golfpang,,,18홀,tr_220207642
비에이비스타(퍼),2026-09-19,12:16,170000,golfpang,,,18홀,tr_220206877
골든베이,2026-09-19,06:59,150000,golfpang,,,18홀,tr_220212854
오로라,2026-09-19,12:25,140000,golfpang,,,18홀,tr_220241861
이븐데일,2026-09-19,13:09,90000,golfpang,,,18홀,tr_220283444
모나크,2026-09-19,13:03,150000,golfpang,,,18홀,tr_220242740
골프존 화랑,2026-09-19,12:52,141000,golfpang,,,18홀,tr_220239703
중원,2026-09-19,12:58,140000,golfpang,,,18홀,tr_220250032
스타,2026-09-19,13:02,180000,golfpang,,,18홀,tr_220104905
비발디파크E,2026-09-19,12:50,224000,golfpang,,,18홀,tr_220152893
스프링베일-퍼9,2026-09-19,12:50,105000,golfpang,,,18홀,tr_220106745
힐데스하임,2026-09-19,12:49,155000,golfpang,,,18홀,tr_220115492
동서울cc-퍼9,2026-09-19,12:42,94000,golfpang,,,18홀,tr_220153517
이븐데일,2026-09-19,12:48,90000,golfpang,,,18홀,tr_220283442
라싸,2026-09-19,12:39,189000,golfpang,,,18홀,tr_220230227
오로라,2026-09-19,12:39,150000,golfpang,,,18홀,tr_220152043
골프존 안성W,2026-09-19,12:35,170000,golfpang,,,18홀,tr_220214250
이븐데일,2026-09-19,12:34,90000,golfpang,,,18홀,tr_220283443
모나크,2026-09-19,12:14,160000,golfpang,,,18홀,tr_220242741
골프존 진천,2026-09-19,12:25,156000,golfpang,,,18홀,tr_220214296
해솔리아,2026-09-19,12:23,170000,golfpang,,,18홀,tr_220262160
남양주(퍼9),2026-09-19,12:20,139000,golfpang,,,18홀,tr_220106971
골프존 진천,2026-09-19,12:32,156000,golfpang,,,18홀,tr_220214297
스프링베일-퍼9,2026-09-19,12:01,105000,golfpang,,,18홀,tr_220106744
포천힐스,2026-09-19,12:10,230000,golfpang,,,18홀,tr_220152623
세레니티-강촌,2026-09-19,12:07,210000,golfpang,,,18홀,tr_220086897
대호단양,2026-09-19,11:52,179000,golfpang,,,18홀,tr_220012827
웰리힐리,2026-09-19,12:06,190000,golfpang,,,18홀,tr_220130662
알펜시아명문,2026-09-19,11:14,170000,golfpang,,,18홀,tr_220126826
스프링베일-퍼9,2026-09-19,08:23,115000,golfpang,,,18홀,tr_220106743
모카cc,2026-09-19,08:18,150000,golfpang,,,18홀,tr_220022890
골프존 안성W,2026-09-19,08:15,190000,golfpang,,,18홀,tr_220214249
중원,2026-09-19,08:35,160000,golfpang,,,18홀,tr_220250031
해솔리아,2026-09-19,07:24,180000,golfpang,,,18홀,tr_220262159
동촌,2026-09-19,07:23,190000,golfpang,,,18홀,tr_220013884
힐데스하임,2026-09-19,07:22,165000,golfpang,,,18홀,tr_220115491
웰리힐리,2026-09-19,07:34,190000,golfpang,,,18홀,tr_220130661
360도,2026-09-19,07:07,180000,golfpang,,,18홀,tr_220007916
안성베네스트(챌),2026-09-19,06:51,199000,golfpang,,,18홀,tr_220219477
세레니티-강촌,2026-09-19,06:49,210000,golfpang,,,18홀,tr_220086896
라싸,2026-09-19,06:48,209000,golfpang,,,18홀,tr_220230226
센테리움,2026-09-19,06:46,159000,golfpang,,,18홀,tr_220219909
킹즈락,2026-09-19,06:45,140000,golfpang,,,18홀,tr_220203912
스카이밸리,2026-09-19,06:55,220000,golfpang,,,18홀,tr_220104218
이글몬트,2026-09-19,06:41,195000,golfpang,,,18홀,tr_220261740
벨라스톤,2026-09-19,06:35,159000,golfpang,,,18홀,tr_220075320
유니아일랜드,2026-09-19,06:43,190000,golfpang,,,18홀,tr_220131093
알펜시아명문,2026-09-19,06:28,100000,golfpang,,,18홀,tr_220126825
대호단양,2026-09-19,06:28,149000,golfpang,,,18홀,tr_220012826
동촌,2026-09-19,06:27,170000,golfpang,,,18홀,tr_220013883
킹즈락,2026-09-19,06:24,130000,golfpang,,,18홀,tr_220203906
스타,2026-09-19,06:23,180000,golfpang,,,18홀,tr_220204741
360도,2026-09-19,06:22,170000,golfpang,,,18홀,tr_220007915
푸른솔포천,2026-09-19,06:07,230000,golfpang,,,18홀,tr_220124701
세레니티-강촌,2026-09-19,17:39,140000,golfpang,,,18홀,tr_220086898
그린힐,2026-09-19,17:35,140000,golfpang,,,18홀,tr_220008742
그린힐,2026-09-19,17:35,140000,golfpang,,,18홀,tr_220008741
빅토리아-퍼9,2026-09-19,17:38,99000,golfpang,,,18홀,tr_220086082
빅토리아-퍼9,2026-09-19,17:38,99000,golfpang,,,18홀,tr_220086081
파주,2026-09-19,17:20,170000,golfpang,,,18홀,tr_220345999
파주,2026-09-19,17:13,170000,golfpang,,,18홀,tr_220150198
알펜시아700,2026-09-19,17:30,80000,golfpang,,,18홀,tr_220107311
남양주(퍼9),2026-09-19,17:07,119000,golfpang,,,18홀,tr_220106973
남양주(퍼9),2026-09-19,16:27,129000,golfpang,,,18홀,tr_220106972
대호단양,2026-09-19,16:27,119000,golfpang,,,18홀,tr_220012828
유니아일랜드,2026-09-19,15:56,140000,golfpang,,,18홀,tr_220131095
유니아일랜드,2026-09-19,15:14,150000,golfpang,,,18홀,tr_220131094
골프존 화랑,2026-09-19,14:02,131000,golfpang,,,18홀,tr_220239704
신라,2026-09-19,14:07,180000,golfpang,,,18홀,tr_220241112
백제,2026-09-19,13:54,140000,golfpang,,,18홀,tr_220032748
비발디파크E,2026-09-19,13:54,208000,golfpang,,,18홀,tr_220152895
백제,2026-09-19,14:01,140000,golfpang,,,18홀,tr_220032747
신라,2026-09-19,14:00,180000,golfpang,,,18홀,tr_220241111
자유로,2026-09-19,14:05,210000,golfpang,,,18홀,tr_220153299
골프존 진천,2026-09-19,14:03,149000,golfpang,,,18홀,tr_220214298
스카이밸리,2026-09-19,13:53,200000,golfpang,,,18홀,tr_220104219
센테리움,2026-09-19,13:53,149000,golfpang,,,18홀,tr_220219910
비발디파크W,2026-09-19,13:13,208000,golfpang,,,18홀,tr_220152961
알펜시아명문,2026-09-19,13:13,170000,golfpang,,,18홀,tr_220126827
베뉴지,2026-09-19,13:09,165000,golfpang,,,18홀,tr_220046126
비발디파크W,2026-09-19,13:20,208000,golfpang,,,18홀,tr_220152962
포천힐스,2026-09-19,13:20,230000,golfpang,,,18홀,tr_220152624
골든베이,2026-09-19,13:17,150000,golfpang,,,18홀,tr_220007778
웰리힐리,2026-09-19,13:22,190000,golfpang,,,18홀,tr_220130663
골프존 안성H,2026-09-19,13:31,185000,golfpang,,,18홀,tr_220238777
골프존 안성H,2026-09-19,13:31,185000,golfpang,,,18홀,tr_220238775
속리산cc,2026-09-19,13:32,130000,golfpang,,,18홀,tr_220097241
속리산cc,2026-09-19,13:32,130000,golfpang,,,18홀,tr_220097240
몽베르,2026-09-19,13:40,260000,golfpang,,,18홀,tr_220029425
해솔리아,2026-09-19,13:40,160000,golfpang,,,18홀,tr_220262161
골프존 안성W,2026-09-19,13:38,170000,golfpang,,,18홀,tr_220214251
골프존 안성H,2026-09-19,13:38,185000,golfpang,,,18홀,tr_220238776
알펜시아700,2026-09-19,13:45,130000,golfpang,,,18홀,tr_220107310
골든베이,2026-09-19,13:45,150000,golfpang,,,18홀,tr_220007779
자유로,2026-09-19,13:44,220000,golfpang,,,18홀,tr_220153298
감곡,2026-09-19,13:42,160000,golfpang,,,18홀,tr_220240867
가평베네스트,2026-09-19,13:42,250000,golfpang,,,18홀,tr_220239506
오로라,2026-09-19,13:42,140000,golfpang,,,18홀,tr_220152044
벨라스톤,2026-09-19,13:42,169000,golfpang,,,18홀,tr_220075319
감곡,2026-09-19,13:49,160000,golfpang,,,18홀,tr_220240866
솔모로,2026-09-19,13:49,180000,golfpang,,,18홀,tr_220102927
솔모로,2026-09-19,13:49,180000,golfpang,,,18홀,tr_220102926
모카cc,2026-09-19,13:49,130000,golfpang,,,18홀,tr_220022891
몽베르,2026-09-19,13:48,260000,golfpang,,,18홀,tr_220029426
비발디파크E,2026-09-19,13:46,208000,golfpang,,,18홀,tr_220152894
용인(비공개),2026-09-19,13:52,219000,golfpang,,,18홀,tr_220118038
베뉴지,2026-09-19,13:51,160000,golfpang,,,18홀,tr_220046127
푸른솔포천,2026-09-19,13:55,230000,golfpang,,,18홀,tr_220124702
알프스대영,2026-09-19,16:47,99000,golfpang,,,18홀,tr_220241373
신라,2026-09-19,14:07,180000,golfpang,,,18홀,tr_220321111
신라,2026-09-19,14:14,180000,golfpang,,,18홀,tr_220321112
리베라,2026-09-19,17:35,140000,golfpang,,,18홀,tr_220305651
360도,2026-09-19,12:15,200000,golfpang,,,18홀,tr_220242235
리베라,2026-09-19,14:31,210000,golfpang,,,18홀,tr_220305650
360도,2026-09-19,06:22,180000,golfpang,,,18홀,tr_220242234
리베라,2026-09-19,17:42,140000,golfpang,,,18홀,tr_220305652
동촌,2026-09-19,06:27,170000,golfpang,,,18홀,tr_220032645
세현,2026-09-19,18:44,160000,golfpang,,,18홀,tr_220327306
세현,2026-09-19,18:23,170000,golfpang,,,18홀,tr_220327307
세현,2026-09-19,18:09,170000,golfpang,,,18홀,tr_220327305
그린힐,2026-09-19,17:35,140000,golfpang,,,18홀,tr_220326144
포웰(안성)cc,2026-09-19,12:33,172000,golfpang,,,18홀,tr_220325742
그린힐,2026-09-19,17:42,140000,golfpang,,,18홀,tr_220326145
스카이밸리,2026-09-19,13:32,200000,golfpang,,,18홀,tr_220346143
양지파인,2026-09-19,11:51,170000,golfpang,,,18홀,tr_220328587
클럽72,2026-09-19,19:00,150000,golfpang,,,18홀,tr_220345372
클럽72,2026-09-19,08:13,240000,golfpang,,,18홀,tr_220345371
양지파인,2026-09-19,08:37,190000,golfpang,,,18홀,tr_220328586
여주,2026-09-19,14:00,240000,golfpang,,,18홀,tr_220336324
클럽72,2026-09-19,06:49,220000,golfpang,,,18홀,tr_220345370
에덴블루,2026-09-19,06:42,199000,golfpang,,,18홀,tr_220346061
에덴블루,2026-09-19,06:28,210000,golfpang,,,18홀,tr_220346063
에덴블루,2026-09-19,12:30,220000,golfpang,,,18홀,tr_220346062
킹스데일,2026-09-19,07:26,210000,golfpang,,,18홀,tr_220346000
킹스데일,2026-09-19,07:26,210000,golfpang,,,18홀,tr_220346001
용인플라자,2026-09-19,18:00,140000,golfpang,,,18홀,tr_219996539
에덴블루,2026-09-19,06:42,199000,golfpang,,,18홀,tr_220345958
중원,2026-09-19,12:58,130000,golfpang,,,18홀,tr_220345991
에덴블루,2026-09-19,12:30,209000,golfpang,,,18홀,tr_220345959
에덴블루,2026-09-19,18:04,129900,golfpang,,,18홀,tr_220345960
더크로스비,2026-09-19,11:45,210000,golfpang,,,18홀,tr_220345957
센테리움,2026-09-19,06:46,159000,golfpang,,,18홀,tr_220345915
더크로스비,2026-09-19,06:21,210000,golfpang,,,18홀,tr_220345914
센테리움,2026-09-19,14:00,149000,golfpang,,,18홀,tr_220345916
스톤비치,2026-09-19,08:13,150000,golfpang,,,18홀,tr_220057863
신라,2026-09-19,13:32,180000,golfpang,,,18홀,tr_220345912
스톤비치,2026-09-19,07:59,140000,golfpang,,,18홀,tr_220242499
용인플라자,2026-09-19,17:30,140000,golfpang,,,18홀,tr_218970860
블랙스톤벨포레,2026-09-19,18:12,70000,golfpang,,,18홀,tr_220003238
아난티중앙(야간),2026-09-19,17:53,140000,golfpang,,,18홀,tr_220255852
골프존 천안,2026-09-19,13:54,166000,golfpang,,,18홀,tr_220345910
골프존 진천,2026-09-19,14:17,141000,golfpang,,,18홀,tr_220345909
한림광릉,2026-09-19,17:38,140000,golfpang,,,18홀,tr_220345874
한림광릉,2026-09-19,06:10,210000,golfpang,,,18홀,tr_220345872
한림광릉,2026-09-19,17:17,150000,golfpang,,,18홀,tr_220345873
더크로스비,2026-09-19,13:51,207000,golfpang,,,18홀,tr_220345210
이븐데일,2026-09-19,11:59,90000,golfpang,,,18홀,tr_220345866
이븐데일,2026-09-19,18:28,80000,golfpang,,,18홀,tr_220345867
이븐데일,2026-09-19,06:38,95000,golfpang,,,18홀,tr_220345865
한림광릉,2026-09-19,17:38,140000,golfpang,,,18홀,tr_220345864
베뉴지,2026-09-19,13:30,160000,golfpang,,,18홀,tr_220345863
이글몬트,2026-09-19,06:34,195000,golfpang,,,18홀,tr_220345846
샤인데일,2026-09-19,08:12,200000,golfpang,,,18홀,tr_220345795
대영힐스,2026-09-19,18:00,89000,golfpang,,,18홀,tr_220297179
더플레이어스,2026-09-19,12:20,160000,golfpang,,,18홀,tr_220239415
알프스대영,2026-09-19,12:00,109000,golfpang,,,18홀,tr_218213918
이천실크밸리,2026-09-19,17:20,130000,golfpang,,,18홀,tr_219338490
프린세스,2026-09-19,08:30,150000,golfpang,,,18홀,tr_220306659
오로라,2026-09-19,17:00,110000,golfpang,,,18홀,tr_219241890
클럽모우,2026-09-19,13:30,160000,golfpang,,,18홀,tr_220299457
골프존 송도(구.오렌지듄스),2026-09-19,13:57,179000,golfpang,,,18홀,tr_220345781
골프존 송도(구.오렌지듄스),2026-09-19,18:52,159000,golfpang,,,18홀,tr_220345782
골프존 송도(구.오렌지듄스),2026-09-19,05:57,169000,golfpang,,,18홀,tr_220345780
로얄링스,2026-09-19,07:10,120000,golfpang,,,18홀,tr_220345779
동서울cc-퍼9,2026-09-19,13:04,89000,golfpang,,,18홀,tr_220210114
비에이비스타(퍼),2026-09-19,12:15,170000,golfpang,,,18홀,tr_220210722
골든베이,2026-09-19,06:37,150000,golfpang,,,18홀,tr_219787431
골든베이,2026-09-19,13:31,150000,golfpang,,,18홀,tr_219791078
비에이비스타,2026-09-19,18:06,130000,golfpang,,,18홀,tr_220210725
동서울cc-퍼9,2026-09-19,17:07,65000,golfpang,,,18홀,tr_220210115
마이다스레이크 이천,2026-09-19,14:25,180000,golfpang,,,18홀,tr_220289405
양지파인,2026-09-19,11:51,170000,golfpang,,,18홀,tr_220345760
양지파인,2026-09-19,08:07,190000,golfpang,,,18홀,tr_220345759
남춘천,2026-09-19,13:49,160000,golfpang,,,18홀,tr_220190512
로얄링스,2026-09-19,07:10,120000,golfpang,,,18홀,tr_220345758
이포,2026-09-19,18:13,130000,golfpang,,,18홀,tr_220183998
진천(비공개),2026-09-19,13:26,180000,golfpang,,,18홀,tr_220345757
골프존 진천,2026-09-19,14:17,141000,golfpang,,,18홀,tr_220220886
캐슬렉스,2026-09-19,06:04,250000,golfpang,,,18홀,tr_220345724
캐슬렉스,2026-09-19,13:46,250000,golfpang,,,18홀,tr_220345725
골프존 진천,2026-09-19,14:00,141000,golfpang,,,18홀,tr_220345723
아난티중앙(야간),2026-09-19,17:53,140000,golfpang,,,18홀,tr_220210006
코리아-퍼9,2026-09-19,11:53,130000,golfpang,,,18홀,tr_220345716
골프존 진천,2026-09-19,12:30,151000,golfpang,,,18홀,tr_220345715
한림광릉,2026-09-19,17:38,140000,golfpang,,,18홀,tr_220032255
로얄링스,2026-09-19,07:10,120000,golfpang,,,18홀,tr_220306512
한림광릉,2026-09-19,17:38,140000,golfpang,,,18홀,tr_220345713
스톤비치,2026-09-19,07:45,140000,golfpang,,,18홀,tr_217774875
가평베네스트,2026-09-19,13:42,239000,golfpang,,,18홀,tr_220345707
이포,2026-09-19,17:52,140000,golfpang,,,18홀,tr_220326324
대호단양,2026-09-19,06:00,139000,golfpang,,,18홀,tr_220345622
대호단양,2026-09-19,07:38,179000,golfpang,,,18홀,tr_220345623
대호단양,2026-09-19,17:16,119000,golfpang,,,18홀,tr_220345624
스카이밸리,2026-09-19,12:15,190000,golfpang,,,18홀,tr_220345603
로얄링스,2026-09-19,12:43,120000,golfpang,,,18홀,tr_220305385
골프존 진천,2026-09-19,13:00,149000,golfpang,,,18홀,tr_217793603
웅포,2026-09-19,11:42,140000,golfpang,,,18홀,tr_218502945
골프존 진천,2026-09-19,08:41,194000,golfpang,,,18홀,tr_220229990
골프존 진천,2026-09-19,06:54,169000,golfpang,,,18홀,tr_218341551
블루원용인,2026-09-19,18:08,175000,golfpang,,,18홀,tr_218838811
몽베르(대중제),2026-09-19,18:31,140000,golfpang,,,18홀,tr_220345582
몽베르(대중제),2026-09-19,17:56,140000,golfpang,,,18홀,tr_220345581
몽베르(대중제),2026-09-19,17:21,150000,golfpang,,,18홀,tr_220345580
비에이비스타,2026-09-19,18:07,130000,golfpang,,,18홀,tr_220006288
비에이비스타(퍼),2026-09-19,17:59,110000,golfpang,,,18홀,tr_220004266
비에이비스타,2026-09-19,13:25,170000,golfpang,,,18홀,tr_220006287
포천힐스,2026-09-19,13:55,230000,golfpang,,,18홀,tr_220345567
포천힐스,2026-09-19,13:06,230000,golfpang,,,18홀,tr_220345566
포천힐스,2026-09-19,12:10,230000,golfpang,,,18홀,tr_220345565
스카이밸리,2026-09-19,13:53,190000,golfpang,,,18홀,tr_219909377
블랙스톤벨포레,2026-09-19,13:20,110000,golfpang,,,18홀,tr_220345531
안성베네스트(챌),2026-09-19,06:51,199000,golfpang,,,18홀,tr_220345489
그린힐,2026-09-19,17:35,140000,golfpang,,,18홀,tr_220345465
그린힐,2026-09-19,17:42,140000,golfpang,,,18홀,tr_220345466
그린힐,2026-09-19,17:42,140000,golfpang,,,18홀,tr_220345467
이포,2026-09-19,18:41,140000,golfpang,,,18홀,tr_220004691
라싸,2026-09-19,12:18,199000,golfpang,,,18홀,tr_220204495
스프링베일-퍼9,2026-09-19,11:40,105000,golfpang,,,18홀,tr_220345451
스프링베일-퍼9,2026-09-19,06:59,105000,golfpang,,,18홀,tr_220345449
골프존 송도(구.오렌지듄스),2026-09-19,06:04,169000,golfpang,,,18홀,tr_220345464
스프링베일-퍼9,2026-09-19,07:55,115000,golfpang,,,18홀,tr_220345450
오로라,2026-09-19,18:30,90000,golfpang,,,18홀,tr_220345415
오로라,2026-09-19,12:46,140000,golfpang,,,18홀,tr_220345414
오로라,2026-09-19,12:39,140000,golfpang,,,18홀,tr_220345413
오너스,2026-09-19,08:28,240000,golfpang,,,18홀,tr_220337064
속초(비공개),2026-09-19,13:01,160000,golfpang,,,18홀,tr_219557606
안성베네스트(클),2026-09-19,13:11,199000,golfpang,,,18홀,tr_220015134
속초(비공개),2026-09-19,06:51,160000,golfpang,,,18홀,tr_219557580
마이다스레이크 이천,2026-09-19,12:11,200000,golfpang,,,18홀,tr_219558134
스프링베일-퍼9,2026-09-19,12:02,105000,golfpang,,,18홀,tr_220179282
가평베네스트,2026-09-19,13:41,250000,golfpang,,,18홀,tr_220261175
라싸,2026-09-19,11:57,199000,golfpang,,,18홀,tr_220204491
푸른솔포천,2026-09-19,06:07,240000,golfpang,,,18홀,tr_219937874
푸른솔포천,2026-09-19,13:55,230000,golfpang,,,18홀,tr_219937873
파주,2026-09-19,17:06,180000,golfpang,,,18홀,tr_220150700
파주,2026-09-19,18:02,170000,golfpang,,,18홀,tr_220150701
파주,2026-09-19,16:45,180000,golfpang,,,18홀,tr_220342663
아세코밸리-퍼9,2026-09-19,18:13,110000,golfpang,,,18홀,tr_220345330
파주,2026-09-19,12:13,250000,golfpang,,,18홀,tr_220150702
골프존 진천,2026-09-19,14:17,141000,golfpang,,,18홀,tr_220345329
골프존 송도(구.오렌지듄스),2026-09-19,13:50,179000,golfpang,,,18홀,tr_220336770
파주타이거,2026-09-19,17:59,190000,golfpang,,,18홀,tr_220338987
골프존 진천,2026-09-19,14:17,141000,golfpang,,,18홀,tr_220345328
라싸,2026-09-19,18:00,139000,golfpang,,,18홀,tr_220345294
올데이,2026-09-19,07:00,109000,golfpang,,,18홀,tr_220345269
올데이,2026-09-19,11:31,119000,golfpang,,,18홀,tr_220345270
올데이,2026-09-19,17:05,79000,golfpang,,,18홀,tr_220345271
가평프리스틴밸리,2026-09-19,13:17,220000,golfpang,,,18홀,tr_220345268
한림광릉,2026-09-19,12:06,230000,golfpang,,,18홀,tr_220345241
한림광릉,2026-09-19,13:44,210000,golfpang,,,18홀,tr_220345242
블랙스톤벨포레,2026-09-19,12:50,100000,golfpang,,,18홀,tr_220261017
포웰(안성)cc,2026-09-19,13:40,152000,golfpang,,,18홀,tr_220149509
리베라,2026-09-19,17:42,140000,golfpang,,,18홀,tr_220345236
일레븐,2026-09-19,18:00,75000,golfpang,,,18홀,tr_220149380
그린힐,2026-09-19,19:05,100000,golfpang,,,18홀,tr_220149743
비콘힐스,2026-09-19,18:42,90000,golfpang,,,18홀,tr_220149535
센테리움,2026-09-19,06:46,159000,golfpang,,,18홀,tr_220345212
센테리움,2026-09-19,13:11,139000,golfpang,,,18홀,tr_220345213
양평TPC,2026-09-19,13:15,160000,golfpang,,,18홀,tr_220345211
대영힐스,2026-09-19,13:36,129000,golfpang,,,18홀,tr_220345185
대영힐스,2026-09-19,13:36,129000,golfpang,,,18홀,tr_220345184
담양레이나,2026-09-19,06:47,146000,golfpang,,,18홀,tr_220326108
웅포,2026-09-19,07:19,131000,golfpang,,,18홀,tr_220326423
엠스클럽 의성,2026-09-19,18:14,81000,golfpang,,,18홀,tr_220325821
엠스클럽 의성,2026-09-19,18:07,81000,golfpang,,,18홀,tr_220325775
무등산,2026-09-19,07:13,161000,golfpang,,,18홀,tr_220326329
파라지오,2026-09-19,18:02,76000,golfpang,,,18홀,tr_220325655
안동 리버힐,2026-09-19,17:05,86000,golfpang,,,18홀,tr_220325573
골프존 구미,2026-09-19,18:59,73000,golfpang,,,18홀,tr_220325897
태인,2026-09-19,14:08,151000,golfpang,,,18홀,tr_220328237
어등산,2026-09-19,14:07,161000,golfpang,,,18홀,tr_220328199
골프존 순천,2026-09-19,14:23,136000,golfpang,,,18홀,tr_220328279
웅포,2026-09-19,14:00,131000,golfpang,,,18홀,tr_220328080
함평엘리체,2026-09-19,14:05,111000,golfpang,,,18홀,tr_220328115
골프존 드래곤,2026-09-19,07:05,122000,golfpang,,,18홀,tr_220326228
석정힐,2026-09-19,13:55,116000,golfpang,,,18홀,tr_220327973
화순엘리체,2026-09-19,07:53,136000,golfpang,,,18홀,tr_220326547
함평엘리체,2026-09-19,13:30,111000,golfpang,,,18홀,tr_220327818
푸른솔장성,2026-09-19,07:55,161000,golfpang,,,18홀,tr_220326577
담양레이나,2026-09-19,13:02,146000,golfpang,,,18홀,tr_220327659
다산베아체,2026-09-19,13:08,121000,golfpang,,,18홀,tr_220327693
어등산,2026-09-19,13:11,171000,golfpang,,,18홀,tr_220327781
아크로,2026-09-19,06:21,151000,golfpang,,,18홀,tr_220325769
함평엘리체,2026-09-19,08:24,111000,golfpang,,,18홀,tr_220326908
안동 리버힐,2026-09-19,11:51,131000,golfpang,,,18홀,tr_220325474
담양레이나,2026-09-19,07:57,146000,golfpang,,,18홀,tr_220326718
전주샹그릴라,2026-09-19,12:51,141000,golfpang,,,18홀,tr_220327592
골프존 드래곤,2026-09-19,12:11,147000,golfpang,,,18홀,tr_220327245
안동 리버힐,2026-09-19,07:48,111000,golfpang,,,18홀,tr_220325301
전주샹그릴라,2026-09-19,08:32,141000,golfpang,,,18홀,tr_220326967
골프존 드래곤,2026-09-19,08:15,132000,golfpang,,,18홀,tr_220326897
대영베이스,2026-09-19,16:57,109000,golfpang,,,18홀,tr_220345157
대영베이스,2026-09-19,19:04,85000,golfpang,,,18홀,tr_220345158
라싸,2026-09-19,13:14,179000,golfpang,,,18홀,tr_220204497
자유로,2026-09-19,13:51,220000,golfpang,,,18홀,tr_220001854
스타,2026-09-19,06:23,190000,golfpang,,,18홀,tr_220345123
스타,2026-09-19,13:02,180000,golfpang,,,18홀,tr_220345124
스타,2026-09-19,18:31,110000,golfpang,,,18홀,tr_220345125
힐데스하임,2026-09-19,19:26,80000,golfpang,,,18홀,tr_220345100
힐데스하임,2026-09-19,06:07,120000,golfpang,,,18홀,tr_220345098
힐데스하임,2026-09-19,12:19,140000,golfpang,,,18홀,tr_220345099
해솔리아,2026-09-19,13:47,160000,golfpang,,,18홀,tr_220345071
해솔리아,2026-09-19,18:04,135000,golfpang,,,18홀,tr_220345072
해솔리아,2026-09-19,06:21,170000,golfpang,,,18홀,tr_220345070
감곡,2026-09-19,18:48,120000,golfpang,,,18홀,tr_220345068
이포,2026-09-19,18:41,140000,golfpang,,,18홀,tr_220214781
감곡,2026-09-19,13:49,150000,golfpang,,,18홀,tr_220345065
가평프리스틴밸리,2026-09-19,13:17,240000,golfpang,,,18홀,tr_220211893
이포,2026-09-19,12:54,200000,golfpang,,,18홀,tr_220212216
라싸,2026-09-19,13:14,179000,golfpang,,,18홀,tr_220345047
남춘천,2026-09-19,12:30,180000,golfpang,,,18홀,tr_220250550
강촌(비공개),2026-09-19,06:30,230000,golfpang,,,18홀,tr_220305428
포천힐스,2026-09-19,11:50,230000,golfpang,,,18홀,tr_219322107
중원,2026-09-19,08:21,150000,golfpang,,,18홀,tr_220345046
스카이밸리,2026-09-19,06:50,200000,golfpang,,,18홀,tr_220250553
로얄링스,2026-09-19,13:02,120000,golfpang,,,18홀,tr_220345039
화성,2026-09-19,17:22,110000,golfpang,,,18홀,tr_220345038
클럽모우,2026-09-19,14:09,180000,golfpang,,,18홀,tr_220343392
클럽모우,2026-09-19,14:16,180000,golfpang,,,18홀,tr_220343793
포천힐스,2026-09-19,14:02,240000,golfpang,,,18홀,tr_220343837
클럽모우,2026-09-19,13:55,180000,golfpang,,,18홀,tr_220343393
클럽모우,2026-09-19,12:45,180000,golfpang,,,18홀,tr_220343794
파주,2026-09-19,17:13,170000,golfpang,,,18홀,tr_220342664
파주,2026-09-19,16:24,190000,golfpang,,,18홀,tr_220342662
라싸,2026-09-19,17:53,149000,golfpang,,,18홀,tr_220343257
파주타이거,2026-09-19,17:53,190000,golfpang,,,18홀,tr_220344813
파주타이거,2026-09-19,17:53,190000,golfpang,,,18홀,tr_220344727
스프링베일-퍼9,2026-09-19,17:57,-1,golfpang,,,18홀,tr_220344785
파주타이거,2026-09-19,18:11,190000,golfpang,,,18홀,tr_220344728
파주,2026-09-19,18:16,170000,golfpang,,,18홀,tr_220342665
파주,2026-09-19,18:30,170000,golfpang,,,18홀,tr_220342666
라싸,2026-09-19,18:42,139000,golfpang,,,18홀,tr_220343259
라싸,2026-09-19,18:35,139000,golfpang,,,18홀,tr_220343258
라싸,2026-09-19,06:48,239000,golfpang,,,18홀,tr_220342982
스프링베일-퍼9,2026-09-19,06:10,-1,golfpang,,,18홀,tr_220344536
서원힐스,2026-09-19,05:32,240000,golfpang,,,18홀,tr_220344021
라싸,2026-09-19,18:56,139000,golfpang,,,18홀,tr_220343260
양평TPC,2026-09-19,12:54,160000,golfpang,,,18홀,tr_220342599
양평TPC,2026-09-19,06:59,200000,golfpang,,,18홀,tr_220342598
중원,2026-09-19,12:58,140000,golfpang,,,18홀,tr_220342547
스톤비치,2026-09-19,13:02,140000,golfpang,,,18홀,tr_218353212
골프존 진천,2026-09-19,12:46,151000,golfpang,,,18홀,tr_220342533
골프존 진천,2026-09-19,06:42,169000,golfpang,,,18홀,tr_220342532
골프존 진천,2026-09-19,14:03,141000,golfpang,,,18홀,tr_220342534
해솔리아,2026-09-19,13:19,170000,golfpang,,,18홀,tr_220342528
한림용인,2026-09-19,17:38,158000,golfpang,,,18홀,tr_220208512
필로스,2026-09-19,18:07,140000,golfpang,,,18홀,tr_220208509
골프존 안성W,2026-09-19,11:53,160000,golfpang,,,18홀,tr_220342479
골프존 안성W,2026-09-19,06:51,170000,golfpang,,,18홀,tr_220342477
골프존 안성W,2026-09-19,08:50,180000,golfpang,,,18홀,tr_220342478
임페리얼레이크,2026-09-19,17:33,99000,golfpang,,,18홀,tr_220342426
임페리얼레이크,2026-09-19,11:31,129000,golfpang,,,18홀,tr_220342425
임페리얼레이크,2026-09-19,18:01,99000,golfpang,,,18홀,tr_220342424
알프스대영,2026-09-19,07:01,119000,golfpang,,,18홀,tr_220342382
알프스대영,2026-09-19,18:39,59000,golfpang,,,18홀,tr_220342381
알프스대영,2026-09-19,13:06,119000,golfpang,,,18홀,tr_220342383
이포,2026-09-19,12:54,200000,golfpang,,,18홀,tr_220342423
해솔리아,2026-09-19,06:21,180000,golfpang,,,18홀,tr_220342380
라싸,2026-09-19,13:14,179000,golfpang,,,18홀,tr_220213576
골프존 송도(구.오렌지듄스),2026-09-19,13:50,179000,golfpang,,,18홀,tr_220342378
파주,2026-09-19,16:45,190000,golfpang,,,18홀,tr_220324769
클럽모우,2026-09-19,13:41,150000,golfpang,,,18홀,tr_220326009
클럽모우,2026-09-19,13:41,150000,golfpang,,,18홀,tr_220326010
골프존 안성W,2026-09-19,19:06,120000,golfpang,,,18홀,tr_220342364
골프존 안성W,2026-09-19,12:35,160000,golfpang,,,18홀,tr_220342363
가평프리스틴밸리,2026-09-19,13:17,220000,golfpang,,,18홀,tr_220208457
중원,2026-09-19,12:58,130000,golfpang,,,18홀,tr_220342360
용인플라자,2026-09-19,17:40,140000,golfpang,,,18홀,tr_220327179
용인플라자,2026-09-19,18:20,140000,golfpang,,,18홀,tr_218911566
용인플라자,2026-09-19,11:30,240000,golfpang,,,18홀,tr_220282958
클럽모우,2026-09-19,13:48,180000,golfpang,,,18홀,tr_219813899
베뉴지,2026-09-19,13:09,165000,golfpang,,,18홀,tr_220241725
아세코밸리-퍼9,2026-09-19,12:44,130000,golfpang,,,18홀,tr_220001718
클럽72,2026-09-19,18:18,150000,golfpang,,,18홀,tr_220262182
남양주(퍼9),2026-09-19,17:27,119000,golfpang,,,18홀,tr_220238907
남양주(퍼9),2026-09-19,13:14,139000,golfpang,,,18홀,tr_220236523
포웰(안성)cc,2026-09-19,17:57,122000,golfpang,,,18홀,tr_220208455
로얄포레,2026-09-19,12:34,129000,golfpang,,,18홀,tr_220342340
로얄포레,2026-09-19,07:00,119000,golfpang,,,18홀,tr_220342339
로얄포레,2026-09-19,11:31,139000,golfpang,,,18홀,tr_220342341
더플레이어스,2026-09-19,12:44,160000,golfpang,,,18홀,tr_220342337
포웰(안성)cc,2026-09-19,12:54,152000,golfpang,,,18홀,tr_220208453
한림용인,2026-09-19,11:54,210000,golfpang,,,18홀,tr_220342312
한림용인,2026-09-19,18:55,145000,golfpang,,,18홀,tr_220342314
한림용인,2026-09-19,17:38,150000,golfpang,,,18홀,tr_220342313
중원,2026-09-19,12:58,130000,golfpang,,,18홀,tr_220262267
그린힐,2026-09-19,17:42,140000,golfpang,,,18홀,tr_220260371
대영힐스,2026-09-19,17:52,89000,golfpang,,,18홀,tr_220305813
벨라45 마스터스,2026-09-19,17:52,115000,golfpang,,,18홀,tr_220087829
오로라,2026-09-19,17:50,100000,golfpang,,,18홀,tr_220301984
클럽모우,2026-09-19,08:29,210000,golfpang,,,18홀,tr_220304459
오너스,2026-09-19,08:28,175000,golfpang,,,18홀,tr_220290557
플라밍고,2026-09-19,08:33,190000,golfpang,,,18홀,tr_220210843
자유로,2026-09-19,08:52,250000,golfpang,,,18홀,tr_220210543
안성베네스트(클),2026-09-19,07:12,290000,golfpang,,,18홀,tr_220241731
동촌,2026-09-19,07:23,200000,golfpang,,,18홀,tr_220212016
웰리힐리,2026-09-19,07:34,190000,golfpang,,,18홀,tr_220056240
킹스데일,2026-09-19,07:26,210000,golfpang,,,18홀,tr_220325545
대영베이스,2026-09-19,07:47,150000,golfpang,,,18홀,tr_220306477
센테리움,2026-09-19,06:46,159000,golfpang,,,18홀,tr_220219794
휘닉스,2026-09-19,06:52,220000,golfpang,,,18홀,tr_220049247
스프링베일-퍼9,2026-09-19,06:52,105000,golfpang,,,18홀,tr_220107488
골든베이,2026-09-19,06:51,150000,golfpang,,,18홀,tr_220210784
세레니티-강촌,2026-09-19,06:49,210000,golfpang,,,18홀,tr_220139494
동강시스타,2026-09-19,06:58,110000,golfpang,,,18홀,tr_220079774
안성베네스트(챌),2026-09-19,06:58,199000,golfpang,,,18홀,tr_220328282
에스앤-퍼9,2026-09-19,06:56,60000,golfpang,,,18홀,tr_220250121
더플레이어스,2026-09-19,06:55,190000,golfpang,,,18홀,tr_220152518
골프존 화랑,2026-09-19,06:55,165000,golfpang,,,18홀,tr_220211118
로얄포레,2026-09-19,07:00,119000,golfpang,,,18홀,tr_220325916
올데이,2026-09-19,07:00,99000,golfpang,,,18홀,tr_220326113
양평TPC,2026-09-19,06:59,200000,golfpang,,,18홀,tr_220249972
알펜시아명문,2026-09-19,07:10,120000,golfpang,,,18홀,tr_219982773
푸른솔포천,2026-09-19,07:10,260000,golfpang,,,18홀,tr_220301710
남춘천,2026-09-19,07:07,220000,golfpang,,,18홀,tr_220104933
골프존 안성W,2026-09-19,07:05,170000,golfpang,,,18홀,tr_220315541
대호단양,2026-09-19,06:28,149000,golfpang,,,18홀,tr_220222410
이글몬트,2026-09-19,06:34,195000,golfpang,,,18홀,tr_220278620
동서울cc-퍼9,2026-09-19,06:31,79000,golfpang,,,18홀,tr_220260900
이븐데일,2026-09-19,06:38,95000,golfpang,,,18홀,tr_220211492
스톤비치,2026-09-19,06:35,130000,golfpang,,,18홀,tr_220210732
센추리21(퍼),2026-09-19,06:35,120000,golfpang,,,18홀,tr_220151864
벨라스톤,2026-09-19,06:35,159000,golfpang,,,18홀,tr_220094745
알펜시아명문,2026-09-19,06:35,100000,golfpang,,,18홀,tr_219982772
클럽D 거창,2026-09-19,06:41,80000,golfpang,,,18홀,tr_220210577
이글몬트,2026-09-19,06:41,195000,golfpang,,,18홀,tr_220278621
킹즈락,2026-09-19,06:45,140000,golfpang,,,18홀,tr_220210620
에델바이스(가명),2026-09-19,06:42,180000,golfpang,,,18홀,tr_220213425
에덴블루,2026-09-19,06:42,199000,golfpang,,,18홀,tr_220336376
골프존 진천,2026-09-19,06:42,169000,golfpang,,,18홀,tr_220214610
푸른솔포천,2026-09-19,06:07,230000,golfpang,,,18홀,tr_220301709
파인밸리,2026-09-19,06:17,125000,golfpang,,,18홀,tr_220051981
킹즈락,2026-09-19,06:17,130000,golfpang,,,18홀,tr_220210619
해솔리아,2026-09-19,06:14,170000,golfpang,,,18홀,tr_220289948
파인스톤,2026-09-19,06:21,220000,golfpang,,,18홀,tr_220210923
스카이밸리,2026-09-19,06:20,200000,golfpang,,,18홀,tr_220296981
동촌,2026-09-19,06:27,190000,golfpang,,,18홀,tr_220212015
남춘천,2026-09-19,06:25,180000,golfpang,,,18홀,tr_220104932
파인밸리,2026-09-19,06:24,125000,golfpang,,,18홀,tr_220051982
일레븐,2026-09-19,06:23,130000,golfpang,,,18홀,tr_220211415
세레니티cc,2026-09-19,06:23,240000,golfpang,,,18홀,tr_220211850
스타,2026-09-19,06:23,180000,golfpang,,,18홀,tr_220211622
임페리얼레이크,2026-09-19,05:50,109000,golfpang,,,18홀,tr_220325522
옥스필드,2026-09-19,05:50,89000,golfpang,,,18홀,tr_220326594
솔트베이,2026-09-19,05:46,259000,golfpang,,,18홀,tr_220288850
대영힐스,2026-09-19,05:39,109000,golfpang,,,18홀,tr_220305812
서원힐스,2026-09-19,05:32,240000,golfpang,,,18홀,tr_220289893
캐슬렉스,2026-09-19,06:04,250000,golfpang,,,18홀,tr_220325376
대호단양,2026-09-19,06:00,139000,golfpang,,,18홀,tr_220222409
360도,2026-09-19,06:00,165000,golfpang,,,18홀,tr_220306887
클럽모우,2026-09-19,13:41,150000,golfpang,,,18홀,tr_220304460
몽베르,2026-09-19,13:40,260000,golfpang,,,18홀,tr_220259102
해솔리아,2026-09-19,13:40,160000,golfpang,,,18홀,tr_220289949
골프존 진천,2026-09-19,13:42,149000,golfpang,,,18홀,tr_220214612
센추리21(퍼),2026-09-19,13:21,120000,golfpang,,,18홀,tr_220151865
플라밍고,2026-09-19,13:25,170000,golfpang,,,18홀,tr_220210844
클럽D 거창,2026-09-19,13:25,85000,golfpang,,,18홀,tr_220210578
일레븐,2026-09-19,13:24,115000,golfpang,,,18홀,tr_220211416
예미지,2026-09-19,13:29,170000,golfpang,,,18홀,tr_220242035
골프존 안성H,2026-09-19,13:31,185000,golfpang,,,18홀,tr_220240841
에델바이스(가명),2026-09-19,13:33,180000,golfpang,,,18홀,tr_220213426
모나크,2026-09-19,13:03,150000,golfpang,,,18홀,tr_220220121
세레니티-강촌,2026-09-19,13:10,210000,golfpang,,,18홀,tr_220139495
프린세스,2026-09-19,13:14,165000,golfpang,,,18홀,tr_220210988
포천힐스,2026-09-19,13:20,230000,golfpang,,,18홀,tr_220057773
비발디파크W,2026-09-19,13:20,208000,golfpang,,,18홀,tr_220150042
가평(비공개),2026-09-19,13:17,230000,golfpang,,,18홀,tr_220152766
스톤비치,2026-09-19,12:55,160000,golfpang,,,18홀,tr_220210733
비발디파크W,2026-09-19,12:59,208000,golfpang,,,18홀,tr_220150041
스타,2026-09-19,13:02,180000,golfpang,,,18홀,tr_220211623
파주,2026-09-19,13:02,230000,golfpang,,,18홀,tr_220299476
마이다스레이크 이천,2026-09-19,13:00,200000,golfpang,,,18홀,tr_220242149
파인스톤,2026-09-19,12:41,210000,golfpang,,,18홀,tr_220210925
웰리힐리,2026-09-19,12:42,190000,golfpang,,,18홀,tr_220056242
비발디파크E,2026-09-19,12:50,224000,golfpang,,,18홀,tr_220150401
한림용인,2026-09-19,12:22,200000,golfpang,,,18홀,tr_220250275
에덴블루,2026-09-19,12:30,209000,golfpang,,,18홀,tr_220336377
로얄포레,2026-09-19,12:34,129000,golfpang,,,18홀,tr_220325917
오로라,2026-09-19,12:39,140000,golfpang,,,18홀,tr_220301982
골프존 천안,2026-09-19,11:55,168000,golfpang,,,18홀,tr_220342168
스프링베일-퍼9,2026-09-19,12:01,105000,golfpang,,,18홀,tr_220107489
포천힐스,2026-09-19,12:10,230000,golfpang,,,18홀,tr_220057774
모나크,2026-09-19,12:14,160000,golfpang,,,18홀,tr_220220120
올데이,2026-09-19,12:13,109000,golfpang,,,18홀,tr_220326114
파인스톤,2026-09-19,11:17,240000,golfpang,,,18홀,tr_220210924
알펜시아명문,2026-09-19,11:14,170000,golfpang,,,18홀,tr_219982774
속리산cc,2026-09-19,14:14,140000,golfpang,,,18홀,tr_220242819
신라,2026-09-19,14:07,180000,golfpang,,,18홀,tr_220321470
리베라,2026-09-19,14:31,210000,golfpang,,,18홀,tr_220261442
세레니티cc,2026-09-19,14:30,260000,golfpang,,,18홀,tr_220211851
골프존 안성H,2026-09-19,14:27,185000,golfpang,,,18홀,tr_220240840
올데이,2026-09-19,17:05,79000,golfpang,,,18홀,tr_220326115
알프스대영,2026-09-19,16:47,99000,golfpang,,,18홀,tr_220291321
남양주(퍼9),2026-09-19,16:34,129000,golfpang,,,18홀,tr_220115204
알펜시아700,2026-09-19,17:23,80000,golfpang,,,18홀,tr_219983157
스프링베일-퍼9,2026-09-19,17:22,90000,golfpang,,,18홀,tr_220107490
파주,2026-09-19,17:13,180000,golfpang,,,18홀,tr_220299477
대호단양,2026-09-19,17:09,119000,golfpang,,,18홀,tr_220222411
남양주(퍼9),2026-09-19,17:07,119000,golfpang,,,18홀,tr_220115202
센추리21,2026-09-19,17:33,90000,golfpang,,,18홀,tr_220086956
센추리21,2026-09-19,17:26,90000,golfpang,,,18홀,tr_220086955
센추리21(퍼),2026-09-19,17:26,80000,golfpang,,,18홀,tr_220151866
동강시스타,2026-09-19,17:24,80000,golfpang,,,18홀,tr_220079776
한림광릉,2026-09-19,17:38,150000,golfpang,,,18홀,tr_220274665
그린힐,2026-09-19,17:35,120000,golfpang,,,18홀,tr_220260370
세레니티-강촌,2026-09-19,17:46,140000,golfpang,,,18홀,tr_220139496
에스앤-퍼9,2026-09-19,17:45,60000,golfpang,,,18홀,tr_220250123
한림광릉,2026-09-19,17:45,150000,golfpang,,,18홀,tr_220274666
벨라45 마스터스,2026-09-19,17:45,115000,golfpang,,,18홀,tr_220087828
벨라스톤,2026-09-19,17:45,100000,golfpang,,,18홀,tr_220094746
스톤비치,2026-09-19,17:44,130000,golfpang,,,18홀,tr_220210734
블랙스톤벨포레,2026-09-19,17:44,80000,golfpang,,,18홀,tr_220211894
그린힐,2026-09-19,17:42,140000,golfpang,,,18홀,tr_220260372
글렌로스-퍼9,2026-09-19,08:15,290000,golfpang,,,18홀,tr_220336699
샤인데일,2026-09-19,08:12,200000,golfpang,,,18홀,tr_220106169
프린세스,2026-09-19,08:12,175000,golfpang,,,18홀,tr_220210987
모카cc,2026-09-19,08:25,150000,golfpang,,,18홀,tr_220211730
웰리힐리,2026-09-19,10:54,190000,golfpang,,,18홀,tr_220056241
360도,2026-09-19,11:37,190000,golfpang,,,18홀,tr_220306888
남양주(퍼9),2026-09-19,11:34,139000,golfpang,,,18홀,tr_220115203
휘닉스,2026-09-19,11:22,220000,golfpang,,,18홀,tr_220049248
에스앤-퍼9,2026-09-19,11:21,100000,golfpang,,,18홀,tr_220250122
임페리얼레이크,2026-09-19,11:45,139000,golfpang,,,18홀,tr_220325523
한림용인,2026-09-19,11:54,210000,golfpang,,,18홀,tr_220250274
가평(비공개),2026-09-19,11:53,240000,golfpang,,,18홀,tr_220152765
옥스필드,2026-09-19,11:52,119000,golfpang,,,18홀,tr_220326595
이븐데일,2026-09-19,11:51,90000,golfpang,,,18홀,tr_220211493
떼제베(동북),2026-09-19,07:49,130000,golfpang,,,18홀,tr_220324154
중원,2026-09-19,08:21,150000,golfpang,,,18홀,tr_220342310
한림용인,2026-09-19,13:32,180000,golfpang,,,18홀,tr_220262082
예미지,2026-09-19,13:22,170000,golfpang,,,18홀,tr_220241984
예미지,2026-09-19,13:15,170000,golfpang,,,18홀,tr_220241838
스톤비치,2026-09-19,06:42,130000,golfpang,,,18홀,tr_216661682
파주,2026-09-19,16:52,180000,golfpang,,,18홀,tr_220342307
양평TPC,2026-09-19,12:40,160000,golfpang,,,18홀,tr_220342306
스톤비치,2026-09-19,12:20,110000,golfpang,,,18홀,tr_220342269
골프존 화랑,2026-09-19,17:46,119000,golfpang,,,18홀,tr_219903942
양평TPC,2026-09-19,13:15,160000,golfpang,,,18홀,tr_220233553
한림용인,2026-09-19,17:38,158000,golfpang,,,18홀,tr_219822752
더플레이어스,2026-09-19,12:44,160000,golfpang,,,18홀,tr_220208451
더플레이어스,2026-09-19,07:16,190000,golfpang,,,18홀,tr_220208416
중원,2026-09-19,12:58,140000,golfpang,,,18홀,tr_220208415
파크밸리,2026-09-19,07:10,179000,golfpang,,,18홀,tr_219565792
동서울cc-퍼9,2026-09-19,07:55,99000,golfpang,,,18홀,tr_219564675
파크밸리,2026-09-19,13:29,149000,golfpang,,,18홀,tr_219565866
동서울cc-퍼9,2026-09-19,17:28,65000,golfpang,,,18홀,tr_219564686
동서울cc-퍼9,2026-09-19,11:46,89000,golfpang,,,18홀,tr_219564683
중원,2026-09-19,08:21,160000,golfpang,,,18홀,tr_220208414
남여주,2026-09-19,13:00,190000,golfpang,,,18홀,tr_218888381
강촌(비공개),2026-09-19,11:50,220000,golfpang,,,18홀,tr_220211768
남여주,2026-09-19,08:49,230000,golfpang,,,18홀,tr_218910890
포웰(안성)cc,2026-09-19,12:33,172000,golfpang,,,18홀,tr_220342220
이포,2026-09-19,18:41,130000,golfpang,,,18홀,tr_220208401
로얄포레,2026-09-19,11:31,139000,golfpang,,,18홀,tr_220283073
이포,2026-09-19,12:54,200000,golfpang,,,18홀,tr_220208399
신라,2026-09-19,13:32,180000,golfpang,,,18홀,tr_220208397
라싸,2026-09-19,17:53,149000,golfpang,,,18홀,tr_220340193
라싸,2026-09-19,12:32,189000,golfpang,,,18홀,tr_220342187
양평TPC,2026-09-19,13:15,160000,golfpang,,,18홀,tr_220342167
스톤비치,2026-09-19,07:59,140000,golfpang,,,18홀,tr_220342148
용인플라자,2026-09-19,18:00,140000,golfpang,,,18홀,tr_220324210
용인플라자,2026-09-19,11:30,220000,golfpang,,,18홀,tr_220324235
중원,2026-09-19,12:58,130000,golfpang,,,18홀,tr_220342134
솔라고,2026-09-19,14:24,140000,golfpang,,,18홀,tr_220342054
솔라고,2026-09-19,11:50,180000,golfpang,,,18홀,tr_220342055
진천(비공개),2026-09-19,13:26,180000,golfpang,,,18홀,tr_220208395
아세코밸리-퍼9,2026-09-19,18:13,110000,golfpang,,,18홀,tr_220342049
진천(비공개),2026-09-19,07:17,180000,golfpang,,,18홀,tr_220208393
중원,2026-09-19,08:21,150000,golfpang,,,18홀,tr_220342047
아난티중앙(야간),2026-09-19,17:53,140000,golfpang,,,18홀,tr_220342045
블랙스톤벨포레,2026-09-19,13:30,100000,golfpang,,,18홀,tr_220212719
더플레이어스,2026-09-19,12:44,160000,golfpang,,,18홀,tr_220213561
떼제베,2026-09-19,18:09,130000,golfpang,,,18홀,tr_220342025
떼제베,2026-09-19,07:14,140000,golfpang,,,18홀,tr_220342024
떼제베,2026-09-19,18:37,130000,golfpang,,,18홀,tr_220342026
스톤비치,2026-09-19,07:59,140000,golfpang,,,18홀,tr_220342023
스톤비치,2026-09-19,12:20,110000,golfpang,,,18홀,tr_220208362
스프링베일-퍼9,2026-09-19,07:20,110000,golfpang,,,18홀,tr_218818230
골프존 안성H,2026-09-19,13:45,185000,golfpang,,,18홀,tr_220342000
골프존 안성H,2026-09-19,13:38,185000,golfpang,,,18홀,tr_220341998
골프존 안성H,2026-09-19,13:38,185000,golfpang,,,18홀,tr_220341999
스카이밸리,2026-09-19,13:53,190000,golfpang,,,18홀,tr_220341996
파주타이거,2026-09-19,18:17,190000,golfpang,,,18홀,tr_220341680
스프링베일-퍼9,2026-09-19,07:34,-1,golfpang,,,18홀,tr_220341754
라싸,2026-09-19,17:46,149000,golfpang,,,18홀,tr_220339936
베스트밸리-퍼9,2026-09-19,18:09,130000,golfpang,,,18홀,tr_220341169
파주,2026-09-19,18:44,170000,golfpang,,,18홀,tr_220340008
푸른솔포천,2026-09-19,07:10,250000,golfpang,,,18홀,tr_220341257
클럽모우,2026-09-19,14:16,180000,golfpang,,,18홀,tr_220340760
클럽모우,2026-09-19,14:02,180000,golfpang,,,18홀,tr_220340759
포천힐스,2026-09-19,14:02,240000,golfpang,,,18홀,tr_220340561
포천힐스,2026-09-19,13:55,240000,golfpang,,,18홀,tr_220340559
클럽모우,2026-09-19,13:48,180000,golfpang,,,18홀,tr_220340304
클럽모우,2026-09-19,13:48,180000,golfpang,,,18홀,tr_220340305
포천힐스,2026-09-19,13:41,240000,golfpang,,,18홀,tr_220340562
스프링베일-퍼9,2026-09-19,13:32,-1,golfpang,,,18홀,tr_220341489
스프링베일-퍼9,2026-09-19,06:52,-1,golfpang,,,18홀,tr_220341488
베스트밸리-퍼9,2026-09-19,18:16,130000,golfpang,,,18홀,tr_220341170
파주,2026-09-19,18:23,170000,golfpang,,,18홀,tr_220340007
라싸,2026-09-19,18:28,139000,golfpang,,,18홀,tr_220339937
포천힐스,2026-09-19,13:20,240000,golfpang,,,18홀,tr_220340807
라싸,2026-09-19,12:53,219000,golfpang,,,18홀,tr_220339935
스톤비치,2026-09-19,07:59,140000,golfpang,,,18홀,tr_220208352
로얄링스,2026-09-19,13:02,120000,golfpang,,,18홀,tr_220233476
스톤비치,2026-09-19,12:27,110000,golfpang,,,18홀,tr_220339575
블랙스톤벨포레,2026-09-19,13:36,100000,golfpang,,,18홀,tr_219936037
중원,2026-09-19,12:58,130000,golfpang,,,18홀,tr_220321557
스톤비치,2026-09-19,06:56,130000,golfpang,,,18홀,tr_216232800
블랙스톤벨포레,2026-09-19,13:40,100000,golfpang,,,18홀,tr_219787893
중원,2026-09-19,08:21,150000,golfpang,,,18홀,tr_220321555
스톤비치,2026-09-19,13:38,130000,golfpang,,,18홀,tr_216420609
스톤비치,2026-09-19,07:59,140000,golfpang,,,18홀,tr_220339523
세현,2026-09-19,18:09,170000,golfpang,,,18홀,tr_220339522
떼제베(동북),2026-09-19,08:03,130000,golfpang,,,18홀,tr_220339501
떼제베(동북),2026-09-19,18:09,110000,golfpang,,,18홀,tr_220339502
떼제베(동북),2026-09-19,18:30,110000,golfpang,,,18홀,tr_220339503
스카이밸리,2026-09-19,13:11,200000,golfpang,,,18홀,tr_220208349
스카이밸리,2026-09-19,06:41,200000,golfpang,,,18홀,tr_220339499
파주,2026-09-19,12:27,230000,golfpang,,,18홀,tr_220339498
양평TPC,2026-09-19,12:54,160000,golfpang,,,18홀,tr_220339480
양평TPC,2026-09-19,06:59,200000,golfpang,,,18홀,tr_220339479
세레니티-강촌,2026-09-19,17:46,140000,golfpang,,,18홀,tr_220208348
세레니티-강촌,2026-09-19,12:49,210000,golfpang,,,18홀,tr_220208322
블랙스톤벨포레,2026-09-19,18:12,70000,golfpang,,,18홀,tr_220208321
아세코밸리-퍼9,2026-09-19,18:13,110000,golfpang,,,18홀,tr_220339444
아세코밸리-퍼9,2026-09-19,18:13,110000,golfpang,,,18홀,tr_220339443
아세코밸리-퍼9,2026-09-19,18:13,110000,golfpang,,,18홀,tr_220339442
블랙스톤벨포레,2026-09-19,13:20,110000,golfpang,,,18홀,tr_220208276
중원,2026-09-19,12:58,150000,golfpang,,,18홀,tr_220233307
베뉴지,2026-09-19,13:30,160000,golfpang,,,18홀,tr_220208247
골드,2026-09-19,17:54,149000,golfpang,,,18홀,tr_217529955
코리아,2026-09-19,17:47,149000,golfpang,,,18홀,tr_217531264
백제,2026-09-19,13:54,140000,golfpang,,,18홀,tr_220208205
신라,2026-09-19,12:22,200000,golfpang,,,18홀,tr_220339441
푸른솔포천,2026-09-19,12:45,260000,golfpang,,,18홀,tr_220339396
푸른솔포천,2026-09-19,07:10,250000,golfpang,,,18홀,tr_220339395
오로라,2026-09-19,17:50,100000,golfpang,,,18홀,tr_220339361
오로라,2026-09-19,13:42,140000,golfpang,,,18홀,tr_220339360
오로라,2026-09-19,12:04,150000,golfpang,,,18홀,tr_220339359
그린힐,2026-09-19,18:59,110000,golfpang,,,18홀,tr_220339357
마이다스레이크 이천,2026-09-19,14:03,190000,golfpang,,,18홀,tr_220208202
로얄링스,2026-09-19,13:09,120000,golfpang,,,18홀,tr_220208168
스톤비치,2026-09-19,16:34,90000,golfpang,,,18홀,tr_217329533
스톤비치,2026-09-19,17:16,100000,golfpang,,,18홀,tr_217325470
스톤비치,2026-09-19,13:02,140000,golfpang,,,18홀,tr_217329547
용인플라자,2026-09-19,17:50,140000,golfpang,,,18홀,tr_220326007
로얄링스,2026-09-19,07:45,120000,golfpang,,,18홀,tr_220208167
경춘(비공개),2026-09-19,13:22,160000,golfpang,,,18홀,tr_220339315
골프클럽Q,2026-09-19,17:54,130000,golfpang,,,18홀,tr_220339314
스톤비치,2026-09-19,07:59,140000,golfpang,,,18홀,tr_220339312
라싸,2026-09-19,13:14,179000,golfpang,,,18홀,tr_220208150
캐슬렉스,2026-09-19,06:04,250000,golfpang,,,18홀,tr_220324257
캐슬렉스,2026-09-19,13:45,250000,golfpang,,,18홀,tr_220324258
동촌,2026-09-19,06:48,170000,golfpang,,,18홀,tr_220339306
신라,2026-09-19,12:36,190000,golfpang,,,18홀,tr_220278863
더플레이어스,2026-09-19,11:55,160000,golfpang,,,18홀,tr_220034444
오너스,2026-09-19,14:25,140000,golfpang,,,18홀,tr_219715750
오너스,2026-09-19,08:21,160000,golfpang,,,18홀,tr_220034319
일레븐,2026-09-19,12:49,115000,golfpang,,,18홀,tr_219776707
이글몬트,2026-09-19,06:34,195000,golfpang,,,18홀,tr_220339288
이글몬트,2026-09-19,06:27,195000,golfpang,,,18홀,tr_220339287
더플레이어스,2026-09-19,12:44,160000,golfpang,,,18홀,tr_220339305
골프존 안성W,2026-09-19,19:00,110000,golfpang,,,18홀,tr_220339286
필로스,2026-09-19,18:20,140000,golfpang,,,18홀,tr_219746375
힐마루 포천,2026-09-19,18:13,160000,golfpang,,,18홀,tr_220102838
더플레이어스,2026-09-19,07:30,190000,golfpang,,,18홀,tr_219990479
더플레이어스,2026-09-19,11:55,160000,golfpang,,,18홀,tr_219990499
오너스,2026-09-19,08:21,160000,golfpang,,,18홀,tr_218881178
신라,2026-09-19,12:36,190000,golfpang,,,18홀,tr_220304649
더크로스비,2026-09-19,13:51,207000,golfpang,,,18홀,tr_220339285
감곡,2026-09-19,13:49,150000,golfpang,,,18홀,tr_220339260
골프존 안성W,2026-09-19,13:30,150000,golfpang,,,18홀,tr_220339235
클럽모우,2026-09-19,12:59,150000,golfpang,,,18홀,tr_219566761
로얄링스,2026-09-19,07:45,120000,golfpang,,,18홀,tr_220339242
포웰(안성)cc,2026-09-19,12:54,162000,golfpang,,,18홀,tr_220233251
골프존 화랑,2026-09-19,17:46,119000,golfpang,,,18홀,tr_220208144
골프존 천안,2026-09-19,11:48,168000,golfpang,,,18홀,tr_220208139
진천(비공개),2026-09-19,07:17,180000,golfpang,,,18홀,tr_220339216
그린힐,2026-09-19,17:35,140000,golfpang,,,18홀,tr_220086609
안성베네스트(챌),2026-09-19,14:13,179000,golfpang,,,18홀,tr_220183495
안성베네스트(챌),2026-09-19,14:13,179000,golfpang,,,18홀,tr_220183494
마이다스레이크 이천,2026-09-19,14:03,190000,golfpang,,,18홀,tr_220203889
안성베네스트(클),2026-09-19,14:06,189000,golfpang,,,18홀,tr_220207128
안성베네스트(클),2026-09-19,14:06,189000,golfpang,,,18홀,tr_220207127
포웰(안성)cc,2026-09-19,13:57,162000,golfpang,,,18홀,tr_219991579
남춘천,2026-09-19,13:49,170000,golfpang,,,18홀,tr_220206985
솔모로,2026-09-19,13:49,180000,golfpang,,,18홀,tr_220207094
스카이밸리,2026-09-19,13:53,200000,golfpang,,,18홀,tr_220130504
솔모로,2026-09-19,13:49,180000,golfpang,,,18홀,tr_220207093
모카cc,2026-09-19,13:42,130000,golfpang,,,18홀,tr_220207255
이천실크밸리,2026-09-19,13:38,155000,golfpang,,,18홀,tr_220240301
더플레이어스,2026-09-19,13:26,160000,golfpang,,,18홀,tr_220206896
골프존 안성H,2026-09-19,13:31,185000,golfpang,,,18홀,tr_220250473
골프존 안성H,2026-09-19,13:31,185000,golfpang,,,18홀,tr_220250472
일레븐,2026-09-19,13:24,115000,golfpang,,,18홀,tr_220222577
신라,2026-09-19,13:18,180000,golfpang,,,18홀,tr_220207204
신라,2026-09-19,13:18,180000,golfpang,,,18홀,tr_220207203
포웰(안성)cc,2026-09-19,12:54,172000,golfpang,,,18홀,tr_219991578
마이다스레이크 이천,2026-09-19,13:00,200000,golfpang,,,18홀,tr_220203888
클럽모우,2026-09-19,12:45,180000,golfpang,,,18홀,tr_220079995
클럽모우,2026-09-19,12:45,180000,golfpang,,,18홀,tr_220079994
360도,2026-09-19,12:15,180000,golfpang,,,18홀,tr_220008769
더플레이어스,2026-09-19,12:23,160000,golfpang,,,18홀,tr_220206897
해솔리아,2026-09-19,12:23,170000,golfpang,,,18홀,tr_220274498
동서울cc-퍼9,2026-09-19,12:07,94000,golfpang,,,18홀,tr_220207035
남춘천,2026-09-19,12:06,180000,golfpang,,,18홀,tr_220206984
양평TPC,2026-09-19,12:05,160000,golfpang,,,18홀,tr_220314808
양지파인,2026-09-19,11:36,170000,golfpang,,,18홀,tr_220239025
오너스,2026-09-19,08:28,175000,golfpang,,,18홀,tr_220306777
오너스,2026-09-19,08:28,175000,golfpang,,,18홀,tr_220306778
샤인데일,2026-09-19,08:12,200000,golfpang,,,18홀,tr_220203555
동서울cc-퍼9,2026-09-19,08:02,94000,golfpang,,,18홀,tr_220207034
해솔리아,2026-09-19,07:24,180000,golfpang,,,18홀,tr_220274497
스카이밸리,2026-09-19,06:55,220000,golfpang,,,18홀,tr_220130503
일레븐,2026-09-19,06:23,130000,golfpang,,,18홀,tr_220222576
360도,2026-09-19,06:30,180000,golfpang,,,18홀,tr_220008768
해솔리아,2026-09-19,06:14,170000,golfpang,,,18홀,tr_220274496
그린힐,2026-09-19,18:59,110000,golfpang,,,18홀,tr_220086610
리베라,2026-09-19,19:06,140000,golfpang,,,18홀,tr_220207144
리베라,2026-09-19,19:06,140000,golfpang,,,18홀,tr_220207143
비콘힐스,2026-09-19,18:33,90000,golfpang,,,18홀,tr_220207388
비콘힐스,2026-09-19,18:33,90000,golfpang,,,18홀,tr_220207387
이천실크밸리,2026-09-19,18:17,110000,golfpang,,,18홀,tr_220240300
포웰(안성)cc,2026-09-19,18:11,142000,golfpang,,,18홀,tr_219991580
일레븐,2026-09-19,18:05,75000,golfpang,,,18홀,tr_220222578
아세코밸리-퍼9,2026-09-19,17:45,110000,golfpang,,,18홀,tr_220179892
몽베르(대중제),2026-09-19,17:56,150000,golfpang,,,18홀,tr_219575356
몽베르(대중제),2026-09-19,17:56,150000,golfpang,,,18홀,tr_219575355
아세코밸리-퍼9,2026-09-19,17:31,110000,golfpang,,,18홀,tr_220179890
아세코밸리-퍼9,2026-09-19,17:38,110000,golfpang,,,18홀,tr_220179891
몽베르(대중제),2026-09-19,17:21,160000,golfpang,,,18홀,tr_219575354
용인(비공개),2026-09-19,17:28,150000,golfpang,,,18홀,tr_219797719
용인(비공개),2026-09-19,17:28,150000,golfpang,,,18홀,tr_219797718
용인(비공개),2026-09-19,17:28,150000,golfpang,,,18홀,tr_219797717
리베라,2026-09-19,17:35,150000,golfpang,,,18홀,tr_220207142
그린힐,2026-09-19,17:35,140000,golfpang,,,18홀,tr_220086611
이포,2026-09-19,18:13,130000,golfpang,,,18홀,tr_220339215
포웰(안성)cc,2026-09-19,14:18,142000,golfpang,,,18홀,tr_220339202
포웰(안성)cc,2026-09-19,14:18,142000,golfpang,,,18홀,tr_220339203
포웰(안성)cc,2026-09-19,12:33,172000,golfpang,,,18홀,tr_220339204
골프존 진천,2026-09-19,13:49,149000,golfpang,,,18홀,tr_220208080
이포,2026-09-19,12:54,200000,golfpang,,,18홀,tr_220339201
일레븐,2026-09-19,18:10,75000,golfpang,,,18홀,tr_220289577
골프존 안성H,2026-09-19,06:50,210000,golfpang,,,18홀,tr_220087952
골프존 안성H,2026-09-19,12:00,190000,golfpang,,,18홀,tr_219654657
골프존 안성H,2026-09-19,12:30,190000,golfpang,,,18홀,tr_219718000
푸른솔포천,2026-09-19,12:45,260000,golfpang,,,18홀,tr_220338410
포천힐스,2026-09-19,13:48,240000,golfpang,,,18홀,tr_220338042
스프링베일-퍼9,2026-09-19,13:53,-1,golfpang,,,18홀,tr_220338708
클럽모우,2026-09-19,14:02,180000,golfpang,,,18홀,tr_220337990
스프링베일-퍼9,2026-09-19,06:31,-1,golfpang,,,18홀,tr_220338961
스프링베일-퍼9,2026-09-19,17:50,-1,golfpang,,,18홀,tr_220338709
파주타이거,2026-09-19,17:59,190000,golfpang,,,18홀,tr_220338892
파주타이거,2026-09-19,18:11,190000,golfpang,,,18홀,tr_220338989
베스트밸리-퍼9,2026-09-19,18:30,130000,golfpang,,,18홀,tr_220338367
파주,2026-09-19,12:48,230000,golfpang,,,18홀,tr_220336879
클럽모우,2026-09-19,06:30,210000,golfpang,,,18홀,tr_220337590
라싸,2026-09-19,18:56,139000,golfpang,,,18홀,tr_220337218
라싸,2026-09-19,19:03,139000,golfpang,,,18홀,tr_220337221
라싸,2026-09-19,19:03,139000,golfpang,,,18홀,tr_220337220
라싸,2026-09-19,19:03,139000,golfpang,,,18홀,tr_220337471
파주,2026-09-19,18:37,170000,golfpang,,,18홀,tr_220337303
라싸,2026-09-19,17:46,149000,golfpang,,,18홀,tr_220337214
라싸,2026-09-19,18:35,139000,golfpang,,,18홀,tr_220337217
라싸,2026-09-19,18:35,139000,golfpang,,,18홀,tr_220337216
파주,2026-09-19,18:16,170000,golfpang,,,18홀,tr_220336881
포천힐스,2026-09-19,13:55,240000,golfpang,,,18홀,tr_220337803
파주,2026-09-19,17:27,170000,golfpang,,,18홀,tr_220336880
클럽모우,2026-09-19,14:09,180000,golfpang,,,18홀,tr_220337596
라싸,2026-09-19,17:53,149000,golfpang,,,18홀,tr_220337215
클럽모우,2026-09-19,13:55,180000,golfpang,,,18홀,tr_220337592
신라,2026-09-19,13:32,180000,golfpang,,,18홀,tr_220336834
신라,2026-09-19,12:36,190000,golfpang,,,18홀,tr_220145157
신라,2026-09-19,07:20,240000,golfpang,,,18홀,tr_220336815
중원,2026-09-19,07:11,160000,golfpang,,,18홀,tr_220336802
양평TPC,2026-09-19,13:43,150000,golfpang,,,18홀,tr_220336781
골프존 안성H,2026-09-19,13:30,185000,golfpang,,,18홀,tr_220336779
양평TPC,2026-09-19,12:40,160000,golfpang,,,18홀,tr_220336778
이포,2026-09-19,12:54,200000,golfpang,,,18홀,tr_220233176
스톤비치,2026-09-19,16:34,90000,golfpang,,,18홀,tr_217042290
진천(비공개),2026-09-19,13:26,180000,golfpang,,,18홀,tr_220336776
진천(비공개),2026-09-19,07:17,180000,golfpang,,,18홀,tr_220336774
백제,2026-09-19,13:54,140000,golfpang,,,18홀,tr_220005928
포웰(안성)cc,2026-09-19,13:36,152000,golfpang,,,18홀,tr_220336771
아난티중앙(야간),2026-09-19,17:53,140000,golfpang,,,18홀,tr_220336768
골프존 안성W,2026-09-19,13:38,150000,golfpang,,,18홀,tr_220336754
골프존 안성W,2026-09-19,19:06,110000,golfpang,,,18홀,tr_220336755
골프존 안성W,2026-09-19,07:05,170000,golfpang,,,18홀,tr_220336753
동촌,2026-09-19,06:48,170000,golfpang,,,18홀,tr_220336705
스톤비치,2026-09-19,12:20,110000,golfpang,,,18홀,tr_220336701
스톤비치,2026-09-19,07:59,140000,golfpang,,,18홀,tr_220336698
스카이밸리,2026-09-19,13:11,200000,golfpang,,,18홀,tr_220336687
골프존 천안,2026-09-19,11:48,168000,golfpang,,,18홀,tr_220336661
스카이밸리,2026-09-19,06:41,200000,golfpang,,,18홀,tr_220336662
파주타이거,2026-09-19,17:47,190000,golfpang,,,18홀,tr_220336627
파주타이거,2026-09-19,17:41,190000,golfpang,,,18홀,tr_220336626
파주타이거,2026-09-19,17:53,190000,golfpang,,,18홀,tr_220336625
360도,2026-09-19,07:15,190000,golfpang,,,18홀,tr_220336624
안성베네스트(챌),2026-09-19,06:58,199000,golfpang,,,18홀,tr_220336617
안성베네스트(챌),2026-09-19,06:58,199000,golfpang,,,18홀,tr_220336616
골프존 송도(구.오렌지듄스),2026-09-19,13:50,179000,golfpang,,,18홀,tr_220336611
골프존 송도(구.오렌지듄스),2026-09-19,06:04,169000,golfpang,,,18홀,tr_220336610
골프존 송도(구.오렌지듄스),2026-09-19,18:38,159000,golfpang,,,18홀,tr_220336612
써닝포인트,2026-09-19,18:11,155000,golfpang,,,18홀,tr_220114529
세레니티-강촌,2026-09-19,17:46,140000,golfpang,,,18홀,tr_220336609
스톤비치,2026-09-19,13:30,130000,golfpang,,,18홀,tr_216232804
세레니티-강촌,2026-09-19,12:49,210000,golfpang,,,18홀,tr_220336607
블랙스톤벨포레,2026-09-19,18:12,70000,golfpang,,,18홀,tr_220336597
파주타이거,2026-09-19,17:53,190000,golfpang,,,18홀,tr_220336568
파주타이거,2026-09-19,18:11,190000,golfpang,,,18홀,tr_220336569
파주타이거,2026-09-19,18:17,190000,golfpang,,,18홀,tr_220336570
스톤비치,2026-09-19,13:00,130000,golfpang,,,18홀,tr_216423275
스톤비치,2026-09-19,12:55,130000,golfpang,,,18홀,tr_216423289
블랙스톤벨포레,2026-09-19,13:20,110000,golfpang,,,18홀,tr_220336556
스프링베일-퍼9,2026-09-19,12:36,100000,golfpang,,,18홀,tr_220212516
스카이밸리,2026-09-19,06:41,200000,golfpang,,,18홀,tr_220336554
양평TPC,2026-09-19,13:50,150000,golfpang,,,18홀,tr_220336536
양평TPC,2026-09-19,06:59,200000,golfpang,,,18홀,tr_220336535
골프존 송도(구.오렌지듄스),2026-09-19,13:50,179000,golfpang,,,18홀,tr_220326397
베뉴지,2026-09-19,13:51,160000,golfpang,,,18홀,tr_220336534
아세코밸리-퍼9,2026-09-19,17:17,110000,golfpang,,,18홀,tr_219998305
아세코밸리-퍼9,2026-09-19,17:10,110000,golfpang,,,18홀,tr_219998304
마론뉴데이,2026-09-19,14:18,175000,golfpang,,,18홀,tr_220034382
리베라,2026-09-19,14:17,210000,golfpang,,,18홀,tr_220151938
신라,2026-09-19,14:14,180000,golfpang,,,18홀,tr_220242093
알프스대영,2026-09-19,16:47,89000,golfpang,,,18홀,tr_220022987
신라,2026-09-19,14:00,180000,golfpang,,,18홀,tr_220242092
그린힐,2026-09-19,14:10,190000,golfpang,,,18홀,tr_219776718
용인(비공개),2026-09-19,13:52,199000,golfpang,,,18홀,tr_220262260
그린힐,2026-09-19,13:42,190000,golfpang,,,18홀,tr_219776717
여주,2026-09-19,13:39,240000,golfpang,,,18홀,tr_219392849
골프존 송도(구.오렌지듄스),2026-09-19,13:43,219000,golfpang,,,18홀,tr_220200755
세현,2026-09-19,13:37,250000,golfpang,,,18홀,tr_220258551
알프스대영,2026-09-19,13:06,109000,golfpang,,,18홀,tr_220022986
동서울cc-퍼9,2026-09-19,12:56,89000,golfpang,,,18홀,tr_218857707
양평TPC,2026-09-19,12:54,160000,golfpang,,,18홀,tr_220307279
오로라,2026-09-19,12:53,140000,golfpang,,,18홀,tr_220297340
360도,2026-09-19,12:15,180000,golfpang,,,18홀,tr_220023384
한림용인,2026-09-19,12:15,200000,golfpang,,,18홀,tr_220274568
해솔리아,2026-09-19,12:23,170000,golfpang,,,18홀,tr_220289084
이천실크밸리,2026-09-19,12:21,155000,golfpang,,,18홀,tr_220283001
오로라,2026-09-19,12:04,140000,golfpang,,,18홀,tr_220297339
알프스대영,2026-09-19,12:17,119000,golfpang,,,18홀,tr_220022985
이글몬트,2026-09-19,11:40,190000,golfpang,,,18홀,tr_219841361
골프존 안성W,2026-09-19,11:53,160000,golfpang,,,18홀,tr_220306393
양지파인,2026-09-19,11:51,170000,golfpang,,,18홀,tr_220306197
한림용인,2026-09-19,11:54,210000,golfpang,,,18홀,tr_220274567
양지파인,2026-09-19,08:37,199000,golfpang,,,18홀,tr_220306196
골프존 안성W,2026-09-19,08:50,180000,golfpang,,,18홀,tr_220306392
마론뉴데이,2026-09-19,11:15,175000,golfpang,,,18홀,tr_220034381
이천실크밸리,2026-09-19,08:27,205000,golfpang,,,18홀,tr_220283000
이글몬트,2026-09-19,08:40,220000,golfpang,,,18홀,tr_219841360
해솔리아,2026-09-19,07:59,230000,golfpang,,,18홀,tr_220289083
동서울cc-퍼9,2026-09-19,07:13,99000,golfpang,,,18홀,tr_218857706
포웰(안성)cc,2026-09-19,07:21,192000,golfpang,,,18홀,tr_220094688
루트52,2026-09-19,06:45,220000,golfpang,,,18홀,tr_219711356
양평TPC,2026-09-19,06:59,200000,golfpang,,,18홀,tr_220307278
루트52,2026-09-19,07:05,230000,golfpang,,,18홀,tr_219711357
벨라스톤,2026-09-19,06:35,159000,golfpang,,,18홀,tr_220149466
포웰(안성)cc,2026-09-19,06:04,182000,golfpang,,,18홀,tr_220094689
용인(비공개),2026-09-19,06:11,230000,golfpang,,,18홀,tr_220262259
골프존 송도(구.오렌지듄스),2026-09-19,06:11,229000,golfpang,,,18홀,tr_220200754
360도,2026-09-19,06:22,180000,golfpang,,,18홀,tr_220023385
리베라,2026-09-19,19:06,140000,golfpang,,,18홀,tr_220151939
골프존 안성W,2026-09-19,19:06,110000,golfpang,,,18홀,tr_220306394
골프존 송도(구.오렌지듄스),2026-09-19,18:38,159000,golfpang,,,18홀,tr_220200756
로얄포레,2026-09-19,18:36,99000,golfpang,,,18홀,tr_220070548
골프존 천안,2026-09-19,11:48,168000,golfpang,,,18홀,tr_220336519
베뉴지,2026-09-19,13:30,160000,golfpang,,,18홀,tr_220336518
백제,2026-09-19,13:54,140000,golfpang,,,18홀,tr_220336477
속리산cc,2026-09-19,14:14,110000,golfpang,,,18홀,tr_220128013
스프링베일-퍼9,2026-09-19,07:13,110000,golfpang,,,18홀,tr_220217470
골프존 화랑,2026-09-19,06:34,175000,golfpang,,,18홀,tr_220336458
마이다스레이크 이천,2026-09-19,14:17,180000,golfpang,,,18홀,tr_220336457
오너스,2026-09-19,07:39,165000,golfpang,,,18홀,tr_220336439
오너스,2026-09-19,08:35,175000,golfpang,,,18홀,tr_220336440
올데이,2026-09-19,07:07,99000,golfpang,,,18홀,tr_220336420
올데이,2026-09-19,12:41,109000,golfpang,,,18홀,tr_220336419
더플레이어스,2026-09-19,12:44,160000,golfpang,,,18홀,tr_220233070
올데이,2026-09-19,12:13,109000,golfpang,,,18홀,tr_220336418
마이다스레이크 이천,2026-09-19,14:03,190000,golfpang,,,18홀,tr_220336417
용인플라자,2026-09-19,11:30,220000,golfpang,,,18홀,tr_220262256
로얄링스,2026-09-19,13:09,120000,golfpang,,,18홀,tr_220336374
스프링베일-퍼9,2026-09-19,07:20,110000,golfpang,,,18홀,tr_219552809
골프존 화랑,2026-09-19,18:35,99000,golfpang,,,18홀,tr_220336346
골프존 화랑,2026-09-19,14:02,131000,golfpang,,,18홀,tr_220336345
골프존 화랑,2026-09-19,07:51,175000,golfpang,,,18홀,tr_220336344
더플레이어스,2026-09-19,06:34,190000,golfpang,,,18홀,tr_220336338
한림광릉,2026-09-19,17:20,150000,golfpang,,,18홀,tr_220180227
골프존 안성W,2026-09-19,19:06,110000,golfpang,,,18홀,tr_220336309
골프존 안성W,2026-09-19,11:46,160000,golfpang,,,18홀,tr_220336311
골프존 안성W,2026-09-19,08:08,180000,golfpang,,,18홀,tr_220336310
클럽72,2026-09-19,19:07,140000,golfpang,,,18홀,tr_219673531
그린힐,2026-09-19,18:59,110000,golfpang,,,18홀,tr_220195304
감곡,2026-09-19,18:41,120000,golfpang,,,18홀,tr_220199153
골프존 송도(구.오렌지듄스),2026-09-19,18:45,159000,golfpang,,,18홀,tr_220328707
킹즈락,2026-09-19,18:45,95000,golfpang,,,18홀,tr_220180047
보령베이스-퍼9,2026-09-19,18:47,49000,golfpang,,,18홀,tr_219910032
대영힐스,2026-09-19,18:48,79000,golfpang,,,18홀,tr_219971343
프린세스,2026-09-19,18:37,120000,golfpang,,,18홀,tr_219489224
동서울cc-퍼9,2026-09-19,18:31,65000,golfpang,,,18홀,tr_220026490
스타,2026-09-19,18:31,110000,golfpang,,,18홀,tr_220029645
청주(비공개),2026-09-19,18:27,130000,golfpang,,,18홀,tr_220010650
청주(비공개),2026-09-19,18:06,140000,golfpang,,,18홀,tr_220010648
골프존 안성W,2026-09-19,19:06,110000,golfpang,,,18홀,tr_220328470
포웰(안성)cc,2026-09-19,19:49,92000,golfpang,,,18홀,tr_220184091
비콘힐스,2026-09-19,18:12,90000,golfpang,,,18홀,tr_219926350
일레븐,2026-09-19,18:12,75000,golfpang,,,18홀,tr_220241298
비콘힐스,2026-09-19,18:12,90000,golfpang,,,18홀,tr_219926351
포레스트힐,2026-09-19,18:10,140000,golfpang,,,18홀,tr_218685564
이천실크밸리,2026-09-19,18:17,110000,golfpang,,,18홀,tr_220325221
포레스트힐,2026-09-19,18:17,140000,golfpang,,,18홀,tr_218685565
대영베이스,2026-09-19,18:17,99000,golfpang,,,18홀,tr_219977319
센추리21,2026-09-19,18:15,90000,golfpang,,,18홀,tr_220153098
골프존 화랑,2026-09-19,18:14,99000,golfpang,,,18홀,tr_220335990
청주(비공개),2026-09-19,18:20,130000,golfpang,,,18홀,tr_220010649
필로스,2026-09-19,18:20,140000,golfpang,,,18홀,tr_219673780
필로스,2026-09-19,18:20,140000,golfpang,,,18홀,tr_219989767
알펜시아700,2026-09-19,18:19,70000,golfpang,,,18홀,tr_220032538
동서울cc-퍼9,2026-09-19,18:17,65000,golfpang,,,18홀,tr_220026488
필로스,2026-09-19,18:27,140000,golfpang,,,18홀,tr_219989766
클럽72,2026-09-19,18:25,150000,golfpang,,,18홀,tr_219673530
알프스대영,2026-09-19,18:25,65000,golfpang,,,18홀,tr_220035432
동서울cc-퍼9,2026-09-19,18:24,65000,golfpang,,,18홀,tr_220026489
포레스트힐,2026-09-19,18:24,140000,golfpang,,,18홀,tr_218685566
모나크,2026-09-19,18:23,110000,golfpang,,,18홀,tr_220219893
옥스필드,2026-09-19,18:29,69000,golfpang,,,18홀,tr_219937266
빅토리아-퍼9,2026-09-19,18:06,99000,golfpang,,,18홀,tr_220193165
일레븐,2026-09-19,18:05,75000,golfpang,,,18홀,tr_220241297
용인플라자,2026-09-19,18:05,160000,golfpang,,,18홀,tr_219535773
리베라,2026-09-19,18:03,140000,golfpang,,,18홀,tr_220195468
용인(비공개),2026-09-19,18:10,150000,golfpang,,,18홀,tr_219813386
용인(비공개),2026-09-19,18:10,150000,golfpang,,,18홀,tr_219813385
용인(비공개),2026-09-19,18:10,150000,golfpang,,,18홀,tr_219813384
플라밍고,2026-09-19,18:10,140000,golfpang,,,18홀,tr_220181142
센추리21,2026-09-19,18:08,90000,golfpang,,,18홀,tr_220153096
파주타이거,2026-09-19,17:54,190000,golfpang,,,18홀,tr_220336307
오너스,2026-09-19,13:57,145000,golfpang,,,18홀,tr_219551291
로얄링스,2026-09-19,07:10,120000,golfpang,,,18홀,tr_220336288
더플레이어스,2026-09-19,12:51,170000,golfpang,,,18홀,tr_219307248
임페리얼레이크,2026-09-19,11:52,159000,golfpang,,,18홀,tr_219468876
보령베이스-퍼9,2026-09-19,11:56,89000,golfpang,,,18홀,tr_219910031
세레니티-강촌,2026-09-19,12:07,210000,golfpang,,,18홀,tr_219934830
360도,2026-09-19,12:07,180000,golfpang,,,18홀,tr_220195567
올데이,2026-09-19,12:13,109000,golfpang,,,18홀,tr_219989573
포천힐스,2026-09-19,12:10,230000,golfpang,,,18홀,tr_220180541
포천힐스,2026-09-19,12:10,230000,golfpang,,,18홀,tr_220180540
킹즈락,2026-09-19,12:08,145000,golfpang,,,18홀,tr_220180046
360도,2026-09-19,12:15,180000,golfpang,,,18홀,tr_220195568
리베라,2026-09-19,14:24,210000,golfpang,,,18홀,tr_220195466
솔라고,2026-09-19,14:17,140000,golfpang,,,18홀,tr_219010834
블랙스톤벨포레,2026-09-19,17:16,80000,golfpang,,,18홀,tr_220183319
용인플라자,2026-09-19,17:31,160000,golfpang,,,18홀,tr_219535772
용인플라자,2026-09-19,17:30,160000,golfpang,,,18홀,tr_219535771
클럽72,2026-09-19,17:29,160000,golfpang,,,18홀,tr_219673529
힐데스하임,2026-09-19,14:04,150000,golfpang,,,18홀,tr_219547060
마이다스레이크 이천,2026-09-19,14:03,190000,golfpang,,,18홀,tr_220175048
히든밸리,2026-09-19,14:01,170000,golfpang,,,18홀,tr_219694963
백제,2026-09-19,14:01,140000,golfpang,,,18홀,tr_219933017
자유로,2026-09-19,14:12,210000,golfpang,,,18홀,tr_219891506
자유로,2026-09-19,14:05,210000,golfpang,,,18홀,tr_219891505
신라,2026-09-19,13:53,180000,golfpang,,,18홀,tr_220165741
솔모로,2026-09-19,13:56,190000,golfpang,,,18홀,tr_220022722
골프존 화랑,2026-09-19,13:55,131000,golfpang,,,18홀,tr_220335989
푸른솔포천,2026-09-19,13:55,230000,golfpang,,,18홀,tr_220198711
신라,2026-09-19,14:00,180000,golfpang,,,18홀,tr_220165742
골프존 송도(구.오렌지듄스),2026-09-19,13:57,179000,golfpang,,,18홀,tr_220328706
알펜시아700,2026-09-19,13:45,130000,golfpang,,,18홀,tr_220032536
감곡,2026-09-19,13:49,160000,golfpang,,,18홀,tr_220199152
솔모로,2026-09-19,13:49,190000,golfpang,,,18홀,tr_220022721
모카cc,2026-09-19,13:49,130000,golfpang,,,18홀,tr_220150258
알펜시아700,2026-09-19,13:52,130000,golfpang,,,18홀,tr_220032537
이천실크밸리,2026-09-19,13:52,155000,golfpang,,,18홀,tr_220325220
양평TPC,2026-09-19,13:50,150000,golfpang,,,18홀,tr_220314954
백제,2026-09-19,13:54,140000,golfpang,,,18홀,tr_219933016
프린세스,2026-09-19,13:42,175000,golfpang,,,18홀,tr_219489223
떼제베(동북),2026-09-19,13:42,140000,golfpang,,,18홀,tr_219985326
감곡,2026-09-19,13:42,160000,golfpang,,,18홀,tr_220199151
클럽모우,2026-09-19,13:48,150000,golfpang,,,18홀,tr_220325323
푸른솔포천,2026-09-19,13:48,230000,golfpang,,,18홀,tr_220198710
에델바이스(가명),2026-09-19,13:47,200000,golfpang,,,18홀,tr_219933705
모나크,2026-09-19,13:45,150000,golfpang,,,18홀,tr_220219892
대영베이스,2026-09-19,13:32,149000,golfpang,,,18홀,tr_219977318
골프존 안성H,2026-09-19,13:38,185000,golfpang,,,18홀,tr_220236357
골프존 안성H,2026-09-19,13:38,185000,golfpang,,,18홀,tr_220236356
대영힐스,2026-09-19,13:36,139000,golfpang,,,18홀,tr_219971342
골프존 안성W,2026-09-19,13:38,150000,golfpang,,,18홀,tr_220328469
플라밍고,2026-09-19,13:25,170000,golfpang,,,18홀,tr_220181141
스톤비치,2026-09-19,13:23,160000,golfpang,,,18홀,tr_218083545
웰리힐리,2026-09-19,13:22,190000,golfpang,,,18홀,tr_220023221
골프존 안성H,2026-09-19,13:31,185000,golfpang,,,18홀,tr_220236355
센테리움,2026-09-19,13:04,139000,golfpang,,,18홀,tr_220221449
모나크,2026-09-19,13:03,150000,golfpang,,,18홀,tr_220219891
골든베이,2026-09-19,13:03,150000,golfpang,,,18홀,tr_218958738
스타,2026-09-19,13:02,180000,golfpang,,,18홀,tr_220029644
신라,2026-09-19,13:11,180000,golfpang,,,18홀,tr_220165740
포천힐스,2026-09-19,13:06,230000,golfpang,,,18홀,tr_220180542
알프스대영,2026-09-19,13:06,109000,golfpang,,,18홀,tr_220035431
웰리힐리,2026-09-19,12:58,190000,golfpang,,,18홀,tr_220023220
옥스필드,2026-09-19,13:02,99000,golfpang,,,18홀,tr_219937265
용인,2026-09-19,13:01,150000,golfpang,,,18홀,tr_219010000
마이다스레이크 이천,2026-09-19,13:00,200000,golfpang,,,18홀,tr_220175047
히든밸리,2026-09-19,12:44,180000,golfpang,,,18홀,tr_219694962
더플레이어스,2026-09-19,12:44,170000,golfpang,,,18홀,tr_219307247
로얄포레,2026-09-19,12:48,139000,golfpang,,,18홀,tr_219989376
알프스대영,2026-09-19,12:52,109000,golfpang,,,18홀,tr_220035430
대호단양,2026-09-19,12:41,159000,golfpang,,,18홀,tr_219986386
센추리21,2026-09-19,18:01,90000,golfpang,,,18홀,tr_220153097
벨라45 마스터스,2026-09-19,17:59,115000,golfpang,,,18홀,tr_220023586
벨라45 마스터스,2026-09-19,17:52,115000,golfpang,,,18홀,tr_220023585
로얄포레,2026-09-19,17:54,99000,golfpang,,,18홀,tr_219989377
그린힐,2026-09-19,17:42,140000,golfpang,,,18홀,tr_220195303
세레니티-강촌,2026-09-19,17:39,140000,golfpang,,,18홀,tr_219934831
아세코밸리-퍼9,2026-09-19,17:38,110000,golfpang,,,18홀,tr_220190160
벨라스톤,2026-09-19,17:45,100000,golfpang,,,18홀,tr_219933318
벨라45 마스터스,2026-09-19,17:45,115000,golfpang,,,18홀,tr_220023584
빅토리아-퍼9,2026-09-19,17:45,99000,golfpang,,,18홀,tr_220193164
리베라,2026-09-19,17:35,150000,golfpang,,,18홀,tr_220195467
그린힐,2026-09-19,17:35,140000,golfpang,,,18홀,tr_220195302
아세코밸리-퍼9,2026-09-19,17:31,110000,golfpang,,,18홀,tr_220190161
한림광릉,2026-09-19,17:31,150000,golfpang,,,18홀,tr_220128284
벨라스톤,2026-09-19,17:38,100000,golfpang,,,18홀,tr_219933317
빅토리아-퍼9,2026-09-19,17:38,99000,golfpang,,,18홀,tr_220193163
스프링베일-퍼9,2026-09-19,17:15,95000,golfpang,,,18홀,tr_220118579
남양주(퍼9),2026-09-19,17:07,119000,golfpang,,,18홀,tr_220180715
한림광릉,2026-09-19,17:24,150000,golfpang,,,18홀,tr_220128283
임페리얼레이크,2026-09-19,17:19,109000,golfpang,,,18홀,tr_219468877
골프존 진천,2026-09-19,06:21,169000,golfpang,,,18홀,tr_220336286
웰리힐리,2026-09-19,10:54,190000,golfpang,,,18홀,tr_220023219
스프링베일-퍼9,2026-09-19,11:40,115000,golfpang,,,18홀,tr_220118578
양지파인,2026-09-19,11:36,170000,golfpang,,,18홀,tr_220239288
스톤비치,2026-09-19,11:45,160000,golfpang,,,18홀,tr_218083544
모카cc,2026-09-19,08:25,150000,golfpang,,,18홀,tr_220150257
세레니티-강촌,2026-09-19,08:34,210000,golfpang,,,18홀,tr_219934829
플라밍고,2026-09-19,08:33,190000,golfpang,,,18홀,tr_220181140
남춘천,2026-09-19,08:50,220000,golfpang,,,18홀,tr_219891122
스톤비치,2026-09-19,08:41,150000,golfpang,,,18홀,tr_218083543
양지파인,2026-09-19,08:37,199000,golfpang,,,18홀,tr_220239287
대영베이스,2026-09-19,07:12,155000,golfpang,,,18홀,tr_219977317
이천실크밸리,2026-09-19,07:45,195000,golfpang,,,18홀,tr_220325219
프린세스,2026-09-19,06:55,180000,golfpang,,,18홀,tr_219489222
골프존 화랑,2026-09-19,06:55,165000,golfpang,,,18홀,tr_220335988
양평TPC,2026-09-19,06:59,200000,golfpang,,,18홀,tr_220314953
스프링베일-퍼9,2026-09-19,06:59,115000,golfpang,,,18홀,tr_220118577
용인,2026-09-19,06:56,170000,golfpang,,,18홀,tr_219009999
알펜시아명문,2026-09-19,07:10,120000,golfpang,,,18홀,tr_220032899
골프존 안성W,2026-09-19,07:05,170000,golfpang,,,18홀,tr_220328468
킹즈락,2026-09-19,06:31,130000,golfpang,,,18홀,tr_220180045
올데이,2026-09-19,06:46,99000,golfpang,,,18홀,tr_219989572
스타,2026-09-19,06:30,180000,golfpang,,,18홀,tr_220029643
벨라스톤,2026-09-19,06:35,159000,golfpang,,,18홀,tr_219933316
알펜시아명문,2026-09-19,06:35,100000,golfpang,,,18홀,tr_220032898
에델바이스(가명),2026-09-19,06:42,190000,golfpang,,,18홀,tr_219933704
센테리움,2026-09-19,06:46,159000,golfpang,,,18홀,tr_220221447
일레븐,2026-09-19,06:23,130000,golfpang,,,18홀,tr_220241296
골든베이,2026-09-19,06:30,150000,golfpang,,,18홀,tr_218958737
대호단양,2026-09-19,06:28,149000,golfpang,,,18홀,tr_219986385
옥스필드,2026-09-19,06:11,99000,golfpang,,,18홀,tr_219937264
파인밸리,2026-09-19,06:10,125000,golfpang,,,18홀,tr_219173551
보령베이스-퍼9,2026-09-19,06:08,69000,golfpang,,,18홀,tr_219910030
파인밸리,2026-09-19,06:17,125000,golfpang,,,18홀,tr_219173550
임페리얼레이크,2026-09-19,05:57,129000,golfpang,,,18홀,tr_219468875
골프존 송도(구.오렌지듄스),2026-09-19,05:57,169000,golfpang,,,18홀,tr_220328705
떼제베(동북),2026-09-19,05:57,100000,golfpang,,,18홀,tr_219985325
떼제베,2026-09-19,05:50,130000,golfpang,,,18홀,tr_219985712
대영힐스,2026-09-19,05:39,110000,golfpang,,,18홀,tr_219971341
포웰(안성)cc,2026-09-19,06:04,172000,golfpang,,,18홀,tr_220184090
로얄포레,2026-09-19,06:04,109000,golfpang,,,18홀,tr_219989375
힐데스하임,2026-09-19,06:00,145000,golfpang,,,18홀,tr_219547059
대호단양,2026-09-19,06:00,139000,golfpang,,,18홀,tr_219986384
파인밸리,2026-09-19,06:30,125000,golfpang,,,18홀,tr_220336275
스프링베일-퍼9,2026-09-19,07:20,110000,golfpang,,,18홀,tr_219584346
에덴블루,2026-09-19,12:30,220000,golfpang,,,18홀,tr_220336241
에덴블루,2026-09-19,18:28,129900,golfpang,,,18홀,tr_220336242
에덴블루,2026-09-19,06:42,210000,golfpang,,,18홀,tr_220336240
동서울cc-퍼9,2026-09-19,17:36,65000,golfpang,,,18홀,tr_220336239
해내다,2026-09-19,06:21,161000,golfpang,,,18홀,tr_220242320
태인,2026-09-19,06:33,156000,golfpang,,,18홀,tr_220242411
백제,2026-09-19,06:20,151000,golfpang,,,18홀,tr_220242266
포세븐 금강,2026-09-19,06:29,136000,golfpang,,,18홀,tr_220242384
김제스파힐스,2026-09-19,05:54,141000,golfpang,,,18홀,tr_220242005
파주,2026-09-19,12:48,230000,golfpang,,,18홀,tr_220336168
파주,2026-09-19,16:45,180000,golfpang,,,18홀,tr_220336170
파주,2026-09-19,17:13,170000,golfpang,,,18홀,tr_220336169
골프존 천안,2026-09-19,11:48,168000,golfpang,,,18홀,tr_220336165
코리아,2026-09-19,13:35,239000,golfpang,,,18홀,tr_219558525
파주,2026-09-19,17:28,170000,golfpang,,,18홀,tr_220336166
골드,2026-09-19,17:54,149000,golfpang,,,18홀,tr_218160082
코리아,2026-09-19,17:54,149000,golfpang,,,18홀,tr_218167530
코리아,2026-09-19,18:15,149000,golfpang,,,18홀,tr_220258920
골드,2026-09-19,06:07,299000,golfpang,,,18홀,tr_218981255
올림픽,2026-09-19,17:28,140000,golfpang,,,18홀,tr_220336164
골프존 송도(구.오렌지듄스),2026-09-19,18:31,159000,golfpang,,,18홀,tr_220325808
스프링베일-퍼9,2026-09-19,07:27,115000,golfpang,,,18홀,tr_220221428
남양주(퍼9),2026-09-19,17:34,119000,golfpang,,,18홀,tr_218132596
스톤비치,2026-09-19,16:48,100000,golfpang,,,18홀,tr_218600226
그린힐,2026-09-19,17:35,140000,golfpang,,,18홀,tr_220222560
파주,2026-09-19,17:06,180000,golfpang,,,18홀,tr_220055978
아세코밸리-퍼9,2026-09-19,17:17,110000,golfpang,,,18홀,tr_219970280
유니아일랜드,2026-09-19,15:14,150000,golfpang,,,18홀,tr_220011502
파주,2026-09-19,16:24,190000,golfpang,,,18홀,tr_220055977
대호단양,2026-09-19,16:20,129000,golfpang,,,18홀,tr_220240152
유니아일랜드,2026-09-19,15:49,140000,golfpang,,,18홀,tr_220011503
비콘힐스,2026-09-19,17:02,95000,golfpang,,,18홀,tr_219843301
신라,2026-09-19,13:53,180000,golfpang,,,18홀,tr_220240410
모카cc,2026-09-19,13:56,130000,golfpang,,,18홀,tr_220180414
서산수,2026-09-19,13:43,180000,golfpang,,,18홀,tr_220011049
가평베네스트,2026-09-19,13:42,250000,golfpang,,,18홀,tr_220233468
베뉴지,2026-09-19,13:44,169000,golfpang,,,18홀,tr_220324912
대영베이스,2026-09-19,13:39,139000,golfpang,,,18홀,tr_220233035
오로라,2026-09-19,13:42,140000,golfpang,,,18홀,tr_220150749
대영힐스,2026-09-19,13:23,129000,golfpang,,,18홀,tr_220260251
골프존 화랑,2026-09-19,13:13,141000,golfpang,,,18홀,tr_220023318
신라,2026-09-19,13:11,190000,golfpang,,,18홀,tr_220240409
킹즈락,2026-09-19,13:11,135000,golfpang,,,18홀,tr_220129859
스타,2026-09-19,13:02,190000,golfpang,,,18홀,tr_220037059
감곡,2026-09-19,12:53,170000,golfpang,,,18홀,tr_220303907
중원,2026-09-19,12:58,180000,golfpang,,,18홀,tr_220046118
베뉴지,2026-09-19,12:41,179000,golfpang,,,18홀,tr_220324911
클럽모우,2026-09-19,12:45,180000,golfpang,,,18홀,tr_219933581
힐데스하임,2026-09-19,12:49,135000,golfpang,,,18홀,tr_220289933
해솔리아,2026-09-19,12:37,170000,golfpang,,,18홀,tr_220305281
비콘힐스,2026-09-19,12:36,155000,golfpang,,,18홀,tr_219843300
대영힐스,2026-09-19,12:25,130000,golfpang,,,18홀,tr_220260250
중원,2026-09-19,11:55,190000,golfpang,,,18홀,tr_220046117
양지파인,2026-09-19,11:51,170000,golfpang,,,18홀,tr_220240599
클럽모우,2026-09-19,08:50,210000,golfpang,,,18홀,tr_219933580
양지파인,2026-09-19,08:37,199000,golfpang,,,18홀,tr_220240598
모카cc,2026-09-19,08:25,150000,golfpang,,,18홀,tr_220180413
이븐데일,2026-09-19,08:24,115000,golfpang,,,18홀,tr_220287638
360도,2026-09-19,07:07,180000,golfpang,,,18홀,tr_220315317
스타,2026-09-19,06:37,190000,golfpang,,,18홀,tr_220037058
360도,2026-09-19,06:22,170000,golfpang,,,18홀,tr_220315316
대호단양,2026-09-19,06:28,149000,golfpang,,,18홀,tr_220240151
해솔리아,2026-09-19,06:35,180000,golfpang,,,18홀,tr_220305280
킹즈락,2026-09-19,06:31,130000,golfpang,,,18홀,tr_220129858
해솔리아,2026-09-19,06:14,170000,golfpang,,,18홀,tr_220305279
남춘천,2026-09-19,06:25,180000,golfpang,,,18홀,tr_220174881
대영힐스,2026-09-19,05:39,110000,golfpang,,,18홀,tr_220260249
그린힐,2026-09-19,18:59,110000,golfpang,,,18홀,tr_220222561
감곡,2026-09-19,18:41,120000,golfpang,,,18홀,tr_220303908
힐데스하임,2026-09-19,18:49,90000,golfpang,,,18홀,tr_220289935
대영베이스,2026-09-19,18:37,89000,golfpang,,,18홀,tr_220233036
스타,2026-09-19,18:24,110000,golfpang,,,18홀,tr_220037060
벨라스톤,2026-09-19,18:06,100000,golfpang,,,18홀,tr_219347732
파주,2026-09-19,18:09,170000,golfpang,,,18홀,tr_220055979
세레니티-강촌,2026-09-19,17:39,140000,golfpang,,,18홀,tr_219970542
벨라스톤,2026-09-19,17:45,100000,golfpang,,,18홀,tr_219347731
해솔리아,2026-09-19,13:20,160000,golfpang,,,18홀,tr_220336134
용인(비공개),2026-09-19,06:25,230000,golfpang,,,18홀,tr_220287998
일레븐,2026-09-19,06:37,130000,golfpang,,,18홀,tr_220282960
용인(비공개),2026-09-19,18:03,150000,golfpang,,,18홀,tr_220288000
골프존 안성H,2026-09-19,13:31,185000,golfpang,,,18홀,tr_220287795
용인(비공개),2026-09-19,13:38,199000,golfpang,,,18홀,tr_220287999
일레븐,2026-09-19,17:51,75000,golfpang,,,18홀,tr_220282961
임페리얼레이크,2026-09-19,16:44,119000,golfpang,,,18홀,tr_220336113
임페리얼레이크,2026-09-19,11:45,129000,golfpang,,,18홀,tr_220336111
임페리얼레이크,2026-09-19,11:52,129000,golfpang,,,18홀,tr_220336112
속리산cc,2026-09-19,13:18,130000,golfpang,,,18홀,tr_220336088
속리산cc,2026-09-19,14:00,120000,golfpang,,,18홀,tr_220336089
센테리움,2026-09-19,13:25,139000,golfpang,,,18홀,tr_220336072
센테리움,2026-09-19,06:46,159000,golfpang,,,18홀,tr_220336071
라싸,2026-09-19,12:32,189000,golfpang,,,18홀,tr_220230759
스카이밸리,2026-09-19,13:11,200000,golfpang,,,18홀,tr_220336069
골프존 송도(구.오렌지듄스),2026-09-19,13:57,179000,golfpang,,,18홀,tr_220336064
골프존 송도(구.오렌지듄스),2026-09-19,06:04,169000,golfpang,,,18홀,tr_220336062
골프존 송도(구.오렌지듄스),2026-09-19,13:50,179000,golfpang,,,18홀,tr_220336063
스카이밸리,2026-09-19,13:53,190000,golfpang,,,18홀,tr_220336059
스카이밸리,2026-09-19,06:41,200000,golfpang,,,18홀,tr_220336058
스톤비치,2026-09-19,13:06,130000,golfpang,,,18홀,tr_216661833
클럽모우,2026-09-19,14:17,150000,golfpang,,,18홀,tr_220336017
골프존 송도(구.오렌지듄스),2026-09-19,06:04,169000,golfpang,,,18홀,tr_220336015
포레스트힐,2026-09-19,18:31,129000,golfpang,,,18홀,tr_220335987
마이다스레이크 이천,2026-09-19,14:25,180000,golfpang,,,18홀,tr_220335986
라싸,2026-09-19,18:14,139000,golfpang,,,18홀,tr_220249932
힐마루 포천,2026-09-19,18:13,160000,golfpang,,,18홀,tr_220165762
일레븐,2026-09-19,17:58,80000,golfpang,,,18홀,tr_220165766
골프존 화랑,2026-09-19,06:27,165000,golfpang,,,18홀,tr_219574346
킹즈락,2026-09-19,06:45,140000,golfpang,,,18홀,tr_219732157
그랜드(청주),2026-09-19,18:28,120000,golfpang,,,18홀,tr_220165769
일라이트,2026-09-19,07:31,150000,golfpang,,,18홀,tr_219662493
골프존 천안,2026-09-19,13:54,166000,golfpang,,,18홀,tr_219692518
백제,2026-09-19,13:47,140000,golfpang,,,18홀,tr_219574382
베뉴지,2026-09-19,13:23,165000,golfpang,,,18홀,tr_220242874
속리산cc,2026-09-19,13:32,130000,golfpang,,,18홀,tr_219574451
떼제베,2026-09-19,12:46,150000,golfpang,,,18홀,tr_220165776
로얄포레,2026-09-19,12:27,139000,golfpang,,,18홀,tr_219574394
스카이밸리,2026-09-19,13:11,200000,golfpang,,,18홀,tr_220335982
마이다스레이크 이천,2026-09-19,14:02,180000,golfpang,,,18홀,tr_220242088
클럽모우,2026-09-19,13:42,150000,golfpang,,,18홀,tr_220335974
클럽72-오션,2026-09-19,06:44,300000,golfpang,,,18홀,tr_220328754
골프존 송도(구.오렌지듄스),2026-09-19,13:50,179000,golfpang,,,18홀,tr_220221135
클럽72-오션,2026-09-19,14:03,280000,golfpang,,,18홀,tr_220328755
골프존 천안,2026-09-19,12:23,173000,golfpang,,,18홀,tr_220230707
속리산cc,2026-09-19,13:40,130000,golfpang,,,18홀,tr_220328680
포웰(안성)cc,2026-09-19,18:39,112000,golfpang,,,18홀,tr_220324208
골프존 화랑,2026-09-19,18:56,99000,golfpang,,,18홀,tr_220306311
포웰(안성)cc,2026-09-19,19:42,105000,golfpang,,,18홀,tr_220324212
필로스,2026-09-19,18:07,140000,golfpang,,,18홀,tr_220324657
블랙스톤벨포레,2026-09-19,18:12,70000,golfpang,,,18홀,tr_220307054
이포,2026-09-19,18:13,130000,golfpang,,,18홀,tr_220321367
세레니티-강촌,2026-09-19,17:46,140000,golfpang,,,18홀,tr_220307179
골프존 화랑,2026-09-19,17:46,119000,golfpang,,,18홀,tr_220306309
아난티중앙(야간),2026-09-19,17:53,140000,golfpang,,,18홀,tr_220307410
파주,2026-09-19,16:52,180000,golfpang,,,18홀,tr_220324201
파주,2026-09-19,17:34,170000,golfpang,,,18홀,tr_220324203
한림용인,2026-09-19,17:38,158000,golfpang,,,18홀,tr_220324692
백제,2026-09-19,13:54,140000,golfpang,,,18홀,tr_220306669
더크로스비,2026-09-19,13:58,197000,golfpang,,,18홀,tr_220306315
포웰(안성)cc,2026-09-19,13:57,152000,golfpang,,,18홀,tr_220324205
마이다스레이크 이천,2026-09-19,14:17,180000,golfpang,,,18홀,tr_220306608
골프존 진천,2026-09-19,14:17,141000,golfpang,,,18홀,tr_220306194
베뉴지,2026-09-19,13:44,160000,golfpang,,,18홀,tr_220306696
양평TPC,2026-09-19,13:43,150000,golfpang,,,18홀,tr_220307489
가평프리스틴밸리,2026-09-19,13:17,220000,golfpang,,,18홀,tr_220324255
라싸,2026-09-19,13:14,179000,golfpang,,,18홀,tr_220306473
경춘(비공개),2026-09-19,13:22,160000,golfpang,,,18홀,tr_220324591
블랙스톤벨포레,2026-09-19,13:20,110000,golfpang,,,18홀,tr_220307027
진천(비공개),2026-09-19,13:26,180000,golfpang,,,18홀,tr_220307417
베뉴지,2026-09-19,13:30,160000,golfpang,,,18홀,tr_220306690
신라,2026-09-19,13:32,180000,golfpang,,,18홀,tr_220307569
스카이밸리,2026-09-19,13:32,200000,golfpang,,,18홀,tr_220307203
이포,2026-09-19,12:54,200000,golfpang,,,18홀,tr_220321357
로얄링스,2026-09-19,13:02,120000,golfpang,,,18홀,tr_220306603
양평TPC,2026-09-19,12:40,160000,golfpang,,,18홀,tr_220307488
더플레이어스,2026-09-19,12:44,160000,golfpang,,,18홀,tr_220324105
스톤비치,2026-09-19,12:48,110000,golfpang,,,18홀,tr_220307370
신라,2026-09-19,12:22,200000,golfpang,,,18홀,tr_220307543
스톤비치,2026-09-19,12:20,110000,golfpang,,,18홀,tr_220307312
파주,2026-09-19,12:27,230000,golfpang,,,18홀,tr_220324132
라싸,2026-09-19,08:26,249000,golfpang,,,18홀,tr_220306448
동촌,2026-09-19,06:48,170000,golfpang,,,18홀,tr_220324767
신라,2026-09-19,07:20,240000,golfpang,,,18홀,tr_220307530
진천(비공개),2026-09-19,07:17,180000,golfpang,,,18홀,tr_220307415
더플레이어스,2026-09-19,07:16,190000,golfpang,,,18홀,tr_220321594
스톤비치,2026-09-19,07:45,140000,golfpang,,,18홀,tr_220307277
골프존 화랑,2026-09-19,06:34,175000,golfpang,,,18홀,tr_220306308
스카이밸리,2026-09-19,06:41,200000,golfpang,,,18홀,tr_220307184
골프존 송도(구.오렌지듄스),2026-09-19,13:57,179000,golfpang,,,18홀,tr_220221137
골프존 송도(구.오렌지듄스),2026-09-19,13:50,179000,golfpang,,,18홀,tr_220328679
샴발라,2026-09-19,13:27,180000,golfpang,,,18홀,tr_220328678
골프존 송도(구.오렌지듄스),2026-09-19,13:50,179000,golfpang,,,18홀,tr_220221136
글렌로스-퍼9,2026-09-19,08:15,290000,golfpang,,,18홀,tr_220328621
오로라,2026-09-19,13:00,140000,golfpang,,,18홀,tr_220328551
오로라,2026-09-19,18:06,90000,golfpang,,,18홀,tr_220328552
오로라,2026-09-19,12:04,140000,golfpang,,,18홀,tr_220328550
몽베르(대중제),2026-09-19,18:18,140000,golfpang,,,18홀,tr_220328549
포웰(안성)cc,2026-09-19,19:40,92000,golfpang,,,18홀,tr_219466485
플라밍고,2026-09-19,19:00,90000,golfpang,,,18홀,tr_219970215
로얄링스,2026-09-19,12:40,120000,golfpang,,,18홀,tr_218537283
플라밍고,2026-09-19,13:30,140000,golfpang,,,18홀,tr_219970212
포웰(안성)cc,2026-09-19,13:30,152000,golfpang,,,18홀,tr_220325518
해솔리아,2026-09-19,13:40,160000,golfpang,,,18홀,tr_220315475
블랙스톤벨포레,2026-09-19,17:00,70000,golfpang,,,18홀,tr_219841149
임페리얼레이크,2026-09-19,12:13,139000,golfpang,,,18홀,tr_220283125
모나크,2026-09-19,12:14,160000,golfpang,,,18홀,tr_220219693
올데이,2026-09-19,12:13,109000,golfpang,,,18홀,tr_220206834
이븐데일,2026-09-19,12:13,90000,golfpang,,,18홀,tr_220325199
힐데스하임,2026-09-19,12:27,140000,golfpang,,,18홀,tr_220326203
이븐데일,2026-09-19,08:24,115000,golfpang,,,18홀,tr_220325198
라싸,2026-09-19,08:19,239000,golfpang,,,18홀,tr_220327791
오너스,2026-09-19,08:28,175000,golfpang,,,18홀,tr_220324877
자유로,2026-09-19,08:52,250000,golfpang,,,18홀,tr_220209027
클럽모우,2026-09-19,08:50,210000,golfpang,,,18홀,tr_220327945
골프존 안성W,2026-09-19,08:43,180000,golfpang,,,18홀,tr_220327492
동촌,2026-09-19,08:40,210000,golfpang,,,18홀,tr_220326831
골든베이,2026-09-19,06:51,150000,golfpang,,,18홀,tr_220206308
라싸,2026-09-19,06:48,209000,golfpang,,,18홀,tr_220327790
히든밸리,2026-09-19,06:56,200000,golfpang,,,18홀,tr_220197897
로얄포레,2026-09-19,07:00,139000,golfpang,,,18홀,tr_220207948
양평TPC,2026-09-19,06:59,200000,golfpang,,,18홀,tr_220328096
에덴블루,2026-09-19,07:13,209000,golfpang,,,18홀,tr_220324230
이븐데일,2026-09-19,07:28,109000,golfpang,,,18홀,tr_220325197
킹스데일,2026-09-19,07:26,210000,golfpang,,,18홀,tr_220326620
동촌,2026-09-19,07:23,185000,golfpang,,,18홀,tr_220326830
옥스필드,2026-09-19,07:21,129000,golfpang,,,18홀,tr_220208016
골프존 송도(구.오렌지듄스),2026-09-19,06:11,199000,golfpang,,,18홀,tr_220150171
일레븐,2026-09-19,06:23,130000,golfpang,,,18홀,tr_220235964
킹즈락,2026-09-19,06:17,130000,golfpang,,,18홀,tr_220301734
파인밸리,2026-09-19,06:17,125000,golfpang,,,18홀,tr_219152135
파인밸리,2026-09-19,06:17,125000,golfpang,,,18홀,tr_219152134
올데이,2026-09-19,06:32,99000,golfpang,,,18홀,tr_220206833
한림용인,2026-09-19,06:31,200000,golfpang,,,18홀,tr_220220312
골프존 안성W,2026-09-19,06:37,170000,golfpang,,,18홀,tr_220327491
알펜시아명문,2026-09-19,06:35,110000,golfpang,,,18홀,tr_219772184
에덴블루,2026-09-19,06:42,199000,golfpang,,,18홀,tr_220324229
킹즈락,2026-09-19,06:45,140000,golfpang,,,18홀,tr_220179699
서원힐스,2026-09-19,05:32,240000,golfpang,,,18홀,tr_220321511
힐데스하임,2026-09-19,06:07,120000,golfpang,,,18홀,tr_220326202
푸른솔포천,2026-09-19,06:07,230000,golfpang,,,18홀,tr_220206224
캐슬렉스,2026-09-19,06:04,250000,golfpang,,,18홀,tr_220326950
임페리얼레이크,2026-09-19,06:04,109000,golfpang,,,18홀,tr_220283124
자유로,2026-09-19,14:05,210000,golfpang,,,18홀,tr_220209028
마이다스레이크 이천,2026-09-19,14:03,190000,golfpang,,,18홀,tr_220179318
골프존 안성W,2026-09-19,13:38,150000,golfpang,,,18홀,tr_220327493
오로라,2026-09-19,13:42,140000,golfpang,,,18홀,tr_220328327
클럽모우,2026-09-19,13:41,160000,golfpang,,,18홀,tr_220327946
골든베이,2026-09-19,13:45,150000,golfpang,,,18홀,tr_220206309
골프존 송도(구.오렌지듄스),2026-09-19,13:43,199000,golfpang,,,18홀,tr_220150172
캐슬렉스,2026-09-19,13:46,250000,golfpang,,,18홀,tr_220326951
동서울cc-퍼9,2026-09-19,13:45,89000,golfpang,,,18홀,tr_219329891
양평TPC,2026-09-19,13:50,150000,golfpang,,,18홀,tr_220328097
한림용인,2026-09-19,13:25,180000,golfpang,,,18홀,tr_220220314
대영베이스,2026-09-19,13:32,139000,golfpang,,,18홀,tr_220204062
마이다스레이크 이천,2026-09-19,13:00,200000,golfpang,,,18홀,tr_220179317
모나크,2026-09-19,13:03,150000,golfpang,,,18홀,tr_220219694
에덴블루,2026-09-19,12:30,209000,golfpang,,,18홀,tr_220324231
오로라,2026-09-19,12:39,140000,golfpang,,,18홀,tr_220328326
라싸,2026-09-19,12:39,189000,golfpang,,,18홀,tr_220327792
히든밸리,2026-09-19,12:37,180000,golfpang,,,18홀,tr_220197898
로얄포레,2026-09-19,12:41,139000,golfpang,,,18홀,tr_220207949
한림용인,2026-09-19,12:57,190000,golfpang,,,18홀,tr_220220313
옥스필드,2026-09-19,12:13,109000,golfpang,,,18홀,tr_220208017
모나크,2026-09-19,18:23,110000,golfpang,,,18홀,tr_220219695
오로라,2026-09-19,18:30,90000,golfpang,,,18홀,tr_220328328
블랙스톤벨포레,2026-09-19,18:40,70000,golfpang,,,18홀,tr_220145284
아난티중앙(야간),2026-09-19,18:38,130000,golfpang,,,18홀,tr_220230680
로얄포레,2026-09-19,18:36,99000,golfpang,,,18홀,tr_220207950
대영베이스,2026-09-19,18:51,89000,golfpang,,,18홀,tr_220204063
힐데스하임,2026-09-19,18:49,90000,golfpang,,,18홀,tr_220326204
동서울cc-퍼9,2026-09-19,18:03,65000,golfpang,,,18홀,tr_219329892
벨라스톤,2026-09-19,18:06,100000,golfpang,,,18홀,tr_219445020
일레븐,2026-09-19,18:05,75000,golfpang,,,18홀,tr_220235965
옥스필드,2026-09-19,18:15,69000,golfpang,,,18홀,tr_220208018
대영베이스,2026-09-19,18:17,95000,golfpang,,,18홀,tr_220204064
일레븐,2026-09-19,18:26,75000,golfpang,,,18홀,tr_220235966
벨라45 마스터스,2026-09-19,17:45,115000,golfpang,,,18홀,tr_219348113
블랙스톤벨포레,2026-09-19,17:44,80000,golfpang,,,18홀,tr_220145282
벨라45 마스터스,2026-09-19,17:52,115000,golfpang,,,18홀,tr_219348114
블랙스톤벨포레,2026-09-19,17:51,80000,golfpang,,,18홀,tr_220145283
알프스대영,2026-09-19,17:57,69000,golfpang,,,18홀,tr_220208209
임페리얼레이크,2026-09-19,18:01,99000,golfpang,,,18홀,tr_220283126
동강시스타,2026-09-19,17:10,80000,golfpang,,,18홀,tr_217261281
올데이,2026-09-19,17:26,79000,golfpang,,,18홀,tr_220206835
벨라스톤,2026-09-19,17:31,100000,golfpang,,,18홀,tr_219445019
벨라45 마스터스,2026-09-19,17:31,115000,golfpang,,,18홀,tr_219348112
푸른솔포천,2026-09-19,13:55,230000,golfpang,,,18홀,tr_220206225
알프스대영,2026-09-19,18:25,65000,golfpang,,,18홀,tr_220208210
이천(비공개명문),2026-09-19,13:38,222000,golfpang,,,18홀,tr_220126230
용인(비공개),2026-09-19,13:45,219000,golfpang,,,18홀,tr_220130737
세현,2026-09-19,13:51,250000,golfpang,,,18홀,tr_220115285
스카이밸리,2026-09-19,13:11,200000,golfpang,,,18홀,tr_220328531
비발디파크E,2026-09-19,12:50,224000,golfpang,,,18홀,tr_220121129
비발디파크W,2026-09-19,12:59,208000,golfpang,,,18홀,tr_219914656
중원,2026-09-19,12:58,150000,golfpang,,,18홀,tr_220153634
이천(비공개명문),2026-09-19,12:38,269000,golfpang,,,18홀,tr_220126229
신라,2026-09-19,12:36,200000,golfpang,,,18홀,tr_220118335
속리산cc,2026-09-19,12:36,150000,golfpang,,,18홀,tr_219486135
속리산cc,2026-09-19,12:43,150000,golfpang,,,18홀,tr_219486136
포천힐스,2026-09-19,12:10,230000,golfpang,,,18홀,tr_220206061
속리산cc,2026-09-19,12:15,150000,golfpang,,,18홀,tr_219486134
남양주(퍼9),2026-09-19,12:20,139000,golfpang,,,18홀,tr_220148629
스프링베일-퍼9,2026-09-19,12:22,115000,golfpang,,,18홀,tr_220145484
뉴스프링빌,2026-09-19,11:44,280000,golfpang,,,18홀,tr_220013153
뉴스프링빌,2026-09-19,11:51,280000,golfpang,,,18홀,tr_220013154
프린세스,2026-09-19,12:04,180000,golfpang,,,18홀,tr_219446043
세레니티-강촌,2026-09-19,12:07,210000,golfpang,,,18홀,tr_219968067
웰리힐리,2026-09-19,12:06,190000,golfpang,,,18홀,tr_218564475
파주,2026-09-19,12:13,270000,golfpang,,,18홀,tr_219891411
포레스트힐,2026-09-19,17:28,150000,golfpang,,,18홀,tr_216881628
한림광릉,2026-09-19,17:31,150000,golfpang,,,18홀,tr_220131064
스톤비치,2026-09-19,17:37,130000,golfpang,,,18홀,tr_219372609
그린힐,2026-09-19,17:35,140000,golfpang,,,18홀,tr_220180951
리베라,2026-09-19,17:35,150000,golfpang,,,18홀,tr_220181499
프린세스,2026-09-19,17:41,125000,golfpang,,,18홀,tr_219446044
대호단양,2026-09-19,17:09,119000,golfpang,,,18홀,tr_219777424
남양주(퍼9),2026-09-19,17:07,119000,golfpang,,,18홀,tr_220148631
몽베르(대중제),2026-09-19,17:21,160000,golfpang,,,18홀,tr_219716429
한림광릉,2026-09-19,17:17,150000,golfpang,,,18홀,tr_219715717
백제,2026-09-19,14:01,140000,golfpang,,,18홀,tr_220174900
가평(비공개),2026-09-19,14:06,220000,golfpang,,,18홀,tr_219986614
리베라,2026-09-19,14:24,210000,golfpang,,,18홀,tr_220181498
신라,2026-09-19,13:53,180000,golfpang,,,18홀,tr_220118337
비발디파크E,2026-09-19,13:54,208000,golfpang,,,18홀,tr_220121148
백제,2026-09-19,13:54,140000,golfpang,,,18홀,tr_220174899
골프존 안성H,2026-09-19,13:31,190000,golfpang,,,18홀,tr_220153215
여주,2026-09-19,13:39,240000,golfpang,,,18홀,tr_220174630
골프존 안성H,2026-09-19,13:38,190000,golfpang,,,18홀,tr_220153216
이천실크밸리,2026-09-19,13:38,155000,golfpang,,,18홀,tr_219937569
스타,2026-09-19,18:45,110000,golfpang,,,18홀,tr_219778009
그린힐,2026-09-19,18:59,110000,golfpang,,,18홀,tr_220180952
그린힐,2026-09-19,19:06,110000,golfpang,,,18홀,tr_220180953
파인스톤,2026-09-19,18:25,150000,golfpang,,,18홀,tr_219332315
베스트밸리-퍼9,2026-09-19,18:30,130000,golfpang,,,18홀,tr_219999180
비콘힐스,2026-09-19,18:40,90000,golfpang,,,18홀,tr_220197845
파인스톤,2026-09-19,18:39,150000,golfpang,,,18홀,tr_219332316
골프존 송도(구.오렌지듄스),2026-09-19,18:38,159000,golfpang,,,18홀,tr_220150173
비콘힐스,2026-09-19,18:47,90000,golfpang,,,18홀,tr_220197846
필로스,2026-09-19,18:14,140000,golfpang,,,18홀,tr_219688796
필로스,2026-09-19,18:20,140000,golfpang,,,18홀,tr_219688795
비콘힐스,2026-09-19,18:05,90000,golfpang,,,18홀,tr_220197847
필로스,2026-09-19,18:07,140000,golfpang,,,18홀,tr_219688794
이천실크밸리,2026-09-19,18:11,110000,golfpang,,,18홀,tr_219937570
몽베르(대중제),2026-09-19,18:10,150000,golfpang,,,18홀,tr_219716431
용인(비공개),2026-09-19,18:10,150000,golfpang,,,18홀,tr_220130738
베스트밸리-퍼9,2026-09-19,18:16,130000,golfpang,,,18홀,tr_219999179
몽베르(대중제),2026-09-19,18:03,150000,golfpang,,,18홀,tr_219716430
리베라,2026-09-19,18:03,140000,golfpang,,,18홀,tr_220181500
베스트밸리-퍼9,2026-09-19,18:02,130000,golfpang,,,18홀,tr_219999178
한림광릉,2026-09-19,18:06,150000,golfpang,,,18홀,tr_220131067
프린세스,2026-09-19,08:26,190000,golfpang,,,18홀,tr_219446042
중원,2026-09-19,08:35,170000,golfpang,,,18홀,tr_220153633
세레니티-강촌,2026-09-19,08:34,210000,golfpang,,,18홀,tr_219968066
대호단양,2026-09-19,11:10,159000,golfpang,,,18홀,tr_219777423
보령베이스-퍼9,2026-09-19,11:07,99000,golfpang,,,18홀,tr_220200853
크리스밸리,2026-09-19,11:37,200000,golfpang,,,18홀,tr_219796358
이천실크밸리,2026-09-19,07:59,195000,golfpang,,,18홀,tr_219937568
샤인데일,2026-09-19,08:12,200000,golfpang,,,18홀,tr_220181274
스프링베일-퍼9,2026-09-19,08:23,125000,golfpang,,,18홀,tr_220145483
더플레이어스,2026-09-19,07:16,190000,golfpang,,,18홀,tr_220179208
에델바이스(가명),2026-09-19,07:17,180000,golfpang,,,18홀,tr_220149123
스타,2026-09-19,06:44,180000,golfpang,,,18홀,tr_219778007
골프존 안성H,2026-09-19,06:51,200000,golfpang,,,18홀,tr_220153214
용인(비공개),2026-09-19,06:46,250000,golfpang,,,18홀,tr_220130736
남춘천,2026-09-19,06:25,180000,golfpang,,,18홀,tr_220179365
파주,2026-09-19,06:24,290000,golfpang,,,18홀,tr_219891410
여주,2026-09-19,06:30,270000,golfpang,,,18홀,tr_220174629
비발디파크W,2026-09-19,06:29,200000,golfpang,,,18홀,tr_219914655
스톤비치,2026-09-19,06:35,130000,golfpang,,,18홀,tr_219372607
파주,2026-09-19,05:49,240000,golfpang,,,18홀,tr_219891409
세현,2026-09-19,13:37,250000,golfpang,,,18홀,tr_220115283
신라,2026-09-19,13:18,180000,golfpang,,,18홀,tr_220118336
가평(비공개),2026-09-19,13:17,230000,golfpang,,,18홀,tr_219986613
스톤비치,2026-09-19,13:23,160000,golfpang,,,18홀,tr_219372608
포천힐스,2026-09-19,13:20,230000,golfpang,,,18홀,tr_220206062
에델바이스(가명),2026-09-19,13:26,190000,golfpang,,,18홀,tr_220149124
스프링베일-퍼9,2026-09-19,13:04,115000,golfpang,,,18홀,tr_220145485
스타,2026-09-19,13:02,180000,golfpang,,,18홀,tr_219778008
남양주(퍼9),2026-09-19,13:07,137000,golfpang,,,18홀,tr_220148630
일레븐,2026-09-19,06:30,130000,golfpang,,,18홀,tr_220152000
일레븐,2026-09-19,12:40,115000,golfpang,,,18홀,tr_219764959
그린힐,2026-09-19,19:00,100000,golfpang,,,18홀,tr_219393640
블랙스톤벨포레,2026-09-19,18:10,60000,golfpang,,,18홀,tr_220056700
포웰(안성)cc,2026-09-19,18:00,112000,golfpang,,,18홀,tr_220205609
블랙스톤벨포레,2026-09-19,13:20,100000,golfpang,,,18홀,tr_220205592
클럽72,2026-09-19,08:30,220000,golfpang,,,18홀,tr_219969895
로얄링스,2026-09-19,07:40,120000,golfpang,,,18홀,tr_219704384
일레븐,2026-09-19,17:30,75000,golfpang,,,18홀,tr_219764991
베스트밸리-퍼9,2026-09-19,18:10,130000,golfpang,,,18홀,tr_220328525
서원힐스,2026-09-19,05:32,250000,golfpang,,,18홀,tr_219992604
서원힐스,2026-09-19,05:39,250000,golfpang,,,18홀,tr_219992605
서원힐스,2026-09-19,05:39,250000,golfpang,,,18홀,tr_219992606
로얄포레,2026-09-19,11:10,169000,golfpang,,,18홀,tr_219064962
에스앤-퍼9,2026-09-19,11:14,100000,golfpang,,,18홀,tr_219777372
스타,2026-09-19,12:06,190000,golfpang,,,18홀,tr_220038151
보령베이스-퍼9,2026-09-19,11:56,89000,golfpang,,,18홀,tr_219775398
속리산cc,2026-09-19,11:54,160000,golfpang,,,18홀,tr_219992688
솔라고,2026-09-19,11:50,180000,golfpang,,,18홀,tr_219992737
서산수,2026-09-19,12:26,230000,golfpang,,,18홀,tr_219992567
클럽모우,2026-09-19,14:16,150000,golfpang,,,18홀,tr_220328504
클럽모우,2026-09-19,13:41,150000,golfpang,,,18홀,tr_220328503
클럽모우,2026-09-19,13:34,150000,golfpang,,,18홀,tr_220328502
킹즈락,2026-09-19,06:52,140000,golfpang,,,18홀,tr_220328484
킹즈락,2026-09-19,06:31,130000,golfpang,,,18홀,tr_220328483
킹즈락,2026-09-19,18:34,95000,golfpang,,,18홀,tr_220328485
블랙스톤벨포레,2026-09-19,13:38,100000,golfpang,,,18홀,tr_220211010
일레븐,2026-09-19,12:42,115000,golfpang,,,18홀,tr_220210922
라싸,2026-09-19,17:47,149000,golfpang,,,18홀,tr_220328467
일레븐,2026-09-19,17:37,75000,golfpang,,,18홀,tr_220210965
동서울cc-퍼9,2026-09-19,13:32,89000,golfpang,,,18홀,tr_220328466
골드,2026-09-19,17:47,149000,golfpang,,,18홀,tr_217982710
골드,2026-09-19,06:07,249000,golfpang,,,18홀,tr_220181207
코리아,2026-09-19,17:47,149000,golfpang,,,18홀,tr_218958931
로얄링스,2026-09-19,07:38,120000,golfpang,,,18홀,tr_220211027
로얄링스,2026-09-19,12:41,120000,golfpang,,,18홀,tr_220211029
일라이트,2026-09-19,12:57,142000,golfpang,,,18홀,tr_220211020
플라밍고,2026-09-19,13:39,140000,golfpang,,,18홀,tr_220210911
포웰(안성)cc,2026-09-19,06:04,171000,golfpang,,,18홀,tr_220210967
솔라고,2026-09-19,14:24,140000,golfpang,,,18홀,tr_220211024
포웰(안성)cc,2026-09-19,19:49,92000,golfpang,,,18홀,tr_220211016
그린힐,2026-09-19,19:06,100000,golfpang,,,18홀,tr_220210917
플라밍고,2026-09-19,19:13,90000,golfpang,,,18홀,tr_220210912
포웰(안성)cc,2026-09-19,19:21,112000,golfpang,,,18홀,tr_220210906
아세코밸리-퍼9,2026-09-19,18:13,110000,golfpang,,,18홀,tr_220328407
아세코밸리-퍼9,2026-09-19,18:13,110000,golfpang,,,18홀,tr_220328408
아세코밸리-퍼9,2026-09-19,18:13,110000,golfpang,,,18홀,tr_220328409
양지파인,2026-09-19,08:37,190000,golfpang,,,18홀,tr_220328363
양지파인,2026-09-19,11:51,170000,golfpang,,,18홀,tr_220328364
신라,2026-09-19,12:22,200000,golfpang,,,18홀,tr_220230591
파크밸리,2026-09-19,13:42,149000,golfpang,,,18홀,tr_219994189
백제,2026-09-19,13:47,140000,golfpang,,,18홀,tr_219994247
포세븐 금강,2026-09-19,13:32,155000,golfpang,,,18홀,tr_220001373
대영베이스,2026-09-19,13:39,139000,golfpang,,,18홀,tr_220210436
속리산cc,2026-09-19,13:18,130000,golfpang,,,18홀,tr_220001364
일라이트,2026-09-19,13:04,150000,golfpang,,,18홀,tr_219994301
골프존 진천,2026-09-19,13:14,149000,golfpang,,,18홀,tr_219994194
더플레이어스,2026-09-19,12:51,170000,golfpang,,,18홀,tr_219966899
중원,2026-09-19,12:51,150000,golfpang,,,18홀,tr_220210454
프린세스,2026-09-19,08:12,150000,golfpang,,,18홀,tr_220325473
대영힐스,2026-09-19,18:27,85000,golfpang,,,18홀,tr_220210480
대영베이스,2026-09-19,18:17,95000,golfpang,,,18홀,tr_220210476
힐마루 포천,2026-09-19,18:13,160000,golfpang,,,18홀,tr_220210472
모나크,2026-09-19,18:30,110000,golfpang,,,18홀,tr_220325814
골프존 천안,2026-09-19,13:54,166000,golfpang,,,18홀,tr_219994199
블랙스톤벨포레,2026-09-19,17:02,80000,golfpang,,,18홀,tr_220001381
알프스대영,2026-09-19,17:57,69000,golfpang,,,18홀,tr_220210465
일레븐,2026-09-19,17:58,80000,golfpang,,,18홀,tr_220001387
포레스트힐,2026-09-19,18:10,140000,golfpang,,,18홀,tr_219994307
킹즈락,2026-09-19,12:08,145000,golfpang,,,18홀,tr_219994156
동촌,2026-09-19,07:51,190000,golfpang,,,18홀,tr_220210372
블랙스톤벨포레,2026-09-19,12:24,120000,golfpang,,,18홀,tr_219994250
스톤비치,2026-09-19,11:38,140000,golfpang,,,18홀,tr_218600253
클럽72,2026-09-19,08:13,240000,golfpang,,,18홀,tr_220328285
클럽72,2026-09-19,06:49,220000,golfpang,,,18홀,tr_220328284
클럽72,2026-09-19,19:00,150000,golfpang,,,18홀,tr_220328286
한림용인,2026-09-19,13:32,180000,golfpang,,,18홀,tr_220328283
골프존 송도(구.오렌지듄스),2026-09-19,13:50,179000,golfpang,,,18홀,tr_220222752
골프존 송도(구.오렌지듄스),2026-09-19,06:11,169000,golfpang,,,18홀,tr_220222751
블랙스톤벨포레,2026-09-19,17:09,70000,golfpang,,,18홀,tr_220287724
안성베네스트(챌),2026-09-19,06:58,199000,golfpang,,,18홀,tr_220288765
대영베이스,2026-09-19,18:04,99000,golfpang,,,18홀,tr_220328242
대영베이스,2026-09-19,07:47,150000,golfpang,,,18홀,tr_220328241
대영베이스,2026-09-19,19:04,85000,golfpang,,,18홀,tr_220328243
비에이비스타(퍼),2026-09-19,12:16,170000,golfpang,,,18홀,tr_220328238
솔라고,2026-09-19,14:24,140000,golfpang,,,18홀,tr_220211907
블랙스톤벨포레,2026-09-19,13:27,100000,golfpang,,,18홀,tr_220211849
일레븐,2026-09-19,12:42,115000,golfpang,,,18홀,tr_220211890
로얄링스,2026-09-19,12:41,120000,golfpang,,,18홀,tr_220211909
블랙스톤벨포레,2026-09-19,18:19,60000,golfpang,,,18홀,tr_220211886
일레븐,2026-09-19,17:37,75000,golfpang,,,18홀,tr_220211892
플라밍고,2026-09-19,19:13,90000,golfpang,,,18홀,tr_220211846
그린힐,2026-09-19,19:06,100000,golfpang,,,18홀,tr_220211888
플라밍고,2026-09-19,08:34,190000,golfpang,,,18홀,tr_220327458
로얄링스,2026-09-19,07:38,120000,golfpang,,,18홀,tr_220211908
세레니티-강촌,2026-09-19,12:53,210000,golfpang,,,18홀,tr_220328210
세레니티-강촌,2026-09-19,17:46,140000,golfpang,,,18홀,tr_220328211
세레니티-강촌,2026-09-19,06:56,210000,golfpang,,,18홀,tr_220328209
스톤비치,2026-09-19,12:55,130000,golfpang,,,18홀,tr_217774889
중원,2026-09-19,08:21,170000,golfpang,,,18홀,tr_220230502
포웰(안성)cc,2026-09-19,12:10,162000,golfpang,,,18홀,tr_220318551
스톤비치,2026-09-19,17:23,100000,golfpang,,,18홀,tr_219642403
아세코밸리-퍼9,2026-09-19,18:13,110000,golfpang,,,18홀,tr_220327662
아세코밸리-퍼9,2026-09-19,18:13,110000,golfpang,,,18홀,tr_220327661
아세코밸리-퍼9,2026-09-19,18:13,110000,golfpang,,,18홀,tr_220327663
인천그랜드,2026-09-19,17:31,189000,golfpang,,,18홀,tr_220297116
옥스필드,2026-09-19,13:02,99000,golfpang,,,18홀,tr_220328154
옥스필드,2026-09-19,17:12,79000,golfpang,,,18홀,tr_220328155
옥스필드,2026-09-19,06:53,119000,golfpang,,,18홀,tr_220328153
예미지,2026-09-19,13:15,170000,golfpang,,,18홀,tr_220328152
알프스대영,2026-09-19,17:50,69000,golfpang,,,18홀,tr_220328117
알프스대영,2026-09-19,18:25,65000,golfpang,,,18홀,tr_220328118
알프스대영,2026-09-19,16:47,89000,golfpang,,,18홀,tr_220328116
인천그랜드,2026-09-19,17:31,189000,golfpang,,,18홀,tr_220297171
포웰(안성)cc,2026-09-19,18:00,112000,golfpang,,,18홀,tr_220320995
동촌,2026-09-19,06:48,170000,golfpang,,,18홀,tr_220204853
마이다스레이크 이천,2026-09-19,14:03,190000,golfpang,,,18홀,tr_220259414
양평TPC,2026-09-19,12:40,160000,golfpang,,,18홀,tr_220259827
백제,2026-09-19,07:50,150000,golfpang,,,18홀,tr_220259691
아세코밸리-퍼9,2026-09-19,12:44,120000,golfpang,,,18홀,tr_220210263
양평TPC,2026-09-19,13:15,160000,golfpang,,,18홀,tr_220221491
베뉴지,2026-09-19,13:09,165000,golfpang,,,18홀,tr_220087896
골프존 진천,2026-09-19,14:03,141000,golfpang,,,18홀,tr_220327976
대영힐스,2026-09-19,17:52,89000,golfpang,,,18홀,tr_220321023
골프존 진천,2026-09-19,12:46,151000,golfpang,,,18홀,tr_220327975
대영힐스,2026-09-19,05:39,109000,golfpang,,,18홀,tr_220321021
360도,2026-09-19,06:22,170000,golfpang,,,18홀,tr_220326519
골프존 진천,2026-09-19,06:42,169000,golfpang,,,18홀,tr_220327974
360도,2026-09-19,11:37,190000,golfpang,,,18홀,tr_220326520
블랙스톤벨포레,2026-09-19,13:00,100000,golfpang,,,18홀,tr_220207584
베스트밸리-퍼9,2026-09-19,17:20,130000,golfpang,,,18홀,tr_220212399
포레스트힐,2026-09-19,17:42,129000,golfpang,,,18홀,tr_219711319
남춘천,2026-09-19,08:50,220000,golfpang,,,18홀,tr_220327930
남춘천,2026-09-19,06:25,180000,golfpang,,,18홀,tr_220327929
써닝포인트,2026-09-19,17:49,155000,golfpang,,,18홀,tr_220128394
로얄포레,2026-09-19,12:34,129000,golfpang,,,18홀,tr_220327697
빅토리아-퍼9,2026-09-19,12:31,119000,golfpang,,,18홀,tr_219424109
대호단양,2026-09-19,12:41,159000,golfpang,,,18홀,tr_219885941
라싸,2026-09-19,12:39,189000,golfpang,,,18홀,tr_220142340
빅토리아-퍼9,2026-09-19,12:38,119000,golfpang,,,18홀,tr_219424110
이천(비공개명문),2026-09-19,12:38,269000,golfpang,,,18홀,tr_219573597
해솔리아,2026-09-19,12:37,170000,golfpang,,,18홀,tr_220288390
해솔리아,2026-09-19,12:44,170000,golfpang,,,18홀,tr_220288391
더플레이어스,2026-09-19,12:44,170000,golfpang,,,18홀,tr_220304944
힐데스하임,2026-09-19,12:04,160000,golfpang,,,18홀,tr_220013300
포천힐스,2026-09-19,12:10,230000,golfpang,,,18홀,tr_220129377
킹즈락,2026-09-19,12:08,145000,golfpang,,,18홀,tr_220049474
스프링베일-퍼9,2026-09-19,12:08,105000,golfpang,,,18홀,tr_220130888
모나크,2026-09-19,12:14,160000,golfpang,,,18홀,tr_220218770
옥스필드,2026-09-19,12:13,109000,golfpang,,,18홀,tr_220181102
플라밍고,2026-09-19,12:15,180000,golfpang,,,18홀,tr_220036892
양지파인,2026-09-19,11:51,180000,golfpang,,,18홀,tr_220152604
킹즈락,2026-09-19,12:01,145000,golfpang,,,18홀,tr_220049473
플라밍고,2026-09-19,12:01,180000,golfpang,,,18홀,tr_220036891
양지파인,2026-09-19,11:59,180000,golfpang,,,18홀,tr_220152603
남춘천,2026-09-19,12:06,180000,golfpang,,,18홀,tr_220097882
골프존 진천,2026-09-19,08:41,199000,golfpang,,,18홀,tr_220190391
중원,2026-09-19,08:35,160000,golfpang,,,18홀,tr_220288478
플라밍고,2026-09-19,08:33,190000,golfpang,,,18홀,tr_220036890
대호단양,2026-09-19,11:10,159000,golfpang,,,18홀,tr_219885940
에스앤-퍼9,2026-09-19,11:28,100000,golfpang,,,18홀,tr_220070850
알펜시아명문,2026-09-19,11:14,170000,golfpang,,,18홀,tr_220182189
대영베이스,2026-09-19,07:47,150000,golfpang,,,18홀,tr_220326361
로얄포레,2026-09-19,08:10,129000,golfpang,,,18홀,tr_220327695
떼제베(동북),2026-09-19,08:10,130000,golfpang,,,18홀,tr_220088230
동서울cc-퍼9,2026-09-19,08:09,99000,golfpang,,,18홀,tr_219886078
로얄링스,2026-09-19,07:59,160000,golfpang,,,18홀,tr_219891947
프린세스,2026-09-19,08:12,175000,golfpang,,,18홀,tr_220038064
이븐데일,2026-09-19,08:24,115000,golfpang,,,18홀,tr_220283398
라싸,2026-09-19,08:19,239000,golfpang,,,18홀,tr_220142342
떼제베,2026-09-19,07:14,160000,golfpang,,,18홀,tr_220088044
해솔리아,2026-09-19,07:24,180000,golfpang,,,18홀,tr_220288389
동촌,2026-09-19,07:23,190000,golfpang,,,18홀,tr_220037786
포웰(안성)cc,2026-09-19,07:21,192000,golfpang,,,18홀,tr_220102673
옥스필드,2026-09-19,07:21,129000,golfpang,,,18홀,tr_220181101
떼제베(동북),2026-09-19,07:42,130000,golfpang,,,18홀,tr_220088232
스프링베일-퍼9,2026-09-19,07:41,115000,golfpang,,,18홀,tr_220130887
로얄포레,2026-09-19,07:56,129000,golfpang,,,18홀,tr_220327696
푸른솔포천,2026-09-19,07:10,270000,golfpang,,,18홀,tr_220129787
벨라스톤,2026-09-19,06:35,159000,golfpang,,,18홀,tr_219909896
스톤비치,2026-09-19,06:35,130000,golfpang,,,18홀,tr_220075242
동촌,2026-09-19,06:27,170000,golfpang,,,18홀,tr_220037785
이글몬트,2026-09-19,06:27,195000,golfpang,,,18홀,tr_220287979
이글몬트,2026-09-19,06:34,195000,golfpang,,,18홀,tr_220287980
대영힐스,2026-09-19,05:39,109000,golfpang,,,18홀,tr_220326797
포웰(안성)cc,2026-09-19,05:57,182000,golfpang,,,18홀,tr_220102675
포웰(안성)cc,2026-09-19,06:04,182000,golfpang,,,18홀,tr_220102674
감곡,2026-09-19,14:03,160000,golfpang,,,18홀,tr_220088379
신안(오렌지),2026-09-19,14:03,110000,golfpang,,,18홀,tr_218897924
마이다스레이크 이천,2026-09-19,14:03,190000,golfpang,,,18홀,tr_220198989
모나크,2026-09-19,13:45,150000,golfpang,,,18홀,tr_220218772
남춘천,2026-09-19,13:49,170000,golfpang,,,18홀,tr_220097883
감곡,2026-09-19,13:49,160000,golfpang,,,18홀,tr_220088378
신라,2026-09-19,13:53,180000,golfpang,,,18홀,tr_219445663
동서울cc-퍼9,2026-09-19,13:52,89000,golfpang,,,18홀,tr_219886079
골든베이,2026-09-19,13:52,150000,golfpang,,,18홀,tr_220094837
포천힐스,2026-09-19,13:41,230000,golfpang,,,18홀,tr_220129379
감곡,2026-09-19,13:42,160000,golfpang,,,18홀,tr_220088377
알펜시아700,2026-09-19,13:45,130000,golfpang,,,18홀,tr_220181871
골든베이,2026-09-19,13:45,150000,golfpang,,,18홀,tr_220094836
골프존 안성H,2026-09-19,13:45,185000,golfpang,,,18홀,tr_220235905
양평TPC,2026-09-19,13:43,160000,golfpang,,,18홀,tr_220288698
엘레강스(가명),2026-09-19,13:36,220000,golfpang,,,18홀,tr_220220511
엘레강스(가명),2026-09-19,13:36,220000,golfpang,,,18홀,tr_220220510
양평TPC,2026-09-19,13:36,160000,golfpang,,,18홀,tr_220288697
골프존 진천,2026-09-19,13:35,149000,golfpang,,,18홀,tr_220190393
신안(오렌지),2026-09-19,13:35,120000,golfpang,,,18홀,tr_218897923
세현,2026-09-19,13:37,250000,golfpang,,,18홀,tr_220165781
스톤비치,2026-09-19,13:23,160000,golfpang,,,18홀,tr_220075244
베뉴지,2026-09-19,13:23,165000,golfpang,,,18홀,tr_220139478
솔모로,2026-09-19,13:21,190000,golfpang,,,18홀,tr_220215304
포천힐스,2026-09-19,13:20,230000,golfpang,,,18홀,tr_220129378
솔모로,2026-09-19,13:28,190000,golfpang,,,18홀,tr_220215305
센테리움,2026-09-19,13:25,139000,golfpang,,,18홀,tr_220288126
골프존 안성H,2026-09-19,13:31,185000,golfpang,,,18홀,tr_220235903
스타,2026-09-19,13:09,180000,golfpang,,,18홀,tr_220079743
옥스필드,2026-09-19,13:09,99000,golfpang,,,18홀,tr_220181103
이븐데일,2026-09-19,13:09,90000,golfpang,,,18홀,tr_220283400
스타,2026-09-19,13:16,180000,golfpang,,,18홀,tr_220079744
프린세스,2026-09-19,13:14,165000,golfpang,,,18홀,tr_220038063
알펜시아명문,2026-09-19,13:13,170000,golfpang,,,18홀,tr_220182191
알펜시아명문,2026-09-19,13:13,170000,golfpang,,,18홀,tr_220182190
일레븐,2026-09-19,13:17,125000,golfpang,,,18홀,tr_220055434
떼제베,2026-09-19,13:00,150000,golfpang,,,18홀,tr_220088043
마이다스레이크 이천,2026-09-19,13:00,200000,golfpang,,,18홀,tr_220198988
360도,2026-09-19,13:07,180000,golfpang,,,18홀,tr_219798520
더플레이어스,2026-09-19,13:05,170000,golfpang,,,18홀,tr_220304945
모나크,2026-09-19,13:03,150000,golfpang,,,18홀,tr_220218771
라싸,2026-09-19,12:53,189000,golfpang,,,18홀,tr_220142341
중원,2026-09-19,12:58,140000,golfpang,,,18홀,tr_220288479
킹즈락,2026-09-19,12:57,145000,golfpang,,,18홀,tr_220049475
센테리움,2026-09-19,12:57,139000,golfpang,,,18홀,tr_220288125
일레븐,2026-09-19,12:56,125000,golfpang,,,18홀,tr_220055433
스톤비치,2026-09-19,12:55,160000,golfpang,,,18홀,tr_220075243
대호단양,2026-09-19,12:55,179000,golfpang,,,18홀,tr_219885942
스타,2026-09-19,13:02,180000,golfpang,,,18홀,tr_220079742
힐데스하임,2026-09-19,12:49,150000,golfpang,,,18홀,tr_220013301
이븐데일,2026-09-19,12:48,90000,golfpang,,,18홀,tr_220283399
떼제베(동북),2026-09-19,12:46,130000,golfpang,,,18홀,tr_220088231
빅토리아-퍼9,2026-09-19,12:45,119000,golfpang,,,18홀,tr_219424111
에스앤-퍼9,2026-09-19,12:45,100000,golfpang,,,18홀,tr_220070848
스프링베일-퍼9,2026-09-19,12:50,105000,golfpang,,,18홀,tr_220130889
몽베르(대중제),2026-09-19,18:31,140000,golfpang,,,18홀,tr_220287727
남한강에스파크,2026-09-19,18:28,99000,golfpang,,,18홀,tr_219873548
클럽72,2026-09-19,18:18,150000,golfpang,,,18홀,tr_219983115
몽베르(대중제),2026-09-19,18:17,140000,golfpang,,,18홀,tr_220287725
베스트밸리-퍼9,2026-09-19,18:16,130000,golfpang,,,18홀,tr_220139190
베스트밸리-퍼9,2026-09-19,18:23,130000,golfpang,,,18홀,tr_220139191
남한강에스파크,2026-09-19,18:21,99000,golfpang,,,18홀,tr_219873549
남한강에스파크,2026-09-19,18:21,99000,golfpang,,,18홀,tr_219873547
세레니티cc,2026-09-19,18:20,130000,golfpang,,,18홀,tr_220085524
세레니티cc,2026-09-19,18:27,130000,golfpang,,,18홀,tr_220085525
떼제베,2026-09-19,18:02,130000,golfpang,,,18홀,tr_220088045
세현,2026-09-19,18:02,180000,golfpang,,,18홀,tr_220165783
세레니티-강촌,2026-09-19,18:00,140000,golfpang,,,18홀,tr_219932568
세레니티cc,2026-09-19,18:06,140000,golfpang,,,18홀,tr_220085523
일레븐,2026-09-19,18:05,80000,golfpang,,,18홀,tr_220055435
베스트밸리-퍼9,2026-09-19,18:09,130000,golfpang,,,18홀,tr_220139189
파주타이거,2026-09-19,17:53,190000,golfpang,,,18홀,tr_220128794
벨라스톤,2026-09-19,17:59,100000,golfpang,,,18홀,tr_219909898
파주타이거,2026-09-19,17:59,190000,golfpang,,,18홀,tr_220128795
알프스대영,2026-09-19,17:57,69000,golfpang,,,18홀,tr_220181388
대영베이스,2026-09-19,18:04,99000,golfpang,,,18홀,tr_220326362
파주타이거,2026-09-19,17:47,190000,golfpang,,,18홀,tr_220128793
세레니티-강촌,2026-09-19,17:46,140000,golfpang,,,18홀,tr_219932567
아세코밸리-퍼9,2026-09-19,17:45,110000,golfpang,,,18홀,tr_220152828
벨라스톤,2026-09-19,17:45,100000,golfpang,,,18홀,tr_219909897
대영힐스,2026-09-19,17:52,89000,golfpang,,,18홀,tr_220326799
블랙스톤벨포레,2026-09-19,17:51,80000,golfpang,,,18홀,tr_219909996
클럽72,2026-09-19,17:50,150000,golfpang,,,18홀,tr_219983114
세현,2026-09-19,17:48,180000,golfpang,,,18홀,tr_220165782
알펜시아700,2026-09-19,17:30,80000,golfpang,,,18홀,tr_220181873
아세코밸리-퍼9,2026-09-19,17:38,110000,golfpang,,,18홀,tr_220152827
윈체스트,2026-09-19,17:36,185000,golfpang,,,18홀,tr_220151151
클럽72,2026-09-19,17:36,150000,golfpang,,,18홀,tr_219983113
그린힐,2026-09-19,17:35,140000,golfpang,,,18홀,tr_220153604
블랙스톤벨포레,2026-09-19,17:44,80000,golfpang,,,18홀,tr_219909994
그린힐,2026-09-19,17:42,140000,golfpang,,,18홀,tr_220153605
세레니티-강촌,2026-09-19,17:39,140000,golfpang,,,18홀,tr_219932566
윈체스트,2026-09-19,17:15,185000,golfpang,,,18홀,tr_220151149
아세코밸리-퍼9,2026-09-19,17:31,110000,golfpang,,,18홀,tr_220152826
파인스톤,2026-09-19,16:54,160000,golfpang,,,18홀,tr_220049158
파인스톤,2026-09-19,16:54,160000,golfpang,,,18홀,tr_220049157
파인스톤,2026-09-19,16:54,160000,golfpang,,,18홀,tr_220049156
알프스대영,2026-09-19,16:47,89000,golfpang,,,18홀,tr_220181387
에스앤-퍼9,2026-09-19,16:28,80000,golfpang,,,18홀,tr_220070849
대영힐스,2026-09-19,17:03,105000,golfpang,,,18홀,tr_220326798
윈체스트,2026-09-19,17:22,185000,golfpang,,,18홀,tr_220151150
알펜시아700,2026-09-19,14:13,130000,golfpang,,,18홀,tr_220181872
신라,2026-09-19,14:07,180000,golfpang,,,18홀,tr_219445665
리베라,2026-09-19,14:17,240000,golfpang,,,18홀,tr_219900511
유니아일랜드,2026-09-19,15:56,140000,golfpang,,,18홀,tr_220102994
유니아일랜드,2026-09-19,15:28,150000,golfpang,,,18홀,tr_220102995
유니아일랜드,2026-09-19,15:21,150000,golfpang,,,18홀,tr_220102996
한림용인,2026-09-19,14:00,180000,golfpang,,,18홀,tr_220036159
신라,2026-09-19,14:00,180000,golfpang,,,18홀,tr_219445664
베뉴지,2026-09-19,13:58,160000,golfpang,,,18홀,tr_220139479
그린힐,2026-09-19,18:59,110000,golfpang,,,18홀,tr_220153606
리베라,2026-09-19,19:06,140000,golfpang,,,18홀,tr_219900513
리베라,2026-09-19,19:06,140000,golfpang,,,18홀,tr_219900512
대영베이스,2026-09-19,19:04,85000,golfpang,,,18홀,tr_220326363
블랙스톤벨포레,2026-09-19,18:40,70000,golfpang,,,18홀,tr_219909995
알프스대영,2026-09-19,18:25,65000,golfpang,,,18홀,tr_220181389
동서울cc-퍼9,2026-09-19,18:24,65000,golfpang,,,18홀,tr_219886080
몽베르(대중제),2026-09-19,18:24,140000,golfpang,,,18홀,tr_220287726
더플레이어스,2026-09-19,07:16,190000,golfpang,,,18홀,tr_220327860
더플레이어스,2026-09-19,12:02,160000,golfpang,,,18홀,tr_220327861
로얄링스,2026-09-19,07:45,120000,golfpang,,,18홀,tr_220230382
비콘힐스,2026-09-19,19:01,90000,golfpang,,,18홀,tr_220327829
비콘힐스,2026-09-19,18:33,90000,golfpang,,,18홀,tr_220327828
비콘힐스,2026-09-19,18:26,90000,golfpang,,,18홀,tr_220327827
360도,2026-09-19,07:07,180000,golfpang,,,18홀,tr_220327820
360도,2026-09-19,12:15,190000,golfpang,,,18홀,tr_220327821
오너스,2026-09-19,08:28,160000,golfpang,,,18홀,tr_220000586
리베라,2026-09-19,17:43,140000,golfpang,,,18홀,tr_220297208
골프존 송도(구.오렌지듄스),2026-09-19,06:19,169000,golfpang,,,18홀,tr_220214879
오너스,2026-09-19,08:28,160000,golfpang,,,18홀,tr_220213901
플라밍고,2026-09-19,13:00,140000,golfpang,,,18홀,tr_219933044
남양주(퍼9),2026-09-19,16:27,129000,golfpang,,,18홀,tr_220327805
블루원용인,2026-09-19,18:15,175000,golfpang,,,18홀,tr_220327785
써닝포인트,2026-09-19,18:02,155000,golfpang,,,18홀,tr_220327782
스톤비치,2026-09-19,12:38,130000,golfpang,,,18홀,tr_219333808
골프존 진천,2026-09-19,12:25,151000,golfpang,,,18홀,tr_220327735
골프존 진천,2026-09-19,06:49,169000,golfpang,,,18홀,tr_220327734
골프존 진천,2026-09-19,14:03,141000,golfpang,,,18홀,tr_220327736
비에이비스타(퍼),2026-09-19,18:20,150000,golfpang,,,18홀,tr_220327733
비에이비스타(퍼),2026-09-19,12:57,150000,golfpang,,,18홀,tr_220327732
플라밍고,2026-09-19,17:50,100000,golfpang,,,18홀,tr_220032684
써닝포인트,2026-09-19,18:02,155000,golfpang,,,18홀,tr_220327694
이포,2026-09-19,12:54,200000,golfpang,,,18홀,tr_220305947
포웰(안성)cc,2026-09-19,12:30,162000,golfpang,,,18홀,tr_220305979
더플레이어스,2026-09-19,12:37,160000,golfpang,,,18홀,tr_220305976
양평TPC,2026-09-19,12:40,160000,golfpang,,,18홀,tr_220305849
일레븐,2026-09-19,12:20,115000,golfpang,,,18홀,tr_220306191
로얄링스,2026-09-19,08:16,120000,golfpang,,,18홀,tr_220305344
스카이밸리,2026-09-19,07:00,200000,golfpang,,,18홀,tr_220305615
신라,2026-09-19,13:10,180000,golfpang,,,18홀,tr_220305932
더플레이어스,2026-09-19,13:05,160000,golfpang,,,18홀,tr_220305977
이포,2026-09-19,18:41,140000,golfpang,,,18홀,tr_220305948
가평프리스틴밸리,2026-09-19,13:17,220000,golfpang,,,18홀,tr_220305981
스카이밸리,2026-09-19,13:13,200000,golfpang,,,18홀,tr_220305620
베뉴지,2026-09-19,13:23,160000,golfpang,,,18홀,tr_220305423
골프존 진천,2026-09-19,13:35,149000,golfpang,,,18홀,tr_220305392
양평TPC,2026-09-19,13:43,150000,golfpang,,,18홀,tr_220305884
더크로스비,2026-09-19,13:58,197000,golfpang,,,18홀,tr_220305275
마이다스레이크 이천,2026-09-19,14:10,180000,golfpang,,,18홀,tr_220305397
필로스,2026-09-19,18:07,140000,golfpang,,,18홀,tr_220306064
플라밍고,2026-09-19,18:46,90000,golfpang,,,18홀,tr_220306060
그린힐,2026-09-19,18:48,100000,golfpang,,,18홀,tr_220306220
블랙스톤벨포레,2026-09-19,13:00,100000,golfpang,,,18홀,tr_220305453
골프존 송도(구.오렌지듄스),2026-09-19,06:04,169000,golfpang,,,18홀,tr_220327688
아세코밸리-퍼9,2026-09-19,18:13,110000,golfpang,,,18홀,tr_220327595
라싸,2026-09-19,07:33,219000,golfpang,,,18홀,tr_220230322
윈체스트,2026-09-19,12:07,190000,golfpang,,,18홀,tr_219914207
아세코밸리-퍼9,2026-09-19,18:13,110000,golfpang,,,18홀,tr_220327559
아세코밸리-퍼9,2026-09-19,18:13,110000,golfpang,,,18홀,tr_220327558
아세코밸리-퍼9,2026-09-19,18:13,110000,golfpang,,,18홀,tr_220327557
아세코밸리-퍼9,2026-09-19,17:31,110000,golfpang,,,18홀,tr_220327532
아세코밸리-퍼9,2026-09-19,17:03,110000,golfpang,,,18홀,tr_220327531
아세코밸리-퍼9,2026-09-19,06:12,140000,golfpang,,,18홀,tr_220327530
골프존 송도(구.오렌지듄스),2026-09-19,06:04,169000,golfpang,,,18홀,tr_220327528
신라,2026-09-19,07:20,240000,golfpang,,,18홀,tr_220230222
골프존 송도(구.오렌지듄스),2026-09-19,06:04,169000,golfpang,,,18홀,tr_220327490
비에이비스타(퍼),2026-09-19,12:44,160000,golfpang,,,18홀,tr_220290315
윈체스트,2026-09-19,18:04,185000,golfpang,,,18홀,tr_220327468
윈체스트,2026-09-19,17:43,185000,golfpang,,,18홀,tr_220327467
윈체스트,2026-09-19,17:15,185000,golfpang,,,18홀,tr_220327466
스프링베일-퍼9,2026-09-19,08:37,115000,golfpang,,,18홀,tr_220121133
센테리움,2026-09-19,07:29,169000,golfpang,,,18홀,tr_220261550
모나크,2026-09-19,18:16,110000,golfpang,,,18홀,tr_220278764
모나크,2026-09-19,13:03,150000,golfpang,,,18홀,tr_220278763
센테리움,2026-09-19,12:57,139000,golfpang,,,18홀,tr_220261551
비발디파크W,2026-09-19,08:00,208000,golfpang,,,18홀,tr_219716657
모나크,2026-09-19,12:00,160000,golfpang,,,18홀,tr_220278762
골프존 송도(구.오렌지듄스),2026-09-19,06:04,169000,golfpang,,,18홀,tr_220327459
스프링베일-퍼9,2026-09-19,17:20,90000,golfpang,,,18홀,tr_218944020
이포,2026-09-19,12:54,200000,golfpang,,,18홀,tr_219327474
이포,2026-09-19,18:13,155000,golfpang,,,18홀,tr_220181934
예미지,2026-09-19,13:22,170000,golfpang,,,18홀,tr_220327457
진천(비공개),2026-09-19,07:17,180000,golfpang,,,18홀,tr_220230054
라싸,2026-09-19,12:53,189000,golfpang,,,18홀,tr_220327426
라싸,2026-09-19,08:19,239000,golfpang,,,18홀,tr_220327425
라싸,2026-09-19,06:48,209000,golfpang,,,18홀,tr_220327424
이천실크밸리,2026-09-19,13:52,155000,golfpang,,,18홀,tr_220327401
이천실크밸리,2026-09-19,06:07,175000,golfpang,,,18홀,tr_220327400
이천실크밸리,2026-09-19,18:03,110000,golfpang,,,18홀,tr_220327402
그린힐,2026-09-19,17:35,140000,golfpang,,,18홀,tr_220206335
아세코밸리-퍼9,2026-09-19,17:45,110000,golfpang,,,18홀,tr_220205925
남양주(퍼9),2026-09-19,16:27,129000,golfpang,,,18홀,tr_220205855
클럽모우,2026-09-19,13:48,150000,golfpang,,,18홀,tr_220207519
포천힐스,2026-09-19,18:32,160000,golfpang,,,18홀,tr_220007471
클럽72,2026-09-19,18:18,150000,golfpang,,,18홀,tr_220205929
써닝포인트,2026-09-19,18:04,155000,golfpang,,,18홀,tr_220325826
클럽72,2026-09-19,19:07,140000,golfpang,,,18홀,tr_220205932
솔트베이,2026-09-19,18:50,189000,golfpang,,,18홀,tr_219791809
신라,2026-09-19,13:53,180000,golfpang,,,18홀,tr_219382941
포천힐스,2026-09-19,06:00,230000,golfpang,,,18홀,tr_220007359
포천힐스,2026-09-19,12:10,230000,golfpang,,,18홀,tr_220007347
남양주(퍼9),2026-09-19,12:14,139000,golfpang,,,18홀,tr_220205852
아세코밸리-퍼9,2026-09-19,12:44,130000,golfpang,,,18홀,tr_220107582
남양주(퍼9),2026-09-19,13:14,139000,golfpang,,,18홀,tr_220205854
예미지,2026-09-19,13:15,170000,golfpang,,,18홀,tr_220242662
베뉴지,2026-09-19,13:09,165000,golfpang,,,18홀,tr_220205868
베뉴지,2026-09-19,13:51,160000,golfpang,,,18홀,tr_220205934
안성베네스트(챌),2026-09-19,14:06,179000,golfpang,,,18홀,tr_220327340
안성베네스트(챌),2026-09-19,14:13,179000,golfpang,,,18홀,tr_220327341
골프존 진천,2026-09-19,12:46,151000,golfpang,,,18홀,tr_220327279
골프존 진천,2026-09-19,14:03,141000,golfpang,,,18홀,tr_220327280
골프존 진천,2026-09-19,06:42,169000,golfpang,,,18홀,tr_220327278
여주,2026-09-19,13:53,240000,golfpang,,,18홀,tr_220327263
여주,2026-09-19,06:30,270000,golfpang,,,18홀,tr_220327262
더플레이어스,2026-09-19,07:16,190000,golfpang,,,18홀,tr_220229987
이천(비공개명문),2026-09-19,13:38,238000,golfpang,,,18홀,tr_220327196
이천(비공개명문),2026-09-19,12:38,269000,golfpang,,,18홀,tr_220327195
클럽72,2026-09-19,18:46,150000,golfpang,,,18홀,tr_220327182
샴발라,2026-09-19,12:17,180000,golfpang,,,18홀,tr_220327181
한림용인,2026-09-19,17:39,150000,golfpang,,,18홀,tr_220327180
스톤비치,2026-09-19,12:45,140000,golfpang,,,18홀,tr_217522275
스프링베일-퍼9,2026-09-19,12:30,100000,golfpang,,,18홀,tr_219552813
스톤비치,2026-09-19,17:25,100000,golfpang,,,18홀,tr_217522277
스톤비치,2026-09-19,17:25,100000,golfpang,,,18홀,tr_217522273
오너스,2026-09-19,07:39,160000,golfpang,,,18홀,tr_219997649
남양주(퍼9),2026-09-19,08:01,169000,golfpang,,,18홀,tr_219158599
스프링베일-퍼9,2026-09-19,12:30,100000,golfpang,,,18홀,tr_219552816
남양주(퍼9),2026-09-19,16:00,129000,golfpang,,,18홀,tr_219158601
남양주(퍼9),2026-09-19,16:00,129000,golfpang,,,18홀,tr_219158602
골프존 송도(구.오렌지듄스),2026-09-19,13:50,179000,golfpang,,,18홀,tr_220212225
에덴블루,2026-09-19,12:30,209000,golfpang,,,18홀,tr_220327146
에덴블루,2026-09-19,18:42,129900,golfpang,,,18홀,tr_220327147
에덴블루,2026-09-19,06:42,199000,golfpang,,,18홀,tr_220327145
비에이비스타(퍼),2026-09-19,12:41,160000,golfpang,,,18홀,tr_220240115
비에이비스타,2026-09-19,14:01,170000,golfpang,,,18홀,tr_220240294
마이다스레이크 이천,2026-09-19,14:21,180000,golfpang,,,18홀,tr_220250547
블루원용인(퍼),2026-09-19,18:00,145000,golfpang,,,18홀,tr_220198320
블루원용인(퍼),2026-09-19,18:06,145000,golfpang,,,18홀,tr_220205867
베뉴지,2026-09-19,12:49,179000,golfpang,,,18홀,tr_220327144
비에이비스타,2026-09-19,18:06,130000,golfpang,,,18홀,tr_220240296
비에이비스타(퍼),2026-09-19,18:21,110000,golfpang,,,18홀,tr_220240199
골프존 안성W,2026-09-19,13:41,150000,golfpang,,,18홀,tr_220306609
골프존 화랑,2026-09-19,06:34,175000,golfpang,,,18홀,tr_220223064
속리산cc,2026-09-19,14:14,110000,golfpang,,,18홀,tr_219489573
한림용인,2026-09-19,12:16,200000,golfpang,,,18홀,tr_220327110
클럽72,2026-09-19,13:13,210000,golfpang,,,18홀,tr_220327071
양지파인,2026-09-19,11:51,170000,golfpang,,,18홀,tr_220327032
양지파인,2026-09-19,08:37,190000,golfpang,,,18홀,tr_220327031
오로라,2026-09-19,13:56,140000,golfpang,,,18홀,tr_220326446
오로라,2026-09-19,12:46,140000,golfpang,,,18홀,tr_220326445
오로라,2026-09-19,18:30,90000,golfpang,,,18홀,tr_220326447
골프존 진천,2026-09-19,06:21,169000,golfpang,,,18홀,tr_220222826
베뉴지,2026-09-19,13:58,160000,golfpang,,,18홀,tr_220326984
파크밸리,2026-09-19,13:32,139000,golfpang,,,18홀,tr_220326981
동촌,2026-09-19,07:30,170000,golfpang,,,18홀,tr_220241895
파크밸리,2026-09-19,07:10,159000,golfpang,,,18홀,tr_220326915
골프존 진천,2026-09-19,13:49,149000,golfpang,,,18홀,tr_220236186
그린힐,2026-09-19,18:38,110000,golfpang,,,18홀,tr_220283460
그린힐,2026-09-19,18:38,110000,golfpang,,,18홀,tr_220283459
그린힐,2026-09-19,18:38,110000,golfpang,,,18홀,tr_220283461
오너스,2026-09-19,07:40,160000,golfpang,,,18홀,tr_219747496
오로라,2026-09-19,18:00,90000,golfpang,,,18홀,tr_217227267
오로라,2026-09-19,12:00,140000,golfpang,,,18홀,tr_217423774
프린세스,2026-09-19,18:00,120000,golfpang,,,18홀,tr_219514124
빅토리아-퍼9,2026-09-19,17:59,99000,golfpang,,,18홀,tr_219556415
벨라스톤,2026-09-19,13:13,150000,golfpang,,,18홀,tr_218815583
프린세스,2026-09-19,08:18,150000,golfpang,,,18홀,tr_220299539
클럽72,2026-09-19,18:44,140000,golfpang,,,18홀,tr_220121613
올데이,2026-09-19,11:44,119000,golfpang,,,18홀,tr_219091868
클럽모우,2026-09-19,13:00,150000,golfpang,,,18홀,tr_220124196
더플레이어스,2026-09-19,12:24,160000,golfpang,,,18홀,tr_220121710
알프스대영,2026-09-19,11:33,109000,golfpang,,,18홀,tr_219554002
아세코밸리-퍼9,2026-09-19,17:03,120000,golfpang,,,18홀,tr_220326756
아세코밸리-퍼9,2026-09-19,18:13,110000,golfpang,,,18홀,tr_220326755
아세코밸리-퍼9,2026-09-19,17:10,120000,golfpang,,,18홀,tr_220326757
블랙스톤벨포레,2026-09-19,17:16,70000,golfpang,,,18홀,tr_220261813
스카이밸리,2026-09-19,13:39,180000,golfpang,,,18홀,tr_220262222
그린힐,2026-09-19,19:06,100000,golfpang,,,18홀,tr_220261956
로얄링스,2026-09-19,12:41,120000,golfpang,,,18홀,tr_220261549
블랙스톤벨포레,2026-09-19,12:52,100000,golfpang,,,18홀,tr_220261806
일레븐,2026-09-19,12:42,115000,golfpang,,,18홀,tr_220261394
포웰(안성)cc,2026-09-19,19:28,105000,golfpang,,,18홀,tr_220261344
플라밍고,2026-09-19,13:39,140000,golfpang,,,18홀,tr_220261760
일라이트,2026-09-19,17:38,97000,golfpang,,,18홀,tr_220262181
일레븐,2026-09-19,17:37,75000,golfpang,,,18홀,tr_220261437
플라밍고,2026-09-19,19:13,90000,golfpang,,,18홀,tr_220261769
일라이트,2026-09-19,06:56,132000,golfpang,,,18홀,tr_220262023
로얄링스,2026-09-19,06:56,120000,golfpang,,,18홀,tr_220261490
포웰(안성)cc,2026-09-19,18:11,112000,golfpang,,,18홀,tr_220261278
오로라,2026-09-19,17:50,100000,golfpang,,,18홀,tr_220326724
오로라,2026-09-19,18:30,90000,golfpang,,,18홀,tr_220326723
오로라,2026-09-19,12:39,140000,golfpang,,,18홀,tr_220326722
샤인데일,2026-09-19,08:26,200000,golfpang,,,18홀,tr_220326702
베뉴지,2026-09-19,13:09,165000,golfpang,,,18홀,tr_220204534
스카이밸리,2026-09-19,13:32,200000,golfpang,,,18홀,tr_220204539
마이다스레이크 이천,2026-09-19,14:03,190000,golfpang,,,18홀,tr_220205989
스프링베일-퍼9,2026-09-19,12:30,100000,golfpang,,,18홀,tr_219584407
스톤비치,2026-09-19,16:40,90000,golfpang,,,18홀,tr_219791234
인천그랜드,2026-09-19,17:47,189000,golfpang,,,18홀,tr_220326619
남양주(퍼9),2026-09-19,08:00,169000,golfpang,,,18홀,tr_220306571
남양주(퍼9),2026-09-19,17:00,119000,golfpang,,,18홀,tr_220306585
이포,2026-09-19,17:52,140000,golfpang,,,18홀,tr_220326618
유니아일랜드,2026-09-19,15:15,150000,golfpang,,,18홀,tr_220326545
세현,2026-09-19,13:30,250000,golfpang,,,18홀,tr_220241420
세현,2026-09-19,19:12,160000,golfpang,,,18홀,tr_220322714
세현,2026-09-19,17:48,180000,golfpang,,,18홀,tr_220241421
세현,2026-09-19,18:02,170000,golfpang,,,18홀,tr_220241422
스카이밸리,2026-09-19,13:32,200000,golfpang,,,18홀,tr_220236178
양지파인,2026-09-19,11:52,170000,golfpang,,,18홀,tr_220326517
유니아일랜드,2026-09-19,15:00,150000,golfpang,,,18홀,tr_220326483
유니아일랜드,2026-09-19,06:43,190000,golfpang,,,18홀,tr_220326482
유니아일랜드,2026-09-19,16:31,130000,golfpang,,,18홀,tr_220326484
양평TPC,2026-09-19,13:50,150000,golfpang,,,18홀,tr_220261240
해솔리아,2026-09-19,12:02,170000,golfpang,,,18홀,tr_220287549
해솔리아,2026-09-19,18:03,135000,golfpang,,,18홀,tr_220287550
해솔리아,2026-09-19,06:28,170000,golfpang,,,18홀,tr_220287548
일레븐,2026-09-19,17:58,80000,golfpang,,,18홀,tr_219779106
대영베이스,2026-09-19,17:57,99000,golfpang,,,18홀,tr_220085819
대영힐스,2026-09-19,16:56,105000,golfpang,,,18홀,tr_220291207
파주,2026-09-19,16:52,190000,golfpang,,,18홀,tr_220314826
임페리얼레이크,2026-09-19,16:44,119000,golfpang,,,18홀,tr_220304706
대호단양,2026-09-19,16:27,109000,golfpang,,,18홀,tr_220180854
이븐데일,2026-09-19,17:05,84000,golfpang,,,18홀,tr_220283454
파주,2026-09-19,17:13,180000,golfpang,,,18홀,tr_220314827
포천힐스,2026-09-19,13:55,230000,golfpang,,,18홀,tr_220139221
파주,2026-09-19,16:24,190000,golfpang,,,18홀,tr_220314825
대호단양,2026-09-19,16:20,125000,golfpang,,,18홀,tr_219779641
오너스,2026-09-19,13:57,145000,golfpang,,,18홀,tr_220307344
센테리움,2026-09-19,13:25,159000,golfpang,,,18홀,tr_219372116
클럽모우,2026-09-19,13:34,160000,golfpang,,,18홀,tr_220305780
베뉴지,2026-09-19,13:37,169000,golfpang,,,18홀,tr_219780330
감곡,2026-09-19,13:42,160000,golfpang,,,18홀,tr_220130982
가평베네스트,2026-09-19,13:42,250000,golfpang,,,18홀,tr_220241227
임페리얼레이크,2026-09-19,12:55,139000,golfpang,,,18홀,tr_220304705
모나크,2026-09-19,13:00,150000,golfpang,,,18홀,tr_220222737
골프존 진천,2026-09-19,13:14,199000,golfpang,,,18홀,tr_219480033
포천힐스,2026-09-19,13:20,230000,golfpang,,,18홀,tr_220139220
이븐데일,2026-09-19,12:34,90000,golfpang,,,18홀,tr_220283453
대호단양,2026-09-19,12:41,159000,golfpang,,,18홀,tr_219779642
라싸,2026-09-19,12:39,189000,golfpang,,,18홀,tr_220305623
로얄포레,2026-09-19,12:48,139000,golfpang,,,18홀,tr_220070547
골프존 화랑,2026-09-19,11:49,195000,golfpang,,,18홀,tr_219471358
베뉴지,2026-09-19,11:59,189000,golfpang,,,18홀,tr_219780329
일레븐,2026-09-19,11:53,125000,golfpang,,,18홀,tr_219779105
남춘천,2026-09-19,12:06,180000,golfpang,,,18홀,tr_220094590
골프존 진천,2026-09-19,12:11,209000,golfpang,,,18홀,tr_219480032
포천힐스,2026-09-19,12:10,230000,golfpang,,,18홀,tr_220139219
힐데스하임,2026-09-19,12:19,155000,golfpang,,,18홀,tr_220259125
대영베이스,2026-09-19,12:19,150000,golfpang,,,18홀,tr_220085818
모나크,2026-09-19,12:14,160000,golfpang,,,18홀,tr_220222736
대영베이스,2026-09-19,08:00,160000,golfpang,,,18홀,tr_220085817
골프존 진천,2026-09-19,08:20,206000,golfpang,,,18홀,tr_219480031
라싸,2026-09-19,08:19,239000,golfpang,,,18홀,tr_220305622
오너스,2026-09-19,08:28,180000,golfpang,,,18홀,tr_220307343
센테리움,2026-09-19,08:24,199000,golfpang,,,18홀,tr_219372115
이븐데일,2026-09-19,08:24,115000,golfpang,,,18홀,tr_220283452
골프존 화랑,2026-09-19,08:33,195000,golfpang,,,18홀,tr_219471357
남춘천,2026-09-19,08:50,220000,golfpang,,,18홀,tr_220094589
푸른솔포천,2026-09-19,07:10,260000,golfpang,,,18홀,tr_220315077
힐데스하임,2026-09-19,07:22,160000,golfpang,,,18홀,tr_220259124
임페리얼레이크,2026-09-19,07:49,159000,golfpang,,,18홀,tr_220304704
라싸,2026-09-19,06:48,209000,golfpang,,,18홀,tr_220305621
일레븐,2026-09-19,07:05,135000,golfpang,,,18홀,tr_219779104
골프존 화랑,2026-09-19,07:02,185000,golfpang,,,18홀,tr_219471356
로얄포레,2026-09-19,06:18,109000,golfpang,,,18홀,tr_220070546
대영힐스,2026-09-19,18:06,89000,golfpang,,,18홀,tr_220291209
베스트밸리-퍼9,2026-09-19,18:09,130000,golfpang,,,18홀,tr_220242796
베스트밸리-퍼9,2026-09-19,18:16,130000,golfpang,,,18홀,tr_220242797
감곡,2026-09-19,17:45,120000,golfpang,,,18홀,tr_220130984
스타,2026-09-19,17:49,120000,golfpang,,,18홀,tr_219747207
대영힐스,2026-09-19,17:52,89000,golfpang,,,18홀,tr_220291208
빅토리아-퍼9,2026-09-19,18:06,99000,golfpang,,,18홀,tr_220326332
빅토리아-퍼9,2026-09-19,18:34,99000,golfpang,,,18홀,tr_220326333
빅토리아-퍼9,2026-09-19,17:31,99000,golfpang,,,18홀,tr_220326331
클럽72,2026-09-19,06:00,230000,golfpang,,,18홀,tr_219769813
클럽72,2026-09-19,17:01,150000,golfpang,,,18홀,tr_219769811
클럽72,2026-09-19,18:32,140000,golfpang,,,18홀,tr_219769812
더플레이어스,2026-09-19,07:16,190000,golfpang,,,18홀,tr_219822905
가평프리스틴밸리,2026-09-19,13:17,220000,golfpang,,,18홀,tr_219822916
더플레이어스,2026-09-19,12:44,160000,golfpang,,,18홀,tr_220004484
신라,2026-09-19,14:08,180000,golfpang,,,18홀,tr_220326328
스톤비치,2026-09-19,08:13,150000,golfpang,,,18홀,tr_219822793
스카이밸리,2026-09-19,13:32,200000,golfpang,,,18홀,tr_219983131
블랙스톤벨포레,2026-09-19,13:20,110000,golfpang,,,18홀,tr_219822778
골프존 진천,2026-09-19,13:49,149000,golfpang,,,18홀,tr_219564744
신라,2026-09-19,12:22,200000,golfpang,,,18홀,tr_219822872
신라,2026-09-19,14:00,180000,golfpang,,,18홀,tr_220220222
신라,2026-09-19,13:53,180000,golfpang,,,18홀,tr_220220221
솔트베이,2026-09-19,17:48,199000,golfpang,,,18홀,tr_220326321
골프존 진천,2026-09-19,12:25,151000,golfpang,,,18홀,tr_220217420
360도,2026-09-19,12:15,200000,golfpang,,,18홀,tr_220240906
360도,2026-09-19,06:00,170000,golfpang,,,18홀,tr_220240905
골프존 진천,2026-09-19,14:10,141000,golfpang,,,18홀,tr_220217421
이글몬트,2026-09-19,06:34,195000,golfpang,,,18홀,tr_220326301
이글몬트,2026-09-19,06:27,195000,golfpang,,,18홀,tr_220326300
스프링베일-퍼9,2026-09-19,17:15,90000,golfpang,,,18홀,tr_218564364
솔트베이,2026-09-19,05:47,259000,golfpang,,,18홀,tr_220326298
빅토리아-퍼9,2026-09-19,17:45,99000,golfpang,,,18홀,tr_220326258
로드힐스,2026-09-19,13:53,190000,golfpang,,,18홀,tr_220326233
골프클럽Q,2026-09-19,13:29,160000,golfpang,,,18홀,tr_220326231
경춘(비공개),2026-09-19,13:22,160000,golfpang,,,18홀,tr_220326230
필로스,2026-09-19,18:07,140000,golfpang,,,18홀,tr_220004551
옥스필드,2026-09-19,17:27,79000,golfpang,,,18홀,tr_220326227
킹스데일,2026-09-19,07:26,210000,golfpang,,,18홀,tr_220197666
로드힐스,2026-09-19,08:53,210000,golfpang,,,18홀,tr_220326226
한림용인,2026-09-19,17:38,158000,golfpang,,,18홀,tr_220288763
블랙스톤벨포레,2026-09-19,17:30,80000,golfpang,,,18홀,tr_220000619
베뉴지,2026-09-19,13:30,160000,golfpang,,,18홀,tr_220236132
솔모로,2026-09-19,13:14,190000,golfpang,,,18홀,tr_220214265
옥스필드,2026-09-19,12:00,119000,golfpang,,,18홀,tr_220326142
동촌,2026-09-19,06:48,170000,golfpang,,,18홀,tr_220326139
로얄링스,2026-09-19,07:50,120000,golfpang,,,18홀,tr_219494629
그린힐,2026-09-19,18:50,100000,golfpang,,,18홀,tr_220212752
로얄링스,2026-09-19,12:20,120000,golfpang,,,18홀,tr_219494813
플라밍고,2026-09-19,13:20,140000,golfpang,,,18홀,tr_220001349
블랙스톤벨포레,2026-09-19,18:00,60000,golfpang,,,18홀,tr_219784277
비콘힐스,2026-09-19,18:10,90000,golfpang,,,18홀,tr_219160170
플라밍고,2026-09-19,18:50,90000,golfpang,,,18홀,tr_220001353
마이다스레이크 이천,2026-09-19,14:24,180000,golfpang,,,18홀,tr_220274566
옥스필드,2026-09-19,07:22,99000,golfpang,,,18홀,tr_220326135
블랙스톤벨포레,2026-09-19,12:59,110000,golfpang,,,18홀,tr_220214165
비콘힐스,2026-09-19,17:02,90000,golfpang,,,18홀,tr_220326076
비콘힐스,2026-09-19,19:08,90000,golfpang,,,18홀,tr_220326077
블랙스톤벨포레,2026-09-19,12:59,110000,golfpang,,,18홀,tr_220000603
베스트밸리-퍼9,2026-09-19,17:50,130000,golfpang,,,18홀,tr_219337437
한원,2026-09-19,13:40,199000,golfpang,,,18홀,tr_219597121
한원,2026-09-19,18:00,150000,golfpang,,,18홀,tr_219597818
클럽모우,2026-09-19,12:31,180000,golfpang,,,18홀,tr_220326047
클럽모우,2026-09-19,13:34,150000,golfpang,,,18홀,tr_220326048
백제,2026-09-19,13:47,140000,golfpang,,,18홀,tr_220000607
감곡,2026-09-19,18:47,110000,golfpang,,,18홀,tr_220326043
양평TPC,2026-09-19,13:22,160000,golfpang,,,18홀,tr_220259927
스톤비치,2026-09-19,06:49,130000,golfpang,,,18홀,tr_219980660
양평TPC,2026-09-19,07:13,240000,golfpang,,,18홀,tr_220259926
솔모로,2026-09-19,13:14,190000,golfpang,,,18홀,tr_220150319
유니아일랜드,2026-09-19,06:57,190000,golfpang,,,18홀,tr_220326026
유니아일랜드,2026-09-19,11:08,200000,golfpang,,,18홀,tr_220326027
유니아일랜드,2026-09-19,15:00,150000,golfpang,,,18홀,tr_220326028
솔모로,2026-09-19,13:14,190000,golfpang,,,18홀,tr_220150188
감곡,2026-09-19,13:50,150000,golfpang,,,18홀,tr_220326022
로얄포레,2026-09-19,12:35,129000,golfpang,,,18홀,tr_220326006
대영힐스,2026-09-19,05:40,109000,golfpang,,,18홀,tr_220326005
오너스,2026-09-19,13:57,145000,golfpang,,,18홀,tr_220000613
로얄포레,2026-09-19,07:01,119000,golfpang,,,18홀,tr_220326000
백제,2026-09-19,13:47,140000,golfpang,,,18홀,tr_219837301
클럽72,2026-09-19,18:40,140000,golfpang,,,18홀,tr_220325898
에스앤-퍼9,2026-09-19,17:46,54000,golfpang,,,18홀,tr_220325896
진천(비공개),2026-09-19,13:26,180000,golfpang,,,18홀,tr_220236047
로얄링스,2026-09-19,08:13,120000,golfpang,,,18홀,tr_219559268
블랙스톤벨포레,2026-09-19,18:34,70000,golfpang,,,18홀,tr_220325832
블랙스톤벨포레,2026-09-19,18:55,70000,golfpang,,,18홀,tr_220325830
로얄링스,2026-09-19,11:45,120000,golfpang,,,18홀,tr_220000591
임페리얼레이크,2026-09-19,17:27,109000,golfpang,,,18홀,tr_220325828
힐마루 포천,2026-09-19,18:13,160000,golfpang,,,18홀,tr_220198799
일레븐,2026-09-19,12:49,115000,golfpang,,,18홀,tr_219987016
더플레이어스,2026-09-19,11:55,160000,golfpang,,,18홀,tr_220198779
골프존 송도(구.오렌지듄스),2026-09-19,18:32,159000,golfpang,,,18홀,tr_220325822
더플레이어스,2026-09-19,07:23,210000,golfpang,,,18홀,tr_219559265
센테리움,2026-09-19,12:57,139000,golfpang,,,18홀,tr_220258775
클럽72,2026-09-19,18:40,140000,golfpang,,,18홀,tr_220325820
올데이,2026-09-19,12:14,109000,golfpang,,,18홀,tr_220325816
임페리얼레이크,2026-09-19,11:53,139000,golfpang,,,18홀,tr_220325815
블랙스톤벨포레,2026-09-19,13:56,110000,golfpang,,,18홀,tr_220325812
이븐데일,2026-09-19,12:00,90000,golfpang,,,18홀,tr_220325811
360도,2026-09-19,07:07,180000,golfpang,,,18홀,tr_220288076
360도,2026-09-19,12:15,200000,golfpang,,,18홀,tr_220288077
360도,2026-09-19,12:15,190000,golfpang,,,18홀,tr_220317289
올데이,2026-09-19,07:01,99000,golfpang,,,18홀,tr_220325809
일레븐,2026-09-19,06:24,130000,golfpang,,,18홀,tr_220325780
비콘힐스,2026-09-19,18:33,90000,golfpang,,,18홀,tr_220325781
베뉴지,2026-09-19,12:49,179000,golfpang,,,18홀,tr_220325777
이븐데일,2026-09-19,06:39,95000,golfpang,,,18홀,tr_220325776
블랙스톤벨포레,2026-09-19,13:56,110000,golfpang,,,18홀,tr_220325774
임페리얼레이크,2026-09-19,05:51,109000,golfpang,,,18홀,tr_220325770
베뉴지,2026-09-19,12:49,179000,golfpang,,,18홀,tr_220325752
신라,2026-09-19,07:55,280000,golfpang,,,18홀,tr_220325673
신라,2026-09-19,13:53,180000,golfpang,,,18홀,tr_220325674
신라,2026-09-19,14:07,180000,golfpang,,,18홀,tr_220325672
블랙스톤벨포레,2026-09-19,13:20,110000,golfpang,,,18홀,tr_220236033
로얄링스,2026-09-19,11:45,120000,golfpang,,,18홀,tr_219559310
웰리힐리,2026-09-19,10:38,190000,golfpang,,,18홀,tr_220325576
웰리힐리,2026-09-19,11:26,190000,golfpang,,,18홀,tr_220325577
웰리힐리,2026-09-19,07:50,190000,golfpang,,,18홀,tr_220325575
알펜시아명문,2026-09-19,06:22,100000,golfpang,,,18홀,tr_220325544
세현,2026-09-19,18:44,160000,golfpang,,,18홀,tr_220325479
세현,2026-09-19,19:33,160000,golfpang,,,18홀,tr_220325481
세현,2026-09-19,19:26,160000,golfpang,,,18홀,tr_220325480
프린세스,2026-09-19,08:26,150000,golfpang,,,18홀,tr_220288034
더플레이어스,2026-09-19,12:20,160000,golfpang,,,18홀,tr_220011427
클럽모우,2026-09-19,12:49,160000,golfpang,,,18홀,tr_219555042
가평프리스틴밸리,2026-09-19,13:17,240000,golfpang,,,18홀,tr_220235902
기흥(비공개),2026-09-19,07:30,270000,golfpang,,,18홀,tr_220325476
속리산cc,2026-09-19,12:50,110000,golfpang,,,18홀,tr_220325472
로얄포레,2026-09-19,07:00,119000,golfpang,,,18홀,tr_220325450
로얄포레,2026-09-19,12:34,129000,golfpang,,,18홀,tr_220325451
로얄포레,2026-09-19,18:36,99000,golfpang,,,18홀,tr_220325452
포웰(안성)cc,2026-09-19,13:36,152000,golfpang,,,18홀,tr_220325446
힐데스하임,2026-09-19,12:49,135000,golfpang,,,18홀,tr_220325425
힐데스하임,2026-09-19,12:49,135000,golfpang,,,18홀,tr_220325427
힐데스하임,2026-09-19,12:49,135000,golfpang,,,18홀,tr_220325426
클럽모우,2026-09-19,13:34,150000,golfpang,,,18홀,tr_220325353
블랙스톤벨포레,2026-09-19,18:26,70000,golfpang,,,18홀,tr_220325325
블랙스톤벨포레,2026-09-19,17:30,80000,golfpang,,,18홀,tr_220325324
클럽모우,2026-09-19,13:34,150000,golfpang,,,18홀,tr_220301732
포웰(안성)cc,2026-09-19,07:21,172000,golfpang,,,18홀,tr_220152657
해솔리아,2026-09-19,13:30,160000,golfpang,,,18홀,tr_220325302
골든베이,2026-09-19,13:24,150000,golfpang,,,18홀,tr_219588238
서원힐스,2026-09-19,05:39,250000,golfpang,,,18홀,tr_220325263
서원힐스,2026-09-19,05:32,240000,golfpang,,,18홀,tr_220325262
서원힐스,2026-09-19,05:39,250000,golfpang,,,18홀,tr_220325264
일레븐,2026-09-19,12:49,115000,golfpang,,,18홀,tr_219762524
더플레이어스,2026-09-19,11:55,160000,golfpang,,,18홀,tr_219991183
오너스,2026-09-19,08:21,160000,golfpang,,,18홀,tr_219891843
일레븐,2026-09-19,17:44,75000,golfpang,,,18홀,tr_220288951
힐마루 포천,2026-09-19,18:20,160000,golfpang,,,18홀,tr_220290024
신라,2026-09-19,12:36,190000,golfpang,,,18홀,tr_220174787
오너스,2026-09-19,14:25,140000,golfpang,,,18홀,tr_218783952
라싸,2026-09-19,13:42,179000,golfpang,,,18홀,tr_220325249
킹스데일,2026-09-19,07:26,210000,golfpang,,,18홀,tr_220325205
클럽모우,2026-09-19,13:41,150000,golfpang,,,18홀,tr_220199639
클럽72,2026-09-19,08:27,220000,golfpang,,,18홀,tr_220325203
클럽모우,2026-09-19,13:48,150000,golfpang,,,18홀,tr_220212028
클럽모우,2026-09-19,13:34,150000,golfpang,,,18홀,tr_220199640
골프존 안성H,2026-09-19,13:31,185000,golfpang,,,18홀,tr_220325155
골프존 안성H,2026-09-19,14:27,185000,golfpang,,,18홀,tr_220325156
동서울cc-퍼9,2026-09-19,07:00,89000,golfpang,,,18홀,tr_220318474
남춘천,2026-09-19,08:50,190000,golfpang,,,18홀,tr_218537738
비에이비스타(퍼),2026-09-19,12:16,170000,golfpang,,,18홀,tr_220290848
비에이비스타(퍼),2026-09-19,12:44,160000,golfpang,,,18홀,tr_220290945
동서울cc-퍼9,2026-09-19,13:04,89000,golfpang,,,18홀,tr_220318519
골프존 안성W,2026-09-19,18:59,110000,golfpang,,,18홀,tr_220325131
에델바이스(가명),2026-09-19,06:42,180000,golfpang,,,18홀,tr_220258403
골프존 안성W,2026-09-19,08:57,190000,golfpang,,,18홀,tr_220258647
골프존 안성W,2026-09-19,11:39,170000,golfpang,,,18홀,tr_220258648
골프존 안성W,2026-09-19,06:58,180000,golfpang,,,18홀,tr_220258649
에델바이스(가명),2026-09-19,13:33,180000,golfpang,,,18홀,tr_220258404
일레븐,2026-09-19,12:40,115000,golfpang,,,18홀,tr_219770510
클럽모우,2026-09-19,13:41,150000,golfpang,,,18홀,tr_220304335
일레븐,2026-09-19,18:10,75000,golfpang,,,18홀,tr_219776959
클럽모우,2026-09-19,13:48,150000,golfpang,,,18홀,tr_220325009
클럽72-오션,2026-09-19,06:44,300000,golfpang,,,18홀,tr_220325025
클럽모우,2026-09-19,14:09,150000,golfpang,,,18홀,tr_220325010
클럽72-오션,2026-09-19,14:03,280000,golfpang,,,18홀,tr_220325026
베뉴지,2026-09-19,13:23,165000,golfpang,,,18홀,tr_220324989
베뉴지,2026-09-19,13:58,160000,golfpang,,,18홀,tr_220324990
떼제베(동북),2026-09-19,18:08,110000,golfpang,,,18홀,tr_220324984
동촌,2026-09-19,06:48,170000,golfpang,,,18홀,tr_220324978
떼제베(동북),2026-09-19,07:50,130000,golfpang,,,18홀,tr_220324967
떼제베(동북),2026-09-19,07:42,130000,golfpang,,,18홀,tr_220324890
떼제베(동북),2026-09-19,18:09,110000,golfpang,,,18홀,tr_220324892
떼제베(동북),2026-09-19,18:09,110000,golfpang,,,18홀,tr_220324891
양지파인,2026-09-19,11:37,170000,golfpang,,,18홀,tr_220324796
양지파인,2026-09-19,08:51,190000,golfpang,,,18홀,tr_220324795
자유로,2026-09-19,14:19,210000,golfpang,,,18홀,tr_220001861
리베라,2026-09-19,14:31,210000,golfpang,,,18홀,tr_220324659
리베라,2026-09-19,19:06,140000,golfpang,,,18홀,tr_220324660
리베라,2026-09-19,18:59,140000,golfpang,,,18홀,tr_220324661
골드,2026-09-19,18:22,149000,golfpang,,,18홀,tr_220202769
코리아,2026-09-19,18:01,149000,golfpang,,,18홀,tr_217927171
벨라스톤,2026-09-19,17:31,100000,golfpang,,,18홀,tr_220324594
벨라스톤,2026-09-19,13:28,169000,golfpang,,,18홀,tr_220324593
벨라스톤,2026-09-19,06:42,159000,golfpang,,,18홀,tr_220324592
마이다스레이크 이천,2026-09-19,14:25,180000,golfpang,,,18홀,tr_220290314
올데이,2026-09-19,07:00,99000,golfpang,,,18홀,tr_220324519
올데이,2026-09-19,12:27,109000,golfpang,,,18홀,tr_220324520
올데이,2026-09-19,17:05,79000,golfpang,,,18홀,tr_220324521
떼제베,2026-09-19,13:35,190000,golfpang,,,18홀,tr_219067353
떼제베(동북),2026-09-19,13:35,170000,golfpang,,,18홀,tr_219067482
웰리힐리,2026-09-19,13:38,190000,golfpang,,,18홀,tr_220299972
세현,2026-09-19,13:37,250000,golfpang,,,18홀,tr_219992896
신라,2026-09-19,13:39,180000,golfpang,,,18홀,tr_219993010
스타,2026-09-19,13:02,180000,golfpang,,,18홀,tr_220038152
블랙스톤벨포레,2026-09-19,13:13,215000,golfpang,,,18홀,tr_219775582
올데이,2026-09-19,13:16,109000,golfpang,,,18홀,tr_219064805
더플레이어스,2026-09-19,13:19,160000,golfpang,,,18홀,tr_219998674
베뉴지,2026-09-19,12:41,179000,golfpang,,,18홀,tr_219992441
대호단양,2026-09-19,12:41,159000,golfpang,,,18홀,tr_219992153
클럽모우,2026-09-19,12:45,180000,golfpang,,,18홀,tr_219994079
클럽72-오션,2026-09-19,12:53,300000,golfpang,,,18홀,tr_219994033
스톤비치,2026-09-19,12:55,160000,golfpang,,,18홀,tr_219776750
포웰(안성)cc,2026-09-19,12:54,172000,golfpang,,,18홀,tr_219994326
파주,2026-09-19,12:13,270000,golfpang,,,18홀,tr_219994208
샤인데일,2026-09-19,12:20,150000,golfpang,,,18홀,tr_219992516
로얄링스,2026-09-19,12:27,160000,golfpang,,,18홀,tr_219775033
임페리얼레이크,2026-09-19,12:27,159000,golfpang,,,18홀,tr_219065227
알프스대영,2026-09-19,12:31,105000,golfpang,,,18홀,tr_219993653
양지파인,2026-09-19,12:29,180000,golfpang,,,18홀,tr_219993714
힐데스하임,2026-09-19,12:34,150000,golfpang,,,18홀,tr_219994451
옥스필드,2026-09-19,11:17,149000,golfpang,,,18홀,tr_219065311
베스트밸리-퍼9,2026-09-19,11:53,170000,golfpang,,,18홀,tr_219992480
양지파인,2026-09-19,08:07,190000,golfpang,,,18홀,tr_220319662
동강시스타,2026-09-19,08:01,171000,golfpang,,,18홀,tr_220302183
서산수,2026-09-19,08:14,230000,golfpang,,,18홀,tr_219992566
샤인데일,2026-09-19,08:12,200000,golfpang,,,18홀,tr_219992518
알펜시아700,2026-09-19,08:25,130000,golfpang,,,18홀,tr_219777120
클럽모우,2026-09-19,08:50,210000,golfpang,,,18홀,tr_219994078
알펜시아명문,2026-09-19,11:14,170000,golfpang,,,18홀,tr_219777175
유니아일랜드,2026-09-19,11:29,220000,golfpang,,,18홀,tr_219993860
클럽72,2026-09-19,07:10,260000,golfpang,,,18홀,tr_219993986
알펜시아명문,2026-09-19,07:24,130000,golfpang,,,18홀,tr_219777176
에스앤-퍼9,2026-09-19,07:24,80000,golfpang,,,18홀,tr_219777371
로얄링스,2026-09-19,07:59,160000,golfpang,,,18홀,tr_219775032
라싸,2026-09-19,06:41,239000,golfpang,,,18홀,tr_219992234
임페리얼레이크,2026-09-19,06:46,159000,golfpang,,,18홀,tr_219065226
옥스필드,2026-09-19,06:46,139000,golfpang,,,18홀,tr_219065310
로얄포레,2026-09-19,06:46,149000,golfpang,,,18홀,tr_219064961
감곡,2026-09-19,06:58,200000,golfpang,,,18홀,tr_219991836
대호단양,2026-09-19,06:00,139000,golfpang,,,18홀,tr_219992152
아세코밸리-퍼9,2026-09-19,05:51,140000,golfpang,,,18홀,tr_219993544
신라,2026-09-19,06:10,200000,golfpang,,,18홀,tr_219993009
보령베이스-퍼9,2026-09-19,06:08,69000,golfpang,,,18홀,tr_219775397
푸른솔포천,2026-09-19,06:07,240000,golfpang,,,18홀,tr_219994372
파인밸리,2026-09-19,06:17,150000,golfpang,,,18홀,tr_220302930
블랙스톤벨포레,2026-09-19,06:15,200000,golfpang,,,18홀,tr_219775581
코스카,2026-09-19,06:14,150000,golfpang,,,18홀,tr_219993909
코스카,2026-09-19,06:14,150000,golfpang,,,18홀,tr_219993908
떼제베,2026-09-19,06:11,180000,golfpang,,,18홀,tr_219067355
스타,2026-09-19,06:23,180000,golfpang,,,18홀,tr_220038150
여주,2026-09-19,06:30,270000,golfpang,,,18홀,tr_219993758
양지파인,2026-09-19,06:30,210000,golfpang,,,18홀,tr_219993715
벨라스톤,2026-09-19,06:28,159000,golfpang,,,18홀,tr_220300973
대영힐스,2026-09-19,06:35,125000,golfpang,,,18홀,tr_219998651
떼제베(동북),2026-09-19,06:32,160000,golfpang,,,18홀,tr_219067481
알펜시아명문,2026-09-19,06:35,110000,golfpang,,,18홀,tr_219777174
스톤비치,2026-09-19,06:35,130000,golfpang,,,18홀,tr_219776749
파주,2026-09-19,05:49,240000,golfpang,,,18홀,tr_219994210
유니아일랜드,2026-09-19,05:40,190000,golfpang,,,18홀,tr_219993861
클럽72,2026-09-19,06:00,230000,golfpang,,,18홀,tr_219993984
리베라,2026-09-19,19:06,140000,golfpang,,,18홀,tr_219992328
대영베이스,2026-09-19,19:04,89000,golfpang,,,18홀,tr_219991963
포웰(안성)cc,2026-09-19,19:28,132000,golfpang,,,18홀,tr_219994325
세현,2026-09-19,19:26,160000,golfpang,,,18홀,tr_219992897
힐데스하임,2026-09-19,19:19,95000,golfpang,,,18홀,tr_219997938
클럽72,2026-09-19,19:07,140000,golfpang,,,18홀,tr_219993985
세현,2026-09-19,19:33,160000,golfpang,,,18홀,tr_219992898
감곡,2026-09-19,18:34,120000,golfpang,,,18홀,tr_219991837
감곡,2026-09-19,18:41,120000,golfpang,,,18홀,tr_219991838
대영힐스,2026-09-19,18:41,79000,golfpang,,,18홀,tr_219998656
블랙스톤벨포레,2026-09-19,18:05,140000,golfpang,,,18홀,tr_219775583
파주,2026-09-19,18:09,170000,golfpang,,,18홀,tr_219994209
보령베이스-퍼9,2026-09-19,18:12,59000,golfpang,,,18홀,tr_219775396
알펜시아700,2026-09-19,18:12,80000,golfpang,,,18홀,tr_219777122
임페리얼레이크,2026-09-19,18:15,99000,golfpang,,,18홀,tr_219065228
로얄포레,2026-09-19,18:15,89000,golfpang,,,18홀,tr_219064963
동서울cc-퍼9,2026-09-19,18:17,65000,golfpang,,,18홀,tr_220303205
파주타이거,2026-09-19,18:17,190000,golfpang,,,18홀,tr_219994266
떼제베(동북),2026-09-19,17:48,110000,golfpang,,,18홀,tr_219067483
옥스필드,2026-09-19,17:47,79000,golfpang,,,18홀,tr_219065312
올데이,2026-09-19,17:47,89000,golfpang,,,18홀,tr_219064806
베스트밸리-퍼9,2026-09-19,18:02,130000,golfpang,,,18홀,tr_219992479
라싸,2026-09-19,18:00,139000,golfpang,,,18홀,tr_219992236
파주타이거,2026-09-19,17:23,190000,golfpang,,,18홀,tr_219994265
샤인데일,2026-09-19,17:22,100000,golfpang,,,18홀,tr_219992517
아세코밸리-퍼9,2026-09-19,17:17,110000,golfpang,,,18홀,tr_219993545
떼제베,2026-09-19,17:27,130000,golfpang,,,18홀,tr_219067354
에스앤-퍼9,2026-09-19,17:31,60000,golfpang,,,18홀,tr_219777373
알프스대영,2026-09-19,17:36,69000,golfpang,,,18홀,tr_219993654
스톤비치,2026-09-19,17:44,130000,golfpang,,,18홀,tr_219776751
대영베이스,2026-09-19,17:44,99000,golfpang,,,18홀,tr_219991962
파주타이거,2026-09-19,17:41,190000,golfpang,,,18홀,tr_219994264
솔라고,2026-09-19,14:24,140000,golfpang,,,18홀,tr_219992738
유니아일랜드,2026-09-19,15:42,160000,golfpang,,,18홀,tr_219993859
유니아일랜드,2026-09-19,15:28,170000,golfpang,,,18홀,tr_220318870
베스트밸리-퍼9,2026-09-19,17:06,130000,golfpang,,,18홀,tr_219992481
아세코밸리-퍼9,2026-09-19,17:10,120000,golfpang,,,18홀,tr_219993546
대호단양,2026-09-19,17:09,119000,golfpang,,,18홀,tr_219992154
신라,2026-09-19,13:53,180000,golfpang,,,18홀,tr_219993011
여주,2026-09-19,13:53,240000,golfpang,,,18홀,tr_219993759
푸른솔포천,2026-09-19,13:55,230000,golfpang,,,18홀,tr_219994373
포웰(안성)cc,2026-09-19,13:57,162000,golfpang,,,18홀,tr_219994324
클럽72-오션,2026-09-19,13:56,290000,golfpang,,,18홀,tr_219994032
솔모로,2026-09-19,14:03,190000,golfpang,,,18홀,tr_219992938
라싸,2026-09-19,14:03,179000,golfpang,,,18홀,tr_219992235
오너스,2026-09-19,14:11,145000,golfpang,,,18홀,tr_219996193
속리산cc,2026-09-19,14:07,120000,golfpang,,,18홀,tr_219992689
리베라,2026-09-19,14:17,240000,golfpang,,,18홀,tr_219992327
리베라,2026-09-19,14:31,210000,golfpang,,,18홀,tr_220319559
그린힐,2026-09-19,13:42,190000,golfpang,,,18홀,tr_219991892
베뉴지,2026-09-19,13:44,169000,golfpang,,,18홀,tr_219992440
웰리힐리,2026-09-19,13:42,190000,golfpang,,,18홀,tr_220302481
알펜시아700,2026-09-19,13:45,130000,golfpang,,,18홀,tr_219777121
솔모로,2026-09-19,13:49,180000,golfpang,,,18홀,tr_219992937
모카cc,2026-09-19,13:49,130000,golfpang,,,18홀,tr_220324469
이천실크밸리,2026-09-19,13:52,155000,golfpang,,,18홀,tr_220199271
이글몬트,2026-09-19,13:53,170000,golfpang,,,18홀,tr_220130785
속리산cc,2026-09-19,13:32,140000,golfpang,,,18홀,tr_219992687
대영베이스,2026-09-19,13:32,149000,golfpang,,,18홀,tr_219991961
레인보우힐스,2026-09-19,13:36,255000,golfpang,,,18홀,tr_219992288
레인보우힐스,2026-09-19,13:36,255000,golfpang,,,18홀,tr_219992287
대영힐스,2026-09-19,13:36,139000,golfpang,,,18홀,tr_220055477
리베라,2026-09-19,18:59,140000,golfpang,,,18홀,tr_219992329
그린힐,2026-09-19,18:59,110000,golfpang,,,18홀,tr_219991894
그린힐,2026-09-19,18:59,110000,golfpang,,,18홀,tr_219991893
한림용인,2026-09-19,13:23,180000,golfpang,,,18홀,tr_220324450
속초(비공개),2026-09-19,12:50,428000,golfpang,,,36홀,tr_219468124
아세코밸리-퍼9,2026-09-19,12:44,130000,golfpang,,,18홀,tr_219394868
클럽72,2026-09-19,19:07,140000,golfpang,,,18홀,tr_220203741
중원,2026-09-19,14:15,130000,golfpang,,,18홀,tr_220029734
센테리움,2026-09-19,13:25,159000,golfpang,,,18홀,tr_220324380
스카이밸리,2026-09-19,13:23,190000,golfpang,,,18홀,tr_220324396
스카이밸리,2026-09-19,06:20,200000,golfpang,,,18홀,tr_220324395
센테리움,2026-09-19,07:14,189000,golfpang,,,18홀,tr_220324379
예미지,2026-09-19,13:15,170000,golfpang,,,18홀,tr_220240695
베뉴지,2026-09-19,13:06,165000,golfpang,,,18홀,tr_220203740
오너스,2026-09-19,08:28,175000,golfpang,,,18홀,tr_220324337
비에이비스타(퍼),2026-09-19,12:16,170000,golfpang,,,18홀,tr_220213562
동서울cc-퍼9,2026-09-19,06:31,79000,golfpang,,,18홀,tr_220324272
동서울cc-퍼9,2026-09-19,17:49,65000,golfpang,,,18홀,tr_220324273
동서울cc-퍼9,2026-09-19,18:17,65000,golfpang,,,18홀,tr_220324274
로얄링스,2026-09-19,07:10,120000,golfpang,,,18홀,tr_220324211
포웰(안성)cc,2026-09-19,17:57,122000,golfpang,,,18홀,tr_220324209
경춘(비공개),2026-09-19,13:22,160000,golfpang,,,18홀,tr_220324207
블랙스톤벨포레,2026-09-19,13:17,100000,golfpang,,,18홀,tr_220324202
블랙스톤벨포레,2026-09-19,17:06,70000,golfpang,,,18홀,tr_220324200
이븐데일,2026-09-19,12:48,90000,golfpang,,,18홀,tr_220324137
이븐데일,2026-09-19,08:24,115000,golfpang,,,18홀,tr_220324138
이븐데일,2026-09-19,07:06,100000,golfpang,,,18홀,tr_220324136
블랙스톤벨포레,2026-09-19,18:09,60000,golfpang,,,18홀,tr_220324135
코브스윙,2026-09-19,13:52,180000,golfpang,,,18홀,tr_217211190
히든밸리,2026-09-19,07:03,200000,golfpang,,,18홀,tr_219717268
이천실크밸리,2026-09-19,08:41,205000,golfpang,,,18홀,tr_219923602
스타,2026-09-19,18:31,110000,golfpang,,,18홀,tr_220242763
스타,2026-09-19,06:37,180000,golfpang,,,18홀,tr_220242761
에덴블루,2026-09-19,06:56,199000,golfpang,,,18홀,tr_220100398
오로라,2026-09-19,17:36,100000,golfpang,,,18홀,tr_220241863
스타,2026-09-19,11:52,190000,golfpang,,,18홀,tr_220242762
에덴블루,2026-09-19,07:27,209000,golfpang,,,18홀,tr_220100399
대영힐스,2026-09-19,18:48,79000,golfpang,,,18홀,tr_220324078
대영힐스,2026-09-19,19:02,79000,golfpang,,,18홀,tr_220324079
대영힐스,2026-09-19,05:39,109000,golfpang,,,18홀,tr_220324077
스프링베일-퍼9,2026-09-19,17:21,90000,golfpang,,,18홀,tr_219342060
알펜시아명문,2026-09-19,11:28,170000,golfpang,,,18홀,tr_220324016
알펜시아명문,2026-09-19,06:35,100000,golfpang,,,18홀,tr_220324014
알펜시아명문,2026-09-19,12:56,170000,golfpang,,,18홀,tr_220324015
신라,2026-09-19,14:07,180000,golfpang,,,18홀,tr_220321595
여주,2026-09-19,14:07,240000,golfpang,,,18홀,tr_220323090
리베라,2026-09-19,14:31,210000,golfpang,,,18홀,tr_220322524
여주,2026-09-19,13:53,240000,golfpang,,,18홀,tr_220323177
유니아일랜드,2026-09-19,11:22,220000,golfpang,,,18홀,tr_220321826
양지파인,2026-09-19,11:51,170000,golfpang,,,18홀,tr_220322642
양지파인,2026-09-19,11:51,170000,golfpang,,,18홀,tr_220322641
클럽72,2026-09-19,08:13,250000,golfpang,,,18홀,tr_220323675
유니아일랜드,2026-09-19,10:40,220000,golfpang,,,18홀,tr_220321825
360도,2026-09-19,06:22,170000,golfpang,,,18홀,tr_220323151
빅토리아-퍼9,2026-09-19,18:48,-1,golfpang,,,18홀,tr_220323930
여주,2026-09-19,14:00,240000,golfpang,,,18홀,tr_220323178
유니아일랜드,2026-09-19,15:14,170000,golfpang,,,18홀,tr_220321827
리베라,2026-09-19,14:31,210000,golfpang,,,18홀,tr_220322522
그린힐,2026-09-19,17:42,140000,golfpang,,,18홀,tr_220322830
그린힐,2026-09-19,17:42,140000,golfpang,,,18홀,tr_220322831
빅토리아-퍼9,2026-09-19,18:13,-1,golfpang,,,18홀,tr_220323928
빅토리아-퍼9,2026-09-19,18:55,-1,golfpang,,,18홀,tr_220323739
세현,2026-09-19,18:37,170000,golfpang,,,18홀,tr_220322315
빅토리아-퍼9,2026-09-19,18:34,-1,golfpang,,,18홀,tr_220323929
빅토리아-퍼9,2026-09-19,18:27,-1,golfpang,,,18홀,tr_220323738
클럽72,2026-09-19,19:35,150000,golfpang,,,18홀,tr_220323676
클럽72,2026-09-19,19:35,150000,golfpang,,,18홀,tr_220323990
빅토리아-퍼9,2026-09-19,19:09,-1,golfpang,,,18홀,tr_220323931
리베라,2026-09-19,19:13,140000,golfpang,,,18홀,tr_220322523
세현,2026-09-19,19:19,160000,golfpang,,,18홀,tr_220322316
리베라,2026-09-19,19:20,140000,golfpang,,,18홀,tr_220322525
세현,2026-09-19,19:26,160000,golfpang,,,18홀,tr_220322792
빅토리아-퍼9,2026-09-19,19:02,-1,golfpang,,,18홀,tr_220323740
여주,2026-09-19,14:07,240000,golfpang,,,18홀,tr_220323179
스프링베일-퍼9,2026-09-19,12:20,100000,golfpang,,,18홀,tr_218988243
경춘(비공개),2026-09-19,13:22,160000,golfpang,,,18홀,tr_220321405
신라,2026-09-19,07:20,240000,golfpang,,,18홀,tr_220321407
남양주(퍼9),2026-09-19,17:00,119000,golfpang,,,18홀,tr_220114607
로얄포레,2026-09-19,13:24,129000,golfpang,,,18홀,tr_220321318
로얄포레,2026-09-19,07:56,129000,golfpang,,,18홀,tr_220321317
로얄포레,2026-09-19,18:36,99000,golfpang,,,18홀,tr_220321319
오로라,2026-09-19,17:18,120000,golfpang,,,18홀,tr_220201510
남양주(퍼9),2026-09-19,08:00,169000,golfpang,,,18홀,tr_218357762
오로라,2026-09-19,13:07,190000,golfpang,,,18홀,tr_220201509
알펜시아명문,2026-09-19,13:13,170000,golfpang,,,18홀,tr_219470990
알펜시아700,2026-09-19,17:23,100000,golfpang,,,18홀,tr_219471188
동강시스타,2026-09-19,17:45,171000,golfpang,,,18홀,tr_220302187
알펜시아명문,2026-09-19,06:42,120000,golfpang,,,18홀,tr_219470988
오로라,2026-09-19,06:37,190000,golfpang,,,18홀,tr_220201508
알펜시아700,2026-09-19,07:50,120000,golfpang,,,18홀,tr_219471186
웰리힐리,2026-09-19,06:46,190000,golfpang,,,18홀,tr_220297619
동서울cc-퍼9,2026-09-19,12:42,94000,golfpang,,,18홀,tr_220153708
동서울cc-퍼9,2026-09-19,12:42,94000,golfpang,,,18홀,tr_220153709
알펜시아명문,2026-09-19,07:10,130000,golfpang,,,18홀,tr_219470989
알펜시아700,2026-09-19,12:49,140000,golfpang,,,18홀,tr_219471187
센테리움,2026-09-19,13:46,149000,golfpang,,,18홀,tr_219671795
모나크,2026-09-19,12:07,180000,golfpang,,,18홀,tr_219540683
대영베이스,2026-09-19,06:07,139000,golfpang,,,18홀,tr_219073217
센테리움,2026-09-19,06:32,179000,golfpang,,,18홀,tr_219671794
서산수,2026-09-19,14:04,180000,golfpang,,,18홀,tr_219807237
모나크,2026-09-19,17:27,120000,golfpang,,,18홀,tr_219540685
대영베이스,2026-09-19,12:25,169000,golfpang,,,18홀,tr_219073218
모나크,2026-09-19,13:03,170000,golfpang,,,18홀,tr_219540684
대영베이스,2026-09-19,13:32,159000,golfpang,,,18홀,tr_219073219
서산수,2026-09-19,13:50,180000,golfpang,,,18홀,tr_219807236
필로스,2026-09-19,18:20,140000,golfpang,,,18홀,tr_219681626
필로스,2026-09-19,18:27,140000,golfpang,,,18홀,tr_219681627
비콘힐스,2026-09-19,18:40,90000,golfpang,,,18홀,tr_219909943
비콘힐스,2026-09-19,18:40,90000,golfpang,,,18홀,tr_219909942
비콘힐스,2026-09-19,18:40,90000,golfpang,,,18홀,tr_219909941
필로스,2026-09-19,18:07,140000,golfpang,,,18홀,tr_219681625
한림광릉,2026-09-19,17:17,160000,golfpang,,,18홀,tr_220283509
클럽모우,2026-09-19,13:55,160000,golfpang,,,18홀,tr_220299542
한림광릉,2026-09-19,13:58,190000,golfpang,,,18홀,tr_220283508
오너스,2026-09-19,13:57,145000,golfpang,,,18홀,tr_220105399
남춘천,2026-09-19,14:03,160000,golfpang,,,18홀,tr_220206518
클럽모우,2026-09-19,13:34,160000,golfpang,,,18홀,tr_220299541
오너스,2026-09-19,07:46,165000,golfpang,,,18홀,tr_220105398
한림광릉,2026-09-19,06:38,230000,golfpang,,,18홀,tr_220283507
루트52,2026-09-19,06:59,220000,golfpang,,,18홀,tr_220195292
360도,2026-09-19,06:00,165000,golfpang,,,18홀,tr_220283010
스카이밸리,2026-09-19,06:20,200000,golfpang,,,18홀,tr_220291028
리베라,2026-09-19,19:20,140000,golfpang,,,18홀,tr_220316657
그린힐,2026-09-19,18:31,130000,golfpang,,,18홀,tr_220278870
세현,2026-09-19,18:30,170000,golfpang,,,18홀,tr_219820019
그린힐,2026-09-19,18:45,130000,golfpang,,,18홀,tr_220278871
리베라,2026-09-19,18:45,140000,golfpang,,,18홀,tr_220088697
리베라,2026-09-19,18:52,140000,golfpang,,,18홀,tr_220088698
용인(비공개),2026-09-19,18:17,150000,golfpang,,,18홀,tr_220236303
세현,2026-09-19,18:16,170000,golfpang,,,18홀,tr_220319786
용인플라자,2026-09-19,18:13,160000,golfpang,,,18홀,tr_219770798
해솔리아,2026-09-19,18:18,135000,golfpang,,,18홀,tr_220290506
이천실크밸리,2026-09-19,18:24,125000,golfpang,,,18홀,tr_219903821
세현,2026-09-19,17:48,180000,golfpang,,,18홀,tr_219820018
용인플라자,2026-09-19,17:51,160000,golfpang,,,18홀,tr_219770797
그린힐,2026-09-19,18:03,130000,golfpang,,,18홀,tr_220278869
한림용인,2026-09-19,17:31,150000,golfpang,,,18홀,tr_220238710
양지파인,2026-09-19,06:00,199000,golfpang,,,18홀,tr_219820774
이천실크밸리,2026-09-19,17:35,130000,golfpang,,,18홀,tr_219903820
이천실크밸리,2026-09-19,17:35,130000,golfpang,,,18홀,tr_219903819
용인플라자,2026-09-19,17:31,160000,golfpang,,,18홀,tr_219770796
빅토리아-퍼9,2026-09-19,17:31,99000,golfpang,,,18홀,tr_219749009
골프존 안성H,2026-09-19,14:20,185000,golfpang,,,18홀,tr_220233443
아세코밸리-퍼9,2026-09-19,17:03,120000,golfpang,,,18홀,tr_219891357
여주,2026-09-19,14:00,240000,golfpang,,,18홀,tr_220320094
용인(비공개),2026-09-19,14:06,199000,golfpang,,,18홀,tr_220236302
루트52,2026-09-19,14:16,180000,golfpang,,,18홀,tr_220195293
빅토리아-퍼9,2026-09-19,13:41,119000,golfpang,,,18홀,tr_219749008
빅토리아-퍼9,2026-09-19,13:41,119000,golfpang,,,18홀,tr_219749007
아세코밸리-퍼9,2026-09-19,05:58,140000,golfpang,,,18홀,tr_219891355
한림용인,2026-09-19,06:31,200000,golfpang,,,18홀,tr_220238708
용인(비공개),2026-09-19,13:52,199000,golfpang,,,18홀,tr_220236301
스카이밸리,2026-09-19,13:53,190000,golfpang,,,18홀,tr_220291029
한림용인,2026-09-19,13:32,180000,golfpang,,,18홀,tr_220238709
골프존 안성H,2026-09-19,13:31,185000,golfpang,,,18홀,tr_220233442
골프존 안성H,2026-09-19,13:31,185000,golfpang,,,18홀,tr_220233441
세현,2026-09-19,13:37,250000,golfpang,,,18홀,tr_219820017
해솔리아,2026-09-19,13:40,160000,golfpang,,,18홀,tr_220290505
양평TPC,2026-09-19,12:54,160000,golfpang,,,18홀,tr_220307219
파인크리크,2026-09-19,13:17,250000,golfpang,,,18홀,tr_219831290
파인크리크,2026-09-19,13:17,250000,golfpang,,,18홀,tr_219831289
양지파인,2026-09-19,12:44,170000,golfpang,,,18홀,tr_219820775
360도,2026-09-19,12:15,200000,golfpang,,,18홀,tr_220283011
아세코밸리-퍼9,2026-09-19,11:41,140000,golfpang,,,18홀,tr_219891356
해솔리아,2026-09-19,07:21,180000,golfpang,,,18홀,tr_220290504
유니아일랜드,2026-09-19,06:43,210000,golfpang,,,18홀,tr_220316295
양평TPC,2026-09-19,06:59,200000,golfpang,,,18홀,tr_220307218
360도,2026-09-19,06:22,170000,golfpang,,,18홀,tr_220320343
대영힐스,2026-09-19,18:55,75000,golfpang,,,18홀,tr_220321277
대영베이스,2026-09-19,06:13,139000,golfpang,,,18홀,tr_220321232
대영베이스,2026-09-19,13:39,139000,golfpang,,,18홀,tr_220321233
대영베이스,2026-09-19,19:04,85000,golfpang,,,18홀,tr_220321234
남양주(퍼9),2026-09-19,17:27,119000,golfpang,,,18홀,tr_220203739
캐슬렉스,2026-09-19,13:46,250000,golfpang,,,18홀,tr_220321202
캐슬렉스,2026-09-19,13:46,250000,golfpang,,,18홀,tr_220321203
캐슬렉스,2026-09-19,06:04,250000,golfpang,,,18홀,tr_220321201
스톤비치,2026-09-19,17:10,100000,golfpang,,,18홀,tr_217708211
해솔리아,2026-09-19,12:44,170000,golfpang,,,18홀,tr_220321160
해솔리아,2026-09-19,13:47,160000,golfpang,,,18홀,tr_220321158
해솔리아,2026-09-19,07:17,180000,golfpang,,,18홀,tr_220321159
대영힐스,2026-09-19,18:27,85000,golfpang,,,18홀,tr_220321157
용평(비공개),2026-09-19,07:04,170000,golfpang,,,18홀,tr_219156143
대영힐스,2026-09-19,18:06,89000,golfpang,,,18홀,tr_220321093
알펜시아700,2026-09-19,17:23,80000,golfpang,,,18홀,tr_220321066
알펜시아700,2026-09-19,18:05,70000,golfpang,,,18홀,tr_220321067
알펜시아700,2026-09-19,13:38,130000,golfpang,,,18홀,tr_220321065
대영힐스,2026-09-19,17:03,105000,golfpang,,,18홀,tr_220321022
스톤비치,2026-09-19,12:30,140000,golfpang,,,18홀,tr_219341478
가평프리스틴밸리,2026-09-19,13:17,220000,golfpang,,,18홀,tr_220321018
대영힐스,2026-09-19,17:52,89000,golfpang,,,18홀,tr_220321019
대영힐스,2026-09-19,17:03,105000,golfpang,,,18홀,tr_220321014
포웰(안성)cc,2026-09-19,19:00,105000,golfpang,,,18홀,tr_220321013
포천힐스,2026-09-19,13:20,230000,golfpang,,,18홀,tr_219906688
대영베이스,2026-09-19,19:04,85000,golfpang,,,18홀,tr_220321010
스톤비치,2026-09-19,08:00,140000,golfpang,,,18홀,tr_217708207
대영베이스,2026-09-19,18:44,89000,golfpang,,,18홀,tr_220320996
베뉴지,2026-09-19,13:09,165000,golfpang,,,18홀,tr_220070146
세현,2026-09-19,18:16,170000,golfpang,,,18홀,tr_220319340
세현,2026-09-19,18:23,170000,golfpang,,,18홀,tr_220319785
세현,2026-09-19,18:23,170000,golfpang,,,18홀,tr_220319342
세현,2026-09-19,18:02,180000,golfpang,,,18홀,tr_220319341
빅토리아-퍼9,2026-09-19,18:20,-1,golfpang,,,18홀,tr_220320696
여주,2026-09-19,14:00,240000,golfpang,,,18홀,tr_220320093
유니아일랜드,2026-09-19,15:28,170000,golfpang,,,18홀,tr_220318869
유니아일랜드,2026-09-19,15:14,170000,golfpang,,,18홀,tr_220318868
레인보우힐스,2026-09-19,13:36,255000,golfpang,,,18홀,tr_220319767
360도,2026-09-19,11:37,190000,golfpang,,,18홀,tr_220320152
양지파인,2026-09-19,11:59,170000,golfpang,,,18홀,tr_220320915
리베라,2026-09-19,19:06,140000,golfpang,,,18홀,tr_220319557
리베라,2026-09-19,19:06,140000,golfpang,,,18홀,tr_220319560
리베라,2026-09-19,19:13,140000,golfpang,,,18홀,tr_220320711
리베라,2026-09-19,19:13,140000,golfpang,,,18홀,tr_220319556
리베라,2026-09-19,19:13,140000,golfpang,,,18홀,tr_220319558
클럽72,2026-09-19,19:14,150000,golfpang,,,18홀,tr_220320957
클럽72,2026-09-19,06:49,230000,golfpang,,,18홀,tr_220320955
양지파인,2026-09-19,08:37,190000,golfpang,,,18홀,tr_220320914
360도,2026-09-19,07:07,180000,golfpang,,,18홀,tr_220320344
유니아일랜드,2026-09-19,06:36,210000,golfpang,,,18홀,tr_220318867
360도,2026-09-19,06:45,180000,golfpang,,,18홀,tr_220320151
세현,2026-09-19,18:58,160000,golfpang,,,18홀,tr_220319343
클럽72,2026-09-19,06:16,300000,golfpang,,,18홀,tr_220320954
포웰(안성)cc,2026-09-19,13:10,152000,golfpang,,,18홀,tr_220318628
대영베이스,2026-09-19,18:17,95000,golfpang,,,18홀,tr_220318597
그린힐,2026-09-19,18:52,110000,golfpang,,,18홀,tr_220318565
그린힐,2026-09-19,17:35,140000,golfpang,,,18홀,tr_220318564
그린힐,2026-09-19,18:59,110000,golfpang,,,18홀,tr_220318566
오너스,2026-09-19,07:40,160000,golfpang,,,18홀,tr_219790860
속리산cc,2026-09-19,14:14,110000,golfpang,,,18홀,tr_220214932
대영베이스,2026-09-19,17:57,95000,golfpang,,,18홀,tr_220318548
대영베이스,2026-09-19,17:44,99000,golfpang,,,18홀,tr_220318544
그랜드(청주),2026-09-19,18:28,120000,golfpang,,,18홀,tr_220318537
베스트밸리-퍼9,2026-09-19,17:55,130000,golfpang,,,18홀,tr_220318480
아난티중앙(야간),2026-09-19,17:53,140000,golfpang,,,18홀,tr_220318477
파주,2026-09-19,16:52,180000,golfpang,,,18홀,tr_220302083
마이다스레이크 이천,2026-09-19,14:03,190000,golfpang,,,18홀,tr_220212583
포웰(안성)cc,2026-09-19,13:57,152000,golfpang,,,18홀,tr_220307152
양평TPC,2026-09-19,13:08,160000,golfpang,,,18홀,tr_220318417
백제,2026-09-19,13:54,140000,golfpang,,,18홀,tr_220304146
캐슬렉스,2026-09-19,13:46,250000,golfpang,,,18홀,tr_220318415
임페리얼레이크,2026-09-19,17:26,109000,golfpang,,,18홀,tr_220318393
임페리얼레이크,2026-09-19,18:01,99000,golfpang,,,18홀,tr_220318394
캐슬렉스,2026-09-19,06:04,250000,golfpang,,,18홀,tr_220318391
임페리얼레이크,2026-09-19,11:45,139000,golfpang,,,18홀,tr_220318392
더크로스비,2026-09-19,13:51,207000,golfpang,,,18홀,tr_220221924
그랜드(청주),2026-09-19,18:28,120000,golfpang,,,18홀,tr_220318389
한림용인,2026-09-19,12:15,200000,golfpang,,,18홀,tr_220318374
한림용인,2026-09-19,12:15,200000,golfpang,,,18홀,tr_220318376
한림용인,2026-09-19,12:15,200000,golfpang,,,18홀,tr_220318375
감곡,2026-09-19,13:49,150000,golfpang,,,18홀,tr_220318290
감곡,2026-09-19,18:48,110000,golfpang,,,18홀,tr_220318289
감곡,2026-09-19,18:41,120000,golfpang,,,18홀,tr_220318291
필로스,2026-09-19,18:00,140000,golfpang,,,18홀,tr_220259186
아세코밸리-퍼9,2026-09-19,16:35,120000,golfpang,,,18홀,tr_220318270
아세코밸리-퍼9,2026-09-19,18:13,110000,golfpang,,,18홀,tr_220318272
아세코밸리-퍼9,2026-09-19,17:03,110000,golfpang,,,18홀,tr_220318271
가평프리스틴밸리,2026-09-19,13:17,220000,golfpang,,,18홀,tr_220306691
베뉴지,2026-09-19,13:30,160000,golfpang,,,18홀,tr_220304130
가평프리스틴밸리,2026-09-19,08:43,260000,golfpang,,,18홀,tr_220306656
대영힐스,2026-09-19,18:41,79000,golfpang,,,18홀,tr_220318223
양평TPC,2026-09-19,12:54,160000,golfpang,,,18홀,tr_220318158
양평TPC,2026-09-19,06:59,200000,golfpang,,,18홀,tr_220318157
파주,2026-09-19,12:27,230000,golfpang,,,18홀,tr_220306838
힐마루 포천,2026-09-19,18:20,160000,golfpang,,,18홀,tr_219992467
골든베이,2026-09-19,13:30,150000,golfpang,,,18홀,tr_219791434
진천(비공개),2026-09-19,13:26,180000,golfpang,,,18홀,tr_220212978
골든베이,2026-09-19,06:59,150000,golfpang,,,18홀,tr_220290891
파인스톤,2026-09-19,18:18,150000,golfpang,,,18홀,tr_220258816
백제,2026-09-19,13:40,140000,golfpang,,,18홀,tr_220318133
클럽72,2026-09-19,06:44,300000,golfpang,,,18홀,tr_220318118
유니아일랜드,2026-09-19,11:29,220000,golfpang,,,18홀,tr_220315990
세현,2026-09-19,18:58,160000,golfpang,,,18홀,tr_220316489
그린힐,2026-09-19,17:35,140000,golfpang,,,18홀,tr_220317273
빅토리아-퍼9,2026-09-19,18:41,-1,golfpang,,,18홀,tr_220317870
세현,2026-09-19,18:44,160000,golfpang,,,18홀,tr_220316907
세현,2026-09-19,18:44,160000,golfpang,,,18홀,tr_220316839
세현,2026-09-19,18:30,170000,golfpang,,,18홀,tr_220316491
리베라,2026-09-19,19:20,140000,golfpang,,,18홀,tr_220316658
세현,2026-09-19,19:05,160000,golfpang,,,18홀,tr_220316490
리베라,2026-09-19,19:06,140000,golfpang,,,18홀,tr_220317884
신라,2026-09-19,14:14,180000,golfpang,,,18홀,tr_220315721
360도,2026-09-19,06:00,165000,golfpang,,,18홀,tr_220317523
더플레이어스,2026-09-19,12:37,160000,golfpang,,,18홀,tr_219872716
블랙스톤벨포레,2026-09-19,13:20,110000,golfpang,,,18홀,tr_220212944
더플레이어스,2026-09-19,07:16,190000,golfpang,,,18홀,tr_219872689
그린힐,2026-09-19,17:35,140000,golfpang,,,18홀,tr_220307372
그린힐,2026-09-19,17:42,140000,golfpang,,,18홀,tr_220307374
그린힐,2026-09-19,17:42,140000,golfpang,,,18홀,tr_220307373
대영베이스,2026-09-19,18:44,89000,golfpang,,,18홀,tr_220315670
한원,2026-09-19,14:06,280000,golfpang,,,18홀,tr_220315651
한원,2026-09-19,06:11,280000,golfpang,,,18홀,tr_220315650
한원,2026-09-19,18:17,170000,golfpang,,,18홀,tr_220315652
신라,2026-09-19,13:32,180000,golfpang,,,18홀,tr_219872445
로얄링스,2026-09-19,13:02,120000,golfpang,,,18홀,tr_220212898
양평TPC,2026-09-19,12:40,160000,golfpang,,,18홀,tr_220258425
360도,2026-09-19,11:37,190000,golfpang,,,18홀,tr_220315584
360도,2026-09-19,06:00,165000,golfpang,,,18홀,tr_220315583
스톤비치,2026-09-19,12:13,110000,golfpang,,,18홀,tr_220306561
그랜드(청주),2026-09-19,18:28,120000,golfpang,,,18홀,tr_220315581
오너스,2026-09-19,14:18,140000,golfpang,,,18홀,tr_219558117
오너스,2026-09-19,08:21,155000,golfpang,,,18홀,tr_220288814
스톤비치,2026-09-19,07:59,140000,golfpang,,,18홀,tr_220306445
더플레이어스,2026-09-19,12:44,160000,golfpang,,,18홀,tr_220212822
양평TPC,2026-09-19,12:40,160000,golfpang,,,18홀,tr_220304083
해솔리아,2026-09-19,12:16,180000,golfpang,,,18홀,tr_220315506
해솔리아,2026-09-19,12:16,180000,golfpang,,,18홀,tr_220315507
해솔리아,2026-09-19,06:28,180000,golfpang,,,18홀,tr_220315505
양평TPC,2026-09-19,12:05,160000,golfpang,,,18홀,tr_220315480
더크로스비,2026-09-19,13:51,207000,golfpang,,,18홀,tr_220315504
양평TPC,2026-09-19,13:40,150000,golfpang,,,18홀,tr_220315481
스카이밸리,2026-09-19,06:41,200000,golfpang,,,18홀,tr_220306238
파주,2026-09-19,12:27,230000,golfpang,,,18홀,tr_220301980
백제,2026-09-19,13:54,145000,golfpang,,,18홀,tr_219872374
신라,2026-09-19,12:22,200000,golfpang,,,18홀,tr_220212779
골프존 화랑,2026-09-19,12:38,141000,golfpang,,,18홀,tr_220242292
골프존 화랑,2026-09-19,18:21,99000,golfpang,,,18홀,tr_220242293
남춘천,2026-09-19,06:39,180000,golfpang,,,18홀,tr_220242512
남춘천,2026-09-19,08:50,220000,golfpang,,,18홀,tr_220242513
골프존 화랑,2026-09-19,07:58,175000,golfpang,,,18홀,tr_220242291
백제,2026-09-19,07:50,150000,golfpang,,,18홀,tr_219872189
힐데스하임,2026-09-19,18:49,90000,golfpang,,,18홀,tr_220315398
힐데스하임,2026-09-19,07:37,145000,golfpang,,,18홀,tr_220315396
힐데스하임,2026-09-19,12:12,140000,golfpang,,,18홀,tr_220315397
힐데스하임,2026-09-19,06:07,150000,golfpang,,,18홀,tr_220315372
힐데스하임,2026-09-19,07:22,165000,golfpang,,,18홀,tr_220315373
힐데스하임,2026-09-19,12:34,150000,golfpang,,,18홀,tr_220315374
골프존 안성W,2026-09-19,13:38,150000,golfpang,,,18홀,tr_220315300
골프존 안성W,2026-09-19,07:05,170000,golfpang,,,18홀,tr_220315298
골프존 안성W,2026-09-19,12:35,160000,golfpang,,,18홀,tr_220315299
마이다스레이크 이천,2026-09-19,14:10,180000,golfpang,,,18홀,tr_220182594
마이다스레이크 이천,2026-09-19,14:03,190000,golfpang,,,18홀,tr_220182770
속리산cc,2026-09-19,14:14,110000,golfpang,,,18홀,tr_220261765
스톤비치,2026-09-19,08:13,150000,golfpang,,,18홀,tr_220212630
코브스윙,2026-09-19,13:52,180000,golfpang,,,18홀,tr_217162607
그랜드(청주),2026-09-19,17:46,110000,golfpang,,,18홀,tr_220315232
힐데스하임,2026-09-19,07:22,145000,golfpang,,,18홀,tr_220315210
힐데스하임,2026-09-19,07:22,145000,golfpang,,,18홀,tr_220315208
속초(비공개),2026-09-19,13:07,190000,golfpang,,,18홀,tr_218561791
힐데스하임,2026-09-19,12:27,140000,golfpang,,,18홀,tr_220315209
라싸,2026-09-19,13:14,179000,golfpang,,,18홀,tr_220046067
스톤비치,2026-09-19,12:20,110000,golfpang,,,18홀,tr_220315206
강릉(비공개),2026-09-19,07:28,180000,golfpang,,,18홀,tr_218772546
솔트베이,2026-09-19,17:47,199000,golfpang,,,18홀,tr_220315130
솔트베이,2026-09-19,18:29,189000,golfpang,,,18홀,tr_220315131
솔트베이,2026-09-19,05:46,259000,golfpang,,,18홀,tr_220315129
그린힐,2026-09-19,18:31,110000,golfpang,,,18홀,tr_220315128
라싸,2026-09-19,06:41,209000,golfpang,,,18홀,tr_220045914
신라,2026-09-19,07:20,240000,golfpang,,,18홀,tr_220215152
더크로스비,2026-09-19,13:58,197000,golfpang,,,18홀,tr_220307411
진천(비공개),2026-09-19,07:17,180000,golfpang,,,18홀,tr_220212691
더플레이어스,2026-09-19,07:16,190000,golfpang,,,18홀,tr_220212695
골프존 안성W,2026-09-19,19:06,110000,golfpang,,,18홀,tr_219991828
센테리움,2026-09-19,06:46,159000,golfpang,,,18홀,tr_220219937
일라이트,2026-09-19,06:42,145000,golfpang,,,18홀,tr_219553924
이글몬트,2026-09-19,07:37,200000,golfpang,,,18홀,tr_220121221
일레븐,2026-09-19,07:19,135000,golfpang,,,18홀,tr_219760202
골프존 안성W,2026-09-19,08:50,180000,golfpang,,,18홀,tr_220306535
일라이트,2026-09-19,07:52,160000,golfpang,,,18홀,tr_219553920
일레븐,2026-09-19,12:28,125000,golfpang,,,18홀,tr_219760446
골프존 안성W,2026-09-19,13:38,150000,golfpang,,,18홀,tr_220306562
힐마루 포천,2026-09-19,14:03,220000,golfpang,,,18홀,tr_219992463
센테리움,2026-09-19,13:53,149000,golfpang,,,18홀,tr_220220083
백제,2026-09-19,13:47,140000,golfpang,,,18홀,tr_219837130
한림용인,2026-09-19,17:38,150000,golfpang,,,18홀,tr_220305236
모나크,2026-09-19,18:02,110000,golfpang,,,18홀,tr_219467282
일레븐,2026-09-19,17:51,80000,golfpang,,,18홀,tr_219760513
이글몬트,2026-09-19,06:34,195000,golfpang,,,18홀,tr_220315052
이글몬트,2026-09-19,06:27,195000,golfpang,,,18홀,tr_220315051
골프존 안성W,2026-09-19,13:38,150000,golfpang,,,18홀,tr_220315038
골프존 안성W,2026-09-19,07:05,170000,golfpang,,,18홀,tr_220315036
골프존 안성W,2026-09-19,11:56,160000,golfpang,,,18홀,tr_220315037
리베라,2026-09-19,18:52,140000,golfpang,,,18홀,tr_220315024
임페리얼레이크,2026-09-19,11:31,129000,golfpang,,,18홀,tr_220259462
로얄포레,2026-09-19,11:24,139000,golfpang,,,18홀,tr_220259394
이천실크밸리,2026-09-19,07:45,195000,golfpang,,,18홀,tr_220314993
임페리얼레이크,2026-09-19,17:33,99000,golfpang,,,18홀,tr_220259463
예미지,2026-09-19,13:29,170000,golfpang,,,18홀,tr_220240380
임페리얼레이크,2026-09-19,06:46,129000,golfpang,,,18홀,tr_220259461
로얄포레,2026-09-19,18:36,99000,golfpang,,,18홀,tr_220259395
이천실크밸리,2026-09-19,13:52,155000,golfpang,,,18홀,tr_220314994
감곡,2026-09-19,18:48,110000,golfpang,,,18홀,tr_220304761
이천실크밸리,2026-09-19,18:17,110000,golfpang,,,18홀,tr_220314995
감곡,2026-09-19,13:49,150000,golfpang,,,18홀,tr_220304760
감곡,2026-09-19,13:42,150000,golfpang,,,18홀,tr_220304759
로얄포레,2026-09-19,07:00,119000,golfpang,,,18홀,tr_220259393
임페리얼레이크,2026-09-19,18:01,99000,golfpang,,,18홀,tr_220314974
임페리얼레이크,2026-09-19,05:50,109000,golfpang,,,18홀,tr_220314972
임페리얼레이크,2026-09-19,11:52,139000,golfpang,,,18홀,tr_220314973
스카이밸리,2026-09-19,06:41,200000,golfpang,,,18홀,tr_220304013
골프존 화랑,2026-09-19,06:34,175000,golfpang,,,18홀,tr_220212727
동촌,2026-09-19,07:37,185000,golfpang,,,18홀,tr_220314778
동촌,2026-09-19,08:54,210000,golfpang,,,18홀,tr_220314779
임페리얼레이크,2026-09-19,16:58,109000,golfpang,,,18홀,tr_220307546
임페리얼레이크,2026-09-19,17:47,99000,golfpang,,,18홀,tr_220307545
임페리얼레이크,2026-09-19,11:31,139000,golfpang,,,18홀,tr_220307544
한림광릉,2026-09-19,18:13,150000,golfpang,,,18홀,tr_220307491
한림광릉,2026-09-19,18:41,150000,golfpang,,,18홀,tr_220307492
한림광릉,2026-09-19,17:31,150000,golfpang,,,18홀,tr_220307490
플라밍고,2026-09-19,19:13,90000,golfpang,,,18홀,tr_220297400
비콘힐스,2026-09-19,18:26,90000,golfpang,,,18홀,tr_220301789
블랙스톤벨포레,2026-09-19,18:19,60000,golfpang,,,18홀,tr_220297512
포웰(안성)cc,2026-09-19,19:21,105000,golfpang,,,18홀,tr_220297203
포웰(안성)cc,2026-09-19,19:49,92000,golfpang,,,18홀,tr_220297207
일라이트,2026-09-19,06:56,132000,golfpang,,,18홀,tr_220301761
일레븐,2026-09-19,06:23,130000,golfpang,,,18홀,tr_220297209
그린힐,2026-09-19,19:06,100000,golfpang,,,18홀,tr_220297559
로얄링스,2026-09-19,07:38,120000,golfpang,,,18홀,tr_220297333
일라이트,2026-09-19,12:57,142000,golfpang,,,18홀,tr_220301763
로얄링스,2026-09-19,12:41,120000,golfpang,,,18홀,tr_220297336
일레븐,2026-09-19,12:42,115000,golfpang,,,18홀,tr_220297284
포웰(안성)cc,2026-09-19,18:11,112000,golfpang,,,18홀,tr_220297184
일레븐,2026-09-19,17:37,75000,golfpang,,,18홀,tr_220297331
솔라고,2026-09-19,14:24,140000,golfpang,,,18홀,tr_220301767
블랙스톤벨포레,2026-09-19,17:16,70000,golfpang,,,18홀,tr_220297510
플라밍고,2026-09-19,13:39,140000,golfpang,,,18홀,tr_220297338
블랙스톤벨포레,2026-09-19,13:27,100000,golfpang,,,18홀,tr_220297401
양평TPC,2026-09-19,12:54,160000,golfpang,,,18홀,tr_220307470
양평TPC,2026-09-19,13:50,150000,golfpang,,,18홀,tr_220307471
포레스트힐,2026-09-19,18:24,140000,golfpang,,,18홀,tr_219329636
포레스트힐,2026-09-19,17:56,140000,golfpang,,,18홀,tr_219329612
포레스트힐,2026-09-19,17:56,140000,golfpang,,,18홀,tr_219329640
양평TPC,2026-09-19,13:29,160000,golfpang,,,18홀,tr_220307418
동서울cc-퍼9,2026-09-19,06:45,79000,golfpang,,,18홀,tr_220307329
동서울cc-퍼9,2026-09-19,18:03,65000,golfpang,,,18홀,tr_220307331
동서울cc-퍼9,2026-09-19,17:35,65000,golfpang,,,18홀,tr_220307330
양평TPC,2026-09-19,13:50,150000,golfpang,,,18홀,tr_220307313
양평TPC,2026-09-19,13:57,150000,golfpang,,,18홀,tr_220307314
골프존 안성W,2026-09-19,06:37,170000,golfpang,,,18홀,tr_220290000
양평TPC,2026-09-19,12:33,160000,golfpang,,,18홀,tr_220307185
양평TPC,2026-09-19,13:43,150000,golfpang,,,18홀,tr_220307186
샤인데일,2026-09-19,11:45,150000,golfpang,,,18홀,tr_219796512
샤인데일,2026-09-19,11:45,150000,golfpang,,,18홀,tr_219796511
옥스필드,2026-09-19,11:45,129000,golfpang,,,18홀,tr_219652522
골프존 화랑,2026-09-19,11:42,141000,golfpang,,,18홀,tr_220015119
골프존 화랑,2026-09-19,11:42,141000,golfpang,,,18홀,tr_220015118
골프존 화랑,2026-09-19,11:42,141000,golfpang,,,18홀,tr_220015117
아세코밸리-퍼9,2026-09-19,11:41,140000,golfpang,,,18홀,tr_219446723
보령베이스-퍼9,2026-09-19,11:56,89000,golfpang,,,18홀,tr_219842041
보령베이스-퍼9,2026-09-19,11:56,89000,golfpang,,,18홀,tr_219842040
세레니티-강촌,2026-09-19,12:07,210000,golfpang,,,18홀,tr_219934716
떼제베,2026-09-19,12:11,150000,golfpang,,,18홀,tr_219937859
아세코밸리-퍼9,2026-09-19,12:09,140000,golfpang,,,18홀,tr_219446724
신라,2026-09-19,12:08,200000,golfpang,,,18홀,tr_219446371
360도,2026-09-19,12:15,180000,golfpang,,,18홀,tr_220219639
모나크,2026-09-19,12:14,160000,golfpang,,,18홀,tr_220218755
대영힐스,2026-09-19,12:25,130000,golfpang,,,18홀,tr_220230091
모카cc,2026-09-19,08:18,150000,golfpang,,,18홀,tr_220217928
골프존 안성H,2026-09-19,08:29,210000,golfpang,,,18홀,tr_219951396
일레븐,2026-09-19,08:29,135000,golfpang,,,18홀,tr_220015252
모카cc,2026-09-19,08:25,150000,golfpang,,,18홀,tr_220217927
스프링베일-퍼9,2026-09-19,08:23,125000,golfpang,,,18홀,tr_219594542
남춘천,2026-09-19,08:50,220000,golfpang,,,18홀,tr_220221222
남춘천,2026-09-19,08:50,220000,golfpang,,,18홀,tr_220221221
세레니티-강촌,2026-09-19,08:34,210000,golfpang,,,18홀,tr_219934715
세레니티-강촌,2026-09-19,08:34,210000,golfpang,,,18홀,tr_219934714
대호단양,2026-09-19,11:24,179000,golfpang,,,18홀,tr_220217142
올데이,2026-09-19,11:24,119000,golfpang,,,18홀,tr_219798940
스프링베일-퍼9,2026-09-19,11:40,115000,golfpang,,,18홀,tr_219594543
떼제베(동북),2026-09-19,11:36,130000,golfpang,,,18홀,tr_219937548
뉴스프링빌,2026-09-19,11:29,280000,golfpang,,,18홀,tr_219794206
솔라고,2026-09-19,11:50,180000,golfpang,,,18홀,tr_219938948
솔라고,2026-09-19,11:50,180000,golfpang,,,18홀,tr_219938947
포천힐스,2026-09-19,11:49,230000,golfpang,,,18홀,tr_219892054
포천힐스,2026-09-19,11:49,230000,golfpang,,,18홀,tr_219892053
포천힐스,2026-09-19,11:49,230000,golfpang,,,18홀,tr_219892052
일레븐,2026-09-19,11:46,125000,golfpang,,,18홀,tr_220015253
동서울cc-퍼9,2026-09-19,07:13,89000,golfpang,,,18홀,tr_220215140
동서울cc-퍼9,2026-09-19,07:13,89000,golfpang,,,18홀,tr_220215139
올데이,2026-09-19,07:21,109000,golfpang,,,18홀,tr_219798939
떼제베(동북),2026-09-19,07:35,120000,golfpang,,,18홀,tr_219937546
옥스필드,2026-09-19,07:42,139000,golfpang,,,18홀,tr_219652521
떼제베(동북),2026-09-19,08:10,130000,golfpang,,,18홀,tr_219937547
로얄포레,2026-09-19,07:56,139000,golfpang,,,18홀,tr_220181693
떼제베,2026-09-19,06:39,140000,golfpang,,,18홀,tr_219937857
뉴스프링빌,2026-09-19,06:37,280000,golfpang,,,18홀,tr_219794205
한림안성(퍼9),2026-09-19,06:56,140000,golfpang,,,18홀,tr_219957201
한림안성(퍼9),2026-09-19,06:56,140000,golfpang,,,18홀,tr_219957200
동촌,2026-09-19,06:55,170000,golfpang,,,18홀,tr_220009286
동촌,2026-09-19,06:55,170000,golfpang,,,18홀,tr_220009285
더플레이어스,2026-09-19,06:55,190000,golfpang,,,18홀,tr_220236041
떼제베,2026-09-19,07:07,150000,golfpang,,,18홀,tr_219937858
대영힐스,2026-09-19,05:39,110000,golfpang,,,18홀,tr_220230090
서원힐스,2026-09-19,05:39,250000,golfpang,,,18홀,tr_219873691
서원힐스,2026-09-19,05:39,250000,golfpang,,,18홀,tr_219873690
서원힐스,2026-09-19,05:39,250000,golfpang,,,18홀,tr_219873689
보령베이스-퍼9,2026-09-19,06:08,69000,golfpang,,,18홀,tr_219842039
360도,2026-09-19,06:07,187000,golfpang,,,18홀,tr_220219638
알프스대영,2026-09-19,06:19,109000,golfpang,,,18홀,tr_220218553
대호단양,2026-09-19,06:28,149000,golfpang,,,18홀,tr_220217141
자유로,2026-09-19,06:25,230000,golfpang,,,18홀,tr_219508546
오로라,2026-09-19,18:14,100000,golfpang,,,18홀,tr_220240138
오로라,2026-09-19,18:14,100000,golfpang,,,18홀,tr_220240137
오로라,2026-09-19,18:14,100000,golfpang,,,18홀,tr_220240136
세현,2026-09-19,18:30,170000,golfpang,,,18홀,tr_220023641
리베라,2026-09-19,18:31,150000,golfpang,,,18홀,tr_219343295
센추리21,2026-09-19,17:54,90000,golfpang,,,18홀,tr_219951562
센추리21,2026-09-19,17:54,90000,golfpang,,,18홀,tr_219951561
로얄포레,2026-09-19,17:54,109000,golfpang,,,18홀,tr_220181695
모나크,2026-09-19,18:02,110000,golfpang,,,18홀,tr_220218757
세현,2026-09-19,18:02,180000,golfpang,,,18홀,tr_220023640
베스트밸리-퍼9,2026-09-19,18:09,130000,golfpang,,,18홀,tr_220022945
베스트밸리-퍼9,2026-09-19,18:09,130000,golfpang,,,18홀,tr_220022944
베스트밸리-퍼9,2026-09-19,18:09,130000,golfpang,,,18홀,tr_220022943
일레븐,2026-09-19,17:23,80000,golfpang,,,18홀,tr_220015254
몽베르(대중제),2026-09-19,17:21,160000,golfpang,,,18홀,tr_219575209
몽베르(대중제),2026-09-19,17:21,160000,golfpang,,,18홀,tr_219575208
몽베르(대중제),2026-09-19,17:21,160000,golfpang,,,18홀,tr_219575207
그린힐,2026-09-19,17:35,140000,golfpang,,,18홀,tr_220220596
그린힐,2026-09-19,17:35,140000,golfpang,,,18홀,tr_220220597
대영베이스,2026-09-19,17:44,99000,golfpang,,,18홀,tr_220222890
이천실크밸리,2026-09-19,17:42,130000,golfpang,,,18홀,tr_219591337
이천실크밸리,2026-09-19,17:42,130000,golfpang,,,18홀,tr_219591336
이천실크밸리,2026-09-19,17:42,130000,golfpang,,,18홀,tr_219591335
알프스대영,2026-09-19,17:01,79000,golfpang,,,18홀,tr_220218555
알프스대영,2026-09-19,17:01,79000,golfpang,,,18홀,tr_220218554
대호단양,2026-09-19,16:34,129000,golfpang,,,18홀,tr_220217143
아세코밸리-퍼9,2026-09-19,16:14,120000,golfpang,,,18홀,tr_219446725
스프링베일-퍼9,2026-09-19,17:15,95000,golfpang,,,18홀,tr_219594544
세현,2026-09-19,13:37,250000,golfpang,,,18홀,tr_220023639
몽베르,2026-09-19,13:40,260000,golfpang,,,18홀,tr_219575852
몽베르,2026-09-19,13:40,260000,golfpang,,,18홀,tr_219575851
몽베르,2026-09-19,13:40,260000,golfpang,,,18홀,tr_219575850
여주,2026-09-19,13:39,240000,golfpang,,,18홀,tr_220217207
여주,2026-09-19,13:39,240000,golfpang,,,18홀,tr_220217206
센테리움,2026-09-19,13:39,149000,golfpang,,,18홀,tr_220023695
대영베이스,2026-09-19,13:45,139000,golfpang,,,18홀,tr_220222889
대영베이스,2026-09-19,13:45,139000,golfpang,,,18홀,tr_220222888
감곡,2026-09-19,13:42,160000,golfpang,,,18홀,tr_220220378
감곡,2026-09-19,13:42,160000,golfpang,,,18홀,tr_220220377
감곡,2026-09-19,13:42,160000,golfpang,,,18홀,tr_220220376
모나크,2026-09-19,13:03,150000,golfpang,,,18홀,tr_220218756
레인보우힐스,2026-09-19,13:04,255000,golfpang,,,18홀,tr_219568076
레인보우힐스,2026-09-19,13:04,255000,golfpang,,,18홀,tr_219568075
센테리움,2026-09-19,13:18,159000,golfpang,,,18홀,tr_220023694
더플레이어스,2026-09-19,13:26,160000,golfpang,,,18홀,tr_220236040
대영힐스,2026-09-19,13:23,129000,golfpang,,,18홀,tr_220230092
신라,2026-09-19,12:29,200000,golfpang,,,18홀,tr_219446372
골프존 안성H,2026-09-19,12:28,190000,golfpang,,,18홀,tr_219951398
골프존 안성H,2026-09-19,12:28,190000,golfpang,,,18홀,tr_219951397
자유로,2026-09-19,12:27,240000,golfpang,,,18홀,tr_219508545
베뉴지,2026-09-19,12:41,165000,golfpang,,,18홀,tr_220070328
베뉴지,2026-09-19,12:41,165000,golfpang,,,18홀,tr_220070327
샤인데일,2026-09-19,12:41,140000,golfpang,,,18홀,tr_219796513
옥스필드,2026-09-19,12:41,119000,golfpang,,,18홀,tr_219652523
로얄포레,2026-09-19,12:48,139000,golfpang,,,18홀,tr_220181694
올데이,2026-09-19,12:48,99000,golfpang,,,18홀,tr_219798941
신라,2026-09-19,12:50,190000,golfpang,,,18홀,tr_219446373
그린힐,2026-09-19,18:38,110000,golfpang,,,18홀,tr_220220598
리베라,2026-09-19,19:06,150000,golfpang,,,18홀,tr_219343296
알프스대영,2026-09-19,17:57,69000,golfpang,,,18홀,tr_220013898
알펜시아명문,2026-09-19,13:13,710000,golfpang,,,18홀,tr_220032779
옥스필드,2026-09-19,11:45,119000,golfpang,,,18홀,tr_220035483
알펜시아명문,2026-09-19,07:03,120000,golfpang,,,18홀,tr_220032778
알프스대영,2026-09-19,12:17,119000,golfpang,,,18홀,tr_220013897
옥스필드,2026-09-19,07:21,129000,golfpang,,,18홀,tr_220035464
대영힐스,2026-09-19,17:52,89000,golfpang,,,18홀,tr_220307080
대영힐스,2026-09-19,18:06,89000,golfpang,,,18홀,tr_220307081
대영힐스,2026-09-19,17:03,105000,golfpang,,,18홀,tr_220307079
알프스대영,2026-09-19,18:32,59000,golfpang,,,18홀,tr_220307059
알프스대영,2026-09-19,16:33,99000,golfpang,,,18홀,tr_220307057
알프스대영,2026-09-19,17:43,69000,golfpang,,,18홀,tr_220307058
포웰(안성)cc,2026-09-19,13:57,152000,golfpang,,,18홀,tr_220307056
블루원용인,2026-09-19,18:15,175000,golfpang,,,18홀,tr_220239844
블루원용인(퍼),2026-09-19,18:01,145000,golfpang,,,18홀,tr_220217702
비에이비스타,2026-09-19,13:46,170000,golfpang,,,18홀,tr_218928293
비에이비스타(퍼),2026-09-19,12:43,160000,golfpang,,,18홀,tr_218346965
골프존 무주,2026-09-19,13:23,137000,golfpang,,,18홀,tr_220239492
골든베이,2026-09-19,06:51,150000,golfpang,,,18홀,tr_219559073
골프존 안성W,2026-09-19,13:38,150000,golfpang,,,18홀,tr_220290008
해솔리아,2026-09-19,18:18,135000,golfpang,,,18홀,tr_220306952
골프존 안성W,2026-09-19,08:50,180000,golfpang,,,18홀,tr_220306610
해솔리아,2026-09-19,18:25,135000,golfpang,,,18홀,tr_220306953
해솔리아,2026-09-19,18:11,135000,golfpang,,,18홀,tr_220306951
골프존 안성W,2026-09-19,19:06,110000,golfpang,,,18홀,tr_220306612
골프존 안성W,2026-09-19,11:53,160000,golfpang,,,18홀,tr_220306611
골든베이,2026-09-19,13:45,150000,golfpang,,,18홀,tr_219559072
강릉(비공개),2026-09-19,12:00,220000,golfpang,,,18홀,tr_218566625
프린세스,2026-09-19,13:00,160000,golfpang,,,18홀,tr_220241747
프린세스,2026-09-19,11:50,165000,golfpang,,,18홀,tr_220241746
군산,2026-09-19,08:15,170000,golfpang,,,18홀,tr_219889279
프린세스,2026-09-19,08:26,165000,golfpang,,,18홀,tr_220241745
동강시스타,2026-09-19,17:10,80000,golfpang,,,18홀,tr_220306781
동강시스타,2026-09-19,07:33,120000,golfpang,,,18홀,tr_220306779
동강시스타,2026-09-19,06:58,110000,golfpang,,,18홀,tr_220306780
감곡,2026-09-19,18:41,120000,golfpang,,,18홀,tr_220306752
골프존 안성H,2026-09-19,13:31,185000,golfpang,,,18홀,tr_220306566
옥스필드,2026-09-19,07:30,99000,golfpang,,,18홀,tr_220306542
클럽72,2026-09-19,08:41,220000,golfpang,,,18홀,tr_220306360
오너스,2026-09-19,13:57,145000,golfpang,,,18홀,tr_219324439
더플레이어스,2026-09-19,13:26,160000,golfpang,,,18홀,tr_219791009
올데이,2026-09-19,11:31,119000,golfpang,,,18홀,tr_220306340
올데이,2026-09-19,08:24,119000,golfpang,,,18홀,tr_220306338
올데이,2026-09-19,07:14,109000,golfpang,,,18홀,tr_220306339
대영베이스,2026-09-19,12:19,159000,golfpang,,,18홀,tr_220304832
대영베이스,2026-09-19,07:13,155000,golfpang,,,18홀,tr_220304831
대영베이스,2026-09-19,17:44,99000,golfpang,,,18홀,tr_220304833
플라밍고,2026-09-19,19:00,90000,golfpang,,,18홀,tr_219997156
골프존 안성W,2026-09-19,13:38,150000,golfpang,,,18홀,tr_220306278
골프존 안성W,2026-09-19,19:06,110000,golfpang,,,18홀,tr_220306279
임페리얼레이크,2026-09-19,11:52,139000,golfpang,,,18홀,tr_220306292
골프존 안성W,2026-09-19,07:05,170000,golfpang,,,18홀,tr_220306277
스프링베일-퍼9,2026-09-19,07:27,115000,golfpang,,,18홀,tr_218787126
오로라,2026-09-19,12:39,140000,golfpang,,,18홀,tr_220306240
오로라,2026-09-19,18:30,90000,golfpang,,,18홀,tr_220306242
오로라,2026-09-19,13:42,140000,golfpang,,,18홀,tr_220306241
오너스,2026-09-19,07:11,160000,golfpang,,,18홀,tr_220210405
클럽72,2026-09-19,19:00,140000,golfpang,,,18홀,tr_217703396
골프존 안성W,2026-09-19,11:53,160000,golfpang,,,18홀,tr_220306142
골프존 안성W,2026-09-19,06:51,170000,golfpang,,,18홀,tr_220306140
골프존 안성W,2026-09-19,08:50,180000,golfpang,,,18홀,tr_220306141
로얄포레,2026-09-19,12:34,129000,golfpang,,,18홀,tr_220306139
더플레이어스,2026-09-19,13:12,160000,golfpang,,,18홀,tr_220305983
더플레이어스,2026-09-19,07:09,190000,golfpang,,,18홀,tr_220305982
스톤비치,2026-09-19,17:44,100000,golfpang,,,18홀,tr_219156813
스톤비치,2026-09-19,12:55,140000,golfpang,,,18홀,tr_218255518
히든밸리,2026-09-19,14:08,160000,golfpang,,,18홀,tr_220305886
히든밸리,2026-09-19,12:44,180000,golfpang,,,18홀,tr_220305885
스프링베일-퍼9,2026-09-19,17:29,90000,golfpang,,,18홀,tr_220305883
필로스,2026-09-19,18:07,140000,golfpang,,,18홀,tr_220305798
가평프리스틴밸리,2026-09-19,08:43,260000,golfpang,,,18홀,tr_220242795
스프링베일-퍼9,2026-09-19,12:43,100000,golfpang,,,18홀,tr_220305779
골프존 안성W,2026-09-19,13:38,150000,golfpang,,,18홀,tr_220288844
골프존 안성W,2026-09-19,11:53,160000,golfpang,,,18홀,tr_220288817
스프링베일-퍼9,2026-09-19,07:06,115000,golfpang,,,18홀,tr_219999825
모나크,2026-09-19,18:30,110000,golfpang,,,18홀,tr_220305406
모나크,2026-09-19,18:30,110000,golfpang,,,18홀,tr_220305407
모나크,2026-09-19,18:30,110000,golfpang,,,18홀,tr_220305405
골프존 진천,2026-09-19,13:56,149000,golfpang,,,18홀,tr_218670067
세현,2026-09-19,17:48,180000,golfpang,,,18홀,tr_220305533
세현,2026-09-19,18:09,170000,golfpang,,,18홀,tr_220305534
세현,2026-09-19,13:37,250000,golfpang,,,18홀,tr_220305532
대호단양,2026-09-19,17:09,119000,golfpang,,,18홀,tr_220305507
대호단양,2026-09-19,06:42,149000,golfpang,,,18홀,tr_220305506
클럽72,2026-09-19,19:14,150000,golfpang,,,18홀,tr_220305463
클럽72,2026-09-19,08:13,250000,golfpang,,,18홀,tr_220305464
클럽72,2026-09-19,08:27,250000,golfpang,,,18홀,tr_220305465
골프존 안성H,2026-09-19,13:31,185000,golfpang,,,18홀,tr_220305422
라싸,2026-09-19,18:14,139000,golfpang,,,18홀,tr_220305403
벨라스톤,2026-09-19,06:35,159000,golfpang,,,18홀,tr_220305396
인천그랜드,2026-09-19,17:46,189000,golfpang,,,18홀,tr_220305394
캐슬렉스,2026-09-19,13:29,280000,golfpang,,,18홀,tr_219524508
올데이,2026-09-19,13:16,109000,golfpang,,,18홀,tr_219839842
윈체스트,2026-09-19,13:03,220000,golfpang,,,18홀,tr_219158375
캐슬렉스,2026-09-19,06:39,280000,golfpang,,,18홀,tr_219526584
윈체스트,2026-09-19,12:04,230000,golfpang,,,18홀,tr_218656673
파크밸리,2026-09-19,12:39,149000,golfpang,,,18홀,tr_220305343
중원,2026-09-19,08:35,160000,golfpang,,,18홀,tr_220305331
중원,2026-09-19,12:58,140000,golfpang,,,18홀,tr_220305332
힐데스하임,2026-09-19,06:07,130000,golfpang,,,18홀,tr_220305303
힐데스하임,2026-09-19,12:19,140000,golfpang,,,18홀,tr_220305304
힐데스하임,2026-09-19,19:26,80000,golfpang,,,18홀,tr_220305305
라데나,2026-09-19,11:32,240000,golfpang,,,18홀,tr_220305265
남춘천,2026-09-19,13:42,170000,golfpang,,,18홀,tr_220305262
파크밸리,2026-09-19,12:39,149000,golfpang,,,18홀,tr_220255669
옥스필드,2026-09-19,18:15,69000,golfpang,,,18홀,tr_220305238
옥스필드,2026-09-19,08:24,109000,golfpang,,,18홀,tr_220305239
옥스필드,2026-09-19,11:24,129000,golfpang,,,18홀,tr_220305240
알프스대영,2026-09-19,17:57,69000,golfpang,,,18홀,tr_220305209
한림용인,2026-09-19,13:32,180000,golfpang,,,18홀,tr_219996536
클럽모우,2026-09-19,13:48,180000,golfpang,,,18홀,tr_219992461
클럽모우,2026-09-19,12:45,180000,golfpang,,,18홀,tr_220211710
아세코밸리-퍼9,2026-09-19,12:44,130000,golfpang,,,18홀,tr_219992437
베뉴지,2026-09-19,13:09,165000,golfpang,,,18홀,tr_220070219
포천힐스,2026-09-19,13:20,230000,golfpang,,,18홀,tr_220210839
예미지,2026-09-19,13:15,170000,golfpang,,,18홀,tr_220240647
파주,2026-09-19,12:27,230000,golfpang,,,18홀,tr_220211011
한림용인,2026-09-19,12:22,200000,golfpang,,,18홀,tr_219996543
파주,2026-09-19,16:45,190000,golfpang,,,18홀,tr_220210985
아세코밸리-퍼9,2026-09-19,05:58,140000,golfpang,,,18홀,tr_219992434
포천힐스,2026-09-19,12:10,230000,golfpang,,,18홀,tr_220210825
한림용인,2026-09-19,14:07,170000,golfpang,,,18홀,tr_219996614
임페리얼레이크,2026-09-19,11:45,139000,golfpang,,,18홀,tr_220279015
라데나,2026-09-19,11:32,240000,golfpang,,,18홀,tr_220305150
속리산cc,2026-09-19,13:53,130000,golfpang,,,18홀,tr_219514042
베뉴지,2026-09-19,13:23,169000,golfpang,,,18홀,tr_220215657
해솔리아,2026-09-19,06:28,180000,golfpang,,,18홀,tr_220216390
골프존 화랑,2026-09-19,06:27,165000,golfpang,,,18홀,tr_220261075
360도,2026-09-19,07:15,190000,golfpang,,,18홀,tr_220215667
모카cc,2026-09-19,08:18,150000,golfpang,,,18홀,tr_220261180
동촌,2026-09-19,07:51,190000,golfpang,,,18홀,tr_219780762
대영베이스,2026-09-19,13:39,139000,golfpang,,,18홀,tr_220261081
골프존 진천,2026-09-19,13:14,149000,golfpang,,,18홀,tr_220261044
떼제베(동북),2026-09-19,13:14,130000,golfpang,,,18홀,tr_220261166
라데나,2026-09-19,11:32,240000,golfpang,,,18홀,tr_220215636
떼제베(동북),2026-09-19,07:49,130000,golfpang,,,18홀,tr_220261171
임페리얼레이크,2026-09-19,05:50,109000,golfpang,,,18홀,tr_220279014
벨라스톤,2026-09-19,13:35,169000,golfpang,,,18홀,tr_220305054
벨라스톤,2026-09-19,17:31,100000,golfpang,,,18홀,tr_220305055
벨라스톤,2026-09-19,06:35,159000,golfpang,,,18홀,tr_220305053
남춘천,2026-09-19,13:42,170000,golfpang,,,18홀,tr_220305051
대영베이스,2026-09-19,13:39,139000,golfpang,,,18홀,tr_220305049
일레븐,2026-09-19,18:02,75000,golfpang,,,18홀,tr_219781419
베뉴지,2026-09-19,08:29,170000,golfpang,,,18홀,tr_220304989
한원,2026-09-19,13:52,-1,golfpang,,,18홀,tr_219968486
한원,2026-09-19,18:24,-1,golfpang,,,18홀,tr_219968487
프린세스,2026-09-19,08:05,150000,golfpang,,,18홀,tr_220304929
한원,2026-09-19,18:24,-1,golfpang,,,18홀,tr_219968488
킹즈락,2026-09-19,06:45,140000,golfpang,,,18홀,tr_220304919
예미지,2026-09-19,13:36,170000,golfpang,,,18홀,tr_220304901
예미지,2026-09-19,13:29,170000,golfpang,,,18홀,tr_220304900
로얄포레,2026-09-19,11:24,139000,golfpang,,,18홀,tr_220304880
로얄포레,2026-09-19,07:14,119000,golfpang,,,18홀,tr_220304878
로얄포레,2026-09-19,08:10,129000,golfpang,,,18홀,tr_220304879
이천실크밸리,2026-09-19,18:00,110000,golfpang,,,18홀,tr_217533367
남춘천,2026-09-19,13:49,160000,golfpang,,,18홀,tr_218655371
웅포,2026-09-19,07:18,130000,golfpang,,,18홀,tr_217533403
골프존 진천,2026-09-19,14:00,149000,golfpang,,,18홀,tr_220004560
라싸,2026-09-19,07:37,189000,golfpang,,,18홀,tr_220304877
일레븐,2026-09-19,12:56,125000,golfpang,,,18홀,tr_220056155
올데이,2026-09-19,17:01,79000,golfpang,,,18홀,tr_219670131
코브스윙,2026-09-19,14:02,180000,golfpang,,,18홀,tr_217375492
일레븐,2026-09-19,18:02,80000,golfpang,,,18홀,tr_220056113
샴발라,2026-09-19,12:16,180000,golfpang,,,18홀,tr_220215255
임페리얼레이크,2026-09-19,06:11,119000,golfpang,,,18홀,tr_220056664
스카이밸리,2026-09-19,13:53,190000,golfpang,,,18홀,tr_220304694
스카이밸리,2026-09-19,06:20,200000,golfpang,,,18홀,tr_220304693
모카cc,2026-09-19,08:04,150000,golfpang,,,18홀,tr_220239186
휘닉스,2026-09-19,07:45,220000,golfpang,,,18홀,tr_219747153
모카cc,2026-09-19,08:53,150000,golfpang,,,18홀,tr_220239185
남양주(퍼9),2026-09-19,17:34,119000,golfpang,,,18홀,tr_220304680
남양주(퍼9),2026-09-19,17:00,119000,golfpang,,,18홀,tr_220304679
남양주(퍼9),2026-09-19,16:33,129000,golfpang,,,18홀,tr_220304678
한림용인,2026-09-19,17:38,158000,golfpang,,,18홀,tr_219933719
필로스,2026-09-19,18:00,140000,golfpang,,,18홀,tr_219933645
플라밍고,2026-09-19,19:06,90000,golfpang,,,18홀,tr_220012943
포웰(안성)cc,2026-09-19,17:57,122000,golfpang,,,18홀,tr_220012778
포웰(안성)cc,2026-09-19,13:57,152000,golfpang,,,18홀,tr_220012822
용인(비공개),2026-09-19,06:11,230000,golfpang,,,18홀,tr_220304608
용인(비공개),2026-09-19,13:52,199000,golfpang,,,18홀,tr_220304609
용인(비공개),2026-09-19,18:24,199000,golfpang,,,18홀,tr_220304610
킹즈락,2026-09-19,12:08,145000,golfpang,,,18홀,tr_220211828
파주,2026-09-19,17:34,170000,golfpang,,,18홀,tr_220304606
라싸,2026-09-19,13:30,179000,golfpang,,,18홀,tr_220304585
라싸,2026-09-19,12:39,189000,golfpang,,,18홀,tr_220304584
라싸,2026-09-19,06:48,209000,golfpang,,,18홀,tr_220304583
더플레이어스,2026-09-19,12:51,160000,golfpang,,,18홀,tr_220211841
라싸,2026-09-19,08:19,239000,golfpang,,,18홀,tr_220304569
라싸,2026-09-19,12:39,189000,golfpang,,,18홀,tr_220304570
라싸,2026-09-19,06:48,209000,golfpang,,,18홀,tr_220304568
파주,2026-09-19,16:52,180000,golfpang,,,18홀,tr_220304566
떼제베(동북),2026-09-19,08:03,130000,golfpang,,,18홀,tr_220304546
떼제베(동북),2026-09-19,17:48,110000,golfpang,,,18홀,tr_220304547
한림용인,2026-09-19,11:54,210000,golfpang,,,18홀,tr_220304531
한림용인,2026-09-19,17:38,150000,golfpang,,,18홀,tr_220304533
한림용인,2026-09-19,12:15,200000,golfpang,,,18홀,tr_220304532
남춘천,2026-09-19,13:42,170000,golfpang,,,18홀,tr_220211847
파주,2026-09-19,12:27,230000,golfpang,,,18홀,tr_220304511
골프존 진천,2026-09-19,13:14,149000,golfpang,,,18홀,tr_220211720
골프존 천안,2026-09-19,13:54,166000,golfpang,,,18홀,tr_219553995
올데이,2026-09-19,12:13,109000,golfpang,,,18홀,tr_220304436
올데이,2026-09-19,07:00,99000,golfpang,,,18홀,tr_220304435
올데이,2026-09-19,17:05,79000,golfpang,,,18홀,tr_220304437
파크밸리,2026-09-19,13:42,139000,golfpang,,,18홀,tr_219553967
파크밸리,2026-09-19,12:32,149000,golfpang,,,18홀,tr_220211889
진천(비공개),2026-09-19,07:10,180000,golfpang,,,18홀,tr_220012610
진천(비공개),2026-09-19,13:26,180000,golfpang,,,18홀,tr_220152656
중원,2026-09-19,07:11,160000,golfpang,,,18홀,tr_220152552
중원,2026-09-19,12:58,140000,golfpang,,,18홀,tr_220152559
클럽모우,2026-09-19,08:29,210000,golfpang,,,18홀,tr_220304334
이포,2026-09-19,12:54,200000,golfpang,,,18홀,tr_219591703
골프존 화랑,2026-09-19,13:41,131000,golfpang,,,18홀,tr_220304302
골프존 화랑,2026-09-19,07:58,175000,golfpang,,,18홀,tr_220304301
골프존 화랑,2026-09-19,06:55,165000,golfpang,,,18홀,tr_220304300
신라,2026-09-19,12:22,200000,golfpang,,,18홀,tr_220012666
신라,2026-09-19,13:32,180000,golfpang,,,18홀,tr_219933135
코리아,2026-09-19,18:01,149000,golfpang,,,18홀,tr_217529075
골드,2026-09-19,18:01,149000,golfpang,,,18홀,tr_217529072
골드,2026-09-19,06:07,249000,golfpang,,,18홀,tr_220212024
남춘천,2026-09-19,12:41,160000,golfpang,,,18홀,tr_220206055
엘레강스(가명),2026-09-19,06:23,230000,golfpang,,,18홀,tr_220235891
강촌(비공개),2026-09-19,06:23,230000,golfpang,,,18홀,tr_220009245
강촌(비공개),2026-09-19,12:00,220000,golfpang,,,18홀,tr_220203838
엘레강스(가명),2026-09-19,12:00,220000,golfpang,,,18홀,tr_220233534
그린힐,2026-09-19,17:21,140000,golfpang,,,18홀,tr_220304222
양평TPC,2026-09-19,13:43,150000,golfpang,,,18홀,tr_220240432
포천힐스,2026-09-19,13:00,230000,golfpang,,,18홀,tr_219991397
양평TPC,2026-09-19,12:40,160000,golfpang,,,18홀,tr_220240379
강촌(비공개),2026-09-19,12:00,220000,golfpang,,,18홀,tr_220087852
여주(비공개),2026-09-19,13:50,180000,golfpang,,,18홀,tr_218910366
감곡,2026-09-19,13:40,160000,golfpang,,,18홀,tr_220007547
골프존 송도(구.오렌지듄스),2026-09-19,18:30,189000,golfpang,,,18홀,tr_219782396
한림용인,2026-09-19,13:50,180000,golfpang,,,18홀,tr_219562515
여주(비공개),2026-09-19,08:35,230000,golfpang,,,18홀,tr_219782398
라싸,2026-09-19,12:39,189000,golfpang,,,18홀,tr_220012717
라싸,2026-09-19,08:19,239000,golfpang,,,18홀,tr_220012716
오로라,2026-09-19,12:39,140000,golfpang,,,18홀,tr_220304148
오로라,2026-09-19,17:52,100000,golfpang,,,18홀,tr_220304150
라싸,2026-09-19,06:48,209000,golfpang,,,18홀,tr_220012715
스톤비치,2026-09-19,07:45,140000,golfpang,,,18홀,tr_219933903
스카이밸리,2026-09-19,06:41,200000,golfpang,,,18홀,tr_220304108
모나크,2026-09-19,18:10,110000,golfpang,,,18홀,tr_219779971
떼제베,2026-09-19,18:02,130000,golfpang,,,18홀,tr_220304017
라싸,2026-09-19,11:50,199000,golfpang,,,18홀,tr_220303998
라싸,2026-09-19,06:48,209000,golfpang,,,18홀,tr_220303997
로얄포레,2026-09-19,06:25,109000,golfpang,,,18홀,tr_220202574
로얄포레,2026-09-19,18:25,99000,golfpang,,,18홀,tr_220202581
포웰(안성)cc,2026-09-19,18:39,112000,golfpang,,,18홀,tr_220202819
골프존 화랑,2026-09-19,18:56,99000,golfpang,,,18홀,tr_220202626
올데이,2026-09-19,17:26,79000,golfpang,,,18홀,tr_220202586
떼제베(동북),2026-09-19,17:40,110000,golfpang,,,18홀,tr_220202535
골프존 화랑,2026-09-19,17:46,119000,golfpang,,,18홀,tr_220212977
떼제베,2026-09-19,17:55,130000,golfpang,,,18홀,tr_220202537
임페리얼레이크,2026-09-19,18:01,99000,golfpang,,,18홀,tr_220202613
골프존 진천,2026-09-19,13:49,149000,golfpang,,,18홀,tr_220202621
중원,2026-09-19,13:54,140000,golfpang,,,18홀,tr_220202771
백제,2026-09-19,13:54,140000,golfpang,,,18홀,tr_220202688
포웰(안성)cc,2026-09-19,13:57,152000,golfpang,,,18홀,tr_220202845
남춘천,2026-09-19,13:56,160000,golfpang,,,18홀,tr_220202630
진천(비공개),2026-09-19,13:26,180000,golfpang,,,18홀,tr_220213051
신라,2026-09-19,13:32,180000,golfpang,,,18홀,tr_220202756
가평프리스틴밸리,2026-09-19,13:45,220000,golfpang,,,18홀,tr_220202856
마이다스레이크 이천,2026-09-19,13:49,190000,golfpang,,,18홀,tr_220202682
올데이,2026-09-19,12:34,109000,golfpang,,,18홀,tr_220202590
라싸,2026-09-19,12:32,189000,golfpang,,,18홀,tr_220213045
더플레이어스,2026-09-19,12:44,160000,golfpang,,,18홀,tr_220202816
로얄링스,2026-09-19,13:02,120000,golfpang,,,18홀,tr_220202678
라싸,2026-09-19,13:00,179000,golfpang,,,18홀,tr_220202668
베뉴지,2026-09-19,13:09,160000,golfpang,,,18홀,tr_220202692
로얄포레,2026-09-19,11:45,139000,golfpang,,,18홀,tr_220202579
임페리얼레이크,2026-09-19,11:59,139000,golfpang,,,18홀,tr_220202611
로얄링스,2026-09-19,07:45,120000,golfpang,,,18홀,tr_220202673
떼제베(동북),2026-09-19,08:03,130000,golfpang,,,18홀,tr_220202530
떼제베,2026-09-19,06:45,130000,golfpang,,,18홀,tr_220202534
중원,2026-09-19,07:11,160000,golfpang,,,18홀,tr_220202768
라싸,2026-09-19,07:09,209000,golfpang,,,18홀,tr_220202636
진천(비공개),2026-09-19,07:17,180000,golfpang,,,18홀,tr_220213085
더플레이어스,2026-09-19,07:16,190000,golfpang,,,18홀,tr_220202775
백제,2026-09-19,07:15,150000,golfpang,,,18홀,tr_220202684
골프존 진천,2026-09-19,06:21,169000,golfpang,,,18홀,tr_220212945
신라,2026-09-19,06:17,200000,golfpang,,,18홀,tr_220202725
임페리얼레이크,2026-09-19,06:15,109000,golfpang,,,18홀,tr_220202610
블랙스톤벨포레,2026-09-19,18:12,70000,golfpang,,,18홀,tr_220202695
올데이,2026-09-19,06:40,99000,golfpang,,,18홀,tr_220202605
백제,2026-09-19,13:54,140000,golfpang,,,18홀,tr_220012250
백제,2026-09-19,07:50,150000,golfpang,,,18홀,tr_219933166
떼제베(동북),2026-09-19,07:42,130000,golfpang,,,18홀,tr_220303906
마이다스레이크 이천,2026-09-19,14:17,180000,golfpang,,,18홀,tr_220303905
동강시스타,2026-09-19,17:24,171000,golfpang,,,18홀,tr_220302554
동강시스타,2026-09-19,17:31,171000,golfpang,,,18홀,tr_220302186
동강시스타,2026-09-19,17:38,171000,golfpang,,,18홀,tr_220302184
벨라스톤,2026-09-19,17:59,100000,golfpang,,,18홀,tr_220303134
동강시스타,2026-09-19,18:06,171000,golfpang,,,18홀,tr_220302555
벨라스톤,2026-09-19,18:06,100000,golfpang,,,18홀,tr_220302806
웰리힐리,2026-09-19,13:46,190000,golfpang,,,18홀,tr_220302122
웰리힐리,2026-09-19,13:46,190000,golfpang,,,18홀,tr_220302119
벨라스톤,2026-09-19,13:49,169000,golfpang,,,18홀,tr_220303133
웰리힐리,2026-09-19,14:14,190000,golfpang,,,18홀,tr_220302124
벨라스톤,2026-09-19,13:42,169000,golfpang,,,18홀,tr_220302805
웰리힐리,2026-09-19,12:26,190000,golfpang,,,18홀,tr_220302121
웰리힐리,2026-09-19,12:50,190000,golfpang,,,18홀,tr_220302118
웰리힐리,2026-09-19,11:34,190000,golfpang,,,18홀,tr_220302480
웰리힐리,2026-09-19,11:58,190000,golfpang,,,18홀,tr_220302123
벨라스톤,2026-09-19,18:41,100000,golfpang,,,18홀,tr_220302716
웰리힐리,2026-09-19,06:38,190000,golfpang,,,18홀,tr_220302117
동강시스타,2026-09-19,07:19,171000,golfpang,,,18홀,tr_220302185
파인밸리,2026-09-19,06:10,150000,golfpang,,,18홀,tr_220302929
웰리힐리,2026-09-19,06:22,190000,golfpang,,,18홀,tr_220302515
동서울cc-퍼9,2026-09-19,18:45,65000,golfpang,,,18홀,tr_220302831
웰리힐리,2026-09-19,06:38,190000,golfpang,,,18홀,tr_220302120
마이다스레이크 이천,2026-09-19,14:03,190000,golfpang,,,18홀,tr_220152762
로얄링스,2026-09-19,07:10,120000,golfpang,,,18홀,tr_220152881
로얄링스,2026-09-19,13:02,120000,golfpang,,,18홀,tr_220012155
오로라,2026-09-19,18:30,90000,golfpang,,,18홀,tr_220302082
라싸,2026-09-19,12:32,189000,golfpang,,,18홀,tr_220152886
라싸,2026-09-19,06:41,209000,golfpang,,,18홀,tr_219933207
센추리21,2026-09-19,18:01,90000,golfpang,,,18홀,tr_220302034
센추리21,2026-09-19,17:26,90000,golfpang,,,18홀,tr_220302033
센추리21(퍼),2026-09-19,17:26,80000,golfpang,,,18홀,tr_220302020
센추리21(퍼),2026-09-19,13:07,120000,golfpang,,,18홀,tr_220302019
센추리21(퍼),2026-09-19,12:04,125000,golfpang,,,18홀,tr_220302018
더플레이어스,2026-09-19,07:16,190000,golfpang,,,18홀,tr_220012063
더플레이어스,2026-09-19,12:44,160000,golfpang,,,18홀,tr_219933444
더크로스비,2026-09-19,13:51,207000,golfpang,,,18홀,tr_220239853
골든베이,2026-09-19,07:07,150000,golfpang,,,18홀,tr_220301921
골든베이,2026-09-19,13:31,150000,golfpang,,,18홀,tr_220301922
센추리21(퍼),2026-09-19,17:26,80000,golfpang,,,18홀,tr_220301869
센추리21(퍼),2026-09-19,12:04,125000,golfpang,,,18홀,tr_220301868
센추리21(퍼),2026-09-19,07:24,140000,golfpang,,,18홀,tr_220301867
골프존 화랑,2026-09-19,06:34,175000,golfpang,,,18홀,tr_220011830
모나크,2026-09-19,12:14,160000,golfpang,,,18홀,tr_220301851
모나크,2026-09-19,13:03,150000,golfpang,,,18홀,tr_220301852
모나크,2026-09-19,18:30,110000,golfpang,,,18홀,tr_220301853
골프존 천안,2026-09-19,12:23,173000,golfpang,,,18홀,tr_220152943
그린힐,2026-09-19,17:42,140000,golfpang,,,18홀,tr_220301813
그린힐,2026-09-19,17:35,140000,golfpang,,,18홀,tr_220301811
그린힐,2026-09-19,17:42,140000,golfpang,,,18홀,tr_220301812
중원,2026-09-19,08:35,160000,golfpang,,,18홀,tr_220261770
코스카,2026-09-19,08:13,190000,golfpang,,,18홀,tr_219394135
로얄포레,2026-09-19,08:10,139000,golfpang,,,18홀,tr_220274737
떼제베(동북),2026-09-19,08:10,130000,golfpang,,,18홀,tr_220150945
이븐데일,2026-09-19,08:24,115000,golfpang,,,18홀,tr_220289384
대영힐스,2026-09-19,06:35,125000,golfpang,,,18홀,tr_220015665
골프존 천안,2026-09-19,06:40,174000,golfpang,,,18홀,tr_219783711
떼제베,2026-09-19,06:39,140000,golfpang,,,18홀,tr_220150568
킹즈락,2026-09-19,06:45,140000,golfpang,,,18홀,tr_220180918
프린세스,2026-09-19,06:55,195000,golfpang,,,18홀,tr_219341848
골프존 진천,2026-09-19,07:03,179000,golfpang,,,18홀,tr_220215830
로얄포레,2026-09-19,07:00,119000,golfpang,,,18홀,tr_220274736
떼제베(동북),2026-09-19,07:00,120000,golfpang,,,18홀,tr_220150944
올데이,2026-09-19,07:00,99000,golfpang,,,18홀,tr_220283330
떼제베,2026-09-19,07:14,160000,golfpang,,,18홀,tr_220150569
동촌,2026-09-19,07:09,200000,golfpang,,,18홀,tr_219357879
대호단양,2026-09-19,06:07,149000,golfpang,,,18홀,tr_219368830
힐데스하임,2026-09-19,06:07,150000,golfpang,,,18홀,tr_220170364
일레븐,2026-09-19,06:23,130000,golfpang,,,18홀,tr_220236103
킹즈락,2026-09-19,06:24,130000,golfpang,,,18홀,tr_220180917
스타,2026-09-19,06:23,180000,golfpang,,,18홀,tr_220002634
대호단양,2026-09-19,06:35,169000,golfpang,,,18홀,tr_219368831
블랙스톤벨포레,2026-09-19,17:37,80000,golfpang,,,18홀,tr_219786782
일레븐,2026-09-19,13:52,115000,golfpang,,,18홀,tr_220236104
블랙스톤벨포레,2026-09-19,13:55,110000,golfpang,,,18홀,tr_219786781
백제,2026-09-19,13:54,140000,golfpang,,,18홀,tr_220006647
서산수,2026-09-19,14:18,230000,golfpang,,,18홀,tr_218786838
플라밍고,2026-09-19,13:25,170000,golfpang,,,18홀,tr_220117969
떼제베(동북),2026-09-19,13:28,140000,golfpang,,,18홀,tr_220150946
속리산cc,2026-09-19,13:32,130000,golfpang,,,18홀,tr_219976924
감곡,2026-09-19,13:42,160000,golfpang,,,18홀,tr_220010432
감곡,2026-09-19,12:53,170000,golfpang,,,18홀,tr_220010431
골프존 화랑,2026-09-19,12:52,141000,golfpang,,,18홀,tr_220262324
떼제베,2026-09-19,13:00,150000,golfpang,,,18홀,tr_220150570
중원,2026-09-19,12:58,140000,golfpang,,,18홀,tr_220261771
스타,2026-09-19,13:02,180000,golfpang,,,18홀,tr_220002636
모나크,2026-09-19,13:03,150000,golfpang,,,18홀,tr_220219216
대영베이스,2026-09-19,13:12,155000,golfpang,,,18홀,tr_220022636
속리산cc,2026-09-19,12:01,150000,golfpang,,,18홀,tr_219976923
서산수,2026-09-19,11:58,230000,golfpang,,,18홀,tr_218786837
킹즈락,2026-09-19,12:08,145000,golfpang,,,18홀,tr_220180919
스타,2026-09-19,12:06,190000,golfpang,,,18홀,tr_220002635
올데이,2026-09-19,12:13,109000,golfpang,,,18홀,tr_220283332
모카cc,2026-09-19,12:11,155000,golfpang,,,18홀,tr_220057006
모나크,2026-09-19,12:14,160000,golfpang,,,18홀,tr_220219215
골프존 진천,2026-09-19,12:25,156000,golfpang,,,18홀,tr_220215832
대영베이스,2026-09-19,12:19,159000,golfpang,,,18홀,tr_220022635
로얄링스,2026-09-19,12:27,160000,golfpang,,,18홀,tr_220008531
로얄포레,2026-09-19,12:34,129000,golfpang,,,18홀,tr_220274738
플라밍고,2026-09-19,08:33,190000,golfpang,,,18홀,tr_220117967
골프존 화랑,2026-09-19,08:33,185000,golfpang,,,18홀,tr_220262323
모카cc,2026-09-19,08:46,169000,golfpang,,,18홀,tr_220057005
모나크,2026-09-19,18:23,110000,golfpang,,,18홀,tr_220219217
파인스톤,2026-09-19,18:32,150000,golfpang,,,18홀,tr_217890563
블랙스톤벨포레,2026-09-19,18:33,70000,golfpang,,,18홀,tr_219786783
감곡,2026-09-19,18:41,120000,golfpang,,,18홀,tr_220010433
일레븐,2026-09-19,18:05,75000,golfpang,,,18홀,tr_220236105
속리산cc,2026-09-19,14:14,140000,golfpang,,,18홀,tr_219976925
백제,2026-09-19,14:36,140000,golfpang,,,18홀,tr_220006648
대영베이스,2026-09-19,16:57,115000,golfpang,,,18홀,tr_220022637
대영힐스,2026-09-19,16:56,105000,golfpang,,,18홀,tr_220015667
임페리얼레이크,2026-09-19,16:44,119000,golfpang,,,18홀,tr_220279016
대호단양,2026-09-19,16:34,129000,golfpang,,,18홀,tr_219368832
파인스톤,2026-09-19,17:36,160000,golfpang,,,18홀,tr_217890562
골프존 진천,2026-09-19,08:41,194000,golfpang,,,18홀,tr_220215831
프린세스,2026-09-19,08:40,215000,golfpang,,,18홀,tr_219341849
보령베이스-퍼9,2026-09-19,11:07,99000,golfpang,,,18홀,tr_220148909
대영힐스,2026-09-19,11:33,145000,golfpang,,,18홀,tr_220015666
이븐데일,2026-09-19,11:31,90000,golfpang,,,18홀,tr_220289385
파인스톤,2026-09-19,11:52,240000,golfpang,,,18홀,tr_217890561
힐데스하임,2026-09-19,12:04,160000,golfpang,,,18홀,tr_220170363
프린세스,2026-09-19,12:04,190000,golfpang,,,18홀,tr_219341850
플라밍고,2026-09-19,12:01,180000,golfpang,,,18홀,tr_220117968
힐데스하임,2026-09-19,07:22,165000,golfpang,,,18홀,tr_220170362
골프존 화랑,2026-09-19,07:51,175000,golfpang,,,18홀,tr_220262322
동촌,2026-09-19,07:51,210000,golfpang,,,18홀,tr_219357880
이븐데일,2026-09-19,07:41,109000,golfpang,,,18홀,tr_220289383
올데이,2026-09-19,08:10,119000,golfpang,,,18홀,tr_220283331
로얄링스,2026-09-19,07:59,160000,golfpang,,,18홀,tr_220008530
양지파인,2026-09-19,08:37,210000,golfpang,,,18홀,tr_220149510
젠스필드,2026-09-19,11:54,170000,golfpang,,,18홀,tr_219562966
골프존 안성W,2026-09-19,11:53,170000,golfpang,,,18홀,tr_220217219
양지파인,2026-09-19,11:51,180000,golfpang,,,18홀,tr_220149511
클럽72,2026-09-19,07:17,260000,golfpang,,,18홀,tr_220152698
한림안성(퍼9),2026-09-19,07:38,150000,golfpang,,,18홀,tr_219957469
에덴블루,2026-09-19,07:34,220000,golfpang,,,18홀,tr_220002004
젠스필드,2026-09-19,08:19,190000,golfpang,,,18홀,tr_219562965
이글몬트,2026-09-19,06:41,195000,golfpang,,,18홀,tr_220261326
에델바이스(가명),2026-09-19,06:42,180000,golfpang,,,18홀,tr_220213612
골프존 안성W,2026-09-19,06:51,180000,golfpang,,,18홀,tr_220217217
골프존 안성H,2026-09-19,06:51,210000,golfpang,,,18홀,tr_220057815
히든밸리,2026-09-19,06:49,200000,golfpang,,,18홀,tr_220055884
한림안성(퍼9),2026-09-19,06:56,140000,golfpang,,,18홀,tr_219957468
양평TPC,2026-09-19,06:59,200000,golfpang,,,18홀,tr_220241928
용인(비공개),2026-09-19,06:11,230000,golfpang,,,18홀,tr_220241563
해솔리아,2026-09-19,06:28,170000,golfpang,,,18홀,tr_220289194
이글몬트,2026-09-19,06:27,195000,golfpang,,,18홀,tr_220261325
스카이밸리,2026-09-19,06:34,190000,golfpang,,,18홀,tr_220105903
리베라,2026-09-19,14:24,290000,golfpang,,,18홀,tr_218815495
한림용인,2026-09-19,13:25,180000,golfpang,,,18홀,tr_220219944
골프존 안성H,2026-09-19,13:31,190000,golfpang,,,18홀,tr_220057816
에델바이스(가명),2026-09-19,13:33,180000,golfpang,,,18홀,tr_220213613
클럽72-오션,2026-09-19,13:42,300000,golfpang,,,18홀,tr_220165649
스카이밸리,2026-09-19,13:46,200000,golfpang,,,18홀,tr_220105904
히든밸리,2026-09-19,12:44,180000,golfpang,,,18홀,tr_220055885
양평TPC,2026-09-19,12:54,160000,golfpang,,,18홀,tr_220241929
써닝포인트,2026-09-19,12:58,255000,golfpang,,,18홀,tr_218901635
클럽72-오션,2026-09-19,13:07,300000,golfpang,,,18홀,tr_220165648
해솔리아,2026-09-19,13:12,170000,golfpang,,,18홀,tr_220289195
써닝포인트,2026-09-19,12:16,255000,golfpang,,,18홀,tr_218901634
360도,2026-09-19,12:15,180000,golfpang,,,18홀,tr_220009185
한림용인,2026-09-19,12:15,200000,golfpang,,,18홀,tr_220219943
에덴블루,2026-09-19,12:30,220000,golfpang,,,18홀,tr_220002005
골프존 안성W,2026-09-19,08:50,190000,golfpang,,,18홀,tr_220217218
클럽72,2026-09-19,08:27,270000,golfpang,,,18홀,tr_220152699
한림용인,2026-09-19,06:31,200000,golfpang,,,18홀,tr_220219942
360도,2026-09-19,06:30,180000,golfpang,,,18홀,tr_220009184
용인(비공개),2026-09-19,18:17,150000,golfpang,,,18홀,tr_220241566
에덴블루,2026-09-19,18:28,129900,golfpang,,,18홀,tr_220002006
리베라,2026-09-19,18:31,160000,golfpang,,,18홀,tr_218815496
아난티중앙(야간),2026-09-19,18:38,130000,golfpang,,,18홀,tr_220213669
용인플라자,2026-09-19,18:48,160000,golfpang,,,18홀,tr_219535885
골프존 송도(구.오렌지듄스),2026-09-19,18:45,159000,golfpang,,,18홀,tr_220222753
솔트베이,2026-09-19,18:50,189000,golfpang,,,18홀,tr_220214420
빅토리아-퍼9,2026-09-19,19:09,99000,golfpang,,,18홀,tr_220212952
리베라,2026-09-19,19:06,160000,golfpang,,,18홀,tr_218815497
클럽72,2026-09-19,19:21,140000,golfpang,,,18홀,tr_220152700
아세코밸리-퍼9,2026-09-19,17:52,110000,golfpang,,,18홀,tr_220032277
빅토리아-퍼9,2026-09-19,18:06,99000,golfpang,,,18홀,tr_220212951
용인플라자,2026-09-19,18:06,160000,golfpang,,,18홀,tr_219535884
아세코밸리-퍼9,2026-09-19,18:06,110000,golfpang,,,18홀,tr_220032278
해솔리아,2026-09-19,18:11,135000,golfpang,,,18홀,tr_220289196
이글몬트,2026-09-19,06:41,195000,golfpang,,,18홀,tr_220301791
골프존 진천,2026-09-19,06:21,169000,golfpang,,,18홀,tr_220239818
골프존 진천,2026-09-19,13:49,149000,golfpang,,,18홀,tr_220011710
한림용인,2026-09-19,13:32,180000,golfpang,,,18홀,tr_220249997
아세코밸리-퍼9,2026-09-19,12:44,130000,golfpang,,,18홀,tr_219459873
골프존 진천,2026-09-19,13:00,149000,golfpang,,,18홀,tr_220150671
골프존 천안,2026-09-19,11:41,173000,golfpang,,,18홀,tr_220150602
마론뉴데이(구),2026-09-19,11:08,175000,golfpang,,,18홀,tr_219935024
베르힐(영종),2026-09-19,17:43,200000,golfpang,,,18홀,tr_219557610
뉴스프링빌,2026-09-19,06:37,280000,golfpang,,,18홀,tr_220301769
뉴스프링빌,2026-09-19,11:44,280000,golfpang,,,18홀,tr_220301768
가평프리스틴밸리,2026-09-19,13:17,220000,golfpang,,,18홀,tr_219933606
클럽모우,2026-09-19,13:34,160000,golfpang,,,18홀,tr_220301765
신라,2026-09-19,13:46,180000,golfpang,,,18홀,tr_220233283
로얄링스,2026-09-19,08:20,120000,golfpang,,,18홀,tr_220221574
로얄링스,2026-09-19,11:45,120000,golfpang,,,18홀,tr_220221575
대영힐스,2026-09-19,17:59,89000,golfpang,,,18홀,tr_220301737
대영힐스,2026-09-19,17:38,89000,golfpang,,,18홀,tr_220301736
파인밸리,2026-09-19,06:24,150000,golfpang,,,18홀,tr_220301534
벨라스톤,2026-09-19,18:27,100000,golfpang,,,18홀,tr_220300641
벨라스톤,2026-09-19,18:41,100000,golfpang,,,18홀,tr_220300557
동강시스타,2026-09-19,18:06,171000,golfpang,,,18홀,tr_220300045
벨라스톤,2026-09-19,18:06,100000,golfpang,,,18홀,tr_220300974
벨라스톤,2026-09-19,18:13,100000,golfpang,,,18홀,tr_220300640
웰리힐리,2026-09-19,13:50,190000,golfpang,,,18홀,tr_220299975
벨라스톤,2026-09-19,13:49,169000,golfpang,,,18홀,tr_220300639
웰리힐리,2026-09-19,14:02,190000,golfpang,,,18홀,tr_220299973
웰리힐리,2026-09-19,12:50,190000,golfpang,,,18홀,tr_220300374
웰리힐리,2026-09-19,12:14,190000,golfpang,,,18홀,tr_220300337
웰리힐리,2026-09-19,10:54,190000,golfpang,,,18홀,tr_220300375
웰리힐리,2026-09-19,07:34,190000,golfpang,,,18홀,tr_220299974
파인밸리,2026-09-19,07:55,150000,golfpang,,,18홀,tr_220300778
웰리힐리,2026-09-19,06:46,190000,golfpang,,,18홀,tr_220299969
웰리힐리,2026-09-19,06:54,190000,golfpang,,,18홀,tr_220299970
동강시스타,2026-09-19,06:51,171000,golfpang,,,18홀,tr_220300047
동강시스타,2026-09-19,06:51,171000,golfpang,,,18홀,tr_220300044
파인밸리,2026-09-19,06:59,150000,golfpang,,,18홀,tr_220300777
동서울cc-퍼9,2026-09-19,18:24,65000,golfpang,,,18홀,tr_220300670
동강시스타,2026-09-19,06:37,171000,golfpang,,,18홀,tr_220300046
클럽모우,2026-09-19,13:34,160000,golfpang,,,18홀,tr_220214197
골프클럽Q,2026-09-19,13:28,160000,golfpang,,,18홀,tr_220299903
오너스,2026-09-19,13:57,145000,golfpang,,,18홀,tr_220299831
오너스,2026-09-19,07:46,170000,golfpang,,,18홀,tr_220299830
플라밍고,2026-09-19,08:19,190000,golfpang,,,18홀,tr_220299820
양평TPC,2026-09-19,13:43,150000,golfpang,,,18홀,tr_220299818
스카이밸리,2026-09-19,06:20,200000,golfpang,,,18홀,tr_220299780
스카이밸리,2026-09-19,13:53,190000,golfpang,,,18홀,tr_220299781
클럽모우,2026-09-19,12:45,180000,golfpang,,,18홀,tr_220299779
한원,2026-09-19,13:40,199000,golfpang,,,18홀,tr_219671219
한원,2026-09-19,18:00,150000,golfpang,,,18홀,tr_219671149
오로라,2026-09-19,12:04,140000,golfpang,,,18홀,tr_220299694
오로라,2026-09-19,18:30,90000,golfpang,,,18홀,tr_220299696
오로라,2026-09-19,13:42,140000,golfpang,,,18홀,tr_220299695
대영베이스,2026-09-19,18:44,95000,golfpang,,,18홀,tr_220219725
대영베이스,2026-09-19,13:45,139000,golfpang,,,18홀,tr_220219724
감곡,2026-09-19,13:28,160000,golfpang,,,18홀,tr_220299668
감곡,2026-09-19,18:34,120000,golfpang,,,18홀,tr_220299669
중원,2026-09-19,08:35,160000,golfpang,,,18홀,tr_220299667
캐슬렉스,2026-09-19,13:45,290000,golfpang,,,18홀,tr_220198608
알프스대영,2026-09-19,16:47,99000,golfpang,,,18홀,tr_220252893
알프스대영,2026-09-19,18:25,65000,golfpang,,,18홀,tr_220252894
알프스대영,2026-09-19,18:53,65000,golfpang,,,18홀,tr_220252895
대영힐스,2026-09-19,05:39,110000,golfpang,,,18홀,tr_220220040
대영힐스,2026-09-19,12:25,130000,golfpang,,,18홀,tr_220220041
대영힐스,2026-09-19,13:36,129000,golfpang,,,18홀,tr_220220042
윈체스트,2026-09-19,06:00,205000,golfpang,,,18홀,tr_220095394
양평TPC,2026-09-19,13:50,150000,golfpang,,,18홀,tr_220299664
양평TPC,2026-09-19,12:40,160000,golfpang,,,18홀,tr_220299663
클럽모우,2026-09-19,13:34,160000,golfpang,,,18홀,tr_220299651
클럽모우,2026-09-19,13:34,160000,golfpang,,,18홀,tr_220299652
양평TPC,2026-09-19,12:33,160000,golfpang,,,18홀,tr_220212059
양평TPC,2026-09-19,07:00,200000,golfpang,,,18홀,tr_220299648
센추리21,2026-09-19,07:10,140000,golfpang,,,18홀,tr_220291407
센테리움,2026-09-19,07:14,169000,golfpang,,,18홀,tr_220297044
솔트베이,2026-09-19,18:29,189000,golfpang,,,18홀,tr_220297091
신라,2026-09-19,14:07,180000,golfpang,,,18홀,tr_220297178
옥스필드,2026-09-19,18:25,59000,golfpang,,,18홀,tr_220297409
올데이,2026-09-19,17:25,59000,golfpang,,,18홀,tr_220299456
양평TPC,2026-09-19,13:50,150000,golfpang,,,18홀,tr_220212064
이븐데일,2026-09-19,06:38,95000,golfpang,,,18홀,tr_220299540
몽베르(대중제),2026-09-19,17:56,140000,golfpang,,,18홀,tr_220299570
몽베르(대중제),2026-09-19,17:56,140000,golfpang,,,18홀,tr_220299571
일레븐,2026-09-19,18:12,75000,golfpang,,,18홀,tr_220299568
임페리얼레이크,2026-09-19,11:24,129000,golfpang,,,18홀,tr_220219984
인천그랜드,2026-09-19,17:46,189000,golfpang,,,18홀,tr_220107280
동촌,2026-09-19,07:30,170000,golfpang,,,18홀,tr_220240376
마에스트로,2026-09-19,11:46,220000,golfpang,,,18홀,tr_220291026
이븐데일,2026-09-19,12:20,90000,golfpang,,,18홀,tr_220299475
가평프리스틴밸리,2026-09-19,13:17,220000,golfpang,,,18홀,tr_216643653
동강시스타,2026-09-19,17:31,171000,golfpang,,,18홀,tr_220297693
동강시스타,2026-09-19,17:38,171000,golfpang,,,18홀,tr_220297697
웰리힐리,2026-09-19,14:02,190000,golfpang,,,18홀,tr_220297618
웰리힐리,2026-09-19,13:38,190000,golfpang,,,18홀,tr_220298038
웰리힐리,2026-09-19,12:42,190000,golfpang,,,18홀,tr_220297616
웰리힐리,2026-09-19,13:22,190000,golfpang,,,18홀,tr_220297617
웰리힐리,2026-09-19,12:06,190000,golfpang,,,18홀,tr_220297621
웰리힐리,2026-09-19,11:18,190000,golfpang,,,18홀,tr_220297620
동강시스타,2026-09-19,18:13,171000,golfpang,,,18홀,tr_220297699
동강시스타,2026-09-19,17:52,171000,golfpang,,,18홀,tr_220297694
동강시스타,2026-09-19,17:52,171000,golfpang,,,18홀,tr_220297698
벨라스톤,2026-09-19,18:34,100000,golfpang,,,18홀,tr_220298684
동서울cc-퍼9,2026-09-19,18:31,65000,golfpang,,,18홀,tr_220298750
파인밸리,2026-09-19,06:10,150000,golfpang,,,18홀,tr_220298458
동강시스타,2026-09-19,06:44,171000,golfpang,,,18홀,tr_220297695
동강시스타,2026-09-19,07:12,171000,golfpang,,,18홀,tr_220297696
벨라스톤,2026-09-19,18:27,100000,golfpang,,,18홀,tr_220298683
동강시스타,2026-09-19,06:37,171000,golfpang,,,18홀,tr_220298069
이븐데일,2026-09-19,07:06,100000,golfpang,,,18홀,tr_220297561
양평TPC,2026-09-19,12:05,160000,golfpang,,,18홀,tr_220250431
스톤비치,2026-09-19,17:30,130000,golfpang,,,18홀,tr_219980662
필로스,2026-09-19,18:27,140000,golfpang,,,18홀,tr_219971294
대영베이스,2026-09-19,08:01,150000,golfpang,,,18홀,tr_220297470
대영베이스,2026-09-19,18:50,85000,golfpang,,,18홀,tr_220297472
대영베이스,2026-09-19,17:50,99000,golfpang,,,18홀,tr_220297471
대영베이스,2026-09-19,07:47,150000,golfpang,,,18홀,tr_220297410
대영베이스,2026-09-19,19:04,85000,golfpang,,,18홀,tr_220297412
대영베이스,2026-09-19,18:04,99000,golfpang,,,18홀,tr_220297411
스카이밸리,2026-09-19,06:20,200000,golfpang,,,18홀,tr_220297285
스카이밸리,2026-09-19,13:53,190000,golfpang,,,18홀,tr_220297286
임페리얼레이크,2026-09-19,11:30,129000,golfpang,,,18홀,tr_220291131
대영힐스,2026-09-19,18:30,79000,golfpang,,,18홀,tr_219732648
임페리얼레이크,2026-09-19,17:30,99000,golfpang,,,18홀,tr_220291188
360도,2026-09-19,08:22,180000,golfpang,,,18홀,tr_220297185
360도,2026-09-19,12:00,200000,golfpang,,,18홀,tr_220297186
오로라,2026-09-19,17:58,100000,golfpang,,,18홀,tr_220107013
골프존 화랑,2026-09-19,17:53,119000,golfpang,,,18홀,tr_220297177
스톤비치,2026-09-19,12:06,110000,golfpang,,,18홀,tr_220297173
골프존 화랑,2026-09-19,14:02,131000,golfpang,,,18홀,tr_220297172
골프존 화랑,2026-09-19,12:52,141000,golfpang,,,18홀,tr_220297165
비발디파크E,2026-09-19,18:30,133000,golfpang,,,18홀,tr_219716176
필로스,2026-09-19,18:06,140000,golfpang,,,18홀,tr_219971293
스프링베일-퍼9,2026-09-19,17:08,90000,golfpang,,,18홀,tr_220121135
오너스,2026-09-19,08:42,175000,golfpang,,,18홀,tr_220297027
백제,2026-09-19,13:47,140000,golfpang,,,18홀,tr_219772317
오너스,2026-09-19,13:57,145000,golfpang,,,18홀,tr_219552209
속리산cc,2026-09-19,12:50,130000,golfpang,,,18홀,tr_220241037
블랙스톤벨포레,2026-09-19,12:59,110000,golfpang,,,18홀,tr_220087783
더플레이어스,2026-09-19,13:05,160000,golfpang,,,18홀,tr_219647159
로얄링스,2026-09-19,11:45,120000,golfpang,,,18홀,tr_219772312
오너스,2026-09-19,08:28,175000,golfpang,,,18홀,tr_219865772
인천그랜드,2026-09-19,17:46,189000,golfpang,,,18홀,tr_219991780
블랙스톤벨포레,2026-09-19,17:30,70000,golfpang,,,18홀,tr_220087895
솔트베이,2026-09-19,17:47,199000,golfpang,,,18홀,tr_219991787
솔트베이,2026-09-19,05:46,270000,golfpang,,,18홀,tr_219991784
인천그랜드,2026-09-19,05:38,229000,golfpang,,,18홀,tr_220218576
일레븐,2026-09-19,12:49,125000,golfpang,,,18홀,tr_219783489
오너스,2026-09-19,08:21,165000,golfpang,,,18홀,tr_220165676
더플레이어스,2026-09-19,07:30,190000,golfpang,,,18홀,tr_219994695
더플레이어스,2026-09-19,11:55,160000,golfpang,,,18홀,tr_219994702
신라,2026-09-19,12:36,190000,golfpang,,,18홀,tr_220236131
오너스,2026-09-19,14:25,140000,golfpang,,,18홀,tr_220215621
코리아,2026-09-19,17:54,149000,golfpang,,,18홀,tr_218352331
골드,2026-09-19,17:54,149000,golfpang,,,18홀,tr_217704440
대영베이스,2026-09-19,07:47,150000,golfpang,,,18홀,tr_220212341
클럽72-오션,2026-09-19,13:28,310000,golfpang,,,18홀,tr_220250495
클럽72-오션,2026-09-19,14:03,300000,golfpang,,,18홀,tr_220250513
골프존 천안,2026-09-19,13:54,166000,golfpang,,,18홀,tr_220291375
대영베이스,2026-09-19,19:04,85000,golfpang,,,18홀,tr_220212343
벨라스톤,2026-09-19,17:45,100000,golfpang,,,18홀,tr_219822599
신라,2026-09-19,13:53,180000,golfpang,,,18홀,tr_220212048
남양주(퍼9),2026-09-19,12:14,139000,golfpang,,,18홀,tr_220212008
클럽모우,2026-09-19,08:29,210000,golfpang,,,18홀,tr_220212025
더크로스비,2026-09-19,13:58,217000,golfpang,,,18홀,tr_220212043
중원,2026-09-19,14:08,130000,golfpang,,,18홀,tr_220212219
포천힐스,2026-09-19,13:20,230000,golfpang,,,18홀,tr_220212036
한림용인,2026-09-19,13:32,180000,golfpang,,,18홀,tr_220250179
베뉴지,2026-09-19,13:09,165000,golfpang,,,18홀,tr_220212019
예미지,2026-09-19,13:15,170000,golfpang,,,18홀,tr_220241586
남양주(퍼9),2026-09-19,13:14,139000,golfpang,,,18홀,tr_220212013
포천힐스,2026-09-19,12:10,230000,golfpang,,,18홀,tr_220212032
중원,2026-09-19,08:14,160000,golfpang,,,18홀,tr_220212217
벨라스톤,2026-09-19,13:42,169000,golfpang,,,18홀,tr_219822600
이븐데일,2026-09-19,11:37,90000,golfpang,,,18홀,tr_220291368
이븐데일,2026-09-19,08:38,115000,golfpang,,,18홀,tr_220291367
이븐데일,2026-09-19,07:19,100000,golfpang,,,18홀,tr_220291369
대영베이스,2026-09-19,18:04,99000,golfpang,,,18홀,tr_220212342
벨라스톤,2026-09-19,06:28,159000,golfpang,,,18홀,tr_219822598
한림용인,2026-09-19,13:32,180000,golfpang,,,18홀,tr_220242693
예미지,2026-09-19,13:15,170000,golfpang,,,18홀,tr_220242673
베뉴지,2026-09-19,13:09,165000,golfpang,,,18홀,tr_220242661
클럽72,2026-09-19,19:07,140000,golfpang,,,18홀,tr_220242686
클럽72,2026-09-19,18:18,150000,golfpang,,,18홀,tr_220242684
남양주(퍼9),2026-09-19,16:27,129000,golfpang,,,18홀,tr_220242658
이븐데일,2026-09-19,17:05,84000,golfpang,,,18홀,tr_220291309
이븐데일,2026-09-19,13:09,90000,golfpang,,,18홀,tr_220291308
이븐데일,2026-09-19,12:20,90000,golfpang,,,18홀,tr_220291307
샴발라,2026-09-19,12:16,180000,golfpang,,,18홀,tr_220106002
골프존 진천,2026-09-19,13:28,149000,golfpang,,,18홀,tr_220291280
이천실크밸리,2026-09-19,06:14,165000,golfpang,,,18홀,tr_220291259
이천실크밸리,2026-09-19,13:52,155000,golfpang,,,18홀,tr_220291260
이천실크밸리,2026-09-19,18:17,110000,golfpang,,,18홀,tr_220291261
로얄링스,2026-09-19,07:38,120000,golfpang,,,18홀,tr_220125373
일레븐,2026-09-19,17:37,75000,golfpang,,,18홀,tr_220125199
플라밍고,2026-09-19,13:30,140000,golfpang,,,18홀,tr_220125170
베뉴지,2026-09-19,12:48,179000,golfpang,,,18홀,tr_220105983
감곡,2026-09-19,18:48,120000,golfpang,,,18홀,tr_220291254
감곡,2026-09-19,13:42,170000,golfpang,,,18홀,tr_220291206
모나크,2026-09-19,18:30,110000,golfpang,,,18홀,tr_220291205
클럽D 보은,2026-09-19,13:37,140000,golfpang,,,18홀,tr_220291189
클럽D 보은,2026-09-19,11:52,160000,golfpang,,,18홀,tr_220291185
일레븐,2026-09-19,12:20,115000,golfpang,,,18홀,tr_219786158
블랙스톤벨포레,2026-09-19,12:20,100000,golfpang,,,18홀,tr_219784222
일레븐,2026-09-19,17:20,75000,golfpang,,,18홀,tr_219786155
블랙스톤벨포레,2026-09-19,17:00,70000,golfpang,,,18홀,tr_219784224
로얄링스,2026-09-19,18:10,90000,golfpang,,,18홀,tr_219560140
블랙스톤벨포레,2026-09-19,18:10,60000,golfpang,,,18홀,tr_219784228
비콘힐스,2026-09-19,18:10,90000,golfpang,,,18홀,tr_218566165
그린힐,2026-09-19,18:50,100000,golfpang,,,18홀,tr_219557963
솔라고,2026-09-19,18:50,87000,golfpang,,,18홀,tr_220212810
이천실크밸리,2026-09-19,12:56,155000,golfpang,,,18홀,tr_220291158
이천실크밸리,2026-09-19,12:56,155000,golfpang,,,18홀,tr_220291157
진양밸리,2026-09-19,06:36,210000,golfpang,,,18홀,tr_220145531
포레스트힐,2026-09-19,18:17,140000,golfpang,,,18홀,tr_219329757
포레스트힐,2026-09-19,18:24,140000,golfpang,,,18홀,tr_219329723
포천(비공개),2026-09-19,17:56,140000,golfpang,,,18홀,tr_219329854
포레스트힐,2026-09-19,17:56,140000,golfpang,,,18홀,tr_219329802
모카cc,2026-09-19,08:11,150000,golfpang,,,18홀,tr_220105899
용인플라자,2026-09-19,17:17,160000,golfpang,,,18홀,tr_219528057
이천실크밸리,2026-09-19,18:03,110000,golfpang,,,18홀,tr_219923604
포웰(안성)cc,2026-09-19,18:04,142000,golfpang,,,18홀,tr_219968740
용인플라자,2026-09-19,17:52,160000,golfpang,,,18홀,tr_219528058
용인플라자,2026-09-19,18:20,160000,golfpang,,,18홀,tr_219528059
에덴블루,2026-09-19,18:14,129000,golfpang,,,18홀,tr_220100397
로드힐스,2026-09-19,08:52,210000,golfpang,,,18홀,tr_220104016
해솔리아,2026-09-19,07:24,180000,golfpang,,,18홀,tr_220291108
해솔리아,2026-09-19,12:09,170000,golfpang,,,18홀,tr_220291109
해솔리아,2026-09-19,18:04,135000,golfpang,,,18홀,tr_220291110
더크로스비,2026-09-19,11:45,237000,golfpang,,,18홀,tr_220103719
스카이밸리,2026-09-19,06:20,200000,golfpang,,,18홀,tr_220291066
스카이밸리,2026-09-19,13:53,190000,golfpang,,,18홀,tr_220291067
파크밸리,2026-09-19,13:42,139000,golfpang,,,18홀,tr_220291013
클럽모우,2026-09-19,14:02,180000,golfpang,,,18홀,tr_220290946
대영베이스,2026-09-19,07:47,155000,golfpang,,,18홀,tr_220290942
가평베네스트,2026-09-19,13:42,250000,golfpang,,,18홀,tr_220290900
가평베네스트,2026-09-19,13:42,250000,golfpang,,,18홀,tr_220290901
옥스필드,2026-09-19,18:29,69000,golfpang,,,18홀,tr_220290889
썬밸리(일죽),2026-09-19,14:17,169000,golfpang,,,18홀,tr_220052254
오너스,2026-09-19,08:36,165000,golfpang,,,18홀,tr_220165717
오너스,2026-09-19,07:39,155000,golfpang,,,18홀,tr_220165716
군산,2026-09-19,06:44,160000,golfpang,,,18홀,tr_220103190
옥스필드,2026-09-19,17:26,79000,golfpang,,,18홀,tr_220290837
골프클럽Q,2026-09-19,12:32,180000,golfpang,,,18홀,tr_220103096
일레븐,2026-09-19,18:05,75000,golfpang,,,18홀,tr_220105413
일레븐,2026-09-19,13:24,115000,golfpang,,,18홀,tr_220105412
일레븐,2026-09-19,06:23,130000,golfpang,,,18홀,tr_220105411
옥스필드,2026-09-19,16:37,89000,golfpang,,,18홀,tr_220290763
골프존 송도(구.오렌지듄스),2026-09-19,06:11,199000,golfpang,,,18홀,tr_220201811
골프존 송도(구.오렌지듄스),2026-09-19,13:50,199000,golfpang,,,18홀,tr_220201812
골프존 송도(구.오렌지듄스),2026-09-19,18:38,159000,golfpang,,,18홀,tr_220201813
옥스필드,2026-09-19,12:13,109000,golfpang,,,18홀,tr_220290737
블랙스톤벨포레,2026-09-19,13:35,110000,golfpang,,,18홀,tr_219872439
클럽72,2026-09-19,18:40,140000,golfpang,,,18홀,tr_220283534
더플레이어스,2026-09-19,12:40,160000,golfpang,,,18홀,tr_220205339
알펜시아명문,2026-09-19,06:30,100000,golfpang,,,18홀,tr_219553434
프린세스,2026-09-19,08:19,150000,golfpang,,,18홀,tr_220283419
골프존 송도(구.오렌지듄스),2026-09-19,18:31,159000,golfpang,,,18홀,tr_220103014
떼제베(동북),2026-09-19,13:14,130000,golfpang,,,18홀,tr_220290692
골든베이,2026-09-19,06:51,150000,golfpang,,,18홀,tr_220102945
옥스필드,2026-09-19,11:17,129000,golfpang,,,18홀,tr_220290683
360도,2026-09-19,06:45,180000,golfpang,,,18홀,tr_220102831
비발디파크E,2026-09-19,12:34,224000,golfpang,,,18홀,tr_219716177
자유로,2026-09-19,13:23,220000,golfpang,,,18홀,tr_220118395
자유로,2026-09-19,14:05,210000,golfpang,,,18홀,tr_220118394
골프존 안성H,2026-09-19,13:45,185000,golfpang,,,18홀,tr_220290612
골프존 안성H,2026-09-19,13:31,185000,golfpang,,,18홀,tr_220290611
골프존 안성H,2026-09-19,13:47,185000,golfpang,,,18홀,tr_220290613
힐마루 포천,2026-09-19,18:20,160000,golfpang,,,18홀,tr_220204858
오로라,2026-09-19,17:50,100000,golfpang,,,18홀,tr_220290587
스카이밸리,2026-09-19,06:41,200000,golfpang,,,18홀,tr_220290585
스카이밸리,2026-09-19,13:53,190000,golfpang,,,18홀,tr_220290534
스카이밸리,2026-09-19,06:48,200000,golfpang,,,18홀,tr_220290533
알프스대영,2026-09-19,18:25,65000,golfpang,,,18홀,tr_220290501
골프존 화랑,2026-09-19,07:58,175000,golfpang,,,18홀,tr_220290319
골프존 화랑,2026-09-19,13:06,131000,golfpang,,,18홀,tr_220290320
골프존 화랑,2026-09-19,06:55,165000,golfpang,,,18홀,tr_220290318
베스트밸리-퍼9,2026-09-19,16:52,140000,golfpang,,,18홀,tr_220180939
골프클럽Q,2026-09-19,13:28,170000,golfpang,,,18홀,tr_220217089
골프존 안성H,2026-09-19,13:31,190000,golfpang,,,18홀,tr_220216554
오로라,2026-09-19,13:42,140000,golfpang,,,18홀,tr_220217805
감곡,2026-09-19,13:42,160000,golfpang,,,18홀,tr_220217029
골프존 송도(구.오렌지듄스),2026-09-19,13:50,199000,golfpang,,,18홀,tr_220221488
프린세스,2026-09-19,13:14,160000,golfpang,,,18홀,tr_220220636
360도,2026-09-19,12:15,180000,golfpang,,,18홀,tr_220216505
자유로,2026-09-19,14:05,210000,golfpang,,,18홀,tr_220181984
신라,2026-09-19,13:53,180000,golfpang,,,18홀,tr_220217696
옥스필드,2026-09-19,07:21,119000,golfpang,,,18홀,tr_220218010
이글몬트,2026-09-19,06:41,210000,golfpang,,,18홀,tr_220216675
로얄포레,2026-09-19,07:00,119000,golfpang,,,18홀,tr_220217529
이븐데일,2026-09-19,11:31,115000,golfpang,,,18홀,tr_220218326
올데이,2026-09-19,08:10,119000,golfpang,,,18홀,tr_220218111
중원,2026-09-19,12:58,150000,golfpang,,,18홀,tr_220290269
중원,2026-09-19,07:25,160000,golfpang,,,18홀,tr_220290268
알프스대영,2026-09-19,17:57,69000,golfpang,,,18홀,tr_220290267
알프스대영,2026-09-19,16:47,99000,golfpang,,,18홀,tr_220290227
알펜시아700,2026-09-19,18:19,70000,golfpang,,,18홀,tr_220290157
감곡,2026-09-19,18:48,120000,golfpang,,,18홀,tr_220289931
알펜시아700,2026-09-19,17:30,80000,golfpang,,,18홀,tr_220290060
알펜시아700,2026-09-19,13:52,130000,golfpang,,,18홀,tr_220290026
비콘힐스,2026-09-19,18:40,90000,golfpang,,,18홀,tr_220290003
골프존 천안,2026-09-19,13:07,149000,golfpang,,,18홀,tr_220289998
벨라스톤,2026-09-19,17:45,100000,golfpang,,,18홀,tr_220289997
벨라스톤,2026-09-19,13:42,169000,golfpang,,,18홀,tr_220289989
로얄포레,2026-09-19,17:20,99000,golfpang,,,18홀,tr_220283186
올데이,2026-09-19,11:45,119000,golfpang,,,18홀,tr_220279122
올데이,2026-09-19,08:20,119000,golfpang,,,18홀,tr_220279013
옥스필드,2026-09-19,12:20,109000,golfpang,,,18홀,tr_220283287
올데이,2026-09-19,17:00,79000,golfpang,,,18홀,tr_220278925
코브스윙,2026-09-19,14:00,180000,golfpang,,,18홀,tr_217105797
골프존 진천,2026-09-19,07:18,179000,golfpang,,,18홀,tr_220289930
플라밍고,2026-09-19,19:03,90000,golfpang,,,18홀,tr_220208773
일레븐,2026-09-19,06:33,130000,golfpang,,,18홀,tr_219781422
스카이밸리,2026-09-19,06:48,200000,golfpang,,,18홀,tr_220289929
그린힐,2026-09-19,18:42,110000,golfpang,,,18홀,tr_219780515
클럽72,2026-09-19,08:02,210000,golfpang,,,18홀,tr_220179498
일라이트,2026-09-19,17:28,97000,golfpang,,,18홀,tr_219781532
솔라고,2026-09-19,13:53,140000,golfpang,,,18홀,tr_218604623
로얄링스,2026-09-19,18:13,90000,golfpang,,,18홀,tr_219781635
포웰(안성)cc,2026-09-19,18:01,112000,golfpang,,,18홀,tr_220209903
플라밍고,2026-09-19,13:29,140000,golfpang,,,18홀,tr_220208772
가평베네스트,2026-09-19,13:28,239000,golfpang,,,18홀,tr_220046398
포웰(안성)cc,2026-09-19,19:39,92000,golfpang,,,18홀,tr_220209898
일라이트,2026-09-19,18:24,97000,golfpang,,,18홀,tr_219781539
일레븐,2026-09-19,12:32,115000,golfpang,,,18홀,tr_219781425
로얄링스,2026-09-19,07:48,120000,golfpang,,,18홀,tr_219781664
젠스필드,2026-09-19,18:45,100000,golfpang,,,18홀,tr_220289916
젠스필드,2026-09-19,18:45,100000,golfpang,,,18홀,tr_220289917
스카이밸리,2026-09-19,06:48,200000,golfpang,,,18홀,tr_220289870
스카이밸리,2026-09-19,13:53,190000,golfpang,,,18홀,tr_220289871
골프존 화랑,2026-09-19,13:43,131000,golfpang,,,18홀,tr_220289868
남춘천,2026-09-19,13:42,170000,golfpang,,,18홀,tr_220289867
알프스대영,2026-09-19,18:25,65000,golfpang,,,18홀,tr_220279085
모나크,2026-09-19,18:30,110000,golfpang,,,18홀,tr_220236070
남한강에스파크,2026-09-19,18:28,99000,golfpang,,,18홀,tr_219798038
비콘힐스,2026-09-19,18:33,90000,golfpang,,,18홀,tr_219880759
리베라,2026-09-19,18:31,150000,golfpang,,,18홀,tr_219329195
몽베르(대중제),2026-09-19,18:31,140000,golfpang,,,18홀,tr_220261933
몽베르(대중제),2026-09-19,18:38,140000,golfpang,,,18홀,tr_220261931
로얄포레,2026-09-19,18:36,99000,golfpang,,,18홀,tr_220283268
블랙스톤벨포레,2026-09-19,18:40,70000,golfpang,,,18홀,tr_220124693
아난티중앙(야간),2026-09-19,18:38,130000,golfpang,,,18홀,tr_220218866
아난티중앙(야간),2026-09-19,18:38,130000,golfpang,,,18홀,tr_220218867
리베라,2026-09-19,18:45,150000,golfpang,,,18홀,tr_219329196
대영베이스,2026-09-19,18:51,89000,golfpang,,,18홀,tr_220287904
용인플라자,2026-09-19,18:48,160000,golfpang,,,18홀,tr_219536870
킹즈락,2026-09-19,18:48,95000,golfpang,,,18홀,tr_220274038
블랙스톤벨포레,2026-09-19,18:47,70000,golfpang,,,18홀,tr_220124694
이븐데일,2026-09-19,08:24,115000,golfpang,,,18홀,tr_220283480
동강시스타,2026-09-19,08:22,120000,golfpang,,,18홀,tr_219331852
알펜시아명문,2026-09-19,08:20,150000,golfpang,,,18홀,tr_219820965
이천실크밸리,2026-09-19,08:27,195000,golfpang,,,18홀,tr_220138785
프린세스,2026-09-19,08:26,190000,golfpang,,,18홀,tr_219437684
알펜시아700,2026-09-19,08:25,130000,golfpang,,,18홀,tr_219821109
플라밍고,2026-09-19,08:33,190000,golfpang,,,18홀,tr_220118281
웰리힐리,2026-09-19,10:54,190000,golfpang,,,18홀,tr_219331534
모카cc,2026-09-19,08:53,155000,golfpang,,,18홀,tr_220149745
이븐데일,2026-09-19,11:31,90000,golfpang,,,18홀,tr_220283481
뉴스프링빌,2026-09-19,11:29,280000,golfpang,,,18홀,tr_219937423
빅토리아-퍼9,2026-09-19,11:21,119000,golfpang,,,18홀,tr_219749423
알펜시아명문,2026-09-19,11:14,170000,golfpang,,,18홀,tr_219820966
포천힐스,2026-09-19,11:49,230000,golfpang,,,18홀,tr_220075419
이글몬트,2026-09-19,06:41,195000,golfpang,,,18홀,tr_220262302
에델바이스(가명),2026-09-19,06:42,180000,golfpang,,,18홀,tr_220218690
360도,2026-09-19,06:52,220000,golfpang,,,18홀,tr_219818078
알펜시아명문,2026-09-19,06:56,120000,golfpang,,,18홀,tr_219820964
히든밸리,2026-09-19,06:56,200000,golfpang,,,18홀,tr_220241500
프린세스,2026-09-19,06:55,185000,golfpang,,,18홀,tr_219437683
동촌,2026-09-19,06:55,170000,golfpang,,,18홀,tr_220013587
로얄포레,2026-09-19,07:00,139000,golfpang,,,18홀,tr_220283266
스프링베일-퍼9,2026-09-19,06:59,105000,golfpang,,,18홀,tr_220217904
안성베네스트(클),2026-09-19,07:12,290000,golfpang,,,18홀,tr_220240441
감곡,2026-09-19,07:12,180000,golfpang,,,18홀,tr_219651929
옥스필드,2026-09-19,07:21,129000,golfpang,,,18홀,tr_220283421
더플레이어스,2026-09-19,07:16,190000,golfpang,,,18홀,tr_219995016
동촌,2026-09-19,07:23,190000,golfpang,,,18홀,tr_220013586
힐데스하임,2026-09-19,07:22,170000,golfpang,,,18홀,tr_219929493
솔트베이,2026-09-19,05:49,259000,golfpang,,,18홀,tr_220262369
대영힐스,2026-09-19,05:39,110000,golfpang,,,18홀,tr_220287594
임페리얼레이크,2026-09-19,06:04,109000,golfpang,,,18홀,tr_220283036
빅토리아-퍼9,2026-09-19,06:07,119000,golfpang,,,18홀,tr_219749422
푸른솔포천,2026-09-19,06:07,240000,golfpang,,,18홀,tr_220009224
파인밸리,2026-09-19,06:17,125000,golfpang,,,18홀,tr_219331596
파인밸리,2026-09-19,06:17,125000,golfpang,,,18홀,tr_219331595
대호단양,2026-09-19,06:14,149000,golfpang,,,18홀,tr_219330757
힐데스하임,2026-09-19,06:22,155000,golfpang,,,18홀,tr_219929492
베스트밸리-퍼9,2026-09-19,06:26,200000,golfpang,,,18홀,tr_219329992
세현,2026-09-19,06:24,270000,golfpang,,,18홀,tr_219329253
일레븐,2026-09-19,06:23,130000,golfpang,,,18홀,tr_220239139
여주,2026-09-19,06:30,270000,golfpang,,,18홀,tr_220015415
스타,2026-09-19,06:30,190000,golfpang,,,18홀,tr_220238910
골든베이,2026-09-19,06:30,150000,golfpang,,,18홀,tr_219330543
센추리21(퍼),2026-09-19,06:28,120000,golfpang,,,18홀,tr_219792762
스카이밸리,2026-09-19,06:34,200000,golfpang,,,18홀,tr_220289633
이글몬트,2026-09-19,06:34,195000,golfpang,,,18홀,tr_220262303
올데이,2026-09-19,06:32,99000,golfpang,,,18홀,tr_220283356
킹즈락,2026-09-19,06:38,130000,golfpang,,,18홀,tr_220274036
스톤비치,2026-09-19,06:35,130000,golfpang,,,18홀,tr_219373058
벨라스톤,2026-09-19,06:35,160000,golfpang,,,18홀,tr_219871736
마이다스레이크 이천,2026-09-19,14:03,180000,golfpang,,,18홀,tr_220241608
마이다스레이크 이천,2026-09-19,14:10,180000,golfpang,,,18홀,tr_220241607
속리산cc,2026-09-19,14:14,130000,golfpang,,,18홀,tr_220239856
속리산cc,2026-09-19,14:14,130000,golfpang,,,18홀,tr_220239855
속리산cc,2026-09-19,14:14,130000,golfpang,,,18홀,tr_220239854
안성베네스트(클),2026-09-19,14:13,179000,golfpang,,,18홀,tr_220240442
남양주(퍼9),2026-09-19,16:27,129000,golfpang,,,18홀,tr_220121154
대호단양,2026-09-19,16:20,129000,golfpang,,,18홀,tr_219330758
알프스대영,2026-09-19,16:47,99000,golfpang,,,18홀,tr_220279083
이븐데일,2026-09-19,17:04,84000,golfpang,,,18홀,tr_220283482
대영힐스,2026-09-19,13:23,130000,golfpang,,,18홀,tr_220287596
예미지,2026-09-19,13:29,170000,golfpang,,,18홀,tr_220240506
대영베이스,2026-09-19,13:32,139000,golfpang,,,18홀,tr_220287902
골프존 안성H,2026-09-19,13:31,185000,golfpang,,,18홀,tr_220239792
에델바이스(가명),2026-09-19,13:33,180000,golfpang,,,18홀,tr_220218691
골프존 안성H,2026-09-19,13:38,185000,golfpang,,,18홀,tr_220239793
가평(비공개),2026-09-19,13:38,230000,golfpang,,,18홀,tr_218213660
동서울cc-퍼9,2026-09-19,13:45,89000,golfpang,,,18홀,tr_219331995
골프존 안성H,2026-09-19,13:45,185000,golfpang,,,18홀,tr_220239794
보령베이스-퍼9,2026-09-19,13:48,89000,golfpang,,,18홀,tr_219331047
이천실크밸리,2026-09-19,13:52,155000,golfpang,,,18홀,tr_220138786
백제,2026-09-19,13:54,140000,golfpang,,,18홀,tr_220013777
로얄포레,2026-09-19,12:41,139000,golfpang,,,18홀,tr_220283267
예미지,2026-09-19,12:40,190000,golfpang,,,18홀,tr_220240505
가평(비공개),2026-09-19,12:42,240000,golfpang,,,18홀,tr_218213659
빅토리아-퍼9,2026-09-19,12:45,119000,golfpang,,,18홀,tr_219749424
알펜시아700,2026-09-19,12:49,140000,golfpang,,,18홀,tr_219821110
스타,2026-09-19,12:48,190000,golfpang,,,18홀,tr_220238911
감곡,2026-09-19,12:53,170000,golfpang,,,18홀,tr_219651931
포웰(안성)cc,2026-09-19,12:54,182000,golfpang,,,18홀,tr_219914916
센추리21(퍼),2026-09-19,13:00,120000,golfpang,,,18홀,tr_219792763
스프링베일-퍼9,2026-09-19,13:04,105000,golfpang,,,18홀,tr_220217905
골든베이,2026-09-19,13:03,150000,golfpang,,,18홀,tr_219330544
모나크,2026-09-19,13:03,150000,golfpang,,,18홀,tr_220236069
남양주(퍼9),2026-09-19,13:07,139000,golfpang,,,18홀,tr_220121153
포천힐스,2026-09-19,13:06,230000,golfpang,,,18홀,tr_220075421
해솔리아,2026-09-19,13:05,170000,golfpang,,,18홀,tr_220274469
더플레이어스,2026-09-19,13:05,160000,golfpang,,,18홀,tr_219995017
세레니티-강촌,2026-09-19,13:10,210000,golfpang,,,18홀,tr_220127777
스타,2026-09-19,13:09,180000,golfpang,,,18홀,tr_220238912
신라,2026-09-19,13:18,180000,golfpang,,,18홀,tr_220121540
동강시스타,2026-09-19,13:21,110000,golfpang,,,18홀,tr_219331853
플라밍고,2026-09-19,13:25,170000,golfpang,,,18홀,tr_220118282
스톤비치,2026-09-19,13:23,160000,golfpang,,,18홀,tr_219373059
감곡,2026-09-19,11:57,180000,golfpang,,,18홀,tr_219651930
프린세스,2026-09-19,12:04,180000,golfpang,,,18홀,tr_219437685
킹즈락,2026-09-19,12:01,145000,golfpang,,,18홀,tr_220274037
플라밍고,2026-09-19,12:01,180000,golfpang,,,18홀,tr_220118283
포천힐스,2026-09-19,12:10,230000,golfpang,,,18홀,tr_220075420
360도,2026-09-19,12:07,190000,golfpang,,,18홀,tr_219818079
웰리힐리,2026-09-19,12:06,190000,golfpang,,,18홀,tr_219331535
파주,2026-09-19,12:13,250000,golfpang,,,18홀,tr_220129066
임페리얼레이크,2026-09-19,12:13,139000,golfpang,,,18홀,tr_220283037
올데이,2026-09-19,12:13,109000,golfpang,,,18홀,tr_220283357
옥스필드,2026-09-19,12:13,109000,golfpang,,,18홀,tr_220283422
대영힐스,2026-09-19,12:12,130000,golfpang,,,18홀,tr_220287595
모카cc,2026-09-19,12:11,145000,golfpang,,,18홀,tr_220149746
보령베이스-퍼9,2026-09-19,12:10,109000,golfpang,,,18홀,tr_219331046
남양주(퍼9),2026-09-19,12:14,139000,golfpang,,,18홀,tr_220121152
모나크,2026-09-19,12:14,160000,golfpang,,,18홀,tr_220236068
베스트밸리-퍼9,2026-09-19,12:21,170000,golfpang,,,18홀,tr_219329993
포웰(안성)cc,2026-09-19,12:19,192000,golfpang,,,18홀,tr_219914915
웰리힐리,2026-09-19,12:26,190000,golfpang,,,18홀,tr_219331536
뉴스프링빌,2026-09-19,12:29,280000,golfpang,,,18홀,tr_219937424
세레니티-강촌,2026-09-19,12:35,210000,golfpang,,,18홀,tr_220127776
힐데스하임,2026-09-19,12:34,150000,golfpang,,,18홀,tr_219929494
히든밸리,2026-09-19,12:37,180000,golfpang,,,18홀,tr_220241501
동서울cc-퍼9,2026-09-19,08:09,99000,golfpang,,,18홀,tr_219331994
해솔리아,2026-09-19,07:59,230000,golfpang,,,18홀,tr_220274468
보령베이스-퍼9,2026-09-19,08:14,89000,golfpang,,,18홀,tr_219331045
샤인데일,2026-09-19,08:12,200000,golfpang,,,18홀,tr_220103630
더플레이어스,2026-09-19,12:51,160000,golfpang,,,18홀,tr_220289861
파주,2026-09-19,16:52,180000,golfpang,,,18홀,tr_220289832
골프존 화랑,2026-09-19,08:43,185000,golfpang,,,18홀,tr_220289785
코리아,2026-09-19,18:36,149000,golfpang,,,18홀,tr_152402633
모나크,2026-09-19,13:03,170000,golfpang,,,18홀,tr_220289775
해솔리아,2026-09-19,18:18,135000,golfpang,,,18홀,tr_220289774
중원,2026-09-19,14:00,150000,golfpang,,,18홀,tr_220289772
양지파인,2026-09-19,11:51,170000,golfpang,,,18홀,tr_220289733
양지파인,2026-09-19,11:59,170000,golfpang,,,18홀,tr_220289734
골드,2026-09-19,18:36,149000,golfpang,,,18홀,tr_153756978
모나크,2026-09-19,18:23,110000,golfpang,,,18홀,tr_220289729
360도,2026-09-19,07:07,180000,golfpang,,,18홀,tr_220289724
마이다스레이크 이천,2026-09-19,13:00,200000,golfpang,,,18홀,tr_220179548
안성베네스트(클),2026-09-19,13:52,209000,golfpang,,,18홀,tr_219545927
강릉(비공개),2026-09-19,07:42,170000,golfpang,,,18홀,tr_217897048
속초(비공개),2026-09-19,13:39,160000,golfpang,,,18홀,tr_218958428
가평베네스트,2026-09-19,13:42,250000,golfpang,,,18홀,tr_219325817
파주,2026-09-19,13:02,230000,golfpang,,,18홀,tr_220289706
일레븐,2026-09-19,06:23,130000,golfpang,,,18홀,tr_220052078
해솔리아,2026-09-19,17:50,150000,golfpang,,,18홀,tr_220289631
양평TPC,2026-09-19,11:51,180000,golfpang,,,18홀,tr_220258382
해솔리아,2026-09-19,13:37,160000,golfpang,,,18홀,tr_220261904
해솔리아,2026-09-19,06:28,180000,golfpang,,,18홀,tr_220261903
해솔리아,2026-09-19,06:28,180000,golfpang,,,18홀,tr_220261902
해솔리아,2026-09-19,13:19,170000,golfpang,,,18홀,tr_220289627
클럽72,2026-09-19,19:14,150000,golfpang,,,18홀,tr_220289621
인천그랜드,2026-09-19,17:46,189000,golfpang,,,18홀,tr_220289618
인천그랜드,2026-09-19,16:50,199000,golfpang,,,18홀,tr_220289614
에덴블루,2026-09-19,18:28,129900,golfpang,,,18홀,tr_220289555
오너스,2026-09-19,08:28,175000,golfpang,,,18홀,tr_220289538
오너스,2026-09-19,08:28,175000,golfpang,,,18홀,tr_220289537
양평TPC,2026-09-19,13:36,160000,golfpang,,,18홀,tr_220289515
양지파인,2026-09-19,11:51,170000,golfpang,,,18홀,tr_220289470
써닝포인트,2026-09-19,17:57,165000,golfpang,,,18홀,tr_220289450
솔트베이,2026-09-19,18:29,189000,golfpang,,,18홀,tr_220289404
솔트베이,2026-09-19,17:47,199000,golfpang,,,18홀,tr_220289398
세현,2026-09-19,18:09,170000,golfpang,,,18홀,tr_220289322
세현,2026-09-19,17:48,180000,golfpang,,,18홀,tr_220289302
리베라,2026-09-19,19:06,140000,golfpang,,,18홀,tr_220289282
그린힐,2026-09-19,18:59,110000,golfpang,,,18홀,tr_220289223
그린힐,2026-09-19,17:35,140000,golfpang,,,18홀,tr_220289118
골프클럽Q,2026-09-19,17:54,130000,golfpang,,,18홀,tr_220289060
골프존 송도(구.오렌지듄스),2026-09-19,18:32,159000,golfpang,,,18홀,tr_220212063
클럽72,2026-09-19,18:30,140000,golfpang,,,18홀,tr_220255853
블랙스톤벨포레,2026-09-19,17:38,80000,golfpang,,,18홀,tr_220212052
클럽72,2026-09-19,07:11,210000,golfpang,,,18홀,tr_220212029
클럽72,2026-09-19,18:20,140000,golfpang,,,18홀,tr_220212057
한탄강,2026-09-19,14:00,170000,golfpang,,,18홀,tr_220212045
블랙스톤벨포레,2026-09-19,13:56,110000,golfpang,,,18홀,tr_220212037
골프존 송도(구.오렌지듄스),2026-09-19,06:19,229000,golfpang,,,18홀,tr_220212022
골프클럽Q,2026-09-19,13:28,170000,golfpang,,,18홀,tr_220288995
골프클럽Q,2026-09-19,12:32,180000,golfpang,,,18홀,tr_220288973
웰리힐리,2026-09-19,07:34,190000,golfpang,,,18홀,tr_220288901
웰리힐리,2026-09-19,10:54,190000,golfpang,,,18홀,tr_220288902
웰리힐리,2026-09-19,13:42,190000,golfpang,,,18홀,tr_220288903
골프존 안성W,2026-09-19,19:06,120000,golfpang,,,18홀,tr_220288897
360도,2026-09-19,12:15,200000,golfpang,,,18홀,tr_220288653
360도,2026-09-19,07:07,180000,golfpang,,,18홀,tr_220288652
임페리얼레이크,2026-09-19,11:30,129000,golfpang,,,18홀,tr_220288649
그린힐,2026-09-19,17:35,140000,golfpang,,,18홀,tr_220288619
그린힐,2026-09-19,17:42,140000,golfpang,,,18홀,tr_220288620
힐데스하임,2026-09-19,07:22,155000,golfpang,,,18홀,tr_220288497
힐데스하임,2026-09-19,12:19,150000,golfpang,,,18홀,tr_220288498
힐데스하임,2026-09-19,06:07,140000,golfpang,,,18홀,tr_220288496
이븐데일,2026-09-19,08:24,115000,golfpang,,,18홀,tr_220288461
이븐데일,2026-09-19,06:53,95000,golfpang,,,18홀,tr_220288460
이븐데일,2026-09-19,12:34,90000,golfpang,,,18홀,tr_220288462
파인스톤,2026-09-19,11:59,200000,golfpang,,,18홀,tr_220288421
파인스톤,2026-09-19,06:21,190000,golfpang,,,18홀,tr_220288419
파인스톤,2026-09-19,11:17,200000,golfpang,,,18홀,tr_220288420
양지파인,2026-09-19,08:39,199000,golfpang,,,18홀,tr_220288243
양지파인,2026-09-19,11:51,170000,golfpang,,,18홀,tr_220288244
마이다스레이크 이천,2026-09-19,14:03,190000,golfpang,,,18홀,tr_220219632
아난티중앙(야간),2026-09-19,17:53,140000,golfpang,,,18홀,tr_220250339
가평프리스틴밸리,2026-09-19,13:17,220000,golfpang,,,18홀,tr_220261276
양평TPC,2026-09-19,13:15,160000,golfpang,,,18홀,tr_220259847
블랙스톤벨포레,2026-09-19,13:20,110000,golfpang,,,18홀,tr_220220559
스카이밸리,2026-09-19,13:32,200000,golfpang,,,18홀,tr_220223210
베뉴지,2026-09-19,13:30,160000,golfpang,,,18홀,tr_220219926
시그너스,2026-09-19,13:56,160000,golfpang,,,18홀,tr_220242697
골프존 천안,2026-09-19,12:23,173000,golfpang,,,18홀,tr_220215441
포웰(안성)cc,2026-09-19,12:54,162000,golfpang,,,18홀,tr_220261080
신라,2026-09-19,07:20,240000,golfpang,,,18홀,tr_220260032
진천(비공개),2026-09-19,07:17,180000,golfpang,,,18홀,tr_220259247
골프존 화랑,2026-09-19,07:16,190000,golfpang,,,18홀,tr_220260768
로얄링스,2026-09-19,07:45,120000,golfpang,,,18홀,tr_220219230
라싸,2026-09-19,07:33,219000,golfpang,,,18홀,tr_220218951
스톤비치,2026-09-19,07:59,140000,golfpang,,,18홀,tr_220230255
중원,2026-09-19,08:21,160000,golfpang,,,18홀,tr_220260509
플라밍고,2026-09-19,19:06,90000,golfpang,,,18홀,tr_220261492
골프존 진천,2026-09-19,06:21,169000,golfpang,,,18홀,tr_220215252
남한강에스파크,2026-09-19,18:14,99000,golfpang,,,18홀,tr_220215858
골프존 화랑,2026-09-19,06:34,175000,golfpang,,,18홀,tr_220215571
서원힐스,2026-09-19,05:40,250000,golfpang,,,18홀,tr_220013354
오너스,2026-09-19,07:39,155000,golfpang,,,18홀,tr_220174695
골프존 안성H,2026-09-19,13:00,190000,golfpang,,,18홀,tr_220218288
그린힐,2026-09-19,19:00,100000,golfpang,,,18홀,tr_220287773
임페리얼레이크,2026-09-19,05:50,109000,golfpang,,,18홀,tr_220215415
솔라고,2026-09-19,11:50,180000,golfpang,,,18홀,tr_219094094
솔라고,2026-09-19,14:17,140000,golfpang,,,18홀,tr_219094095
파주타이거,2026-09-19,18:17,190000,golfpang,,,18홀,tr_220287674
파주타이거,2026-09-19,17:59,190000,golfpang,,,18홀,tr_220287673
파주타이거,2026-09-19,17:53,190000,golfpang,,,18홀,tr_220287672
옥스필드,2026-09-19,08:10,129000,golfpang,,,18홀,tr_220287649
옥스필드,2026-09-19,07:21,119000,golfpang,,,18홀,tr_220287648
옥스필드,2026-09-19,12:27,109000,golfpang,,,18홀,tr_220287650
포웰(안성)cc,2026-09-19,18:00,112000,golfpang,,,18홀,tr_220014326
모카cc,2026-09-19,08:18,150000,golfpang,,,18홀,tr_220287547
스프링베일-퍼9,2026-09-19,17:29,90000,golfpang,,,18홀,tr_220287540
스프링베일-퍼9,2026-09-19,13:25,100000,golfpang,,,18홀,tr_220057112
마이다스레이크 이천,2026-09-19,14:24,180000,golfpang,,,18홀,tr_220261441
이븐데일,2026-09-19,12:34,90000,golfpang,,,18홀,tr_220283537
이븐데일,2026-09-19,08:24,115000,golfpang,,,18홀,tr_220283536
이븐데일,2026-09-19,06:53,95000,golfpang,,,18홀,tr_220283535
솔모로,2026-09-19,13:14,190000,golfpang,,,18홀,tr_220283562
이븐데일,2026-09-19,17:05,84000,golfpang,,,18홀,tr_220283381
이븐데일,2026-09-19,11:44,90000,golfpang,,,18홀,tr_220283380
이븐데일,2026-09-19,06:53,95000,golfpang,,,18홀,tr_220283379
스프링베일-퍼9,2026-09-19,12:43,100000,golfpang,,,18홀,tr_220057285
여주(비공개S),2026-09-19,12:50,200000,golfpang,,,18홀,tr_219986815
남춘천,2026-09-19,06:30,180000,golfpang,,,18홀,tr_220205807
해솔리아,2026-09-19,12:23,170000,golfpang,,,18홀,tr_220283246
해솔리아,2026-09-19,18:18,135000,golfpang,,,18홀,tr_220283247
해솔리아,2026-09-19,07:17,180000,golfpang,,,18홀,tr_220283245
로얄포레,2026-09-19,18:36,99000,golfpang,,,18홀,tr_220126328
클럽D 거창,2026-09-19,11:33,95000,golfpang,,,18홀,tr_220283169
클럽D 거창,2026-09-19,06:55,80000,golfpang,,,18홀,tr_220283168
포레스트힐,2026-09-19,18:10,140000,golfpang,,,18홀,tr_220212056
임페리얼레이크,2026-09-19,11:31,139000,golfpang,,,18홀,tr_220212014
골프존 진천,2026-09-19,06:42,169000,golfpang,,,18홀,tr_220211713
동촌,2026-09-19,07:51,190000,golfpang,,,18홀,tr_220211778
킹즈락,2026-09-19,06:45,140000,golfpang,,,18홀,tr_220211833
썬밸리(일죽),2026-09-19,13:42,169000,golfpang,,,18홀,tr_219389271
힐마루 포천,2026-09-19,14:03,220000,golfpang,,,18홀,tr_220127715
모카cc,2026-09-19,08:18,150000,golfpang,,,18홀,tr_220202024
올데이,2026-09-19,07:01,99000,golfpang,,,18홀,tr_220190220
파주,2026-09-19,12:27,230000,golfpang,,,18홀,tr_220282974
더플레이어스,2026-09-19,13:26,160000,golfpang,,,18홀,tr_220002563
웰리힐리,2026-09-19,10:54,190000,golfpang,,,18홀,tr_220184515
베스트밸리-퍼9,2026-09-19,18:09,130000,golfpang,,,18홀,tr_220182867
임페리얼레이크,2026-09-19,17:33,99000,golfpang,,,18홀,tr_220278894
임페리얼레이크,2026-09-19,11:31,129000,golfpang,,,18홀,tr_220278893
임페리얼레이크,2026-09-19,06:49,129000,golfpang,,,18홀,tr_220278892
파주타이거,2026-09-19,05:32,240000,golfpang,,,18홀,tr_219596603
해솔리아,2026-09-19,06:35,180000,golfpang,,,18홀,tr_220278835
해솔리아,2026-09-19,11:27,210000,golfpang,,,18홀,tr_220278837
해솔리아,2026-09-19,07:31,230000,golfpang,,,18홀,tr_220278836
클럽모우,2026-09-19,12:45,180000,golfpang,,,18홀,tr_220182632
일레븐,2026-09-19,18:05,75000,golfpang,,,18홀,tr_220278818
일레븐,2026-09-19,18:40,75000,golfpang,,,18홀,tr_220278819
일레븐,2026-09-19,06:23,130000,golfpang,,,18홀,tr_220278817
샴발라,2026-09-19,12:16,180000,golfpang,,,18홀,tr_220182570
스카이밸리,2026-09-19,12:29,230000,golfpang,,,18홀,tr_220241995
로얄링스,2026-09-19,13:09,120000,golfpang,,,18홀,tr_219998671
파주,2026-09-19,12:13,270000,golfpang,,,18홀,tr_219781941
신라,2026-09-19,12:50,190000,golfpang,,,18홀,tr_219998516
신라,2026-09-19,13:53,180000,golfpang,,,18홀,tr_219557950
클럽72,2026-09-19,18:18,150000,golfpang,,,18홀,tr_218779563
파주,2026-09-19,05:42,220000,golfpang,,,18홀,tr_219781963
로얄링스,2026-09-19,07:17,120000,golfpang,,,18홀,tr_219998670
해솔리아,2026-09-19,07:31,180000,golfpang,,,18홀,tr_220278655
해솔리아,2026-09-19,12:23,170000,golfpang,,,18홀,tr_220278656
해솔리아,2026-09-19,18:04,135000,golfpang,,,18홀,tr_220278657
신라,2026-09-19,14:00,180000,golfpang,,,18홀,tr_220278637
신라,2026-09-19,14:14,180000,golfpang,,,18홀,tr_220278639
신라,2026-09-19,14:07,180000,golfpang,,,18홀,tr_220278638
스타,2026-09-19,12:48,190000,golfpang,,,18홀,tr_220278589
스타,2026-09-19,17:49,120000,golfpang,,,18홀,tr_220278590
스타,2026-09-19,06:30,180000,golfpang,,,18홀,tr_220278588
가평(비공개),2026-09-19,06:42,260000,golfpang,,,18홀,tr_220220849
청평(비공개),2026-09-19,06:42,260000,golfpang,,,18홀,tr_220220797
가평(비공개),2026-09-19,13:50,240000,golfpang,,,18홀,tr_220210149
청평(비공개),2026-09-19,13:50,240000,golfpang,,,18홀,tr_220210261
해솔리아,2026-09-19,13:40,160000,golfpang,,,18홀,tr_220274707
해솔리아,2026-09-19,07:24,180000,golfpang,,,18홀,tr_220274706
해솔리아,2026-09-19,06:14,170000,golfpang,,,18홀,tr_220274705
스타,2026-09-19,06:44,180000,golfpang,,,18홀,tr_220274517
스타,2026-09-19,13:02,180000,golfpang,,,18홀,tr_220274518
한림광릉,2026-09-19,13:58,190000,golfpang,,,18홀,tr_220274413
한림광릉,2026-09-19,17:17,150000,golfpang,,,18홀,tr_220274414
한림광릉,2026-09-19,06:38,230000,golfpang,,,18홀,tr_220274412
세현,2026-09-19,17:48,180000,golfpang,,,18홀,tr_220274358
세현,2026-09-19,18:16,170000,golfpang,,,18홀,tr_220274360
세현,2026-09-19,18:02,180000,golfpang,,,18홀,tr_220274359
알프스대영,2026-09-19,17:36,69000,golfpang,,,18홀,tr_219781311
알프스대영,2026-09-19,18:18,59000,golfpang,,,18홀,tr_219781283
골프존 화랑,2026-09-19,06:27,165000,golfpang,,,18홀,tr_220274217
한림용인,2026-09-19,17:15,150000,golfpang,,,18홀,tr_220274216
빅토리아-퍼9,2026-09-19,18:13,99000,golfpang,,,18홀,tr_220274190
빅토리아-퍼9,2026-09-19,17:38,99000,golfpang,,,18홀,tr_220274189
빅토리아-퍼9,2026-09-19,18:34,99000,golfpang,,,18홀,tr_220274191
이글몬트,2026-09-19,07:37,195000,golfpang,,,18홀,tr_220274111
이글몬트,2026-09-19,12:22,170000,golfpang,,,18홀,tr_220274112
신라,2026-09-19,14:14,180000,golfpang,,,18홀,tr_220208171
빅토리아-퍼9,2026-09-19,17:38,99000,golfpang,,,18홀,tr_219929130
용인플라자,2026-09-19,17:31,160000,golfpang,,,18홀,tr_219540522
골프존 송도(구.오렌지듄스),2026-09-19,17:45,159000,golfpang,,,18홀,tr_220233329
용인플라자,2026-09-19,18:06,160000,golfpang,,,18홀,tr_219540523
빅토리아-퍼9,2026-09-19,18:06,99000,golfpang,,,18홀,tr_219929131
골프존 안성H,2026-09-19,13:31,185000,golfpang,,,18홀,tr_220239090
골프존 안성H,2026-09-19,13:38,185000,golfpang,,,18홀,tr_220239091
에델바이스(가명),2026-09-19,13:33,180000,golfpang,,,18홀,tr_220213762
신라,2026-09-19,13:53,180000,golfpang,,,18홀,tr_220208169
스카이밸리,2026-09-19,13:53,200000,golfpang,,,18홀,tr_220100051
이천실크밸리,2026-09-19,13:52,155000,golfpang,,,18홀,tr_220009477
골프존 송도(구.오렌지듄스),2026-09-19,13:50,199000,golfpang,,,18홀,tr_220233328
양지파인,2026-09-19,11:51,180000,golfpang,,,18홀,tr_220103312
유니아일랜드,2026-09-19,06:43,190000,golfpang,,,18홀,tr_220037214
에델바이스(가명),2026-09-19,06:42,180000,golfpang,,,18홀,tr_220213761
스카이밸리,2026-09-19,06:55,220000,golfpang,,,18홀,tr_220100050
이천실크밸리,2026-09-19,07:17,185000,golfpang,,,18홀,tr_220009476
양지파인,2026-09-19,08:22,210000,golfpang,,,18홀,tr_220103311
유니아일랜드,2026-09-19,10:40,200000,golfpang,,,18홀,tr_220037215
골프존 송도(구.오렌지듄스),2026-09-19,06:11,199000,golfpang,,,18홀,tr_220233327
이천실크밸리,2026-09-19,18:17,110000,golfpang,,,18홀,tr_220009478
빅토리아-퍼9,2026-09-19,18:34,99000,golfpang,,,18홀,tr_219929132
용인플라자,2026-09-19,18:47,160000,golfpang,,,18홀,tr_219540524
신라,2026-09-19,14:00,180000,golfpang,,,18홀,tr_220208170
유니아일랜드,2026-09-19,15:49,140000,golfpang,,,18홀,tr_220037216
골프존 안성H,2026-09-19,14:20,185000,golfpang,,,18홀,tr_220239092
한림용인,2026-09-19,11:50,210000,golfpang,,,18홀,tr_220274063
리베라,2026-09-19,19:06,140000,golfpang,,,18홀,tr_220274022
리베라,2026-09-19,19:13,140000,golfpang,,,18홀,tr_220274023
리베라,2026-09-19,14:31,210000,golfpang,,,18홀,tr_220274021
비콘힐스,2026-09-19,18:47,90000,golfpang,,,18홀,tr_220114653
필로스,2026-09-19,18:27,140000,golfpang,,,18홀,tr_219685662
필로스,2026-09-19,18:20,140000,golfpang,,,18홀,tr_219685661
몽베르(대중제),2026-09-19,18:31,140000,golfpang,,,18홀,tr_220260977
베스트밸리-퍼9,2026-09-19,18:30,130000,golfpang,,,18홀,tr_220236191
비콘힐스,2026-09-19,18:40,90000,golfpang,,,18홀,tr_220114652
몽베르(대중제),2026-09-19,18:38,140000,golfpang,,,18홀,tr_220260978
비콘힐스,2026-09-19,18:54,90000,golfpang,,,18홀,tr_220114654
포천힐스,2026-09-19,13:55,230000,golfpang,,,18홀,tr_220205382
푸른솔포천,2026-09-19,13:55,230000,golfpang,,,18홀,tr_219872450
남양주(퍼9),2026-09-19,16:27,129000,golfpang,,,18홀,tr_220128752
남양주(퍼9),2026-09-19,17:07,119000,golfpang,,,18홀,tr_220128753
스프링베일-퍼9,2026-09-19,17:22,90000,golfpang,,,18홀,tr_220117920
베스트밸리-퍼9,2026-09-19,18:16,130000,golfpang,,,18홀,tr_220236190
몽베르(대중제),2026-09-19,18:17,140000,golfpang,,,18홀,tr_220260976
필로스,2026-09-19,18:07,140000,golfpang,,,18홀,tr_219685660
푸른솔포천,2026-09-19,06:07,240000,golfpang,,,18홀,tr_219872449
포천힐스,2026-09-19,12:10,230000,golfpang,,,18홀,tr_220205380
스프링베일-퍼9,2026-09-19,12:08,105000,golfpang,,,18홀,tr_220117919
남양주(퍼9),2026-09-19,12:34,139000,golfpang,,,18홀,tr_220128751
포천힐스,2026-09-19,13:20,230000,golfpang,,,18홀,tr_220205381
베스트밸리-퍼9,2026-09-19,18:09,130000,golfpang,,,18홀,tr_220236189
스프링베일-퍼9,2026-09-19,06:52,105000,golfpang,,,18홀,tr_220117918
블랙스톤벨포레,2026-09-19,17:58,80000,golfpang,,,18홀,tr_220118506
대영베이스,2026-09-19,17:57,95000,golfpang,,,18홀,tr_220262270
일레븐,2026-09-19,18:05,75000,golfpang,,,18홀,tr_220250324
일레븐,2026-09-19,18:26,75000,golfpang,,,18홀,tr_220250325
모나크,2026-09-19,18:30,110000,golfpang,,,18홀,tr_220233238
파인스톤,2026-09-19,18:46,150000,golfpang,,,18홀,tr_219872779
대영베이스,2026-09-19,18:44,89000,golfpang,,,18홀,tr_220262271
블랙스톤벨포레,2026-09-19,18:40,70000,golfpang,,,18홀,tr_220118507
일레븐,2026-09-19,18:40,75000,golfpang,,,18홀,tr_220250326
로얄포레,2026-09-19,18:36,99000,golfpang,,,18홀,tr_220211600
파인스톤,2026-09-19,19:00,150000,golfpang,,,18홀,tr_219872780
속리산cc,2026-09-19,13:32,140000,golfpang,,,18홀,tr_219985784
예미지,2026-09-19,13:36,170000,golfpang,,,18홀,tr_220241371
백제,2026-09-19,13:54,140000,golfpang,,,18홀,tr_220005663
속리산cc,2026-09-19,14:00,140000,golfpang,,,18홀,tr_219985785
모카cc,2026-09-19,13:56,130000,golfpang,,,18홀,tr_220220414
백제,2026-09-19,14:15,140000,golfpang,,,18홀,tr_220005664
대영베이스,2026-09-19,16:57,109000,golfpang,,,18홀,tr_220262269
파인스톤,2026-09-19,16:54,160000,golfpang,,,18홀,tr_219872778
올데이,2026-09-19,17:26,79000,golfpang,,,18홀,tr_220211471
블랙스톤벨포레,2026-09-19,17:44,80000,golfpang,,,18홀,tr_220118505
속리산cc,2026-09-19,11:54,160000,golfpang,,,18홀,tr_219985783
로얄포레,2026-09-19,11:45,139000,golfpang,,,18홀,tr_220211599
스타,2026-09-19,12:06,190000,golfpang,,,18홀,tr_220026876
올데이,2026-09-19,11:59,109000,golfpang,,,18홀,tr_220211470
임페리얼레이크,2026-09-19,11:59,139000,golfpang,,,18홀,tr_220211393
모나크,2026-09-19,12:14,160000,golfpang,,,18홀,tr_220233236
모나크,2026-09-19,13:03,150000,golfpang,,,18홀,tr_220233237
스타,2026-09-19,13:02,180000,golfpang,,,18홀,tr_220026877
센테리움,2026-09-19,13:11,139000,golfpang,,,18홀,tr_220260647
대영힐스,2026-09-19,13:23,129000,golfpang,,,18홀,tr_220261568
대영힐스,2026-09-19,13:23,129000,golfpang,,,18홀,tr_220261567
예미지,2026-09-19,13:29,170000,golfpang,,,18홀,tr_220241370
임페리얼레이크,2026-09-19,06:04,109000,golfpang,,,18홀,tr_220211392
로얄포레,2026-09-19,06:18,109000,golfpang,,,18홀,tr_220211598
스타,2026-09-19,06:23,180000,golfpang,,,18홀,tr_220026875
올데이,2026-09-19,06:32,99000,golfpang,,,18홀,tr_220211469
임페리얼레이크,2026-09-19,18:01,99000,golfpang,,,18홀,tr_220211394
웰리힐리,2026-09-19,07:34,190000,golfpang,,,18홀,tr_218134990
알펜시아명문,2026-09-19,11:14,170000,golfpang,,,18홀,tr_220199052
옥스필드,2026-09-19,18:15,69000,golfpang,,,18홀,tr_220211567
벨라스톤,2026-09-19,18:20,100000,golfpang,,,18홀,tr_220206608
알펜시아700,2026-09-19,18:40,70000,golfpang,,,18홀,tr_220198656
알펜시아700,2026-09-19,13:45,130000,golfpang,,,18홀,tr_220198654
동서울cc-퍼9,2026-09-19,17:07,65000,golfpang,,,18홀,tr_220152791
알펜시아700,2026-09-19,17:30,80000,golfpang,,,18홀,tr_220198655
벨라스톤,2026-09-19,17:45,100000,golfpang,,,18홀,tr_220206607
알프스대영,2026-09-19,17:43,69000,golfpang,,,18홀,tr_220240042
알프스대영,2026-09-19,17:43,69000,golfpang,,,18홀,tr_220240041
웰리힐리,2026-09-19,11:54,190000,golfpang,,,18홀,tr_218134991
동서울cc-퍼9,2026-09-19,11:46,89000,golfpang,,,18홀,tr_220152790
알펜시아명문,2026-09-19,13:13,170000,golfpang,,,18홀,tr_220199053
웰리힐리,2026-09-19,13:22,190000,golfpang,,,18홀,tr_218134992
옥스필드,2026-09-19,13:30,99000,golfpang,,,18홀,tr_220211566
옥스필드,2026-09-19,05:50,99000,golfpang,,,18홀,tr_220211565
벨라스톤,2026-09-19,06:35,159000,golfpang,,,18홀,tr_220206606
동서울cc-퍼9,2026-09-19,06:31,89000,golfpang,,,18홀,tr_220152789
알펜시아명문,2026-09-19,06:42,100000,golfpang,,,18홀,tr_220199051
해솔리아,2026-09-19,17:57,135000,golfpang,,,18홀,tr_220262321
해솔리아,2026-09-19,12:15,180000,golfpang,,,18홀,tr_220262232
해솔리아,2026-09-19,13:00,170000,golfpang,,,18홀,tr_220262227
그린힐,2026-09-19,18:59,110000,golfpang,,,18홀,tr_220261077
남춘천,2026-09-19,13:42,170000,golfpang,,,18홀,tr_220261863
골프존 천안,2026-09-19,13:54,166000,golfpang,,,18홀,tr_219343608
속리산cc,2026-09-19,13:53,130000,golfpang,,,18홀,tr_219343720
힐마루 포천,2026-09-19,18:13,160000,golfpang,,,18홀,tr_220260969
일레븐,2026-09-19,13:17,115000,golfpang,,,18홀,tr_219775647
라데나,2026-09-19,11:32,240000,golfpang,,,18홀,tr_220261930
골프존 화랑,2026-09-19,12:52,141000,golfpang,,,18홀,tr_219840712
더플레이어스,2026-09-19,12:51,160000,golfpang,,,18홀,tr_219343263
프린세스,2026-09-19,13:14,160000,golfpang,,,18홀,tr_220261533
골프존 진천,2026-09-19,13:14,149000,golfpang,,,18홀,tr_220261242
베뉴지,2026-09-19,13:23,165000,golfpang,,,18홀,tr_219775729
포레스트힐,2026-09-19,18:10,140000,golfpang,,,18홀,tr_219343558
스톤비치,2026-09-19,12:13,140000,golfpang,,,18홀,tr_220262185
벨라스톤,2026-09-19,06:35,159000,golfpang,,,18홀,tr_220262081
로얄링스,2026-09-19,13:02,120000,golfpang,,,18홀,tr_220165823
레인보우힐스,2026-09-19,13:36,255000,golfpang,,,18홀,tr_220262008
골프존 송도(구.오렌지듄스),2026-09-19,06:04,199000,golfpang,,,18홀,tr_220261993
골프존 송도(구.오렌지듄스),2026-09-19,13:50,199000,golfpang,,,18홀,tr_220261994
골프존 송도(구.오렌지듄스),2026-09-19,05:50,199000,golfpang,,,18홀,tr_220261995
유니아일랜드,2026-09-19,06:43,190000,golfpang,,,18홀,tr_220201160
베뉴지,2026-09-19,13:30,160000,golfpang,,,18홀,tr_220261952
파크밸리,2026-09-19,13:42,139000,golfpang,,,18홀,tr_220252964
보령베이스-퍼9,2026-09-19,18:04,49000,golfpang,,,18홀,tr_219711428
베뉴지,2026-09-19,13:30,160000,golfpang,,,18홀,tr_220261810
그린힐,2026-09-19,17:42,140000,golfpang,,,18홀,tr_220261788
그린힐,2026-09-19,17:42,140000,golfpang,,,18홀,tr_220261789
그린힐,2026-09-19,17:35,140000,golfpang,,,18홀,tr_220261787
감곡,2026-09-19,18:48,120000,golfpang,,,18홀,tr_220261785
모카cc,2026-09-19,08:11,150000,golfpang,,,18홀,tr_220261739
스톤비치,2026-09-19,16:41,90000,golfpang,,,18홀,tr_218983494
이포,2026-09-19,12:54,200000,golfpang,,,18홀,tr_220211965
골든베이,2026-09-19,13:10,150000,golfpang,,,18홀,tr_219524429
파주,2026-09-19,13:02,230000,golfpang,,,18홀,tr_220261598
파주,2026-09-19,05:49,220000,golfpang,,,18홀,tr_220261596
파주,2026-09-19,12:27,230000,golfpang,,,18홀,tr_220261597
360도,2026-09-19,12:15,200000,golfpang,,,18홀,tr_220261536
360도,2026-09-19,06:45,170000,golfpang,,,18홀,tr_220261535
골프존 안성W,2026-09-19,18:59,120000,golfpang,,,18홀,tr_219616911
임페리얼레이크,2026-09-19,16:44,119000,golfpang,,,18홀,tr_220261494
임페리얼레이크,2026-09-19,11:31,129000,golfpang,,,18홀,tr_220261493
몽베르(대중제),2026-09-19,18:17,140000,golfpang,,,18홀,tr_220182331
임페리얼레이크,2026-09-19,17:05,109000,golfpang,,,18홀,tr_220261495
프린세스,2026-09-19,08:05,165000,golfpang,,,18홀,tr_219565084
용인플라자,2026-09-19,11:30,240000,golfpang,,,18홀,tr_220261439
한림광릉,2026-09-19,17:38,150000,golfpang,,,18홀,tr_220261396
한림광릉,2026-09-19,18:09,150000,golfpang,,,18홀,tr_220261397
한림광릉,2026-09-19,18:48,150000,golfpang,,,18홀,tr_220261398
올데이,2026-09-19,07:00,109000,golfpang,,,18홀,tr_220261352
올데이,2026-09-19,11:45,119000,golfpang,,,18홀,tr_220261354
올데이,2026-09-19,08:10,119000,golfpang,,,18홀,tr_220261353
일레븐,2026-09-19,06:23,130000,golfpang,,,18홀,tr_219775644
클럽D 거창,2026-09-19,07:44,90000,golfpang,,,18홀,tr_218785157
일라이트,2026-09-19,07:31,150000,golfpang,,,18홀,tr_219338715
골프존 화랑,2026-09-19,06:27,165000,golfpang,,,18홀,tr_220261322
옥스필드,2026-09-19,11:17,129000,golfpang,,,18홀,tr_220261220
옥스필드,2026-09-19,08:10,129000,golfpang,,,18홀,tr_220261219
옥스필드,2026-09-19,06:39,109000,golfpang,,,18홀,tr_220261218
센테리움,2026-09-19,07:14,169000,golfpang,,,18홀,tr_220261183
센테리움,2026-09-19,13:04,139000,golfpang,,,18홀,tr_220261184
동촌,2026-09-19,07:23,185000,golfpang,,,18홀,tr_219341975
빅토리아-퍼9,2026-09-19,17:38,89000,golfpang,,,18홀,tr_220033037
알펜시아700,2026-09-19,13:52,130000,golfpang,,,18홀,tr_220216144
스마트KU,2026-09-19,13:56,240000,golfpang,,,18홀,tr_220233301
스마트KU,2026-09-19,14:10,240000,golfpang,,,18홀,tr_220233302
여주,2026-09-19,13:39,240000,golfpang,,,18홀,tr_220012575
360도,2026-09-19,13:45,180000,golfpang,,,18홀,tr_219780670
알펜시아700,2026-09-19,13:45,130000,golfpang,,,18홀,tr_220216143
양평TPC,2026-09-19,13:43,180000,golfpang,,,18홀,tr_219781322
그린힐,2026-09-19,13:42,190000,golfpang,,,18홀,tr_219780708
신라,2026-09-19,13:11,190000,golfpang,,,18홀,tr_219781071
더플레이어스,2026-09-19,13:26,160000,golfpang,,,18홀,tr_220222291
써닝포인트,2026-09-19,13:26,215000,golfpang,,,18홀,tr_219781141
웰리힐리,2026-09-19,12:46,190000,golfpang,,,18홀,tr_220218087
양지파인,2026-09-19,12:44,170000,golfpang,,,18홀,tr_219781287
아세코밸리-퍼9,2026-09-19,12:44,140000,golfpang,,,18홀,tr_219781175
이글몬트,2026-09-19,12:50,170000,golfpang,,,18홀,tr_220121368
힐데스하임,2026-09-19,12:49,155000,golfpang,,,18홀,tr_220217505
젠스필드,2026-09-19,12:22,170000,golfpang,,,18홀,tr_219781406
젠스필드,2026-09-19,12:15,170000,golfpang,,,18홀,tr_219781405
자유로,2026-09-19,12:34,240000,golfpang,,,18홀,tr_220220484
양평TPC,2026-09-19,12:33,200000,golfpang,,,18홀,tr_219781321
젠스필드,2026-09-19,12:29,170000,golfpang,,,18홀,tr_219781407
아세코밸리-퍼9,2026-09-19,11:20,140000,golfpang,,,18홀,tr_219781173
마론뉴데이,2026-09-19,11:15,175000,golfpang,,,18홀,tr_219780800
알펜시아명문,2026-09-19,11:14,170000,golfpang,,,18홀,tr_220216172
아세코밸리-퍼9,2026-09-19,11:48,140000,golfpang,,,18홀,tr_219781174
360도,2026-09-19,12:07,190000,golfpang,,,18홀,tr_219780669
해솔리아,2026-09-19,07:59,230000,golfpang,,,18홀,tr_219781577
웰리힐리,2026-09-19,10:54,190000,golfpang,,,18홀,tr_220218086
자유로,2026-09-19,08:52,250000,golfpang,,,18홀,tr_220220483
남춘천,2026-09-19,08:50,220000,golfpang,,,18홀,tr_220221204
웰리힐리,2026-09-19,07:34,190000,golfpang,,,18홀,tr_220218085
힐데스하임,2026-09-19,07:22,165000,golfpang,,,18홀,tr_220217504
신라,2026-09-19,07:55,280000,golfpang,,,18홀,tr_219781069
이글몬트,2026-09-19,07:37,200000,golfpang,,,18홀,tr_220121367
신라,2026-09-19,06:38,240000,golfpang,,,18홀,tr_219781070
한림용인,2026-09-19,06:52,240000,golfpang,,,18홀,tr_219781535
루트52,2026-09-19,06:45,220000,golfpang,,,18홀,tr_219780791
마론뉴데이,2026-09-19,07:08,175000,golfpang,,,18홀,tr_219780799
남춘천,2026-09-19,07:07,220000,golfpang,,,18홀,tr_220221205
클럽72,2026-09-19,06:56,240000,golfpang,,,18홀,tr_219781502
해솔리아,2026-09-19,06:56,220000,golfpang,,,18홀,tr_219781576
더플레이어스,2026-09-19,06:55,190000,golfpang,,,18홀,tr_220222292
클럽72,2026-09-19,07:17,260000,golfpang,,,18홀,tr_219781503
대호단양,2026-09-19,06:07,149000,golfpang,,,18홀,tr_218340559
여주,2026-09-19,06:30,270000,golfpang,,,18홀,tr_220012574
한림용인,2026-09-19,06:24,230000,golfpang,,,18홀,tr_219781536
파주,2026-09-19,06:24,290000,golfpang,,,18홀,tr_220056963
대호단양,2026-09-19,06:35,169000,golfpang,,,18홀,tr_218340560
벨라스톤,2026-09-19,06:35,159000,golfpang,,,18홀,tr_220216110
루트52,2026-09-19,06:30,220000,golfpang,,,18홀,tr_219780790
알펜시아명문,2026-09-19,06:42,100000,golfpang,,,18홀,tr_220216171
용인(비공개),2026-09-19,06:04,250000,golfpang,,,18홀,tr_219781553
양지파인,2026-09-19,06:00,199000,golfpang,,,18홀,tr_219781286
클럽72,2026-09-19,06:00,230000,golfpang,,,18홀,tr_219781501
빅토리아-퍼9,2026-09-19,18:34,89000,golfpang,,,18홀,tr_220033038
보령베이스-퍼9,2026-09-19,19:01,49000,golfpang,,,18홀,tr_220217165
그린힐,2026-09-19,18:59,110000,golfpang,,,18홀,tr_219780709
보령베이스-퍼9,2026-09-19,19:01,49000,golfpang,,,18홀,tr_220217166
그린힐,2026-09-19,19:20,110000,golfpang,,,18홀,tr_219780710
빅토리아-퍼9,2026-09-19,19:09,89000,golfpang,,,18홀,tr_220033039
벨라스톤,2026-09-19,17:45,100000,golfpang,,,18홀,tr_220216111
센추리21,2026-09-19,17:54,90000,golfpang,,,18홀,tr_219993696
센추리21,2026-09-19,17:54,90000,golfpang,,,18홀,tr_219993695
마론뉴데이,2026-09-19,14:18,175000,golfpang,,,18홀,tr_219780801
용인(비공개),2026-09-19,17:14,160000,golfpang,,,18홀,tr_219781554
중원,2026-09-19,14:08,130000,golfpang,,,18홀,tr_220261170
중원,2026-09-19,08:14,160000,golfpang,,,18홀,tr_220261167
클럽72,2026-09-19,19:07,140000,golfpang,,,18홀,tr_220153373
한림광릉,2026-09-19,17:38,150000,golfpang,,,18홀,tr_220004422
인천그랜드,2026-09-19,17:46,189000,golfpang,,,18홀,tr_219562592
리베라,2026-09-19,18:03,140000,golfpang,,,18홀,tr_220153246
인천그랜드,2026-09-19,16:50,199000,golfpang,,,18홀,tr_219562574
신라,2026-09-19,13:53,180000,golfpang,,,18홀,tr_220153251
베뉴지,2026-09-19,13:09,165000,golfpang,,,18홀,tr_220199320
클럽72,2026-09-19,18:18,150000,golfpang,,,18홀,tr_219790717
예미지,2026-09-19,13:15,170000,golfpang,,,18홀,tr_220259865
클럽72-오션,2026-09-19,13:28,280000,golfpang,,,18홀,tr_219790620
아세코밸리-퍼9,2026-09-19,12:40,130000,golfpang,,,18홀,tr_219444379
한림용인,2026-09-19,12:15,200000,golfpang,,,18홀,tr_220214416
그린힐,2026-09-19,18:59,110000,golfpang,,,18홀,tr_219790744
양평TPC,2026-09-19,13:15,160000,golfpang,,,18홀,tr_220153597
한림용인,2026-09-19,06:31,200000,golfpang,,,18홀,tr_220214384
클럽72,2026-09-19,08:27,220000,golfpang,,,18홀,tr_220260024
해솔리아,2026-09-19,06:28,180000,golfpang,,,18홀,tr_220261133
골프존 안성H,2026-09-19,12:14,190000,golfpang,,,18홀,tr_220100464
골프존 안성H,2026-09-19,12:00,190000,golfpang,,,18홀,tr_219793431
백제,2026-09-19,13:54,140000,golfpang,,,18홀,tr_220261042
오창에딘버러(퍼9),2026-09-19,18:59,80000,golfpang,,,18홀,tr_219995752
블랙스톤벨포레,2026-09-19,13:55,110000,golfpang,,,18홀,tr_219996423
블랙스톤벨포레,2026-09-19,18:33,70000,golfpang,,,18홀,tr_219996426
포레스트힐,2026-09-19,08:36,230000,golfpang,,,18홀,tr_219343507
코리아,2026-09-19,18:36,149000,golfpang,,,18홀,tr_217527294
골드,2026-09-19,18:29,149000,golfpang,,,18홀,tr_217527293
다산베아체,2026-09-19,12:18,121000,golfpang,,,18홀,tr_220085343
백제,2026-09-19,13:54,140000,golfpang,,,18홀,tr_220260972
다산베아체,2026-09-19,06:59,121000,golfpang,,,18홀,tr_219569830
루트52,2026-09-19,14:17,180000,golfpang,,,18홀,tr_220260943
루트52,2026-09-19,06:45,220000,golfpang,,,18홀,tr_220260942
인터불고원주(P9),2026-09-19,09:12,129000,golfpang,,,18홀,tr_220014810
휘닉스,2026-09-19,07:30,220000,golfpang,,,18홀,tr_218601164
센추리21(퍼),2026-09-19,07:24,140000,golfpang,,,18홀,tr_220150634
웰리힐리,2026-09-19,07:34,190000,golfpang,,,18홀,tr_219933349
동강시스타,2026-09-19,07:54,120000,golfpang,,,18홀,tr_219072250
동서울cc-퍼9,2026-09-19,06:45,89000,golfpang,,,18홀,tr_219787134
동강시스타,2026-09-19,06:58,110000,golfpang,,,18홀,tr_219072249
파인밸리,2026-09-19,06:17,125000,golfpang,,,18홀,tr_219154952
알펜시아명문,2026-09-19,06:35,100000,golfpang,,,18홀,tr_219795512
벨라스톤,2026-09-19,06:35,159000,golfpang,,,18홀,tr_219818133
파인밸리,2026-09-19,06:10,125000,golfpang,,,18홀,tr_219154951
오로라,2026-09-19,12:39,150000,golfpang,,,18홀,tr_220151039
센추리21(퍼),2026-09-19,12:46,125000,golfpang,,,18홀,tr_220150636
알펜시아700,2026-09-19,12:49,140000,golfpang,,,18홀,tr_219795006
오로라,2026-09-19,12:53,150000,golfpang,,,18홀,tr_220151040
동강시스타,2026-09-19,12:11,120000,golfpang,,,18홀,tr_219072251
인터불고원주(P9),2026-09-19,11:25,129000,golfpang,,,18홀,tr_220014811
휘닉스,2026-09-19,11:22,220000,golfpang,,,18홀,tr_218601165
웰리힐리,2026-09-19,11:34,190000,golfpang,,,18홀,tr_219933351
센추리21(퍼),2026-09-19,12:04,125000,golfpang,,,18홀,tr_220150635
알펜시아명문,2026-09-19,08:20,140000,golfpang,,,18홀,tr_219795513
알프스대영,2026-09-19,17:57,69000,golfpang,,,18홀,tr_220214451
동서울cc-퍼9,2026-09-19,18:17,65000,golfpang,,,18홀,tr_219787136
알펜시아700,2026-09-19,14:13,130000,golfpang,,,18홀,tr_219795008
알프스대영,2026-09-19,16:47,99000,golfpang,,,18홀,tr_220214450
동서울cc-퍼9,2026-09-19,13:52,89000,golfpang,,,18홀,tr_219787135
남한강에스파크,2026-09-19,13:55,169000,golfpang,,,18홀,tr_219790412
웰리힐리,2026-09-19,10:54,190000,golfpang,,,18홀,tr_219933350
벨라스톤,2026-09-19,18:27,100000,golfpang,,,18홀,tr_219818135
오로라,2026-09-19,13:42,140000,golfpang,,,18홀,tr_220151041
알펜시아700,2026-09-19,13:45,130000,golfpang,,,18홀,tr_219795007
남한강에스파크,2026-09-19,13:13,169000,golfpang,,,18홀,tr_219790411
알프스대영,2026-09-19,18:25,65000,golfpang,,,18홀,tr_220214452
남한강에스파크,2026-09-19,18:28,99000,golfpang,,,18홀,tr_219790413
알펜시아명문,2026-09-19,11:14,170000,golfpang,,,18홀,tr_219795514
벨라스톤,2026-09-19,17:45,100000,golfpang,,,18홀,tr_219818134
중원,2026-09-19,08:35,160000,golfpang,,,18홀,tr_220250514
에스앤-퍼9,2026-09-19,11:14,100000,golfpang,,,18홀,tr_219865857
모카cc,2026-09-19,08:53,155000,golfpang,,,18홀,tr_220212780
떼제베(동북),2026-09-19,07:49,130000,golfpang,,,18홀,tr_220212640
로얄포레,2026-09-19,08:10,159000,golfpang,,,18홀,tr_220212699
프린세스,2026-09-19,08:05,175000,golfpang,,,18홀,tr_220013838
대호단양,2026-09-19,08:13,199000,golfpang,,,18홀,tr_220056168
에스앤-퍼9,2026-09-19,08:13,80000,golfpang,,,18홀,tr_219865856
프린세스,2026-09-19,08:12,175000,golfpang,,,18홀,tr_220013839
킹즈락,2026-09-19,06:45,140000,golfpang,,,18홀,tr_220169976
로얄포레,2026-09-19,06:46,129000,golfpang,,,18홀,tr_220212698
에스앤-퍼9,2026-09-19,06:56,80000,golfpang,,,18홀,tr_219865855
동촌,2026-09-19,06:55,170000,golfpang,,,18홀,tr_220004703
골프존 화랑,2026-09-19,06:55,165000,golfpang,,,18홀,tr_220236145
스톤비치,2026-09-19,07:03,140000,golfpang,,,18홀,tr_219373145
일레븐,2026-09-19,06:23,130000,golfpang,,,18홀,tr_220222114
플라밍고,2026-09-19,08:33,190000,golfpang,,,18홀,tr_220106550
동촌,2026-09-19,08:33,210000,golfpang,,,18홀,tr_220004704
골프존 화랑,2026-09-19,08:33,185000,golfpang,,,18홀,tr_220236146
센테리움,2026-09-19,08:31,199000,golfpang,,,18홀,tr_220255857
골프존 진천,2026-09-19,08:41,194000,golfpang,,,18홀,tr_220214891
로얄포레,2026-09-19,11:31,149000,golfpang,,,18홀,tr_220212700
대호단양,2026-09-19,11:24,179000,golfpang,,,18홀,tr_220056169
솔라고,2026-09-19,11:50,180000,golfpang,,,18홀,tr_218623281
보령베이스-퍼9,2026-09-19,11:56,89000,golfpang,,,18홀,tr_219794097
플라밍고,2026-09-19,11:54,190000,golfpang,,,18홀,tr_220106551
속리산cc,2026-09-19,11:54,160000,golfpang,,,18홀,tr_219969935
킹즈락,2026-09-19,12:08,145000,golfpang,,,18홀,tr_220169977
센테리움,2026-09-19,12:08,199000,golfpang,,,18홀,tr_220255858
스타,2026-09-19,12:06,190000,golfpang,,,18홀,tr_220222051
대영힐스,2026-09-19,12:12,130000,golfpang,,,18홀,tr_220212439
보령베이스-퍼9,2026-09-19,12:10,89000,golfpang,,,18홀,tr_219794098
플라밍고,2026-09-19,12:15,180000,golfpang,,,18홀,tr_220106552
모나크,2026-09-19,12:14,160000,golfpang,,,18홀,tr_220218786
골프존 진천,2026-09-19,12:25,156000,golfpang,,,18홀,tr_220214892
모나크,2026-09-19,12:49,160000,golfpang,,,18홀,tr_220218787
중원,2026-09-19,12:58,140000,golfpang,,,18홀,tr_220250515
스톤비치,2026-09-19,12:55,160000,golfpang,,,18홀,tr_219373146
스타,2026-09-19,13:02,180000,golfpang,,,18홀,tr_220222052
골프존 화랑,2026-09-19,13:06,131000,golfpang,,,18홀,tr_220236147
골든베이,2026-09-19,13:03,150000,golfpang,,,18홀,tr_218959209
프린세스,2026-09-19,13:14,165000,golfpang,,,18홀,tr_220013840
일레븐,2026-09-19,13:24,115000,golfpang,,,18홀,tr_220222115
대영힐스,2026-09-19,13:23,130000,golfpang,,,18홀,tr_220212440
예미지,2026-09-19,13:29,170000,golfpang,,,18홀,tr_220240477
속리산cc,2026-09-19,13:32,130000,golfpang,,,18홀,tr_219969936
예미지,2026-09-19,13:36,170000,golfpang,,,18홀,tr_220240478
감곡,2026-09-19,13:42,160000,golfpang,,,18홀,tr_220212249
모나크,2026-09-19,13:45,150000,golfpang,,,18홀,tr_220218788
일레븐,2026-09-19,13:52,115000,golfpang,,,18홀,tr_220222116
백제,2026-09-19,13:54,140000,golfpang,,,18홀,tr_220004980
모카cc,2026-09-19,13:56,130000,golfpang,,,18홀,tr_220212781
감곡,2026-09-19,14:03,160000,golfpang,,,18홀,tr_220212250
솔라고,2026-09-19,14:17,140000,golfpang,,,18홀,tr_218623282
백제,2026-09-19,14:15,140000,golfpang,,,18홀,tr_220004981
속리산cc,2026-09-19,14:14,140000,golfpang,,,18홀,tr_219969937
블랙스톤벨포레,2026-09-19,17:44,80000,golfpang,,,18홀,tr_220118312
킹즈락,2026-09-19,17:59,115000,golfpang,,,18홀,tr_220169978
블랙스톤벨포레,2026-09-19,17:58,80000,golfpang,,,18홀,tr_220118313
떼제베,2026-09-19,18:09,130000,golfpang,,,18홀,tr_220212563
떼제베(동북),2026-09-19,18:30,110000,golfpang,,,18홀,tr_220212641
떼제베,2026-09-19,18:37,130000,golfpang,,,18홀,tr_220212564
블랙스톤벨포레,2026-09-19,18:40,70000,golfpang,,,18홀,tr_220118314
떼제베(동북),2026-09-19,18:51,110000,golfpang,,,18홀,tr_220212642
감곡,2026-09-19,18:48,120000,golfpang,,,18홀,tr_220212251
몽베르,2026-09-19,13:48,260000,golfpang,,,18홀,tr_220255780
포천힐스,2026-09-19,13:41,230000,golfpang,,,18홀,tr_220223085
몽베르,2026-09-19,13:40,260000,golfpang,,,18홀,tr_220255779
남양주(퍼9),2026-09-19,13:14,139000,golfpang,,,18홀,tr_220106881
포천힐스,2026-09-19,13:20,230000,golfpang,,,18홀,tr_220223084
포천힐스,2026-09-19,12:10,230000,golfpang,,,18홀,tr_220223083
남양주(퍼9),2026-09-19,12:14,139000,golfpang,,,18홀,tr_220106879
남양주(퍼9),2026-09-19,12:47,139000,golfpang,,,18홀,tr_220106880
클럽모우,2026-09-19,12:45,180000,golfpang,,,18홀,tr_220197759
스프링베일-퍼9,2026-09-19,12:01,105000,golfpang,,,18홀,tr_220117871
더플레이어스,2026-09-19,12:09,160000,golfpang,,,18홀,tr_219990442
세레니티-강촌,2026-09-19,12:07,210000,golfpang,,,18홀,tr_219892093
샤인데일,2026-09-19,08:12,200000,golfpang,,,18홀,tr_220213053
스프링베일-퍼9,2026-09-19,08:23,115000,golfpang,,,18홀,tr_220117870
세레니티-강촌,2026-09-19,08:34,210000,golfpang,,,18홀,tr_219892092
클럽모우,2026-09-19,08:29,210000,golfpang,,,18홀,tr_220197758
스프링베일-퍼9,2026-09-19,06:52,105000,golfpang,,,18홀,tr_220117869
세레니티-강촌,2026-09-19,06:49,210000,golfpang,,,18홀,tr_219892091
남춘천,2026-09-19,07:07,220000,golfpang,,,18홀,tr_220179164
더플레이어스,2026-09-19,07:16,190000,golfpang,,,18홀,tr_219990441
서원힐스,2026-09-19,05:39,250000,golfpang,,,18홀,tr_220213120
푸른솔포천,2026-09-19,06:07,240000,golfpang,,,18홀,tr_220009687
남춘천,2026-09-19,06:25,180000,golfpang,,,18홀,tr_220179163
베스트밸리-퍼9,2026-09-19,18:09,130000,golfpang,,,18홀,tr_220212922
몽베르(대중제),2026-09-19,18:17,140000,golfpang,,,18홀,tr_219932860
베스트밸리-퍼9,2026-09-19,18:16,130000,golfpang,,,18홀,tr_220212923
한림광릉,2026-09-19,18:20,150000,golfpang,,,18홀,tr_220255879
필로스,2026-09-19,18:20,140000,golfpang,,,18홀,tr_220013667
베스트밸리-퍼9,2026-09-19,18:23,130000,golfpang,,,18홀,tr_220212924
필로스,2026-09-19,18:27,140000,golfpang,,,18홀,tr_220013668
비콘힐스,2026-09-19,18:33,90000,golfpang,,,18홀,tr_219855679
비콘힐스,2026-09-19,18:47,90000,golfpang,,,18홀,tr_219855680
비콘힐스,2026-09-19,19:01,90000,golfpang,,,18홀,tr_219855681
몽베르(대중제),2026-09-19,17:21,150000,golfpang,,,18홀,tr_219932858
한림광릉,2026-09-19,17:35,150000,golfpang,,,18홀,tr_220255877
한림광릉,2026-09-19,17:52,150000,golfpang,,,18홀,tr_220255878
몽베르(대중제),2026-09-19,17:56,140000,golfpang,,,18홀,tr_219932859
가평베네스트,2026-09-19,13:42,250000,golfpang,,,18홀,tr_220236059
푸른솔포천,2026-09-19,13:55,230000,golfpang,,,18홀,tr_220009688
세현,2026-09-19,13:37,250000,golfpang,,,18홀,tr_220213221
써닝포인트,2026-09-19,13:40,215000,golfpang,,,18홀,tr_219653485
히든밸리,2026-09-19,13:40,180000,golfpang,,,18홀,tr_218447647
그린힐,2026-09-19,13:42,190000,golfpang,,,18홀,tr_219785293
골프존 안성H,2026-09-19,14:27,185000,golfpang,,,18홀,tr_220233393
마이다스레이크 이천,2026-09-19,14:24,180000,golfpang,,,18홀,tr_220242031
리베라,2026-09-19,14:17,240000,golfpang,,,18홀,tr_219787626
아세코밸리-퍼9,2026-09-19,17:10,110000,golfpang,,,18홀,tr_219892953
빅토리아-퍼9,2026-09-19,17:38,99000,golfpang,,,18홀,tr_219749322
용인(비공개),2026-09-19,13:52,199000,golfpang,,,18홀,tr_220236382
세현,2026-09-19,13:51,250000,golfpang,,,18홀,tr_220213222
골프존 송도(구.오렌지듄스),2026-09-19,13:50,199000,golfpang,,,18홀,tr_220221269
신라,2026-09-19,13:53,180000,golfpang,,,18홀,tr_220213577
여주,2026-09-19,13:53,240000,golfpang,,,18홀,tr_220217122
신라,2026-09-19,14:00,180000,golfpang,,,18홀,tr_220213578
골프존 송도(구.오렌지듄스),2026-09-19,13:57,199000,golfpang,,,18홀,tr_220221270
그린힐,2026-09-19,14:10,190000,golfpang,,,18홀,tr_219785294
신라,2026-09-19,14:07,180000,golfpang,,,18홀,tr_220213579
여주,2026-09-19,14:07,240000,golfpang,,,18홀,tr_220217123
용인(비공개),2026-09-19,14:06,199000,golfpang,,,18홀,tr_220236383
에델바이스(가명),2026-09-19,13:33,180000,golfpang,,,18홀,tr_220213450
골프존 안성H,2026-09-19,13:31,185000,golfpang,,,18홀,tr_220233391
빅토리아-퍼9,2026-09-19,13:41,119000,golfpang,,,18홀,tr_219749321
골프존 안성H,2026-09-19,13:45,185000,golfpang,,,18홀,tr_220233392
클럽72-오션,2026-09-19,13:07,300000,golfpang,,,18홀,tr_220129912
양평TPC,2026-09-19,13:15,160000,golfpang,,,18홀,tr_220250432
써닝포인트,2026-09-19,13:26,215000,golfpang,,,18홀,tr_219653484
히든밸리,2026-09-19,12:44,190000,golfpang,,,18홀,tr_218447646
아세코밸리-퍼9,2026-09-19,12:51,130000,golfpang,,,18홀,tr_219892952
솔트베이,2026-09-19,13:00,250000,golfpang,,,18홀,tr_220190765
마이다스레이크 이천,2026-09-19,13:00,200000,golfpang,,,18홀,tr_220242030
한림용인,2026-09-19,12:57,190000,golfpang,,,18홀,tr_220236282
한림용인,2026-09-19,12:22,200000,golfpang,,,18홀,tr_220236281
이천실크밸리,2026-09-19,12:21,155000,golfpang,,,18홀,tr_219913560
아세코밸리-퍼9,2026-09-19,12:30,130000,golfpang,,,18홀,tr_219892951
이천실크밸리,2026-09-19,11:39,155000,golfpang,,,18홀,tr_219913559
360도,2026-09-19,11:37,190000,golfpang,,,18홀,tr_220212118
양지파인,2026-09-19,11:36,170000,golfpang,,,18홀,tr_220216901
에덴블루,2026-09-19,11:41,219000,golfpang,,,18홀,tr_220094967
클럽72,2026-09-19,08:27,270000,golfpang,,,18홀,tr_220221058
이천실크밸리,2026-09-19,08:27,205000,golfpang,,,18홀,tr_219913558
유니아일랜드,2026-09-19,10:40,200000,golfpang,,,18홀,tr_219933782
양지파인,2026-09-19,08:37,199000,golfpang,,,18홀,tr_220216900
한림용인,2026-09-19,11:40,220000,golfpang,,,18홀,tr_220236280
유니아일랜드,2026-09-19,07:11,200000,golfpang,,,18홀,tr_219933781
포웰(안성)cc,2026-09-19,07:21,192000,golfpang,,,18홀,tr_220014212
포웰(안성)cc,2026-09-19,07:42,192000,golfpang,,,18홀,tr_220014213
클럽72,2026-09-19,08:13,270000,golfpang,,,18홀,tr_220221057
이글몬트,2026-09-19,06:41,195000,golfpang,,,18홀,tr_220260199
안성베네스트(챌),2026-09-19,06:51,199000,golfpang,,,18홀,tr_220218344
360도,2026-09-19,07:15,220000,golfpang,,,18홀,tr_220212117
에덴블루,2026-09-19,07:13,209000,golfpang,,,18홀,tr_220094966
안성베네스트(클),2026-09-19,07:12,290000,golfpang,,,18홀,tr_220239626
골프존 송도(구.오렌지듄스),2026-09-19,06:11,199000,golfpang,,,18홀,tr_220221268
써닝포인트,2026-09-19,06:28,265000,golfpang,,,18홀,tr_219653483
이글몬트,2026-09-19,06:34,195000,golfpang,,,18홀,tr_220260198
클럽72-오션,2026-09-19,06:44,350000,golfpang,,,18홀,tr_220129911
유니아일랜드,2026-09-19,06:43,190000,golfpang,,,18홀,tr_219933780
에델바이스(가명),2026-09-19,06:42,180000,golfpang,,,18홀,tr_220213449
에덴블루,2026-09-19,06:42,199000,golfpang,,,18홀,tr_220094965
솔트베이,2026-09-19,06:21,280000,golfpang,,,18홀,tr_220190764
용인플라자,2026-09-19,18:26,160000,golfpang,,,18홀,tr_219929390
빅토리아-퍼9,2026-09-19,18:20,99000,golfpang,,,18홀,tr_219749323
클럽72,2026-09-19,18:39,140000,golfpang,,,18홀,tr_220221059
아난티중앙(야간),2026-09-19,18:38,130000,golfpang,,,18홀,tr_220213516
리베라,2026-09-19,18:59,140000,golfpang,,,18홀,tr_219787628
그린힐,2026-09-19,18:59,110000,golfpang,,,18홀,tr_219785295
용인플라자,2026-09-19,18:48,160000,golfpang,,,18홀,tr_219929391
포웰(안성)cc,2026-09-19,19:49,105000,golfpang,,,18홀,tr_220014214
리베라,2026-09-19,17:31,240000,golfpang,,,18홀,tr_219787627
세현,2026-09-19,17:48,180000,golfpang,,,18홀,tr_220213223
클럽D 거창,2026-09-19,07:58,90000,golfpang,,,18홀,tr_220260817
클럽D 거창,2026-09-19,11:40,95000,golfpang,,,18홀,tr_220260818
장수,2026-09-19,06:26,98500,golfpang,,,18홀,tr_220260772
클럽D 거창,2026-09-19,11:40,95000,golfpang,,,18홀,tr_220260751
클럽D 거창,2026-09-19,08:33,95000,golfpang,,,18홀,tr_220260750
에델바이스(가명),2026-09-19,06:42,180000,golfpang,,,18홀,tr_220260626
에델바이스(가명),2026-09-19,13:33,180000,golfpang,,,18홀,tr_220260627
전주샹그릴라,2026-09-19,08:31,141000,golfpang,,,18홀,tr_220260486
전주샹그릴라,2026-09-19,12:50,141000,golfpang,,,18홀,tr_220260481
웅포,2026-09-19,06:36,131000,golfpang,,,18홀,tr_219569683
포세븐 금강,2026-09-19,06:21,136000,golfpang,,,18홀,tr_220259987
무등산,2026-09-19,07:12,161000,golfpang,,,18홀,tr_219569800
담양레이나,2026-09-19,07:56,146000,golfpang,,,18홀,tr_219746395
골프존 드래곤,2026-09-19,07:25,122000,golfpang,,,18홀,tr_219569989
파인비치,2026-09-19,11:30,162000,golfpang,,,18홀,tr_220057676
웅포,2026-09-19,13:31,131000,golfpang,,,18홀,tr_219569600
파인비치,2026-09-19,12:30,162000,golfpang,,,18홀,tr_220087680
골프존 진천,2026-09-19,08:55,194000,golfpang,,,18홀,tr_219967183
알프스대영,2026-09-19,11:42,109000,golfpang,,,18홀,tr_219333768
골프존 화랑,2026-09-19,12:45,141000,golfpang,,,18홀,tr_219995152
모카cc,2026-09-19,13:20,130000,golfpang,,,18홀,tr_220202993
킹즈락,2026-09-19,06:31,130000,golfpang,,,18홀,tr_219158817
비에이비스타,2026-09-19,14:00,170000,golfpang,,,18홀,tr_218604130
남이천(비공개),2026-09-19,06:28,210000,golfpang,,,18홀,tr_219903964
예미지,2026-09-19,13:29,170000,golfpang,,,18홀,tr_220240381
한림용인,2026-09-19,11:47,210000,golfpang,,,18홀,tr_220240276
한림용인,2026-09-19,13:32,180000,golfpang,,,18홀,tr_220240278
한림용인,2026-09-19,12:57,190000,golfpang,,,18홀,tr_220240277
이글몬트,2026-09-19,14:00,170000,golfpang,,,18홀,tr_220260117
클럽72,2026-09-19,08:27,250000,golfpang,,,18홀,tr_220259986
양평TPC,2026-09-19,12:26,180000,golfpang,,,18홀,tr_220259892
양평TPC,2026-09-19,13:22,160000,golfpang,,,18홀,tr_220259893
포천힐스,2026-09-19,12:10,230000,golfpang,,,18홀,tr_220209267
파주,2026-09-19,12:27,230000,golfpang,,,18홀,tr_220209287
파주,2026-09-19,05:49,230000,golfpang,,,18홀,tr_220209286
클럽72-오션,2026-09-19,13:28,280000,golfpang,,,18홀,tr_220190374
클럽72-오션,2026-09-19,06:44,300000,golfpang,,,18홀,tr_220190335
신라,2026-09-19,14:00,180000,golfpang,,,18홀,tr_220259751
에델바이스(가명),2026-09-19,13:33,180000,golfpang,,,18홀,tr_220259730
에델바이스(가명),2026-09-19,06:42,180000,golfpang,,,18홀,tr_220259729
양평TPC,2026-09-19,12:05,180000,golfpang,,,18홀,tr_220209356
스카이밸리,2026-09-19,13:32,200000,golfpang,,,18홀,tr_220057814
베뉴지,2026-09-19,13:30,160000,golfpang,,,18홀,tr_220239349
양평TPC,2026-09-19,06:59,250000,golfpang,,,18홀,tr_220209328
솔트베이,2026-09-19,05:46,259000,golfpang,,,18홀,tr_220259715
서원힐스,2026-09-19,05:32,240000,golfpang,,,18홀,tr_220209357
샴발라,2026-09-19,11:41,190000,golfpang,,,18홀,tr_220209371
골프존 진천,2026-09-19,14:03,149000,golfpang,,,18홀,tr_220259623
골프존 진천,2026-09-19,06:42,169000,golfpang,,,18홀,tr_220259621
골프존 진천,2026-09-19,12:25,156000,golfpang,,,18홀,tr_220259622
필로스,2026-09-19,18:27,140000,golfpang,,,18홀,tr_220259584
필로스,2026-09-19,18:20,140000,golfpang,,,18홀,tr_220259583
이포,2026-09-19,12:54,200000,golfpang,,,18홀,tr_220259548
리베라,2026-09-19,17:35,140000,golfpang,,,18홀,tr_220174877
더플레이어스,2026-09-19,12:44,160000,golfpang,,,18홀,tr_220259545
리베라,2026-09-19,14:31,210000,golfpang,,,18홀,tr_220174835
그린힐,2026-09-19,17:35,140000,golfpang,,,18홀,tr_220203874
베뉴지,2026-09-19,13:09,165000,golfpang,,,18홀,tr_220209244
한림용인,2026-09-19,13:32,180000,golfpang,,,18홀,tr_220259392
클럽모우,2026-09-19,13:48,180000,golfpang,,,18홀,tr_220209263
중원,2026-09-19,12:58,140000,golfpang,,,18홀,tr_220209257
솔트베이,2026-09-19,17:47,199000,golfpang,,,18홀,tr_220259306
솔트베이,2026-09-19,18:50,189000,golfpang,,,18홀,tr_220259307
솔트베이,2026-09-19,05:46,259000,golfpang,,,18홀,tr_220259308
중원,2026-09-19,08:14,160000,golfpang,,,18홀,tr_220209256
킹스데일,2026-09-19,07:37,220000,golfpang,,,18홀,tr_220259189
감곡,2026-09-19,13:29,160000,golfpang,,,18홀,tr_220238839
360도,2026-09-19,11:30,190000,golfpang,,,18홀,tr_220239048
골프존 천안,2026-09-19,13:40,166000,golfpang,,,18홀,tr_220238905
360도,2026-09-19,07:30,190000,golfpang,,,18홀,tr_220238985
이글몬트,2026-09-19,07:10,200000,golfpang,,,18홀,tr_220202527
남양주(퍼9),2026-09-19,16:27,129000,golfpang,,,18홀,tr_220259078
이글몬트,2026-09-19,06:34,195000,golfpang,,,18홀,tr_220259035
이글몬트,2026-09-19,06:41,195000,golfpang,,,18홀,tr_220259034
남양주(퍼9),2026-09-19,13:14,139000,golfpang,,,18홀,tr_220259032
아세코밸리-퍼9,2026-09-19,12:44,130000,golfpang,,,18홀,tr_220209249
아세코밸리-퍼9,2026-09-19,17:52,110000,golfpang,,,18홀,tr_220209248
골드,2026-09-19,17:47,149000,golfpang,,,18홀,tr_194169333
코리아,2026-09-19,17:33,149000,golfpang,,,18홀,tr_161835844
센테리움,2026-09-19,12:57,139000,golfpang,,,18홀,tr_220258776
더플레이어스,2026-09-19,11:50,160000,golfpang,,,18홀,tr_220207587
양평TPC,2026-09-19,13:29,160000,golfpang,,,18홀,tr_220220627
블랙스톤벨포레,2026-09-19,13:20,110000,golfpang,,,18홀,tr_220003216
더플레이어스,2026-09-19,13:05,160000,golfpang,,,18홀,tr_220239702
모나크,2026-09-19,13:03,150000,golfpang,,,18홀,tr_220258752
모나크,2026-09-19,18:30,110000,golfpang,,,18홀,tr_220258753
모나크,2026-09-19,12:14,160000,golfpang,,,18홀,tr_220258751
알프스대영,2026-09-19,17:57,69000,golfpang,,,18홀,tr_220203126
웰리힐리,2026-09-19,10:54,190000,golfpang,,,18홀,tr_218784992
동강시스타,2026-09-19,08:57,130000,golfpang,,,18홀,tr_219094420
웰리힐리,2026-09-19,07:34,190000,golfpang,,,18홀,tr_218784991
알펜시아700,2026-09-19,07:50,120000,golfpang,,,18홀,tr_219553688
알펜시아명문,2026-09-19,07:45,130000,golfpang,,,18홀,tr_219553723
옥스필드,2026-09-19,07:21,129000,golfpang,,,18홀,tr_220203436
파인밸리,2026-09-19,06:10,125000,golfpang,,,18홀,tr_219112406
오로라,2026-09-19,06:37,150000,golfpang,,,18홀,tr_219886112
벨라스톤,2026-09-19,06:35,159000,golfpang,,,18홀,tr_219822268
벨라스톤,2026-09-19,06:35,159000,golfpang,,,18홀,tr_219822267
알펜시아명문,2026-09-19,06:42,120000,golfpang,,,18홀,tr_219553724
파인밸리,2026-09-19,06:17,125000,golfpang,,,18홀,tr_219112405
옥스필드,2026-09-19,13:30,99000,golfpang,,,18홀,tr_220203438
웰리힐리,2026-09-19,12:42,190000,golfpang,,,18홀,tr_218784993
동강시스타,2026-09-19,12:53,130000,golfpang,,,18홀,tr_219094421
알펜시아명문,2026-09-19,12:52,170000,golfpang,,,18홀,tr_219553725
알펜시아700,2026-09-19,12:49,140000,golfpang,,,18홀,tr_219553690
오로라,2026-09-19,11:57,160000,golfpang,,,18홀,tr_219886113
옥스필드,2026-09-19,12:13,109000,golfpang,,,18홀,tr_220203437
남한강에스파크,2026-09-19,18:00,99000,golfpang,,,18홀,tr_219356662
남한강에스파크,2026-09-19,18:00,99000,golfpang,,,18홀,tr_219356660
벨라45 마스터스,2026-09-19,17:59,115000,golfpang,,,18홀,tr_219347044
오로라,2026-09-19,18:14,100000,golfpang,,,18홀,tr_219886114
남한강에스파크,2026-09-19,18:14,99000,golfpang,,,18홀,tr_219356661
동강시스타,2026-09-19,14:23,120000,golfpang,,,18홀,tr_219094422
알프스대영,2026-09-19,16:47,89000,golfpang,,,18홀,tr_220203125
알프스대영,2026-09-19,18:25,65000,golfpang,,,18홀,tr_220203127
벨라45 마스터스,2026-09-19,17:45,115000,golfpang,,,18홀,tr_219347045
벨라스톤,2026-09-19,17:45,100000,golfpang,,,18홀,tr_219822269
알펜시아700,2026-09-19,08:25,130000,golfpang,,,18홀,tr_219553689
벨라45 마스터스,2026-09-19,17:52,115000,golfpang,,,18홀,tr_219347043
킹즈락,2026-09-19,11:47,150000,golfpang,,,18홀,tr_219321574
일레븐,2026-09-19,11:46,115000,golfpang,,,18홀,tr_220052079
로얄포레,2026-09-19,11:45,139000,golfpang,,,18홀,tr_220203234
모나크,2026-09-19,12:07,180000,golfpang,,,18홀,tr_219489138
힐데스하임,2026-09-19,12:04,160000,golfpang,,,18홀,tr_219788569
프린세스,2026-09-19,12:04,180000,golfpang,,,18홀,tr_219427037
속리산cc,2026-09-19,12:01,150000,golfpang,,,18홀,tr_219970714
올데이,2026-09-19,11:59,109000,golfpang,,,18홀,tr_220203343
골프존 화랑,2026-09-19,07:58,175000,golfpang,,,18홀,tr_220115518
프린세스,2026-09-19,08:26,190000,golfpang,,,18홀,tr_219427036
솔라고,2026-09-19,14:17,140000,golfpang,,,18홀,tr_216646280
솔라고,2026-09-19,14:17,140000,golfpang,,,18홀,tr_216646279
대호단양,2026-09-19,16:20,129000,golfpang,,,18홀,tr_218339891
대영베이스,2026-09-19,13:45,139000,golfpang,,,18홀,tr_220202780
프린세스,2026-09-19,13:42,175000,golfpang,,,18홀,tr_219427038
감곡,2026-09-19,13:42,180000,golfpang,,,18홀,tr_219322503
백제,2026-09-19,13:54,140000,golfpang,,,18홀,tr_220006709
골프존 진천,2026-09-19,14:03,149000,golfpang,,,18홀,tr_220218415
백제,2026-09-19,14:01,140000,golfpang,,,18홀,tr_220006708
모카cc,2026-09-19,13:21,150000,golfpang,,,18홀,tr_219595832
속리산cc,2026-09-19,13:32,130000,golfpang,,,18홀,tr_219970715
속리산cc,2026-09-19,13:32,130000,golfpang,,,18홀,tr_219970713
골프존 화랑,2026-09-19,13:41,131000,golfpang,,,18홀,tr_220115520
대영베이스,2026-09-19,13:39,139000,golfpang,,,18홀,tr_220202779
이븐데일,2026-09-19,12:40,115000,golfpang,,,18홀,tr_220203522
중원,2026-09-19,12:58,150000,golfpang,,,18홀,tr_220046246
대호단양,2026-09-19,12:55,179000,golfpang,,,18홀,tr_218339890
떼제베,2026-09-19,12:53,150000,golfpang,,,18홀,tr_219998182
골프존 화랑,2026-09-19,12:52,141000,golfpang,,,18홀,tr_220115519
힐데스하임,2026-09-19,12:49,150000,golfpang,,,18홀,tr_219788567
골든베이,2026-09-19,13:03,150000,golfpang,,,18홀,tr_218952768
모나크,2026-09-19,13:03,170000,golfpang,,,18홀,tr_219489139
대영힐스,2026-09-19,12:12,130000,golfpang,,,18홀,tr_220202921
떼제베(동북),2026-09-19,12:39,130000,golfpang,,,18홀,tr_219998217
올데이,2026-09-19,12:34,109000,golfpang,,,18홀,tr_220203342
떼제베,2026-09-19,12:32,150000,golfpang,,,18홀,tr_219998181
골프존 진천,2026-09-19,12:25,156000,golfpang,,,18홀,tr_220218414
스타,2026-09-19,12:48,190000,golfpang,,,18홀,tr_220029258
킹즈락,2026-09-19,12:43,140000,golfpang,,,18홀,tr_219321575
대영힐스,2026-09-19,11:39,130000,golfpang,,,18홀,tr_220202920
중원,2026-09-19,08:35,170000,golfpang,,,18홀,tr_220046245
이븐데일,2026-09-19,11:31,115000,golfpang,,,18홀,tr_220203521
임페리얼레이크,2026-09-19,11:24,139000,golfpang,,,18홀,tr_220203380
모나크,2026-09-19,08:42,190000,golfpang,,,18홀,tr_219489137
떼제베(동북),2026-09-19,06:53,110000,golfpang,,,18홀,tr_219998216
힐데스하임,2026-09-19,07:22,165000,golfpang,,,18홀,tr_219788568
이븐데일,2026-09-19,07:20,115000,golfpang,,,18홀,tr_220203520
떼제베,2026-09-19,07:07,150000,golfpang,,,18홀,tr_219998180
모카cc,2026-09-19,07:36,170000,golfpang,,,18홀,tr_219595831
떼제베(동북),2026-09-19,07:35,120000,golfpang,,,18홀,tr_219998215
동촌,2026-09-19,07:23,190000,golfpang,,,18홀,tr_220004629
임페리얼레이크,2026-09-19,07:49,149000,golfpang,,,18홀,tr_220203378
킹즈락,2026-09-19,06:38,130000,golfpang,,,18홀,tr_219321573
올데이,2026-09-19,06:32,99000,golfpang,,,18홀,tr_220203341
스타,2026-09-19,06:30,180000,golfpang,,,18홀,tr_220029257
골든베이,2026-09-19,06:30,150000,golfpang,,,18홀,tr_218952767
임페리얼레이크,2026-09-19,06:46,139000,golfpang,,,18홀,tr_220203379
감곡,2026-09-19,06:44,180000,golfpang,,,18홀,tr_219322502
골프존 진천,2026-09-19,06:42,169000,golfpang,,,18홀,tr_220218413
로얄포레,2026-09-19,07:00,139000,golfpang,,,18홀,tr_220203233
동촌,2026-09-19,06:55,170000,golfpang,,,18홀,tr_220004628
대호단양,2026-09-19,06:07,149000,golfpang,,,18홀,tr_218339889
한림광릉,2026-09-19,17:24,190000,golfpang,,,18홀,tr_220125805
베뉴지,2026-09-19,13:16,165000,golfpang,,,18홀,tr_220127771
가평베네스트,2026-09-19,13:28,250000,golfpang,,,18홀,tr_219971007
푸른솔포천,2026-09-19,13:41,230000,golfpang,,,18홀,tr_218720236
몽베르,2026-09-19,13:40,260000,golfpang,,,18홀,tr_219575804
몽베르,2026-09-19,13:40,260000,golfpang,,,18홀,tr_219575802
푸른솔포천,2026-09-19,13:34,230000,golfpang,,,18홀,tr_218720235
남양주(퍼9),2026-09-19,13:07,139000,golfpang,,,18홀,tr_220107266
포천힐스,2026-09-19,13:06,230000,golfpang,,,18홀,tr_220127974
가평베네스트,2026-09-19,13:14,250000,golfpang,,,18홀,tr_219971006
세레니티-강촌,2026-09-19,13:10,210000,golfpang,,,18홀,tr_218839994
포천힐스,2026-09-19,12:10,230000,golfpang,,,18홀,tr_220127973
남양주(퍼9),2026-09-19,12:34,139000,golfpang,,,18홀,tr_220107265
남양주(퍼9),2026-09-19,12:20,139000,golfpang,,,18홀,tr_220107264
더플레이어스,2026-09-19,12:09,160000,golfpang,,,18홀,tr_219990935
스프링베일-퍼9,2026-09-19,12:08,105000,golfpang,,,18홀,tr_220118461
베스트밸리-퍼9,2026-09-19,12:07,170000,golfpang,,,18홀,tr_219711156
남춘천,2026-09-19,12:06,180000,golfpang,,,18홀,tr_220127139
스프링베일-퍼9,2026-09-19,12:01,105000,golfpang,,,18홀,tr_220118460
샤인데일,2026-09-19,08:12,200000,golfpang,,,18홀,tr_220118217
포천힐스,2026-09-19,11:29,230000,golfpang,,,18홀,tr_220127972
남춘천,2026-09-19,08:50,220000,golfpang,,,18홀,tr_220127138
더플레이어스,2026-09-19,07:16,190000,golfpang,,,18홀,tr_219990934
스프링베일-퍼9,2026-09-19,07:41,115000,golfpang,,,18홀,tr_220118459
세레니티-강촌,2026-09-19,07:31,210000,golfpang,,,18홀,tr_218839995
샤인데일,2026-09-19,08:12,200000,golfpang,,,18홀,tr_220118216
샤인데일,2026-09-19,08:12,200000,golfpang,,,18홀,tr_220118215
베스트밸리-퍼9,2026-09-19,06:19,180000,golfpang,,,18홀,tr_219711155
필로스,2026-09-19,18:14,140000,golfpang,,,18홀,tr_219688473
비콘힐스,2026-09-19,18:33,90000,golfpang,,,18홀,tr_219870560
비콘힐스,2026-09-19,18:33,90000,golfpang,,,18홀,tr_219870558
비콘힐스,2026-09-19,18:40,90000,golfpang,,,18홀,tr_219870559
파주타이거,2026-09-19,17:23,190000,golfpang,,,18홀,tr_219327429
몽베르(대중제),2026-09-19,17:21,160000,golfpang,,,18홀,tr_219584317
세레니티-강촌,2026-09-19,17:39,140000,golfpang,,,18홀,tr_218839996
몽베르(대중제),2026-09-19,17:56,150000,golfpang,,,18홀,tr_219584318
몽베르(대중제),2026-09-19,17:56,150000,golfpang,,,18홀,tr_219584319
필로스,2026-09-19,18:07,140000,golfpang,,,18홀,tr_219688472
필로스,2026-09-19,18:20,140000,golfpang,,,18홀,tr_219688474
파주타이거,2026-09-19,17:11,190000,golfpang,,,18홀,tr_219327430
파주타이거,2026-09-19,17:11,190000,golfpang,,,18홀,tr_219327428
베스트밸리-퍼9,2026-09-19,16:31,140000,golfpang,,,18홀,tr_219711157
한림광릉,2026-09-19,17:31,150000,golfpang,,,18홀,tr_220125806
한림광릉,2026-09-19,17:24,150000,golfpang,,,18홀,tr_220125807
베뉴지,2026-09-19,13:58,160000,golfpang,,,18홀,tr_220127772
몽베르,2026-09-19,13:48,260000,golfpang,,,18홀,tr_219575803
용인(비공개),2026-09-19,13:52,199000,golfpang,,,18홀,tr_219968317
솔모로,2026-09-19,13:49,180000,golfpang,,,18홀,tr_220002753
히든밸리,2026-09-19,14:01,170000,golfpang,,,18홀,tr_218785666
포웰(안성)cc,2026-09-19,13:57,192000,golfpang,,,18홀,tr_219553903
솔모로,2026-09-19,13:56,180000,golfpang,,,18홀,tr_220002754
한림용인,2026-09-19,13:25,190000,golfpang,,,18홀,tr_220038561
신라,2026-09-19,13:18,180000,golfpang,,,18홀,tr_220130221
골프존 안성H,2026-09-19,13:31,190000,golfpang,,,18홀,tr_220052445
써닝포인트,2026-09-19,13:26,215000,golfpang,,,18홀,tr_219707855
빅토리아-퍼9,2026-09-19,13:41,119000,golfpang,,,18홀,tr_219749675
빅토리아-퍼9,2026-09-19,13:41,119000,golfpang,,,18홀,tr_219749674
써닝포인트,2026-09-19,13:40,215000,golfpang,,,18홀,tr_219707856
골프존 안성H,2026-09-19,13:38,190000,golfpang,,,18홀,tr_220052446
에델바이스(가명),2026-09-19,13:33,180000,golfpang,,,18홀,tr_220003864
해솔리아,2026-09-19,13:05,180000,golfpang,,,18홀,tr_220126448
포웰(안성)cc,2026-09-19,13:08,202000,golfpang,,,18홀,tr_219553902
써닝포인트,2026-09-19,13:26,215000,golfpang,,,18홀,tr_219707857
신라,2026-09-19,12:36,200000,golfpang,,,18홀,tr_220130220
골프존 안성W,2026-09-19,12:35,170000,golfpang,,,18홀,tr_220218333
에덴블루,2026-09-19,12:30,209000,golfpang,,,18홀,tr_220127284
양지파인,2026-09-19,12:44,180000,golfpang,,,18홀,tr_219554636
골프존 안성W,2026-09-19,11:53,170000,golfpang,,,18홀,tr_220218334
양지파인,2026-09-19,11:51,210000,golfpang,,,18홀,tr_219554635
포웰(안성)cc,2026-09-19,12:19,212000,golfpang,,,18홀,tr_219553901
360도,2026-09-19,12:15,180000,golfpang,,,18홀,tr_220206145
유니아일랜드,2026-09-19,10:40,200000,golfpang,,,18홀,tr_219934156
골프존 안성W,2026-09-19,08:50,190000,golfpang,,,18홀,tr_220218332
골프존 안성H,2026-09-19,06:51,210000,golfpang,,,18홀,tr_220052444
유니아일랜드,2026-09-19,07:11,200000,golfpang,,,18홀,tr_219934155
이천실크밸리,2026-09-19,07:45,195000,golfpang,,,18홀,tr_219913062
히든밸리,2026-09-19,07:52,210000,golfpang,,,18홀,tr_218785665
에덴블루,2026-09-19,06:42,199000,golfpang,,,18홀,tr_220127283
에델바이스(가명),2026-09-19,06:56,180000,golfpang,,,18홀,tr_220003863
360도,2026-09-19,06:07,170000,golfpang,,,18홀,tr_220206144
이천실크밸리,2026-09-19,18:17,110000,golfpang,,,18홀,tr_219913064
리베라,2026-09-19,18:31,140000,golfpang,,,18홀,tr_219716678
리베라,2026-09-19,18:31,140000,golfpang,,,18홀,tr_219716676
에덴블루,2026-09-19,18:28,129900,golfpang,,,18홀,tr_220127285
그린힐,2026-09-19,18:52,110000,golfpang,,,18홀,tr_219716231
그린힐,2026-09-19,18:45,110000,golfpang,,,18홀,tr_219716230
클럽72,2026-09-19,18:39,140000,golfpang,,,18홀,tr_219769149
리베라,2026-09-19,18:38,140000,golfpang,,,18홀,tr_219716677
세현,2026-09-19,19:33,160000,golfpang,,,18홀,tr_219164125
용인플라자,2026-09-19,17:23,160000,golfpang,,,18홀,tr_219553040
윈체스트,2026-09-19,17:22,185000,golfpang,,,18홀,tr_217891745
세현,2026-09-19,17:48,190000,golfpang,,,18홀,tr_219164123
빅토리아-퍼9,2026-09-19,17:38,99000,golfpang,,,18홀,tr_219749676
용인플라자,2026-09-19,17:52,160000,golfpang,,,18홀,tr_219553042
해솔리아,2026-09-19,18:04,135000,golfpang,,,18홀,tr_220126450
세현,2026-09-19,18:02,190000,golfpang,,,18홀,tr_219164124
아세코밸리-퍼9,2026-09-19,17:17,110000,golfpang,,,18홀,tr_219912870
클럽72,2026-09-19,17:15,150000,golfpang,,,18홀,tr_219769148
클럽72,2026-09-19,17:15,150000,golfpang,,,18홀,tr_219769147
아세코밸리-퍼9,2026-09-19,17:10,110000,golfpang,,,18홀,tr_219912869
아세코밸리-퍼9,2026-09-19,17:10,110000,golfpang,,,18홀,tr_219912868
윈체스트,2026-09-19,17:08,185000,golfpang,,,18홀,tr_217891744
윈체스트,2026-09-19,17:01,185000,golfpang,,,18홀,tr_217891743
유니아일랜드,2026-09-19,16:52,130000,golfpang,,,18홀,tr_219934157
용인(비공개),2026-09-19,17:35,160000,golfpang,,,18홀,tr_219968318
용인플라자,2026-09-19,17:31,160000,golfpang,,,18홀,tr_219553041
한림용인,2026-09-19,17:31,160000,golfpang,,,18홀,tr_220038563
해솔리아,2026-09-19,17:29,150000,golfpang,,,18홀,tr_220126449
용인(비공개),2026-09-19,13:45,199000,golfpang,,,18홀,tr_219968316
그린힐,2026-09-19,13:42,190000,golfpang,,,18홀,tr_219716229
신라,2026-09-19,13:53,180000,golfpang,,,18홀,tr_220130222
한림용인,2026-09-19,13:53,180000,golfpang,,,18홀,tr_220038562
이천실크밸리,2026-09-19,13:52,155000,golfpang,,,18홀,tr_219913063
서원힐스,2026-09-19,05:53,250000,golfpang,,,18홀,tr_219891847
예미지,2026-09-19,13:15,170000,golfpang,,,18홀,tr_220258523
강촌(비공개),2026-09-19,06:23,230000,golfpang,,,18홀,tr_219367561
강촌(비공개),2026-09-19,12:05,220000,golfpang,,,18홀,tr_219367557
여주(비공개S),2026-09-19,13:56,190000,golfpang,,,18홀,tr_220023557
알프스대영,2026-09-19,08:04,129000,golfpang,,,18홀,tr_218254873
로얄포레,2026-09-19,06:46,129000,golfpang,,,18홀,tr_220215386
골프존 진천,2026-09-19,06:42,169000,golfpang,,,18홀,tr_220214294
남춘천,2026-09-19,06:25,180000,golfpang,,,18홀,tr_220174894
360도,2026-09-19,12:15,180000,golfpang,,,18홀,tr_220037693
동서울cc-퍼9,2026-09-19,12:07,94000,golfpang,,,18홀,tr_220153374
360도,2026-09-19,06:30,180000,golfpang,,,18홀,tr_220037655
백제,2026-09-19,13:47,140000,golfpang,,,18홀,tr_220255876
한림광릉,2026-09-19,17:17,150000,golfpang,,,18홀,tr_220255741
한림광릉,2026-09-19,17:17,150000,golfpang,,,18홀,tr_220255740
한림광릉,2026-09-19,17:24,150000,golfpang,,,18홀,tr_220255742
포웰(안성)cc,2026-09-19,17:57,122000,golfpang,,,18홀,tr_220221925
아난티중앙(야간),2026-09-19,17:53,140000,golfpang,,,18홀,tr_220221888
로얄링스,2026-09-19,13:02,120000,golfpang,,,18홀,tr_220057590
골프존 화랑,2026-09-19,17:46,119000,golfpang,,,18홀,tr_220221873
더플레이어스,2026-09-19,12:44,160000,golfpang,,,18홀,tr_219601205
골프존 화랑,2026-09-19,06:34,175000,golfpang,,,18홀,tr_219903900
한림용인,2026-09-19,17:38,158000,golfpang,,,18홀,tr_220221867
마이다스레이크 이천,2026-09-19,14:03,190000,golfpang,,,18홀,tr_220210159
더크로스비,2026-09-19,13:51,207000,golfpang,,,18홀,tr_220221830
포웰(안성)cc,2026-09-19,19:49,105000,golfpang,,,18홀,tr_220200265
알프스대영,2026-09-19,18:39,65000,golfpang,,,18홀,tr_220199943
알프스대영,2026-09-19,17:57,69000,golfpang,,,18홀,tr_220199942
대영베이스,2026-09-19,17:44,105000,golfpang,,,18홀,tr_220199562
세현,2026-09-19,18:09,180000,golfpang,,,18홀,tr_220199839
알프스대영,2026-09-19,16:47,89000,golfpang,,,18홀,tr_220199941
파주,2026-09-19,17:06,180000,golfpang,,,18홀,tr_220200717
떼제베,2026-09-19,18:02,130000,golfpang,,,18홀,tr_220200146
골프존 안성W,2026-09-19,13:52,170000,golfpang,,,18홀,tr_220200339
세현,2026-09-19,13:51,250000,golfpang,,,18홀,tr_220199838
솔모로,2026-09-19,13:56,180000,golfpang,,,18홀,tr_220200689
솔모로,2026-09-19,13:56,180000,golfpang,,,18홀,tr_220200688
포천힐스,2026-09-19,13:55,230000,golfpang,,,18홀,tr_220200812
푸른솔포천,2026-09-19,13:55,230000,golfpang,,,18홀,tr_220200828
감곡,2026-09-19,14:03,160000,golfpang,,,18홀,tr_220200499
속리산cc,2026-09-19,14:14,140000,golfpang,,,18홀,tr_220200953
감곡,2026-09-19,14:10,160000,golfpang,,,18홀,tr_220200500
프린세스,2026-09-19,14:10,165000,golfpang,,,18홀,tr_220201109
속리산cc,2026-09-19,13:32,130000,golfpang,,,18홀,tr_220200952
속리산cc,2026-09-19,13:32,130000,golfpang,,,18홀,tr_220200951
골프존 안성H,2026-09-19,13:31,190000,golfpang,,,18홀,tr_220200314
대영베이스,2026-09-19,13:32,130000,golfpang,,,18홀,tr_220199561
세현,2026-09-19,13:37,250000,golfpang,,,18홀,tr_220199837
감곡,2026-09-19,13:42,160000,golfpang,,,18홀,tr_220200498
벨라스톤,2026-09-19,13:42,169000,golfpang,,,18홀,tr_220200638
골프존 안성H,2026-09-19,13:45,190000,golfpang,,,18홀,tr_220200315
파주,2026-09-19,13:02,250000,golfpang,,,18홀,tr_220200716
클럽72,2026-09-19,13:07,300000,golfpang,,,18홀,tr_220200447
대영베이스,2026-09-19,13:12,139000,golfpang,,,18홀,tr_220199560
해솔리아,2026-09-19,13:12,170000,golfpang,,,18홀,tr_220201217
프린세스,2026-09-19,13:14,165000,golfpang,,,18홀,tr_220201108
포천힐스,2026-09-19,13:20,230000,golfpang,,,18홀,tr_220200811
골프존 화랑,2026-09-19,13:20,131000,golfpang,,,18홀,tr_220201052
신라,2026-09-19,13:18,180000,golfpang,,,18홀,tr_220200096
일레븐,2026-09-19,13:17,125000,golfpang,,,18홀,tr_220199799
한림용인,2026-09-19,13:25,185000,golfpang,,,18홀,tr_220200396
이븐데일,2026-09-19,12:34,115000,golfpang,,,18홀,tr_220200137
떼제베,2026-09-19,12:46,150000,golfpang,,,18홀,tr_220200145
떼제베(동북),2026-09-19,12:46,130000,golfpang,,,18홀,tr_220200167
클럽모우,2026-09-19,12:45,180000,golfpang,,,18홀,tr_220200034
모나크,2026-09-19,12:49,180000,golfpang,,,18홀,tr_220201123
세레니티-강촌,2026-09-19,12:49,210000,golfpang,,,18홀,tr_220201247
이글몬트,2026-09-19,12:57,170000,golfpang,,,18홀,tr_220200347
일레븐,2026-09-19,12:56,125000,golfpang,,,18홀,tr_220199798
모나크,2026-09-19,13:03,170000,golfpang,,,18홀,tr_220201124
360도,2026-09-19,12:07,180000,golfpang,,,18홀,tr_220200059
임페리얼레이크,2026-09-19,12:13,139000,golfpang,,,18홀,tr_220199601
파주,2026-09-19,12:13,250000,golfpang,,,18홀,tr_220200715
대영힐스,2026-09-19,12:12,130000,golfpang,,,18홀,tr_220199523
모카cc,2026-09-19,12:11,145000,golfpang,,,18홀,tr_220201405
해솔리아,2026-09-19,12:16,180000,golfpang,,,18홀,tr_220201216
모나크,2026-09-19,12:14,180000,golfpang,,,18홀,tr_220201122
골프존 진천,2026-09-19,12:32,161000,golfpang,,,18홀,tr_220201020
에덴블루,2026-09-19,12:30,209000,golfpang,,,18홀,tr_220200282
힐데스하임,2026-09-19,12:27,160000,golfpang,,,18홀,tr_220201138
라싸,2026-09-19,12:39,189000,golfpang,,,18홀,tr_220200773
신라,2026-09-19,12:36,200000,golfpang,,,18홀,tr_220200095
로얄포레,2026-09-19,11:31,149000,golfpang,,,18홀,tr_220199622
에덴블루,2026-09-19,11:48,219000,golfpang,,,18홀,tr_220200281
대영힐스,2026-09-19,11:46,130000,golfpang,,,18홀,tr_220199522
올데이,2026-09-19,11:45,119000,golfpang,,,18홀,tr_220199716
한림용인,2026-09-19,11:40,250000,golfpang,,,18홀,tr_220200395
양평TPC,2026-09-19,12:05,180000,golfpang,,,18홀,tr_220201081
양지파인,2026-09-19,11:59,180000,golfpang,,,18홀,tr_220200548
포천힐스,2026-09-19,12:10,230000,golfpang,,,18홀,tr_220200810
옥스필드,2026-09-19,11:17,149000,golfpang,,,18홀,tr_220199982
벨라스톤,2026-09-19,13:49,169000,golfpang,,,18홀,tr_220200639
골프존 진천,2026-09-19,13:35,149000,golfpang,,,18홀,tr_220242487
포웰(안성)cc,2026-09-19,06:04,182000,golfpang,,,18홀,tr_220200263
신라,2026-09-19,06:10,200000,golfpang,,,18홀,tr_220200094
푸른솔포천,2026-09-19,06:07,230000,golfpang,,,18홀,tr_220200827
프린세스,2026-09-19,08:12,175000,golfpang,,,18홀,tr_220201107
샤인데일,2026-09-19,08:12,200000,golfpang,,,18홀,tr_220201370
샤인데일,2026-09-19,08:12,200000,golfpang,,,18홀,tr_220201369
샤인데일,2026-09-19,08:12,200000,golfpang,,,18홀,tr_220201371
로얄포레,2026-09-19,08:10,159000,golfpang,,,18홀,tr_220199621
올데이,2026-09-19,08:10,129000,golfpang,,,18홀,tr_220199715
옥스필드,2026-09-19,08:10,149000,golfpang,,,18홀,tr_220199981
모카cc,2026-09-19,08:25,150000,golfpang,,,18홀,tr_220201404
이븐데일,2026-09-19,08:24,130000,golfpang,,,18홀,tr_220200136
양지파인,2026-09-19,08:22,210000,golfpang,,,18홀,tr_220200547
세레니티-강촌,2026-09-19,08:34,210000,golfpang,,,18홀,tr_220201246
골프존 화랑,2026-09-19,08:33,185000,golfpang,,,18홀,tr_220201051
클럽모우,2026-09-19,08:29,210000,golfpang,,,18홀,tr_220200033
클럽72,2026-09-19,08:27,270000,golfpang,,,18홀,tr_220200446
골프존 안성W,2026-09-19,08:50,210000,golfpang,,,18홀,tr_220200338
세레니티-강촌,2026-09-19,07:17,210000,golfpang,,,18홀,tr_220201245
해솔리아,2026-09-19,07:24,230000,golfpang,,,18홀,tr_220201215
힐데스하임,2026-09-19,07:22,165000,golfpang,,,18홀,tr_220201137
옥스필드,2026-09-19,07:21,129000,golfpang,,,18홀,tr_220199980
이븐데일,2026-09-19,07:41,120000,golfpang,,,18홀,tr_220200135
골프존 안성W,2026-09-19,07:40,200000,golfpang,,,18홀,tr_220200337
이글몬트,2026-09-19,07:37,200000,golfpang,,,18홀,tr_220200346
떼제베(동북),2026-09-19,07:35,120000,golfpang,,,18홀,tr_220200165
양평TPC,2026-09-19,07:34,240000,golfpang,,,18홀,tr_220201080
임페리얼레이크,2026-09-19,07:49,159000,golfpang,,,18홀,tr_220199600
올데이,2026-09-19,07:42,119000,golfpang,,,18홀,tr_220199714
떼제베(동북),2026-09-19,08:10,130000,golfpang,,,18홀,tr_220200166
골프존 화랑,2026-09-19,07:58,175000,golfpang,,,18홀,tr_220201050
라싸,2026-09-19,08:19,239000,golfpang,,,18홀,tr_220200772
골프존 진천,2026-09-19,06:42,181000,golfpang,,,18홀,tr_220201018
골프존 안성H,2026-09-19,06:51,210000,golfpang,,,18홀,tr_220200313
임페리얼레이크,2026-09-19,06:46,149000,golfpang,,,18홀,tr_220199599
골프존 진천,2026-09-19,07:03,194000,golfpang,,,18홀,tr_220201019
로얄포레,2026-09-19,07:00,139000,golfpang,,,18홀,tr_220199620
힐데스하임,2026-09-19,07:00,165000,golfpang,,,18홀,tr_220201136
떼제베,2026-09-19,07:00,150000,golfpang,,,18홀,tr_220200144
라싸,2026-09-19,07:16,219000,golfpang,,,18홀,tr_220200771
360도,2026-09-19,07:15,220000,golfpang,,,18홀,tr_220200058
에덴블루,2026-09-19,07:13,209000,golfpang,,,18홀,tr_220200280
한림용인,2026-09-19,06:24,225000,golfpang,,,18홀,tr_220200394
일레븐,2026-09-19,06:23,135000,golfpang,,,18홀,tr_220199797
벨라스톤,2026-09-19,06:35,159000,golfpang,,,18홀,tr_220200637
가평프리스틴밸리,2026-09-19,13:17,220000,golfpang,,,18홀,tr_219820235
스카이밸리,2026-09-19,13:32,200000,golfpang,,,18홀,tr_220210152
진천(비공개),2026-09-19,13:26,180000,golfpang,,,18홀,tr_220210148
가평프리스틴밸리,2026-09-19,13:17,220000,golfpang,,,18홀,tr_220242426
클럽72,2026-09-19,18:19,150000,golfpang,,,18홀,tr_220215953
양평TPC,2026-09-19,13:15,160000,golfpang,,,18홀,tr_220230565
클럽72,2026-09-19,07:11,210000,golfpang,,,18홀,tr_220215045
로얄링스,2026-09-19,13:02,120000,golfpang,,,18홀,tr_220210146
동촌,2026-09-19,07:51,190000,golfpang,,,18홀,tr_220153238
중원,2026-09-19,12:58,140000,golfpang,,,18홀,tr_220249971
블랙스톤벨포레,2026-09-19,17:38,80000,golfpang,,,18홀,tr_220215693
이포,2026-09-19,12:54,200000,golfpang,,,18홀,tr_220210144
포웰(안성)cc,2026-09-19,12:54,162000,golfpang,,,18홀,tr_220210143
더플레이어스,2026-09-19,12:44,160000,golfpang,,,18홀,tr_220210142
로얄링스,2026-09-19,07:40,120000,golfpang,,,18홀,tr_219557957
일레븐,2026-09-19,17:20,75000,golfpang,,,18홀,tr_219765615
로얄링스,2026-09-19,12:20,120000,golfpang,,,18홀,tr_219557959
일레븐,2026-09-19,12:20,115000,golfpang,,,18홀,tr_219765565
포웰(안성)cc,2026-09-19,06:20,171000,golfpang,,,18홀,tr_220013563
골프존 천안,2026-09-19,12:23,173000,golfpang,,,18홀,tr_220210141
골프존 송도(구.오렌지듄스),2026-09-19,18:32,159000,golfpang,,,18홀,tr_220216043
신라,2026-09-19,12:22,200000,golfpang,,,18홀,tr_220210140
블랙스톤벨포레,2026-09-19,13:56,110000,golfpang,,,18홀,tr_220215330
라싸,2026-09-19,12:18,199000,golfpang,,,18홀,tr_220210137
베뉴지,2026-09-19,12:49,179000,golfpang,,,18홀,tr_220215156
일레븐,2026-09-19,12:49,125000,golfpang,,,18홀,tr_219781718
신라,2026-09-19,12:36,190000,golfpang,,,18홀,tr_220210294
일레븐,2026-09-19,17:44,80000,golfpang,,,18홀,tr_219997168
힐마루 포천,2026-09-19,18:13,160000,golfpang,,,18홀,tr_220210297
오너스,2026-09-19,14:25,140000,golfpang,,,18홀,tr_219781702
더플레이어스,2026-09-19,11:55,160000,golfpang,,,18홀,tr_220210296
오너스,2026-09-19,08:21,160000,golfpang,,,18홀,tr_219997204
더플레이어스,2026-09-19,07:30,190000,golfpang,,,18홀,tr_220210295
골프존 송도(구.오렌지듄스),2026-09-19,13:50,199000,golfpang,,,18홀,tr_220250371
골프존 송도(구.오렌지듄스),2026-09-19,13:50,199000,golfpang,,,18홀,tr_220250372
골프존 송도(구.오렌지듄스),2026-09-19,06:04,199000,golfpang,,,18홀,tr_220250370
라싸,2026-09-19,12:32,189000,golfpang,,,18홀,tr_220242427
스타,2026-09-19,12:13,190000,golfpang,,,18홀,tr_220250341
스타,2026-09-19,13:02,180000,golfpang,,,18홀,tr_220250342
스타,2026-09-19,06:30,180000,golfpang,,,18홀,tr_220250340
모카cc,2026-09-19,08:11,150000,golfpang,,,18홀,tr_220240656
젠스필드,2026-09-19,18:38,100000,golfpang,,,18홀,tr_220250309
젠스필드,2026-09-19,18:38,100000,golfpang,,,18홀,tr_220250308
로제비앙(구.큐로cc),2026-09-19,13:12,210000,golfpang,,,18홀,tr_219991495
일레븐,2026-09-19,06:23,130000,golfpang,,,18홀,tr_220250292
일레븐,2026-09-19,18:05,75000,golfpang,,,18홀,tr_220250293
일레븐,2026-09-19,06:23,130000,golfpang,,,18홀,tr_220250291
모카cc,2026-09-19,08:39,150000,golfpang,,,18홀,tr_220250065
중원,2026-09-19,08:35,160000,golfpang,,,18홀,tr_220242859
중원,2026-09-19,14:15,130000,golfpang,,,18홀,tr_220242860
한맥,2026-09-19,11:48,151000,golfpang,,,18홀,tr_220242792
골프존 안성H,2026-09-19,13:31,185000,golfpang,,,18홀,tr_220242699
골프존 안성H,2026-09-19,13:31,185000,golfpang,,,18홀,tr_220242701
골프존 안성H,2026-09-19,13:38,185000,golfpang,,,18홀,tr_220242700
해내다,2026-09-19,11:20,171000,golfpang,,,18홀,tr_220242692
포도,2026-09-19,08:45,121000,golfpang,,,18홀,tr_220242670
클럽72,2026-09-19,07:12,210000,golfpang,,,18홀,tr_220242668
서원힐스,2026-09-19,05:41,240000,golfpang,,,18홀,tr_220242577
가평베네스트,2026-09-19,13:42,250000,golfpang,,,18홀,tr_220242649
가평베네스트,2026-09-19,13:42,250000,golfpang,,,18홀,tr_220242648
용인(비공개),2026-09-19,13:52,199000,golfpang,,,18홀,tr_220242626
용인(비공개),2026-09-19,18:17,150000,golfpang,,,18홀,tr_220242627
용인(비공개),2026-09-19,06:11,230000,golfpang,,,18홀,tr_220242625
일레븐,2026-09-19,17:30,75000,golfpang,,,18홀,tr_219765538
한맥,2026-09-19,08:23,161000,golfpang,,,18홀,tr_220242503
진해신항,2026-09-19,07:39,171000,golfpang,,,18홀,tr_220242409
모나크,2026-09-19,13:45,150000,golfpang,,,18홀,tr_220242337
모나크,2026-09-19,12:49,160000,golfpang,,,18홀,tr_220242336
모나크,2026-09-19,18:30,110000,golfpang,,,18홀,tr_220242338
그랜드(청주),2026-09-19,18:28,120000,golfpang,,,18홀,tr_220242335
클럽72,2026-09-19,18:46,140000,golfpang,,,18홀,tr_219871432
예미지,2026-09-19,13:29,170000,golfpang,,,18홀,tr_220242264
예미지,2026-09-19,13:29,170000,golfpang,,,18홀,tr_220242265
베스트밸리-퍼9,2026-09-19,16:50,140000,golfpang,,,18홀,tr_220242048
한림용인,2026-09-19,13:32,180000,golfpang,,,18홀,tr_219819208
플라밍고,2026-09-19,13:18,140000,golfpang,,,18홀,tr_219926451
일레븐,2026-09-19,17:37,75000,golfpang,,,18홀,tr_219764990
포웰(안성)cc,2026-09-19,13:40,152000,golfpang,,,18홀,tr_219816671
그린힐,2026-09-19,14:10,170000,golfpang,,,18홀,tr_219890194
플라밍고,2026-09-19,19:00,90000,golfpang,,,18홀,tr_220000653
일레븐,2026-09-19,12:32,125000,golfpang,,,18홀,tr_219764960
로얄링스,2026-09-19,12:41,120000,golfpang,,,18홀,tr_219524443
로얄링스,2026-09-19,07:38,120000,golfpang,,,18홀,tr_219524428
안동 리버힐,2026-09-19,06:38,111000,golfpang,,,18홀,tr_220241800
안성베네스트(클),2026-09-19,14:06,209000,golfpang,,,18홀,tr_220241714
안성베네스트(클),2026-09-19,14:06,209000,golfpang,,,18홀,tr_220241713
안성베네스트(챌),2026-09-19,14:13,199000,golfpang,,,18홀,tr_220241675
안성베네스트(챌),2026-09-19,14:13,199000,golfpang,,,18홀,tr_220241676
클럽D 거창,2026-09-19,06:35,81000,golfpang,,,18홀,tr_220241560
마이다스레이크 이천,2026-09-19,14:30,180000,golfpang,,,18홀,tr_220241480
마이다스레이크 이천,2026-09-19,14:01,180000,golfpang,,,18홀,tr_220241479
베뉴지,2026-09-19,13:23,160000,golfpang,,,18홀,tr_220241465
마이다스레이크 이천,2026-09-19,14:10,180000,golfpang,,,18홀,tr_220202849
라싸,2026-09-19,06:41,209000,golfpang,,,18홀,tr_220241418
벨라스톤,2026-09-19,13:21,169000,golfpang,,,18홀,tr_220241417
벨라스톤,2026-09-19,13:21,169000,golfpang,,,18홀,tr_219428242
마이다스레이크 이천,2026-09-19,14:03,180000,golfpang,,,18홀,tr_220241324
해내다,2026-09-19,06:21,161000,golfpang,,,18홀,tr_220241170
모카cc,2026-09-19,08:39,150000,golfpang,,,18홀,tr_220240657
용인(비공개),2026-09-19,13:52,199000,golfpang,,,18홀,tr_220240000
용인(비공개),2026-09-19,18:17,150000,golfpang,,,18홀,tr_220240001
용인(비공개),2026-09-19,06:11,230000,golfpang,,,18홀,tr_220239999
가평베네스트,2026-09-19,13:14,250000,golfpang,,,18홀,tr_220241047
가평베네스트,2026-09-19,13:14,250000,golfpang,,,18홀,tr_220241046
세레니티-강촌,2026-09-19,17:46,140000,golfpang,,,18홀,tr_220221731
그린힐,2026-09-19,18:59,110000,golfpang,,,18홀,tr_220240998
그린힐,2026-09-19,17:35,140000,golfpang,,,18홀,tr_220240996
그린힐,2026-09-19,18:52,110000,golfpang,,,18홀,tr_220240997
골프존 화랑,2026-09-19,17:46,119000,golfpang,,,18홀,tr_220221694
한림용인,2026-09-19,17:38,158000,golfpang,,,18홀,tr_220221667
안성베네스트(클),2026-09-19,14:13,179000,golfpang,,,18홀,tr_220222559
마이다스레이크 이천,2026-09-19,14:03,190000,golfpang,,,18홀,tr_220221629
더크로스비,2026-09-19,13:51,207000,golfpang,,,18홀,tr_220222810
골프존 진천,2026-09-19,13:49,149000,golfpang,,,18홀,tr_220221571
스카이밸리,2026-09-19,13:32,200000,golfpang,,,18홀,tr_220221530
양평TPC,2026-09-19,13:29,160000,golfpang,,,18홀,tr_220222522
감곡,2026-09-19,13:42,160000,golfpang,,,18홀,tr_220240766
감곡,2026-09-19,18:48,120000,golfpang,,,18홀,tr_220240768
감곡,2026-09-19,13:49,160000,golfpang,,,18홀,tr_220240767
진천(비공개),2026-09-19,13:26,180000,golfpang,,,18홀,tr_220221431
블랙스톤벨포레,2026-09-19,13:20,110000,golfpang,,,18홀,tr_220221244
백제,2026-09-19,13:19,145000,golfpang,,,18홀,tr_220238725
가평프리스틴밸리,2026-09-19,13:17,240000,golfpang,,,18홀,tr_220221240
로얄링스,2026-09-19,13:02,120000,golfpang,,,18홀,tr_220221053
중원,2026-09-19,12:58,150000,golfpang,,,18홀,tr_220220999
이포,2026-09-19,12:54,200000,golfpang,,,18홀,tr_220220947
포웰(안성)cc,2026-09-19,12:54,162000,golfpang,,,18홀,tr_220220882
세레니티-강촌,2026-09-19,12:49,210000,golfpang,,,18홀,tr_220220794
더플레이어스,2026-09-19,12:44,160000,golfpang,,,18홀,tr_220220678
가평베네스트,2026-09-19,13:42,250000,golfpang,,,18홀,tr_220240576
가평베네스트,2026-09-19,13:42,250000,golfpang,,,18홀,tr_220240577
골프존 천안,2026-09-19,12:23,173000,golfpang,,,18홀,tr_220220622
신라,2026-09-19,12:22,200000,golfpang,,,18홀,tr_220220576
스톤비치,2026-09-19,12:20,140000,golfpang,,,18홀,tr_220220560
라싸,2026-09-19,11:57,199000,golfpang,,,18홀,tr_220219811
중원,2026-09-19,08:21,170000,golfpang,,,18홀,tr_220219929
스톤비치,2026-09-19,08:13,150000,golfpang,,,18홀,tr_220219940
신라,2026-09-19,14:14,180000,golfpang,,,18홀,tr_220240392
신라,2026-09-19,14:00,180000,golfpang,,,18홀,tr_220240390
신라,2026-09-19,14:07,180000,golfpang,,,18홀,tr_220240391
모카cc,2026-09-19,14:17,125000,golfpang,,,18홀,tr_220148306
백제,2026-09-19,07:50,150000,golfpang,,,18홀,tr_220236532
동촌,2026-09-19,06:27,170000,golfpang,,,18홀,tr_220035323
동촌,2026-09-19,08:33,210000,golfpang,,,18홀,tr_220035324
더플레이어스,2026-09-19,12:09,160000,golfpang,,,18홀,tr_219990676
더플레이어스,2026-09-19,07:16,190000,golfpang,,,18홀,tr_219990675
비콘힐스,2026-09-19,17:02,90000,golfpang,,,18홀,tr_219842969
비콘힐스,2026-09-19,17:51,90000,golfpang,,,18홀,tr_219842970
비콘힐스,2026-09-19,17:02,90000,golfpang,,,18홀,tr_219842968
속리산cc,2026-09-19,06:19,110000,golfpang,,,18홀,tr_219985208
속리산cc,2026-09-19,06:19,110000,golfpang,,,18홀,tr_219985207
속리산cc,2026-09-19,12:08,130000,golfpang,,,18홀,tr_219985209
로얄링스,2026-09-19,07:45,120000,golfpang,,,18홀,tr_220220001
빅토리아-퍼9,2026-09-19,12:52,119000,golfpang,,,18홀,tr_219785100
빅토리아-퍼9,2026-09-19,12:52,119000,golfpang,,,18홀,tr_219785099
빅토리아-퍼9,2026-09-19,12:52,119000,golfpang,,,18홀,tr_219785098
알펜시아명문,2026-09-19,11:14,170000,golfpang,,,18홀,tr_219778500
웰리힐리,2026-09-19,10:54,190000,golfpang,,,18홀,tr_219778696
알펜시아명문,2026-09-19,06:35,110000,golfpang,,,18홀,tr_219778499
웰리힐리,2026-09-19,07:34,190000,golfpang,,,18홀,tr_219778697
알펜시아명문,2026-09-19,07:24,130000,golfpang,,,18홀,tr_219778501
웰리힐리,2026-09-19,09:42,190000,golfpang,,,18홀,tr_219778695
알펜시아700,2026-09-19,12:49,140000,golfpang,,,18홀,tr_219778361
알펜시아700,2026-09-19,13:45,130000,golfpang,,,18홀,tr_219778360
알펜시아700,2026-09-19,08:25,130000,golfpang,,,18홀,tr_219778359
신라,2026-09-19,07:20,240000,golfpang,,,18홀,tr_220220119
진천(비공개),2026-09-19,07:17,180000,golfpang,,,18홀,tr_220220183
골프존 안성H,2026-09-19,13:31,190000,golfpang,,,18홀,tr_220240232
골프존 안성H,2026-09-19,13:31,190000,golfpang,,,18홀,tr_220240230
골프존 안성H,2026-09-19,13:31,190000,golfpang,,,18홀,tr_220240231
더플레이어스,2026-09-19,07:16,190000,golfpang,,,18홀,tr_220220216
샤인데일,2026-09-19,08:12,200000,golfpang,,,18홀,tr_220240168
예미지,2026-09-19,13:29,170000,golfpang,,,18홀,tr_220240167
스카이밸리,2026-09-19,13:32,200000,golfpang,,,18홀,tr_219933365
골프존 화랑,2026-09-19,06:34,175000,golfpang,,,18홀,tr_220220411
베뉴지,2026-09-19,13:30,160000,golfpang,,,18홀,tr_220240069
골프존 진천,2026-09-19,06:21,169000,golfpang,,,18홀,tr_220220490
오너스,2026-09-19,08:21,160000,golfpang,,,18홀,tr_220212033
그린힐,2026-09-19,18:59,110000,golfpang,,,18홀,tr_220239845
골프존 안성H,2026-09-19,13:31,185000,golfpang,,,18홀,tr_220239791
골프존 안성H,2026-09-19,13:38,185000,golfpang,,,18홀,tr_220239752
골프존 안성H,2026-09-19,14:27,185000,golfpang,,,18홀,tr_220239753
골프존 안성H,2026-09-19,13:31,185000,golfpang,,,18홀,tr_220239751
안성베네스트(클),2026-09-19,07:12,290000,golfpang,,,18홀,tr_220239534
백제,2026-09-19,13:47,140000,golfpang,,,18홀,tr_220209650
샴발라,2026-09-19,12:23,180000,golfpang,,,18홀,tr_220222716
골프존 진천,2026-09-19,13:14,149000,golfpang,,,18홀,tr_220209653
일레븐,2026-09-19,17:58,80000,golfpang,,,18홀,tr_220209705
속리산cc,2026-09-19,13:32,130000,golfpang,,,18홀,tr_220209657
힐마루 포천,2026-09-19,18:13,160000,golfpang,,,18홀,tr_220209702
그린힐,2026-09-19,17:35,140000,golfpang,,,18홀,tr_220239431
기흥(비공개),2026-09-19,13:30,260000,golfpang,,,18홀,tr_219356817
자유로,2026-09-19,14:05,210000,golfpang,,,18홀,tr_220002263
블루원용인,2026-09-19,18:36,165000,golfpang,,,18홀,tr_220001620
리베라,2026-09-19,14:01,210000,golfpang,,,18홀,tr_220239342
일레븐,2026-09-19,13:45,115000,golfpang,,,18홀,tr_220223069
일레븐,2026-09-19,06:23,130000,golfpang,,,18홀,tr_220223068
일레븐,2026-09-19,18:05,75000,golfpang,,,18홀,tr_220223070
세현,2026-09-19,18:09,170000,golfpang,,,18홀,tr_220239226
세현,2026-09-19,13:37,250000,golfpang,,,18홀,tr_220239224
세현,2026-09-19,17:48,180000,golfpang,,,18홀,tr_220239225
빅토리아-퍼9,2026-09-19,17:30,99000,golfpang,,,18홀,tr_219772578
골프존 송도(구.오렌지듄스),2026-09-19,13:00,219000,golfpang,,,18홀,tr_219840406
남여주,2026-09-19,13:00,190000,golfpang,,,18홀,tr_220202619
남여주,2026-09-19,12:00,200000,golfpang,,,18홀,tr_220202614
유니아일랜드,2026-09-19,16:30,150000,golfpang,,,18홀,tr_219772509
골프클럽Q,2026-09-19,12:00,180000,golfpang,,,18홀,tr_219772516
빅토리아-퍼9,2026-09-19,17:30,99000,golfpang,,,18홀,tr_219772547
골프클럽Q,2026-09-19,13:00,170000,golfpang,,,18홀,tr_219772517
모나크,2026-09-19,13:03,150000,golfpang,,,18홀,tr_220239061
모나크,2026-09-19,12:14,160000,golfpang,,,18홀,tr_220239060
모나크,2026-09-19,18:30,110000,golfpang,,,18홀,tr_220239062
라싸,2026-09-19,18:14,139000,golfpang,,,18홀,tr_220239001
라싸,2026-09-19,17:46,149000,golfpang,,,18홀,tr_220239000
라싸,2026-09-19,12:39,189000,golfpang,,,18홀,tr_220238999
한림용인,2026-09-19,13:31,180000,golfpang,,,18홀,tr_220238962
360도,2026-09-19,07:07,190000,golfpang,,,18홀,tr_220238874
360도,2026-09-19,12:15,180000,golfpang,,,18홀,tr_220238875
용인(비공개),2026-09-19,13:52,199000,golfpang,,,18홀,tr_220238768
용인(비공개),2026-09-19,18:17,150000,golfpang,,,18홀,tr_220238770
용인(비공개),2026-09-19,14:06,199000,golfpang,,,18홀,tr_220238769
골프존 진천,2026-09-19,12:25,156000,golfpang,,,18홀,tr_220233558
골프존 진천,2026-09-19,14:03,149000,golfpang,,,18홀,tr_220233559
골프존 진천,2026-09-19,06:42,169000,golfpang,,,18홀,tr_220233557
용인플라자,2026-09-19,18:06,160000,golfpang,,,18홀,tr_219528704
해솔리아,2026-09-19,18:11,135000,golfpang,,,18홀,tr_220208970
신안(병행),2026-09-19,18:24,100000,golfpang,,,18홀,tr_219601212
에덴블루,2026-09-19,18:28,129000,golfpang,,,18홀,tr_220181900
용인플라자,2026-09-19,18:33,160000,golfpang,,,18홀,tr_219528705
골프존 안성W,2026-09-19,18:52,130000,golfpang,,,18홀,tr_220037141
골프존 안성H,2026-09-19,14:20,190000,golfpang,,,18홀,tr_220149442
유니아일랜드,2026-09-19,15:49,140000,golfpang,,,18홀,tr_219997379
용인플라자,2026-09-19,17:31,160000,golfpang,,,18홀,tr_219528703
한림용인,2026-09-19,17:31,160000,golfpang,,,18홀,tr_220126678
용인(비공개),2026-09-19,17:42,160000,golfpang,,,18홀,tr_219999240
빅토리아-퍼9,2026-09-19,17:38,99000,golfpang,,,18홀,tr_219778166
이천실크밸리,2026-09-19,17:49,120000,golfpang,,,18홀,tr_219922764
용인(비공개),2026-09-19,14:06,219000,golfpang,,,18홀,tr_219999239
솔모로,2026-09-19,14:03,180000,golfpang,,,18홀,tr_220007957
안성베네스트(클),2026-09-19,14:13,189000,golfpang,,,18홀,tr_220207593
안성베네스트(클),2026-09-19,14:06,189000,golfpang,,,18홀,tr_220207592
해솔리아,2026-09-19,06:28,180000,golfpang,,,18홀,tr_220208968
써닝포인트,2026-09-19,13:40,215000,golfpang,,,18홀,tr_219554110
용인(비공개),2026-09-19,13:45,219000,golfpang,,,18홀,tr_219999238
솔모로,2026-09-19,13:49,180000,golfpang,,,18홀,tr_220007956
골프존 안성W,2026-09-19,13:52,170000,golfpang,,,18홀,tr_220037140
스카이밸리,2026-09-19,13:53,200000,golfpang,,,18홀,tr_220182760
마이다스레이크 이천,2026-09-19,14:03,190000,golfpang,,,18홀,tr_220208249
히든밸리,2026-09-19,12:51,180000,golfpang,,,18홀,tr_218503693
마이다스레이크 이천,2026-09-19,13:00,200000,golfpang,,,18홀,tr_220208248
해솔리아,2026-09-19,13:05,170000,golfpang,,,18홀,tr_220208969
써닝포인트,2026-09-19,13:19,215000,golfpang,,,18홀,tr_219554109
한림용인,2026-09-19,13:25,185000,golfpang,,,18홀,tr_220126677
양평TPC,2026-09-19,13:22,170000,golfpang,,,18홀,tr_219969697
골프존 안성H,2026-09-19,13:31,190000,golfpang,,,18홀,tr_220149441
이천실크밸리,2026-09-19,13:35,155000,golfpang,,,18홀,tr_219922763
유니아일랜드,2026-09-19,11:29,200000,golfpang,,,18홀,tr_219997378
양평TPC,2026-09-19,12:05,180000,golfpang,,,18홀,tr_219969696
에덴블루,2026-09-19,12:30,209000,golfpang,,,18홀,tr_220181899
한림용인,2026-09-19,06:31,225000,golfpang,,,18홀,tr_220126676
히든밸리,2026-09-19,06:35,200000,golfpang,,,18홀,tr_218503692
스카이밸리,2026-09-19,06:34,190000,golfpang,,,18홀,tr_220182759
유니아일랜드,2026-09-19,06:43,190000,golfpang,,,18홀,tr_219997377
에덴블루,2026-09-19,06:42,199000,golfpang,,,18홀,tr_220181898
골프존 안성H,2026-09-19,06:51,210000,golfpang,,,18홀,tr_220149440
이글몬트,2026-09-19,06:55,200000,golfpang,,,18홀,tr_220209063
에델바이스(가명),2026-09-19,07:17,180000,golfpang,,,18홀,tr_220014864
골프존 안성W,2026-09-19,07:40,200000,golfpang,,,18홀,tr_220037139
이천실크밸리,2026-09-19,06:07,165000,golfpang,,,18홀,tr_219922762
써닝포인트,2026-09-19,06:07,265000,golfpang,,,18홀,tr_219554108
한림안성(퍼9),2026-09-19,06:21,140000,golfpang,,,18홀,tr_220174782
에델바이스(가명),2026-09-19,13:33,180000,golfpang,,,18홀,tr_220014865
신안(오렌지),2026-09-19,06:28,140000,golfpang,,,18홀,tr_219598564
옥스필드,2026-09-19,06:39,109000,golfpang,,,18홀,tr_220217035
플라밍고,2026-09-19,19:06,90000,golfpang,,,18홀,tr_220221952
파인스톤,2026-09-19,18:18,150000,golfpang,,,18홀,tr_220221947
골프존 안성H,2026-09-19,13:38,185000,golfpang,,,18홀,tr_220233418
골프존 안성H,2026-09-19,13:45,185000,golfpang,,,18홀,tr_220233419
골프존 안성H,2026-09-19,13:31,185000,golfpang,,,18홀,tr_220233417
남한강에스파크,2026-09-19,18:14,99000,golfpang,,,18홀,tr_220221923
이포,2026-09-19,18:13,155000,golfpang,,,18홀,tr_220221874
블랙스톤벨포레,2026-09-19,18:12,70000,golfpang,,,18홀,tr_220221870
필로스,2026-09-19,18:00,140000,golfpang,,,18홀,tr_220221831
포웰(안성)cc,2026-09-19,17:57,122000,golfpang,,,18홀,tr_220221828
아난티중앙(야간),2026-09-19,17:53,140000,golfpang,,,18홀,tr_220221767
리베라,2026-09-19,17:35,150000,golfpang,,,18홀,tr_220230784
리베라,2026-09-19,14:31,210000,golfpang,,,18홀,tr_220230783
그린힐,2026-09-19,17:35,140000,golfpang,,,18홀,tr_220230626
그린힐,2026-09-19,18:59,110000,golfpang,,,18홀,tr_220230628
그린힐,2026-09-19,17:42,140000,golfpang,,,18홀,tr_220230627
백제,2026-09-19,14:08,150000,golfpang,,,18홀,tr_220230379
360도,2026-09-19,06:00,170000,golfpang,,,18홀,tr_220230257
360도,2026-09-19,12:15,180000,golfpang,,,18홀,tr_220230258
감곡,2026-09-19,13:42,160000,golfpang,,,18홀,tr_220230157
감곡,2026-09-19,18:48,120000,golfpang,,,18홀,tr_220230159
감곡,2026-09-19,14:03,160000,golfpang,,,18홀,tr_220230158
남한강에스파크,2026-09-19,18:28,99000,golfpang,,,18홀,tr_219444934
벨라스톤,2026-09-19,18:27,100000,golfpang,,,18홀,tr_219911536
알프스대영,2026-09-19,16:47,89000,golfpang,,,18홀,tr_220138698
센추리21,2026-09-19,17:26,90000,golfpang,,,18홀,tr_220151349
센추리21(퍼),2026-09-19,17:40,80000,golfpang,,,18홀,tr_220165597
벨라스톤,2026-09-19,17:45,100000,golfpang,,,18홀,tr_219911535
센추리21,2026-09-19,17:54,90000,golfpang,,,18홀,tr_220151350
알프스대영,2026-09-19,17:57,69000,golfpang,,,18홀,tr_220138699
동서울cc-퍼9,2026-09-19,17:56,65000,golfpang,,,18홀,tr_217703351
알프스대영,2026-09-19,13:06,109000,golfpang,,,18홀,tr_220138697
알펜시아명문,2026-09-19,13:13,170000,golfpang,,,18홀,tr_219821255
알펜시아700,2026-09-19,08:25,130000,golfpang,,,18홀,tr_219820844
알펜시아명문,2026-09-19,08:20,150000,golfpang,,,18홀,tr_219821254
웰리힐리,2026-09-19,12:42,190000,golfpang,,,18홀,tr_218853094
동서울cc-퍼9,2026-09-19,12:49,119000,golfpang,,,18홀,tr_217703350
알펜시아700,2026-09-19,12:49,140000,golfpang,,,18홀,tr_219820845
동강시스타,2026-09-19,12:46,120000,golfpang,,,18홀,tr_219137878
센추리21(퍼),2026-09-19,12:46,125000,golfpang,,,18홀,tr_220165596
벨라스톤,2026-09-19,06:35,159000,golfpang,,,18홀,tr_219911534
동강시스타,2026-09-19,06:58,110000,golfpang,,,18홀,tr_219137876
웰리힐리,2026-09-19,06:54,190000,golfpang,,,18홀,tr_218853092
알펜시아명문,2026-09-19,07:24,130000,golfpang,,,18홀,tr_219821253
웰리힐리,2026-09-19,07:34,190000,golfpang,,,18홀,tr_218853093
동서울cc-퍼9,2026-09-19,07:48,119000,golfpang,,,18홀,tr_217703349
동강시스타,2026-09-19,07:47,120000,golfpang,,,18홀,tr_219137877
센추리21(퍼),2026-09-19,08:06,140000,golfpang,,,18홀,tr_220165595
파인밸리,2026-09-19,06:10,125000,golfpang,,,18홀,tr_219145342
파인밸리,2026-09-19,06:17,125000,golfpang,,,18홀,tr_219145341
남한강에스파크,2026-09-19,18:00,99000,golfpang,,,18홀,tr_219444932
알펜시아700,2026-09-19,18:12,80000,golfpang,,,18홀,tr_219820846
남한강에스파크,2026-09-19,18:14,99000,golfpang,,,18홀,tr_219444933
센추리21,2026-09-19,18:22,90000,golfpang,,,18홀,tr_220151351
파주타이거,2026-09-19,18:17,190000,golfpang,,,18홀,tr_219156698
필로스,2026-09-19,18:27,140000,golfpang,,,18홀,tr_219780216
필로스,2026-09-19,18:27,140000,golfpang,,,18홀,tr_219780215
베스트밸리-퍼9,2026-09-19,18:30,130000,golfpang,,,18홀,tr_220190820
비콘힐스,2026-09-19,18:33,90000,golfpang,,,18홀,tr_220036708
포레스트힐,2026-09-19,18:45,140000,golfpang,,,18홀,tr_220220445
포레스트힐,2026-09-19,18:59,140000,golfpang,,,18홀,tr_220220446
비콘힐스,2026-09-19,19:08,90000,golfpang,,,18홀,tr_220036709
남양주(퍼9),2026-09-19,16:47,129000,golfpang,,,18홀,tr_220125381
파주타이거,2026-09-19,17:11,190000,golfpang,,,18홀,tr_219156696
남양주(퍼9),2026-09-19,17:40,119000,golfpang,,,18홀,tr_220125382
파주타이거,2026-09-19,17:47,190000,golfpang,,,18홀,tr_219156697
세레니티-강촌,2026-09-19,17:46,140000,golfpang,,,18홀,tr_218346835
비콘힐스,2026-09-19,17:51,90000,golfpang,,,18홀,tr_220036707
포천힐스,2026-09-19,13:41,230000,golfpang,,,18홀,tr_220104386
푸른솔포천,2026-09-19,13:55,230000,golfpang,,,18홀,tr_220003568
포천힐스,2026-09-19,13:03,230000,golfpang,,,18홀,tr_220104385
더플레이어스,2026-09-19,13:05,160000,golfpang,,,18홀,tr_219999039
세레니티-강촌,2026-09-19,13:10,210000,golfpang,,,18홀,tr_218346834
샤인데일,2026-09-19,08:12,200000,golfpang,,,18홀,tr_220114612
샤인데일,2026-09-19,08:12,200000,golfpang,,,18홀,tr_220114611
남춘천,2026-09-19,08:50,220000,golfpang,,,18홀,tr_220179803
포천힐스,2026-09-19,12:10,230000,golfpang,,,18홀,tr_220104384
남춘천,2026-09-19,12:41,160000,golfpang,,,18홀,tr_220179804
스프링베일-퍼9,2026-09-19,12:50,105000,golfpang,,,18홀,tr_220125962
파주,2026-09-19,12:48,290000,golfpang,,,18홀,tr_219156803
남양주(퍼9),2026-09-19,12:47,139000,golfpang,,,18홀,tr_220125380
스프링베일-퍼9,2026-09-19,06:52,105000,golfpang,,,18홀,tr_220125960
더플레이어스,2026-09-19,07:16,190000,golfpang,,,18홀,tr_219999038
스프링베일-퍼9,2026-09-19,07:41,115000,golfpang,,,18홀,tr_220125961
샤인데일,2026-09-19,08:12,200000,golfpang,,,18홀,tr_220114613
서원힐스,2026-09-19,05:39,250000,golfpang,,,18홀,tr_220198969
서원힐스,2026-09-19,05:39,250000,golfpang,,,18홀,tr_220198968
서원힐스,2026-09-19,05:32,250000,golfpang,,,18홀,tr_220198967
푸른솔포천,2026-09-19,06:07,240000,golfpang,,,18홀,tr_220003567
파주,2026-09-19,06:24,290000,golfpang,,,18홀,tr_219156802
포레스트힐,2026-09-19,18:10,140000,golfpang,,,18홀,tr_220220444
베스트밸리-퍼9,2026-09-19,18:09,130000,golfpang,,,18홀,tr_220190818
파주,2026-09-19,18:09,170000,golfpang,,,18홀,tr_219156804
필로스,2026-09-19,18:20,140000,golfpang,,,18홀,tr_219780214
베스트밸리-퍼9,2026-09-19,18:16,130000,golfpang,,,18홀,tr_220190819
이천실크밸리,2026-09-19,17:49,120000,golfpang,,,18홀,tr_219961780
이천실크밸리,2026-09-19,13:52,155000,golfpang,,,18홀,tr_219961779
신라,2026-09-19,14:00,180000,golfpang,,,18홀,tr_220193487
신라,2026-09-19,14:14,180000,golfpang,,,18홀,tr_220193488
세현,2026-09-19,13:09,250000,golfpang,,,18홀,tr_219184011
신라,2026-09-19,13:18,180000,golfpang,,,18홀,tr_220193486
써닝포인트,2026-09-19,13:26,215000,golfpang,,,18홀,tr_219601020
양지파인,2026-09-19,08:22,230000,golfpang,,,18홀,tr_220022829
양지파인,2026-09-19,11:57,190000,golfpang,,,18홀,tr_220022830
클럽72-오션,2026-09-19,12:11,300000,golfpang,,,18홀,tr_220179666
360도,2026-09-19,12:22,180000,golfpang,,,18홀,tr_220180229
빅토리아-퍼9,2026-09-19,12:45,119000,golfpang,,,18홀,tr_220007690
히든밸리,2026-09-19,12:44,190000,golfpang,,,18홀,tr_218468155
클럽72-오션,2026-09-19,06:44,350000,golfpang,,,18홀,tr_220179667
히든밸리,2026-09-19,06:42,210000,golfpang,,,18홀,tr_218468154
360도,2026-09-19,06:45,180000,golfpang,,,18홀,tr_220180228
클럽72,2026-09-19,07:10,260000,golfpang,,,18홀,tr_220179233
이천실크밸리,2026-09-19,07:45,195000,golfpang,,,18홀,tr_219961778
클럽72,2026-09-19,08:13,270000,golfpang,,,18홀,tr_220179234
아세코밸리-퍼9,2026-09-19,05:51,140000,golfpang,,,18홀,tr_219951388
써닝포인트,2026-09-19,06:07,265000,golfpang,,,18홀,tr_219601019
빅토리아-퍼9,2026-09-19,06:07,119000,golfpang,,,18홀,tr_220007689
세현,2026-09-19,06:24,270000,golfpang,,,18홀,tr_219184010
리베라,2026-09-19,18:03,140000,golfpang,,,18홀,tr_220190587
용인플라자,2026-09-19,18:12,160000,golfpang,,,18홀,tr_219554905
아난티중앙(야간),2026-09-19,18:38,130000,golfpang,,,18홀,tr_220217706
아난티중앙(야간),2026-09-19,18:38,130000,golfpang,,,18홀,tr_220217705
그린힐,2026-09-19,18:59,110000,golfpang,,,18홀,tr_220014707
용인플라자,2026-09-19,18:48,160000,golfpang,,,18홀,tr_219554906
클럽72,2026-09-19,19:21,140000,golfpang,,,18홀,tr_220179235
그린힐,2026-09-19,19:13,110000,golfpang,,,18홀,tr_220014708
아세코밸리-퍼9,2026-09-19,17:17,110000,golfpang,,,18홀,tr_219951389
용인플라자,2026-09-19,17:23,160000,golfpang,,,18홀,tr_219554904
빅토리아-퍼9,2026-09-19,17:38,99000,golfpang,,,18홀,tr_220007691
그린힐,2026-09-19,17:35,140000,golfpang,,,18홀,tr_220014706
리베라,2026-09-19,17:35,150000,golfpang,,,18홀,tr_220190586
아세코밸리-퍼9,2026-09-19,17:45,110000,golfpang,,,18홀,tr_219951390
써닝포인트,2026-09-19,13:40,215000,golfpang,,,18홀,tr_219601021
세현,2026-09-19,17:48,190000,golfpang,,,18홀,tr_219184012
감곡,2026-09-19,13:42,160000,golfpang,,,18홀,tr_219989516
대영베이스,2026-09-19,13:45,139000,golfpang,,,18홀,tr_220213816
블랙스톤벨포레,2026-09-19,13:55,110000,golfpang,,,18홀,tr_220126924
백제,2026-09-19,13:54,140000,golfpang,,,18홀,tr_220023706
속리산cc,2026-09-19,14:00,140000,golfpang,,,18홀,tr_219980695
감곡,2026-09-19,12:53,170000,golfpang,,,18홀,tr_219989515
대호단양,2026-09-19,12:55,179000,golfpang,,,18홀,tr_220184391
힐데스하임,2026-09-19,13:04,160000,golfpang,,,18홀,tr_219155966
골든베이,2026-09-19,13:10,150000,golfpang,,,18홀,tr_218977739
플라밍고,2026-09-19,13:25,170000,golfpang,,,18홀,tr_220120973
대영힐스,2026-09-19,13:23,129000,golfpang,,,18홀,tr_220214496
플라밍고,2026-09-19,08:33,190000,golfpang,,,18홀,tr_220120971
속리산cc,2026-09-19,08:25,140000,golfpang,,,18홀,tr_219980693
떼제베,2026-09-19,11:29,170000,golfpang,,,18홀,tr_220198023
속리산cc,2026-09-19,11:54,160000,golfpang,,,18홀,tr_219980694
모카cc,2026-09-19,12:11,145000,golfpang,,,18홀,tr_220149304
대영힐스,2026-09-19,12:25,130000,golfpang,,,18홀,tr_220214495
플라밍고,2026-09-19,12:43,180000,golfpang,,,18홀,tr_220120972
킹즈락,2026-09-19,12:43,150000,golfpang,,,18홀,tr_220170158
로얄링스,2026-09-19,12:41,160000,golfpang,,,18홀,tr_219246318
파인스톤,2026-09-19,12:41,240000,golfpang,,,18홀,tr_218361667
떼제베(동북),2026-09-19,12:39,130000,golfpang,,,18홀,tr_220198687
골프존 진천,2026-09-19,12:46,156000,golfpang,,,18홀,tr_220218805
스톤비치,2026-09-19,12:55,160000,golfpang,,,18홀,tr_219485875
프린세스,2026-09-19,12:53,175000,golfpang,,,18홀,tr_219540347
골든베이,2026-09-19,06:30,150000,golfpang,,,18홀,tr_218977738
골프존 진천,2026-09-19,06:42,169000,golfpang,,,18홀,tr_220218803
동촌,2026-09-19,06:55,170000,golfpang,,,18홀,tr_220023102
힐데스하임,2026-09-19,07:07,160000,golfpang,,,18홀,tr_219155964
골프존 진천,2026-09-19,07:03,179000,golfpang,,,18홀,tr_220218804
스톤비치,2026-09-19,07:03,140000,golfpang,,,18홀,tr_219485874
떼제베,2026-09-19,07:14,140000,golfpang,,,18홀,tr_220198022
동촌,2026-09-19,07:23,190000,golfpang,,,18홀,tr_220023103
킹즈락,2026-09-19,07:48,150000,golfpang,,,18홀,tr_220170157
대호단양,2026-09-19,07:45,179000,golfpang,,,18홀,tr_220184390
떼제베(동북),2026-09-19,07:35,120000,golfpang,,,18홀,tr_220198686
프린세스,2026-09-19,08:05,190000,golfpang,,,18홀,tr_219540346
모카cc,2026-09-19,08:04,150000,golfpang,,,18홀,tr_220149303
로얄링스,2026-09-19,07:59,160000,golfpang,,,18홀,tr_219246317
힐데스하임,2026-09-19,07:52,170000,golfpang,,,18홀,tr_219155965
대영힐스,2026-09-19,05:39,110000,golfpang,,,18홀,tr_220214494
떼제베,2026-09-19,18:02,130000,golfpang,,,18홀,tr_220198024
킹즈락,2026-09-19,18:20,90000,golfpang,,,18홀,tr_220170159
블랙스톤벨포레,2026-09-19,18:33,70000,golfpang,,,18홀,tr_220126926
파인스톤,2026-09-19,18:32,150000,golfpang,,,18홀,tr_218361669
감곡,2026-09-19,18:41,120000,golfpang,,,18홀,tr_219989517
대영베이스,2026-09-19,16:57,115000,golfpang,,,18홀,tr_220213817
백제,2026-09-19,14:36,140000,golfpang,,,18홀,tr_220023707
대호단양,2026-09-19,17:16,119000,golfpang,,,18홀,tr_220184392
블랙스톤벨포레,2026-09-19,17:37,80000,golfpang,,,18홀,tr_220126925
스톤비치,2026-09-19,17:34,130000,golfpang,,,18홀,tr_219485876
프린세스,2026-09-19,17:41,125000,golfpang,,,18홀,tr_219540348
파인스톤,2026-09-19,17:50,160000,golfpang,,,18홀,tr_218361668
떼제베(동북),2026-09-19,17:48,110000,golfpang,,,18홀,tr_220198685
대영베이스,2026-09-19,17:57,99000,golfpang,,,18홀,tr_220213818
기흥(비공개),2026-09-19,13:10,280000,golfpang,,,18홀,tr_218990721
한림용인,2026-09-19,13:00,205000,golfpang,,,18홀,tr_219999516
용인플라자,2026-09-19,17:30,170000,golfpang,,,18홀,tr_218959170
용인(비공개),2026-09-19,13:30,219000,golfpang,,,18홀,tr_219597740
한림용인,2026-09-19,06:30,215000,golfpang,,,18홀,tr_219999517
일레븐,2026-09-19,13:38,115000,golfpang,,,18홀,tr_220222641
일레븐,2026-09-19,18:05,75000,golfpang,,,18홀,tr_220222643
일레븐,2026-09-19,13:45,115000,golfpang,,,18홀,tr_220222642
골프존 화랑,2026-09-19,13:34,131000,golfpang,,,18홀,tr_218387238
골프존 화랑,2026-09-19,18:14,99000,golfpang,,,18홀,tr_218387319
일레븐,2026-09-19,13:24,115000,golfpang,,,18홀,tr_220222032
일레븐,2026-09-19,18:05,75000,golfpang,,,18홀,tr_220222033
일레븐,2026-09-19,06:23,130000,golfpang,,,18홀,tr_220222031
모나크,2026-09-19,18:30,110000,golfpang,,,18홀,tr_220222024
모나크,2026-09-19,13:03,150000,golfpang,,,18홀,tr_220222023
모나크,2026-09-19,12:14,160000,golfpang,,,18홀,tr_220222022
플라밍고,2026-09-19,19:06,90000,golfpang,,,18홀,tr_220222010
이포,2026-09-19,18:13,155000,golfpang,,,18홀,tr_220221955
필로스,2026-09-19,18:00,140000,golfpang,,,18홀,tr_220221950
골프존 송도(구.오렌지듄스),2026-09-19,13:36,199000,golfpang,,,18홀,tr_220221852
골프존 송도(구.오렌지듄스),2026-09-19,18:31,159000,golfpang,,,18홀,tr_220221853
골프존 송도(구.오렌지듄스),2026-09-19,06:11,199000,golfpang,,,18홀,tr_220221851
이글몬트,2026-09-19,06:41,200000,golfpang,,,18홀,tr_220221832
클럽72,2026-09-19,18:18,150000,golfpang,,,18홀,tr_220207919
클럽모우,2026-09-19,13:48,180000,golfpang,,,18홀,tr_218116969
베뉴지,2026-09-19,13:09,165000,golfpang,,,18홀,tr_220207931
아세코밸리-퍼9,2026-09-19,12:44,130000,golfpang,,,18홀,tr_219556849
남양주(퍼9),2026-09-19,12:14,139000,golfpang,,,18홀,tr_220207925
남양주(퍼9),2026-09-19,16:27,129000,golfpang,,,18홀,tr_220207929
신라,2026-09-19,13:53,180000,golfpang,,,18홀,tr_220220728
신라,2026-09-19,14:14,180000,golfpang,,,18홀,tr_220220730
파인스톤,2026-09-19,16:51,160000,golfpang,,,18홀,tr_220179321
골프존 진천,2026-09-19,12:04,156000,golfpang,,,18홀,tr_220212051
골프존 진천,2026-09-19,13:21,149000,golfpang,,,18홀,tr_220212044
골프존 진천,2026-09-19,08:41,194000,golfpang,,,18홀,tr_220212055
클럽72,2026-09-19,17:20,150000,golfpang,,,18홀,tr_219991485
비에이비스타,2026-09-19,18:06,130000,golfpang,,,18홀,tr_217705564
제이퍼블릭,2026-09-19,12:51,95000,golfpang,,,12홀,tr_219909974
더크로스비,2026-09-19,13:51,207000,golfpang,,,18홀,tr_220221052
유니아일랜드,2026-09-19,15:40,140000,golfpang,,,18홀,tr_219467576
골프존 송도(구.오렌지듄스),2026-09-19,18:45,159000,golfpang,,,18홀,tr_220220997
샴발라,2026-09-19,12:01,180000,golfpang,,,18홀,tr_220037232
모카cc,2026-09-19,08:00,150000,golfpang,,,18홀,tr_220174703
신라,2026-09-19,14:00,180000,golfpang,,,18홀,tr_220220729
파주,2026-09-19,12:13,250000,golfpang,,,18홀,tr_220220685
파주,2026-09-19,05:49,230000,golfpang,,,18홀,tr_220220684
파주,2026-09-19,17:34,170000,golfpang,,,18홀,tr_220220686
파주타이거,2026-09-19,18:17,190000,golfpang,,,18홀,tr_220220644
파주타이거,2026-09-19,17:47,190000,golfpang,,,18홀,tr_220220643
양지파인,2026-09-19,08:37,199000,golfpang,,,18홀,tr_220220100
양지파인,2026-09-19,11:36,170000,golfpang,,,18홀,tr_220220101
한림용인,2026-09-19,14:00,170000,golfpang,,,18홀,tr_220220255
한림용인,2026-09-19,14:00,170000,golfpang,,,18홀,tr_220220256
골프존 송도(구.오렌지듄스),2026-09-19,13:50,198000,golfpang,,,18홀,tr_220220214
골프존 천안,2026-09-19,13:40,166000,golfpang,,,18홀,tr_219395581
백제,2026-09-19,13:33,140000,golfpang,,,18홀,tr_219937016
속리산cc,2026-09-19,12:08,130000,golfpang,,,18홀,tr_219552857
속리산cc,2026-09-19,13:11,130000,golfpang,,,18홀,tr_219395907
동촌,2026-09-19,06:55,195000,golfpang,,,18홀,tr_219552749
베스트밸리-퍼9,2026-09-19,16:59,140000,golfpang,,,18홀,tr_219987066
비콘힐스,2026-09-19,18:26,90000,golfpang,,,18홀,tr_219985481
비콘힐스,2026-09-19,18:33,90000,golfpang,,,18홀,tr_219985482
비콘힐스,2026-09-19,18:33,90000,golfpang,,,18홀,tr_219985483
베스트밸리-퍼9,2026-09-19,18:02,130000,golfpang,,,18홀,tr_219987068
베스트밸리-퍼9,2026-09-19,17:55,130000,golfpang,,,18홀,tr_219987067
포세븐 금강,2026-09-19,12:50,170000,golfpang,,,18홀,tr_220202085
떼제베,2026-09-19,05:50,120000,golfpang,,,18홀,tr_220218987
떼제베(동북),2026-09-19,07:49,130000,golfpang,,,18홀,tr_220219455
떼제베(동북),2026-09-19,18:09,110000,golfpang,,,18홀,tr_220219457
떼제베,2026-09-19,18:09,130000,golfpang,,,18홀,tr_220218988
떼제베(동북),2026-09-19,18:02,110000,golfpang,,,18홀,tr_220219456
포천힐스,2026-09-19,13:20,230000,golfpang,,,18홀,tr_220219776
포천힐스,2026-09-19,12:10,230000,golfpang,,,18홀,tr_220219775
더플레이어스,2026-09-19,12:16,160000,golfpang,,,18홀,tr_219990214
백제,2026-09-19,13:54,140000,golfpang,,,18홀,tr_220216844
백제,2026-09-19,13:54,140000,golfpang,,,18홀,tr_220216845
포천힐스,2026-09-19,13:55,230000,golfpang,,,18홀,tr_220219777
더플레이어스,2026-09-19,13:05,160000,golfpang,,,18홀,tr_219371293
떼제베,2026-09-19,06:32,130000,golfpang,,,18홀,tr_220218986
남춘천,2026-09-19,06:25,180000,golfpang,,,18홀,tr_220205653
킹즈락,2026-09-19,06:24,130000,golfpang,,,18홀,tr_220199218
이븐데일,2026-09-19,06:38,109000,golfpang,,,18홀,tr_220199398
킹즈락,2026-09-19,06:45,140000,golfpang,,,18홀,tr_220199219
양평TPC,2026-09-19,07:34,240000,golfpang,,,18홀,tr_220198897
프린세스,2026-09-19,08:12,175000,golfpang,,,18홀,tr_220200085
남춘천,2026-09-19,08:50,220000,golfpang,,,18홀,tr_220205654
이븐데일,2026-09-19,11:31,115000,golfpang,,,18홀,tr_220199399
양평TPC,2026-09-19,13:29,170000,golfpang,,,18홀,tr_220198898
이븐데일,2026-09-19,17:12,89000,golfpang,,,18홀,tr_220199400
프린세스,2026-09-19,18:02,115000,golfpang,,,18홀,tr_220200087
킹즈락,2026-09-19,17:59,115000,golfpang,,,18홀,tr_220199220
솔트베이,2026-09-19,18:43,189000,golfpang,,,18홀,tr_220198422
힐데스하임,2026-09-19,18:26,110000,golfpang,,,18홀,tr_220193394
힐데스하임,2026-09-19,13:34,150000,golfpang,,,18홀,tr_220193393
힐데스하임,2026-09-19,07:22,165000,golfpang,,,18홀,tr_220193392
솔트베이,2026-09-19,17:47,199000,golfpang,,,18홀,tr_220198421
프린세스,2026-09-19,13:14,165000,golfpang,,,18홀,tr_220200086
남양주(퍼9),2026-09-19,17:07,119000,golfpang,,,18홀,tr_220180945
동촌,2026-09-19,06:27,170000,golfpang,,,18홀,tr_220181249
그린힐,2026-09-19,17:35,140000,golfpang,,,18홀,tr_220180341
남양주(퍼9),2026-09-19,16:34,129000,golfpang,,,18홀,tr_220180944
남양주(퍼9),2026-09-19,12:20,139000,golfpang,,,18홀,tr_220180943
동촌,2026-09-19,07:23,190000,golfpang,,,18홀,tr_220181250
그린힐,2026-09-19,18:59,110000,golfpang,,,18홀,tr_220180343
그린힐,2026-09-19,18:59,110000,golfpang,,,18홀,tr_220180342
오로라,2026-09-19,17:50,100000,golfpang,,,18홀,tr_220174792
오로라,2026-09-19,12:39,150000,golfpang,,,18홀,tr_220174791
블랙스톤벨포레,2026-09-19,17:44,80000,golfpang,,,18홀,tr_220127871
블랙스톤벨포레,2026-09-19,17:44,80000,golfpang,,,18홀,tr_220127870
블랙스톤벨포레,2026-09-19,18:40,70000,golfpang,,,18홀,tr_220127872
올데이,2026-09-19,12:13,109000,golfpang,,,18홀,tr_220102803
샤인데일,2026-09-19,08:12,200000,golfpang,,,18홀,tr_220107018
올데이,2026-09-19,17:05,79000,golfpang,,,18홀,tr_220102804
옥스필드,2026-09-19,06:53,119000,golfpang,,,18홀,tr_220100230
포웰(안성)cc,2026-09-19,07:21,192000,golfpang,,,18홀,tr_220105692
해솔리아,2026-09-19,13:05,170000,golfpang,,,18홀,tr_220088726
옥스필드,2026-09-19,13:09,99000,golfpang,,,18홀,tr_220100231
올데이,2026-09-19,06:32,99000,golfpang,,,18홀,tr_220102802
리베라,2026-09-19,14:24,210000,golfpang,,,18홀,tr_220088251
리베라,2026-09-19,14:31,210000,golfpang,,,18홀,tr_220088252
해솔리아,2026-09-19,06:28,180000,golfpang,,,18홀,tr_220088725
레인보우힐스,2026-09-19,13:36,255000,golfpang,,,18홀,tr_219977925
해솔리아,2026-09-19,18:04,135000,golfpang,,,18홀,tr_220088727
포웰(안성)cc,2026-09-19,18:04,151000,golfpang,,,18홀,tr_220105693
옥스필드,2026-09-19,18:15,69000,golfpang,,,18홀,tr_220100232
포웰(안성)cc,2026-09-19,06:04,182000,golfpang,,,18홀,tr_220105691
베뉴지,2026-09-19,13:58,160000,golfpang,,,18홀,tr_220070161
보령베이스-퍼9,2026-09-19,11:07,99000,golfpang,,,18홀,tr_220086040
리베라,2026-09-19,19:06,140000,golfpang,,,18홀,tr_220088253
베뉴지,2026-09-19,13:09,165000,golfpang,,,18홀,tr_220070160
오너스,2026-09-19,08:00,175000,golfpang,,,18홀,tr_220035105
오너스,2026-09-19,08:35,175000,golfpang,,,18홀,tr_220035106
골든베이,2026-09-19,13:45,150000,golfpang,,,18홀,tr_220012210
골든베이,2026-09-19,13:45,150000,golfpang,,,18홀,tr_220012209
비발디파크E,2026-09-19,13:46,208000,golfpang,,,18홀,tr_220015708
스프링베일-퍼9,2026-09-19,12:01,115000,golfpang,,,18홀,tr_220014996
비발디파크W,2026-09-19,12:45,208000,golfpang,,,18홀,tr_220013598
비발디파크E,2026-09-19,12:50,224000,golfpang,,,18홀,tr_220015707
벨라스톤,2026-09-19,06:35,159000,golfpang,,,18홀,tr_219968938
스프링베일-퍼9,2026-09-19,06:59,115000,golfpang,,,18홀,tr_220014995
자유로,2026-09-19,13:37,220000,golfpang,,,18홀,tr_220033374
자유로,2026-09-19,14:05,210000,golfpang,,,18홀,tr_220033375
비발디파크E,2026-09-19,13:54,208000,golfpang,,,18홀,tr_220015709
비발디파크W,2026-09-19,12:59,208000,golfpang,,,18홀,tr_220013599
스프링베일-퍼9,2026-09-19,17:22,95000,golfpang,,,18홀,tr_220014997
센추리21,2026-09-19,17:33,100000,golfpang,,,18홀,tr_219938218
센추리21,2026-09-19,17:26,100000,golfpang,,,18홀,tr_219938217
센추리21,2026-09-19,17:26,100000,golfpang,,,18홀,tr_219938216
에델바이스(가명),2026-09-19,13:33,180000,golfpang,,,18홀,tr_220011788
여주,2026-09-19,06:30,270000,golfpang,,,18홀,tr_219968239
한림안성(퍼9),2026-09-19,06:56,140000,golfpang,,,18홀,tr_219957258
에델바이스(가명),2026-09-19,06:56,180000,golfpang,,,18홀,tr_220011787
한림안성(퍼9),2026-09-19,07:38,150000,golfpang,,,18홀,tr_219957259
벨라스톤,2026-09-19,17:45,100000,golfpang,,,18홀,tr_219968939
벨라스톤,2026-09-19,18:06,100000,golfpang,,,18홀,tr_219968940
아난티중앙(야간),2026-09-19,18:11,140000,golfpang,,,18홀,tr_220012039
아난티중앙(야간),2026-09-19,18:18,140000,golfpang,,,18홀,tr_220012040
여주,2026-09-19,13:53,240000,golfpang,,,18홀,tr_219968240
대호단양,2026-09-19,17:09,119000,golfpang,,,18홀,tr_219966760
솔라고,2026-09-19,11:50,180000,golfpang,,,18홀,tr_219951942
대호단양,2026-09-19,11:10,159000,golfpang,,,18홀,tr_219966759
센추리21(퍼),2026-09-19,11:43,125000,golfpang,,,18홀,tr_219937919
센추리21(퍼),2026-09-19,17:26,80000,golfpang,,,18홀,tr_219937920
센추리21(퍼),2026-09-19,08:06,140000,golfpang,,,18홀,tr_219937918
대호단양,2026-09-19,06:28,149000,golfpang,,,18홀,tr_219966758
신라,2026-09-19,13:11,190000,golfpang,,,18홀,tr_219909765
빅토리아-퍼9,2026-09-19,17:45,99000,golfpang,,,18홀,tr_219929225
빅토리아-퍼9,2026-09-19,18:06,99000,golfpang,,,18홀,tr_219929226
신라,2026-09-19,06:38,210000,golfpang,,,18홀,tr_219909764
세현,2026-09-19,13:37,250000,golfpang,,,18홀,tr_219932186
신라,2026-09-19,13:53,180000,golfpang,,,18홀,tr_219909766
세현,2026-09-19,18:09,180000,golfpang,,,18홀,tr_219932188
빅토리아-퍼9,2026-09-19,17:38,99000,golfpang,,,18홀,tr_219929224
세현,2026-09-19,17:48,180000,golfpang,,,18홀,tr_219932187
몽베르(대중제),2026-09-19,17:28,160000,golfpang,,,18홀,tr_219596222
스타,2026-09-19,12:13,190000,golfpang,,,18홀,tr_219757596
에덴블루,2026-09-19,12:40,220000,golfpang,,,18홀,tr_219872509
속리산cc,2026-09-19,12:57,130000,golfpang,,,18홀,tr_219747602
스마트KU,2026-09-19,13:14,240000,golfpang,,,18홀,tr_219492809
서원힐스,2026-09-19,05:32,250000,golfpang,,,18홀,tr_219874358
스타,2026-09-19,06:37,180000,golfpang,,,18홀,tr_219757594
에덴블루,2026-09-19,06:49,210000,golfpang,,,18홀,tr_219872508
센테리움,2026-09-19,06:46,179000,golfpang,,,18홀,tr_219673455
세레니티-강촌,2026-09-19,13:10,210000,golfpang,,,18홀,tr_219459562
세레니티-강촌,2026-09-19,07:31,210000,golfpang,,,18홀,tr_219459561
스타,2026-09-19,13:09,180000,golfpang,,,18홀,tr_219757595
스마트KU,2026-09-19,13:35,220000,golfpang,,,18홀,tr_219492810
속리산cc,2026-09-19,13:32,130000,golfpang,,,18홀,tr_219747603
몽베르(대중제),2026-09-19,17:21,160000,golfpang,,,18홀,tr_219596221
아세코밸리-퍼9,2026-09-19,11:48,140000,golfpang,,,18홀,tr_219691577
크리스밸리,2026-09-19,11:37,200000,golfpang,,,18홀,tr_219768842
필로스,2026-09-19,17:54,140000,golfpang,,,18홀,tr_219673647
필로스,2026-09-19,17:54,140000,golfpang,,,18홀,tr_219673646
필로스,2026-09-19,18:00,140000,golfpang,,,18홀,tr_219673648
세레니티cc,2026-09-19,17:59,130000,golfpang,,,18홀,tr_219463405
몽베르(대중제),2026-09-19,17:56,150000,golfpang,,,18홀,tr_219596223
세레니티cc,2026-09-19,18:06,130000,golfpang,,,18홀,tr_219463406
에덴블루,2026-09-19,18:11,129900,golfpang,,,18홀,tr_219872510
센테리움,2026-09-19,13:39,149000,golfpang,,,18홀,tr_219673456
속리산cc,2026-09-19,14:00,130000,golfpang,,,18홀,tr_219747604
아세코밸리-퍼9,2026-09-19,16:14,120000,golfpang,,,18홀,tr_219691578
세레니티cc,2026-09-19,14:16,275000,golfpang,,,18홀,tr_219463404
세레니티-강촌,2026-09-19,17:25,140000,golfpang,,,18홀,tr_219459563
서원힐스,2026-09-19,05:39,250000,golfpang,,,18홀,tr_219874359
알펜시아700,2026-09-19,17:23,100000,golfpang,,,18홀,tr_219602162
동서울cc-퍼9,2026-09-19,13:52,89000,golfpang,,,18홀,tr_219372471
동서울cc-퍼9,2026-09-19,18:17,65000,golfpang,,,18홀,tr_219372472
아세코밸리-퍼9,2026-09-19,05:44,140000,golfpang,,,18홀,tr_219691576
알펜시아700,2026-09-19,07:50,120000,golfpang,,,18홀,tr_219602160
벨라45 마스터스,2026-09-19,17:31,115000,golfpang,,,18홀,tr_219435727
동강시스타,2026-09-19,13:35,110000,golfpang,,,18홀,tr_217994033
웰리힐리,2026-09-19,11:34,190000,golfpang,,,18홀,tr_219546357
웰리힐리,2026-09-19,12:14,190000,golfpang,,,18홀,tr_219546358
알펜시아명문,2026-09-19,12:52,170000,golfpang,,,18홀,tr_219529493
알펜시아700,2026-09-19,12:49,140000,golfpang,,,18홀,tr_219602161
알펜시아명문,2026-09-19,06:42,120000,golfpang,,,18홀,tr_219529491
동강시스타,2026-09-19,06:58,110000,golfpang,,,18홀,tr_217994032
웰리힐리,2026-09-19,07:34,190000,golfpang,,,18홀,tr_219546356
동서울cc-퍼9,2026-09-19,08:09,99000,golfpang,,,18홀,tr_219372470
알펜시아명문,2026-09-19,07:45,130000,golfpang,,,18홀,tr_219529492
양평TPC,2026-09-19,13:15,160000,golfpang,,,18홀,tr_220219619
한림용인,2026-09-19,13:25,180000,golfpang,,,18홀,tr_220219400
한림용인,2026-09-19,17:31,150000,golfpang,,,18홀,tr_220219401
한림용인,2026-09-19,06:31,200000,golfpang,,,18홀,tr_220219399
솔라고,2026-09-19,12:40,352000,golfpang,,,36홀,tr_210362477
파인리즈,2026-09-19,13:04,496000,golfpang,,,36홀,tr_208360236
속리산cc,2026-09-19,13:16,320000,golfpang,,,36홀,tr_216004856
속초(비공개),2026-09-19,12:42,428000,golfpang,,,36홀,tr_208386397
속초(비공개),2026-09-19,12:42,463500,golfpang,,,36홀,tr_206804723
블랙밸리,2026-09-19,13:10,325000,golfpang,,,36홀,tr_208979198
골프존 천안,2026-09-19,12:40,370000,golfpang,,,36홀,tr_211065733
웰리힐리,2026-09-19,12:36,460000,golfpang,,,36홀,tr_208961805
킹즈락,2026-09-19,12:36,393000,golfpang,,,36홀,tr_207256795
동강시스타,2026-09-19,12:36,315000,golfpang,,,36홀,tr_206928454
강릉(비공개),2026-09-19,12:30,450000,golfpang,,,36홀,tr_210555715
일레븐,2026-09-19,13:17,115000,golfpang,,,18홀,tr_220218464
플라밍고,2026-09-19,13:30,140000,golfpang,,,18홀,tr_219891143
베스트밸리-퍼9,2026-09-19,18:31,130000,golfpang,,,18홀,tr_220217831
로얄링스,2026-09-19,07:45,120000,golfpang,,,18홀,tr_219595158
로얄링스,2026-09-19,12:30,120000,golfpang,,,18홀,tr_219480049
로얄링스,2026-09-19,13:02,120000,golfpang,,,18홀,tr_220180809
블랙스톤벨포레,2026-09-19,13:13,110000,golfpang,,,18홀,tr_220180855
일라이트,2026-09-19,13:04,150000,golfpang,,,18홀,tr_220180902
골프존 진천,2026-09-19,13:14,149000,golfpang,,,18홀,tr_220180777
골프존 화랑,2026-09-19,13:27,131000,golfpang,,,18홀,tr_220180782
속리산cc,2026-09-19,13:32,130000,golfpang,,,18홀,tr_220180858
백제,2026-09-19,13:47,140000,golfpang,,,18홀,tr_220180810
일레븐,2026-09-19,12:21,125000,golfpang,,,18홀,tr_220180913
파크밸리,2026-09-19,12:32,149000,golfpang,,,18홀,tr_220180704
이글몬트,2026-09-19,14:00,170000,golfpang,,,18홀,tr_220180764
골프존 천안,2026-09-19,13:54,166000,golfpang,,,18홀,tr_220180779
일레븐,2026-09-19,07:19,135000,golfpang,,,18홀,tr_220180622
알프스대영,2026-09-19,17:57,69000,golfpang,,,18홀,tr_220181268
킹즈락,2026-09-19,06:45,140000,golfpang,,,18홀,tr_220180625
블랙스톤벨포레,2026-09-19,07:04,110000,golfpang,,,18홀,tr_220180620
떼제베(동북),2026-09-19,07:28,120000,golfpang,,,18홀,tr_220180618
베스트밸리-퍼9,2026-09-19,18:10,130000,golfpang,,,18홀,tr_220217695
골프존 진천,2026-09-19,06:55,169000,golfpang,,,18홀,tr_220217419
신라,2026-09-19,13:53,180000,golfpang,,,18홀,tr_220150301
신라,2026-09-19,13:53,180000,golfpang,,,18홀,tr_220150302
신라,2026-09-19,13:18,180000,golfpang,,,18홀,tr_220150300
옥스필드,2026-09-19,13:30,99000,golfpang,,,18홀,tr_220217036
옥스필드,2026-09-19,17:26,79000,golfpang,,,18홀,tr_220217037
센추리21,2026-09-19,17:26,90000,golfpang,,,18홀,tr_220216705
센추리21,2026-09-19,18:29,90000,golfpang,,,18홀,tr_220216706
아난티중앙(야간),2026-09-19,18:38,130000,golfpang,,,18홀,tr_220216534
솔모로,2026-09-19,13:42,180000,golfpang,,,18홀,tr_220216433
솔모로,2026-09-19,13:49,180000,golfpang,,,18홀,tr_220216434
세레니티-강촌,2026-09-19,17:46,140000,golfpang,,,18홀,tr_220216382
센추리21,2026-09-19,17:54,90000,golfpang,,,18홀,tr_220212066
남한강에스파크,2026-09-19,18:00,109000,golfpang,,,18홀,tr_219569205
센추리21,2026-09-19,18:29,90000,golfpang,,,18홀,tr_220212067
남한강에스파크,2026-09-19,18:28,109000,golfpang,,,18홀,tr_219569206
센추리21,2026-09-19,17:26,90000,golfpang,,,18홀,tr_220212065
알프스대영,2026-09-19,16:47,89000,golfpang,,,18홀,tr_220037720
센추리21(퍼),2026-09-19,13:07,130000,golfpang,,,18홀,tr_218482872
오로라,2026-09-19,13:35,160000,golfpang,,,18홀,tr_220213920
알펜시아700,2026-09-19,08:25,130000,golfpang,,,18홀,tr_219583687
알펜시아명문,2026-09-19,11:14,170000,golfpang,,,18홀,tr_219622685
센추리21(퍼),2026-09-19,11:50,140000,golfpang,,,18홀,tr_218482871
오로라,2026-09-19,12:04,170000,golfpang,,,18홀,tr_220213919
동강시스타,2026-09-19,12:04,120000,golfpang,,,18홀,tr_218134516
알프스대영,2026-09-19,12:17,115000,golfpang,,,18홀,tr_220037718
알프스대영,2026-09-19,12:52,109000,golfpang,,,18홀,tr_220037719
알펜시아700,2026-09-19,12:49,140000,golfpang,,,18홀,tr_219583688
알펜시아명문,2026-09-19,06:56,110000,golfpang,,,18홀,tr_219622683
오로라,2026-09-19,07:05,180000,golfpang,,,18홀,tr_220213918
동강시스타,2026-09-19,06:58,110000,golfpang,,,18홀,tr_218134514
센추리21(퍼),2026-09-19,06:56,135000,golfpang,,,18홀,tr_218482870
알펜시아명문,2026-09-19,07:24,130000,golfpang,,,18홀,tr_219622684
동강시스타,2026-09-19,07:54,120000,golfpang,,,18홀,tr_218134515
알펜시아700,2026-09-19,07:50,120000,golfpang,,,18홀,tr_219583686
푸른솔포천,2026-09-19,06:07,270000,golfpang,,,18홀,tr_218783607
파주,2026-09-19,05:49,230000,golfpang,,,18홀,tr_220138645
몽베르(대중제),2026-09-19,17:28,150000,golfpang,,,18홀,tr_220002226
샤인데일,2026-09-19,08:12,200000,golfpang,,,18홀,tr_220103277
몽베르(대중제),2026-09-19,18:03,140000,golfpang,,,18홀,tr_220002227
비콘힐스,2026-09-19,18:26,90000,golfpang,,,18홀,tr_219562056
몽베르(대중제),2026-09-19,18:38,140000,golfpang,,,18홀,tr_220002228
비콘힐스,2026-09-19,19:08,90000,golfpang,,,18홀,tr_219562057
베뉴지,2026-09-19,13:51,160000,golfpang,,,18홀,tr_220057991
파주,2026-09-19,16:45,190000,golfpang,,,18홀,tr_220138647
남양주(퍼9),2026-09-19,16:34,129000,golfpang,,,18홀,tr_220124761
베스트밸리-퍼9,2026-09-19,16:31,140000,golfpang,,,18홀,tr_219654708
비콘힐스,2026-09-19,17:23,90000,golfpang,,,18홀,tr_219562055
스프링베일-퍼9,2026-09-19,17:22,90000,golfpang,,,18홀,tr_220212409
남양주(퍼9),2026-09-19,17:07,119000,golfpang,,,18홀,tr_220124762
세레니티-강촌,2026-09-19,17:39,140000,golfpang,,,18홀,tr_218785360
베뉴지,2026-09-19,13:09,165000,golfpang,,,18홀,tr_220057990
더플레이어스,2026-09-19,13:05,160000,golfpang,,,18홀,tr_220002172
포천힐스,2026-09-19,13:20,230000,golfpang,,,18홀,tr_220057408
가평베네스트,2026-09-19,13:14,250000,golfpang,,,18홀,tr_220002353
몽베르,2026-09-19,13:40,260000,golfpang,,,18홀,tr_219672936
푸른솔포천,2026-09-19,13:34,230000,golfpang,,,18홀,tr_218783608
가평베네스트,2026-09-19,13:42,250000,golfpang,,,18홀,tr_220002354
몽베르,2026-09-19,13:56,260000,golfpang,,,18홀,tr_219672937
포천힐스,2026-09-19,13:55,230000,golfpang,,,18홀,tr_220057409
클럽모우,2026-09-19,08:29,210000,golfpang,,,18홀,tr_220214196
남춘천,2026-09-19,08:50,220000,golfpang,,,18홀,tr_219891713
남춘천,2026-09-19,11:52,190000,golfpang,,,18홀,tr_219891714
포천힐스,2026-09-19,12:10,230000,golfpang,,,18홀,tr_220057407
스프링베일-퍼9,2026-09-19,12:08,105000,golfpang,,,18홀,tr_220212408
베스트밸리-퍼9,2026-09-19,12:07,170000,golfpang,,,18홀,tr_219654707
남양주(퍼9),2026-09-19,12:20,139000,golfpang,,,18홀,tr_220124760
파주,2026-09-19,12:13,250000,golfpang,,,18홀,tr_220138646
세레니티-강촌,2026-09-19,13:03,210000,golfpang,,,18홀,tr_218785359
서원힐스,2026-09-19,05:39,250000,golfpang,,,18홀,tr_219783128
베스트밸리-퍼9,2026-09-19,06:19,180000,golfpang,,,18홀,tr_219654706
더플레이어스,2026-09-19,07:16,190000,golfpang,,,18홀,tr_220002171
스프링베일-퍼9,2026-09-19,07:34,115000,golfpang,,,18홀,tr_220212407
평창(비공개),2026-09-19,07:18,170000,golfpang,,,18홀,tr_218970767
스톤비치,2026-09-19,13:09,320000,golfpang,,,36홀,tr_218593890
평창(비공개),2026-09-19,07:18,170000,golfpang,,,18홀,tr_218983867
양지파인,2026-09-19,13:50,160000,golfpang,,,18홀,tr_219621006
대영힐스,2026-09-19,18:29,79000,golfpang,,,18홀,tr_219621206
대영베이스,2026-09-19,18:21,85000,golfpang,,,18홀,tr_219621189
샤인데일,2026-09-19,18:00,80000,golfpang,,,18홀,tr_220129595
올데이,2026-09-19,17:00,79000,golfpang,,,18홀,tr_219873422
올데이,2026-09-19,17:40,79000,golfpang,,,18홀,tr_219621147
프린세스,2026-09-19,12:04,175000,golfpang,,,18홀,tr_220214785
프린세스,2026-09-19,13:14,170000,golfpang,,,18홀,tr_220214784
프린세스,2026-09-19,08:26,175000,golfpang,,,18홀,tr_220214783
떼제베(동북),2026-09-19,07:49,130000,golfpang,,,18홀,tr_220214646
떼제베(동북),2026-09-19,18:02,110000,golfpang,,,18홀,tr_220214645
떼제베(동북),2026-09-19,18:09,110000,golfpang,,,18홀,tr_220214647
여주(비공개),2026-09-19,13:24,210000,golfpang,,,18홀,tr_219470669
더플레이어스,2026-09-19,13:19,160000,golfpang,,,18홀,tr_220117914
알펜시아명문,2026-09-19,11:14,170000,golfpang,,,18홀,tr_220118030
해솔리아,2026-09-19,12:23,180000,golfpang,,,18홀,tr_220104965
360도,2026-09-19,12:22,180000,golfpang,,,18홀,tr_220106224
옥스필드,2026-09-19,07:21,129000,golfpang,,,18홀,tr_220115614
올데이,2026-09-19,07:56,119000,golfpang,,,18홀,tr_220106664
옥스필드,2026-09-19,13:09,99000,golfpang,,,18홀,tr_220115467
신라,2026-09-19,13:11,190000,golfpang,,,18홀,tr_219372524
올데이,2026-09-19,11:52,119000,golfpang,,,18홀,tr_220106327
강촌(비공개),2026-09-19,06:23,230000,golfpang,,,18홀,tr_219372323
떼제베,2026-09-19,05:50,120000,golfpang,,,18홀,tr_220214356
떼제베,2026-09-19,18:09,130000,golfpang,,,18홀,tr_220214355
떼제베,2026-09-19,06:32,130000,golfpang,,,18홀,tr_220214357
베스트밸리-퍼9,2026-09-19,18:09,130000,golfpang,,,18홀,tr_220214271
베스트밸리-퍼9,2026-09-19,18:16,130000,golfpang,,,18홀,tr_220214272
베스트밸리-퍼9,2026-09-19,18:23,130000,golfpang,,,18홀,tr_220214273
옥스필드,2026-09-19,06:46,119000,golfpang,,,18홀,tr_220214099
옥스필드,2026-09-19,18:15,69000,golfpang,,,18홀,tr_220214101
옥스필드,2026-09-19,11:17,149000,golfpang,,,18홀,tr_220214100
임페리얼레이크,2026-09-19,11:31,139000,golfpang,,,18홀,tr_220213983
임페리얼레이크,2026-09-19,18:01,99000,golfpang,,,18홀,tr_220213984
임페리얼레이크,2026-09-19,06:46,139000,golfpang,,,18홀,tr_220213982
로얄포레,2026-09-19,06:46,129000,golfpang,,,18홀,tr_220213860
로얄포레,2026-09-19,18:36,99000,golfpang,,,18홀,tr_220213862
로얄포레,2026-09-19,11:24,149000,golfpang,,,18홀,tr_220213861
올데이,2026-09-19,11:45,119000,golfpang,,,18홀,tr_220213699
올데이,2026-09-19,17:33,79000,golfpang,,,18홀,tr_220213700
올데이,2026-09-19,07:56,119000,golfpang,,,18홀,tr_220213698
비콘힐스,2026-09-19,18:10,90000,golfpang,,,18홀,tr_220002069
신라,2026-09-19,07:20,240000,golfpang,,,18홀,tr_220213489
남춘천,2026-09-19,12:27,160000,golfpang,,,18홀,tr_220213372
포웰(안성)cc,2026-09-19,12:19,182000,golfpang,,,18홀,tr_219997176
대영베이스,2026-09-19,12:19,155000,golfpang,,,18홀,tr_220026580
알프스대영,2026-09-19,12:17,119000,golfpang,,,18홀,tr_219997994
파주,2026-09-19,12:13,250000,golfpang,,,18홀,tr_220149806
베스트밸리-퍼9,2026-09-19,12:42,170000,golfpang,,,18홀,tr_219672742
라싸,2026-09-19,12:39,189000,golfpang,,,18홀,tr_220012333
올데이,2026-09-19,12:34,109000,golfpang,,,18홀,tr_219997870
에덴블루,2026-09-19,12:30,209000,golfpang,,,18홀,tr_220182454
골프존 진천,2026-09-19,12:25,185000,golfpang,,,18홀,tr_219798637
이븐데일,2026-09-19,11:31,115000,golfpang,,,18홀,tr_220118326
임페리얼레이크,2026-09-19,11:24,149000,golfpang,,,18홀,tr_219997921
유니아일랜드,2026-09-19,11:22,200000,golfpang,,,18홀,tr_219996803
올데이,2026-09-19,11:17,119000,golfpang,,,18홀,tr_219997869
골프존 안성H,2026-09-19,14:20,190000,golfpang,,,18홀,tr_220088900
마론뉴데이,2026-09-19,14:18,175000,golfpang,,,18홀,tr_220035779
안성베네스트(챌),2026-09-19,14:13,179000,golfpang,,,18홀,tr_220183145
안성베네스트(챌),2026-09-19,14:13,179000,golfpang,,,18홀,tr_220183144
안성베네스트(클),2026-09-19,14:13,189000,golfpang,,,18홀,tr_220182815
알펜시아700,2026-09-19,12:49,140000,golfpang,,,18홀,tr_219813441
힐데스하임,2026-09-19,12:49,150000,golfpang,,,18홀,tr_220013641
떼제베(동북),2026-09-19,12:46,130000,golfpang,,,18홀,tr_220033501
모나크,2026-09-19,13:03,170000,golfpang,,,18홀,tr_219642415
이븐데일,2026-09-19,13:02,115000,golfpang,,,18홀,tr_220118327
스타,2026-09-19,13:02,180000,golfpang,,,18홀,tr_219998117
라싸,2026-09-19,13:00,179000,golfpang,,,18홀,tr_220012334
가평베네스트,2026-09-19,13:00,239000,golfpang,,,18홀,tr_220181568
중원,2026-09-19,12:58,150000,golfpang,,,18홀,tr_220085347
이글몬트,2026-09-19,12:57,190000,golfpang,,,18홀,tr_219952541
로얄포레,2026-09-19,12:55,139000,golfpang,,,18홀,tr_219997771
남춘천,2026-09-19,12:55,180000,golfpang,,,18홀,tr_220114833
글렌로스-퍼9,2026-09-19,12:55,249000,golfpang,,,18홀,tr_220011248
에덴블루,2026-09-19,12:54,209000,golfpang,,,18홀,tr_220182455
클럽72-오션,2026-09-19,12:53,300000,golfpang,,,18홀,tr_219997098
알펜시아명문,2026-09-19,13:13,170000,golfpang,,,18홀,tr_219813867
대영베이스,2026-09-19,13:12,149000,golfpang,,,18홀,tr_220026581
신라,2026-09-19,13:11,190000,golfpang,,,18홀,tr_220121059
파주,2026-09-19,13:09,250000,golfpang,,,18홀,tr_220149807
포웰(안성)cc,2026-09-19,13:08,172000,golfpang,,,18홀,tr_219997177
360도,2026-09-19,13:07,180000,golfpang,,,18홀,tr_219995665
감곡,2026-09-19,13:07,170000,golfpang,,,18홀,tr_219654666
알프스대영,2026-09-19,13:06,119000,golfpang,,,18홀,tr_219997995
골프존 화랑,2026-09-19,13:06,155000,golfpang,,,18홀,tr_219796983
더플레이어스,2026-09-19,13:05,170000,golfpang,,,18홀,tr_220011659
해솔리아,2026-09-19,13:05,180000,golfpang,,,18홀,tr_219997325
옥스필드,2026-09-19,13:23,99000,golfpang,,,18홀,tr_219957307
포천힐스,2026-09-19,13:20,230000,golfpang,,,18홀,tr_220100187
플라밍고,2026-09-19,13:18,170000,golfpang,,,18홀,tr_219459256
베뉴지,2026-09-19,13:16,165000,golfpang,,,18홀,tr_220104122
골프존 진천,2026-09-19,13:14,175000,golfpang,,,18홀,tr_219798638
오로라,2026-09-19,13:14,150000,golfpang,,,18홀,tr_220151745
대영베이스,2026-09-19,13:32,145000,golfpang,,,18홀,tr_220026582
골프존 안성H,2026-09-19,13:31,190000,golfpang,,,18홀,tr_220088899
양평TPC,2026-09-19,13:29,170000,golfpang,,,18홀,tr_219996682
센테리움,2026-09-19,13:25,159000,golfpang,,,18홀,tr_220033744
마론뉴데이,2026-09-19,11:15,175000,golfpang,,,18홀,tr_220035778
보령베이스-퍼9,2026-09-19,11:14,89000,golfpang,,,18홀,tr_219646979
알펜시아명문,2026-09-19,11:14,170000,golfpang,,,18홀,tr_219813866
가평베네스트,2026-09-19,11:57,250000,golfpang,,,18홀,tr_220181567
감곡,2026-09-19,11:57,180000,golfpang,,,18홀,tr_219654665
속리산cc,2026-09-19,11:54,160000,golfpang,,,18홀,tr_219652138
골프존 화랑,2026-09-19,11:49,165000,golfpang,,,18홀,tr_219796982
해솔리아,2026-09-19,11:48,210000,golfpang,,,18홀,tr_219997324
옥스필드,2026-09-19,11:45,119000,golfpang,,,18홀,tr_219957306
로얄포레,2026-09-19,11:45,149000,golfpang,,,18홀,tr_219997770
대영힐스,2026-09-19,11:33,145000,golfpang,,,18홀,tr_220029589
모카cc,2026-09-19,12:11,145000,golfpang,,,18홀,tr_220150114
포천힐스,2026-09-19,12:10,230000,golfpang,,,18홀,tr_220100186
한림용인,2026-09-19,12:08,210000,golfpang,,,18홀,tr_220070662
베스트밸리-퍼9,2026-09-19,12:07,170000,golfpang,,,18홀,tr_219672741
스타,2026-09-19,12:06,190000,golfpang,,,18홀,tr_219998118
양지파인,2026-09-19,12:06,190000,golfpang,,,18홀,tr_219996634
양평TPC,2026-09-19,12:05,170000,golfpang,,,18홀,tr_219996681
오로라,2026-09-19,12:04,160000,golfpang,,,18홀,tr_220151744
힐데스하임,2026-09-19,12:04,160000,golfpang,,,18홀,tr_220013640
플라밍고,2026-09-19,12:01,180000,golfpang,,,18홀,tr_219459255
모나크,2026-09-19,12:21,180000,golfpang,,,18홀,tr_219642414
한림용인,2026-09-19,13:25,190000,golfpang,,,18홀,tr_220070663
세현,2026-09-19,13:37,250000,golfpang,,,18홀,tr_219995870
골프존 송도(구.오렌지듄스),2026-09-19,13:36,219000,golfpang,,,18홀,tr_220106025
클럽모우,2026-09-19,13:34,180000,golfpang,,,18홀,tr_220118054
알펜시아700,2026-09-19,13:45,130000,golfpang,,,18홀,tr_219813442
골프존 안성W,2026-09-19,13:45,170000,golfpang,,,18홀,tr_220007538
떼제베(동북),2026-09-19,13:42,140000,golfpang,,,18홀,tr_220033502
포천힐스,2026-09-19,13:41,230000,golfpang,,,18홀,tr_220100188
솔모로,2026-09-19,13:56,180000,golfpang,,,18홀,tr_220149584
푸른솔포천,2026-09-19,13:55,230000,golfpang,,,18홀,tr_219914177
백제,2026-09-19,13:54,140000,golfpang,,,18홀,tr_220006685
스카이밸리,2026-09-19,13:53,200000,golfpang,,,18홀,tr_220125159
베뉴지,2026-09-19,13:51,160000,golfpang,,,18홀,tr_220104123
안성베네스트(클),2026-09-19,14:06,189000,golfpang,,,18홀,tr_220182814
솔모로,2026-09-19,14:03,180000,golfpang,,,18홀,tr_220149585
속리산cc,2026-09-19,14:00,140000,golfpang,,,18홀,tr_219652139
포웰(안성)cc,2026-09-19,13:57,162000,golfpang,,,18홀,tr_219997178
유니아일랜드,2026-09-19,15:56,140000,golfpang,,,18홀,tr_219996804
해솔리아,2026-09-19,06:49,200000,golfpang,,,18홀,tr_219997323
센테리움,2026-09-19,06:46,179000,golfpang,,,18홀,tr_220033743
임페리얼레이크,2026-09-19,06:46,149000,golfpang,,,18홀,tr_219997920
올데이,2026-09-19,06:46,99000,golfpang,,,18홀,tr_219997868
유니아일랜드,2026-09-19,06:43,190000,golfpang,,,18홀,tr_219996802
이천실크밸리,2026-09-19,07:17,185000,golfpang,,,18홀,tr_219936081
더플레이어스,2026-09-19,07:16,190000,golfpang,,,18홀,tr_220011658
로얄포레,2026-09-19,07:14,139000,golfpang,,,18홀,tr_219997769
감곡,2026-09-19,07:12,180000,golfpang,,,18홀,tr_219654664
떼제베,2026-09-19,07:07,150000,golfpang,,,18홀,tr_220032958
신라,2026-09-19,07:34,240000,golfpang,,,18홀,tr_220121058
골프존 안성W,2026-09-19,07:33,200000,golfpang,,,18홀,tr_220007537
360도,2026-09-19,07:30,230000,golfpang,,,18홀,tr_219995664
떼제베(동북),2026-09-19,07:28,120000,golfpang,,,18홀,tr_220033500
중원,2026-09-19,07:25,160000,golfpang,,,18홀,tr_220085346
동촌,2026-09-19,07:23,190000,golfpang,,,18홀,tr_220006434
이글몬트,2026-09-19,07:23,220000,golfpang,,,18홀,tr_219952540
힐데스하임,2026-09-19,07:22,165000,golfpang,,,18홀,tr_220013639
옥스필드,2026-09-19,07:21,129000,golfpang,,,18홀,tr_219957305
샤인데일,2026-09-19,08:12,200000,golfpang,,,18홀,tr_220126191
모카cc,2026-09-19,08:04,150000,golfpang,,,18홀,tr_220150113
오너스,2026-09-19,08:00,175000,golfpang,,,18홀,tr_220036051
클럽모우,2026-09-19,08:29,210000,golfpang,,,18홀,tr_220118053
골프존 송도(구.오렌지듄스),2026-09-19,06:11,229000,golfpang,,,18홀,tr_220106024
한림용인,2026-09-19,06:10,205000,golfpang,,,18홀,tr_220070661
이븐데일,2026-09-19,06:10,99000,golfpang,,,18홀,tr_220118325
신라,2026-09-19,06:10,200000,golfpang,,,18홀,tr_220121057
푸른솔포천,2026-09-19,06:07,240000,golfpang,,,18홀,tr_219914176
클럽72,2026-09-19,06:00,230000,golfpang,,,18홀,tr_219997009
파주,2026-09-19,05:49,230000,golfpang,,,18홀,tr_220149805
솔트베이,2026-09-19,05:46,270000,golfpang,,,18홀,tr_219588182
서원힐스,2026-09-19,05:39,250000,golfpang,,,18홀,tr_219746988
서원힐스,2026-09-19,05:32,250000,golfpang,,,18홀,tr_219746987
떼제베,2026-09-19,06:32,140000,golfpang,,,18홀,tr_220032957
베스트밸리-퍼9,2026-09-19,06:19,180000,golfpang,,,18홀,tr_219672740
보령베이스-퍼9,2026-09-19,06:15,69000,golfpang,,,18홀,tr_219646978
대영힐스,2026-09-19,06:14,119000,golfpang,,,18홀,tr_220029587
스타,2026-09-19,06:23,180000,golfpang,,,18홀,tr_219998116
벨라스톤,2026-09-19,06:35,159000,golfpang,,,18홀,tr_219820999
대영힐스,2026-09-19,06:35,129000,golfpang,,,18홀,tr_220029588
알펜시아명문,2026-09-19,06:35,100000,golfpang,,,18홀,tr_219813865
양지파인,2026-09-19,06:30,210000,golfpang,,,18홀,tr_219996633
에덴블루,2026-09-19,06:42,199000,golfpang,,,18홀,tr_220182453
골프존 안성H,2026-09-19,06:51,210000,golfpang,,,18홀,tr_220088898
골프존 진천,2026-09-19,06:49,189000,golfpang,,,18홀,tr_219798636
라싸,2026-09-19,06:48,209000,golfpang,,,18홀,tr_220012332
신라,2026-09-19,12:36,190000,golfpang,,,18홀,tr_220204057
더플레이어스,2026-09-19,11:55,160000,golfpang,,,18홀,tr_220212038
더플레이어스,2026-09-19,07:30,190000,golfpang,,,18홀,tr_220212031
파크밸리,2026-09-19,12:32,139000,golfpang,,,18홀,tr_220213018
아난티중앙(야간),2026-09-19,17:53,140000,golfpang,,,18홀,tr_220212943
포웰(안성)cc,2026-09-19,18:04,151000,golfpang,,,18홀,tr_220198766
그린힐,2026-09-19,18:59,110000,golfpang,,,18홀,tr_220086169
리베라,2026-09-19,18:52,140000,golfpang,,,18홀,tr_219796192
골프존 안성W,2026-09-19,18:52,130000,golfpang,,,18홀,tr_220009680
포웰(안성)cc,2026-09-19,19:49,92000,golfpang,,,18홀,tr_220198767
클럽72,2026-09-19,19:21,140000,golfpang,,,18홀,tr_220198570
리베라,2026-09-19,19:06,140000,golfpang,,,18홀,tr_219796193
양평TPC,2026-09-19,13:29,170000,golfpang,,,18홀,tr_220201282
골프존 안성W,2026-09-19,13:45,170000,golfpang,,,18홀,tr_220009679
이글몬트,2026-09-19,14:00,190000,golfpang,,,18홀,tr_220010358
신라,2026-09-19,14:00,180000,golfpang,,,18홀,tr_220198061
신라,2026-09-19,14:07,180000,golfpang,,,18홀,tr_220198062
유니아일랜드,2026-09-19,15:49,140000,golfpang,,,18홀,tr_219997187
마론뉴데이,2026-09-19,14:18,175000,golfpang,,,18홀,tr_219779021
리베라,2026-09-19,14:17,250000,golfpang,,,18홀,tr_219796191
아세코밸리-퍼9,2026-09-19,17:17,110000,golfpang,,,18홀,tr_219998031
그린힐,2026-09-19,17:35,140000,golfpang,,,18홀,tr_220086167
그린힐,2026-09-19,17:42,140000,golfpang,,,18홀,tr_220086168
해솔리아,2026-09-19,13:12,170000,golfpang,,,18홀,tr_220139561
신라,2026-09-19,13:18,180000,golfpang,,,18홀,tr_220198060
한림용인,2026-09-19,13:25,190000,golfpang,,,18홀,tr_220036178
유니아일랜드,2026-09-19,11:29,200000,golfpang,,,18홀,tr_219997186
양지파인,2026-09-19,11:51,180000,golfpang,,,18홀,tr_220195507
360도,2026-09-19,12:07,180000,golfpang,,,18홀,tr_220195334
양평TPC,2026-09-19,12:05,180000,golfpang,,,18홀,tr_220201281
유니아일랜드,2026-09-19,06:43,190000,golfpang,,,18홀,tr_219997185
이글몬트,2026-09-19,06:55,220000,golfpang,,,18홀,tr_220010357
클럽72,2026-09-19,07:10,260000,golfpang,,,18홀,tr_220198569
마론뉴데이,2026-09-19,07:08,175000,golfpang,,,18홀,tr_219779019
골프존 안성W,2026-09-19,07:33,200000,golfpang,,,18홀,tr_220009678
양지파인,2026-09-19,08:22,210000,golfpang,,,18홀,tr_220195506
마론뉴데이,2026-09-19,11:15,175000,golfpang,,,18홀,tr_219779020
한림용인,2026-09-19,11:40,220000,golfpang,,,18홀,tr_220036177
포웰(안성)cc,2026-09-19,06:04,172000,golfpang,,,18홀,tr_220198765
아세코밸리-퍼9,2026-09-19,05:51,140000,golfpang,,,18홀,tr_219998030
360도,2026-09-19,06:22,180000,golfpang,,,18홀,tr_220195333
해솔리아,2026-09-19,06:35,200000,golfpang,,,18홀,tr_220139560
아세코밸리-퍼9,2026-09-19,18:06,110000,golfpang,,,18홀,tr_219998032
한림용인,2026-09-19,18:06,160000,golfpang,,,18홀,tr_220036179
클럽72,2026-09-19,18:35,140000,golfpang,,,18홀,tr_220198571
해솔리아,2026-09-19,18:11,135000,golfpang,,,18홀,tr_220139562
베스트밸리-퍼9,2026-09-19,18:30,130000,golfpang,,,18홀,tr_219998420
비콘힐스,2026-09-19,18:40,90000,golfpang,,,18홀,tr_219998722
라싸,2026-09-19,18:35,139000,golfpang,,,18홀,tr_219998397
라싸,2026-09-19,18:49,139000,golfpang,,,18홀,tr_219998398
비콘힐스,2026-09-19,18:47,90000,golfpang,,,18홀,tr_219998723
비콘힐스,2026-09-19,19:01,90000,golfpang,,,18홀,tr_219998724
남춘천,2026-09-19,13:49,170000,golfpang,,,18홀,tr_220102613
푸른솔포천,2026-09-19,13:55,230000,golfpang,,,18홀,tr_219998581
클럽모우,2026-09-19,13:55,180000,golfpang,,,18홀,tr_220118252
남양주(퍼9),2026-09-19,16:54,129000,golfpang,,,18홀,tr_220107482
한림광릉,2026-09-19,17:31,150000,golfpang,,,18홀,tr_220036744
파주타이거,2026-09-19,17:47,190000,golfpang,,,18홀,tr_219998440
남양주(퍼9),2026-09-19,17:54,119000,golfpang,,,18홀,tr_220107483
클럽모우,2026-09-19,12:45,180000,golfpang,,,18홀,tr_220118251
파주,2026-09-19,13:02,270000,golfpang,,,18홀,tr_219998526
더플레이어스,2026-09-19,13:19,160000,golfpang,,,18홀,tr_220129774
스프링베일-퍼9,2026-09-19,11:47,115000,golfpang,,,18홀,tr_219602118
세레니티-강촌,2026-09-19,12:07,210000,golfpang,,,18홀,tr_219780413
남양주(퍼9),2026-09-19,12:14,139000,golfpang,,,18홀,tr_220107481
스프링베일-퍼9,2026-09-19,06:59,115000,golfpang,,,18홀,tr_219602117
더플레이어스,2026-09-19,06:55,190000,golfpang,,,18홀,tr_220129773
남춘천,2026-09-19,06:53,210000,golfpang,,,18홀,tr_220102612
샤인데일,2026-09-19,08:12,200000,golfpang,,,18홀,tr_220103773
파주,2026-09-19,05:49,240000,golfpang,,,18홀,tr_219998525
한림광릉,2026-09-19,06:10,210000,golfpang,,,18홀,tr_220036743
푸른솔포천,2026-09-19,06:07,240000,golfpang,,,18홀,tr_219998580
세레니티-강촌,2026-09-19,06:49,210000,golfpang,,,18홀,tr_219780412
스프링베일-퍼9,2026-09-19,17:50,95000,golfpang,,,18홀,tr_219602119
세레니티-강촌,2026-09-19,18:00,140000,golfpang,,,18홀,tr_219780414
베스트밸리-퍼9,2026-09-19,18:09,130000,golfpang,,,18홀,tr_219998419
파주,2026-09-19,18:09,170000,golfpang,,,18홀,tr_219998527
한림광릉,2026-09-19,18:06,150000,golfpang,,,18홀,tr_220036745
베스트밸리-퍼9,2026-09-19,18:05,130000,golfpang,,,18홀,tr_219998418
파주타이거,2026-09-19,18:11,190000,golfpang,,,18홀,tr_219998441
라싸,2026-09-19,18:21,139000,golfpang,,,18홀,tr_219998396
파주타이거,2026-09-19,18:17,190000,golfpang,,,18홀,tr_219998442
힐데스하임,2026-09-19,18:41,105000,golfpang,,,18홀,tr_220179864
골프존 진천,2026-09-19,13:35,149000,golfpang,,,18홀,tr_220183602
골프존 진천,2026-09-19,13:35,149000,golfpang,,,18홀,tr_220183601
속리산cc,2026-09-19,13:32,120000,golfpang,,,18홀,tr_220179613
감곡,2026-09-19,13:42,160000,golfpang,,,18홀,tr_219969188
스타,2026-09-19,13:51,180000,golfpang,,,18홀,tr_219989047
감곡,2026-09-19,14:03,160000,golfpang,,,18홀,tr_219969189
센테리움,2026-09-19,14:00,149000,golfpang,,,18홀,tr_220037439
속리산cc,2026-09-19,14:14,120000,golfpang,,,18홀,tr_220179614
대호단양,2026-09-19,17:16,119000,golfpang,,,18홀,tr_220180434
대영베이스,2026-09-19,17:44,105000,golfpang,,,18홀,tr_220180814
로얄포레,2026-09-19,17:54,99000,golfpang,,,18홀,tr_219987690
힐데스하임,2026-09-19,12:49,155000,golfpang,,,18홀,tr_220179863
모나크,2026-09-19,12:49,180000,golfpang,,,18홀,tr_219901063
동촌,2026-09-19,12:58,180000,golfpang,,,18홀,tr_219980314
스톤비치,2026-09-19,12:55,160000,golfpang,,,18홀,tr_219998997
골프존 화랑,2026-09-19,12:52,149000,golfpang,,,18홀,tr_220186528
모나크,2026-09-19,13:03,170000,golfpang,,,18홀,tr_219901064
스타,2026-09-19,13:02,180000,golfpang,,,18홀,tr_219989045
대영베이스,2026-09-19,13:12,139000,golfpang,,,18홀,tr_220180813
일레븐,2026-09-19,13:17,125000,golfpang,,,18홀,tr_220165855
프린세스,2026-09-19,13:14,165000,golfpang,,,18홀,tr_220170486
스타,2026-09-19,13:30,180000,golfpang,,,18홀,tr_219989046
로얄포레,2026-09-19,11:31,159000,golfpang,,,18홀,tr_219987689
떼제베,2026-09-19,11:29,170000,golfpang,,,18홀,tr_220182027
대호단양,2026-09-19,11:52,179000,golfpang,,,18홀,tr_220180433
이븐데일,2026-09-19,12:05,115000,golfpang,,,18홀,tr_220175158
임페리얼레이크,2026-09-19,12:13,149000,golfpang,,,18홀,tr_219987536
대영힐스,2026-09-19,12:12,130000,golfpang,,,18홀,tr_220181309
모카cc,2026-09-19,12:11,155000,golfpang,,,18홀,tr_219903730
킹즈락,2026-09-19,12:08,145000,golfpang,,,18홀,tr_220170085
떼제베(동북),2026-09-19,12:39,130000,golfpang,,,18홀,tr_220182509
임페리얼레이크,2026-09-19,06:46,149000,golfpang,,,18홀,tr_219987535
센테리움,2026-09-19,06:46,179000,golfpang,,,18홀,tr_220037438
로얄포레,2026-09-19,06:46,149000,golfpang,,,18홀,tr_219987688
킹즈락,2026-09-19,06:45,140000,golfpang,,,18홀,tr_220170084
대호단양,2026-09-19,06:42,149000,golfpang,,,18홀,tr_220180432
골프존 화랑,2026-09-19,06:55,175000,golfpang,,,18홀,tr_220186527
떼제베(동북),2026-09-19,07:42,130000,golfpang,,,18홀,tr_220182508
프린세스,2026-09-19,08:12,175000,golfpang,,,18홀,tr_220170485
모카cc,2026-09-19,08:11,179000,golfpang,,,18홀,tr_219903729
대영힐스,2026-09-19,06:00,110000,golfpang,,,18홀,tr_220181308
힐데스하임,2026-09-19,06:07,150000,golfpang,,,18홀,tr_220179862
일레븐,2026-09-19,06:23,135000,golfpang,,,18홀,tr_220165854
스톤비치,2026-09-19,06:35,130000,golfpang,,,18홀,tr_219998996
골프존 진천,2026-09-19,06:42,181000,golfpang,,,18홀,tr_220183600
떼제베,2026-09-19,06:39,140000,golfpang,,,18홀,tr_220182026
이븐데일,2026-09-19,06:38,109000,golfpang,,,18홀,tr_220175157
동촌,2026-09-19,06:48,180000,golfpang,,,18홀,tr_219980313
스톤비치,2026-09-19,17:51,130000,golfpang,,,18홀,tr_219998998
떼제베(동북),2026-09-19,18:02,110000,golfpang,,,18홀,tr_220182510
떼제베,2026-09-19,18:02,130000,golfpang,,,18홀,tr_220182028
프린세스,2026-09-19,18:02,115000,golfpang,,,18홀,tr_220170487
이븐데일,2026-09-19,18:00,89000,golfpang,,,18홀,tr_220175159
일레븐,2026-09-19,18:05,80000,golfpang,,,18홀,tr_220165856
모나크,2026-09-19,18:16,110000,golfpang,,,18홀,tr_219901065
임페리얼레이크,2026-09-19,18:23,99000,golfpang,,,18홀,tr_219987537
대영힐스,2026-09-19,18:20,89000,golfpang,,,18홀,tr_220181310
대영베이스,2026-09-19,18:17,95000,golfpang,,,18홀,tr_220180815
골프존 화랑,2026-09-19,18:28,99000,golfpang,,,18홀,tr_220186529
감곡,2026-09-19,18:41,120000,golfpang,,,18홀,tr_219969190
킹즈락,2026-09-19,18:48,95000,golfpang,,,18홀,tr_220170086
오로라,2026-09-19,18:30,100000,golfpang,,,18홀,tr_220193424
벨라스톤,2026-09-19,17:45,100000,golfpang,,,18홀,tr_219817697
알펜시아700,2026-09-19,17:44,80000,golfpang,,,18홀,tr_220105014
동서울cc-퍼9,2026-09-19,12:49,89000,golfpang,,,18홀,tr_220104402
알펜시아명문,2026-09-19,13:13,170000,golfpang,,,18홀,tr_220105566
웰리힐리,2026-09-19,11:54,190000,golfpang,,,18홀,tr_219588094
옥스필드,2026-09-19,12:13,119000,golfpang,,,18홀,tr_219821342
오로라,2026-09-19,12:39,150000,golfpang,,,18홀,tr_220193422
알펜시아700,2026-09-19,07:50,130000,golfpang,,,18홀,tr_220105013
동서울cc-퍼9,2026-09-19,07:48,99000,golfpang,,,18홀,tr_220104401
알펜시아명문,2026-09-19,11:14,170000,golfpang,,,18홀,tr_220105565
벨라스톤,2026-09-19,06:35,160000,golfpang,,,18홀,tr_219817696
알펜시아명문,2026-09-19,06:42,100000,golfpang,,,18홀,tr_220105564
옥스필드,2026-09-19,06:39,129000,golfpang,,,18홀,tr_219821341
웰리힐리,2026-09-19,06:46,190000,golfpang,,,18홀,tr_219588093
오로라,2026-09-19,17:50,100000,golfpang,,,18홀,tr_220193423
남한강에스파크,2026-09-19,18:00,99000,golfpang,,,18홀,tr_219594975
벨라스톤,2026-09-19,18:06,100000,golfpang,,,18홀,tr_219817698
동서울cc-퍼9,2026-09-19,18:17,65000,golfpang,,,18홀,tr_220104403
남한강에스파크,2026-09-19,18:14,99000,golfpang,,,18홀,tr_219594976
알펜시아700,2026-09-19,18:26,70000,golfpang,,,18홀,tr_220105015
옥스필드,2026-09-19,18:22,69000,golfpang,,,18홀,tr_219821343
웰리힐리,2026-09-19,14:02,190000,golfpang,,,18홀,tr_219588095
남한강에스파크,2026-09-19,18:28,99000,golfpang,,,18홀,tr_219594977
신라,2026-09-19,12:36,200000,golfpang,,,18홀,tr_220104493
신라,2026-09-19,06:10,200000,golfpang,,,18홀,tr_220104492
신라,2026-09-19,13:18,180000,golfpang,,,18홀,tr_220104494
마이다스레이크 이천,2026-09-19,13:00,200000,golfpang,,,18홀,tr_220202848
힐데스하임,2026-09-19,12:49,155000,golfpang,,,18홀,tr_220105609
힐데스하임,2026-09-19,18:41,105000,golfpang,,,18홀,tr_220105610
힐데스하임,2026-09-19,07:22,165000,golfpang,,,18홀,tr_220105608
백제,2026-09-19,13:54,140000,golfpang,,,18홀,tr_219840092
백제,2026-09-19,13:47,140000,golfpang,,,18홀,tr_219840091
골프존 송도(구.오렌지듄스),2026-09-19,06:19,229000,golfpang,,,18홀,tr_220212480
대영힐스,2026-09-19,05:39,110000,golfpang,,,18홀,tr_220206534
대영힐스,2026-09-19,11:39,130000,golfpang,,,18홀,tr_220206535
대영힐스,2026-09-19,17:52,95000,golfpang,,,18홀,tr_220206536
대영베이스,2026-09-19,17:57,149000,golfpang,,,18홀,tr_220205005
대영베이스,2026-09-19,13:39,139000,golfpang,,,18홀,tr_220205004
대영베이스,2026-09-19,17:44,99000,golfpang,,,18홀,tr_220205006
더플레이어스,2026-09-19,07:16,190000,golfpang,,,18홀,tr_219991651
더플레이어스,2026-09-19,12:09,160000,golfpang,,,18홀,tr_219991652
신라,2026-09-19,13:46,180000,golfpang,,,18홀,tr_219074836
오너스,2026-09-19,08:28,175000,golfpang,,,18홀,tr_220209842
오너스,2026-09-19,08:28,175000,golfpang,,,18홀,tr_220209841
포레스트힐,2026-09-19,18:38,129000,golfpang,,,18홀,tr_219336200
포레스트힐,2026-09-19,18:59,129000,golfpang,,,18홀,tr_219336191
신라,2026-09-19,13:46,180000,golfpang,,,18홀,tr_217528753
골프존 송도(구.오렌지듄스),2026-09-19,18:32,159000,golfpang,,,18홀,tr_220211183
클럽72,2026-09-19,18:19,150000,golfpang,,,18홀,tr_220211156
블랙스톤벨포레,2026-09-19,17:38,80000,golfpang,,,18홀,tr_220211105
블랙스톤벨포레,2026-09-19,14:03,110000,golfpang,,,18홀,tr_220210986
한탄강,2026-09-19,14:00,170000,golfpang,,,18홀,tr_220210977
플라밍고,2026-09-19,13:30,140000,golfpang,,,18홀,tr_219906899
로얄링스,2026-09-19,12:40,120000,golfpang,,,18홀,tr_219526042
솔라고,2026-09-19,14:24,140000,golfpang,,,18홀,tr_220023409
로얄링스,2026-09-19,07:38,120000,golfpang,,,18홀,tr_219526002
그린힐,2026-09-19,19:06,100000,golfpang,,,18홀,tr_220152760
블랙스톤벨포레,2026-09-19,13:56,110000,golfpang,,,18홀,tr_220210969
골프존 송도(구.오렌지듄스),2026-09-19,13:44,219000,golfpang,,,18홀,tr_220210959
클럽72,2026-09-19,07:11,210000,golfpang,,,18홀,tr_220210879
골프존 송도(구.오렌지듄스),2026-09-19,06:19,229000,golfpang,,,18홀,tr_220210823
블랙스톤벨포레,2026-09-19,18:12,70000,golfpang,,,18홀,tr_220210503
포웰(안성)cc,2026-09-19,17:57,122000,golfpang,,,18홀,tr_220210501
골프존 화랑,2026-09-19,17:46,119000,golfpang,,,18홀,tr_220210500
한림용인,2026-09-19,17:38,158000,golfpang,,,18홀,tr_220210499
마이다스레이크 이천,2026-09-19,14:03,190000,golfpang,,,18홀,tr_220210497
진천(비공개),2026-09-19,13:26,180000,golfpang,,,18홀,tr_220210490
블랙스톤벨포레,2026-09-19,13:20,110000,golfpang,,,18홀,tr_220210485
로얄링스,2026-09-19,13:02,120000,golfpang,,,18홀,tr_220210478
세레니티-강촌,2026-09-19,12:49,210000,golfpang,,,18홀,tr_220210463
아세코밸리-퍼9,2026-09-19,12:44,130000,golfpang,,,18홀,tr_220210460
더플레이어스,2026-09-19,12:44,160000,golfpang,,,18홀,tr_220210459
아세코밸리-퍼9,2026-09-19,05:58,140000,golfpang,,,18홀,tr_219558600
클럽72,2026-09-19,18:18,150000,golfpang,,,18홀,tr_220210456
중원,2026-09-19,14:08,140000,golfpang,,,18홀,tr_220210447
신라,2026-09-19,12:22,200000,golfpang,,,18홀,tr_220210448
중원,2026-09-19,08:14,170000,golfpang,,,18홀,tr_220210445
남양주(퍼9),2026-09-19,12:14,139000,golfpang,,,18홀,tr_220210441
베뉴지,2026-09-19,13:09,165000,golfpang,,,18홀,tr_220210435
클럽모우,2026-09-19,13:48,180000,golfpang,,,18홀,tr_219558601
골프존 화랑,2026-09-19,06:34,175000,golfpang,,,18홀,tr_220210425
더플레이어스,2026-09-19,07:16,190000,golfpang,,,18홀,tr_220210413
진천(비공개),2026-09-19,07:17,180000,golfpang,,,18홀,tr_220210409
스톤비치,2026-09-19,08:13,150000,golfpang,,,18홀,tr_220210400
오너스,2026-09-19,14:25,145000,golfpang,,,18홀,tr_219526558
더플레이어스,2026-09-19,12:02,160000,golfpang,,,18홀,tr_219997788
일레븐,2026-09-19,17:44,80000,golfpang,,,18홀,tr_219807235
일레븐,2026-09-19,12:49,125000,golfpang,,,18홀,tr_219807172
아난티중앙(야간),2026-09-19,17:53,140000,golfpang,,,18홀,tr_220210066
더크로스비,2026-09-19,13:44,207000,golfpang,,,18홀,tr_220210063
블랙스톤벨포레,2026-09-19,18:33,70000,golfpang,,,18홀,tr_220036788
동촌,2026-09-19,06:55,170000,golfpang,,,18홀,tr_220004450
동촌,2026-09-19,07:23,190000,golfpang,,,18홀,tr_220004451
진천(비공개),2026-09-19,07:17,180000,golfpang,,,18홀,tr_220103730
자유로,2026-09-19,13:02,220000,golfpang,,,18홀,tr_219623842
알펜시아700,2026-09-19,13:38,140000,golfpang,,,18홀,tr_219149646
진천(비공개),2026-09-19,13:33,180000,golfpang,,,18홀,tr_220103731
서산수,2026-09-19,13:40,180000,golfpang,,,18홀,tr_219393580
백제,2026-09-19,13:47,140000,golfpang,,,18홀,tr_220075775
서산수,2026-09-19,13:47,180000,golfpang,,,18홀,tr_219393581
백제,2026-09-19,13:54,140000,golfpang,,,18홀,tr_220075776
안성베네스트(클),2026-09-19,14:13,199000,golfpang,,,18홀,tr_220006964
안성베네스트(클),2026-09-19,14:06,199000,golfpang,,,18홀,tr_220006963
자유로,2026-09-19,14:05,210000,golfpang,,,18홀,tr_219623843
블랙스톤벨포레,2026-09-19,17:30,80000,golfpang,,,18홀,tr_220036787
용인플라자,2026-09-19,17:30,160000,golfpang,,,18홀,tr_220128852
용인플라자,2026-09-19,18:05,160000,golfpang,,,18홀,tr_220128853
알펜시아700,2026-09-19,18:12,100000,golfpang,,,18홀,tr_219149647
리베라,2026-09-19,18:31,150000,golfpang,,,18홀,tr_219470477
용인플라자,2026-09-19,18:34,160000,golfpang,,,18홀,tr_220128854
알펜시아700,2026-09-19,06:33,110000,golfpang,,,18홀,tr_219149645
리베라,2026-09-19,19:06,150000,golfpang,,,18홀,tr_219470478
알프스대영,2026-09-19,17:38,69000,golfpang,,,18홀,tr_220203719
비콘힐스,2026-09-19,18:30,90000,golfpang,,,18홀,tr_218558907
남춘천,2026-09-19,13:28,190000,golfpang,,,18홀,tr_219795201
백제,2026-09-19,13:47,140000,golfpang,,,18홀,tr_220209823
오너스,2026-09-19,12:54,149000,golfpang,,,18홀,tr_219241922
백제,2026-09-19,07:36,90000,golfpang,,,18홀,tr_220209793
오너스,2026-09-19,13:15,145000,golfpang,,,18홀,tr_219773563
남춘천,2026-09-19,13:21,190000,golfpang,,,18홀,tr_219558970
남양주(퍼9),2026-09-19,12:20,139000,golfpang,,,18홀,tr_219841785
리베라,2026-09-19,17:35,150000,golfpang,,,18홀,tr_220209669
리베라,2026-09-19,19:06,140000,golfpang,,,18홀,tr_220209671
리베라,2026-09-19,17:42,150000,golfpang,,,18홀,tr_220209670
한림광릉,2026-09-19,06:30,210000,golfpang,,,18홀,tr_219781319
베스트밸리-퍼9,2026-09-19,18:00,130000,golfpang,,,18홀,tr_219490406
베스트밸리-퍼9,2026-09-19,17:40,130000,golfpang,,,18홀,tr_219490344
리베라,2026-09-19,14:30,210000,golfpang,,,18홀,tr_220085142
리베라,2026-09-19,14:00,210000,golfpang,,,18홀,tr_220085080
샤인데일,2026-09-19,18:00,80000,golfpang,,,18홀,tr_220203823
중원,2026-09-19,14:15,140000,golfpang,,,18홀,tr_219843404
백제,2026-09-19,13:26,140000,golfpang,,,18홀,tr_219997059
로얄링스,2026-09-19,12:34,120000,golfpang,,,18홀,tr_219716190
더플레이어스,2026-09-19,12:51,160000,golfpang,,,18홀,tr_220124571
중원,2026-09-19,12:58,150000,golfpang,,,18홀,tr_219843330
더플레이어스,2026-09-19,06:55,190000,golfpang,,,18홀,tr_220203070
세현,2026-09-19,13:31,250000,golfpang,,,18홀,tr_219977019
옥스필드,2026-09-19,12:13,109000,golfpang,,,18홀,tr_220209046
옥스필드,2026-09-19,18:15,69000,golfpang,,,18홀,tr_220209047
옥스필드,2026-09-19,07:21,129000,golfpang,,,18홀,tr_220209045
올데이,2026-09-19,17:26,79000,golfpang,,,18홀,tr_220208999
올데이,2026-09-19,06:32,99000,golfpang,,,18홀,tr_220208997
올데이,2026-09-19,12:27,109000,golfpang,,,18홀,tr_220208998
알프스대영,2026-09-19,17:57,69000,golfpang,,,18홀,tr_220208573
알프스대영,2026-09-19,18:25,65000,golfpang,,,18홀,tr_220208574
알프스대영,2026-09-19,18:39,65000,golfpang,,,18홀,tr_220208575
센추리21,2026-09-19,18:01,90000,golfpang,,,18홀,tr_220208046
센추리21,2026-09-19,18:22,90000,golfpang,,,18홀,tr_220208047
센추리21,2026-09-19,17:26,90000,golfpang,,,18홀,tr_220208045
오로라,2026-09-19,07:05,180000,golfpang,,,18홀,tr_220207985
오로라,2026-09-19,17:50,100000,golfpang,,,18홀,tr_220207987
오로라,2026-09-19,12:04,150000,golfpang,,,18홀,tr_220207986
웅포,2026-09-19,11:32,140000,golfpang,,,18홀,tr_219554888
남춘천,2026-09-19,06:25,180000,golfpang,,,18홀,tr_220124395
서원힐스,2026-09-19,05:39,250000,golfpang,,,18홀,tr_219769603
스프링베일-퍼9,2026-09-19,07:41,115000,golfpang,,,18홀,tr_219599908
남양주(퍼9),2026-09-19,12:20,139000,golfpang,,,18홀,tr_219571239
포천힐스,2026-09-19,12:10,230000,golfpang,,,18홀,tr_220058119
스프링베일-퍼9,2026-09-19,12:01,105000,golfpang,,,18홀,tr_219599909
비발디파크E,2026-09-19,19:02,133000,golfpang,,,18홀,tr_218959578
포천힐스,2026-09-19,13:20,230000,golfpang,,,18홀,tr_220058120
가평(비공개),2026-09-19,13:17,240000,golfpang,,,18홀,tr_218581304
세레니티-강촌,2026-09-19,13:03,210000,golfpang,,,18홀,tr_219009198
자유로,2026-09-19,12:34,230000,golfpang,,,18홀,tr_220115068
포천힐스,2026-09-19,13:55,230000,golfpang,,,18홀,tr_220058121
가평(비공개),2026-09-19,13:52,230000,golfpang,,,18홀,tr_218581305
푸른솔포천,2026-09-19,13:41,230000,golfpang,,,18홀,tr_219165334
자유로,2026-09-19,13:37,220000,golfpang,,,18홀,tr_220115069
스프링베일-퍼9,2026-09-19,17:15,90000,golfpang,,,18홀,tr_219599910
남양주(퍼9),2026-09-19,17:07,119000,golfpang,,,18홀,tr_219571238
남양주(퍼9),2026-09-19,16:34,129000,golfpang,,,18홀,tr_219571240
베스트밸리-퍼9,2026-09-19,18:03,130000,golfpang,,,18홀,tr_220106921
포레스트힐,2026-09-19,18:03,140000,golfpang,,,18홀,tr_218649495
필로스,2026-09-19,18:00,150000,golfpang,,,18홀,tr_220084983
필로스,2026-09-19,17:47,150000,golfpang,,,18홀,tr_220084982
세레니티-강촌,2026-09-19,17:39,140000,golfpang,,,18홀,tr_219009199
베스트밸리-퍼9,2026-09-19,18:30,130000,golfpang,,,18홀,tr_220106923
필로스,2026-09-19,18:27,150000,golfpang,,,18홀,tr_220084984
비발디파크E,2026-09-19,18:07,133000,golfpang,,,18홀,tr_218959577
세레니티-강촌,2026-09-19,19:03,140000,golfpang,,,18홀,tr_219009200
푸른솔포천,2026-09-19,06:35,250000,golfpang,,,18홀,tr_219165333
포레스트힐,2026-09-19,18:59,140000,golfpang,,,18홀,tr_218649496
리베라,2026-09-19,19:06,140000,golfpang,,,18홀,tr_220201999
리베라,2026-09-19,18:59,140000,golfpang,,,18홀,tr_220201998
한림용인,2026-09-19,17:38,158000,golfpang,,,18홀,tr_219952508
필로스,2026-09-19,18:00,140000,golfpang,,,18홀,tr_219760521
플라밍고,2026-09-19,18:03,100000,golfpang,,,18홀,tr_219952377
포웰(안성)cc,2026-09-19,17:57,122000,golfpang,,,18홀,tr_219952319
포웰(안성)cc,2026-09-19,13:57,152000,golfpang,,,18홀,tr_219325774
더플레이어스,2026-09-19,12:44,160000,golfpang,,,18홀,tr_219325747
더플레이어스,2026-09-19,07:16,190000,golfpang,,,18홀,tr_219325744
중원,2026-09-19,13:54,140000,golfpang,,,18홀,tr_220124352
이포,2026-09-19,18:41,140000,golfpang,,,18홀,tr_220124230
이포,2026-09-19,12:54,200000,golfpang,,,18홀,tr_219325740
신라,2026-09-19,13:32,180000,golfpang,,,18홀,tr_219393706
진천(비공개),2026-09-19,13:26,180000,golfpang,,,18홀,tr_220121507
진천(비공개),2026-09-19,07:17,180000,golfpang,,,18홀,tr_220121385
스톤비치,2026-09-19,12:20,140000,golfpang,,,18홀,tr_219992503
스톤비치,2026-09-19,08:13,150000,golfpang,,,18홀,tr_219952028
스카이밸리,2026-09-19,13:32,200000,golfpang,,,18홀,tr_219951860
세레니티-강촌,2026-09-19,17:32,140000,golfpang,,,18홀,tr_219325639
세레니티-강촌,2026-09-19,12:49,210000,golfpang,,,18홀,tr_219325613
베뉴지,2026-09-19,13:30,160000,golfpang,,,18홀,tr_220121254
백제,2026-09-19,13:54,140000,golfpang,,,18홀,tr_219951602
백제,2026-09-19,07:15,150000,golfpang,,,18홀,tr_219951566
마이다스레이크 이천,2026-09-19,13:49,190000,golfpang,,,18홀,tr_220121126
로얄링스,2026-09-19,13:02,120000,golfpang,,,18홀,tr_219556619
로얄링스,2026-09-19,07:45,120000,golfpang,,,18홀,tr_220121019
라싸,2026-09-19,13:14,179000,golfpang,,,18홀,tr_220118592
라싸,2026-09-19,07:09,209000,golfpang,,,18홀,tr_219325575
남한강에스파크,2026-09-19,18:14,99000,golfpang,,,18홀,tr_219760535
골프존 화랑,2026-09-19,17:46,119000,golfpang,,,18홀,tr_219760302
골프존 진천,2026-09-19,13:49,149000,golfpang,,,18홀,tr_219992472
오로라,2026-09-19,07:05,180000,golfpang,,,18홀,tr_220199833
남춘천,2026-09-19,13:49,160000,golfpang,,,18홀,tr_220203909
더플레이어스,2026-09-19,06:34,190000,golfpang,,,18홀,tr_219999988
골프존 화랑,2026-09-19,06:34,175000,golfpang,,,18홀,tr_219999984
더플레이어스,2026-09-19,06:20,190000,golfpang,,,18홀,tr_219999987
안성,2026-09-19,13:00,230000,golfpang,,,18홀,tr_219334995
킹즈락,2026-09-19,17:59,115000,golfpang,,,18홀,tr_220202825
킹즈락,2026-09-19,12:01,145000,golfpang,,,18홀,tr_220202824
킹즈락,2026-09-19,06:52,140000,golfpang,,,18홀,tr_220202823
백제,2026-09-19,13:54,140000,golfpang,,,18홀,tr_220202420
알펜시아700,2026-09-19,17:23,80000,golfpang,,,18홀,tr_219999484
알펜시아700,2026-09-19,13:45,130000,golfpang,,,18홀,tr_219999482
알펜시아명문,2026-09-19,13:13,170000,golfpang,,,18홀,tr_219999524
알펜시아700,2026-09-19,14:13,130000,golfpang,,,18홀,tr_219999483
알펜시아명문,2026-09-19,07:10,120000,golfpang,,,18홀,tr_219999522
알펜시아명문,2026-09-19,11:14,170000,golfpang,,,18홀,tr_219999523
웰리힐리,2026-09-19,13:22,190000,golfpang,,,18홀,tr_218796051
웰리힐리,2026-09-19,09:02,190000,golfpang,,,18홀,tr_218796049
웰리힐리,2026-09-19,12:02,190000,golfpang,,,18홀,tr_218796050
파인밸리,2026-09-19,06:17,125000,golfpang,,,18홀,tr_219158508
남한강에스파크,2026-09-19,18:28,99000,golfpang,,,18홀,tr_219558413
남한강에스파크,2026-09-19,18:14,99000,golfpang,,,18홀,tr_219558412
벨라45 마스터스,2026-09-19,17:59,115000,golfpang,,,18홀,tr_219558335
벨라45 마스터스,2026-09-19,17:31,115000,golfpang,,,18홀,tr_219558334
벨라스톤,2026-09-19,12:25,169000,golfpang,,,18홀,tr_219989463
벨라스톤,2026-09-19,06:35,159000,golfpang,,,18홀,tr_219989462
벨라스톤,2026-09-19,17:45,100000,golfpang,,,18홀,tr_219989464
안성베네스트(클),2026-09-19,14:06,199000,golfpang,,,18홀,tr_220183273
루트52,2026-09-19,06:45,220000,golfpang,,,18홀,tr_220193136
모카cc,2026-09-19,12:11,145000,golfpang,,,18홀,tr_220201866
모카cc,2026-09-19,08:25,140000,golfpang,,,18홀,tr_220201865
오로라,2026-09-19,07:05,180000,golfpang,,,18홀,tr_220201784
오로라,2026-09-19,12:46,150000,golfpang,,,18홀,tr_220201785
오로라,2026-09-19,18:30,100000,golfpang,,,18홀,tr_220201786
베스트밸리-퍼9,2026-09-19,18:16,130000,golfpang,,,18홀,tr_220201456
베스트밸리-퍼9,2026-09-19,18:09,130000,golfpang,,,18홀,tr_220201455
베스트밸리-퍼9,2026-09-19,18:30,130000,golfpang,,,18홀,tr_220201457
양지파인,2026-09-19,11:51,180000,golfpang,,,18홀,tr_220200671
양지파인,2026-09-19,11:59,180000,golfpang,,,18홀,tr_220200672
남춘천,2026-09-19,06:25,180000,golfpang,,,18홀,tr_220174861
대영베이스,2026-09-19,17:11,105000,golfpang,,,18홀,tr_220150763
용인플라자,2026-09-19,18:13,160000,golfpang,,,18홀,tr_220195558
용인플라자,2026-09-19,17:52,160000,golfpang,,,18홀,tr_220195557
용인플라자,2026-09-19,18:20,160000,golfpang,,,18홀,tr_220195559
안성베네스트(클),2026-09-19,14:13,189000,golfpang,,,18홀,tr_220193294
안성베네스트(클),2026-09-19,14:06,189000,golfpang,,,18홀,tr_220193293
안성베네스트(챌),2026-09-19,14:13,179000,golfpang,,,18홀,tr_220193007
안성베네스트(챌),2026-09-19,14:13,179000,golfpang,,,18홀,tr_220193008
오로라,2026-09-19,06:30,150000,golfpang,,,18홀,tr_220190516
오로라,2026-09-19,17:42,110000,golfpang,,,18홀,tr_220190518
오로라,2026-09-19,13:14,150000,golfpang,,,18홀,tr_220190517
가평베네스트,2026-09-19,13:42,239000,golfpang,,,18홀,tr_220190503
가평베네스트,2026-09-19,11:57,250000,golfpang,,,18홀,tr_220190502
이글몬트,2026-09-19,06:55,200000,golfpang,,,18홀,tr_220190255
이글몬트,2026-09-19,06:55,200000,golfpang,,,18홀,tr_220190256
골프존 안성H,2026-09-19,13:31,190000,golfpang,,,18홀,tr_220184518
골프존 안성H,2026-09-19,13:31,190000,golfpang,,,18홀,tr_220184519
골프존 안성H,2026-09-19,06:51,210000,golfpang,,,18홀,tr_220184517
골프존 화랑,2026-09-19,13:55,131000,golfpang,,,18홀,tr_220184447
골프존 화랑,2026-09-19,06:55,165000,golfpang,,,18홀,tr_220184445
골프존 화랑,2026-09-19,13:55,131000,golfpang,,,18홀,tr_220184446
유니아일랜드,2026-09-19,10:40,200000,golfpang,,,18홀,tr_220184339
유니아일랜드,2026-09-19,05:40,170000,golfpang,,,18홀,tr_220184337
유니아일랜드,2026-09-19,06:43,190000,golfpang,,,18홀,tr_220184338
골프존 안성W,2026-09-19,12:45,170000,golfpang,,,18홀,tr_220183643
골프존 안성W,2026-09-19,07:40,200000,golfpang,,,18홀,tr_220183642
골프존 안성W,2026-09-19,18:52,130000,golfpang,,,18홀,tr_220183644
대호단양,2026-09-19,12:55,179000,golfpang,,,18홀,tr_220182777
대호단양,2026-09-19,16:27,119000,golfpang,,,18홀,tr_220182778
대호단양,2026-09-19,06:00,139000,golfpang,,,18홀,tr_220182776
스프링베일-퍼9,2026-09-19,07:41,115000,golfpang,,,18홀,tr_220182171
스프링베일-퍼9,2026-09-19,12:08,105000,golfpang,,,18홀,tr_220182172
스프링베일-퍼9,2026-09-19,06:52,105000,golfpang,,,18홀,tr_220182170
남양주(퍼9),2026-09-19,12:34,139000,golfpang,,,18홀,tr_220182118
남양주(퍼9),2026-09-19,13:07,139000,golfpang,,,18홀,tr_220182119
남양주(퍼9),2026-09-19,12:20,139000,golfpang,,,18홀,tr_220182117
블랙스톤벨포레,2026-09-19,18:40,70000,golfpang,,,18홀,tr_220181426
블랙스톤벨포레,2026-09-19,18:40,70000,golfpang,,,18홀,tr_220181425
블랙스톤벨포레,2026-09-19,17:44,80000,golfpang,,,18홀,tr_220181424
이천실크밸리,2026-09-19,07:45,195000,golfpang,,,18홀,tr_220180908
이천실크밸리,2026-09-19,18:03,110000,golfpang,,,18홀,tr_220180909
이천실크밸리,2026-09-19,07:17,185000,golfpang,,,18홀,tr_220180907
군산,2026-09-19,07:41,170000,golfpang,,,18홀,tr_220180644
군산,2026-09-19,12:45,170000,golfpang,,,18홀,tr_220180645
마론뉴데이,2026-09-19,11:15,175000,golfpang,,,18홀,tr_220180285
마론뉴데이,2026-09-19,11:15,175000,golfpang,,,18홀,tr_220180286
마론뉴데이,2026-09-19,14:18,175000,golfpang,,,18홀,tr_220180287
해솔리아,2026-09-19,07:24,230000,golfpang,,,18홀,tr_220149693
해솔리아,2026-09-19,06:35,200000,golfpang,,,18홀,tr_220149692
해솔리아,2026-09-19,12:37,180000,golfpang,,,18홀,tr_220149694
샤인데일,2026-09-19,12:55,140000,golfpang,,,18홀,tr_220179598
샤인데일,2026-09-19,12:41,140000,golfpang,,,18홀,tr_220179597
샤인데일,2026-09-19,13:30,130000,golfpang,,,18홀,tr_220179599
남춘천,2026-09-19,14:03,160000,golfpang,,,18홀,tr_220174817
남춘천,2026-09-19,13:49,160000,golfpang,,,18홀,tr_220174816
대영힐스,2026-09-19,13:36,135000,golfpang,,,18홀,tr_220175080
대영힐스,2026-09-19,05:39,110000,golfpang,,,18홀,tr_220175079
대영힐스,2026-09-19,18:41,79000,golfpang,,,18홀,tr_220175081
남춘천,2026-09-19,06:25,180000,golfpang,,,18홀,tr_220175006
남춘천,2026-09-19,06:25,180000,golfpang,,,18홀,tr_220175007
마이다스레이크 이천,2026-09-19,14:10,190000,golfpang,,,18홀,tr_220170215
마이다스레이크 이천,2026-09-19,14:03,190000,golfpang,,,18홀,tr_220170214
푸른솔포천,2026-09-19,07:10,270000,golfpang,,,18홀,tr_220130940
푸른솔포천,2026-09-19,06:07,230000,golfpang,,,18홀,tr_220130939
파주,2026-09-19,05:49,230000,golfpang,,,18홀,tr_220138554
파주,2026-09-19,13:09,250000,golfpang,,,18홀,tr_220138556
파주,2026-09-19,12:48,250000,golfpang,,,18홀,tr_220138555
동서울cc-퍼9,2026-09-19,18:45,65000,golfpang,,,18홀,tr_220033677
동서울cc-퍼9,2026-09-19,18:31,65000,golfpang,,,18홀,tr_220033676
동서울cc-퍼9,2026-09-19,18:17,65000,golfpang,,,18홀,tr_220033675
신라,2026-09-19,13:53,180000,golfpang,,,18홀,tr_220152855
신라,2026-09-19,13:18,180000,golfpang,,,18홀,tr_220152854
신라,2026-09-19,13:53,180000,golfpang,,,18홀,tr_220152856
알프스대영,2026-09-19,12:03,105000,golfpang,,,18홀,tr_220150673
알프스대영,2026-09-19,18:25,59000,golfpang,,,18홀,tr_220150674
떼제베(동북),2026-09-19,13:28,140000,golfpang,,,18홀,tr_220148727
떼제베(동북),2026-09-19,07:00,120000,golfpang,,,18홀,tr_220148725
떼제베(동북),2026-09-19,07:42,130000,golfpang,,,18홀,tr_220148726
비콘힐스,2026-09-19,18:54,90000,golfpang,,,18홀,tr_220014748
비콘힐스,2026-09-19,18:47,90000,golfpang,,,18홀,tr_220014747
비콘힐스,2026-09-19,18:40,90000,golfpang,,,18홀,tr_220014746
샤인데일,2026-09-19,08:12,200000,golfpang,,,18홀,tr_220115551
파주타이거,2026-09-19,18:11,190000,golfpang,,,18홀,tr_220149911
파주타이거,2026-09-19,17:41,190000,golfpang,,,18홀,tr_220149910
떼제베,2026-09-19,07:14,160000,golfpang,,,18홀,tr_220148387
떼제베,2026-09-19,13:00,150000,golfpang,,,18홀,tr_220148388
떼제베,2026-09-19,06:39,140000,golfpang,,,18홀,tr_220148386
감곡,2026-09-19,13:42,160000,golfpang,,,18홀,tr_220148998
감곡,2026-09-19,18:41,120000,golfpang,,,18홀,tr_220149000
감곡,2026-09-19,14:03,160000,golfpang,,,18홀,tr_220148999
한림광릉,2026-09-19,17:52,150000,golfpang,,,18홀,tr_220149772
한림광릉,2026-09-19,17:24,150000,golfpang,,,18홀,tr_220149770
한림광릉,2026-09-19,17:31,150000,golfpang,,,18홀,tr_220149771
골프존 송도(구.오렌지듄스),2026-09-19,06:19,229000,golfpang,,,18홀,tr_220149729
골프클럽Q,2026-09-19,17:41,130000,golfpang,,,18홀,tr_220149379
골프클럽Q,2026-09-19,13:29,170000,golfpang,,,18홀,tr_220149265
이글몬트,2026-09-19,06:55,200000,golfpang,,,18홀,tr_220149189
골프클럽Q,2026-09-19,06:29,210000,golfpang,,,18홀,tr_220149144
블랙스톤벨포레,2026-09-19,17:44,80000,golfpang,,,18홀,tr_220149079
블랙스톤벨포레,2026-09-19,17:58,80000,golfpang,,,18홀,tr_220149080
블랙스톤벨포레,2026-09-19,18:40,70000,golfpang,,,18홀,tr_220149081
이글몬트,2026-09-19,07:37,200000,golfpang,,,18홀,tr_220128638
이글몬트,2026-09-19,14:00,170000,golfpang,,,18홀,tr_220128639
양지파인,2026-09-19,13:21,170000,golfpang,,,18홀,tr_220011815
알펜시아700,2026-09-19,13:45,130000,golfpang,,,18홀,tr_219871323
알펜시아700,2026-09-19,12:49,140000,golfpang,,,18홀,tr_219871322
알펜시아700,2026-09-19,14:13,130000,golfpang,,,18홀,tr_219871324
백제,2026-09-19,13:47,140000,golfpang,,,18홀,tr_220037943
스프링베일-퍼9,2026-09-19,17:15,90000,golfpang,,,18홀,tr_220142362
스프링베일-퍼9,2026-09-19,06:59,105000,golfpang,,,18홀,tr_220142360
스프링베일-퍼9,2026-09-19,12:08,105000,golfpang,,,18홀,tr_220142361
스프링베일-퍼9,2026-09-19,12:29,105000,golfpang,,,18홀,tr_220139413
스프링베일-퍼9,2026-09-19,07:41,115000,golfpang,,,18홀,tr_220139412
스프링베일-퍼9,2026-09-19,06:52,105000,golfpang,,,18홀,tr_220139411
양지파인,2026-09-19,12:51,170000,golfpang,,,18홀,tr_220139210
양지파인,2026-09-19,12:21,180000,golfpang,,,18홀,tr_220139209
서원힐스,2026-09-19,05:39,250000,golfpang,,,18홀,tr_220130966
남춘천,2026-09-19,06:53,210000,golfpang,,,18홀,tr_220130925
남춘천,2026-09-19,12:13,180000,golfpang,,,18홀,tr_220130926
베스트밸리-퍼9,2026-09-19,17:55,130000,golfpang,,,18홀,tr_220130906
베스트밸리-퍼9,2026-09-19,16:59,140000,golfpang,,,18홀,tr_220130905
베스트밸리-퍼9,2026-09-19,18:16,130000,golfpang,,,18홀,tr_220130907
오너스,2026-09-19,13:57,145000,golfpang,,,18홀,tr_219785153
로얄링스,2026-09-19,11:45,120000,golfpang,,,18홀,tr_219621870
오너스,2026-09-19,08:28,175000,golfpang,,,18홀,tr_219870659
골프존 진천,2026-09-19,06:42,181000,golfpang,,,18홀,tr_220130128
골프존 진천,2026-09-19,07:03,194000,golfpang,,,18홀,tr_220130129
골프존 진천,2026-09-19,12:32,161000,golfpang,,,18홀,tr_220130130
스프링베일-퍼9,2026-09-19,07:41,115000,golfpang,,,18홀,tr_220129338
스프링베일-퍼9,2026-09-19,12:29,105000,golfpang,,,18홀,tr_220129339
스프링베일-퍼9,2026-09-19,06:52,105000,golfpang,,,18홀,tr_220129337
골든베이,2026-09-19,06:51,150000,golfpang,,,18홀,tr_220128996
골든베이,2026-09-19,13:45,150000,golfpang,,,18홀,tr_220128997
남양주(퍼9),2026-09-19,12:34,139000,golfpang,,,18홀,tr_220128874
남양주(퍼9),2026-09-19,12:54,139000,golfpang,,,18홀,tr_220128876
남양주(퍼9),2026-09-19,13:07,139000,golfpang,,,18홀,tr_220128875
플라밍고,2026-09-19,08:12,190000,golfpang,,,18홀,tr_220128616
플라밍고,2026-09-19,13:25,170000,golfpang,,,18홀,tr_220128618
플라밍고,2026-09-19,12:15,180000,golfpang,,,18홀,tr_220128617
파크밸리,2026-09-19,07:10,179000,golfpang,,,18홀,tr_219860593
파크밸리,2026-09-19,13:35,149000,golfpang,,,18홀,tr_219840198
오너스,2026-09-19,08:35,180000,golfpang,,,18홀,tr_220128358
오너스,2026-09-19,08:00,180000,golfpang,,,18홀,tr_220128357
감곡,2026-09-19,13:07,170000,golfpang,,,18홀,tr_220128173
제이퍼블릭,2026-09-19,18:55,75000,golfpang,,,18홀,tr_220127225
제이퍼블릭,2026-09-19,09:56,95000,golfpang,,,18홀,tr_220127118
일레븐,2026-09-19,17:45,80000,golfpang,,,18홀,tr_220127067
일레븐,2026-09-19,17:17,80000,golfpang,,,18홀,tr_220127066
골프존 화랑,2026-09-19,08:33,185000,golfpang,,,18홀,tr_220126992
골프존 화랑,2026-09-19,07:51,175000,golfpang,,,18홀,tr_220126991
골프존 화랑,2026-09-19,06:55,165000,golfpang,,,18홀,tr_220126990
비에이비스타,2026-09-19,06:29,210000,golfpang,,,18홀,tr_219781904
비에이비스타,2026-09-19,14:00,170000,golfpang,,,18홀,tr_219781879
떼제베(동북),2026-09-19,07:00,120000,golfpang,,,18홀,tr_220126010
떼제베(동북),2026-09-19,18:02,110000,golfpang,,,18홀,tr_220126012
떼제베(동북),2026-09-19,13:28,140000,golfpang,,,18홀,tr_220126011
플라밍고,2026-09-19,17:14,150000,golfpang,,,18홀,tr_220125319
플라밍고,2026-09-19,13:25,170000,golfpang,,,18홀,tr_220125318
플라밍고,2026-09-19,08:33,190000,golfpang,,,18홀,tr_220125317
더플레이어스,2026-09-19,07:16,190000,golfpang,,,18홀,tr_220125171
더플레이어스,2026-09-19,13:05,160000,golfpang,,,18홀,tr_220125172
남춘천,2026-09-19,06:53,210000,golfpang,,,18홀,tr_220124341
남춘천,2026-09-19,08:50,220000,golfpang,,,18홀,tr_220124342
감곡,2026-09-19,13:42,160000,golfpang,,,18홀,tr_220121674
감곡,2026-09-19,18:41,120000,golfpang,,,18홀,tr_220121675
감곡,2026-09-19,18:48,120000,golfpang,,,18홀,tr_220121676
파주타이거,2026-09-19,18:11,190000,golfpang,,,18홀,tr_220071009
파주타이거,2026-09-19,18:17,190000,golfpang,,,18홀,tr_220071010
파주타이거,2026-09-19,17:47,190000,golfpang,,,18홀,tr_220071008
골프존 송도(구.오렌지듄스),2026-09-19,13:36,219000,golfpang,,,18홀,tr_220086866
골프존 송도(구.오렌지듄스),2026-09-19,13:36,219000,golfpang,,,18홀,tr_220086868
골프존 송도(구.오렌지듄스),2026-09-19,13:36,219000,golfpang,,,18홀,tr_220086867
360도,2026-09-19,12:15,180000,golfpang,,,18홀,tr_220038474
360도,2026-09-19,06:30,180000,golfpang,,,18홀,tr_220038475
프린세스,2026-09-19,13:14,165000,golfpang,,,18홀,tr_220118527
프린세스,2026-09-19,08:12,175000,golfpang,,,18홀,tr_220118526
프린세스,2026-09-19,18:02,115000,golfpang,,,18홀,tr_220118528
이천실크밸리,2026-09-19,12:21,155000,golfpang,,,18홀,tr_220117939
이천실크밸리,2026-09-19,17:49,120000,golfpang,,,18홀,tr_220117940
이천실크밸리,2026-09-19,07:17,185000,golfpang,,,18홀,tr_220117938
골프존 화랑,2026-09-19,07:58,175000,golfpang,,,18홀,tr_220107143
골프존 화랑,2026-09-19,06:55,165000,golfpang,,,18홀,tr_220107142
골프존 화랑,2026-09-19,13:41,131000,golfpang,,,18홀,tr_220107144
골프존 송도(구.오렌지듄스),2026-09-19,18:38,159000,golfpang,,,18홀,tr_220106026
일레븐,2026-09-19,11:53,125000,golfpang,,,18홀,tr_220046443
일레븐,2026-09-19,12:42,125000,golfpang,,,18홀,tr_220046444
일레븐,2026-09-19,17:44,80000,golfpang,,,18홀,tr_220046445
파인밸리,2026-09-19,06:24,125000,golfpang,,,18홀,tr_220103902
파인밸리,2026-09-19,06:17,125000,golfpang,,,18홀,tr_220103901
웰리힐리,2026-09-19,13:38,190000,golfpang,,,18홀,tr_220103212
웰리힐리,2026-09-19,07:34,190000,golfpang,,,18홀,tr_220103210
웰리힐리,2026-09-19,12:06,190000,golfpang,,,18홀,tr_220103211
오너스,2026-09-19,12:54,149000,golfpang,,,18홀,tr_219620593
오너스,2026-09-19,13:15,145000,golfpang,,,18홀,tr_219620622
에델바이스(가명),2026-09-19,07:17,180000,golfpang,,,18홀,tr_219798496
비콘힐스,2026-09-19,17:30,90000,golfpang,,,18홀,tr_220097904
비콘힐스,2026-09-19,17:30,90000,golfpang,,,18홀,tr_220097903
비콘힐스,2026-09-19,17:30,90000,golfpang,,,18홀,tr_220097905
마론뉴데이,2026-09-19,14:18,150000,golfpang,,,18홀,tr_220095371
마론뉴데이,2026-09-19,11:15,155000,golfpang,,,18홀,tr_220095364
남춘천,2026-09-19,12:06,180000,golfpang,,,18홀,tr_220095176
남춘천,2026-09-19,13:49,170000,golfpang,,,18홀,tr_220095177
옥스필드,2026-09-19,06:46,119000,golfpang,,,18홀,tr_220033390
옥스필드,2026-09-19,07:35,139000,golfpang,,,18홀,tr_220033391
옥스필드,2026-09-19,11:17,149000,golfpang,,,18홀,tr_220033392
아세코밸리-퍼9,2026-09-19,06:12,140000,golfpang,,,18홀,tr_220087392
아세코밸리-퍼9,2026-09-19,17:38,110000,golfpang,,,18홀,tr_220087394
아세코밸리-퍼9,2026-09-19,17:17,110000,golfpang,,,18홀,tr_220087393
포웰(안성)cc,2026-09-19,19:49,105000,golfpang,,,18홀,tr_220087180
포웰(안성)cc,2026-09-19,06:04,182000,golfpang,,,18홀,tr_220087178
포웰(안성)cc,2026-09-19,07:21,192000,golfpang,,,18홀,tr_220087179
클럽72-오션,2026-09-19,06:16,330000,golfpang,,,18홀,tr_220087046
클럽72-오션,2026-09-19,06:44,350000,golfpang,,,18홀,tr_220087047
클럽72,2026-09-19,08:13,270000,golfpang,,,18홀,tr_220086929
클럽72,2026-09-19,07:17,260000,golfpang,,,18홀,tr_220086928
클럽72,2026-09-19,18:18,150000,golfpang,,,18홀,tr_220086930
유니아일랜드,2026-09-19,10:40,200000,golfpang,,,18홀,tr_219952622
유니아일랜드,2026-09-19,07:11,200000,golfpang,,,18홀,tr_219952621
유니아일랜드,2026-09-19,06:43,190000,golfpang,,,18홀,tr_219952620
베뉴지,2026-09-19,13:16,165000,golfpang,,,18홀,tr_220086347
베뉴지,2026-09-19,13:23,165000,golfpang,,,18홀,tr_220086348
용인,2026-09-19,07:55,180000,golfpang,,,18홀,tr_220086224
베스트밸리-퍼9,2026-09-19,18:02,130000,golfpang,,,18홀,tr_220085708
베스트밸리-퍼9,2026-09-19,18:02,130000,golfpang,,,18홀,tr_220085709
베뉴지,2026-09-19,13:09,165000,golfpang,,,18홀,tr_220070123
베스트밸리-퍼9,2026-09-19,18:02,130000,golfpang,,,18홀,tr_220085707
모카cc,2026-09-19,08:04,169000,golfpang,,,18홀,tr_220085162
모카cc,2026-09-19,08:18,169000,golfpang,,,18홀,tr_220085163
진천(비공개),2026-09-19,13:26,180000,golfpang,,,18홀,tr_220085116
골프존 안성H,2026-09-19,14:20,190000,golfpang,,,18홀,tr_220085055
골프존 안성H,2026-09-19,13:38,190000,golfpang,,,18홀,tr_220085054
골프존 안성H,2026-09-19,06:51,210000,golfpang,,,18홀,tr_220085053
일레븐,2026-09-19,18:12,105000,golfpang,,,18홀,tr_220084833
일레븐,2026-09-19,18:26,105000,golfpang,,,18홀,tr_220084834
일레븐,2026-09-19,18:05,105000,golfpang,,,18홀,tr_220084832
중원,2026-09-19,07:25,160000,golfpang,,,18홀,tr_220084602
중원,2026-09-19,14:15,140000,golfpang,,,18홀,tr_220084603
오로라,2026-09-19,12:39,170000,golfpang,,,18홀,tr_219871709
오로라,2026-09-19,13:07,160000,golfpang,,,18홀,tr_219871710
오로라,2026-09-19,06:44,170000,golfpang,,,18홀,tr_219871708
필로스,2026-09-19,18:27,140000,golfpang,,,18홀,tr_220070580
필로스,2026-09-19,18:27,140000,golfpang,,,18홀,tr_220070581
필로스,2026-09-19,18:20,140000,golfpang,,,18홀,tr_220070579
베뉴지,2026-09-19,13:09,165000,golfpang,,,18홀,tr_220070121
양지파인,2026-09-19,06:30,210000,golfpang,,,18홀,tr_220034609
양지파인,2026-09-19,11:59,190000,golfpang,,,18홀,tr_220034610
그린힐,2026-09-19,18:59,110000,golfpang,,,18홀,tr_220035005
아세코밸리-퍼9,2026-09-19,17:31,110000,golfpang,,,18홀,tr_219996548
임페리얼레이크,2026-09-19,17:26,109000,golfpang,,,18홀,tr_219997922
알펜시아700,2026-09-19,17:23,80000,golfpang,,,18홀,tr_219813443
아세코밸리-퍼9,2026-09-19,17:17,110000,golfpang,,,18홀,tr_219996547
알프스대영,2026-09-19,17:15,79000,golfpang,,,18홀,tr_219997996
보령베이스-퍼9,2026-09-19,16:48,79000,golfpang,,,18홀,tr_219646980
이천실크밸리,2026-09-19,18:03,110000,golfpang,,,18홀,tr_219936083
모나크,2026-09-19,18:02,110000,golfpang,,,18홀,tr_219642416
떼제베,2026-09-19,18:02,130000,golfpang,,,18홀,tr_220032959
블랙스톤벨포레,2026-09-19,17:58,80000,golfpang,,,18홀,tr_219792996
클럽72,2026-09-19,17:50,150000,golfpang,,,18홀,tr_219997011
이천실크밸리,2026-09-19,17:49,120000,golfpang,,,18홀,tr_219936082
세현,2026-09-19,17:48,180000,golfpang,,,18홀,tr_219995871
솔트베이,2026-09-19,17:47,199000,golfpang,,,18홀,tr_219588183
벨라스톤,2026-09-19,17:45,100000,golfpang,,,18홀,tr_219821000
블랙스톤벨포레,2026-09-19,17:44,80000,golfpang,,,18홀,tr_219792995
빅토리아-퍼9,2026-09-19,17:38,99000,golfpang,,,18홀,tr_219995771
솔트베이,2026-09-19,18:43,189000,golfpang,,,18홀,tr_219588184
블랙스톤벨포레,2026-09-19,18:40,70000,golfpang,,,18홀,tr_219792997
비콘힐스,2026-09-19,18:40,90000,golfpang,,,18홀,tr_219880822
빅토리아-퍼9,2026-09-19,18:34,99000,golfpang,,,18홀,tr_219995773
한원,2026-09-19,18:31,-1,golfpang,,,18홀,tr_219817527
세현,2026-09-19,18:30,170000,golfpang,,,18홀,tr_219995872
필로스,2026-09-19,18:20,140000,golfpang,,,18홀,tr_219957251
골프존 화랑,2026-09-19,18:14,99000,golfpang,,,18홀,tr_219796984
벨라스톤,2026-09-19,18:13,100000,golfpang,,,18홀,tr_219821001
한원,2026-09-19,18:10,-1,golfpang,,,18홀,tr_219817526
빅토리아-퍼9,2026-09-19,18:06,99000,golfpang,,,18홀,tr_219995772
아세코밸리-퍼9,2026-09-19,18:06,110000,golfpang,,,18홀,tr_219996549
그린힐,2026-09-19,19:06,100000,golfpang,,,18홀,tr_220035006
비콘힐스,2026-09-19,19:01,90000,golfpang,,,18홀,tr_219880823
그린힐,2026-09-19,17:35,140000,golfpang,,,18홀,tr_220035004
골프존 안성W,2026-09-19,18:52,130000,golfpang,,,18홀,tr_220007539
힐데스하임,2026-09-19,12:49,150000,golfpang,,,18홀,tr_220032320
자유로,2026-09-19,14:05,210000,golfpang,,,18홀,tr_220036338
자유로,2026-09-19,14:05,210000,golfpang,,,18홀,tr_220036339
한림용인,2026-09-19,13:25,190000,golfpang,,,18홀,tr_220035814
한림용인,2026-09-19,13:25,190000,golfpang,,,18홀,tr_220035815
한림용인,2026-09-19,13:25,190000,golfpang,,,18홀,tr_220035813
힐데스하임,2026-09-19,12:49,150000,golfpang,,,18홀,tr_220032319
히든밸리,2026-09-19,12:16,180000,golfpang,,,18홀,tr_220034732
히든밸리,2026-09-19,06:28,190000,golfpang,,,18홀,tr_220034731
힐데스하임,2026-09-19,07:22,165000,golfpang,,,18홀,tr_220032318
포웰(안성)cc,2026-09-19,13:57,152000,golfpang,,,18홀,tr_220056345
한림용인,2026-09-19,17:38,158000,golfpang,,,18홀,tr_220056236
옥스필드,2026-09-19,17:19,79000,golfpang,,,18홀,tr_220055823
옥스필드,2026-09-19,13:30,99000,golfpang,,,18홀,tr_220055822
옥스필드,2026-09-19,06:25,99000,golfpang,,,18홀,tr_220055821
벨라스톤,2026-09-19,06:35,159000,golfpang,,,18홀,tr_220007557
벨라스톤,2026-09-19,18:06,100000,golfpang,,,18홀,tr_220007559
벨라스톤,2026-09-19,17:45,100000,golfpang,,,18홀,tr_220007558
알프스대영,2026-09-19,12:52,109000,golfpang,,,18홀,tr_220049393
알프스대영,2026-09-19,17:57,69000,golfpang,,,18홀,tr_220049394
알프스대영,2026-09-19,12:17,115000,golfpang,,,18홀,tr_220049392
중원,2026-09-19,07:25,160000,golfpang,,,18홀,tr_220049108
중원,2026-09-19,12:58,150000,golfpang,,,18홀,tr_220049109
남양주(퍼9),2026-09-19,12:14,149000,golfpang,,,18홀,tr_220038611
남양주(퍼9),2026-09-19,13:07,149000,golfpang,,,18홀,tr_220038613
남양주(퍼9),2026-09-19,12:34,149000,golfpang,,,18홀,tr_220038612
올데이,2026-09-19,07:42,119000,golfpang,,,18홀,tr_220038029
올데이,2026-09-19,11:52,119000,golfpang,,,18홀,tr_220038030
올데이,2026-09-19,07:28,119000,golfpang,,,18홀,tr_220038028
모카cc,2026-09-19,14:10,140000,golfpang,,,18홀,tr_220012901
스타,2026-09-19,18:24,110000,golfpang,,,18홀,tr_220026550
스타,2026-09-19,18:24,110000,golfpang,,,18홀,tr_220026551
스타,2026-09-19,18:31,110000,golfpang,,,18홀,tr_220026552
모카cc,2026-09-19,14:17,140000,golfpang,,,18홀,tr_220012902
알펜시아명문,2026-09-19,11:14,170000,golfpang,,,18홀,tr_220036802
알펜시아명문,2026-09-19,06:42,100000,golfpang,,,18홀,tr_220036801
알펜시아명문,2026-09-19,13:13,170000,golfpang,,,18홀,tr_220036803
킹즈락,2026-09-19,13:25,135000,golfpang,,,18홀,tr_220036614
킹즈락,2026-09-19,12:43,145000,golfpang,,,18홀,tr_220036613
킹즈락,2026-09-19,06:45,140000,golfpang,,,18홀,tr_220036612
알펜시아700,2026-09-19,18:19,70000,golfpang,,,18홀,tr_220035893
알펜시아700,2026-09-19,17:30,80000,golfpang,,,18홀,tr_220035892
알펜시아700,2026-09-19,13:45,130000,golfpang,,,18홀,tr_220035891
골프존 안성W,2026-09-19,07:40,200000,golfpang,,,18홀,tr_220012243
골프존 안성W,2026-09-19,06:51,200000,golfpang,,,18홀,tr_220012241
골프존 안성W,2026-09-19,07:33,200000,golfpang,,,18홀,tr_220012242
스타,2026-09-19,13:02,180000,golfpang,,,18홀,tr_220033536
스타,2026-09-19,06:23,180000,golfpang,,,18홀,tr_220033535
스타,2026-09-19,17:56,120000,golfpang,,,18홀,tr_220033537
이븐데일,2026-09-19,06:46,109000,golfpang,,,18홀,tr_219952210
이븐데일,2026-09-19,08:09,130000,golfpang,,,18홀,tr_219952212
이븐데일,2026-09-19,07:20,115000,golfpang,,,18홀,tr_219952211
동촌,2026-09-19,07:23,190000,golfpang,,,18홀,tr_220011451
동촌,2026-09-19,06:48,170000,golfpang,,,18홀,tr_220011450
센테리움,2026-09-19,06:46,169000,golfpang,,,18홀,tr_220029493
센테리움,2026-09-19,13:25,159000,golfpang,,,18홀,tr_220029494
파인비치,2026-09-19,12:31,162000,golfpang,,,18홀,tr_220029399
파인비치,2026-09-19,11:31,162000,golfpang,,,18홀,tr_220029356
벨라스톤,2026-09-19,18:06,100000,golfpang,,,18홀,tr_220026330
벨라스톤,2026-09-19,17:45,100000,golfpang,,,18홀,tr_220026329
벨라스톤,2026-09-19,06:35,159000,golfpang,,,18홀,tr_220026328
여주,2026-09-19,13:39,240000,golfpang,,,18홀,tr_220023521
여주,2026-09-19,06:30,270000,golfpang,,,18홀,tr_220023520
라싸,2026-09-19,17:46,149000,golfpang,,,18홀,tr_220015580
라싸,2026-09-19,18:35,139000,golfpang,,,18홀,tr_220015582
라싸,2026-09-19,17:53,149000,golfpang,,,18홀,tr_220015581
여주,2026-09-19,14:00,240000,golfpang,,,18홀,tr_220015457
여주,2026-09-19,14:07,240000,golfpang,,,18홀,tr_220015456
모카cc,2026-09-19,13:35,139000,golfpang,,,18홀,tr_220013578
모카cc,2026-09-19,08:46,169000,golfpang,,,18홀,tr_220013577
동촌,2026-09-19,06:55,170000,golfpang,,,18홀,tr_220013393
동촌,2026-09-19,07:23,190000,golfpang,,,18홀,tr_220013394
백제,2026-09-19,14:15,140000,golfpang,,,18홀,tr_220011694
백제,2026-09-19,13:54,140000,golfpang,,,18홀,tr_220011693
백제,2026-09-19,13:54,140000,golfpang,,,18홀,tr_220011456
백제,2026-09-19,13:54,140000,golfpang,,,18홀,tr_220011457
클럽D 거창,2026-09-19,07:30,90000,golfpang,,,18홀,tr_220011257
클럽D 거창,2026-09-19,06:55,80000,golfpang,,,18홀,tr_220011256
동서울cc-퍼9,2026-09-19,08:44,89000,golfpang,,,18홀,tr_220011177
동서울cc-퍼9,2026-09-19,13:59,79000,golfpang,,,18홀,tr_220011178
동서울cc-퍼9,2026-09-19,18:03,65000,golfpang,,,18홀,tr_220011179
벨라45 마스터스,2026-09-19,17:52,115000,golfpang,,,18홀,tr_220011028
벨라45 마스터스,2026-09-19,17:45,115000,golfpang,,,18홀,tr_220011027
벨라45 마스터스,2026-09-19,17:59,115000,golfpang,,,18홀,tr_220011029
솔모로,2026-09-19,12:53,190000,golfpang,,,18홀,tr_220010735
솔모로,2026-09-19,13:42,190000,golfpang,,,18홀,tr_220010736
안성베네스트(챌),2026-09-19,14:13,189000,golfpang,,,18홀,tr_220010044
안성베네스트(챌),2026-09-19,14:13,189000,golfpang,,,18홀,tr_220010043
동강시스타,2026-09-19,13:00,110000,golfpang,,,18홀,tr_220009948
동강시스타,2026-09-19,17:24,80000,golfpang,,,18홀,tr_220009949
동강시스타,2026-09-19,06:58,110000,golfpang,,,18홀,tr_220009947
안성베네스트(클),2026-09-19,14:06,199000,golfpang,,,18홀,tr_220009845
안성베네스트(클),2026-09-19,14:06,199000,golfpang,,,18홀,tr_220009844
동촌,2026-09-19,06:55,170000,golfpang,,,18홀,tr_220008911
동촌,2026-09-19,06:55,170000,golfpang,,,18홀,tr_220008912
골프존 진천,2026-09-19,13:07,156000,golfpang,,,18홀,tr_220003689
유니아일랜드,2026-09-19,10:40,200000,golfpang,,,18홀,tr_219935254
유니아일랜드,2026-09-19,07:11,200000,golfpang,,,18홀,tr_219935253
유니아일랜드,2026-09-19,16:52,130000,golfpang,,,18홀,tr_219935255
스카이밸리,2026-09-19,13:32,200000,golfpang,,,18홀,tr_220000004
블랙스톤벨포레,2026-09-19,13:20,110000,golfpang,,,18홀,tr_220000003
블랙스톤벨포레,2026-09-19,18:12,70000,golfpang,,,18홀,tr_220000002
필로스,2026-09-19,18:07,140000,golfpang,,,18홀,tr_219999998
로얄링스,2026-09-19,13:02,120000,golfpang,,,18홀,tr_219999992
신라,2026-09-19,12:22,200000,golfpang,,,18홀,tr_219999991
골프존 화랑,2026-09-19,17:46,119000,golfpang,,,18홀,tr_219999985
떼제베,2026-09-19,12:25,150000,golfpang,,,18홀,tr_219993302
떼제베,2026-09-19,07:07,150000,golfpang,,,18홀,tr_219993301
떼제베,2026-09-19,18:03,130000,golfpang,,,18홀,tr_219993303
알펜시아명문,2026-09-19,11:14,170000,golfpang,,,18홀,tr_219772186
웰리힐리,2026-09-19,10:54,190000,golfpang,,,18홀,tr_218564474
동서울cc-퍼9,2026-09-19,08:09,99000,golfpang,,,18홀,tr_219329890
알펜시아700,2026-09-19,12:49,140000,golfpang,,,18홀,tr_219772283
동강시스타,2026-09-19,08:22,120000,golfpang,,,18홀,tr_217261279
알펜시아700,2026-09-19,08:25,130000,golfpang,,,18홀,tr_219772282
웰리힐리,2026-09-19,12:26,190000,golfpang,,,18홀,tr_218564476
알펜시아700,2026-09-19,13:45,130000,golfpang,,,18홀,tr_219772284
알펜시아명문,2026-09-19,07:24,130000,golfpang,,,18홀,tr_219772185
벨라스톤,2026-09-19,06:35,160000,golfpang,,,18홀,tr_219445018
대호단양,2026-09-19,06:14,149000,golfpang,,,18홀,tr_219777422
빅토리아-퍼9,2026-09-19,12:31,119000,golfpang,,,18홀,tr_219153721
포웰(안성)cc,2026-09-19,12:54,182000,golfpang,,,18홀,tr_219891633
레인보우힐스,2026-09-19,13:04,255000,golfpang,,,18홀,tr_219330506
레인보우힐스,2026-09-19,13:28,255000,golfpang,,,18홀,tr_219330507
포웰(안성)cc,2026-09-19,13:57,172000,golfpang,,,18홀,tr_219891634
용인,2026-09-19,10:43,160000,golfpang,,,18홀,tr_218818822
빅토리아-퍼9,2026-09-19,17:38,99000,golfpang,,,18홀,tr_219153722
포웰(안성)cc,2026-09-19,12:19,192000,golfpang,,,18홀,tr_219891632
빅토리아-퍼9,2026-09-19,12:10,119000,golfpang,,,18홀,tr_219153720
용인플라자,2026-09-19,18:05,160000,golfpang,,,18홀,tr_219529292
용인플라자,2026-09-19,17:45,160000,golfpang,,,18홀,tr_219529291
용인,2026-09-19,11:18,160000,golfpang,,,18홀,tr_218818825
용인플라자,2026-09-19,17:24,160000,golfpang,,,18홀,tr_219529293
더플레이어스,2026-09-19,13:05,160000,golfpang,,,18홀,tr_219991286
더플레이어스,2026-09-19,13:19,160000,golfpang,,,18홀,tr_219991287
몽베르(대중제),2026-09-19,18:03,140000,golfpang,,,18홀,tr_219989390
몽베르(대중제),2026-09-19,17:28,150000,golfpang,,,18홀,tr_219989357
동촌,2026-09-19,06:48,180000,golfpang,,,18홀,tr_219989287
동촌,2026-09-19,12:58,180000,golfpang,,,18홀,tr_219989288
스타,2026-09-19,18:45,110000,golfpang,,,18홀,tr_219988418
스타,2026-09-19,13:02,180000,golfpang,,,18홀,tr_219988416
스타,2026-09-19,17:56,120000,golfpang,,,18홀,tr_219988417
속리산cc,2026-09-19,08:25,140000,golfpang,,,18홀,tr_219970826
속리산cc,2026-09-19,13:04,130000,golfpang,,,18홀,tr_219970827
유니아일랜드,2026-09-19,06:43,190000,golfpang,,,18홀,tr_219968994
유니아일랜드,2026-09-19,16:52,130000,golfpang,,,18홀,tr_219968996
유니아일랜드,2026-09-19,11:22,200000,golfpang,,,18홀,tr_219968995
한림안성(퍼9),2026-09-19,06:21,140000,golfpang,,,18홀,tr_219962105
힐데스하임,2026-09-19,06:22,155000,golfpang,,,18홀,tr_219938792
힐데스하임,2026-09-19,07:22,170000,golfpang,,,18홀,tr_219938793
힐데스하임,2026-09-19,12:42,150000,golfpang,,,18홀,tr_219938794
프린세스,2026-09-19,13:14,185000,golfpang,,,18홀,tr_219938666
프린세스,2026-09-19,18:12,185000,golfpang,,,18홀,tr_219938665
프린세스,2026-09-19,08:05,185000,golfpang,,,18홀,tr_219938664
유니아일랜드,2026-09-19,06:43,190000,golfpang,,,18홀,tr_219936966
유니아일랜드,2026-09-19,11:29,200000,golfpang,,,18홀,tr_219936967
유니아일랜드,2026-09-19,16:52,130000,golfpang,,,18홀,tr_219936968
클럽모우,2026-09-19,13:41,180000,golfpang,,,18홀,tr_219936713
클럽모우,2026-09-19,13:55,180000,golfpang,,,18홀,tr_219936714
올데이,2026-09-19,17:26,79000,golfpang,,,18홀,tr_219936679
올데이,2026-09-19,17:19,79000,golfpang,,,18홀,tr_219936678
올데이,2026-09-19,06:53,99000,golfpang,,,18홀,tr_219936677
로얄포레,2026-09-19,12:13,139000,golfpang,,,18홀,tr_219936275
로얄포레,2026-09-19,18:01,89000,golfpang,,,18홀,tr_219936277
로얄포레,2026-09-19,12:48,139000,golfpang,,,18홀,tr_219936276
이천실크밸리,2026-09-19,13:31,155000,golfpang,,,18홀,tr_219913930
이천실크밸리,2026-09-19,13:31,155000,golfpang,,,18홀,tr_219913929
이천실크밸리,2026-09-19,13:31,155000,golfpang,,,18홀,tr_219913931
해솔리아,2026-09-19,17:29,155000,golfpang,,,18홀,tr_219923439
해솔리아,2026-09-19,13:33,180000,golfpang,,,18홀,tr_219923438
해솔리아,2026-09-19,06:56,200000,golfpang,,,18홀,tr_219923437
스마트KU,2026-09-19,14:03,220000,golfpang,,,18홀,tr_219911401
스마트KU,2026-09-19,13:21,220000,golfpang,,,18홀,tr_219911400
로얄포레,2026-09-19,07:21,139000,golfpang,,,18홀,tr_219797878
로얄포레,2026-09-19,11:31,159000,golfpang,,,18홀,tr_219797879
로얄포레,2026-09-19,06:46,149000,golfpang,,,18홀,tr_219797877
보령베이스-퍼9,2026-09-19,12:10,89000,golfpang,,,18홀,tr_219797327
보령베이스-퍼9,2026-09-19,17:30,69000,golfpang,,,18홀,tr_219797328
보령베이스-퍼9,2026-09-19,06:08,69000,golfpang,,,18홀,tr_219797326
한림광릉,2026-09-19,06:59,230000,golfpang,,,18홀,tr_219900601
한림광릉,2026-09-19,13:51,190000,golfpang,,,18홀,tr_219900602
양평TPC,2026-09-19,12:40,180000,golfpang,,,18홀,tr_219892354
양평TPC,2026-09-19,12:05,180000,golfpang,,,18홀,tr_219892353
서산수,2026-09-19,13:50,180000,golfpang,,,18홀,tr_219810625
백제,2026-09-19,13:47,140000,golfpang,,,18홀,tr_219822582
백제,2026-09-19,14:01,140000,golfpang,,,18홀,tr_219822583
알펜시아700,2026-09-19,17:23,80000,golfpang,,,18홀,tr_219888797
알펜시아700,2026-09-19,18:05,70000,golfpang,,,18홀,tr_219888798
알펜시아700,2026-09-19,12:49,140000,golfpang,,,18홀,tr_219888796
중원,2026-09-19,08:21,170000,golfpang,,,18홀,tr_219881148
중원,2026-09-19,13:47,140000,golfpang,,,18홀,tr_219881149
용인(비공개),2026-09-19,06:04,250000,golfpang,,,18홀,tr_219872196
용인(비공개),2026-09-19,18:24,150000,golfpang,,,18홀,tr_219872198
용인(비공개),2026-09-19,13:45,239000,golfpang,,,18홀,tr_219872197
솔라고,2026-09-19,11:50,180000,golfpang,,,18홀,tr_219806457
리베라,2026-09-19,14:17,240000,golfpang,,,18홀,tr_219870866
리베라,2026-09-19,19:06,140000,golfpang,,,18홀,tr_219870867
알펜시아명문,2026-09-19,06:35,100000,golfpang,,,18홀,tr_219870409
알펜시아명문,2026-09-19,07:24,120000,golfpang,,,18홀,tr_219870410
알펜시아명문,2026-09-19,08:20,150000,golfpang,,,18홀,tr_219870411
임페리얼레이크,2026-09-19,11:24,159000,golfpang,,,18홀,tr_219807525
임페리얼레이크,2026-09-19,07:42,149000,golfpang,,,18홀,tr_219807524
임페리얼레이크,2026-09-19,06:46,149000,golfpang,,,18홀,tr_219807523
비콘힐스,2026-09-19,17:37,95000,golfpang,,,18홀,tr_219843302
오너스,2026-09-19,13:57,145000,golfpang,,,18홀,tr_219820255
오너스,2026-09-19,13:57,145000,golfpang,,,18홀,tr_219820258
백제,2026-09-19,13:47,140000,golfpang,,,18홀,tr_219841537
백제,2026-09-19,13:47,140000,golfpang,,,18홀,tr_219841538
알펜시아명문,2026-09-19,11:14,170000,golfpang,,,18홀,tr_219841729
알펜시아명문,2026-09-19,08:20,140000,golfpang,,,18홀,tr_219841728
알펜시아명문,2026-09-19,07:24,120000,golfpang,,,18홀,tr_219841727
빅토리아-퍼9,2026-09-19,17:38,99000,golfpang,,,18홀,tr_219837228
빅토리아-퍼9,2026-09-19,17:38,99000,golfpang,,,18홀,tr_219837227
빅토리아-퍼9,2026-09-19,17:38,99000,golfpang,,,18홀,tr_219837226
푸른솔포천,2026-09-19,14:02,230000,golfpang,,,18홀,tr_219820931
푸른솔포천,2026-09-19,13:55,230000,golfpang,,,18홀,tr_219820930
크리스밸리,2026-09-19,06:20,200000,golfpang,,,18홀,tr_219770199
크리스밸리,2026-09-19,13:01,180000,golfpang,,,18홀,tr_219770200
벨라스톤,2026-09-19,06:35,159000,golfpang,,,18홀,tr_219820631
벨라스톤,2026-09-19,18:41,100000,golfpang,,,18홀,tr_219820633
벨라스톤,2026-09-19,17:45,100000,golfpang,,,18홀,tr_219820632
필로스,2026-09-19,18:20,140000,golfpang,,,18홀,tr_219732784
필로스,2026-09-19,18:20,140000,golfpang,,,18홀,tr_219732785
필로스,2026-09-19,18:20,140000,golfpang,,,18홀,tr_219732786
스마트KU,2026-09-19,13:56,220000,golfpang,,,18홀,tr_219368334
스마트KU,2026-09-19,13:56,220000,golfpang,,,18홀,tr_219368335
필로스,2026-09-19,18:27,140000,golfpang,,,18홀,tr_219820437
필로스,2026-09-19,18:20,140000,golfpang,,,18홀,tr_219820436
필로스,2026-09-19,18:20,140000,golfpang,,,18홀,tr_219820438
벨라스톤,2026-09-19,06:56,160000,golfpang,,,18홀,tr_219817994
벨라스톤,2026-09-19,06:56,160000,golfpang,,,18홀,tr_219817993
벨라스톤,2026-09-19,06:56,160000,golfpang,,,18홀,tr_219817992
벨라스톤,2026-09-19,17:38,100000,golfpang,,,18홀,tr_219817776
벨라스톤,2026-09-19,18:06,100000,golfpang,,,18홀,tr_219817777
대호단양,2026-09-19,06:42,169000,golfpang,,,18홀,tr_219797482
대호단양,2026-09-19,12:55,179000,golfpang,,,18홀,tr_219797484
대호단양,2026-09-19,07:45,179000,golfpang,,,18홀,tr_219797483
파인스톤,2026-09-19,06:49,240000,golfpang,,,18홀,tr_219816678
파인스톤,2026-09-19,12:41,240000,golfpang,,,18홀,tr_219816680
파인스톤,2026-09-19,11:17,240000,golfpang,,,18홀,tr_219816679
힐데스하임,2026-09-19,07:22,165000,golfpang,,,18홀,tr_219807447
힐데스하임,2026-09-19,12:34,150000,golfpang,,,18홀,tr_219807448
파인스톤,2026-09-19,18:39,150000,golfpang,,,18홀,tr_219717573
리베라,2026-09-19,18:52,140000,golfpang,,,18홀,tr_219717931
리베라,2026-09-19,19:06,140000,golfpang,,,18홀,tr_219717932
베스트밸리-퍼9,2026-09-19,12:07,170000,golfpang,,,18홀,tr_219344587
임페리얼레이크,2026-09-19,12:27,159000,golfpang,,,18홀,tr_219492694
신안(병행),2026-09-19,12:53,170000,golfpang,,,18홀,tr_218738073
골든베이,2026-09-19,13:24,150000,golfpang,,,18홀,tr_219591690
골든베이,2026-09-19,13:52,150000,golfpang,,,18홀,tr_219591691
로얄포레,2026-09-19,06:11,129000,golfpang,,,18홀,tr_219494800
로얄포레,2026-09-19,07:21,149000,golfpang,,,18홀,tr_219494801
솔라고,2026-09-19,11:50,180000,golfpang,,,18홀,tr_219545152
베스트밸리-퍼9,2026-09-19,16:24,140000,golfpang,,,18홀,tr_219344588
로얄포레,2026-09-19,12:06,139000,golfpang,,,18홀,tr_219494802
파인스톤,2026-09-19,16:47,160000,golfpang,,,18홀,tr_219717574
임페리얼레이크,2026-09-19,16:51,119000,golfpang,,,18홀,tr_219492695
베스트밸리-퍼9,2026-09-19,17:34,130000,golfpang,,,18홀,tr_219344589
세레니티cc,2026-09-19,17:59,130000,golfpang,,,18홀,tr_219494933
세레니티cc,2026-09-19,18:06,130000,golfpang,,,18홀,tr_219494934
스톤비치,2026-09-19,13:44,160000,golfpang,,,18홀,tr_219806729
스톤비치,2026-09-19,06:28,130000,golfpang,,,18홀,tr_219806727
스톤비치,2026-09-19,07:38,150000,golfpang,,,18홀,tr_219806728
세레니티cc,2026-09-19,18:13,130000,golfpang,,,18홀,tr_219798902
세레니티cc,2026-09-19,18:34,130000,golfpang,,,18홀,tr_219798903
세레니티cc,2026-09-19,18:06,130000,golfpang,,,18홀,tr_219798901
아난티중앙(야간),2026-09-19,18:02,140000,golfpang,,,18홀,tr_219798698
아난티중앙(야간),2026-09-19,17:53,140000,golfpang,,,18홀,tr_219798697
에델바이스(가명),2026-09-19,13:47,200000,golfpang,,,18홀,tr_219798497
골든베이,2026-09-19,13:38,150000,golfpang,,,18홀,tr_219797435
골든베이,2026-09-19,13:45,150000,golfpang,,,18홀,tr_219797436
골프존 진천,2026-09-19,13:07,175000,golfpang,,,18홀,tr_219796836
벨라스톤,2026-09-19,06:35,160000,golfpang,,,18홀,tr_219794585
솔모로,2026-09-19,13:21,190000,golfpang,,,18홀,tr_219792292
솔모로,2026-09-19,13:35,190000,golfpang,,,18홀,tr_219792293
클럽72-오션,2026-09-19,12:53,300000,golfpang,,,18홀,tr_219791817
신라,2026-09-19,12:57,190000,golfpang,,,18홀,tr_219790627
신라,2026-09-19,13:53,180000,golfpang,,,18홀,tr_219790628
힐데스하임,2026-09-19,06:45,155000,golfpang,,,18홀,tr_219569859
힐데스하임,2026-09-19,12:04,160000,golfpang,,,18홀,tr_219569860
블랙스톤벨포레,2026-09-19,13:55,110000,golfpang,,,18홀,tr_219789905
블랙스톤벨포레,2026-09-19,17:37,80000,golfpang,,,18홀,tr_219789906
블랙스톤벨포레,2026-09-19,18:33,70000,golfpang,,,18홀,tr_219789907
대호단양,2026-09-19,16:20,129000,golfpang,,,18홀,tr_219788172
대호단양,2026-09-19,11:24,179000,golfpang,,,18홀,tr_219788171
대호단양,2026-09-19,07:45,179000,golfpang,,,18홀,tr_219788170
클럽D 거창,2026-09-19,06:55,80000,golfpang,,,18홀,tr_219602018
클럽D 거창,2026-09-19,11:40,95000,golfpang,,,18홀,tr_219602019
블랙스톤벨포레,2026-09-19,12:59,110000,golfpang,,,18홀,tr_219784635
알프스대영,2026-09-19,17:50,69000,golfpang,,,18홀,tr_219779151
알프스대영,2026-09-19,07:01,119000,golfpang,,,18홀,tr_219779149
알프스대영,2026-09-19,13:06,119000,golfpang,,,18홀,tr_219779150
프린세스,2026-09-19,08:12,185000,golfpang,,,18홀,tr_219768403
프린세스,2026-09-19,13:42,170000,golfpang,,,18홀,tr_219768404
프린세스,2026-09-19,17:48,125000,golfpang,,,18홀,tr_219768405
샤인데일,2026-09-19,13:02,140000,golfpang,,,18홀,tr_219767160
샤인데일,2026-09-19,06:20,180000,golfpang,,,18홀,tr_219767159
샤인데일,2026-09-19,17:15,100000,golfpang,,,18홀,tr_219767161
한림용인,2026-09-19,13:04,230000,golfpang,,,18홀,tr_219766614
한림용인,2026-09-19,17:38,160000,golfpang,,,18홀,tr_219766615
한림용인,2026-09-19,06:24,245000,golfpang,,,18홀,tr_219766613
힐데스하임,2026-09-19,06:07,150000,golfpang,,,18홀,tr_219766188
힐데스하임,2026-09-19,18:04,110000,golfpang,,,18홀,tr_219766190
힐데스하임,2026-09-19,13:42,145000,golfpang,,,18홀,tr_219766189
에스앤-퍼9,2026-09-19,16:14,80000,golfpang,,,18홀,tr_219760383
에스앤-퍼9,2026-09-19,07:10,80000,golfpang,,,18홀,tr_219760381
에스앤-퍼9,2026-09-19,12:45,100000,golfpang,,,18홀,tr_219760382
솔라고,2026-09-19,11:50,180000,golfpang,,,18홀,tr_219757840
솔라고,2026-09-19,11:50,180000,golfpang,,,18홀,tr_219757841
속리산cc,2026-09-19,12:57,130000,golfpang,,,18홀,tr_219757685
속리산cc,2026-09-19,12:57,130000,golfpang,,,18홀,tr_219757684
속리산cc,2026-09-19,12:57,130000,golfpang,,,18홀,tr_219757683
센테리움,2026-09-19,06:46,179000,golfpang,,,18홀,tr_219750924
센테리움,2026-09-19,13:32,149000,golfpang,,,18홀,tr_219750925
세레니티cc,2026-09-19,18:06,130000,golfpang,,,18홀,tr_219750433
세레니티cc,2026-09-19,14:09,260000,golfpang,,,18홀,tr_219750432
세레니티cc,2026-09-19,06:58,240000,golfpang,,,18홀,tr_219750431
서산수,2026-09-19,13:57,180000,golfpang,,,18홀,tr_219749834
서산수,2026-09-19,13:57,180000,golfpang,,,18홀,tr_219749835
보령베이스-퍼9,2026-09-19,06:08,69000,golfpang,,,18홀,tr_219749126
보령베이스-퍼9,2026-09-19,12:10,89000,golfpang,,,18홀,tr_219749127
보령베이스-퍼9,2026-09-19,18:12,59000,golfpang,,,18홀,tr_219749128
일레븐,2026-09-19,17:23,80000,golfpang,,,18홀,tr_219747696
일레븐,2026-09-19,08:29,135000,golfpang,,,18홀,tr_219747694
일레븐,2026-09-19,11:46,125000,golfpang,,,18홀,tr_219747695
모카cc,2026-09-19,08:46,190000,golfpang,,,18홀,tr_219748162
모카cc,2026-09-19,12:46,160000,golfpang,,,18홀,tr_219748163
모나크,2026-09-19,17:55,120000,golfpang,,,18홀,tr_219747691
모나크,2026-09-19,13:03,170000,golfpang,,,18홀,tr_219747690
모나크,2026-09-19,12:49,180000,golfpang,,,18홀,tr_219747689
떼제베(동북),2026-09-19,17:20,110000,golfpang,,,18홀,tr_219746515
떼제베(동북),2026-09-19,06:04,130000,golfpang,,,18홀,tr_219746513
떼제베(동북),2026-09-19,13:35,140000,golfpang,,,18홀,tr_219746514
떼제베,2026-09-19,06:04,150000,golfpang,,,18홀,tr_219741720
떼제베,2026-09-19,17:27,130000,golfpang,,,18홀,tr_219741722
떼제베,2026-09-19,12:18,160000,golfpang,,,18홀,tr_219741721
마론뉴데이,2026-09-19,14:18,175000,golfpang,,,18홀,tr_219741450
마론뉴데이,2026-09-19,11:15,175000,golfpang,,,18홀,tr_219737441
마론뉴데이,2026-09-19,11:15,175000,golfpang,,,18홀,tr_219468641
동촌,2026-09-19,08:33,220000,golfpang,,,18홀,tr_219718341
동촌,2026-09-19,06:48,190000,golfpang,,,18홀,tr_219718340
루트52,2026-09-19,07:05,230000,golfpang,,,18홀,tr_219714651
루트52,2026-09-19,06:45,220000,golfpang,,,18홀,tr_219714650
모나크,2026-09-19,18:09,110000,golfpang,,,18홀,tr_219696008
모나크,2026-09-19,18:02,110000,golfpang,,,18홀,tr_219696007
모나크,2026-09-19,18:02,110000,golfpang,,,18홀,tr_219696006
필로스,2026-09-19,18:20,140000,golfpang,,,18홀,tr_219694290
필로스,2026-09-19,18:07,140000,golfpang,,,18홀,tr_219694288
필로스,2026-09-19,18:14,140000,golfpang,,,18홀,tr_219694289
필로스,2026-09-19,18:27,140000,golfpang,,,18홀,tr_219691558
필로스,2026-09-19,18:07,140000,golfpang,,,18홀,tr_219691557
베스트밸리-퍼9,2026-09-19,11:46,170000,golfpang,,,18홀,tr_219571685
베스트밸리-퍼9,2026-09-19,16:31,140000,golfpang,,,18홀,tr_219571686
베스트밸리-퍼9,2026-09-19,06:26,180000,golfpang,,,18홀,tr_219571684
동서울cc-퍼9,2026-09-19,13:52,89000,golfpang,,,18홀,tr_219671946
동서울cc-퍼9,2026-09-19,07:06,89000,golfpang,,,18홀,tr_219671945
동서울cc-퍼9,2026-09-19,18:17,65000,golfpang,,,18홀,tr_219671947
웰리힐리,2026-09-19,09:42,190000,golfpang,,,18홀,tr_219569875
웰리힐리,2026-09-19,12:14,190000,golfpang,,,18홀,tr_219569876
웰리힐리,2026-09-19,07:18,190000,golfpang,,,18홀,tr_219569874
남한강에스파크,2026-09-19,18:28,109000,golfpang,,,18홀,tr_219570867
남한강에스파크,2026-09-19,18:14,109000,golfpang,,,18홀,tr_219570866
남한강에스파크,2026-09-19,18:00,109000,golfpang,,,18홀,tr_219570865
알프스대영,2026-09-19,05:51,99000,golfpang,,,18홀,tr_219619931
알프스대영,2026-09-19,17:50,69000,golfpang,,,18홀,tr_219619933
알프스대영,2026-09-19,12:52,109000,golfpang,,,18홀,tr_219619932
클럽D 거창,2026-09-19,13:11,85000,golfpang,,,18홀,tr_219619919
클럽D 거창,2026-09-19,07:58,90000,golfpang,,,18홀,tr_219619918
한림광릉,2026-09-19,17:17,160000,golfpang,,,18홀,tr_219600309
한림광릉,2026-09-19,17:31,160000,golfpang,,,18홀,tr_219600272
한림광릉,2026-09-19,17:17,160000,golfpang,,,18홀,tr_219546378
그린힐,2026-09-19,13:42,190000,golfpang,,,18홀,tr_219598633
그린힐,2026-09-19,18:59,110000,golfpang,,,18홀,tr_219598635
그린힐,2026-09-19,18:38,110000,golfpang,,,18홀,tr_219598634
골든베이,2026-09-19,06:30,150000,golfpang,,,18홀,tr_219554713
골든베이,2026-09-19,13:03,150000,golfpang,,,18홀,tr_219554714
용인플라자,2026-09-19,18:06,160000,golfpang,,,18홀,tr_219527623
용인플라자,2026-09-19,17:31,160000,golfpang,,,18홀,tr_219527621
용인플라자,2026-09-19,17:52,160000,golfpang,,,18홀,tr_219527622
알프스대영,2026-09-19,18:25,59000,golfpang,,,18홀,tr_219595814
알프스대영,2026-09-19,18:25,59000,golfpang,,,18홀,tr_219595815
알펜시아700,2026-09-19,07:50,120000,golfpang,,,18홀,tr_219556350
알펜시아명문,2026-09-19,07:10,130000,golfpang,,,18홀,tr_219479873
웰리힐리,2026-09-19,13:22,190000,golfpang,,,18홀,tr_219555731
알펜시아명문,2026-09-19,06:42,120000,golfpang,,,18홀,tr_219479872
알펜시아명문,2026-09-19,13:13,170000,golfpang,,,18홀,tr_219479874
웰리힐리,2026-09-19,12:06,190000,golfpang,,,18홀,tr_219555730
알펜시아700,2026-09-19,14:06,130000,golfpang,,,18홀,tr_219556351
벨라스톤,2026-09-19,17:45,100000,golfpang,,,18홀,tr_219443750
벨라스톤,2026-09-19,06:35,160000,golfpang,,,18홀,tr_219443748
벨라스톤,2026-09-19,17:38,100000,golfpang,,,18홀,tr_219443749
웰리힐리,2026-09-19,07:34,190000,golfpang,,,18홀,tr_219555729
알펜시아700,2026-09-19,17:23,100000,golfpang,,,18홀,tr_219556352
킹즈락,2026-09-19,08:02,160000,golfpang,,,18홀,tr_219529713
킹즈락,2026-09-19,17:52,100000,golfpang,,,18홀,tr_219529715
킹즈락,2026-09-19,12:43,140000,golfpang,,,18홀,tr_219529714
힐데스하임,2026-09-19,13:42,155000,golfpang,,,18홀,tr_219444779
힐데스하임,2026-09-19,06:45,150000,golfpang,,,18홀,tr_219444777
힐데스하임,2026-09-19,07:07,160000,golfpang,,,18홀,tr_219444778
자유로,2026-09-19,14:05,210000,golfpang,,,18홀,tr_219546532
파주타이거,2026-09-19,17:11,190000,golfpang,,,18홀,tr_219526297
스프링베일-퍼9,2026-09-19,17:15,95000,golfpang,,,18홀,tr_219588342
세레니티-강촌,2026-09-19,17:39,140000,golfpang,,,18홀,tr_218911594
스프링베일-퍼9,2026-09-19,06:59,115000,golfpang,,,18홀,tr_219588340
세레니티-강촌,2026-09-19,07:10,210000,golfpang,,,18홀,tr_218911592
스프링베일-퍼9,2026-09-19,11:40,115000,golfpang,,,18홀,tr_219588341
비콘힐스,2026-09-19,17:23,90000,golfpang,,,18홀,tr_219546812
비콘힐스,2026-09-19,18:26,90000,golfpang,,,18홀,tr_219546813
비콘힐스,2026-09-19,18:26,90000,golfpang,,,18홀,tr_219546814
자유로,2026-09-19,13:09,220000,golfpang,,,18홀,tr_219546531
세레니티-강촌,2026-09-19,13:10,210000,golfpang,,,18홀,tr_218911593
파주타이거,2026-09-19,13:22,190000,golfpang,,,18홀,tr_219526162
용인플라자,2026-09-19,18:06,160000,golfpang,,,18홀,tr_219527857
세현,2026-09-19,19:12,180000,golfpang,,,18홀,tr_219518847
빅토리아-퍼9,2026-09-19,12:52,119000,golfpang,,,18홀,tr_219556413
용인플라자,2026-09-19,17:31,160000,golfpang,,,18홀,tr_219527855
세현,2026-09-19,17:48,190000,golfpang,,,18홀,tr_219518846
포웰(안성)cc,2026-09-19,13:57,192000,golfpang,,,18홀,tr_219488965
포웰(안성)cc,2026-09-19,18:11,142000,golfpang,,,18홀,tr_219488966
용인플라자,2026-09-19,17:51,160000,golfpang,,,18홀,tr_219527856
빅토리아-퍼9,2026-09-19,13:13,119000,golfpang,,,18홀,tr_219556414
푸른솔포천,2026-09-19,13:34,230000,golfpang,,,18홀,tr_219591115
푸른솔포천,2026-09-19,06:14,270000,golfpang,,,18홀,tr_219591114
파주타이거,2026-09-19,17:23,190000,golfpang,,,18홀,tr_219568247
신라,2026-09-19,06:59,240000,golfpang,,,18홀,tr_219373647
신안(오렌지),2026-09-19,07:03,140000,golfpang,,,18홀,tr_219369254
신안(오렌지),2026-09-19,07:03,140000,golfpang,,,18홀,tr_219369255
센테리움,2026-09-19,13:46,149000,golfpang,,,18홀,tr_219370338
360도,2026-09-19,14:00,170000,golfpang,,,18홀,tr_219345418
360도,2026-09-19,07:22,230000,golfpang,,,18홀,tr_219345417
센테리움,2026-09-19,06:32,179000,golfpang,,,18홀,tr_219370337
신라,2026-09-19,06:17,230000,golfpang,,,18홀,tr_219373646
신라,2026-09-19,13:46,180000,golfpang,,,18홀,tr_219373648
대영베이스,2026-09-19,17:31,95000,golfpang,,,18홀,tr_219374401
대영힐스,2026-09-19,17:59,79000,golfpang,,,18홀,tr_219392483
대영힐스,2026-09-19,06:14,129000,golfpang,,,18홀,tr_219392481
대영베이스,2026-09-19,06:33,149000,golfpang,,,18홀,tr_219374400
양지파인,2026-09-19,06:07,199000,golfpang,,,18홀,tr_219549636
대영베이스,2026-09-19,18:11,85000,golfpang,,,18홀,tr_219374402
대영힐스,2026-09-19,13:30,149000,golfpang,,,18홀,tr_219392482
양지파인,2026-09-19,13:59,160000,golfpang,,,18홀,tr_219549637
솔라고,2026-09-19,07:10,140000,golfpang,,,18홀,tr_219564795
솔라고,2026-09-19,11:50,180000,golfpang,,,18홀,tr_219564796
대영베이스,2026-09-19,18:44,85000,golfpang,,,18홀,tr_219493085
파인스톤,2026-09-19,18:25,150000,golfpang,,,18홀,tr_219562186
파인스톤,2026-09-19,19:00,150000,golfpang,,,18홀,tr_219562187
대영베이스,2026-09-19,18:44,85000,golfpang,,,18홀,tr_219493086
대영베이스,2026-09-19,18:04,89000,golfpang,,,18홀,tr_219493084
용인플라자,2026-09-19,17:31,160000,golfpang,,,18홀,tr_219527388
용인플라자,2026-09-19,17:31,160000,golfpang,,,18홀,tr_219527386
용인플라자,2026-09-19,17:31,160000,golfpang,,,18홀,tr_219527387
용인플라자,2026-09-19,18:06,160000,golfpang,,,18홀,tr_219535738
용인플라자,2026-09-19,17:23,160000,golfpang,,,18홀,tr_219535737
용인플라자,2026-09-19,18:48,160000,golfpang,,,18홀,tr_219535739
크리스밸리,2026-09-19,12:40,190000,golfpang,,,18홀,tr_219529762
크리스밸리,2026-09-19,12:47,190000,golfpang,,,18홀,tr_219529763
대영힐스,2026-09-19,17:45,89000,golfpang,,,18홀,tr_219492018
대영힐스,2026-09-19,12:12,149000,golfpang,,,18홀,tr_219492016
대영힐스,2026-09-19,12:12,149000,golfpang,,,18홀,tr_219492017
클럽72,2026-09-19,18:11,150000,golfpang,,,18홀,tr_219493938
클럽72,2026-09-19,06:00,250000,golfpang,,,18홀,tr_219493936
클럽72,2026-09-19,17:29,160000,golfpang,,,18홀,tr_219493937
클럽72-오션,2026-09-19,06:30,350000,golfpang,,,18홀,tr_219493839
클럽72-오션,2026-09-19,12:53,310000,golfpang,,,18홀,tr_219493840
포웰(안성)cc,2026-09-19,18:11,142000,golfpang,,,18홀,tr_219491569
포웰(안성)cc,2026-09-19,13:57,192000,golfpang,,,18홀,tr_219491568
포웰(안성)cc,2026-09-19,12:19,212000,golfpang,,,18홀,tr_219491567
감곡,2026-09-19,12:53,180000,golfpang,,,18홀,tr_219444548
감곡,2026-09-19,06:44,170000,golfpang,,,18홀,tr_219444547
감곡,2026-09-19,18:41,120000,golfpang,,,18홀,tr_219444549
오로라,2026-09-19,17:18,120000,golfpang,,,18홀,tr_219471729
오로라,2026-09-19,18:14,110000,golfpang,,,18홀,tr_219471730
벨라스톤,2026-09-19,17:31,110000,golfpang,,,18홀,tr_219428244
양평TPC,2026-09-19,13:01,210000,golfpang,,,18홀,tr_219470415
양평TPC,2026-09-19,07:55,240000,golfpang,,,18홀,tr_219470414
써닝포인트,2026-09-19,13:40,215000,golfpang,,,18홀,tr_219466579
써닝포인트,2026-09-19,12:23,215000,golfpang,,,18홀,tr_219466578
써닝포인트,2026-09-19,06:07,275000,golfpang,,,18홀,tr_219466577
솔트베이,2026-09-19,17:40,199000,golfpang,,,18홀,tr_219446512
솔트베이,2026-09-19,18:43,189000,golfpang,,,18홀,tr_219446513
솔트베이,2026-09-19,18:57,189000,golfpang,,,18홀,tr_219446514
남한강에스파크,2026-09-19,18:28,99000,golfpang,,,18홀,tr_219414414
남한강에스파크,2026-09-19,18:00,99000,golfpang,,,18홀,tr_219414413
빅토리아-퍼9,2026-09-19,12:24,119000,golfpang,,,18홀,tr_219395226
빅토리아-퍼9,2026-09-19,13:06,119000,golfpang,,,18홀,tr_219395227
빅토리아-퍼9,2026-09-19,17:17,99000,golfpang,,,18홀,tr_219395228
솔모로,2026-09-19,13:21,270000,golfpang,,,18홀,tr_219394852
솔모로,2026-09-19,06:51,270000,golfpang,,,18홀,tr_219394851
동촌,2026-09-19,07:51,210000,golfpang,,,18홀,tr_219394299
동촌,2026-09-19,06:41,195000,golfpang,,,18홀,tr_219394298
벨라45 마스터스,2026-09-19,17:52,115000,golfpang,,,18홀,tr_219394095
벨라45 마스터스,2026-09-19,17:31,115000,golfpang,,,18홀,tr_219394094
빅토리아-퍼9,2026-09-19,11:49,119000,golfpang,,,18홀,tr_219057397
빅토리아-퍼9,2026-09-19,12:24,119000,golfpang,,,18홀,tr_219057398
골든베이,2026-09-19,13:17,150000,golfpang,,,18홀,tr_218958636
골든베이,2026-09-19,06:30,150000,golfpang,,,18홀,tr_218958635
빅토리아-퍼9,2026-09-19,12:52,119000,golfpang,,,18홀,tr_219057399
남춘천,2026-09-19,12:41,220000,golfpang,,,18홀,tr_219363880
남춘천,2026-09-19,13:28,200000,golfpang,,,18홀,tr_219363881
코스카,2026-09-19,07:31,170000,golfpang,,,18홀,tr_219344611
코스카,2026-09-19,08:13,190000,golfpang,,,18홀,tr_219344612
파인스톤,2026-09-19,18:39,150000,golfpang,,,18홀,tr_218930228
파인스톤,2026-09-19,19:00,150000,golfpang,,,18홀,tr_218930229
푸른솔포천,2026-09-19,13:34,230000,golfpang,,,18홀,tr_218930914
푸른솔포천,2026-09-19,06:14,270000,golfpang,,,18홀,tr_218930913
감곡,2026-09-19,13:07,190000,golfpang,,,18홀,tr_218862259
세레니티cc,2026-09-19,07:12,275000,golfpang,,,18홀,tr_219157135
감곡,2026-09-19,17:24,130000,golfpang,,,18홀,tr_218862260
골든베이,2026-09-19,06:30,150000,golfpang,,,18홀,tr_218960565
로얄링스,2026-09-19,08:34,160000,golfpang,,,18홀,tr_217828525
감곡,2026-09-19,06:58,240000,golfpang,,,18홀,tr_218862258
골든베이,2026-09-19,13:10,150000,golfpang,,,18홀,tr_218960566
세레니티cc,2026-09-19,18:48,140000,golfpang,,,18홀,tr_219157137
로얄링스,2026-09-19,11:24,160000,golfpang,,,18홀,tr_217828526
세레니티cc,2026-09-19,17:59,150000,golfpang,,,18홀,tr_219157136
휘닉스,2026-09-19,07:30,220000,golfpang,,,18홀,tr_218623406
웰리힐리,2026-09-19,09:02,190000,golfpang,,,18홀,tr_218881339
웰리힐리,2026-09-19,10:54,190000,golfpang,,,18홀,tr_218881340
빅토리아-퍼9,2026-09-19,11:21,119000,golfpang,,,18홀,tr_219020293
휘닉스,2026-09-19,11:22,220000,golfpang,,,18홀,tr_218623407
웰리힐리,2026-09-19,12:02,190000,golfpang,,,18홀,tr_218881341
빅토리아-퍼9,2026-09-19,17:03,99000,golfpang,,,18홀,tr_219020294
파인밸리,2026-09-19,06:17,125000,golfpang,,,18홀,tr_219153568
빅토리아-퍼9,2026-09-19,06:07,119000,golfpang,,,18홀,tr_219020292
예미지,2026-09-19,13:15,180000,golfpang,,,18홀,tr_219327356
예미지,2026-09-19,08:12,195000,golfpang,,,18홀,tr_219327355
속리산cc,2026-09-19,12:15,150000,golfpang,,,18홀,tr_219008819
클럽모우,2026-09-19,08:43,210000,golfpang,,,18홀,tr_218931270
클럽모우,2026-09-19,13:27,180000,golfpang,,,18홀,tr_218931271
오너스,2026-09-19,14:11,165000,golfpang,,,18홀,tr_218927258
오너스,2026-09-19,06:50,190000,golfpang,,,18홀,tr_218927257
포레스트힐,2026-09-19,18:45,140000,golfpang,,,18홀,tr_218911218
포레스트힐,2026-09-19,18:17,140000,golfpang,,,18홀,tr_218911216
포레스트힐,2026-09-19,18:24,140000,golfpang,,,18홀,tr_218911217
파주,2026-09-19,16:31,190000,golfpang,,,18홀,tr_218911081
파주,2026-09-19,12:06,290000,golfpang,,,18홀,tr_218911080
파주,2026-09-19,05:35,250000,golfpang,,,18홀,tr_218911079
서원힐스,2026-09-19,05:25,250000,golfpang,,,18홀,tr_218889283
서원힐스,2026-09-19,05:25,250000,golfpang,,,18홀,tr_218889285
서원힐스,2026-09-19,05:25,250000,golfpang,,,18홀,tr_218889284
푸른솔포천,2026-09-19,13:34,230000,golfpang,,,18홀,tr_218774739
푸른솔포천,2026-09-19,11:49,270000,golfpang,,,18홀,tr_218774740
