course_name,play_date,tee_time,green_fee,source,booking_url,slots,hole_info,row_id
리베라,2026-09-19,17:42,140000,golfpang,,,18홀,tr_220345235
빅토리아-퍼9,2026-09-19,17:59,99000,golfpang,,,18홀,tr_220375387
양지파인,2026-09-19,11:51,170000,golfpang,,,18홀,tr_220239024
이천실크밸리,2026-09-19,13:38,155000,golfpang,,,18홀,tr_220240299
리베라,2026-09-19,18:52,130000,golfpang,,,18홀,tr_219818356
용인(비공개),2026-09-19,17:35,150000,golfpang,,,18홀,tr_219807069
양평TPC,2026-09-19,12:47,160000,golfpang,,,18홀,tr_220299458
해솔리아,2026-09-19,13:19,170000,golfpang,,,18홀,tr_220145238
마이다스레이크 이천,2026-09-19,14:10,180000,golfpang,,,18홀,tr_220241990
젠스필드,2026-09-19,17:49,110000,golfpang,,,18홀,tr_219795756
신안(병행),2026-09-19,18:24,100000,golfpang,,,18홀,tr_219667485
이천실크밸리,2026-09-19,18:24,110000,golfpang,,,18홀,tr_220206492
골프존 안성W,2026-09-19,12:35,160000,golfpang,,,18홀,tr_220375434
리베라,2026-09-19,17:35,140000,golfpang,,,18홀,tr_220260578
포웰(안성)cc,2026-09-19,18:04,122000,golfpang,,,18홀,tr_220241469
용인(비공개),2026-09-19,17:21,150000,golfpang,,,18홀,tr_220327028
이천실크밸리,2026-09-19,13:52,155000,golfpang,,,18홀,tr_220199270
이글몬트,2026-09-19,13:46,170000,golfpang,,,18홀,tr_220130784
이천실크밸리,2026-09-19,13:45,155000,golfpang,,,18홀,tr_220087897
리베라,2026-09-19,17:49,140000,golfpang,,,18홀,tr_220241611
젠스필드,2026-09-19,18:52,100000,golfpang,,,18홀,tr_220222216
한림용인,2026-09-19,13:53,170000,golfpang,,,18홀,tr_220362067
신안,2026-09-19,18:45,110000,golfpang,,,18홀,tr_220361540
리베라,2026-09-19,17:42,140000,golfpang,,,18홀,tr_220260515
포웰(안성)cc,2026-09-19,17:50,120000,golfpang,,,18홀,tr_220011273
이천실크밸리,2026-09-19,18:03,110000,golfpang,,,18홀,tr_220282999
리베라,2026-09-19,18:45,140000,golfpang,,,18홀,tr_220088696
양평TPC,2026-09-19,13:08,160000,golfpang,,,18홀,tr_220318416
젠스필드,2026-09-19,18:45,100000,golfpang,,,18홀,tr_220289915
리베라,2026-09-19,18:03,140000,golfpang,,,18홀,tr_220230782
이글몬트,2026-09-19,14:00,170000,golfpang,,,18홀,tr_220260116
젠스필드,2026-09-19,18:38,100000,golfpang,,,18홀,tr_220250307
마이다스레이크 이천,2026-09-19,14:03,180000,golfpang,,,18홀,tr_220241323
한림용인,2026-09-19,14:00,170000,golfpang,,,18홀,tr_220220254
골프클럽Q,2026-09-19,18:43,120000,golfpang,,,18홀,tr_220376033
이포,2026-09-19,18:13,130000,golfpang,,,18홀,tr_219990262
한림용인,2026-09-19,11:20,210000,golfpang,,,18홀,tr_220376032
용인(비공개),2026-09-19,12:36,270000,golfpang,,,18홀,tr_220348934
빅토리아-퍼9,2026-09-19,18:20,99000,golfpang,,,18홀,tr_220375388
빅토리아-퍼9,2026-09-19,19:09,99000,golfpang,,,18홀,tr_220375389
포웰(안성)cc,2026-09-19,13:30,152000,golfpang,,,18홀,tr_220325518
해솔리아,2026-09-19,13:40,160000,golfpang,,,18홀,tr_220315475
포웰(안성)cc,2026-09-19,19:40,92000,golfpang,,,18홀,tr_219466485
해솔리아,2026-09-19,13:50,160000,golfpang,,,18홀,tr_220346213
포웰(안성)cc,2026-09-19,18:00,112000,golfpang,,,18홀,tr_220205609
그린힐,2026-09-19,19:00,100000,golfpang,,,18홀,tr_219393640
클럽72,2026-09-19,08:30,220000,golfpang,,,18홀,tr_219969895
남여주,2026-09-19,13:21,160000,golfpang,,,18홀,tr_220348468
양평TPC,2026-09-19,12:40,160000,golfpang,,,18홀,tr_219996823
마이다스레이크 이천,2026-09-19,14:17,180000,golfpang,,,18홀,tr_220339199
이포,2026-09-19,18:13,130000,golfpang,,,18홀,tr_219996789
한림용인,2026-09-19,17:38,158000,golfpang,,,18홀,tr_219996902
360도,2026-09-19,11:10,180000,golfpang,,,18홀,tr_220376009
안성베네스트(클),2026-09-19,08:29,229000,golfpang,,,18홀,tr_220375998
이글몬트,2026-09-19,06:34,185000,golfpang,,,18홀,tr_220375981
이글몬트,2026-09-19,06:27,185000,golfpang,,,18홀,tr_220375980
글렌로스-퍼9,2026-09-19,08:15,249000,golfpang,,,18홀,tr_220328621
이글몬트,2026-09-19,06:41,195000,golfpang,,,18홀,tr_220375961
이글몬트,2026-09-19,06:34,185000,golfpang,,,18홀,tr_220375960
이글몬트,2026-09-19,06:37,185000,golfpang,,,18홀,tr_220375916
안성베네스트(클),2026-09-19,14:13,179000,golfpang,,,18홀,tr_220375905
안성베네스트(클),2026-09-19,08:29,229000,golfpang,,,18홀,tr_220375904
글렌로스-퍼9,2026-09-19,08:15,249000,golfpang,,,18홀,tr_220375891
에델바이스(가명),2026-09-19,13:47,170000,golfpang,,,18홀,tr_220375872
포웰(안성)cc,2026-09-19,19:00,105000,golfpang,,,18홀,tr_220321013
써닝포인트,2026-09-19,18:04,155000,golfpang,,,18홀,tr_220375070
클럽72,2026-09-19,19:07,140000,golfpang,,,18홀,tr_220242686
클럽72,2026-09-19,18:18,150000,golfpang,,,18홀,tr_220242684
골프존 송도(구.오렌지듄스),2026-09-19,06:04,169000,golfpang,,,18홀,tr_220375008
에델바이스(가명),2026-09-19,06:35,170000,golfpang,,,18홀,tr_220375871
한림용인,2026-09-19,13:32,180000,golfpang,,,18홀,tr_220242693
안성베네스트(클),2026-09-19,08:29,229000,golfpang,,,18홀,tr_220375863
안성베네스트(클),2026-09-19,08:29,229000,golfpang,,,18홀,tr_220375862
신라,2026-09-19,12:36,190000,golfpang,,,18홀,tr_220236131
에델바이스(가명),2026-09-19,13:47,170000,golfpang,,,18홀,tr_220375841
에델바이스(가명),2026-09-19,06:35,170000,golfpang,,,18홀,tr_220375840
클럽72,2026-09-19,08:40,220000,golfpang,,,18홀,tr_220370817
포웰(안성)cc,2026-09-19,08:30,182000,golfpang,,,18홀,tr_220375794
이글몬트,2026-09-19,06:34,185000,golfpang,,,18홀,tr_220345846
이포,2026-09-19,13:08,190000,golfpang,,,18홀,tr_220375180
클럽72,2026-09-19,08:13,220000,golfpang,,,18홀,tr_219770937
360도,2026-09-19,07:07,165000,golfpang,,,18홀,tr_220008768
360도,2026-09-19,12:15,177000,golfpang,,,18홀,tr_220008769
포웰(안성)cc,2026-09-19,13:10,152000,golfpang,,,18홀,tr_220318628
360도,2026-09-19,07:07,165000,golfpang,,,18홀,tr_220375589
360도,2026-09-19,06:07,157000,golfpang,,,18홀,tr_220375588
해솔리아,2026-09-19,13:30,160000,golfpang,,,18홀,tr_220325302
이천실크밸리,2026-09-19,13:45,155000,golfpang,,,18홀,tr_220375519
신라,2026-09-19,12:36,190000,golfpang,,,18홀,tr_220174787
더크로스비,2026-09-19,06:21,210000,golfpang,,,18홀,tr_220345914
더크로스비,2026-09-19,11:45,210000,golfpang,,,18홀,tr_220345957
신라,2026-09-19,12:36,190000,golfpang,,,18홀,tr_220145157
신라,2026-09-19,07:20,240000,golfpang,,,18홀,tr_219996369
이포,2026-09-19,18:13,130000,golfpang,,,18홀,tr_220152637
포웰(안성)cc,2026-09-19,07:40,172000,golfpang,,,18홀,tr_220318521
더크로스비,2026-09-19,11:45,210000,golfpang,,,18홀,tr_220346987
더크로스비,2026-09-19,06:21,210000,golfpang,,,18홀,tr_220347024
스카이밸리,2026-09-19,06:48,200000,golfpang,,,18홀,tr_220289929
여주(비공개S),2026-09-19,11:50,205000,golfpang,,,18홀,tr_220252967
이포,2026-09-19,12:54,190000,golfpang,,,18홀,tr_220151776
포웰(안성)cc,2026-09-19,12:10,162000,golfpang,,,18홀,tr_220318551
해솔리아,2026-09-19,07:10,180000,golfpang,,,18홀,tr_220375485
해솔리아,2026-09-19,12:37,170000,golfpang,,,18홀,tr_220375486
해솔리아,2026-09-19,17:50,135000,golfpang,,,18홀,tr_220375487
포웰(안성)cc,2026-09-19,18:00,112000,golfpang,,,18홀,tr_220320995
에덴블루,2026-09-19,06:42,199000,golfpang,,,18홀,tr_220375450
에덴블루,2026-09-19,12:30,209000,golfpang,,,18홀,tr_220375451
에덴블루,2026-09-19,18:35,129900,golfpang,,,18홀,tr_220375452
골프존 안성W,2026-09-19,12:35,160000,golfpang,,,18홀,tr_220375435
골프존 안성W,2026-09-19,19:06,120000,golfpang,,,18홀,tr_220375436
마이다스레이크 이천,2026-09-19,14:03,190000,golfpang,,,18홀,tr_220217026
한림용인,2026-09-19,18:06,150000,golfpang,,,18홀,tr_220375415
한림용인,2026-09-19,18:55,145000,golfpang,,,18홀,tr_220375416
한림용인,2026-09-19,17:38,150000,golfpang,,,18홀,tr_220375414
양평TPC,2026-09-19,12:47,160000,golfpang,,,18홀,tr_220299565
그린힐,2026-09-19,18:40,110000,golfpang,,,18홀,tr_220002106
캐슬렉스,2026-09-19,08:45,250000,golfpang,,,18홀,tr_220375223
캐슬렉스,2026-09-19,06:04,250000,golfpang,,,18홀,tr_220375221
더크로스비,2026-09-19,11:45,210000,golfpang,,,18홀,tr_220346176
캐슬렉스,2026-09-19,13:46,250000,golfpang,,,18홀,tr_220375222
더크로스비,2026-09-19,06:21,210000,golfpang,,,18홀,tr_220346168
이포,2026-09-19,18:13,130000,golfpang,,,18홀,tr_220349744
클럽72,2026-09-19,08:40,220000,golfpang,,,18홀,tr_220370769
아난티중앙(야간),2026-09-19,17:53,140000,golfpang,,,18홀,tr_220210006
포웰(안성)cc,2026-09-19,13:57,152000,golfpang,,,18홀,tr_220348668
이포,2026-09-19,17:52,140000,golfpang,,,18홀,tr_220326324
더크로스비,2026-09-19,13:44,207000,golfpang,,,18홀,tr_220210003
360도,2026-09-19,07:20,180000,golfpang,,,18홀,tr_220375179
이포,2026-09-19,13:08,190000,golfpang,,,18홀,tr_220374966
이포,2026-09-19,13:08,190000,golfpang,,,18홀,tr_220375093
이포,2026-09-19,12:54,190000,golfpang,,,18홀,tr_220349694
해솔리아,2026-09-19,13:30,160000,golfpang,,,18홀,tr_220325204
신라,2026-09-19,13:32,180000,golfpang,,,18홀,tr_220349652
용인(비공개),2026-09-19,17:21,150000,golfpang,,,18홀,tr_220327030
골프존 안성W,2026-09-19,17:07,130000,golfpang,,,18홀,tr_220204038
에덴블루,2026-09-19,18:35,129900,golfpang,,,18홀,tr_219073931
그린힐,2026-09-19,17:35,140000,golfpang,,,18홀,tr_220219359
아난티중앙(야간),2026-09-19,17:35,140000,golfpang,,,18홀,tr_219374387
한림용인,2026-09-19,17:31,150000,golfpang,,,18홀,tr_220366437
아세코밸리-퍼9,2026-09-19,18:13,110000,golfpang,,,18홀,tr_219995805
세현,2026-09-19,18:09,170000,golfpang,,,18홀,tr_220325970
클럽72,2026-09-19,17:50,150000,golfpang,,,18홀,tr_220208875
세현,2026-09-19,19:02,170000,golfpang,,,18홀,tr_220325971
클럽72,2026-09-19,19:07,140000,golfpang,,,18홀,tr_220208876
골프존 송도(구.오렌지듄스),2026-09-19,18:52,159000,golfpang,,,18홀,tr_220203914
솔트베이,2026-09-19,18:57,189000,golfpang,,,18홀,tr_220085423
리베라,2026-09-19,17:35,140000,golfpang,,,18홀,tr_220321064
스카이밸리,2026-09-19,13:11,200000,golfpang,,,18홀,tr_219880805
골프존 안성W,2026-09-19,13:45,170000,golfpang,,,18홀,tr_220204037
용인(비공개),2026-09-19,13:45,219000,golfpang,,,18홀,tr_220327029
해솔리아,2026-09-19,13:40,160000,golfpang,,,18홀,tr_220324716
양평TPC,2026-09-19,13:50,150000,golfpang,,,18홀,tr_220303973
신라,2026-09-19,13:56,180000,golfpang,,,18홀,tr_220204330
클럽72-오션,2026-09-19,13:56,290000,golfpang,,,18홀,tr_219995479
여주,2026-09-19,13:53,240000,golfpang,,,18홀,tr_220204681
스카이밸리,2026-09-19,13:53,200000,golfpang,,,18홀,tr_220221000
클럽72,2026-09-19,14:03,280000,golfpang,,,18홀,tr_220320956
마이다스레이크 이천,2026-09-19,14:01,180000,golfpang,,,18홀,tr_220241210
양평TPC,2026-09-19,12:54,160000,golfpang,,,18홀,tr_220303972
골프존 안성H,2026-09-19,13:31,185000,golfpang,,,18홀,tr_220324813
해솔리아,2026-09-19,12:30,170000,golfpang,,,18홀,tr_220324715
한림용인,2026-09-19,12:15,200000,golfpang,,,18홀,tr_220366436
클럽72-오션,2026-09-19,12:53,300000,golfpang,,,18홀,tr_219995478
양지파인,2026-09-19,11:36,170000,golfpang,,,18홀,tr_220204617
유니아일랜드,2026-09-19,11:22,200000,golfpang,,,18홀,tr_218837954
360도,2026-09-19,12:15,180000,golfpang,,,18홀,tr_220336729
유니아일랜드,2026-09-19,15:17,150000,golfpang,,,18홀,tr_218837955
신라,2026-09-19,14:18,180000,golfpang,,,18홀,tr_220375012
360도,2026-09-19,06:30,180000,golfpang,,,18홀,tr_220336728
신라,2026-09-19,14:14,180000,golfpang,,,18홀,tr_220375011
양지파인,2026-09-19,08:37,199000,golfpang,,,18홀,tr_220204616
유니아일랜드,2026-09-19,06:57,190000,golfpang,,,18홀,tr_218837953
해솔리아,2026-09-19,07:24,180000,golfpang,,,18홀,tr_220324714
클럽72,2026-09-19,08:27,270000,golfpang,,,18홀,tr_220208874
신라,2026-09-19,14:07,180000,golfpang,,,18홀,tr_220375010
이글몬트,2026-09-19,06:41,195000,golfpang,,,18홀,tr_220371040
스카이밸리,2026-09-19,06:48,220000,golfpang,,,18홀,tr_219999684
양평TPC,2026-09-19,13:50,150000,golfpang,,,18홀,tr_220307293
해솔리아,2026-09-19,13:47,160000,golfpang,,,18홀,tr_220366563
스카이밸리,2026-09-19,13:53,190000,golfpang,,,18홀,tr_220289469
리베라,2026-09-19,14:17,210000,golfpang,,,18홀,tr_220007635
안성베네스트(챌),2026-09-19,14:13,179000,golfpang,,,18홀,tr_220195584
양평TPC,2026-09-19,12:54,160000,golfpang,,,18홀,tr_220307292
골프존 안성H,2026-09-19,13:31,185000,golfpang,,,18홀,tr_220240934
한림용인,2026-09-19,11:54,210000,golfpang,,,18홀,tr_220370771
신라,2026-09-19,12:36,200000,golfpang,,,18홀,tr_220118420
골프존 안성W,2026-09-19,12:35,160000,golfpang,,,18홀,tr_220306675
여주(비공개),2026-09-19,12:53,170000,golfpang,,,18홀,tr_220346413
여주(비공개),2026-09-19,12:46,170000,golfpang,,,18홀,tr_220346412
신라,2026-09-19,13:11,180000,golfpang,,,18홀,tr_220118421
이천실크밸리,2026-09-19,08:27,205000,golfpang,,,18홀,tr_219929397
양지파인,2026-09-19,11:51,170000,golfpang,,,18홀,tr_220345760
한림용인,2026-09-19,11:40,210000,golfpang,,,18홀,tr_220370770
360도,2026-09-19,12:15,200000,golfpang,,,18홀,tr_220304664
360도,2026-09-19,07:07,180000,golfpang,,,18홀,tr_220304663
골프존 안성W,2026-09-19,07:05,170000,golfpang,,,18홀,tr_220306674
양지파인,2026-09-19,08:07,190000,golfpang,,,18홀,tr_220345759
신라,2026-09-19,07:34,240000,golfpang,,,18홀,tr_220118419
해솔리아,2026-09-19,07:31,180000,golfpang,,,18홀,tr_220366562
골프존 안성W,2026-09-19,13:38,150000,golfpang,,,18홀,tr_220306676
빅토리아-퍼9,2026-09-19,13:41,119000,golfpang,,,18홀,tr_219762807
골프존 안성H,2026-09-19,13:45,185000,golfpang,,,18홀,tr_220240935
그린힐,2026-09-19,17:35,140000,golfpang,,,18홀,tr_220007995
한림용인,2026-09-19,17:38,150000,golfpang,,,18홀,tr_220370772
빅토리아-퍼9,2026-09-19,17:38,99000,golfpang,,,18홀,tr_219762808
유니아일랜드,2026-09-19,16:52,130000,golfpang,,,18홀,tr_219951869
골프존 안성H,2026-09-19,14:27,185000,golfpang,,,18홀,tr_220240936
리베라,2026-09-19,14:31,210000,golfpang,,,18홀,tr_220007636
안성베네스트(클),2026-09-19,14:06,189000,golfpang,,,18홀,tr_220195277
유니아일랜드,2026-09-19,15:42,140000,golfpang,,,18홀,tr_219951868
이천실크밸리,2026-09-19,07:17,185000,golfpang,,,18홀,tr_219929396
스카이밸리,2026-09-19,06:41,200000,golfpang,,,18홀,tr_220289468
이글몬트,2026-09-19,06:41,195000,golfpang,,,18홀,tr_220261642
해솔리아,2026-09-19,18:18,135000,golfpang,,,18홀,tr_220366564
용인(비공개),2026-09-19,18:17,150000,golfpang,,,18홀,tr_220348876
그린힐,2026-09-19,18:59,110000,golfpang,,,18홀,tr_220007997
리베라,2026-09-19,19:06,140000,golfpang,,,18홀,tr_220007637
클럽72,2026-09-19,19:21,140000,golfpang,,,18홀,tr_220145763
그린힐,2026-09-19,17:42,140000,golfpang,,,18홀,tr_220007996
이천실크밸리,2026-09-19,18:03,110000,golfpang,,,18홀,tr_219929398
아세코밸리-퍼9,2026-09-19,18:13,110000,golfpang,,,18홀,tr_220336782
용인(비공개),2026-09-19,14:06,199000,golfpang,,,18홀,tr_220348875
유니아일랜드,2026-09-19,15:14,150000,golfpang,,,18홀,tr_219951867
양평TPC,2026-09-19,07:10,200000,golfpang,,,18홀,tr_220374974
아난티중앙(야간),2026-09-19,17:53,140000,golfpang,,,18홀,tr_220349648
스카이밸리,2026-09-19,13:11,200000,golfpang,,,18홀,tr_220349636
유니아일랜드,2026-09-19,06:59,190000,golfpang,,,18홀,tr_220374968
신라,2026-09-19,13:32,180000,golfpang,,,18홀,tr_220152622
포웰(안성)cc,2026-09-19,17:57,122000,golfpang,,,18홀,tr_220013807
그린힐,2026-09-19,13:50,170000,golfpang,,,18홀,tr_220001870
스카이밸리,2026-09-19,06:41,200000,golfpang,,,18홀,tr_220349632
포웰(안성)cc,2026-09-19,18:18,112000,golfpang,,,18홀,tr_220346544
이포,2026-09-19,18:27,130000,golfpang,,,18홀,tr_220346461
아난티중앙(야간),2026-09-19,17:53,140000,golfpang,,,18홀,tr_220346427
이포,2026-09-19,17:52,140000,golfpang,,,18홀,tr_220346453
더크로스비,2026-09-19,13:44,207000,golfpang,,,18홀,tr_220346236
이천실크밸리,2026-09-19,18:03,110000,golfpang,,,18홀,tr_219929275
아세코밸리-퍼9,2026-09-19,18:13,110000,golfpang,,,18홀,tr_220348067
유니아일랜드,2026-09-19,15:14,150000,golfpang,,,18홀,tr_220211234
리베라,2026-09-19,14:24,210000,golfpang,,,18홀,tr_220179411
용인플라자,2026-09-19,17:23,160000,golfpang,,,18홀,tr_219557070
빅토리아-퍼9,2026-09-19,17:38,99000,golfpang,,,18홀,tr_219886153
리베라,2026-09-19,17:35,150000,golfpang,,,18홀,tr_220179412
그린힐,2026-09-19,17:35,140000,golfpang,,,18홀,tr_220236505
스카이밸리,2026-09-19,13:53,190000,golfpang,,,18홀,tr_220291245
마이다스레이크 이천,2026-09-19,13:00,200000,golfpang,,,18홀,tr_220278922
신라,2026-09-19,13:18,180000,golfpang,,,18홀,tr_220139267
양지파인,2026-09-19,12:29,180000,golfpang,,,18홀,tr_219987361
해솔리아,2026-09-19,12:23,170000,golfpang,,,18홀,tr_220288599
한림용인,2026-09-19,12:15,200000,golfpang,,,18홀,tr_220250317
360도,2026-09-19,12:15,180000,golfpang,,,18홀,tr_220213798
신라,2026-09-19,12:36,200000,golfpang,,,18홀,tr_220139266
양평TPC,2026-09-19,12:54,160000,golfpang,,,18홀,tr_220327506
여주(비공개),2026-09-19,12:46,170000,golfpang,,,18홀,tr_220348653
에델바이스(가명),2026-09-19,07:17,180000,golfpang,,,18홀,tr_220104949
클럽72,2026-09-19,08:27,250000,golfpang,,,18홀,tr_220290849
유니아일랜드,2026-09-19,11:29,140000,golfpang,,,18홀,tr_220211233
양지파인,2026-09-19,06:30,210000,golfpang,,,18홀,tr_219987362
유니아일랜드,2026-09-19,06:43,190000,golfpang,,,18홀,tr_220211232
에델바이스(가명),2026-09-19,06:42,180000,golfpang,,,18홀,tr_220104950
양평TPC,2026-09-19,06:59,200000,golfpang,,,18홀,tr_220327507
이천실크밸리,2026-09-19,07:59,195000,golfpang,,,18홀,tr_219929273
이글몬트,2026-09-19,07:37,200000,golfpang,,,18홀,tr_220130515
해솔리아,2026-09-19,07:24,180000,golfpang,,,18홀,tr_220288598
포웰(안성)cc,2026-09-19,07:21,192000,golfpang,,,18홀,tr_220261958
포웰(안성)cc,2026-09-19,05:57,162000,golfpang,,,18홀,tr_220261957
스카이밸리,2026-09-19,06:20,200000,golfpang,,,18홀,tr_220291244
리베라,2026-09-19,18:03,140000,golfpang,,,18홀,tr_220179413
용인(비공개),2026-09-19,18:10,150000,golfpang,,,18홀,tr_220349102
이천실크밸리,2026-09-19,17:49,120000,golfpang,,,18홀,tr_219929274
클럽72,2026-09-19,19:14,150000,golfpang,,,18홀,tr_220290850
에덴블루,2026-09-19,18:42,129900,golfpang,,,18홀,tr_220328649
해솔리아,2026-09-19,06:14,170000,golfpang,,,18홀,tr_220288597
솔트베이,2026-09-19,05:59,259000,golfpang,,,18홀,tr_220370961
이천실크밸리,2026-09-19,13:45,155000,golfpang,,,18홀,tr_220087898
리베라,2026-09-19,17:49,140000,golfpang,,,18홀,tr_220278582
리베라,2026-09-19,17:49,140000,golfpang,,,18홀,tr_220278583
이포,2026-09-19,18:13,130000,golfpang,,,18홀,tr_220348452
이포,2026-09-19,12:54,190000,golfpang,,,18홀,tr_220348418
비에이비스타(퍼),2026-09-19,17:59,110000,golfpang,,,18홀,tr_218557585
비에이비스타,2026-09-19,18:06,130000,golfpang,,,18홀,tr_218336902
마이다스레이크 이천,2026-09-19,14:24,180000,golfpang,,,18홀,tr_220278790
비에이비스타(퍼),2026-09-19,12:22,160000,golfpang,,,18홀,tr_218049393
비에이비스타,2026-09-19,13:25,170000,golfpang,,,18홀,tr_218336854
마이다스레이크 이천,2026-09-19,14:17,180000,golfpang,,,18홀,tr_220349482
골프존 송도(구.오렌지듄스),2026-09-19,13:51,179000,golfpang,,,18홀,tr_220370815
양지파인,2026-09-19,08:37,190000,golfpang,,,18홀,tr_220370787
양지파인,2026-09-19,11:51,170000,golfpang,,,18홀,tr_220370788
한림용인,2026-09-19,11:40,210000,golfpang,,,18홀,tr_220370754
한림용인,2026-09-19,17:31,150000,golfpang,,,18홀,tr_220370756
한림용인,2026-09-19,18:06,150000,golfpang,,,18홀,tr_220370755
신라,2026-09-19,13:32,180000,golfpang,,,18홀,tr_220348368
에덴블루,2026-09-19,18:42,129900,golfpang,,,18홀,tr_220370723
에덴블루,2026-09-19,12:30,209000,golfpang,,,18홀,tr_220370722
에덴블루,2026-09-19,06:42,199000,golfpang,,,18홀,tr_220370721
에덴블루,2026-09-19,06:42,199000,golfpang,,,18홀,tr_220370694
에덴블루,2026-09-19,18:35,129000,golfpang,,,18홀,tr_220370696
에덴블루,2026-09-19,12:30,209000,golfpang,,,18홀,tr_220370695
골프존 송도(구.오렌지듄스),2026-09-19,05:58,169000,golfpang,,,18홀,tr_220370693
용인플라자,2026-09-19,11:31,220000,golfpang,,,18홀,tr_220211102
용인플라자,2026-09-19,17:50,150000,golfpang,,,18홀,tr_218537418
신라,2026-09-19,07:20,240000,golfpang,,,18홀,tr_220348341
한림용인,2026-09-19,17:31,150000,golfpang,,,18홀,tr_220370666
한림용인,2026-09-19,12:15,200000,golfpang,,,18홀,tr_220370665
한림용인,2026-09-19,17:45,150000,golfpang,,,18홀,tr_220370667
스카이밸리,2026-09-19,13:32,200000,golfpang,,,18홀,tr_219996367
한림용인,2026-09-19,11:40,210000,golfpang,,,18홀,tr_220370499
한림용인,2026-09-19,17:31,150000,golfpang,,,18홀,tr_220370500
한림용인,2026-09-19,18:06,150000,golfpang,,,18홀,tr_220370501
양평TPC,2026-09-19,13:15,160000,golfpang,,,18홀,tr_220348321
비에이비스타(퍼),2026-09-19,12:44,160000,golfpang,,,18홀,tr_220366651
비에이비스타(퍼),2026-09-19,12:16,170000,golfpang,,,18홀,tr_220366648
마이다스레이크 이천,2026-09-19,14:25,180000,golfpang,,,18홀,tr_220366647
젠스필드,2026-09-19,18:31,100000,golfpang,,,18홀,tr_219795793
리베라,2026-09-19,18:52,130000,golfpang,,,18홀,tr_220305203
리베라,2026-09-19,18:52,130000,golfpang,,,18홀,tr_220305201
그린힐,2026-09-19,18:45,110000,golfpang,,,18홀,tr_219621901
그린힐,2026-09-19,18:45,110000,golfpang,,,18홀,tr_219870437
그린힐,2026-09-19,18:45,110000,golfpang,,,18홀,tr_219870436
클럽72,2026-09-19,19:21,150000,golfpang,,,18홀,tr_220317795
빅토리아-퍼9,2026-09-19,17:59,-1,golfpang,,,18홀,tr_220320695
젠스필드,2026-09-19,17:49,110000,golfpang,,,18홀,tr_219795759
세현,2026-09-19,18:09,170000,golfpang,,,18홀,tr_220322791
이천실크밸리,2026-09-19,18:24,110000,golfpang,,,18홀,tr_220206493
용인(비공개),2026-09-19,17:35,150000,golfpang,,,18홀,tr_219807095
신안(병행),2026-09-19,18:24,100000,golfpang,,,18홀,tr_219667487
신안(병행),2026-09-19,18:24,100000,golfpang,,,18홀,tr_219667489
이천실크밸리,2026-09-19,18:24,110000,golfpang,,,18홀,tr_219929121
용인(비공개),2026-09-19,17:35,150000,golfpang,,,18홀,tr_219807070
솔모로,2026-09-19,13:28,190000,golfpang,,,18홀,tr_219737390
솔모로,2026-09-19,13:28,190000,golfpang,,,18홀,tr_219737392
해솔리아,2026-09-19,13:19,170000,golfpang,,,18홀,tr_220349745
해솔리아,2026-09-19,13:19,170000,golfpang,,,18홀,tr_220349746
마이다스레이크 이천,2026-09-19,14:10,180000,golfpang,,,18홀,tr_220241991
용인(비공개),2026-09-19,13:52,199000,golfpang,,,18홀,tr_220366609
용인(비공개),2026-09-19,06:11,230000,golfpang,,,18홀,tr_220366608
용인(비공개),2026-09-19,18:17,150000,golfpang,,,18홀,tr_220366610
양평TPC,2026-09-19,12:40,160000,golfpang,,,18홀,tr_220348279
루트52,2026-09-19,08:28,290000,golfpang,,,18홀,tr_220348873
캐슬렉스,2026-09-19,08:44,260000,golfpang,,,18홀,tr_220348198
안성(비공개),2026-09-19,12:06,230000,golfpang,,,18홀,tr_219254164
윈체스트,2026-09-19,06:07,215000,golfpang,,,18홀,tr_219254160
윈체스트,2026-09-19,17:14,160000,golfpang,,,18홀,tr_219254167
캐슬렉스,2026-09-19,13:45,260000,golfpang,,,18홀,tr_220348217
히든밸리,2026-09-19,14:08,160000,golfpang,,,18홀,tr_220366579
히든밸리,2026-09-19,06:49,200000,golfpang,,,18홀,tr_220366578
더크로스비,2026-09-19,13:58,197000,golfpang,,,18홀,tr_220349320
인천그랜드,2026-09-19,17:31,189000,golfpang,,,18홀,tr_220305455
인천그랜드,2026-09-19,17:31,189000,golfpang,,,18홀,tr_220305462
여주(비공개),2026-09-19,12:53,170000,golfpang,,,18홀,tr_220366478
여주(비공개),2026-09-19,12:46,170000,golfpang,,,18홀,tr_220366477
여주(비공개),2026-09-19,12:53,170000,golfpang,,,18홀,tr_220366479
기흥(비공개),2026-09-19,13:15,260000,golfpang,,,18홀,tr_219244347
용인플라자,2026-09-19,08:10,290000,golfpang,,,18홀,tr_220213275
한림용인,2026-09-19,13:15,180000,golfpang,,,18홀,tr_219813418
한림용인,2026-09-19,17:15,150000,golfpang,,,18홀,tr_220213300
용인플라자,2026-09-19,18:00,140000,golfpang,,,18홀,tr_219527116
용인플라자,2026-09-19,11:35,220000,golfpang,,,18홀,tr_217884138
한림용인,2026-09-19,17:31,150000,golfpang,,,18홀,tr_219785071
양지파인,2026-09-19,06:30,210000,golfpang,,,18홀,tr_220015432
유니아일랜드,2026-09-19,07:11,200000,golfpang,,,18홀,tr_219933946
유니아일랜드,2026-09-19,11:29,200000,golfpang,,,18홀,tr_219933947
이글몬트,2026-09-19,11:40,190000,golfpang,,,18홀,tr_220216972
이글몬트,2026-09-19,08:26,220000,golfpang,,,18홀,tr_220216971
양지파인,2026-09-19,11:59,190000,golfpang,,,18홀,tr_220015433
양평TPC,2026-09-19,13:15,160000,golfpang,,,18홀,tr_220217685
양평TPC,2026-09-19,13:15,160000,golfpang,,,18홀,tr_220217686
360도,2026-09-19,13:07,180000,golfpang,,,18홀,tr_220023303
이천실크밸리,2026-09-19,13:10,155000,golfpang,,,18홀,tr_220086293
이천실크밸리,2026-09-19,13:10,155000,golfpang,,,18홀,tr_220086294
세현,2026-09-19,18:02,180000,golfpang,,,18홀,tr_220100368
360도,2026-09-19,07:07,220000,golfpang,,,18홀,tr_220023302
아난티중앙(야간),2026-09-19,17:53,140000,golfpang,,,18홀,tr_220348218
리베라,2026-09-19,17:43,140000,golfpang,,,18홀,tr_220307153
리베라,2026-09-19,17:43,140000,golfpang,,,18홀,tr_220307182
한림용인,2026-09-19,12:57,190000,golfpang,,,18홀,tr_220366295
한림용인,2026-09-19,13:32,180000,golfpang,,,18홀,tr_220366297
한림용인,2026-09-19,13:25,180000,golfpang,,,18홀,tr_220366296
코리아-퍼9,2026-09-19,11:53,130000,golfpang,,,18홀,tr_219552862
마이다스레이크 이천,2026-09-19,14:24,180000,golfpang,,,18홀,tr_220241916
골프존 안성W,2026-09-19,18:59,130000,golfpang,,,18홀,tr_219670660
용인(비공개),2026-09-19,12:36,270000,golfpang,,,18홀,tr_220349264
이천실크밸리,2026-09-19,13:52,155000,golfpang,,,18홀,tr_220366200
이천실크밸리,2026-09-19,13:52,155000,golfpang,,,18홀,tr_220366199
이천실크밸리,2026-09-19,18:24,110000,golfpang,,,18홀,tr_220366201
용인(비공개),2026-09-19,06:11,230000,golfpang,,,18홀,tr_220239191
골프클럽Q,2026-09-19,13:21,160000,golfpang,,,18홀,tr_220362357
스카이밸리,2026-09-19,13:11,200000,golfpang,,,18홀,tr_220348195
유니아일랜드,2026-09-19,06:43,190000,golfpang,,,18홀,tr_220362329
유니아일랜드,2026-09-19,15:14,150000,golfpang,,,18홀,tr_220362331
유니아일랜드,2026-09-19,12:11,190000,golfpang,,,18홀,tr_220362330
한림용인,2026-09-19,11:41,210000,golfpang,,,18홀,tr_220362260
스카이밸리,2026-09-19,06:41,200000,golfpang,,,18홀,tr_220348167
용인플라자,2026-09-19,17:50,140000,golfpang,,,18홀,tr_220217445
기흥(비공개),2026-09-19,13:10,260000,golfpang,,,18홀,tr_218989818
용인플라자,2026-09-19,11:30,220000,golfpang,,,18홀,tr_217843777
클럽72,2026-09-19,18:30,140000,golfpang,,,18홀,tr_219870843
세현,2026-09-19,13:37,230000,golfpang,,,18홀,tr_220362120
세현,2026-09-19,18:09,170000,golfpang,,,18홀,tr_220362121
세현,2026-09-19,18:44,160000,golfpang,,,18홀,tr_220362122
세현,2026-09-19,18:09,170000,golfpang,,,18홀,tr_220362098
세현,2026-09-19,18:44,160000,golfpang,,,18홀,tr_220362099
세현,2026-09-19,13:37,230000,golfpang,,,18홀,tr_220362097
한림용인,2026-09-19,11:40,210000,golfpang,,,18홀,tr_220362080
한림용인,2026-09-19,17:31,150000,golfpang,,,18홀,tr_220362081
한림용인,2026-09-19,18:55,145000,golfpang,,,18홀,tr_220362082
한림용인,2026-09-19,06:24,215000,golfpang,,,18홀,tr_220362068
한림용인,2026-09-19,06:52,220000,golfpang,,,18홀,tr_220362069
이포,2026-09-19,18:41,140000,golfpang,,,18홀,tr_220217982
스카이밸리,2026-09-19,13:32,200000,golfpang,,,18홀,tr_220242315
신라,2026-09-19,12:22,200000,golfpang,,,18홀,tr_220241587
포웰(안성)cc,2026-09-19,12:54,162000,golfpang,,,18홀,tr_220241962
양평TPC,2026-09-19,13:29,160000,golfpang,,,18홀,tr_220242212
양평TPC,2026-09-19,13:15,160000,golfpang,,,18홀,tr_220242029
이포,2026-09-19,12:54,200000,golfpang,,,18홀,tr_220241896
마이다스레이크 이천,2026-09-19,14:03,190000,golfpang,,,18홀,tr_220242415
더크로스비,2026-09-19,13:51,207000,golfpang,,,18홀,tr_220242355
한림용인,2026-09-19,17:38,158000,golfpang,,,18홀,tr_220242444
이포,2026-09-19,18:13,155000,golfpang,,,18홀,tr_220242666
아난티중앙(야간),2026-09-19,17:53,140000,golfpang,,,18홀,tr_220242507
신라,2026-09-19,06:17,200000,golfpang,,,18홀,tr_220241027
한림용인,2026-09-19,12:01,200000,golfpang,,,18홀,tr_220361991
한림용인,2026-09-19,17:17,150000,golfpang,,,18홀,tr_220361992
이포,2026-09-19,12:54,200000,golfpang,,,18홀,tr_220217923
크리스밸리,2026-09-19,12:51,190000,golfpang,,,18홀,tr_220361990
크리스밸리,2026-09-19,12:51,190000,golfpang,,,18홀,tr_220361919
마이다스레이크 이천,2026-09-19,14:17,180000,golfpang,,,18홀,tr_220347900
해솔리아,2026-09-19,06:14,170000,golfpang,,,18홀,tr_220326654
포웰(안성)cc,2026-09-19,12:33,172000,golfpang,,,18홀,tr_220349732
해솔리아,2026-09-19,07:10,180000,golfpang,,,18홀,tr_220326655
해솔리아,2026-09-19,18:11,135000,golfpang,,,18홀,tr_220326656
안성베네스트(챌),2026-09-19,06:58,199000,golfpang,,,18홀,tr_220361867
클럽72,2026-09-19,17:43,150000,golfpang,,,18홀,tr_219813359
양평TPC,2026-09-19,13:50,150000,golfpang,,,18홀,tr_220336290
캐슬렉스,2026-09-19,13:46,250000,golfpang,,,18홀,tr_220349751
양평TPC,2026-09-19,12:54,160000,golfpang,,,18홀,tr_220336289
여주(비공개),2026-09-19,12:53,170000,golfpang,,,18홀,tr_220346830
여주(비공개),2026-09-19,12:46,170000,golfpang,,,18홀,tr_220346829
양지파인,2026-09-19,08:37,190000,golfpang,,,18홀,tr_220314999
양지파인,2026-09-19,11:51,170000,golfpang,,,18홀,tr_220315000
유니아일랜드,2026-09-19,06:43,190000,golfpang,,,18홀,tr_219936484
유니아일랜드,2026-09-19,10:40,200000,golfpang,,,18홀,tr_219936488
캐슬렉스,2026-09-19,06:04,250000,golfpang,,,18홀,tr_220349750
유니아일랜드,2026-09-19,16:52,130000,golfpang,,,18홀,tr_219936544
용인플라자,2026-09-19,17:24,160000,golfpang,,,18홀,tr_219771947
용인(비공개),2026-09-19,14:06,199000,golfpang,,,18홀,tr_220349293
용인플라자,2026-09-19,18:05,160000,golfpang,,,18홀,tr_219771948
클럽72,2026-09-19,18:46,140000,golfpang,,,18홀,tr_219813360
클럽72,2026-09-19,06:35,240000,golfpang,,,18홀,tr_219813358
용인(비공개),2026-09-19,06:11,230000,golfpang,,,18홀,tr_220349292
이글몬트,2026-09-19,06:41,195000,golfpang,,,18홀,tr_220328389
용인(비공개),2026-09-19,18:17,160000,golfpang,,,18홀,tr_220349294
이글몬트,2026-09-19,06:27,195000,golfpang,,,18홀,tr_220328388
리베라,2026-09-19,19:06,140000,golfpang,,,18홀,tr_220361778
스카이밸리,2026-09-19,13:53,190000,golfpang,,,18홀,tr_220324758
스카이밸리,2026-09-19,06:20,200000,golfpang,,,18홀,tr_220324757
골프존 송도(구.오렌지듄스),2026-09-19,05:50,169000,golfpang,,,18홀,tr_220361853
골프존 송도(구.오렌지듄스),2026-09-19,18:52,159000,golfpang,,,18홀,tr_220361855
안성베네스트(챌),2026-09-19,06:58,199000,golfpang,,,18홀,tr_220336598
아세코밸리-퍼9,2026-09-19,17:38,110000,golfpang,,,18홀,tr_220327352
빅토리아-퍼9,2026-09-19,17:38,99000,golfpang,,,18홀,tr_219766792
신라,2026-09-19,14:07,180000,golfpang,,,18홀,tr_220347827
신라,2026-09-19,14:14,180000,golfpang,,,18홀,tr_220347828
골프존 송도(구.오렌지듄스),2026-09-19,13:57,179000,golfpang,,,18홀,tr_220361854
안성베네스트(클),2026-09-19,14:06,189000,golfpang,,,18홀,tr_220100256
한원,2026-09-19,14:06,-1,golfpang,,,18홀,tr_220361806
한원,2026-09-19,18:17,-1,golfpang,,,18홀,tr_220361807
한원,2026-09-19,06:11,-1,golfpang,,,18홀,tr_220361805
골프존 안성W,2026-09-19,11:46,160000,golfpang,,,18홀,tr_220361804
골프존 안성H,2026-09-19,14:20,185000,golfpang,,,18홀,tr_220346038
360도,2026-09-19,06:00,165000,golfpang,,,18홀,tr_220315694
골프존 안성W,2026-09-19,08:43,180000,golfpang,,,18홀,tr_220361803
골프존 안성W,2026-09-19,19:06,110000,golfpang,,,18홀,tr_220349803
골프존 안성W,2026-09-19,07:05,170000,golfpang,,,18홀,tr_220349801
360도,2026-09-19,07:07,180000,golfpang,,,18홀,tr_220315695
골프존 안성H,2026-09-19,13:45,185000,golfpang,,,18홀,tr_220346036
그린힐,2026-09-19,17:42,140000,golfpang,,,18홀,tr_220361516
골프존 안성W,2026-09-19,13:38,150000,golfpang,,,18홀,tr_220349802
골프존 안성H,2026-09-19,13:31,185000,golfpang,,,18홀,tr_220346037
그린힐,2026-09-19,17:35,140000,golfpang,,,18홀,tr_220361515
한원,2026-09-19,14:06,-1,golfpang,,,18홀,tr_220361789
한원,2026-09-19,18:10,-1,golfpang,,,18홀,tr_220361791
한원,2026-09-19,18:17,-1,golfpang,,,18홀,tr_220361790
스카이밸리,2026-09-19,06:48,220000,golfpang,,,18홀,tr_220219769
비에이비스타(퍼),2026-09-19,12:43,160000,golfpang,,,18홀,tr_220219766
기흥(비공개),2026-09-19,13:35,260000,golfpang,,,18홀,tr_220219720
블루원용인(퍼),2026-09-19,18:01,145000,golfpang,,,18홀,tr_220219721
블루원용인,2026-09-19,18:15,175000,golfpang,,,18홀,tr_220219765
스카이밸리,2026-09-19,13:53,200000,golfpang,,,18홀,tr_220219770
양평TPC,2026-09-19,13:50,150000,golfpang,,,18홀,tr_220304487
용인(비공개),2026-09-19,14:06,285000,golfpang,,,18홀,tr_220219722
비에이비스타(퍼),2026-09-19,18:20,110000,golfpang,,,18홀,tr_220219767
비에이비스타,2026-09-19,06:28,210000,golfpang,,,18홀,tr_220219768
클럽72,2026-09-19,19:00,150000,golfpang,,,18홀,tr_220361754
아세코밸리-퍼9,2026-09-19,18:13,110000,golfpang,,,18홀,tr_220361648
아세코밸리-퍼9,2026-09-19,18:13,110000,golfpang,,,18홀,tr_220361647
해솔리아,2026-09-19,13:33,160000,golfpang,,,18홀,tr_220361630
클럽72,2026-09-19,19:14,150000,golfpang,,,18홀,tr_220361590
클럽72,2026-09-19,19:00,150000,golfpang,,,18홀,tr_220361589
클럽72,2026-09-19,08:13,240000,golfpang,,,18홀,tr_220361588
신안,2026-09-19,18:45,110000,golfpang,,,18홀,tr_220361541
신안,2026-09-19,18:59,110000,golfpang,,,18홀,tr_220361542
클럽72,2026-09-19,08:13,220000,golfpang,,,18홀,tr_219332043
용인(비공개),2026-09-19,14:06,199000,golfpang,,,18홀,tr_220361470
용인(비공개),2026-09-19,18:17,150000,golfpang,,,18홀,tr_220361471
용인(비공개),2026-09-19,18:17,150000,golfpang,,,18홀,tr_220361472
윈체스트,2026-09-19,12:07,190000,golfpang,,,18홀,tr_220342564
클럽72-오션,2026-09-19,13:07,280000,golfpang,,,18홀,tr_220361446
신라,2026-09-19,07:20,240000,golfpang,,,18홀,tr_220288618
한림용인,2026-09-19,17:38,158000,golfpang,,,18홀,tr_220290690
이포,2026-09-19,12:54,200000,golfpang,,,18홀,tr_220289403
스카이밸리,2026-09-19,13:32,200000,golfpang,,,18홀,tr_220290208
신라,2026-09-19,13:32,180000,golfpang,,,18홀,tr_220290027
양평TPC,2026-09-19,13:15,160000,golfpang,,,18홀,tr_220289629
더크로스비,2026-09-19,13:51,207000,golfpang,,,18홀,tr_220290452
포웰(안성)cc,2026-09-19,13:57,152000,golfpang,,,18홀,tr_220290531
마이다스레이크 이천,2026-09-19,14:10,180000,golfpang,,,18홀,tr_220290583
이포,2026-09-19,18:13,155000,golfpang,,,18홀,tr_220290802
포웰(안성)cc,2026-09-19,12:54,162000,golfpang,,,18홀,tr_220289465
용인(비공개),2026-09-19,18:17,150000,golfpang,,,18홀,tr_220361426
용인(비공개),2026-09-19,14:06,199000,golfpang,,,18홀,tr_220361425
용인(비공개),2026-09-19,06:11,230000,golfpang,,,18홀,tr_220361424
클럽72-오션,2026-09-19,06:44,300000,golfpang,,,18홀,tr_220355215
윈체스트,2026-09-19,12:00,230000,golfpang,,,18홀,tr_218716898
한림용인,2026-09-19,06:17,190000,golfpang,,,18홀,tr_220349931
클럽72,2026-09-19,13:00,210000,golfpang,,,18홀,tr_220349857
양지파인,2026-09-19,11:36,170000,golfpang,,,18홀,tr_220218832
양지파인,2026-09-19,08:22,190000,golfpang,,,18홀,tr_220322640
양지파인,2026-09-19,08:22,199000,golfpang,,,18홀,tr_220218831
골프존 송도(구.오렌지듄스),2026-09-19,13:30,179000,golfpang,,,18홀,tr_220349846
여주,2026-09-19,14:07,240000,golfpang,,,18홀,tr_220349835
여주,2026-09-19,14:00,240000,golfpang,,,18홀,tr_220349834
골프존 송도(구.오렌지듄스),2026-09-19,18:52,159000,golfpang,,,18홀,tr_220094627
더크로스비,2026-09-19,13:58,197000,golfpang,,,18홀,tr_220347767
남여주,2026-09-19,13:21,160000,golfpang,,,18홀,tr_220349816
골프존 송도(구.오렌지듄스),2026-09-19,06:06,169000,golfpang,,,18홀,tr_220336087
클럽72,2026-09-19,06:49,200000,golfpang,,,18홀,tr_220349782
골프존 송도(구.오렌지듄스),2026-09-19,06:06,169000,golfpang,,,18홀,tr_220336133
남여주,2026-09-19,12:32,170000,golfpang,,,18홀,tr_220349765
윈체스트,2026-09-19,06:00,205000,golfpang,,,18홀,tr_220209394
윈체스트,2026-09-19,12:49,190000,golfpang,,,18홀,tr_220209399
윈체스트,2026-09-19,12:07,190000,golfpang,,,18홀,tr_220325997
골프존 송도(구.오렌지듄스),2026-09-19,13:50,179000,golfpang,,,18홀,tr_219332072
용인(비공개),2026-09-19,12:36,270000,golfpang,,,18홀,tr_220349742
클럽72,2026-09-19,18:35,140000,golfpang,,,18홀,tr_220241025
코리아,2026-09-19,18:01,149000,golfpang,,,18홀,tr_217982734
남여주,2026-09-19,13:28,160000,golfpang,,,18홀,tr_220347738
더크로스비,2026-09-19,13:51,207000,golfpang,,,18홀,tr_220349131
스카이밸리,2026-09-19,13:32,200000,golfpang,,,18홀,tr_220215192
골프존 송도(구.오렌지듄스),2026-09-19,05:50,169000,golfpang,,,18홀,tr_219332061
포웰(안성)cc,2026-09-19,13:40,152000,golfpang,,,18홀,tr_220327776
용인플라자,2026-09-19,17:40,140000,golfpang,,,18홀,tr_220057866
신라,2026-09-19,12:22,200000,golfpang,,,18홀,tr_220242413
여주(비공개S),2026-09-19,11:50,205000,golfpang,,,18홀,tr_220342250
여주(비공개),2026-09-19,11:50,205000,golfpang,,,18홀,tr_220342268
남여주,2026-09-19,12:32,170000,golfpang,,,18홀,tr_220347735
남여주,2026-09-19,12:31,170000,golfpang,,,18홀,tr_220349571
비에이비스타,2026-09-19,18:06,130000,golfpang,,,18홀,tr_219991587
양지파인,2026-09-19,08:37,190000,golfpang,,,18홀,tr_220349543
양지파인,2026-09-19,11:59,170000,golfpang,,,18홀,tr_220349544
클럽72,2026-09-19,06:49,200000,golfpang,,,18홀,tr_219332041
360도,2026-09-19,07:07,180000,golfpang,,,18홀,tr_220349520
360도,2026-09-19,06:22,170000,golfpang,,,18홀,tr_220349519
한림용인,2026-09-19,06:21,190000,golfpang,,,18홀,tr_220349185
한림용인,2026-09-19,17:31,150000,golfpang,,,18홀,tr_220349208
그린힐,2026-09-19,18:51,110000,golfpang,,,18홀,tr_220204844
더크로스비,2026-09-19,11:45,210000,golfpang,,,18홀,tr_220349514
블루원용인(퍼),2026-09-19,18:36,135000,golfpang,,,18홀,tr_218569131
더크로스비,2026-09-19,06:21,210000,golfpang,,,18홀,tr_220349481
마이다스레이크 이천,2026-09-19,14:25,180000,golfpang,,,18홀,tr_220290078
포웰(안성)cc,2026-09-19,07:21,172000,golfpang,,,18홀,tr_220321353
그린힐,2026-09-19,19:00,100000,golfpang,,,18홀,tr_219798452
포웰(안성)cc,2026-09-19,13:30,152000,golfpang,,,18홀,tr_219798431
크리스밸리,2026-09-19,12:54,190000,golfpang,,,18홀,tr_220349400
여주(비공개S),2026-09-19,13:50,190000,golfpang,,,18홀,tr_220029513
남여주,2026-09-19,13:21,160000,golfpang,,,18홀,tr_220349350
남여주,2026-09-19,12:32,170000,golfpang,,,18홀,tr_220349346
골프존 안성W,2026-09-19,09:00,180000,golfpang,,,18홀,tr_220349316
클럽72,2026-09-19,08:13,240000,golfpang,,,18홀,tr_220349266
클럽72,2026-09-19,08:13,240000,golfpang,,,18홀,tr_220349267
클럽72,2026-09-19,08:13,240000,golfpang,,,18홀,tr_220349268
한림용인,2026-09-19,06:17,190000,golfpang,,,18홀,tr_220304827
양지파인,2026-09-19,11:51,170000,golfpang,,,18홀,tr_220349240
양지파인,2026-09-19,11:59,170000,golfpang,,,18홀,tr_220349241
화성,2026-09-19,07:29,130000,golfpang,,,18홀,tr_220153312
더크로스비,2026-09-19,13:51,207000,golfpang,,,18홀,tr_220204884
골프존 안성H,2026-09-19,13:20,185000,golfpang,,,18홀,tr_220349207
용인(비공개),2026-09-19,12:36,270000,golfpang,,,18홀,tr_220349203
용인(비공개명문),2026-09-19,12:36,270000,golfpang,,,18홀,tr_220349192
클럽72,2026-09-19,18:30,140000,golfpang,,,18홀,tr_219818252
유니아일랜드,2026-09-19,10:40,200000,golfpang,,,18홀,tr_220349150
유니아일랜드,2026-09-19,06:43,190000,golfpang,,,18홀,tr_220349149
유니아일랜드,2026-09-19,15:21,150000,golfpang,,,18홀,tr_220349151
스카이밸리,2026-09-19,06:48,200000,golfpang,,,18홀,tr_220289578
루트52,2026-09-19,06:45,220000,golfpang,,,18홀,tr_219716362
유니아일랜드,2026-09-19,06:43,190000,golfpang,,,18홀,tr_219933652
유니아일랜드,2026-09-19,07:11,200000,golfpang,,,18홀,tr_219933654
골프존 안성W,2026-09-19,07:05,170000,golfpang,,,18홀,tr_220307391
양평TPC,2026-09-19,06:59,200000,golfpang,,,18홀,tr_220315522
양지파인,2026-09-19,08:07,190000,golfpang,,,18홀,tr_220346888
유니아일랜드,2026-09-19,10:40,200000,golfpang,,,18홀,tr_219933653
이천실크밸리,2026-09-19,11:39,155000,golfpang,,,18홀,tr_219914026
해솔리아,2026-09-19,11:27,170000,golfpang,,,18홀,tr_220297346
양지파인,2026-09-19,11:59,170000,golfpang,,,18홀,tr_220320913
양지파인,2026-09-19,11:51,170000,golfpang,,,18홀,tr_220346889
여주(비공개),2026-09-19,12:53,170000,golfpang,,,18홀,tr_220346582
여주(비공개),2026-09-19,12:53,170000,golfpang,,,18홀,tr_220346581
솔모로,2026-09-19,12:53,190000,golfpang,,,18홀,tr_220215161
여주(비공개),2026-09-19,12:46,170000,golfpang,,,18홀,tr_220346580
골프존 안성H,2026-09-19,13:31,185000,golfpang,,,18홀,tr_220233093
골프존 안성W,2026-09-19,13:38,150000,golfpang,,,18홀,tr_220307392
골프존 안성H,2026-09-19,13:45,185000,golfpang,,,18홀,tr_220233095
솔모로,2026-09-19,13:42,180000,golfpang,,,18홀,tr_220215162
골프존 안성H,2026-09-19,13:38,185000,golfpang,,,18홀,tr_220233094
양평TPC,2026-09-19,13:50,150000,golfpang,,,18홀,tr_220315523
골프존 송도(구.오렌지듄스),2026-09-19,13:50,199000,golfpang,,,18홀,tr_220221133
캐슬렉스,2026-09-19,13:46,250000,golfpang,,,18홀,tr_220325333
캐슬렉스,2026-09-19,13:46,250000,golfpang,,,18홀,tr_220325332
골프존 송도(구.오렌지듄스),2026-09-19,13:57,199000,golfpang,,,18홀,tr_220221134
스카이밸리,2026-09-19,13:53,190000,golfpang,,,18홀,tr_220289579
루트52,2026-09-19,14:17,180000,golfpang,,,18홀,tr_219716363
유니아일랜드,2026-09-19,15:21,170000,golfpang,,,18홀,tr_220321828
용인플라자,2026-09-19,17:31,160000,golfpang,,,18홀,tr_219527510
그린힐,2026-09-19,17:35,140000,golfpang,,,18홀,tr_219833972
빅토리아-퍼9,2026-09-19,17:45,99000,golfpang,,,18홀,tr_220303948
빅토리아-퍼9,2026-09-19,17:59,99000,golfpang,,,18홀,tr_220303949
용인플라자,2026-09-19,18:06,160000,golfpang,,,18홀,tr_219527511
아세코밸리-퍼9,2026-09-19,18:13,110000,golfpang,,,18홀,tr_220327000
아세코밸리-퍼9,2026-09-19,18:13,110000,golfpang,,,18홀,tr_220326999
아세코밸리-퍼9,2026-09-19,18:13,110000,golfpang,,,18홀,tr_220326998
이천실크밸리,2026-09-19,18:24,110000,golfpang,,,18홀,tr_219914027
빅토리아-퍼9,2026-09-19,18:20,99000,golfpang,,,18홀,tr_220303950
해솔리아,2026-09-19,18:18,135000,golfpang,,,18홀,tr_220297347
용인플라자,2026-09-19,18:34,160000,golfpang,,,18홀,tr_219527512
그린힐,2026-09-19,18:59,110000,golfpang,,,18홀,tr_219833973
젠스필드,2026-09-19,18:52,100000,golfpang,,,18홀,tr_219789515
젠스필드,2026-09-19,18:52,100000,golfpang,,,18홀,tr_219789514
젠스필드,2026-09-19,18:52,100000,golfpang,,,18홀,tr_219789513
클럽72,2026-09-19,19:14,150000,golfpang,,,18홀,tr_220347391
골프존 안성W,2026-09-19,19:06,110000,golfpang,,,18홀,tr_220307393
클럽72,2026-09-19,19:00,150000,golfpang,,,18홀,tr_220347390
클럽72,2026-09-19,19:35,150000,golfpang,,,18홀,tr_220347392
리베라,2026-09-19,19:20,140000,golfpang,,,18홀,tr_220320710
그린힐,2026-09-19,19:20,110000,golfpang,,,18홀,tr_219833974
캐슬렉스,2026-09-19,06:04,250000,golfpang,,,18홀,tr_220325331
360도,2026-09-19,06:00,165000,golfpang,,,18홀,tr_220304247
360도,2026-09-19,06:22,170000,golfpang,,,18홀,tr_220304248
한림안성(퍼9),2026-09-19,06:21,140000,golfpang,,,18홀,tr_219962313
한림안성(퍼9),2026-09-19,06:21,140000,golfpang,,,18홀,tr_219962312
해솔리아,2026-09-19,06:14,170000,golfpang,,,18홀,tr_220297345
골프존 송도(구.오렌지듄스),2026-09-19,06:11,199000,golfpang,,,18홀,tr_220221132
이천실크밸리,2026-09-19,06:28,165000,golfpang,,,18홀,tr_219914025
유니아일랜드,2026-09-19,15:40,140000,golfpang,,,18홀,tr_219163870
인천그랜드,2026-09-19,16:50,199000,golfpang,,,18홀,tr_220205500
한림용인,2026-09-19,11:40,210000,golfpang,,,18홀,tr_220349084
한림용인,2026-09-19,17:38,150000,golfpang,,,18홀,tr_220349086
한림용인,2026-09-19,11:54,210000,golfpang,,,18홀,tr_220349085
골프존 안성W,2026-09-19,07:05,170000,golfpang,,,18홀,tr_220349047
용인(비공개),2026-09-19,18:17,150000,golfpang,,,18홀,tr_220349064
골프존 안성W,2026-09-19,19:06,110000,golfpang,,,18홀,tr_220349049
용인(비공개),2026-09-19,14:06,199000,golfpang,,,18홀,tr_220349063
골프존 안성W,2026-09-19,11:53,160000,golfpang,,,18홀,tr_220349048
용인(비공개),2026-09-19,06:11,230000,golfpang,,,18홀,tr_220349062
포웰(안성)cc,2026-09-19,06:04,182000,golfpang,,,18홀,tr_220128007
360도,2026-09-19,06:00,165000,golfpang,,,18홀,tr_220305429
솔트베이,2026-09-19,05:46,270000,golfpang,,,18홀,tr_219992360
유니아일랜드,2026-09-19,05:40,170000,golfpang,,,18홀,tr_220212982
클럽72,2026-09-19,06:14,230000,golfpang,,,18홀,tr_220127335
이천실크밸리,2026-09-19,06:14,165000,golfpang,,,18홀,tr_220126139
골프존 송도(구.오렌지듄스),2026-09-19,06:11,199000,golfpang,,,18홀,tr_220305595
한림용인,2026-09-19,06:10,205000,golfpang,,,18홀,tr_220128222
신라,2026-09-19,06:10,200000,golfpang,,,18홀,tr_220105353
이글몬트,2026-09-19,06:34,200000,golfpang,,,18홀,tr_220213498
스카이밸리,2026-09-19,06:34,190000,golfpang,,,18홀,tr_220239775
여주,2026-09-19,06:30,270000,golfpang,,,18홀,tr_220124497
해솔리아,2026-09-19,06:28,180000,golfpang,,,18홀,tr_220128438
골프존 안성W,2026-09-19,06:51,180000,golfpang,,,18홀,tr_220297150
히든밸리,2026-09-19,06:49,200000,golfpang,,,18홀,tr_220128942
에덴블루,2026-09-19,06:42,199000,golfpang,,,18홀,tr_220121386
이글몬트,2026-09-19,06:41,200000,golfpang,,,18홀,tr_220213497
용인,2026-09-19,07:55,180000,golfpang,,,18홀,tr_219952103
양평TPC,2026-09-19,07:41,240000,golfpang,,,18홀,tr_220118552
포웰(안성)cc,2026-09-19,07:21,192000,golfpang,,,18홀,tr_220128008
용인,2026-09-19,10:43,160000,golfpang,,,18홀,tr_219952104
유니아일랜드,2026-09-19,10:40,200000,golfpang,,,18홀,tr_220212983
양지파인,2026-09-19,08:22,210000,golfpang,,,18홀,tr_220115374
양지파인,2026-09-19,11:51,180000,golfpang,,,18홀,tr_220115375
마론뉴데이,2026-09-19,11:22,175000,golfpang,,,18홀,tr_220057911
마론뉴데이,2026-09-19,11:15,175000,golfpang,,,18홀,tr_220057909
360도,2026-09-19,12:15,180000,golfpang,,,18홀,tr_220305430
에덴블루,2026-09-19,12:30,209000,golfpang,,,18홀,tr_220121387
아세코밸리-퍼9,2026-09-19,12:44,130000,golfpang,,,18홀,tr_220106335
골프존 안성W,2026-09-19,12:35,170000,golfpang,,,18홀,tr_220297151
해솔리아,2026-09-19,18:04,135000,golfpang,,,18홀,tr_220128440
이천실크밸리,2026-09-19,18:03,110000,golfpang,,,18홀,tr_220126141
아난티중앙(야간),2026-09-19,18:11,140000,golfpang,,,18홀,tr_220149885
골프존 송도(구.오렌지듄스),2026-09-19,18:31,159000,golfpang,,,18홀,tr_220305597
클럽72,2026-09-19,18:18,150000,golfpang,,,18홀,tr_220127336
한림용인,2026-09-19,18:41,150000,golfpang,,,18홀,tr_220128224
아난티중앙(야간),2026-09-19,18:38,140000,golfpang,,,18홀,tr_220149886
클럽72,2026-09-19,19:00,140000,golfpang,,,18홀,tr_220127337
그린힐,2026-09-19,18:59,110000,golfpang,,,18홀,tr_220056763
리베라,2026-09-19,19:13,140000,golfpang,,,18홀,tr_220306361
세현,2026-09-19,19:12,160000,golfpang,,,18홀,tr_220070092
에덴블루,2026-09-19,19:10,119900,golfpang,,,18홀,tr_220121388
골프존 안성W,2026-09-19,19:06,120000,golfpang,,,18홀,tr_220297152
리베라,2026-09-19,19:06,140000,golfpang,,,18홀,tr_220306363
포웰(안성)cc,2026-09-19,19:49,105000,golfpang,,,18홀,tr_220128009
안성베네스트(클),2026-09-19,14:13,199000,golfpang,,,18홀,tr_220106654
골프존 안성H,2026-09-19,14:13,185000,golfpang,,,18홀,tr_220305724
히든밸리,2026-09-19,14:08,160000,golfpang,,,18홀,tr_220128943
안성베네스트(클),2026-09-19,14:06,199000,golfpang,,,18홀,tr_220106653
유니아일랜드,2026-09-19,15:14,150000,golfpang,,,18홀,tr_220212984
리베라,2026-09-19,14:31,210000,golfpang,,,18홀,tr_220306362
골프존 안성H,2026-09-19,14:20,185000,golfpang,,,18홀,tr_220305723
마론뉴데이,2026-09-19,14:18,175000,golfpang,,,18홀,tr_220057910
아세코밸리-퍼9,2026-09-19,17:31,110000,golfpang,,,18홀,tr_220106337
아세코밸리-퍼9,2026-09-19,17:10,110000,golfpang,,,18홀,tr_220106336
빅토리아-퍼9,2026-09-19,17:38,99000,golfpang,,,18홀,tr_220058090
용인(비공개),2026-09-19,17:35,150000,golfpang,,,18홀,tr_219990089
그린힐,2026-09-19,17:35,140000,golfpang,,,18홀,tr_220056761
세현,2026-09-19,17:48,180000,golfpang,,,18홀,tr_220070091
클럽72-오션,2026-09-19,13:07,280000,golfpang,,,18홀,tr_220349026
클럽72-오션,2026-09-19,06:44,300000,golfpang,,,18홀,tr_220349025
더크로스비,2026-09-19,13:58,197000,golfpang,,,18홀,tr_220336136
더크로스비,2026-09-19,13:51,207000,golfpang,,,18홀,tr_220336132
마이다스레이크 이천,2026-09-19,14:17,180000,golfpang,,,18홀,tr_220204849
남여주,2026-09-19,13:21,160000,golfpang,,,18홀,tr_220348970
솔모로,2026-09-19,13:28,190000,golfpang,,,18홀,tr_220348998
솔모로,2026-09-19,13:35,190000,golfpang,,,18홀,tr_220348999
남여주,2026-09-19,12:32,170000,golfpang,,,18홀,tr_220348968
용인(비공개),2026-09-19,12:36,270000,golfpang,,,18홀,tr_220348972
양평TPC,2026-09-19,13:50,150000,golfpang,,,18홀,tr_220241898
양평TPC,2026-09-19,12:54,160000,golfpang,,,18홀,tr_220241897
더크로스비,2026-09-19,06:21,210000,golfpang,,,18홀,tr_220348927
더크로스비,2026-09-19,11:45,210000,golfpang,,,18홀,tr_220348909
스카이밸리,2026-09-19,13:11,200000,golfpang,,,18홀,tr_220259141
안성베네스트(클),2026-09-19,14:13,179000,golfpang,,,18홀,tr_220220642
양평TPC,2026-09-19,12:40,160000,golfpang,,,18홀,tr_220259693
크리스밸리,2026-09-19,12:54,190000,golfpang,,,18홀,tr_220348722
크리스밸리,2026-09-19,12:54,190000,golfpang,,,18홀,tr_220348723
신라,2026-09-19,13:32,180000,golfpang,,,18홀,tr_220259388
아난티중앙(야간),2026-09-19,17:53,140000,golfpang,,,18홀,tr_220315540
신라,2026-09-19,13:32,180000,golfpang,,,18홀,tr_219841355
더크로스비,2026-09-19,13:58,197000,golfpang,,,18홀,tr_220315105
포웰(안성)cc,2026-09-19,13:57,152000,golfpang,,,18홀,tr_220318414
포웰(안성)cc,2026-09-19,17:57,122000,golfpang,,,18홀,tr_220318435
한림용인,2026-09-19,17:38,158000,golfpang,,,18홀,tr_219982945
마이다스레이크 이천,2026-09-19,14:10,180000,golfpang,,,18홀,tr_220206086
이포,2026-09-19,12:54,200000,golfpang,,,18홀,tr_219982875
스카이밸리,2026-09-19,06:41,200000,golfpang,,,18홀,tr_220315479
이포,2026-09-19,18:41,140000,golfpang,,,18홀,tr_220315692
양평TPC,2026-09-19,12:40,160000,golfpang,,,18홀,tr_220315611
스카이밸리,2026-09-19,13:32,200000,golfpang,,,18홀,tr_219982682
용인(비공개),2026-09-19,07:30,270000,golfpang,,,18홀,tr_220314846
신라,2026-09-19,13:53,180000,golfpang,,,18홀,tr_219427745
신라,2026-09-19,12:50,190000,golfpang,,,18홀,tr_219427703
남여주,2026-09-19,13:21,160000,golfpang,,,18홀,tr_220347185
한림용인,2026-09-19,17:31,150000,golfpang,,,18홀,tr_220348635
한림용인,2026-09-19,17:38,150000,golfpang,,,18홀,tr_220348634
한림용인,2026-09-19,13:32,180000,golfpang,,,18홀,tr_220348586
한림용인,2026-09-19,12:15,200000,golfpang,,,18홀,tr_220348584
한림용인,2026-09-19,12:57,190000,golfpang,,,18홀,tr_220348585
안성,2026-09-19,13:00,230000,golfpang,,,18홀,tr_219937678
안성,2026-09-19,06:30,250000,golfpang,,,18홀,tr_218979955
골프존 송도(구.오렌지듄스),2026-09-19,06:04,169000,golfpang,,,18홀,tr_220348506
용인,2026-09-19,13:03,150000,golfpang,,,18홀,tr_220348470
용인,2026-09-19,06:42,170000,golfpang,,,18홀,tr_220348469
리베라,2026-09-19,14:00,210000,golfpang,,,18홀,tr_220213814
아세코밸리-퍼9,2026-09-19,18:13,110000,golfpang,,,18홀,tr_220348423
아세코밸리-퍼9,2026-09-19,18:13,110000,golfpang,,,18홀,tr_220348422
아세코밸리-퍼9,2026-09-19,18:13,110000,golfpang,,,18홀,tr_220348421
골프존 송도(구.오렌지듄스),2026-09-19,06:19,229000,golfpang,,,18홀,tr_220222083
이글몬트,2026-09-19,06:34,195000,golfpang,,,18홀,tr_220348344
이글몬트,2026-09-19,06:27,195000,golfpang,,,18홀,tr_220348343
양평TPC,2026-09-19,13:50,150000,golfpang,,,18홀,tr_220314807
안성베네스트(클),2026-09-19,14:14,179000,golfpang,,,18홀,tr_220219634
안성베네스트(챌),2026-09-19,06:58,199000,golfpang,,,18홀,tr_220328114
로제비앙(구.큐로cc),2026-09-19,13:31,210000,golfpang,,,18홀,tr_220222188
골프존 송도(구.오렌지듄스),2026-09-19,18:52,159000,golfpang,,,18홀,tr_220348233
골프존 송도(구.오렌지듄스),2026-09-19,13:57,179000,golfpang,,,18홀,tr_220348232
골프존 송도(구.오렌지듄스),2026-09-19,05:57,169000,golfpang,,,18홀,tr_220348231
이포,2026-09-19,12:54,190000,golfpang,,,18홀,tr_220348219
이포,2026-09-19,18:13,130000,golfpang,,,18홀,tr_220326911
세현,2026-09-19,13:37,250000,golfpang,,,18홀,tr_220100367
포웰(안성)cc,2026-09-19,07:21,192000,golfpang,,,18홀,tr_220129594
세현,2026-09-19,13:37,250000,golfpang,,,18홀,tr_220100366
용인(비공개),2026-09-19,17:21,150000,golfpang,,,18홀,tr_220125620
용인(비공개),2026-09-19,17:14,150000,golfpang,,,18홀,tr_220125619
용인(비공개),2026-09-19,17:35,150000,golfpang,,,18홀,tr_220125618
클럽72,2026-09-19,18:40,140000,golfpang,,,18홀,tr_220348168
캐슬렉스,2026-09-19,06:04,250000,golfpang,,,18홀,tr_220348151
캐슬렉스,2026-09-19,08:45,250000,golfpang,,,18홀,tr_220348149
캐슬렉스,2026-09-19,13:46,250000,golfpang,,,18홀,tr_220348150
마이다스레이크 이천,2026-09-19,14:24,180000,golfpang,,,18홀,tr_220278618
골프존 송도(구.오렌지듄스),2026-09-19,13:50,179000,golfpang,,,18홀,tr_220348123
안성베네스트(챌),2026-09-19,06:58,199000,golfpang,,,18홀,tr_220348114
골프존 송도(구.오렌지듄스),2026-09-19,18:32,159000,golfpang,,,18홀,tr_220348099
여주,2026-09-19,14:00,240000,golfpang,,,18홀,tr_220348100
여주,2026-09-19,14:07,240000,golfpang,,,18홀,tr_220348101
마이다스레이크 이천,2026-09-19,14:03,190000,golfpang,,,18홀,tr_220346179
포웰(안성)cc,2026-09-19,13:57,152000,golfpang,,,18홀,tr_220346562
양평TPC,2026-09-19,12:40,160000,golfpang,,,18홀,tr_220346214
신라,2026-09-19,12:22,200000,golfpang,,,18홀,tr_220346219
신라,2026-09-19,07:20,240000,golfpang,,,18홀,tr_220346217
스카이밸리,2026-09-19,06:41,200000,golfpang,,,18홀,tr_220346210
골프존 안성W,2026-09-19,13:31,160000,golfpang,,,18홀,tr_220347953
골프존 안성W,2026-09-19,06:51,170000,golfpang,,,18홀,tr_220347951
골프존 안성W,2026-09-19,08:15,180000,golfpang,,,18홀,tr_220347952
골프존 안성H,2026-09-19,14:20,185000,golfpang,,,18홀,tr_220347903
골프존 안성H,2026-09-19,13:31,185000,golfpang,,,18홀,tr_220347902
이글몬트,2026-09-19,06:41,195000,golfpang,,,18홀,tr_220347883
이글몬트,2026-09-19,06:37,195000,golfpang,,,18홀,tr_220347882
골프존 송도(구.오렌지듄스),2026-09-19,13:43,179000,golfpang,,,18홀,tr_220347859
골프존 송도(구.오렌지듄스),2026-09-19,06:25,199000,golfpang,,,18홀,tr_220347858
골프존 송도(구.오렌지듄스),2026-09-19,18:31,159000,golfpang,,,18홀,tr_220347860
여주(비공개),2026-09-19,12:53,170000,golfpang,,,18홀,tr_220347857
이포,2026-09-19,12:54,190000,golfpang,,,18홀,tr_220346542
여주(비공개),2026-09-19,12:46,170000,golfpang,,,18홀,tr_220347855
이포,2026-09-19,12:54,190000,golfpang,,,18홀,tr_220347826
써닝포인트,2026-09-19,18:04,155000,golfpang,,,18홀,tr_220347823
신라,2026-09-19,13:41,180000,golfpang,,,18홀,tr_219444210
여주(비공개),2026-09-19,12:32,170000,golfpang,,,18홀,tr_220347807
여주(비공개),2026-09-19,12:53,170000,golfpang,,,18홀,tr_220347808
여주(비공개),2026-09-19,12:46,170000,golfpang,,,18홀,tr_220347809
여주(비공개),2026-09-19,12:53,170000,golfpang,,,18홀,tr_220347753
여주(비공개),2026-09-19,12:46,170000,golfpang,,,18홀,tr_220347752
여주(비공개),2026-09-19,12:46,170000,golfpang,,,18홀,tr_220347754
클럽72,2026-09-19,08:27,220000,golfpang,,,18홀,tr_220347736
포웰(안성)cc,2026-09-19,12:33,172000,golfpang,,,18홀,tr_220347696
에덴블루,2026-09-19,06:42,199000,golfpang,,,18홀,tr_220347589
에덴블루,2026-09-19,12:47,209000,golfpang,,,18홀,tr_220347591
에덴블루,2026-09-19,07:13,209000,golfpang,,,18홀,tr_220347590
이포,2026-09-19,18:41,140000,golfpang,,,18홀,tr_220204791
솔모로,2026-09-19,13:14,190000,golfpang,,,18홀,tr_220204366
신라,2026-09-19,13:32,180000,golfpang,,,18홀,tr_220212039
스카이밸리,2026-09-19,13:32,200000,golfpang,,,18홀,tr_220046263
포웰(안성)cc,2026-09-19,13:57,152000,golfpang,,,18홀,tr_220204814
마이다스레이크 이천,2026-09-19,13:49,190000,golfpang,,,18홀,tr_220204645
이포,2026-09-19,12:54,200000,golfpang,,,18홀,tr_220204748
양평TPC,2026-09-19,13:50,150000,golfpang,,,18홀,tr_220258383
포웰(안성)cc,2026-09-19,18:39,112000,golfpang,,,18홀,tr_220347493
양지파인,2026-09-19,08:37,190000,golfpang,,,18홀,tr_220347418
양지파인,2026-09-19,11:51,170000,golfpang,,,18홀,tr_220347419
이포,2026-09-19,18:13,130000,golfpang,,,18홀,tr_220347417
한림용인,2026-09-19,17:31,150000,golfpang,,,18홀,tr_220219620
골프클럽Q,2026-09-19,17:47,130000,golfpang,,,18홀,tr_220218579
한림용인,2026-09-19,13:25,180000,golfpang,,,18홀,tr_220219636
골프존 안성H,2026-09-19,13:18,190000,golfpang,,,18홀,tr_220217215
해솔리아,2026-09-19,13:12,170000,golfpang,,,18홀,tr_220219907
양평TPC,2026-09-19,13:29,160000,golfpang,,,18홀,tr_220219074
360도,2026-09-19,12:15,180000,golfpang,,,18홀,tr_220218560
골프존 안성W,2026-09-19,12:35,170000,golfpang,,,18홀,tr_219216523
양평TPC,2026-09-19,13:29,160000,golfpang,,,18홀,tr_220230499
여주(비공개),2026-09-19,12:53,170000,golfpang,,,18홀,tr_220347388
여주(비공개),2026-09-19,12:46,170000,golfpang,,,18홀,tr_220347387
클럽72,2026-09-19,18:46,140000,golfpang,,,18홀,tr_220142571
코리아,2026-09-19,17:33,149000,golfpang,,,18홀,tr_152034924
골드,2026-09-19,17:47,149000,golfpang,,,18홀,tr_151185908
레인보우힐스,2026-09-19,13:36,255000,golfpang,,,18홀,tr_220347260
레인보우힐스,2026-09-19,13:36,255000,golfpang,,,18홀,tr_220347261
스카이밸리,2026-09-19,06:34,190000,golfpang,,,18홀,tr_220345602
포웰(안성)cc,2026-09-19,17:57,122000,golfpang,,,18홀,tr_220347231
여주(비공개),2026-09-19,12:32,170000,golfpang,,,18홀,tr_220347199
여주(비공개),2026-09-19,12:32,170000,golfpang,,,18홀,tr_220347198
골프존 송도(구.오렌지듄스),2026-09-19,13:51,179000,golfpang,,,18홀,tr_220347197
신라,2026-09-19,12:47,190000,golfpang,,,18홀,tr_219470559
해솔리아,2026-09-19,13:50,160000,golfpang,,,18홀,tr_220347165
아난티중앙(야간),2026-09-19,17:53,140000,golfpang,,,18홀,tr_220347164
한림용인,2026-09-19,13:39,180000,golfpang,,,18홀,tr_220218830
양평TPC,2026-09-19,12:40,160000,golfpang,,,18홀,tr_220347150
마이다스레이크 이천,2026-09-19,14:24,180000,golfpang,,,18홀,tr_220149283
블루원용인(퍼),2026-09-19,18:36,135000,golfpang,,,18홀,tr_220347138
클럽72,2026-09-19,13:13,210000,golfpang,,,18홀,tr_220347139
블루원용인,2026-09-19,18:43,165000,golfpang,,,18홀,tr_220347127
양평TPC,2026-09-19,13:43,150000,golfpang,,,18홀,tr_220347062
용인(비공개),2026-09-19,14:06,285000,golfpang,,,18홀,tr_220347034
비에이비스타,2026-09-19,06:28,200000,golfpang,,,18홀,tr_220347012
비에이비스타,2026-09-19,14:00,170000,golfpang,,,18홀,tr_220347013
포웰(안성)cc,2026-09-19,12:33,172000,golfpang,,,18홀,tr_220346918
포웰(안성)cc,2026-09-19,12:33,172000,golfpang,,,18홀,tr_220346920
포웰(안성)cc,2026-09-19,12:33,172000,golfpang,,,18홀,tr_220346919
한림용인,2026-09-19,17:38,158000,golfpang,,,18홀,tr_220346860
포웰(안성)cc,2026-09-19,17:57,122000,golfpang,,,18홀,tr_220346827
윈체스트,2026-09-19,12:07,230000,golfpang,,,18홀,tr_219479745
윈체스트,2026-09-19,06:10,215000,golfpang,,,18홀,tr_217365790
포웰(안성)cc,2026-09-19,13:36,152000,golfpang,,,18홀,tr_220346766
여주(비공개),2026-09-19,12:46,170000,golfpang,,,18홀,tr_220346643
여주(비공개),2026-09-19,12:53,170000,golfpang,,,18홀,tr_220346644
한림용인,2026-09-19,11:54,210000,golfpang,,,18홀,tr_220184022
포웰(안성)cc,2026-09-19,12:33,172000,golfpang,,,18홀,tr_220346585
포웰(안성)cc,2026-09-19,12:33,172000,golfpang,,,18홀,tr_220346584
포웰(안성)cc,2026-09-19,12:33,172000,golfpang,,,18홀,tr_220346583
여주(비공개),2026-09-19,12:53,170000,golfpang,,,18홀,tr_220346567
여주(비공개),2026-09-19,12:46,170000,golfpang,,,18홀,tr_220346566
여주(비공개),2026-09-19,12:53,170000,golfpang,,,18홀,tr_220346547
여주(비공개),2026-09-19,12:46,170000,golfpang,,,18홀,tr_220346546
여주(비공개),2026-09-19,12:53,170000,golfpang,,,18홀,tr_220346548
포웰(안성)cc,2026-09-19,19:00,105000,golfpang,,,18홀,tr_219560099
포웰(안성)cc,2026-09-19,13:20,152000,golfpang,,,18홀,tr_219560096
그린힐,2026-09-19,18:50,100000,golfpang,,,18홀,tr_220001383
해솔리아,2026-09-19,13:30,160000,golfpang,,,18홀,tr_220336139
포웰(안성)cc,2026-09-19,12:40,182000,golfpang,,,18홀,tr_219968738
히든밸리,2026-09-19,12:23,180000,golfpang,,,18홀,tr_219717269
이천실크밸리,2026-09-19,13:38,155000,golfpang,,,18홀,tr_219923603
포웰(안성)cc,2026-09-19,13:43,172000,golfpang,,,18홀,tr_219968739
이글몬트,2026-09-19,06:48,195000,golfpang,,,18홀,tr_220289519
마이다스레이크 이천,2026-09-19,14:03,190000,golfpang,,,18홀,tr_220346474
마이다스레이크 이천,2026-09-19,12:46,200000,golfpang,,,18홀,tr_220288368
클럽72,2026-09-19,18:18,150000,golfpang,,,18홀,tr_220346381
골프존 송도(구.오렌지듄스),2026-09-19,06:04,169000,golfpang,,,18홀,tr_220346060
아세코밸리-퍼9,2026-09-19,12:44,130000,golfpang,,,18홀,tr_219957530
써닝포인트,2026-09-19,18:04,155000,golfpang,,,18홀,tr_220346144
클럽72,2026-09-19,19:07,140000,golfpang,,,18홀,tr_220346426
더크로스비,2026-09-19,11:45,210000,golfpang,,,18홀,tr_220346455
아세코밸리-퍼9,2026-09-19,18:13,110000,golfpang,,,18홀,tr_220002557
해솔리아,2026-09-19,13:19,170000,golfpang,,,18홀,tr_220304861
골프존 안성W,2026-09-19,08:36,190000,golfpang,,,18홀,tr_220214162
유니아일랜드,2026-09-19,15:49,140000,golfpang,,,18홀,tr_220000355
아세코밸리-퍼9,2026-09-19,17:38,110000,golfpang,,,18홀,tr_219372274
이천실크밸리,2026-09-19,18:17,110000,golfpang,,,18홀,tr_220346430
이천실크밸리,2026-09-19,13:52,155000,golfpang,,,18홀,tr_220346429
이천실크밸리,2026-09-19,07:45,195000,golfpang,,,18홀,tr_220346428
더크로스비,2026-09-19,06:21,210000,golfpang,,,18홀,tr_220346410
더크로스비,2026-09-19,13:58,197000,golfpang,,,18홀,tr_220346409
해솔리아,2026-09-19,18:11,135000,golfpang,,,18홀,tr_220346385
해솔리아,2026-09-19,13:47,160000,golfpang,,,18홀,tr_220346384
해솔리아,2026-09-19,06:14,170000,golfpang,,,18홀,tr_220346383
양지파인,2026-09-19,11:51,170000,golfpang,,,18홀,tr_220346357
양지파인,2026-09-19,08:37,190000,golfpang,,,18홀,tr_220346356
클럽72,2026-09-19,18:40,140000,golfpang,,,18홀,tr_220306135
골프존 송도(구.오렌지듄스),2026-09-19,18:32,159000,golfpang,,,18홀,tr_220305980
포웰(안성)cc,2026-09-19,19:20,105000,golfpang,,,18홀,tr_219998690
그린힐,2026-09-19,19:05,100000,golfpang,,,18홀,tr_219998758
포웰(안성)cc,2026-09-19,18:10,112000,golfpang,,,18홀,tr_219998688
아세코밸리-퍼9,2026-09-19,18:13,110000,golfpang,,,18홀,tr_220346249
포웰(안성)cc,2026-09-19,13:57,152000,golfpang,,,18홀,tr_220346244
골프존 안성W,2026-09-19,18:38,130000,golfpang,,,18홀,tr_220197741
리베라,2026-09-19,17:21,150000,golfpang,,,18홀,tr_220198703
아세코밸리-퍼9,2026-09-19,17:18,110000,golfpang,,,18홀,tr_220199774
인천그랜드,2026-09-19,17:04,189000,golfpang,,,18홀,tr_220200711
골프클럽Q,2026-09-19,17:54,130000,golfpang,,,18홀,tr_219991952
써닝포인트,2026-09-19,17:50,165000,golfpang,,,18홀,tr_220195290
리베라,2026-09-19,18:03,140000,golfpang,,,18홀,tr_220198615
해솔리아,2026-09-19,18:04,135000,golfpang,,,18홀,tr_220201734
골프존 안성W,2026-09-19,13:38,170000,golfpang,,,18홀,tr_220197736
한림용인,2026-09-19,18:06,155000,golfpang,,,18홀,tr_220201518
해솔리아,2026-09-19,12:55,170000,golfpang,,,18홀,tr_220201737
양평TPC,2026-09-19,13:22,170000,golfpang,,,18홀,tr_220200130
한림용인,2026-09-19,13:13,185000,golfpang,,,18홀,tr_220201491
비에이비스타,2026-09-19,06:29,210000,golfpang,,,18홀,tr_220207642
비에이비스타(퍼),2026-09-19,12:16,170000,golfpang,,,18홀,tr_220206877
360도,2026-09-19,06:22,170000,golfpang,,,18홀,tr_220007915
이글몬트,2026-09-19,06:41,195000,golfpang,,,18홀,tr_220261740
안성베네스트(챌),2026-09-19,06:51,199000,golfpang,,,18홀,tr_220219477
유니아일랜드,2026-09-19,06:43,190000,golfpang,,,18홀,tr_220131093
360도,2026-09-19,07:07,180000,golfpang,,,18홀,tr_220007916
스카이밸리,2026-09-19,06:55,220000,golfpang,,,18홀,tr_220104218
해솔리아,2026-09-19,07:24,180000,golfpang,,,18홀,tr_220262159
골프존 안성W,2026-09-19,08:15,190000,golfpang,,,18홀,tr_220214249
해솔리아,2026-09-19,12:23,170000,golfpang,,,18홀,tr_220262160
골프존 안성W,2026-09-19,12:35,170000,golfpang,,,18홀,tr_220214250
골프존 안성H,2026-09-19,13:31,185000,golfpang,,,18홀,tr_220238777
골프존 안성H,2026-09-19,13:31,185000,golfpang,,,18홀,tr_220238775
골프존 안성H,2026-09-19,13:38,185000,golfpang,,,18홀,tr_220238776
솔모로,2026-09-19,13:49,180000,golfpang,,,18홀,tr_220102926
솔모로,2026-09-19,13:49,180000,golfpang,,,18홀,tr_220102927
골프존 안성W,2026-09-19,13:38,170000,golfpang,,,18홀,tr_220214251
신라,2026-09-19,14:07,180000,golfpang,,,18홀,tr_220241112
용인(비공개),2026-09-19,13:52,219000,golfpang,,,18홀,tr_220118038
스카이밸리,2026-09-19,13:53,200000,golfpang,,,18홀,tr_220104219
신라,2026-09-19,14:00,180000,golfpang,,,18홀,tr_220241111
그린힐,2026-09-19,17:35,140000,golfpang,,,18홀,tr_220008741
그린힐,2026-09-19,17:35,140000,golfpang,,,18홀,tr_220008742
빅토리아-퍼9,2026-09-19,17:38,99000,golfpang,,,18홀,tr_220086081
세현,2026-09-19,18:44,160000,golfpang,,,18홀,tr_220274637
에덴블루,2026-09-19,18:35,129900,golfpang,,,18홀,tr_220289163
에덴블루,2026-09-19,18:28,129900,golfpang,,,18홀,tr_220289162
용인플라자,2026-09-19,17:59,160000,golfpang,,,18홀,tr_220165681
아세코밸리-퍼9,2026-09-19,17:52,110000,golfpang,,,18홀,tr_220106668
용인플라자,2026-09-19,17:52,160000,golfpang,,,18홀,tr_220165680
아난티중앙(야간),2026-09-19,18:11,140000,golfpang,,,18홀,tr_220004279
아난티중앙(야간),2026-09-19,18:11,140000,golfpang,,,18홀,tr_220004278
용인(비공개),2026-09-19,18:10,150000,golfpang,,,18홀,tr_220118037
용인(비공개),2026-09-19,18:10,150000,golfpang,,,18홀,tr_220118036
세현,2026-09-19,18:09,170000,golfpang,,,18홀,tr_220274636
빅토리아-퍼9,2026-09-19,17:45,99000,golfpang,,,18홀,tr_220086083
유니아일랜드,2026-09-19,15:56,140000,golfpang,,,18홀,tr_220131095
유니아일랜드,2026-09-19,15:14,150000,golfpang,,,18홀,tr_220131094
빅토리아-퍼9,2026-09-19,17:38,99000,golfpang,,,18홀,tr_220086082
신라,2026-09-19,14:07,180000,golfpang,,,18홀,tr_220321111
360도,2026-09-19,06:22,180000,golfpang,,,18홀,tr_220242234
리베라,2026-09-19,14:31,210000,golfpang,,,18홀,tr_220305650
360도,2026-09-19,12:15,200000,golfpang,,,18홀,tr_220242235
신라,2026-09-19,14:14,180000,golfpang,,,18홀,tr_220321112
리베라,2026-09-19,17:35,140000,golfpang,,,18홀,tr_220305651
리베라,2026-09-19,17:42,140000,golfpang,,,18홀,tr_220305652
세현,2026-09-19,18:09,170000,golfpang,,,18홀,tr_220327305
그린힐,2026-09-19,17:35,140000,golfpang,,,18홀,tr_220326144
그린힐,2026-09-19,17:42,140000,golfpang,,,18홀,tr_220326145
세현,2026-09-19,18:23,170000,golfpang,,,18홀,tr_220327307
세현,2026-09-19,18:44,160000,golfpang,,,18홀,tr_220327306
포웰(안성)cc,2026-09-19,12:33,172000,golfpang,,,18홀,tr_220325742
스카이밸리,2026-09-19,13:32,200000,golfpang,,,18홀,tr_220346143
양지파인,2026-09-19,11:51,170000,golfpang,,,18홀,tr_220328587
클럽72,2026-09-19,19:00,150000,golfpang,,,18홀,tr_220345372
클럽72,2026-09-19,08:13,240000,golfpang,,,18홀,tr_220345371
여주,2026-09-19,14:00,240000,golfpang,,,18홀,tr_220336324
클럽72,2026-09-19,06:49,220000,golfpang,,,18홀,tr_220345370
양지파인,2026-09-19,08:37,190000,golfpang,,,18홀,tr_220328586
에덴블루,2026-09-19,06:28,210000,golfpang,,,18홀,tr_220346063
에덴블루,2026-09-19,06:42,199000,golfpang,,,18홀,tr_220346061
에덴블루,2026-09-19,12:30,220000,golfpang,,,18홀,tr_220346062
용인플라자,2026-09-19,18:00,140000,golfpang,,,18홀,tr_219996539
에덴블루,2026-09-19,06:42,199000,golfpang,,,18홀,tr_220345958
에덴블루,2026-09-19,18:04,129900,golfpang,,,18홀,tr_220345960
에덴블루,2026-09-19,12:30,209000,golfpang,,,18홀,tr_220345959
신라,2026-09-19,13:32,180000,golfpang,,,18홀,tr_220345912
용인플라자,2026-09-19,17:30,140000,golfpang,,,18홀,tr_218970860
아난티중앙(야간),2026-09-19,17:53,140000,golfpang,,,18홀,tr_220255852
더크로스비,2026-09-19,13:51,207000,golfpang,,,18홀,tr_220345210
이천실크밸리,2026-09-19,17:20,130000,golfpang,,,18홀,tr_219338490
골프존 송도(구.오렌지듄스),2026-09-19,05:57,169000,golfpang,,,18홀,tr_220345780
골프존 송도(구.오렌지듄스),2026-09-19,18:52,159000,golfpang,,,18홀,tr_220345782
골프존 송도(구.오렌지듄스),2026-09-19,13:57,179000,golfpang,,,18홀,tr_220345781
비에이비스타,2026-09-19,18:06,130000,golfpang,,,18홀,tr_220210725
마이다스레이크 이천,2026-09-19,14:25,180000,golfpang,,,18홀,tr_220289405
비에이비스타(퍼),2026-09-19,12:15,170000,golfpang,,,18홀,tr_220210722
이포,2026-09-19,18:13,130000,golfpang,,,18홀,tr_220183998
캐슬렉스,2026-09-19,06:04,250000,golfpang,,,18홀,tr_220345724
캐슬렉스,2026-09-19,13:46,250000,golfpang,,,18홀,tr_220345725
코리아-퍼9,2026-09-19,11:53,130000,golfpang,,,18홀,tr_220345716
스카이밸리,2026-09-19,12:15,190000,golfpang,,,18홀,tr_220345603
블루원용인,2026-09-19,18:08,175000,golfpang,,,18홀,tr_218838811
비에이비스타,2026-09-19,18:07,130000,golfpang,,,18홀,tr_220006288
비에이비스타(퍼),2026-09-19,17:59,110000,golfpang,,,18홀,tr_220004266
비에이비스타,2026-09-19,13:25,170000,golfpang,,,18홀,tr_220006287
스카이밸리,2026-09-19,13:53,190000,golfpang,,,18홀,tr_219909377
안성베네스트(챌),2026-09-19,06:51,199000,golfpang,,,18홀,tr_220345489
그린힐,2026-09-19,17:35,140000,golfpang,,,18홀,tr_220345465
그린힐,2026-09-19,17:42,140000,golfpang,,,18홀,tr_220345467
그린힐,2026-09-19,17:42,140000,golfpang,,,18홀,tr_220345466
이포,2026-09-19,18:41,140000,golfpang,,,18홀,tr_220004691
골프존 송도(구.오렌지듄스),2026-09-19,06:04,169000,golfpang,,,18홀,tr_220345464
안성베네스트(클),2026-09-19,13:11,199000,golfpang,,,18홀,tr_220015134
마이다스레이크 이천,2026-09-19,12:11,200000,golfpang,,,18홀,tr_219558134
아세코밸리-퍼9,2026-09-19,18:13,110000,golfpang,,,18홀,tr_220345330
골프존 송도(구.오렌지듄스),2026-09-19,13:50,179000,golfpang,,,18홀,tr_220336770
리베라,2026-09-19,17:42,140000,golfpang,,,18홀,tr_220345236
그린힐,2026-09-19,19:05,100000,golfpang,,,18홀,tr_220149743
포웰(안성)cc,2026-09-19,13:40,152000,golfpang,,,18홀,tr_220149509
양평TPC,2026-09-19,13:15,160000,golfpang,,,18홀,tr_220345211
해솔리아,2026-09-19,13:47,160000,golfpang,,,18홀,tr_220345071
해솔리아,2026-09-19,18:04,135000,golfpang,,,18홀,tr_220345072
해솔리아,2026-09-19,06:21,170000,golfpang,,,18홀,tr_220345070
이포,2026-09-19,12:54,200000,golfpang,,,18홀,tr_220212216
이포,2026-09-19,18:41,140000,golfpang,,,18홀,tr_220214781
스카이밸리,2026-09-19,06:50,200000,golfpang,,,18홀,tr_220250553
화성,2026-09-19,17:22,110000,golfpang,,,18홀,tr_220345038
양평TPC,2026-09-19,12:54,160000,golfpang,,,18홀,tr_220342599
양평TPC,2026-09-19,06:59,200000,golfpang,,,18홀,tr_220342598
해솔리아,2026-09-19,13:19,170000,golfpang,,,18홀,tr_220342528
한림용인,2026-09-19,17:38,158000,golfpang,,,18홀,tr_220208512
골프존 안성W,2026-09-19,08:50,180000,golfpang,,,18홀,tr_220342478
골프존 안성W,2026-09-19,06:51,170000,golfpang,,,18홀,tr_220342477
골프존 안성W,2026-09-19,11:53,160000,golfpang,,,18홀,tr_220342479
이포,2026-09-19,12:54,200000,golfpang,,,18홀,tr_220342423
해솔리아,2026-09-19,06:21,180000,golfpang,,,18홀,tr_220342380
골프존 송도(구.오렌지듄스),2026-09-19,13:50,179000,golfpang,,,18홀,tr_220342378
용인플라자,2026-09-19,18:20,140000,golfpang,,,18홀,tr_218911566
용인플라자,2026-09-19,11:30,240000,golfpang,,,18홀,tr_220282958
용인플라자,2026-09-19,17:40,140000,golfpang,,,18홀,tr_220327179
아세코밸리-퍼9,2026-09-19,12:44,130000,golfpang,,,18홀,tr_220001718
클럽72,2026-09-19,18:18,150000,golfpang,,,18홀,tr_220262182
포웰(안성)cc,2026-09-19,17:57,122000,golfpang,,,18홀,tr_220208455
포웰(안성)cc,2026-09-19,12:54,152000,golfpang,,,18홀,tr_220208453
한림용인,2026-09-19,17:38,150000,golfpang,,,18홀,tr_220342313
한림용인,2026-09-19,18:55,145000,golfpang,,,18홀,tr_220342314
한림용인,2026-09-19,11:54,210000,golfpang,,,18홀,tr_220342312
한림용인,2026-09-19,18:55,145000,golfpang,,,18홀,tr_220250276
리베라,2026-09-19,19:13,140000,golfpang,,,18홀,tr_220261444
골프존 안성W,2026-09-19,19:06,110000,golfpang,,,18홀,tr_220315543
리베라,2026-09-19,19:06,140000,golfpang,,,18홀,tr_220261443
빅토리아-퍼9,2026-09-19,18:20,99000,golfpang,,,18홀,tr_220314851
해솔리아,2026-09-19,18:18,135000,golfpang,,,18홀,tr_220289950
빅토리아-퍼9,2026-09-19,18:13,99000,golfpang,,,18홀,tr_220314849
솔트베이,2026-09-19,18:43,189000,golfpang,,,18홀,tr_220288849
에덴블루,2026-09-19,18:42,129900,golfpang,,,18홀,tr_220336378
아난티중앙(야간),2026-09-19,18:38,130000,golfpang,,,18홀,tr_220213470
빅토리아-퍼9,2026-09-19,17:59,99000,golfpang,,,18홀,tr_220314850
그린힐,2026-09-19,17:35,120000,golfpang,,,18홀,tr_220260370
솔트베이,2026-09-19,17:47,199000,golfpang,,,18홀,tr_220288848
그린힐,2026-09-19,17:42,140000,golfpang,,,18홀,tr_220260372
그린힐,2026-09-19,17:42,140000,golfpang,,,18홀,tr_220260371
리베라,2026-09-19,14:31,210000,golfpang,,,18홀,tr_220261442
골프존 안성H,2026-09-19,14:27,185000,golfpang,,,18홀,tr_220240840
신라,2026-09-19,14:14,180000,golfpang,,,18홀,tr_220321471
캐슬렉스,2026-09-19,13:46,250000,golfpang,,,18홀,tr_220325377
골프존 안성H,2026-09-19,13:45,185000,golfpang,,,18홀,tr_220240842
스카이밸리,2026-09-19,13:53,190000,golfpang,,,18홀,tr_220296982
신라,2026-09-19,14:07,180000,golfpang,,,18홀,tr_220321470
마이다스레이크 이천,2026-09-19,14:03,180000,golfpang,,,18홀,tr_220242150
골프존 안성W,2026-09-19,13:38,150000,golfpang,,,18홀,tr_220315542
양평TPC,2026-09-19,13:50,150000,golfpang,,,18홀,tr_220249973
레인보우힐스,2026-09-19,13:36,255000,golfpang,,,18홀,tr_220307157
에델바이스(가명),2026-09-19,13:33,180000,golfpang,,,18홀,tr_220213426
골프존 안성H,2026-09-19,13:31,185000,golfpang,,,18홀,tr_220240841
해솔리아,2026-09-19,13:40,160000,golfpang,,,18홀,tr_220289949
마이다스레이크 이천,2026-09-19,13:00,200000,golfpang,,,18홀,tr_220242149
에덴블루,2026-09-19,12:30,209000,golfpang,,,18홀,tr_220336377
360도,2026-09-19,11:37,190000,golfpang,,,18홀,tr_220306888
한림용인,2026-09-19,12:22,200000,golfpang,,,18홀,tr_220250275
안성베네스트(클),2026-09-19,07:12,290000,golfpang,,,18홀,tr_220241731
한림용인,2026-09-19,11:54,210000,golfpang,,,18홀,tr_220250274
이글몬트,2026-09-19,06:41,195000,golfpang,,,18홀,tr_220278621
이글몬트,2026-09-19,06:34,195000,golfpang,,,18홀,tr_220278620
골프존 안성W,2026-09-19,07:05,170000,golfpang,,,18홀,tr_220315541
양평TPC,2026-09-19,06:59,200000,golfpang,,,18홀,tr_220249972
안성베네스트(챌),2026-09-19,06:58,199000,golfpang,,,18홀,tr_220328282
글렌로스-퍼9,2026-09-19,08:15,290000,golfpang,,,18홀,tr_220336699
스카이밸리,2026-09-19,06:20,200000,golfpang,,,18홀,tr_220296981
해솔리아,2026-09-19,06:14,170000,golfpang,,,18홀,tr_220289948
에델바이스(가명),2026-09-19,06:42,180000,golfpang,,,18홀,tr_220213425
에덴블루,2026-09-19,06:42,199000,golfpang,,,18홀,tr_220336376
캐슬렉스,2026-09-19,06:04,250000,golfpang,,,18홀,tr_220325376
360도,2026-09-19,06:00,165000,golfpang,,,18홀,tr_220306887
솔트베이,2026-09-19,05:46,259000,golfpang,,,18홀,tr_220288850
한림용인,2026-09-19,13:32,180000,golfpang,,,18홀,tr_220262082
양평TPC,2026-09-19,12:40,160000,golfpang,,,18홀,tr_220342306
양평TPC,2026-09-19,13:15,160000,golfpang,,,18홀,tr_220233553
한림용인,2026-09-19,17:38,158000,golfpang,,,18홀,tr_219822752
남여주,2026-09-19,13:00,190000,golfpang,,,18홀,tr_218888381
남여주,2026-09-19,08:49,230000,golfpang,,,18홀,tr_218910890
이포,2026-09-19,18:41,130000,golfpang,,,18홀,tr_220208401
포웰(안성)cc,2026-09-19,12:33,172000,golfpang,,,18홀,tr_220342220
이포,2026-09-19,12:54,200000,golfpang,,,18홀,tr_220208399
신라,2026-09-19,13:32,180000,golfpang,,,18홀,tr_220208397
양평TPC,2026-09-19,13:15,160000,golfpang,,,18홀,tr_220342167
용인플라자,2026-09-19,11:30,220000,golfpang,,,18홀,tr_220324235
용인플라자,2026-09-19,18:00,140000,golfpang,,,18홀,tr_220324210
아세코밸리-퍼9,2026-09-19,18:13,110000,golfpang,,,18홀,tr_220342049
아난티중앙(야간),2026-09-19,17:53,140000,golfpang,,,18홀,tr_220342045
골프존 안성H,2026-09-19,13:38,185000,golfpang,,,18홀,tr_220341998
골프존 안성H,2026-09-19,13:45,185000,golfpang,,,18홀,tr_220342000
골프존 안성H,2026-09-19,13:38,185000,golfpang,,,18홀,tr_220341999
스카이밸리,2026-09-19,13:53,190000,golfpang,,,18홀,tr_220341996
세현,2026-09-19,18:09,170000,golfpang,,,18홀,tr_220339522
스카이밸리,2026-09-19,13:11,200000,golfpang,,,18홀,tr_220208349
스카이밸리,2026-09-19,06:41,200000,golfpang,,,18홀,tr_220339499
양평TPC,2026-09-19,06:59,200000,golfpang,,,18홀,tr_220339479
양평TPC,2026-09-19,12:54,160000,golfpang,,,18홀,tr_220339480
아세코밸리-퍼9,2026-09-19,18:13,110000,golfpang,,,18홀,tr_220339443
아세코밸리-퍼9,2026-09-19,18:13,110000,golfpang,,,18홀,tr_220339442
아세코밸리-퍼9,2026-09-19,18:13,110000,golfpang,,,18홀,tr_220339444
골드,2026-09-19,17:54,149000,golfpang,,,18홀,tr_217529955
코리아,2026-09-19,17:47,149000,golfpang,,,18홀,tr_217531264
신라,2026-09-19,12:22,200000,golfpang,,,18홀,tr_220339441
그린힐,2026-09-19,18:59,110000,golfpang,,,18홀,tr_220339357
마이다스레이크 이천,2026-09-19,14:03,190000,golfpang,,,18홀,tr_220208202
용인플라자,2026-09-19,17:50,140000,golfpang,,,18홀,tr_220326007
골프클럽Q,2026-09-19,17:54,130000,golfpang,,,18홀,tr_220339314
캐슬렉스,2026-09-19,06:04,250000,golfpang,,,18홀,tr_220324257
캐슬렉스,2026-09-19,13:45,250000,golfpang,,,18홀,tr_220324258
신라,2026-09-19,12:36,190000,golfpang,,,18홀,tr_220278863
이글몬트,2026-09-19,06:34,195000,golfpang,,,18홀,tr_220339288
이글몬트,2026-09-19,06:27,195000,golfpang,,,18홀,tr_220339287
골프존 안성W,2026-09-19,19:00,110000,golfpang,,,18홀,tr_220339286
신라,2026-09-19,12:36,190000,golfpang,,,18홀,tr_220304649
더크로스비,2026-09-19,13:51,207000,golfpang,,,18홀,tr_220339285
골프존 안성W,2026-09-19,13:30,150000,golfpang,,,18홀,tr_220339235
포웰(안성)cc,2026-09-19,12:54,162000,golfpang,,,18홀,tr_220233251
리베라,2026-09-19,19:06,140000,golfpang,,,18홀,tr_220207144
리베라,2026-09-19,19:06,140000,golfpang,,,18홀,tr_220207143
이천실크밸리,2026-09-19,18:17,110000,golfpang,,,18홀,tr_220240300
안성베네스트(클),2026-09-19,14:06,189000,golfpang,,,18홀,tr_220207128
해솔리아,2026-09-19,06:14,170000,golfpang,,,18홀,tr_220274496
스카이밸리,2026-09-19,06:55,220000,golfpang,,,18홀,tr_220130503
해솔리아,2026-09-19,07:24,180000,golfpang,,,18홀,tr_220274497
양평TPC,2026-09-19,12:05,160000,golfpang,,,18홀,tr_220314808
해솔리아,2026-09-19,12:23,170000,golfpang,,,18홀,tr_220274498
양지파인,2026-09-19,11:36,170000,golfpang,,,18홀,tr_220239025
포웰(안성)cc,2026-09-19,12:54,172000,golfpang,,,18홀,tr_219991578
신라,2026-09-19,13:18,180000,golfpang,,,18홀,tr_220207203
포웰(안성)cc,2026-09-19,18:11,142000,golfpang,,,18홀,tr_219991580
아세코밸리-퍼9,2026-09-19,17:31,110000,golfpang,,,18홀,tr_220179890
아세코밸리-퍼9,2026-09-19,17:45,110000,golfpang,,,18홀,tr_220179892
아세코밸리-퍼9,2026-09-19,17:38,110000,golfpang,,,18홀,tr_220179891
용인(비공개),2026-09-19,17:28,150000,golfpang,,,18홀,tr_219797719
용인(비공개),2026-09-19,17:28,150000,golfpang,,,18홀,tr_219797718
용인(비공개),2026-09-19,17:28,150000,golfpang,,,18홀,tr_219797717
리베라,2026-09-19,17:35,150000,golfpang,,,18홀,tr_220207142
그린힐,2026-09-19,17:35,140000,golfpang,,,18홀,tr_220086611
그린힐,2026-09-19,17:35,140000,golfpang,,,18홀,tr_220086609
마이다스레이크 이천,2026-09-19,14:03,190000,golfpang,,,18홀,tr_220203889
안성베네스트(챌),2026-09-19,14:13,179000,golfpang,,,18홀,tr_220183495
안성베네스트(챌),2026-09-19,14:13,179000,golfpang,,,18홀,tr_220183494
포웰(안성)cc,2026-09-19,13:57,162000,golfpang,,,18홀,tr_219991579
스카이밸리,2026-09-19,13:53,200000,golfpang,,,18홀,tr_220130504
그린힐,2026-09-19,18:59,110000,golfpang,,,18홀,tr_220086610
안성베네스트(클),2026-09-19,14:06,189000,golfpang,,,18홀,tr_220207127
이천실크밸리,2026-09-19,13:38,155000,golfpang,,,18홀,tr_220240301
솔모로,2026-09-19,13:49,180000,golfpang,,,18홀,tr_220207094
솔모로,2026-09-19,13:49,180000,golfpang,,,18홀,tr_220207093
골프존 안성H,2026-09-19,13:31,185000,golfpang,,,18홀,tr_220250473
골프존 안성H,2026-09-19,13:31,185000,golfpang,,,18홀,tr_220250472
마이다스레이크 이천,2026-09-19,13:00,200000,golfpang,,,18홀,tr_220203888
신라,2026-09-19,13:18,180000,golfpang,,,18홀,tr_220207204
이포,2026-09-19,18:13,130000,golfpang,,,18홀,tr_220339215
포웰(안성)cc,2026-09-19,14:18,142000,golfpang,,,18홀,tr_220339202
포웰(안성)cc,2026-09-19,14:18,142000,golfpang,,,18홀,tr_220339203
포웰(안성)cc,2026-09-19,12:33,172000,golfpang,,,18홀,tr_220339204
이포,2026-09-19,12:54,200000,golfpang,,,18홀,tr_220339201
골프존 안성H,2026-09-19,06:50,210000,golfpang,,,18홀,tr_220087952
골프존 안성H,2026-09-19,12:00,190000,golfpang,,,18홀,tr_219654657
골프존 안성H,2026-09-19,12:30,190000,golfpang,,,18홀,tr_219718000
신라,2026-09-19,13:32,180000,golfpang,,,18홀,tr_220336834
신라,2026-09-19,07:20,240000,golfpang,,,18홀,tr_220336815
양평TPC,2026-09-19,13:43,150000,golfpang,,,18홀,tr_220336781
골프존 안성H,2026-09-19,13:30,185000,golfpang,,,18홀,tr_220336779
양평TPC,2026-09-19,12:40,160000,golfpang,,,18홀,tr_220336778
이포,2026-09-19,12:54,200000,golfpang,,,18홀,tr_220233176
포웰(안성)cc,2026-09-19,13:36,152000,golfpang,,,18홀,tr_220336771
아난티중앙(야간),2026-09-19,17:53,140000,golfpang,,,18홀,tr_220336768
골프존 안성W,2026-09-19,19:06,110000,golfpang,,,18홀,tr_220336755
골프존 안성W,2026-09-19,13:38,150000,golfpang,,,18홀,tr_220336754
골프존 안성W,2026-09-19,07:05,170000,golfpang,,,18홀,tr_220336753
스카이밸리,2026-09-19,13:11,200000,golfpang,,,18홀,tr_220336687
스카이밸리,2026-09-19,06:41,200000,golfpang,,,18홀,tr_220336662
360도,2026-09-19,07:15,190000,golfpang,,,18홀,tr_220336624
안성베네스트(챌),2026-09-19,06:58,199000,golfpang,,,18홀,tr_220336617
안성베네스트(챌),2026-09-19,06:58,199000,golfpang,,,18홀,tr_220336616
골프존 송도(구.오렌지듄스),2026-09-19,13:50,179000,golfpang,,,18홀,tr_220336611
골프존 송도(구.오렌지듄스),2026-09-19,18:38,159000,golfpang,,,18홀,tr_220336612
골프존 송도(구.오렌지듄스),2026-09-19,06:04,169000,golfpang,,,18홀,tr_220336610
써닝포인트,2026-09-19,18:11,155000,golfpang,,,18홀,tr_220114529
스카이밸리,2026-09-19,06:41,200000,golfpang,,,18홀,tr_220336554
양평TPC,2026-09-19,06:59,200000,golfpang,,,18홀,tr_220336535
양평TPC,2026-09-19,13:50,150000,golfpang,,,18홀,tr_220336536
골프존 송도(구.오렌지듄스),2026-09-19,13:50,179000,golfpang,,,18홀,tr_220326397
용인(비공개),2026-09-19,18:10,150000,golfpang,,,18홀,tr_220262261
세현,2026-09-19,18:09,170000,golfpang,,,18홀,tr_220258553
한림용인,2026-09-19,17:31,150000,golfpang,,,18홀,tr_220274569
세현,2026-09-19,17:48,180000,golfpang,,,18홀,tr_220258552
아세코밸리-퍼9,2026-09-19,17:17,110000,golfpang,,,18홀,tr_219998305
아세코밸리-퍼9,2026-09-19,17:10,110000,golfpang,,,18홀,tr_219998304
신라,2026-09-19,14:00,180000,golfpang,,,18홀,tr_220242092
마론뉴데이,2026-09-19,14:18,175000,golfpang,,,18홀,tr_220034382
리베라,2026-09-19,14:17,210000,golfpang,,,18홀,tr_220151938
신라,2026-09-19,14:14,180000,golfpang,,,18홀,tr_220242093
그린힐,2026-09-19,14:10,190000,golfpang,,,18홀,tr_219776718
용인(비공개),2026-09-19,13:52,199000,golfpang,,,18홀,tr_220262260
여주,2026-09-19,13:39,240000,golfpang,,,18홀,tr_219392849
세현,2026-09-19,13:37,250000,golfpang,,,18홀,tr_220258551
골프존 송도(구.오렌지듄스),2026-09-19,13:43,219000,golfpang,,,18홀,tr_220200755
그린힐,2026-09-19,13:42,190000,golfpang,,,18홀,tr_219776717
양평TPC,2026-09-19,12:54,160000,golfpang,,,18홀,tr_220307279
양지파인,2026-09-19,11:51,170000,golfpang,,,18홀,tr_220306197
이글몬트,2026-09-19,11:40,190000,golfpang,,,18홀,tr_219841361
해솔리아,2026-09-19,12:23,170000,golfpang,,,18홀,tr_220289084
이천실크밸리,2026-09-19,12:21,155000,golfpang,,,18홀,tr_220283001
360도,2026-09-19,12:15,180000,golfpang,,,18홀,tr_220023384
한림용인,2026-09-19,12:15,200000,golfpang,,,18홀,tr_220274568
포웰(안성)cc,2026-09-19,07:21,192000,golfpang,,,18홀,tr_220094688
마론뉴데이,2026-09-19,11:15,175000,golfpang,,,18홀,tr_220034381
골프존 안성W,2026-09-19,08:50,180000,golfpang,,,18홀,tr_220306392
이글몬트,2026-09-19,08:40,220000,golfpang,,,18홀,tr_219841360
양지파인,2026-09-19,08:37,199000,golfpang,,,18홀,tr_220306196
이천실크밸리,2026-09-19,08:27,205000,golfpang,,,18홀,tr_220283000
한림용인,2026-09-19,11:54,210000,golfpang,,,18홀,tr_220274567
골프존 안성W,2026-09-19,11:53,160000,golfpang,,,18홀,tr_220306393
루트52,2026-09-19,07:05,230000,golfpang,,,18홀,tr_219711357
골프존 송도(구.오렌지듄스),2026-09-19,18:38,159000,golfpang,,,18홀,tr_220200756
해솔리아,2026-09-19,18:18,135000,golfpang,,,18홀,tr_220289085
골프존 안성W,2026-09-19,19:06,110000,golfpang,,,18홀,tr_220306394
골프존 송도(구.오렌지듄스),2026-09-19,06:11,229000,golfpang,,,18홀,tr_220200754
포웰(안성)cc,2026-09-19,06:04,182000,golfpang,,,18홀,tr_220094689
양평TPC,2026-09-19,06:59,200000,golfpang,,,18홀,tr_220307278
해솔리아,2026-09-19,07:59,230000,golfpang,,,18홀,tr_220289083
360도,2026-09-19,06:22,180000,golfpang,,,18홀,tr_220023385
루트52,2026-09-19,06:45,220000,golfpang,,,18홀,tr_219711356
용인(비공개),2026-09-19,06:11,230000,golfpang,,,18홀,tr_220262259
리베라,2026-09-19,19:06,140000,golfpang,,,18홀,tr_220151939
마이다스레이크 이천,2026-09-19,14:17,180000,golfpang,,,18홀,tr_220336457
마이다스레이크 이천,2026-09-19,14:03,190000,golfpang,,,18홀,tr_220336417
용인플라자,2026-09-19,11:30,220000,golfpang,,,18홀,tr_220262256
골프존 안성W,2026-09-19,19:06,110000,golfpang,,,18홀,tr_220336309
골프존 안성W,2026-09-19,11:46,160000,golfpang,,,18홀,tr_220336311
골프존 안성W,2026-09-19,08:08,180000,golfpang,,,18홀,tr_220336310
용인플라자,2026-09-19,18:05,160000,golfpang,,,18홀,tr_219535773
빅토리아-퍼9,2026-09-19,18:06,99000,golfpang,,,18홀,tr_220193165
용인(비공개),2026-09-19,18:10,150000,golfpang,,,18홀,tr_219813384
용인(비공개),2026-09-19,18:10,150000,golfpang,,,18홀,tr_219813385
용인(비공개),2026-09-19,18:10,150000,golfpang,,,18홀,tr_219813386
이천실크밸리,2026-09-19,18:17,110000,golfpang,,,18홀,tr_220325221
골프존 안성W,2026-09-19,19:06,110000,golfpang,,,18홀,tr_220328470
그린힐,2026-09-19,18:59,110000,golfpang,,,18홀,tr_220195304
골프존 송도(구.오렌지듄스),2026-09-19,18:45,159000,golfpang,,,18홀,tr_220328707
클럽72,2026-09-19,18:25,150000,golfpang,,,18홀,tr_219673530
포웰(안성)cc,2026-09-19,19:49,92000,golfpang,,,18홀,tr_220184091
리베라,2026-09-19,18:03,140000,golfpang,,,18홀,tr_220195468
클럽72,2026-09-19,19:07,140000,golfpang,,,18홀,tr_219673531
골프존 안성W,2026-09-19,13:38,150000,golfpang,,,18홀,tr_220328469
골프존 안성H,2026-09-19,13:38,185000,golfpang,,,18홀,tr_220236357
골프존 안성H,2026-09-19,13:38,185000,golfpang,,,18홀,tr_220236356
양평TPC,2026-09-19,13:50,150000,golfpang,,,18홀,tr_220314954
솔모로,2026-09-19,13:49,190000,golfpang,,,18홀,tr_220022721
에델바이스(가명),2026-09-19,13:47,200000,golfpang,,,18홀,tr_219933705
골프존 안성H,2026-09-19,13:31,185000,golfpang,,,18홀,tr_220236355
신라,2026-09-19,13:11,180000,golfpang,,,18홀,tr_220165740
용인,2026-09-19,13:01,150000,golfpang,,,18홀,tr_219010000
마이다스레이크 이천,2026-09-19,13:00,200000,golfpang,,,18홀,tr_220175047
히든밸리,2026-09-19,12:44,180000,golfpang,,,18홀,tr_219694962
360도,2026-09-19,12:15,180000,golfpang,,,18홀,tr_220195568
360도,2026-09-19,12:07,180000,golfpang,,,18홀,tr_220195567
이천실크밸리,2026-09-19,13:52,155000,golfpang,,,18홀,tr_220325220
신라,2026-09-19,13:53,180000,golfpang,,,18홀,tr_220165741
솔모로,2026-09-19,13:56,190000,golfpang,,,18홀,tr_220022722
리베라,2026-09-19,14:24,210000,golfpang,,,18홀,tr_220195466
신라,2026-09-19,14:00,180000,golfpang,,,18홀,tr_220165742
히든밸리,2026-09-19,14:01,170000,golfpang,,,18홀,tr_219694963
마이다스레이크 이천,2026-09-19,14:03,190000,golfpang,,,18홀,tr_220175048
그린힐,2026-09-19,17:35,140000,golfpang,,,18홀,tr_220195302
리베라,2026-09-19,17:35,150000,golfpang,,,18홀,tr_220195467
빅토리아-퍼9,2026-09-19,17:38,99000,golfpang,,,18홀,tr_220193163
클럽72,2026-09-19,17:29,160000,golfpang,,,18홀,tr_219673529
용인플라자,2026-09-19,17:30,160000,golfpang,,,18홀,tr_219535771
용인플라자,2026-09-19,17:31,160000,golfpang,,,18홀,tr_219535772
아세코밸리-퍼9,2026-09-19,17:38,110000,golfpang,,,18홀,tr_220190160
그린힐,2026-09-19,17:42,140000,golfpang,,,18홀,tr_220195303
빅토리아-퍼9,2026-09-19,17:45,99000,golfpang,,,18홀,tr_220193164
아세코밸리-퍼9,2026-09-19,17:31,110000,golfpang,,,18홀,tr_220190161
골프존 송도(구.오렌지듄스),2026-09-19,13:57,179000,golfpang,,,18홀,tr_220328706
양지파인,2026-09-19,11:36,170000,golfpang,,,18홀,tr_220239288
양지파인,2026-09-19,08:37,199000,golfpang,,,18홀,tr_220239287
골프존 안성W,2026-09-19,07:05,170000,golfpang,,,18홀,tr_220328468
양평TPC,2026-09-19,06:59,200000,golfpang,,,18홀,tr_220314953
용인,2026-09-19,06:56,170000,golfpang,,,18홀,tr_219009999
이천실크밸리,2026-09-19,07:45,195000,golfpang,,,18홀,tr_220325219
스카이밸리,2026-09-19,06:44,190000,golfpang,,,18홀,tr_219909376
에델바이스(가명),2026-09-19,06:42,190000,golfpang,,,18홀,tr_219933704
포웰(안성)cc,2026-09-19,06:04,172000,golfpang,,,18홀,tr_220184090
골프존 송도(구.오렌지듄스),2026-09-19,05:57,169000,golfpang,,,18홀,tr_220328705
에덴블루,2026-09-19,12:30,220000,golfpang,,,18홀,tr_220336241
에덴블루,2026-09-19,18:28,129900,golfpang,,,18홀,tr_220336242
에덴블루,2026-09-19,06:42,210000,golfpang,,,18홀,tr_220336240
코리아,2026-09-19,17:54,149000,golfpang,,,18홀,tr_218167530
골드,2026-09-19,17:54,149000,golfpang,,,18홀,tr_218160082
코리아,2026-09-19,18:15,149000,golfpang,,,18홀,tr_220258920
코리아,2026-09-19,13:35,239000,golfpang,,,18홀,tr_219558525
골드,2026-09-19,06:07,299000,golfpang,,,18홀,tr_218981255
골프존 송도(구.오렌지듄스),2026-09-19,18:31,159000,golfpang,,,18홀,tr_220325808
그린힐,2026-09-19,17:35,140000,golfpang,,,18홀,tr_220222560
신라,2026-09-19,13:53,180000,golfpang,,,18홀,tr_220240410
신라,2026-09-19,13:11,190000,golfpang,,,18홀,tr_220240409
그린힐,2026-09-19,18:59,110000,golfpang,,,18홀,tr_220222561
양지파인,2026-09-19,08:37,199000,golfpang,,,18홀,tr_220240598
유니아일랜드,2026-09-19,15:49,140000,golfpang,,,18홀,tr_220011503
아세코밸리-퍼9,2026-09-19,17:17,110000,golfpang,,,18홀,tr_219970280
해솔리아,2026-09-19,12:37,170000,golfpang,,,18홀,tr_220305281
유니아일랜드,2026-09-19,15:14,150000,golfpang,,,18홀,tr_220011502
양지파인,2026-09-19,11:51,170000,golfpang,,,18홀,tr_220240599
해솔리아,2026-09-19,06:35,180000,golfpang,,,18홀,tr_220305280
360도,2026-09-19,07:07,180000,golfpang,,,18홀,tr_220315317
해솔리아,2026-09-19,06:14,170000,golfpang,,,18홀,tr_220305279
해솔리아,2026-09-19,13:20,160000,golfpang,,,18홀,tr_220336134
골프존 안성H,2026-09-19,13:31,185000,golfpang,,,18홀,tr_220287795
용인(비공개),2026-09-19,06:25,230000,golfpang,,,18홀,tr_220287998
용인(비공개),2026-09-19,18:03,150000,golfpang,,,18홀,tr_220288000
용인(비공개),2026-09-19,13:38,199000,golfpang,,,18홀,tr_220287999
스카이밸리,2026-09-19,13:11,200000,golfpang,,,18홀,tr_220336069
골프존 송도(구.오렌지듄스),2026-09-19,13:50,179000,golfpang,,,18홀,tr_220336063
골프존 송도(구.오렌지듄스),2026-09-19,06:04,169000,golfpang,,,18홀,tr_220336062
골프존 송도(구.오렌지듄스),2026-09-19,13:57,179000,golfpang,,,18홀,tr_220336064
스카이밸리,2026-09-19,06:41,200000,golfpang,,,18홀,tr_220336058
스카이밸리,2026-09-19,13:53,190000,golfpang,,,18홀,tr_220336059
골프존 송도(구.오렌지듄스),2026-09-19,06:04,169000,golfpang,,,18홀,tr_220336015
마이다스레이크 이천,2026-09-19,14:25,180000,golfpang,,,18홀,tr_220335986
스카이밸리,2026-09-19,13:11,200000,golfpang,,,18홀,tr_220335982
마이다스레이크 이천,2026-09-19,14:02,180000,golfpang,,,18홀,tr_220242088
골프존 송도(구.오렌지듄스),2026-09-19,13:50,179000,golfpang,,,18홀,tr_220221135
클럽72-오션,2026-09-19,06:44,300000,golfpang,,,18홀,tr_220328754
클럽72-오션,2026-09-19,14:03,280000,golfpang,,,18홀,tr_220328755
포웰(안성)cc,2026-09-19,18:39,112000,golfpang,,,18홀,tr_220324208
포웰(안성)cc,2026-09-19,19:42,105000,golfpang,,,18홀,tr_220324212
포웰(안성)cc,2026-09-19,13:57,152000,golfpang,,,18홀,tr_220324205
양평TPC,2026-09-19,13:43,150000,golfpang,,,18홀,tr_220307489
스카이밸리,2026-09-19,13:32,200000,golfpang,,,18홀,tr_220307203
신라,2026-09-19,13:32,180000,golfpang,,,18홀,tr_220307569
더크로스비,2026-09-19,13:58,197000,golfpang,,,18홀,tr_220306315
아난티중앙(야간),2026-09-19,17:53,140000,golfpang,,,18홀,tr_220307410
양평TPC,2026-09-19,12:40,160000,golfpang,,,18홀,tr_220307488
한림용인,2026-09-19,17:38,158000,golfpang,,,18홀,tr_220324692
이포,2026-09-19,18:13,130000,golfpang,,,18홀,tr_220321367
이포,2026-09-19,12:54,200000,golfpang,,,18홀,tr_220321357
스카이밸리,2026-09-19,06:41,200000,golfpang,,,18홀,tr_220307184
신라,2026-09-19,07:20,240000,golfpang,,,18홀,tr_220307530
신라,2026-09-19,12:22,200000,golfpang,,,18홀,tr_220307543
마이다스레이크 이천,2026-09-19,14:17,180000,golfpang,,,18홀,tr_220306608
골프존 송도(구.오렌지듄스),2026-09-19,13:57,179000,golfpang,,,18홀,tr_220221137
골프존 송도(구.오렌지듄스),2026-09-19,13:50,179000,golfpang,,,18홀,tr_220328679
골프존 송도(구.오렌지듄스),2026-09-19,13:50,179000,golfpang,,,18홀,tr_220221136
아난티중앙(야간),2026-09-19,18:38,130000,golfpang,,,18홀,tr_220230680
골프존 송도(구.오렌지듄스),2026-09-19,06:11,199000,golfpang,,,18홀,tr_220150171
한림용인,2026-09-19,06:31,200000,golfpang,,,18홀,tr_220220312
캐슬렉스,2026-09-19,06:04,250000,golfpang,,,18홀,tr_220326950
히든밸리,2026-09-19,06:56,200000,golfpang,,,18홀,tr_220197897
양평TPC,2026-09-19,06:59,200000,golfpang,,,18홀,tr_220328096
골프존 안성W,2026-09-19,06:37,170000,golfpang,,,18홀,tr_220327491
에덴블루,2026-09-19,06:42,199000,golfpang,,,18홀,tr_220324229
골프존 안성W,2026-09-19,08:43,180000,golfpang,,,18홀,tr_220327492
에덴블루,2026-09-19,07:13,209000,golfpang,,,18홀,tr_220324230
에덴블루,2026-09-19,12:30,209000,golfpang,,,18홀,tr_220324231
한림용인,2026-09-19,13:25,180000,golfpang,,,18홀,tr_220220314
한림용인,2026-09-19,12:57,190000,golfpang,,,18홀,tr_220220313
마이다스레이크 이천,2026-09-19,13:00,200000,golfpang,,,18홀,tr_220179317
양평TPC,2026-09-19,13:50,150000,golfpang,,,18홀,tr_220328097
골프존 안성W,2026-09-19,13:38,150000,golfpang,,,18홀,tr_220327493
골프존 송도(구.오렌지듄스),2026-09-19,13:43,199000,golfpang,,,18홀,tr_220150172
캐슬렉스,2026-09-19,13:46,250000,golfpang,,,18홀,tr_220326951
마이다스레이크 이천,2026-09-19,14:03,190000,golfpang,,,18홀,tr_220179318
히든밸리,2026-09-19,12:37,180000,golfpang,,,18홀,tr_220197898
용인(비공개),2026-09-19,18:10,150000,golfpang,,,18홀,tr_220130738
리베라,2026-09-19,17:35,150000,golfpang,,,18홀,tr_220181499
리베라,2026-09-19,18:03,140000,golfpang,,,18홀,tr_220181500
그린힐,2026-09-19,17:35,140000,golfpang,,,18홀,tr_220180951
리베라,2026-09-19,14:24,210000,golfpang,,,18홀,tr_220181498
용인(비공개),2026-09-19,13:45,219000,golfpang,,,18홀,tr_220130737
신라,2026-09-19,13:53,180000,golfpang,,,18홀,tr_220118337
세현,2026-09-19,13:51,250000,golfpang,,,18홀,tr_220115285
여주,2026-09-19,13:39,240000,golfpang,,,18홀,tr_220174630
골프존 안성H,2026-09-19,13:38,190000,golfpang,,,18홀,tr_220153216
이천실크밸리,2026-09-19,13:38,155000,golfpang,,,18홀,tr_219937569
이천(비공개명문),2026-09-19,13:38,222000,golfpang,,,18홀,tr_220126230
세현,2026-09-19,13:37,250000,golfpang,,,18홀,tr_220115283
신라,2026-09-19,13:18,180000,golfpang,,,18홀,tr_220118336
골프존 안성H,2026-09-19,13:31,190000,golfpang,,,18홀,tr_220153215
스카이밸리,2026-09-19,13:11,200000,golfpang,,,18홀,tr_220328531
에델바이스(가명),2026-09-19,13:26,190000,golfpang,,,18홀,tr_220149124
이천(비공개명문),2026-09-19,12:38,269000,golfpang,,,18홀,tr_220126229
신라,2026-09-19,12:36,200000,golfpang,,,18홀,tr_220118335
뉴스프링빌,2026-09-19,11:51,280000,golfpang,,,18홀,tr_220013154
뉴스프링빌,2026-09-19,11:44,280000,golfpang,,,18홀,tr_220013153
크리스밸리,2026-09-19,11:37,200000,golfpang,,,18홀,tr_219796358
용인(비공개),2026-09-19,06:46,250000,golfpang,,,18홀,tr_220130736
이천실크밸리,2026-09-19,07:59,195000,golfpang,,,18홀,tr_219937568
에델바이스(가명),2026-09-19,07:17,180000,golfpang,,,18홀,tr_220149123
골프존 안성H,2026-09-19,06:51,200000,golfpang,,,18홀,tr_220153214
여주,2026-09-19,06:30,270000,golfpang,,,18홀,tr_220174629
그린힐,2026-09-19,18:59,110000,golfpang,,,18홀,tr_220180952
그린힐,2026-09-19,19:06,110000,golfpang,,,18홀,tr_220180953
골프존 송도(구.오렌지듄스),2026-09-19,18:38,159000,golfpang,,,18홀,tr_220150173
이천실크밸리,2026-09-19,18:11,110000,golfpang,,,18홀,tr_219937570
골드,2026-09-19,17:47,149000,golfpang,,,18홀,tr_217982710
코리아,2026-09-19,17:47,149000,golfpang,,,18홀,tr_218958931
골드,2026-09-19,06:07,249000,golfpang,,,18홀,tr_220181207
포웰(안성)cc,2026-09-19,06:04,171000,golfpang,,,18홀,tr_220210967
포웰(안성)cc,2026-09-19,19:21,112000,golfpang,,,18홀,tr_220210906
포웰(안성)cc,2026-09-19,19:49,92000,golfpang,,,18홀,tr_220211016
그린힐,2026-09-19,19:06,100000,golfpang,,,18홀,tr_220210917
아세코밸리-퍼9,2026-09-19,18:13,110000,golfpang,,,18홀,tr_220328408
아세코밸리-퍼9,2026-09-19,18:13,110000,golfpang,,,18홀,tr_220328409
아세코밸리-퍼9,2026-09-19,18:13,110000,golfpang,,,18홀,tr_220328407
양지파인,2026-09-19,11:51,170000,golfpang,,,18홀,tr_220328364
양지파인,2026-09-19,08:37,190000,golfpang,,,18홀,tr_220328363
신라,2026-09-19,12:22,200000,golfpang,,,18홀,tr_220230591
클럽72,2026-09-19,19:00,150000,golfpang,,,18홀,tr_220328286
클럽72,2026-09-19,08:13,240000,golfpang,,,18홀,tr_220328285
클럽72,2026-09-19,06:49,220000,golfpang,,,18홀,tr_220328284
한림용인,2026-09-19,13:32,180000,golfpang,,,18홀,tr_220328283
골프존 송도(구.오렌지듄스),2026-09-19,13:50,179000,golfpang,,,18홀,tr_220222752
골프존 송도(구.오렌지듄스),2026-09-19,06:11,169000,golfpang,,,18홀,tr_220222751
안성베네스트(챌),2026-09-19,06:58,199000,golfpang,,,18홀,tr_220288765
비에이비스타(퍼),2026-09-19,12:16,170000,golfpang,,,18홀,tr_220328238
그린힐,2026-09-19,19:06,100000,golfpang,,,18홀,tr_220211888
아세코밸리-퍼9,2026-09-19,18:13,110000,golfpang,,,18홀,tr_220327663
아세코밸리-퍼9,2026-09-19,18:13,110000,golfpang,,,18홀,tr_220327662
아세코밸리-퍼9,2026-09-19,18:13,110000,golfpang,,,18홀,tr_220327661
인천그랜드,2026-09-19,17:31,189000,golfpang,,,18홀,tr_220297116
인천그랜드,2026-09-19,17:31,189000,golfpang,,,18홀,tr_220297171
마이다스레이크 이천,2026-09-19,14:03,190000,golfpang,,,18홀,tr_220259414
양평TPC,2026-09-19,12:40,160000,golfpang,,,18홀,tr_220259827
양평TPC,2026-09-19,13:15,160000,golfpang,,,18홀,tr_220221491
아세코밸리-퍼9,2026-09-19,12:44,120000,golfpang,,,18홀,tr_220210263
360도,2026-09-19,11:37,190000,golfpang,,,18홀,tr_220326520
360도,2026-09-19,06:22,170000,golfpang,,,18홀,tr_220326519
써닝포인트,2026-09-19,17:49,155000,golfpang,,,18홀,tr_220128394
클럽72,2026-09-19,18:18,150000,golfpang,,,18홀,tr_219983115
아세코밸리-퍼9,2026-09-19,17:31,110000,golfpang,,,18홀,tr_220152826
클럽72,2026-09-19,17:50,150000,golfpang,,,18홀,tr_219983114
세현,2026-09-19,17:48,180000,golfpang,,,18홀,tr_220165782
아세코밸리-퍼9,2026-09-19,17:45,110000,golfpang,,,18홀,tr_220152828
그린힐,2026-09-19,17:42,140000,golfpang,,,18홀,tr_220153605
세현,2026-09-19,18:02,180000,golfpang,,,18홀,tr_220165783
윈체스트,2026-09-19,17:22,185000,golfpang,,,18홀,tr_220151150
윈체스트,2026-09-19,17:15,185000,golfpang,,,18홀,tr_220151149
유니아일랜드,2026-09-19,15:56,140000,golfpang,,,18홀,tr_220102994
유니아일랜드,2026-09-19,15:28,150000,golfpang,,,18홀,tr_220102995
유니아일랜드,2026-09-19,15:21,150000,golfpang,,,18홀,tr_220102996
아세코밸리-퍼9,2026-09-19,17:38,110000,golfpang,,,18홀,tr_220152827
윈체스트,2026-09-19,17:36,185000,golfpang,,,18홀,tr_220151151
클럽72,2026-09-19,17:36,150000,golfpang,,,18홀,tr_219983113
그린힐,2026-09-19,17:35,140000,golfpang,,,18홀,tr_220153604
신안(오렌지),2026-09-19,14:03,110000,golfpang,,,18홀,tr_218897924
마이다스레이크 이천,2026-09-19,14:03,190000,golfpang,,,18홀,tr_220198989
한림용인,2026-09-19,14:00,180000,golfpang,,,18홀,tr_220036159
신라,2026-09-19,14:00,180000,golfpang,,,18홀,tr_219445664
리베라,2026-09-19,14:17,240000,golfpang,,,18홀,tr_219900511
신라,2026-09-19,14:07,180000,golfpang,,,18홀,tr_219445665
골프존 안성H,2026-09-19,13:45,185000,golfpang,,,18홀,tr_220235905
양평TPC,2026-09-19,13:43,160000,golfpang,,,18홀,tr_220288698
한림용인,2026-09-19,13:53,180000,golfpang,,,18홀,tr_220036158
한림용인,2026-09-19,13:53,180000,golfpang,,,18홀,tr_220036157
신라,2026-09-19,13:53,180000,golfpang,,,18홀,tr_219445663
솔모로,2026-09-19,13:21,190000,golfpang,,,18홀,tr_220215304
이천(비공개명문),2026-09-19,13:38,238000,golfpang,,,18홀,tr_219573598
골프존 안성H,2026-09-19,13:38,185000,golfpang,,,18홀,tr_220235904
360도,2026-09-19,13:37,180000,golfpang,,,18홀,tr_219798521
세현,2026-09-19,13:37,250000,golfpang,,,18홀,tr_220165781
양평TPC,2026-09-19,13:36,160000,golfpang,,,18홀,tr_220288697
신안(오렌지),2026-09-19,13:35,120000,golfpang,,,18홀,tr_218897923
360도,2026-09-19,13:07,180000,golfpang,,,18홀,tr_219798520
골프존 안성H,2026-09-19,13:31,185000,golfpang,,,18홀,tr_220235903
솔모로,2026-09-19,13:28,190000,golfpang,,,18홀,tr_220215305
빅토리아-퍼9,2026-09-19,12:45,119000,golfpang,,,18홀,tr_219424111
해솔리아,2026-09-19,12:44,170000,golfpang,,,18홀,tr_220288391
빅토리아-퍼9,2026-09-19,12:38,119000,golfpang,,,18홀,tr_219424110
이천(비공개명문),2026-09-19,12:38,269000,golfpang,,,18홀,tr_219573597
해솔리아,2026-09-19,12:37,170000,golfpang,,,18홀,tr_220288390
마이다스레이크 이천,2026-09-19,13:00,200000,golfpang,,,18홀,tr_220198988
양지파인,2026-09-19,11:59,180000,golfpang,,,18홀,tr_220152603
양지파인,2026-09-19,11:51,180000,golfpang,,,18홀,tr_220152604
빅토리아-퍼9,2026-09-19,12:31,119000,golfpang,,,18홀,tr_219424109
해솔리아,2026-09-19,07:24,180000,golfpang,,,18홀,tr_220288389
포웰(안성)cc,2026-09-19,07:21,192000,golfpang,,,18홀,tr_220102673
그린힐,2026-09-19,18:59,110000,golfpang,,,18홀,tr_220153606
리베라,2026-09-19,19:06,140000,golfpang,,,18홀,tr_219900512
이글몬트,2026-09-19,06:27,195000,golfpang,,,18홀,tr_220287979
리베라,2026-09-19,19:06,140000,golfpang,,,18홀,tr_219900513
이글몬트,2026-09-19,06:34,195000,golfpang,,,18홀,tr_220287980
포웰(안성)cc,2026-09-19,05:57,182000,golfpang,,,18홀,tr_220102675
포웰(안성)cc,2026-09-19,06:04,182000,golfpang,,,18홀,tr_220102674
360도,2026-09-19,07:07,180000,golfpang,,,18홀,tr_220327820
360도,2026-09-19,12:15,190000,golfpang,,,18홀,tr_220327821
리베라,2026-09-19,17:43,140000,golfpang,,,18홀,tr_220297208
골프존 송도(구.오렌지듄스),2026-09-19,06:19,169000,golfpang,,,18홀,tr_220214879
블루원용인,2026-09-19,18:15,175000,golfpang,,,18홀,tr_220327785
써닝포인트,2026-09-19,18:02,155000,golfpang,,,18홀,tr_220327782
비에이비스타(퍼),2026-09-19,18:20,150000,golfpang,,,18홀,tr_220327733
비에이비스타(퍼),2026-09-19,12:57,150000,golfpang,,,18홀,tr_220327732
써닝포인트,2026-09-19,18:02,155000,golfpang,,,18홀,tr_220327694
스카이밸리,2026-09-19,13:13,200000,golfpang,,,18홀,tr_220305620
신라,2026-09-19,13:10,180000,golfpang,,,18홀,tr_220305932
양평TPC,2026-09-19,12:40,160000,golfpang,,,18홀,tr_220305849
이포,2026-09-19,12:54,200000,golfpang,,,18홀,tr_220305947
포웰(안성)cc,2026-09-19,12:30,162000,golfpang,,,18홀,tr_220305979
스카이밸리,2026-09-19,07:00,200000,golfpang,,,18홀,tr_220305615
양평TPC,2026-09-19,13:43,150000,golfpang,,,18홀,tr_220305884
마이다스레이크 이천,2026-09-19,14:10,180000,golfpang,,,18홀,tr_220305397
더크로스비,2026-09-19,13:58,197000,golfpang,,,18홀,tr_220305275
이포,2026-09-19,18:41,140000,golfpang,,,18홀,tr_220305948
그린힐,2026-09-19,18:48,100000,golfpang,,,18홀,tr_220306220
골프존 송도(구.오렌지듄스),2026-09-19,06:04,169000,golfpang,,,18홀,tr_220327688
아세코밸리-퍼9,2026-09-19,18:13,110000,golfpang,,,18홀,tr_220327595
윈체스트,2026-09-19,12:07,190000,golfpang,,,18홀,tr_219914207
아세코밸리-퍼9,2026-09-19,18:13,110000,golfpang,,,18홀,tr_220327558
아세코밸리-퍼9,2026-09-19,18:13,110000,golfpang,,,18홀,tr_220327557
아세코밸리-퍼9,2026-09-19,18:13,110000,golfpang,,,18홀,tr_220327559
아세코밸리-퍼9,2026-09-19,17:31,110000,golfpang,,,18홀,tr_220327532
아세코밸리-퍼9,2026-09-19,17:03,110000,golfpang,,,18홀,tr_220327531
아세코밸리-퍼9,2026-09-19,06:12,140000,golfpang,,,18홀,tr_220327530
골프존 송도(구.오렌지듄스),2026-09-19,06:04,169000,golfpang,,,18홀,tr_220327528
신라,2026-09-19,07:20,240000,golfpang,,,18홀,tr_220230222
골프존 송도(구.오렌지듄스),2026-09-19,06:04,169000,golfpang,,,18홀,tr_220327490
윈체스트,2026-09-19,17:15,185000,golfpang,,,18홀,tr_220327466
윈체스트,2026-09-19,18:04,185000,golfpang,,,18홀,tr_220327468
윈체스트,2026-09-19,17:43,185000,golfpang,,,18홀,tr_220327467
골프존 송도(구.오렌지듄스),2026-09-19,06:04,169000,golfpang,,,18홀,tr_220327459
이포,2026-09-19,12:54,200000,golfpang,,,18홀,tr_219327474
이포,2026-09-19,18:13,155000,golfpang,,,18홀,tr_220181934
이천실크밸리,2026-09-19,13:52,155000,golfpang,,,18홀,tr_220327401
이천실크밸리,2026-09-19,06:07,175000,golfpang,,,18홀,tr_220327400
이천실크밸리,2026-09-19,18:03,110000,golfpang,,,18홀,tr_220327402
클럽72,2026-09-19,19:07,140000,golfpang,,,18홀,tr_220205932
아세코밸리-퍼9,2026-09-19,12:44,130000,golfpang,,,18홀,tr_220107582
아세코밸리-퍼9,2026-09-19,17:45,110000,golfpang,,,18홀,tr_220205925
그린힐,2026-09-19,17:35,140000,golfpang,,,18홀,tr_220206335
신라,2026-09-19,13:53,180000,golfpang,,,18홀,tr_219382941
클럽72,2026-09-19,18:18,150000,golfpang,,,18홀,tr_220205929
써닝포인트,2026-09-19,18:04,155000,golfpang,,,18홀,tr_220325826
솔트베이,2026-09-19,18:50,189000,golfpang,,,18홀,tr_219791809
안성베네스트(챌),2026-09-19,14:13,179000,golfpang,,,18홀,tr_220327341
안성베네스트(챌),2026-09-19,14:06,179000,golfpang,,,18홀,tr_220327340
여주,2026-09-19,13:53,240000,golfpang,,,18홀,tr_220327263
여주,2026-09-19,06:30,270000,golfpang,,,18홀,tr_220327262
이천(비공개명문),2026-09-19,12:38,269000,golfpang,,,18홀,tr_220327195
이천(비공개명문),2026-09-19,13:38,238000,golfpang,,,18홀,tr_220327196
클럽72,2026-09-19,18:46,150000,golfpang,,,18홀,tr_220327182
한림용인,2026-09-19,17:39,150000,golfpang,,,18홀,tr_220327180
골프존 송도(구.오렌지듄스),2026-09-19,13:50,179000,golfpang,,,18홀,tr_220212225
에덴블루,2026-09-19,06:42,199000,golfpang,,,18홀,tr_220327145
에덴블루,2026-09-19,12:30,209000,golfpang,,,18홀,tr_220327146
에덴블루,2026-09-19,18:42,129900,golfpang,,,18홀,tr_220327147
비에이비스타,2026-09-19,14:01,170000,golfpang,,,18홀,tr_220240294
비에이비스타(퍼),2026-09-19,12:41,160000,golfpang,,,18홀,tr_220240115
마이다스레이크 이천,2026-09-19,14:21,180000,golfpang,,,18홀,tr_220250547
블루원용인(퍼),2026-09-19,18:00,145000,golfpang,,,18홀,tr_220198320
비에이비스타,2026-09-19,18:06,130000,golfpang,,,18홀,tr_220240296
블루원용인(퍼),2026-09-19,18:06,145000,golfpang,,,18홀,tr_220205867
비에이비스타(퍼),2026-09-19,18:21,110000,golfpang,,,18홀,tr_220240199
골프존 안성W,2026-09-19,13:41,150000,golfpang,,,18홀,tr_220306609
한림용인,2026-09-19,12:16,200000,golfpang,,,18홀,tr_220327110
양지파인,2026-09-19,11:51,170000,golfpang,,,18홀,tr_220327032
양지파인,2026-09-19,08:37,190000,golfpang,,,18홀,tr_220327031
그린힐,2026-09-19,18:38,110000,golfpang,,,18홀,tr_220283460
그린힐,2026-09-19,18:38,110000,golfpang,,,18홀,tr_220283459
그린힐,2026-09-19,18:38,110000,golfpang,,,18홀,tr_220283461
빅토리아-퍼9,2026-09-19,17:59,99000,golfpang,,,18홀,tr_219556415
클럽72,2026-09-19,18:44,140000,golfpang,,,18홀,tr_220121613
아세코밸리-퍼9,2026-09-19,17:10,120000,golfpang,,,18홀,tr_220326757
아세코밸리-퍼9,2026-09-19,17:03,120000,golfpang,,,18홀,tr_220326756
아세코밸리-퍼9,2026-09-19,18:13,110000,golfpang,,,18홀,tr_220326755
스카이밸리,2026-09-19,13:39,180000,golfpang,,,18홀,tr_220262222
그린힐,2026-09-19,19:06,100000,golfpang,,,18홀,tr_220261956
포웰(안성)cc,2026-09-19,18:11,112000,golfpang,,,18홀,tr_220261278
포웰(안성)cc,2026-09-19,19:28,105000,golfpang,,,18홀,tr_220261344
마이다스레이크 이천,2026-09-19,14:03,190000,golfpang,,,18홀,tr_220205989
스카이밸리,2026-09-19,13:32,200000,golfpang,,,18홀,tr_220204539
인천그랜드,2026-09-19,17:47,189000,golfpang,,,18홀,tr_220326619
이포,2026-09-19,17:52,140000,golfpang,,,18홀,tr_220326618
유니아일랜드,2026-09-19,15:15,150000,golfpang,,,18홀,tr_220326545
세현,2026-09-19,19:12,160000,golfpang,,,18홀,tr_220322714
세현,2026-09-19,13:30,250000,golfpang,,,18홀,tr_220241420
세현,2026-09-19,18:02,170000,golfpang,,,18홀,tr_220241422
세현,2026-09-19,17:48,180000,golfpang,,,18홀,tr_220241421
스카이밸리,2026-09-19,13:32,200000,golfpang,,,18홀,tr_220236178
양지파인,2026-09-19,11:52,170000,golfpang,,,18홀,tr_220326517
유니아일랜드,2026-09-19,15:00,150000,golfpang,,,18홀,tr_220326483
유니아일랜드,2026-09-19,16:31,130000,golfpang,,,18홀,tr_220326484
유니아일랜드,2026-09-19,06:43,190000,golfpang,,,18홀,tr_220326482
양평TPC,2026-09-19,13:50,150000,golfpang,,,18홀,tr_220261240
해솔리아,2026-09-19,18:03,135000,golfpang,,,18홀,tr_220287550
해솔리아,2026-09-19,12:02,170000,golfpang,,,18홀,tr_220287549
해솔리아,2026-09-19,06:28,170000,golfpang,,,18홀,tr_220287548
빅토리아-퍼9,2026-09-19,17:31,99000,golfpang,,,18홀,tr_220326331
빅토리아-퍼9,2026-09-19,18:06,99000,golfpang,,,18홀,tr_220326332
빅토리아-퍼9,2026-09-19,18:34,99000,golfpang,,,18홀,tr_220326333
클럽72,2026-09-19,17:01,150000,golfpang,,,18홀,tr_219769811
클럽72,2026-09-19,06:00,230000,golfpang,,,18홀,tr_219769813
클럽72,2026-09-19,18:32,140000,golfpang,,,18홀,tr_219769812
신라,2026-09-19,14:08,180000,golfpang,,,18홀,tr_220326328
신라,2026-09-19,12:22,200000,golfpang,,,18홀,tr_219822872
스카이밸리,2026-09-19,13:32,200000,golfpang,,,18홀,tr_219983131
신라,2026-09-19,13:53,180000,golfpang,,,18홀,tr_220220221
신라,2026-09-19,14:00,180000,golfpang,,,18홀,tr_220220222
솔트베이,2026-09-19,17:48,199000,golfpang,,,18홀,tr_220326321
360도,2026-09-19,06:00,170000,golfpang,,,18홀,tr_220240905
360도,2026-09-19,12:15,200000,golfpang,,,18홀,tr_220240906
이글몬트,2026-09-19,06:34,195000,golfpang,,,18홀,tr_220326301
이글몬트,2026-09-19,06:27,195000,golfpang,,,18홀,tr_220326300
솔트베이,2026-09-19,05:47,259000,golfpang,,,18홀,tr_220326298
빅토리아-퍼9,2026-09-19,17:45,99000,golfpang,,,18홀,tr_220326258
골프클럽Q,2026-09-19,13:29,160000,golfpang,,,18홀,tr_220326231
한림용인,2026-09-19,17:38,158000,golfpang,,,18홀,tr_220288763
솔모로,2026-09-19,13:14,190000,golfpang,,,18홀,tr_220214265
그린힐,2026-09-19,18:50,100000,golfpang,,,18홀,tr_220212752
마이다스레이크 이천,2026-09-19,14:24,180000,golfpang,,,18홀,tr_220274566
한원,2026-09-19,13:40,199000,golfpang,,,18홀,tr_219597121
한원,2026-09-19,18:00,150000,golfpang,,,18홀,tr_219597818
양평TPC,2026-09-19,13:22,160000,golfpang,,,18홀,tr_220259927
양평TPC,2026-09-19,07:13,240000,golfpang,,,18홀,tr_220259926
솔모로,2026-09-19,13:14,190000,golfpang,,,18홀,tr_220150319
유니아일랜드,2026-09-19,06:57,190000,golfpang,,,18홀,tr_220326026
유니아일랜드,2026-09-19,15:00,150000,golfpang,,,18홀,tr_220326028
유니아일랜드,2026-09-19,11:08,200000,golfpang,,,18홀,tr_220326027
솔모로,2026-09-19,13:14,190000,golfpang,,,18홀,tr_220150188
클럽72,2026-09-19,18:40,140000,golfpang,,,18홀,tr_220325898
골프존 송도(구.오렌지듄스),2026-09-19,18:32,159000,golfpang,,,18홀,tr_220325822
클럽72,2026-09-19,18:40,140000,golfpang,,,18홀,tr_220325820
360도,2026-09-19,12:15,200000,golfpang,,,18홀,tr_220288077
360도,2026-09-19,07:07,180000,golfpang,,,18홀,tr_220288076
360도,2026-09-19,12:15,190000,golfpang,,,18홀,tr_220317289
신라,2026-09-19,14:07,180000,golfpang,,,18홀,tr_220325672
신라,2026-09-19,13:53,180000,golfpang,,,18홀,tr_220325674
신라,2026-09-19,07:55,280000,golfpang,,,18홀,tr_220325673
세현,2026-09-19,19:33,160000,golfpang,,,18홀,tr_220325481
세현,2026-09-19,18:44,160000,golfpang,,,18홀,tr_220325479
세현,2026-09-19,19:26,160000,golfpang,,,18홀,tr_220325480
포웰(안성)cc,2026-09-19,13:36,152000,golfpang,,,18홀,tr_220325446
포웰(안성)cc,2026-09-19,07:21,172000,golfpang,,,18홀,tr_220152657
클럽72,2026-09-19,08:27,220000,golfpang,,,18홀,tr_220325203
골프존 안성H,2026-09-19,14:27,185000,golfpang,,,18홀,tr_220325156
골프존 안성H,2026-09-19,13:31,185000,golfpang,,,18홀,tr_220325155
비에이비스타(퍼),2026-09-19,12:44,160000,golfpang,,,18홀,tr_220290945
비에이비스타(퍼),2026-09-19,12:16,170000,golfpang,,,18홀,tr_220290848
골프존 안성W,2026-09-19,18:59,110000,golfpang,,,18홀,tr_220325131
골프존 안성W,2026-09-19,06:58,180000,golfpang,,,18홀,tr_220258649
에델바이스(가명),2026-09-19,06:42,180000,golfpang,,,18홀,tr_220258403
골프존 안성W,2026-09-19,11:39,170000,golfpang,,,18홀,tr_220258648
에델바이스(가명),2026-09-19,13:33,180000,golfpang,,,18홀,tr_220258404
골프존 안성W,2026-09-19,08:57,190000,golfpang,,,18홀,tr_220258647
클럽72-오션,2026-09-19,06:44,300000,golfpang,,,18홀,tr_220325025
클럽72-오션,2026-09-19,14:03,280000,golfpang,,,18홀,tr_220325026
양지파인,2026-09-19,08:51,190000,golfpang,,,18홀,tr_220324795
양지파인,2026-09-19,11:37,170000,golfpang,,,18홀,tr_220324796
리베라,2026-09-19,18:59,140000,golfpang,,,18홀,tr_220324661
리베라,2026-09-19,14:31,210000,golfpang,,,18홀,tr_220324659
리베라,2026-09-19,19:06,140000,golfpang,,,18홀,tr_220324660
골드,2026-09-19,18:22,149000,golfpang,,,18홀,tr_220202769
코리아,2026-09-19,18:01,149000,golfpang,,,18홀,tr_217927171
리베라,2026-09-19,18:59,140000,golfpang,,,18홀,tr_219992329
그린힐,2026-09-19,18:59,110000,golfpang,,,18홀,tr_219991894
그린힐,2026-09-19,18:59,110000,golfpang,,,18홀,tr_219991893
세현,2026-09-19,19:33,160000,golfpang,,,18홀,tr_219992898
포웰(안성)cc,2026-09-19,19:28,132000,golfpang,,,18홀,tr_219994325
세현,2026-09-19,19:26,160000,golfpang,,,18홀,tr_219992897
클럽72,2026-09-19,19:07,140000,golfpang,,,18홀,tr_219993985
리베라,2026-09-19,19:06,140000,golfpang,,,18홀,tr_219992328
신라,2026-09-19,13:53,180000,golfpang,,,18홀,tr_219993011
여주,2026-09-19,13:53,240000,golfpang,,,18홀,tr_219993759
솔모로,2026-09-19,14:03,190000,golfpang,,,18홀,tr_219992938
유니아일랜드,2026-09-19,15:42,160000,golfpang,,,18홀,tr_219993859
유니아일랜드,2026-09-19,15:28,170000,golfpang,,,18홀,tr_220318870
리베라,2026-09-19,14:31,210000,golfpang,,,18홀,tr_220319559
리베라,2026-09-19,14:17,240000,golfpang,,,18홀,tr_219992327
아세코밸리-퍼9,2026-09-19,17:17,110000,golfpang,,,18홀,tr_219993545
아세코밸리-퍼9,2026-09-19,17:10,120000,golfpang,,,18홀,tr_219993546
레인보우힐스,2026-09-19,13:36,255000,golfpang,,,18홀,tr_219992288
레인보우힐스,2026-09-19,13:36,255000,golfpang,,,18홀,tr_219992287
그린힐,2026-09-19,13:42,190000,golfpang,,,18홀,tr_219991892
신라,2026-09-19,13:39,180000,golfpang,,,18홀,tr_219993010
세현,2026-09-19,13:37,250000,golfpang,,,18홀,tr_219992896
이천실크밸리,2026-09-19,13:52,155000,golfpang,,,18홀,tr_220199271
솔모로,2026-09-19,13:49,180000,golfpang,,,18홀,tr_219992937
포웰(안성)cc,2026-09-19,13:57,162000,golfpang,,,18홀,tr_219994324
클럽72-오션,2026-09-19,13:56,290000,golfpang,,,18홀,tr_219994032
이글몬트,2026-09-19,13:53,170000,golfpang,,,18홀,tr_220130785
유니아일랜드,2026-09-19,11:29,220000,golfpang,,,18홀,tr_219993860
양지파인,2026-09-19,12:29,180000,golfpang,,,18홀,tr_219993714
포웰(안성)cc,2026-09-19,12:54,172000,golfpang,,,18홀,tr_219994326
클럽72-오션,2026-09-19,12:53,300000,golfpang,,,18홀,tr_219994033
유니아일랜드,2026-09-19,05:40,190000,golfpang,,,18홀,tr_219993861
여주,2026-09-19,06:30,270000,golfpang,,,18홀,tr_219993758
양지파인,2026-09-19,06:30,210000,golfpang,,,18홀,tr_219993715
클럽72,2026-09-19,07:10,260000,golfpang,,,18홀,tr_219993986
양지파인,2026-09-19,08:07,190000,golfpang,,,18홀,tr_220319662
신라,2026-09-19,06:10,200000,golfpang,,,18홀,tr_219993009
클럽72,2026-09-19,06:00,230000,golfpang,,,18홀,tr_219993984
아세코밸리-퍼9,2026-09-19,05:51,140000,golfpang,,,18홀,tr_219993544
한림용인,2026-09-19,13:23,180000,golfpang,,,18홀,tr_220324450
아세코밸리-퍼9,2026-09-19,12:44,130000,golfpang,,,18홀,tr_219394868
클럽72,2026-09-19,19:07,140000,golfpang,,,18홀,tr_220203741
스카이밸리,2026-09-19,06:20,200000,golfpang,,,18홀,tr_220324395
스카이밸리,2026-09-19,13:23,190000,golfpang,,,18홀,tr_220324396
비에이비스타(퍼),2026-09-19,12:16,170000,golfpang,,,18홀,tr_220213562
포웰(안성)cc,2026-09-19,17:57,122000,golfpang,,,18홀,tr_220324209
에덴블루,2026-09-19,07:27,209000,golfpang,,,18홀,tr_220100399
히든밸리,2026-09-19,07:03,200000,golfpang,,,18홀,tr_219717268
이천실크밸리,2026-09-19,08:41,205000,golfpang,,,18홀,tr_219923602
에덴블루,2026-09-19,06:56,199000,golfpang,,,18홀,tr_220100398
세현,2026-09-19,19:26,160000,golfpang,,,18홀,tr_220322792
리베라,2026-09-19,19:20,140000,golfpang,,,18홀,tr_220322525
세현,2026-09-19,19:19,160000,golfpang,,,18홀,tr_220322316
리베라,2026-09-19,19:13,140000,golfpang,,,18홀,tr_220322523
빅토리아-퍼9,2026-09-19,19:09,-1,golfpang,,,18홀,tr_220323931
빅토리아-퍼9,2026-09-19,19:02,-1,golfpang,,,18홀,tr_220323740
그린힐,2026-09-19,17:42,140000,golfpang,,,18홀,tr_220322831
그린힐,2026-09-19,17:42,140000,golfpang,,,18홀,tr_220322830
빅토리아-퍼9,2026-09-19,18:13,-1,golfpang,,,18홀,tr_220323928
세현,2026-09-19,18:37,170000,golfpang,,,18홀,tr_220322315
빅토리아-퍼9,2026-09-19,18:34,-1,golfpang,,,18홀,tr_220323929
빅토리아-퍼9,2026-09-19,18:27,-1,golfpang,,,18홀,tr_220323738
여주,2026-09-19,14:07,240000,golfpang,,,18홀,tr_220323179
신라,2026-09-19,14:07,180000,golfpang,,,18홀,tr_220321595
여주,2026-09-19,14:07,240000,golfpang,,,18홀,tr_220323090
여주,2026-09-19,14:00,240000,golfpang,,,18홀,tr_220323178
유니아일랜드,2026-09-19,15:14,170000,golfpang,,,18홀,tr_220321827
리베라,2026-09-19,14:31,210000,golfpang,,,18홀,tr_220322524
리베라,2026-09-19,14:31,210000,golfpang,,,18홀,tr_220322522
여주,2026-09-19,13:53,240000,golfpang,,,18홀,tr_220323177
유니아일랜드,2026-09-19,11:22,220000,golfpang,,,18홀,tr_220321826
유니아일랜드,2026-09-19,10:40,220000,golfpang,,,18홀,tr_220321825
360도,2026-09-19,06:22,170000,golfpang,,,18홀,tr_220323151
클럽72,2026-09-19,08:13,250000,golfpang,,,18홀,tr_220323675
클럽72,2026-09-19,19:35,150000,golfpang,,,18홀,tr_220323676
클럽72,2026-09-19,19:35,150000,golfpang,,,18홀,tr_220323990
빅토리아-퍼9,2026-09-19,18:48,-1,golfpang,,,18홀,tr_220323930
양지파인,2026-09-19,11:51,170000,golfpang,,,18홀,tr_220322642
빅토리아-퍼9,2026-09-19,18:55,-1,golfpang,,,18홀,tr_220323739
양지파인,2026-09-19,11:51,170000,golfpang,,,18홀,tr_220322641
신라,2026-09-19,07:20,240000,golfpang,,,18홀,tr_220321407
360도,2026-09-19,06:00,165000,golfpang,,,18홀,tr_220283010
아세코밸리-퍼9,2026-09-19,05:58,140000,golfpang,,,18홀,tr_219891355
이천실크밸리,2026-09-19,18:24,125000,golfpang,,,18홀,tr_219903821
양지파인,2026-09-19,06:00,199000,golfpang,,,18홀,tr_219820774
리베라,2026-09-19,18:52,140000,golfpang,,,18홀,tr_220088698
그린힐,2026-09-19,18:45,130000,golfpang,,,18홀,tr_220278871
리베라,2026-09-19,18:45,140000,golfpang,,,18홀,tr_220088697
리베라,2026-09-19,19:20,140000,golfpang,,,18홀,tr_220316657
그린힐,2026-09-19,18:03,130000,golfpang,,,18홀,tr_220278869
용인플라자,2026-09-19,17:51,160000,golfpang,,,18홀,tr_219770797
세현,2026-09-19,17:48,180000,golfpang,,,18홀,tr_219820018
해솔리아,2026-09-19,18:18,135000,golfpang,,,18홀,tr_220290506
용인(비공개),2026-09-19,18:17,150000,golfpang,,,18홀,tr_220236303
세현,2026-09-19,18:16,170000,golfpang,,,18홀,tr_220319786
용인플라자,2026-09-19,18:13,160000,golfpang,,,18홀,tr_219770798
그린힐,2026-09-19,18:31,130000,golfpang,,,18홀,tr_220278870
세현,2026-09-19,18:30,170000,golfpang,,,18홀,tr_219820019
스카이밸리,2026-09-19,13:53,190000,golfpang,,,18홀,tr_220291029
용인(비공개),2026-09-19,14:06,199000,golfpang,,,18홀,tr_220236302
여주,2026-09-19,14:00,240000,golfpang,,,18홀,tr_220320094
골프존 안성H,2026-09-19,14:20,185000,golfpang,,,18홀,tr_220233443
루트52,2026-09-19,14:16,180000,golfpang,,,18홀,tr_220195293
이천실크밸리,2026-09-19,17:35,130000,golfpang,,,18홀,tr_219903820
이천실크밸리,2026-09-19,17:35,130000,golfpang,,,18홀,tr_219903819
용인플라자,2026-09-19,17:31,160000,golfpang,,,18홀,tr_219770796
빅토리아-퍼9,2026-09-19,17:31,99000,golfpang,,,18홀,tr_219749009
한림용인,2026-09-19,17:31,150000,golfpang,,,18홀,tr_220238710
아세코밸리-퍼9,2026-09-19,17:03,120000,golfpang,,,18홀,tr_219891357
파인크리크,2026-09-19,13:17,250000,golfpang,,,18홀,tr_219831290
파인크리크,2026-09-19,13:17,250000,golfpang,,,18홀,tr_219831289
한림용인,2026-09-19,13:32,180000,golfpang,,,18홀,tr_220238709
골프존 안성H,2026-09-19,13:31,185000,golfpang,,,18홀,tr_220233442
골프존 안성H,2026-09-19,13:31,185000,golfpang,,,18홀,tr_220233441
빅토리아-퍼9,2026-09-19,13:41,119000,golfpang,,,18홀,tr_219749008
빅토리아-퍼9,2026-09-19,13:41,119000,golfpang,,,18홀,tr_219749007
해솔리아,2026-09-19,13:40,160000,golfpang,,,18홀,tr_220290505
세현,2026-09-19,13:37,250000,golfpang,,,18홀,tr_219820017
용인(비공개),2026-09-19,13:52,199000,golfpang,,,18홀,tr_220236301
아세코밸리-퍼9,2026-09-19,11:41,140000,golfpang,,,18홀,tr_219891356
360도,2026-09-19,12:15,200000,golfpang,,,18홀,tr_220283011
양평TPC,2026-09-19,12:54,160000,golfpang,,,18홀,tr_220307219
양지파인,2026-09-19,12:44,170000,golfpang,,,18홀,tr_219820775
한림용인,2026-09-19,06:31,200000,golfpang,,,18홀,tr_220238708
360도,2026-09-19,06:22,170000,golfpang,,,18홀,tr_220320343
스카이밸리,2026-09-19,06:20,200000,golfpang,,,18홀,tr_220291028
유니아일랜드,2026-09-19,06:43,210000,golfpang,,,18홀,tr_220316295
해솔리아,2026-09-19,07:21,180000,golfpang,,,18홀,tr_220290504
양평TPC,2026-09-19,06:59,200000,golfpang,,,18홀,tr_220307218
루트52,2026-09-19,06:59,220000,golfpang,,,18홀,tr_220195292
캐슬렉스,2026-09-19,13:46,250000,golfpang,,,18홀,tr_220321202
캐슬렉스,2026-09-19,13:46,250000,golfpang,,,18홀,tr_220321203
캐슬렉스,2026-09-19,06:04,250000,golfpang,,,18홀,tr_220321201
해솔리아,2026-09-19,12:44,170000,golfpang,,,18홀,tr_220321160
해솔리아,2026-09-19,13:47,160000,golfpang,,,18홀,tr_220321158
해솔리아,2026-09-19,07:17,180000,golfpang,,,18홀,tr_220321159
양지파인,2026-09-19,08:37,190000,golfpang,,,18홀,tr_220320914
세현,2026-09-19,18:23,170000,golfpang,,,18홀,tr_220319342
세현,2026-09-19,18:58,160000,golfpang,,,18홀,tr_220319343
클럽72,2026-09-19,19:14,150000,golfpang,,,18홀,tr_220320957
리베라,2026-09-19,19:13,140000,golfpang,,,18홀,tr_220319558
리베라,2026-09-19,19:13,140000,golfpang,,,18홀,tr_220319556
리베라,2026-09-19,19:13,140000,golfpang,,,18홀,tr_220320711
리베라,2026-09-19,19:06,140000,golfpang,,,18홀,tr_220319560
리베라,2026-09-19,19:06,140000,golfpang,,,18홀,tr_220319557
세현,2026-09-19,18:02,180000,golfpang,,,18홀,tr_220319341
빅토리아-퍼9,2026-09-19,18:20,-1,golfpang,,,18홀,tr_220320696
세현,2026-09-19,18:16,170000,golfpang,,,18홀,tr_220319340
여주,2026-09-19,14:00,240000,golfpang,,,18홀,tr_220320093
유니아일랜드,2026-09-19,15:28,170000,golfpang,,,18홀,tr_220318869
유니아일랜드,2026-09-19,15:14,170000,golfpang,,,18홀,tr_220318868
레인보우힐스,2026-09-19,13:36,255000,golfpang,,,18홀,tr_220319767
360도,2026-09-19,11:37,190000,golfpang,,,18홀,tr_220320152
양지파인,2026-09-19,11:59,170000,golfpang,,,18홀,tr_220320915
유니아일랜드,2026-09-19,06:36,210000,golfpang,,,18홀,tr_220318867
클럽72,2026-09-19,06:49,230000,golfpang,,,18홀,tr_220320955
360도,2026-09-19,06:45,180000,golfpang,,,18홀,tr_220320151
360도,2026-09-19,07:07,180000,golfpang,,,18홀,tr_220320344
세현,2026-09-19,18:23,170000,golfpang,,,18홀,tr_220319785
클럽72,2026-09-19,06:16,300000,golfpang,,,18홀,tr_220320954
그린힐,2026-09-19,18:52,110000,golfpang,,,18홀,tr_220318565
그린힐,2026-09-19,18:59,110000,golfpang,,,18홀,tr_220318566
그린힐,2026-09-19,17:35,140000,golfpang,,,18홀,tr_220318564
아난티중앙(야간),2026-09-19,17:53,140000,golfpang,,,18홀,tr_220318477
마이다스레이크 이천,2026-09-19,14:03,190000,golfpang,,,18홀,tr_220212583
포웰(안성)cc,2026-09-19,13:57,152000,golfpang,,,18홀,tr_220307152
양평TPC,2026-09-19,13:08,160000,golfpang,,,18홀,tr_220318417
캐슬렉스,2026-09-19,13:46,250000,golfpang,,,18홀,tr_220318415
캐슬렉스,2026-09-19,06:04,250000,golfpang,,,18홀,tr_220318391
더크로스비,2026-09-19,13:51,207000,golfpang,,,18홀,tr_220221924
한림용인,2026-09-19,12:15,200000,golfpang,,,18홀,tr_220318376
한림용인,2026-09-19,12:15,200000,golfpang,,,18홀,tr_220318375
한림용인,2026-09-19,12:15,200000,golfpang,,,18홀,tr_220318374
아세코밸리-퍼9,2026-09-19,16:35,120000,golfpang,,,18홀,tr_220318270
아세코밸리-퍼9,2026-09-19,18:13,110000,golfpang,,,18홀,tr_220318272
아세코밸리-퍼9,2026-09-19,17:03,110000,golfpang,,,18홀,tr_220318271
양평TPC,2026-09-19,06:59,200000,golfpang,,,18홀,tr_220318157
양평TPC,2026-09-19,12:54,160000,golfpang,,,18홀,tr_220318158
세현,2026-09-19,18:44,160000,golfpang,,,18홀,tr_220316907
빅토리아-퍼9,2026-09-19,18:41,-1,golfpang,,,18홀,tr_220317870
리베라,2026-09-19,19:20,140000,golfpang,,,18홀,tr_220316658
리베라,2026-09-19,19:06,140000,golfpang,,,18홀,tr_220317884
세현,2026-09-19,19:05,160000,golfpang,,,18홀,tr_220316490
세현,2026-09-19,18:58,160000,golfpang,,,18홀,tr_220316489
신라,2026-09-19,14:14,180000,golfpang,,,18홀,tr_220315721
그린힐,2026-09-19,17:35,140000,golfpang,,,18홀,tr_220317273
유니아일랜드,2026-09-19,11:29,220000,golfpang,,,18홀,tr_220315990
클럽72,2026-09-19,06:44,300000,golfpang,,,18홀,tr_220318118
세현,2026-09-19,18:44,160000,golfpang,,,18홀,tr_220316839
세현,2026-09-19,18:30,170000,golfpang,,,18홀,tr_220316491
360도,2026-09-19,06:00,165000,golfpang,,,18홀,tr_220317523
그린힐,2026-09-19,17:42,140000,golfpang,,,18홀,tr_220307373
그린힐,2026-09-19,17:35,140000,golfpang,,,18홀,tr_220307372
그린힐,2026-09-19,17:42,140000,golfpang,,,18홀,tr_220307374
한원,2026-09-19,06:11,280000,golfpang,,,18홀,tr_220315650
한원,2026-09-19,18:17,170000,golfpang,,,18홀,tr_220315652
한원,2026-09-19,14:06,280000,golfpang,,,18홀,tr_220315651
신라,2026-09-19,13:32,180000,golfpang,,,18홀,tr_219872445
양평TPC,2026-09-19,12:40,160000,golfpang,,,18홀,tr_220258425
360도,2026-09-19,11:37,190000,golfpang,,,18홀,tr_220315584
360도,2026-09-19,06:00,165000,golfpang,,,18홀,tr_220315583
양평TPC,2026-09-19,12:40,160000,golfpang,,,18홀,tr_220304083
해솔리아,2026-09-19,12:16,180000,golfpang,,,18홀,tr_220315506
해솔리아,2026-09-19,12:16,180000,golfpang,,,18홀,tr_220315507
해솔리아,2026-09-19,06:28,180000,golfpang,,,18홀,tr_220315505
양평TPC,2026-09-19,12:05,160000,golfpang,,,18홀,tr_220315480
양평TPC,2026-09-19,13:40,150000,golfpang,,,18홀,tr_220315481
더크로스비,2026-09-19,13:51,207000,golfpang,,,18홀,tr_220315504
스카이밸리,2026-09-19,06:41,200000,golfpang,,,18홀,tr_220306238
신라,2026-09-19,12:22,200000,golfpang,,,18홀,tr_220212779
골프존 안성W,2026-09-19,13:38,150000,golfpang,,,18홀,tr_220315300
골프존 안성W,2026-09-19,07:05,170000,golfpang,,,18홀,tr_220315298
골프존 안성W,2026-09-19,12:35,160000,golfpang,,,18홀,tr_220315299
마이다스레이크 이천,2026-09-19,14:10,180000,golfpang,,,18홀,tr_220182594
마이다스레이크 이천,2026-09-19,14:03,190000,golfpang,,,18홀,tr_220182770
솔트베이,2026-09-19,17:47,199000,golfpang,,,18홀,tr_220315130
솔트베이,2026-09-19,05:46,259000,golfpang,,,18홀,tr_220315129
솔트베이,2026-09-19,18:29,189000,golfpang,,,18홀,tr_220315131
그린힐,2026-09-19,18:31,110000,golfpang,,,18홀,tr_220315128
신라,2026-09-19,07:20,240000,golfpang,,,18홀,tr_220215152
더크로스비,2026-09-19,13:58,197000,golfpang,,,18홀,tr_220307411
골프존 안성W,2026-09-19,19:06,110000,golfpang,,,18홀,tr_219991828
이글몬트,2026-09-19,07:37,200000,golfpang,,,18홀,tr_220121221
골프존 안성W,2026-09-19,08:50,180000,golfpang,,,18홀,tr_220306535
골프존 안성W,2026-09-19,13:38,150000,golfpang,,,18홀,tr_220306562
한림용인,2026-09-19,17:38,150000,golfpang,,,18홀,tr_220305236
이글몬트,2026-09-19,06:27,195000,golfpang,,,18홀,tr_220315051
이글몬트,2026-09-19,06:34,195000,golfpang,,,18홀,tr_220315052
골프존 안성W,2026-09-19,11:56,160000,golfpang,,,18홀,tr_220315037
골프존 안성W,2026-09-19,07:05,170000,golfpang,,,18홀,tr_220315036
골프존 안성W,2026-09-19,13:38,150000,golfpang,,,18홀,tr_220315038
리베라,2026-09-19,18:52,140000,golfpang,,,18홀,tr_220315024
이천실크밸리,2026-09-19,13:52,155000,golfpang,,,18홀,tr_220314994
이천실크밸리,2026-09-19,07:45,195000,golfpang,,,18홀,tr_220314993
이천실크밸리,2026-09-19,18:17,110000,golfpang,,,18홀,tr_220314995
스카이밸리,2026-09-19,06:41,200000,golfpang,,,18홀,tr_220304013
포웰(안성)cc,2026-09-19,18:11,112000,golfpang,,,18홀,tr_220297184
포웰(안성)cc,2026-09-19,19:21,105000,golfpang,,,18홀,tr_220297203
포웰(안성)cc,2026-09-19,19:49,92000,golfpang,,,18홀,tr_220297207
그린힐,2026-09-19,19:06,100000,golfpang,,,18홀,tr_220297559
양평TPC,2026-09-19,12:54,160000,golfpang,,,18홀,tr_220307470
양평TPC,2026-09-19,13:50,150000,golfpang,,,18홀,tr_220307471
양평TPC,2026-09-19,13:29,160000,golfpang,,,18홀,tr_220307418
양평TPC,2026-09-19,13:57,150000,golfpang,,,18홀,tr_220307314
양평TPC,2026-09-19,13:50,150000,golfpang,,,18홀,tr_220307313
골프존 안성W,2026-09-19,06:37,170000,golfpang,,,18홀,tr_220290000
양평TPC,2026-09-19,12:33,160000,golfpang,,,18홀,tr_220307185
양평TPC,2026-09-19,13:43,150000,golfpang,,,18홀,tr_220307186
이천실크밸리,2026-09-19,17:42,130000,golfpang,,,18홀,tr_219591336
이천실크밸리,2026-09-19,17:42,130000,golfpang,,,18홀,tr_219591335
세현,2026-09-19,18:02,180000,golfpang,,,18홀,tr_220023640
그린힐,2026-09-19,18:38,110000,golfpang,,,18홀,tr_220220598
리베라,2026-09-19,18:31,150000,golfpang,,,18홀,tr_219343295
그린힐,2026-09-19,17:35,140000,golfpang,,,18홀,tr_220220596
그린힐,2026-09-19,17:35,140000,golfpang,,,18홀,tr_220220597
이천실크밸리,2026-09-19,17:42,130000,golfpang,,,18홀,tr_219591337
여주,2026-09-19,13:39,240000,golfpang,,,18홀,tr_220217207
여주,2026-09-19,13:39,240000,golfpang,,,18홀,tr_220217206
골프존 안성H,2026-09-19,12:28,190000,golfpang,,,18홀,tr_219951398
골프존 안성H,2026-09-19,12:28,190000,golfpang,,,18홀,tr_219951397
360도,2026-09-19,12:15,180000,golfpang,,,18홀,tr_220219639
리베라,2026-09-19,19:06,150000,golfpang,,,18홀,tr_219343296
360도,2026-09-19,06:07,187000,golfpang,,,18홀,tr_220219638
신라,2026-09-19,12:50,190000,golfpang,,,18홀,tr_219446373
레인보우힐스,2026-09-19,13:04,255000,golfpang,,,18홀,tr_219568076
레인보우힐스,2026-09-19,13:04,255000,golfpang,,,18홀,tr_219568075
세현,2026-09-19,13:37,250000,golfpang,,,18홀,tr_220023639
한림안성(퍼9),2026-09-19,06:56,140000,golfpang,,,18홀,tr_219957201
한림안성(퍼9),2026-09-19,06:56,140000,golfpang,,,18홀,tr_219957200
골프존 안성H,2026-09-19,08:29,210000,golfpang,,,18홀,tr_219951396
아세코밸리-퍼9,2026-09-19,11:41,140000,golfpang,,,18홀,tr_219446723
뉴스프링빌,2026-09-19,11:29,280000,golfpang,,,18홀,tr_219794206
아세코밸리-퍼9,2026-09-19,12:09,140000,golfpang,,,18홀,tr_219446724
신라,2026-09-19,12:08,200000,golfpang,,,18홀,tr_219446371
신라,2026-09-19,12:29,200000,golfpang,,,18홀,tr_219446372
뉴스프링빌,2026-09-19,06:37,280000,golfpang,,,18홀,tr_219794205
포웰(안성)cc,2026-09-19,13:57,152000,golfpang,,,18홀,tr_220307056
블루원용인,2026-09-19,18:15,175000,golfpang,,,18홀,tr_220239844
비에이비스타,2026-09-19,13:46,170000,golfpang,,,18홀,tr_218928293
비에이비스타(퍼),2026-09-19,12:43,160000,golfpang,,,18홀,tr_218346965
블루원용인(퍼),2026-09-19,18:01,145000,golfpang,,,18홀,tr_220217702
골프존 안성W,2026-09-19,13:38,150000,golfpang,,,18홀,tr_220290008
해솔리아,2026-09-19,18:18,135000,golfpang,,,18홀,tr_220306952
해솔리아,2026-09-19,18:11,135000,golfpang,,,18홀,tr_220306951
해솔리아,2026-09-19,18:25,135000,golfpang,,,18홀,tr_220306953
골프존 안성W,2026-09-19,19:06,110000,golfpang,,,18홀,tr_220306612
골프존 안성W,2026-09-19,08:50,180000,golfpang,,,18홀,tr_220306610
골프존 안성W,2026-09-19,11:53,160000,golfpang,,,18홀,tr_220306611
골프존 안성H,2026-09-19,13:31,185000,golfpang,,,18홀,tr_220306566
클럽72,2026-09-19,08:41,220000,golfpang,,,18홀,tr_220306360
골프존 안성W,2026-09-19,07:05,170000,golfpang,,,18홀,tr_220306277
골프존 안성W,2026-09-19,13:38,150000,golfpang,,,18홀,tr_220306278
골프존 안성W,2026-09-19,19:06,110000,golfpang,,,18홀,tr_220306279
클럽72,2026-09-19,19:00,140000,golfpang,,,18홀,tr_217703396
골프존 안성W,2026-09-19,11:53,160000,golfpang,,,18홀,tr_220306142
골프존 안성W,2026-09-19,06:51,170000,golfpang,,,18홀,tr_220306140
골프존 안성W,2026-09-19,08:50,180000,golfpang,,,18홀,tr_220306141
히든밸리,2026-09-19,14:08,160000,golfpang,,,18홀,tr_220305886
히든밸리,2026-09-19,12:44,180000,golfpang,,,18홀,tr_220305885
골프존 안성W,2026-09-19,13:38,150000,golfpang,,,18홀,tr_220288844
골프존 안성W,2026-09-19,11:53,160000,golfpang,,,18홀,tr_220288817
세현,2026-09-19,18:09,170000,golfpang,,,18홀,tr_220305534
세현,2026-09-19,17:48,180000,golfpang,,,18홀,tr_220305533
세현,2026-09-19,13:37,250000,golfpang,,,18홀,tr_220305532
클럽72,2026-09-19,19:14,150000,golfpang,,,18홀,tr_220305463
클럽72,2026-09-19,08:13,250000,golfpang,,,18홀,tr_220305464
클럽72,2026-09-19,08:27,250000,golfpang,,,18홀,tr_220305465
골프존 안성H,2026-09-19,13:31,185000,golfpang,,,18홀,tr_220305422
인천그랜드,2026-09-19,17:46,189000,golfpang,,,18홀,tr_220305394
윈체스트,2026-09-19,13:03,220000,golfpang,,,18홀,tr_219158375
윈체스트,2026-09-19,12:04,230000,golfpang,,,18홀,tr_218656673
캐슬렉스,2026-09-19,13:29,280000,golfpang,,,18홀,tr_219524508
캐슬렉스,2026-09-19,06:39,280000,golfpang,,,18홀,tr_219526584
한림용인,2026-09-19,13:32,180000,golfpang,,,18홀,tr_219996536
아세코밸리-퍼9,2026-09-19,12:44,130000,golfpang,,,18홀,tr_219992437
아세코밸리-퍼9,2026-09-19,05:58,140000,golfpang,,,18홀,tr_219992434
한림용인,2026-09-19,12:22,200000,golfpang,,,18홀,tr_219996543
한림용인,2026-09-19,14:07,170000,golfpang,,,18홀,tr_219996614
360도,2026-09-19,07:15,190000,golfpang,,,18홀,tr_220215667
해솔리아,2026-09-19,06:28,180000,golfpang,,,18홀,tr_220216390
한원,2026-09-19,13:52,-1,golfpang,,,18홀,tr_219968486
한원,2026-09-19,18:24,-1,golfpang,,,18홀,tr_219968487
한원,2026-09-19,18:24,-1,golfpang,,,18홀,tr_219968488
이천실크밸리,2026-09-19,18:00,110000,golfpang,,,18홀,tr_217533367
스카이밸리,2026-09-19,13:53,190000,golfpang,,,18홀,tr_220304694
스카이밸리,2026-09-19,06:20,200000,golfpang,,,18홀,tr_220304693
한림용인,2026-09-19,17:38,158000,golfpang,,,18홀,tr_219933719
포웰(안성)cc,2026-09-19,17:57,122000,golfpang,,,18홀,tr_220012778
포웰(안성)cc,2026-09-19,13:57,152000,golfpang,,,18홀,tr_220012822
용인(비공개),2026-09-19,18:24,199000,golfpang,,,18홀,tr_220304610
용인(비공개),2026-09-19,06:11,230000,golfpang,,,18홀,tr_220304608
용인(비공개),2026-09-19,13:52,199000,golfpang,,,18홀,tr_220304609
한림용인,2026-09-19,12:15,200000,golfpang,,,18홀,tr_220304532
한림용인,2026-09-19,11:54,210000,golfpang,,,18홀,tr_220304531
한림용인,2026-09-19,17:38,150000,golfpang,,,18홀,tr_220304533
이포,2026-09-19,12:54,200000,golfpang,,,18홀,tr_219591703
신라,2026-09-19,12:22,200000,golfpang,,,18홀,tr_220012666
신라,2026-09-19,13:32,180000,golfpang,,,18홀,tr_219933135
코리아,2026-09-19,18:01,149000,golfpang,,,18홀,tr_217529075
골드,2026-09-19,18:01,149000,golfpang,,,18홀,tr_217529072
골드,2026-09-19,06:07,249000,golfpang,,,18홀,tr_220212024
그린힐,2026-09-19,17:21,140000,golfpang,,,18홀,tr_220304222
양평TPC,2026-09-19,13:43,150000,golfpang,,,18홀,tr_220240432
양평TPC,2026-09-19,12:40,160000,golfpang,,,18홀,tr_220240379
여주(비공개),2026-09-19,13:50,180000,golfpang,,,18홀,tr_218910366
골프존 송도(구.오렌지듄스),2026-09-19,18:30,189000,golfpang,,,18홀,tr_219782396
여주(비공개),2026-09-19,08:35,230000,golfpang,,,18홀,tr_219782398
한림용인,2026-09-19,13:50,180000,golfpang,,,18홀,tr_219562515
스카이밸리,2026-09-19,06:41,200000,golfpang,,,18홀,tr_220304108
포웰(안성)cc,2026-09-19,13:57,152000,golfpang,,,18홀,tr_220202845
신라,2026-09-19,06:17,200000,golfpang,,,18홀,tr_220202725
포웰(안성)cc,2026-09-19,18:39,112000,golfpang,,,18홀,tr_220202819
마이다스레이크 이천,2026-09-19,14:17,180000,golfpang,,,18홀,tr_220303905
마이다스레이크 이천,2026-09-19,14:03,190000,golfpang,,,18홀,tr_220152762
더크로스비,2026-09-19,13:51,207000,golfpang,,,18홀,tr_220239853
그린힐,2026-09-19,17:42,140000,golfpang,,,18홀,tr_220301813
그린힐,2026-09-19,17:35,140000,golfpang,,,18홀,tr_220301811
그린힐,2026-09-19,17:42,140000,golfpang,,,18홀,tr_220301812
클럽72,2026-09-19,19:21,140000,golfpang,,,18홀,tr_220152700
빅토리아-퍼9,2026-09-19,19:09,99000,golfpang,,,18홀,tr_220212952
리베라,2026-09-19,19:06,160000,golfpang,,,18홀,tr_218815497
솔트베이,2026-09-19,18:50,189000,golfpang,,,18홀,tr_220214420
용인플라자,2026-09-19,18:48,160000,golfpang,,,18홀,tr_219535885
골프존 송도(구.오렌지듄스),2026-09-19,18:45,159000,golfpang,,,18홀,tr_220222753
아난티중앙(야간),2026-09-19,18:38,130000,golfpang,,,18홀,tr_220213669
리베라,2026-09-19,18:31,160000,golfpang,,,18홀,tr_218815496
에덴블루,2026-09-19,18:28,129900,golfpang,,,18홀,tr_220002006
용인(비공개),2026-09-19,18:17,150000,golfpang,,,18홀,tr_220241566
해솔리아,2026-09-19,18:11,135000,golfpang,,,18홀,tr_220289196
아세코밸리-퍼9,2026-09-19,18:06,110000,golfpang,,,18홀,tr_220032278
빅토리아-퍼9,2026-09-19,18:06,99000,golfpang,,,18홀,tr_220212951
용인플라자,2026-09-19,18:06,160000,golfpang,,,18홀,tr_219535884
아세코밸리-퍼9,2026-09-19,17:52,110000,golfpang,,,18홀,tr_220032277
솔트베이,2026-09-19,17:47,199000,golfpang,,,18홀,tr_220214419
젠스필드,2026-09-19,17:42,115000,golfpang,,,18홀,tr_219562967
빅토리아-퍼9,2026-09-19,17:38,99000,golfpang,,,18홀,tr_220212950
용인플라자,2026-09-19,17:31,160000,golfpang,,,18홀,tr_219535883
솔트베이,2026-09-19,17:12,199000,golfpang,,,18홀,tr_220214418
마이다스레이크 이천,2026-09-19,14:30,180000,golfpang,,,18홀,tr_220241980
골프존 안성H,2026-09-19,14:27,190000,golfpang,,,18홀,tr_220057817
리베라,2026-09-19,14:24,290000,golfpang,,,18홀,tr_218815495
신라,2026-09-19,14:14,180000,golfpang,,,18홀,tr_220288150
여주,2026-09-19,14:07,240000,golfpang,,,18홀,tr_220239156
마이다스레이크 이천,2026-09-19,14:01,180000,golfpang,,,18홀,tr_220241979
신라,2026-09-19,14:00,180000,golfpang,,,18홀,tr_220288149
여주,2026-09-19,13:53,240000,golfpang,,,18홀,tr_220239155
용인(비공개),2026-09-19,13:52,199000,golfpang,,,18홀,tr_220241564
스카이밸리,2026-09-19,13:46,200000,golfpang,,,18홀,tr_220105904
클럽72-오션,2026-09-19,13:42,300000,golfpang,,,18홀,tr_220165649
에델바이스(가명),2026-09-19,13:33,180000,golfpang,,,18홀,tr_220213613
골프존 안성H,2026-09-19,13:31,190000,golfpang,,,18홀,tr_220057816
한림용인,2026-09-19,13:25,180000,golfpang,,,18홀,tr_220219944
해솔리아,2026-09-19,13:12,170000,golfpang,,,18홀,tr_220289195
클럽72-오션,2026-09-19,13:07,300000,golfpang,,,18홀,tr_220165648
써닝포인트,2026-09-19,12:58,255000,golfpang,,,18홀,tr_218901635
양평TPC,2026-09-19,12:54,160000,golfpang,,,18홀,tr_220241929
히든밸리,2026-09-19,12:44,180000,golfpang,,,18홀,tr_220055885
에덴블루,2026-09-19,12:30,220000,golfpang,,,18홀,tr_220002005
써닝포인트,2026-09-19,12:16,255000,golfpang,,,18홀,tr_218901634
360도,2026-09-19,12:15,180000,golfpang,,,18홀,tr_220009185
한림용인,2026-09-19,12:15,200000,golfpang,,,18홀,tr_220219943
젠스필드,2026-09-19,11:54,170000,golfpang,,,18홀,tr_219562966
골프존 안성W,2026-09-19,11:53,170000,golfpang,,,18홀,tr_220217219
양지파인,2026-09-19,11:51,180000,golfpang,,,18홀,tr_220149511
골프존 안성W,2026-09-19,08:50,190000,golfpang,,,18홀,tr_220217218
양지파인,2026-09-19,08:37,210000,golfpang,,,18홀,tr_220149510
클럽72,2026-09-19,08:27,270000,golfpang,,,18홀,tr_220152699
젠스필드,2026-09-19,08:19,190000,golfpang,,,18홀,tr_219562965
한림안성(퍼9),2026-09-19,07:38,150000,golfpang,,,18홀,tr_219957469
에덴블루,2026-09-19,07:34,220000,golfpang,,,18홀,tr_220002004
클럽72,2026-09-19,07:17,260000,golfpang,,,18홀,tr_220152698
양평TPC,2026-09-19,06:59,200000,golfpang,,,18홀,tr_220241928
한림안성(퍼9),2026-09-19,06:56,140000,golfpang,,,18홀,tr_219957468
골프존 안성W,2026-09-19,06:51,180000,golfpang,,,18홀,tr_220217217
골프존 안성H,2026-09-19,06:51,210000,golfpang,,,18홀,tr_220057815
히든밸리,2026-09-19,06:49,200000,golfpang,,,18홀,tr_220055884
에델바이스(가명),2026-09-19,06:42,180000,golfpang,,,18홀,tr_220213612
이글몬트,2026-09-19,06:41,195000,golfpang,,,18홀,tr_220261326
스카이밸리,2026-09-19,06:34,190000,golfpang,,,18홀,tr_220105903
한림용인,2026-09-19,06:31,200000,golfpang,,,18홀,tr_220219942
360도,2026-09-19,06:30,180000,golfpang,,,18홀,tr_220009184
해솔리아,2026-09-19,06:28,170000,golfpang,,,18홀,tr_220289194
이글몬트,2026-09-19,06:27,195000,golfpang,,,18홀,tr_220261325
용인(비공개),2026-09-19,06:11,230000,golfpang,,,18홀,tr_220241563
한림용인,2026-09-19,13:32,180000,golfpang,,,18홀,tr_220249997
아세코밸리-퍼9,2026-09-19,12:44,130000,golfpang,,,18홀,tr_219459873
베르힐(영종),2026-09-19,17:43,200000,golfpang,,,18홀,tr_219557610
뉴스프링빌,2026-09-19,11:44,280000,golfpang,,,18홀,tr_220301768
뉴스프링빌,2026-09-19,06:37,280000,golfpang,,,18홀,tr_220301769
신라,2026-09-19,13:46,180000,golfpang,,,18홀,tr_220233283
골프클럽Q,2026-09-19,13:28,160000,golfpang,,,18홀,tr_220299903
양평TPC,2026-09-19,13:43,150000,golfpang,,,18홀,tr_220299818
스카이밸리,2026-09-19,06:20,200000,golfpang,,,18홀,tr_220299780
스카이밸리,2026-09-19,13:53,190000,golfpang,,,18홀,tr_220299781
한원,2026-09-19,18:00,150000,golfpang,,,18홀,tr_219671149
한원,2026-09-19,13:40,199000,golfpang,,,18홀,tr_219671219
캐슬렉스,2026-09-19,13:45,290000,golfpang,,,18홀,tr_220198608
윈체스트,2026-09-19,06:00,205000,golfpang,,,18홀,tr_220095394
양평TPC,2026-09-19,13:50,150000,golfpang,,,18홀,tr_220299664
양평TPC,2026-09-19,12:40,160000,golfpang,,,18홀,tr_220299663
양평TPC,2026-09-19,12:33,160000,golfpang,,,18홀,tr_220212059
양평TPC,2026-09-19,07:00,200000,golfpang,,,18홀,tr_220299648
솔트베이,2026-09-19,18:29,189000,golfpang,,,18홀,tr_220297091
신라,2026-09-19,14:07,180000,golfpang,,,18홀,tr_220297178
양평TPC,2026-09-19,13:50,150000,golfpang,,,18홀,tr_220212064
인천그랜드,2026-09-19,17:46,189000,golfpang,,,18홀,tr_220107280
마에스트로,2026-09-19,11:46,220000,golfpang,,,18홀,tr_220291026
양평TPC,2026-09-19,12:05,160000,golfpang,,,18홀,tr_220250431
스카이밸리,2026-09-19,06:20,200000,golfpang,,,18홀,tr_220297285
스카이밸리,2026-09-19,13:53,190000,golfpang,,,18홀,tr_220297286
360도,2026-09-19,08:22,180000,golfpang,,,18홀,tr_220297185
360도,2026-09-19,12:00,200000,golfpang,,,18홀,tr_220297186
인천그랜드,2026-09-19,17:46,189000,golfpang,,,18홀,tr_219991780
솔트베이,2026-09-19,05:46,270000,golfpang,,,18홀,tr_219991784
솔트베이,2026-09-19,17:47,199000,golfpang,,,18홀,tr_219991787
인천그랜드,2026-09-19,05:38,229000,golfpang,,,18홀,tr_220218576
코리아,2026-09-19,17:54,149000,golfpang,,,18홀,tr_218352331
골드,2026-09-19,17:54,149000,golfpang,,,18홀,tr_217704440
클럽72-오션,2026-09-19,13:28,310000,golfpang,,,18홀,tr_220250495
클럽72-오션,2026-09-19,14:03,300000,golfpang,,,18홀,tr_220250513
한림용인,2026-09-19,13:32,180000,golfpang,,,18홀,tr_220250179
더크로스비,2026-09-19,13:58,217000,golfpang,,,18홀,tr_220212043
신라,2026-09-19,13:53,180000,golfpang,,,18홀,tr_220212048
이천실크밸리,2026-09-19,06:14,165000,golfpang,,,18홀,tr_220291259
이천실크밸리,2026-09-19,13:52,155000,golfpang,,,18홀,tr_220291260
이천실크밸리,2026-09-19,18:17,110000,golfpang,,,18홀,tr_220291261
그린힐,2026-09-19,18:50,100000,golfpang,,,18홀,tr_219557963
이천실크밸리,2026-09-19,12:56,155000,golfpang,,,18홀,tr_220291157
이천실크밸리,2026-09-19,12:56,155000,golfpang,,,18홀,tr_220291158
용인플라자,2026-09-19,18:20,160000,golfpang,,,18홀,tr_219528059
포웰(안성)cc,2026-09-19,18:04,142000,golfpang,,,18홀,tr_219968740
용인플라자,2026-09-19,17:52,160000,golfpang,,,18홀,tr_219528058
이천실크밸리,2026-09-19,18:03,110000,golfpang,,,18홀,tr_219923604
용인플라자,2026-09-19,17:17,160000,golfpang,,,18홀,tr_219528057
에덴블루,2026-09-19,18:14,129000,golfpang,,,18홀,tr_220100397
해솔리아,2026-09-19,07:24,180000,golfpang,,,18홀,tr_220291108
해솔리아,2026-09-19,18:04,135000,golfpang,,,18홀,tr_220291110
해솔리아,2026-09-19,12:09,170000,golfpang,,,18홀,tr_220291109
더크로스비,2026-09-19,11:45,237000,golfpang,,,18홀,tr_220103719
스카이밸리,2026-09-19,06:20,200000,golfpang,,,18홀,tr_220291066
스카이밸리,2026-09-19,13:53,190000,golfpang,,,18홀,tr_220291067
썬밸리(일죽),2026-09-19,14:17,169000,golfpang,,,18홀,tr_220052254
골프클럽Q,2026-09-19,12:32,180000,golfpang,,,18홀,tr_220103096
골프존 송도(구.오렌지듄스),2026-09-19,06:11,199000,golfpang,,,18홀,tr_220201811
골프존 송도(구.오렌지듄스),2026-09-19,18:38,159000,golfpang,,,18홀,tr_220201813
골프존 송도(구.오렌지듄스),2026-09-19,13:50,199000,golfpang,,,18홀,tr_220201812
클럽72,2026-09-19,18:40,140000,golfpang,,,18홀,tr_220283534
골프존 송도(구.오렌지듄스),2026-09-19,18:31,159000,golfpang,,,18홀,tr_220103014
360도,2026-09-19,06:45,180000,golfpang,,,18홀,tr_220102831
골프존 안성H,2026-09-19,13:45,185000,golfpang,,,18홀,tr_220290612
골프존 안성H,2026-09-19,13:31,185000,golfpang,,,18홀,tr_220290611
골프존 안성H,2026-09-19,13:47,185000,golfpang,,,18홀,tr_220290613
스카이밸리,2026-09-19,06:41,200000,golfpang,,,18홀,tr_220290585
스카이밸리,2026-09-19,06:48,200000,golfpang,,,18홀,tr_220290533
스카이밸리,2026-09-19,13:53,190000,golfpang,,,18홀,tr_220290534
골프존 송도(구.오렌지듄스),2026-09-19,13:50,199000,golfpang,,,18홀,tr_220221488
골프클럽Q,2026-09-19,13:28,170000,golfpang,,,18홀,tr_220217089
신라,2026-09-19,13:53,180000,golfpang,,,18홀,tr_220217696
골프존 안성H,2026-09-19,13:31,190000,golfpang,,,18홀,tr_220216554
이글몬트,2026-09-19,06:41,210000,golfpang,,,18홀,tr_220216675
360도,2026-09-19,12:15,180000,golfpang,,,18홀,tr_220216505
포웰(안성)cc,2026-09-19,19:39,92000,golfpang,,,18홀,tr_220209898
클럽72,2026-09-19,08:02,210000,golfpang,,,18홀,tr_220179498
포웰(안성)cc,2026-09-19,18:01,112000,golfpang,,,18홀,tr_220209903
그린힐,2026-09-19,18:42,110000,golfpang,,,18홀,tr_219780515
젠스필드,2026-09-19,18:45,100000,golfpang,,,18홀,tr_220289917
젠스필드,2026-09-19,18:45,100000,golfpang,,,18홀,tr_220289916
스카이밸리,2026-09-19,06:48,200000,golfpang,,,18홀,tr_220289870
스카이밸리,2026-09-19,13:53,190000,golfpang,,,18홀,tr_220289871
세현,2026-09-19,06:24,270000,golfpang,,,18홀,tr_219329253
그린힐,2026-09-19,17:35,140000,golfpang,,,18홀,tr_220222835
용인플라자,2026-09-19,17:31,160000,golfpang,,,18홀,tr_219536872
용인플라자,2026-09-19,18:06,160000,golfpang,,,18홀,tr_219536871
이천실크밸리,2026-09-19,18:03,120000,golfpang,,,18홀,tr_220138787
용인플라자,2026-09-19,18:48,160000,golfpang,,,18홀,tr_219536870
리베라,2026-09-19,18:45,150000,golfpang,,,18홀,tr_219329196
아난티중앙(야간),2026-09-19,18:38,130000,golfpang,,,18홀,tr_220218866
아난티중앙(야간),2026-09-19,18:38,130000,golfpang,,,18홀,tr_220218867
리베라,2026-09-19,18:31,150000,golfpang,,,18홀,tr_219329195
그린힐,2026-09-19,18:59,110000,golfpang,,,18홀,tr_220222837
빅토리아-퍼9,2026-09-19,12:45,119000,golfpang,,,18홀,tr_219749424
골프존 안성H,2026-09-19,13:31,185000,golfpang,,,18홀,tr_220239792
신라,2026-09-19,13:18,180000,golfpang,,,18홀,tr_220121540
골프존 안성H,2026-09-19,13:38,185000,golfpang,,,18홀,tr_220239793
여주,2026-09-19,13:53,240000,golfpang,,,18홀,tr_220015416
스카이밸리,2026-09-19,13:53,190000,golfpang,,,18홀,tr_220289634
이천실크밸리,2026-09-19,13:52,155000,golfpang,,,18홀,tr_220138786
골프존 안성H,2026-09-19,13:45,185000,golfpang,,,18홀,tr_220239794
마이다스레이크 이천,2026-09-19,14:10,180000,golfpang,,,18홀,tr_220241607
리베라,2026-09-19,14:03,290000,golfpang,,,18홀,tr_219329194
마이다스레이크 이천,2026-09-19,14:03,180000,golfpang,,,18홀,tr_220241608
신라,2026-09-19,14:00,180000,golfpang,,,18홀,tr_220121541
포웰(안성)cc,2026-09-19,13:57,172000,golfpang,,,18홀,tr_219914917
해솔리아,2026-09-19,17:22,150000,golfpang,,,18홀,tr_220274470
솔트베이,2026-09-19,05:49,259000,golfpang,,,18홀,tr_220262369
히든밸리,2026-09-19,06:56,200000,golfpang,,,18홀,tr_220241500
360도,2026-09-19,06:52,220000,golfpang,,,18홀,tr_219818078
스카이밸리,2026-09-19,06:34,200000,golfpang,,,18홀,tr_220289633
여주,2026-09-19,06:30,270000,golfpang,,,18홀,tr_220015415
해솔리아,2026-09-19,07:59,230000,golfpang,,,18홀,tr_220274468
뉴스프링빌,2026-09-19,11:29,280000,golfpang,,,18홀,tr_219937423
빅토리아-퍼9,2026-09-19,11:21,119000,golfpang,,,18홀,tr_219749423
이천실크밸리,2026-09-19,08:27,195000,golfpang,,,18홀,tr_220138785
히든밸리,2026-09-19,12:37,180000,golfpang,,,18홀,tr_220241501
신라,2026-09-19,12:36,200000,golfpang,,,18홀,tr_220121539
뉴스프링빌,2026-09-19,12:29,280000,golfpang,,,18홀,tr_219937424
포웰(안성)cc,2026-09-19,12:19,192000,golfpang,,,18홀,tr_219914915
360도,2026-09-19,12:07,190000,golfpang,,,18홀,tr_219818079
해솔리아,2026-09-19,13:05,170000,golfpang,,,18홀,tr_220274469
포웰(안성)cc,2026-09-19,12:54,182000,golfpang,,,18홀,tr_219914916
빅토리아-퍼9,2026-09-19,06:07,119000,golfpang,,,18홀,tr_219749422
코리아,2026-09-19,18:36,149000,golfpang,,,18홀,tr_152402633
해솔리아,2026-09-19,18:18,135000,golfpang,,,18홀,tr_220289774
양지파인,2026-09-19,11:51,170000,golfpang,,,18홀,tr_220289733
양지파인,2026-09-19,11:59,170000,golfpang,,,18홀,tr_220289734
골드,2026-09-19,18:36,149000,golfpang,,,18홀,tr_153756978
360도,2026-09-19,07:07,180000,golfpang,,,18홀,tr_220289724
마이다스레이크 이천,2026-09-19,13:00,200000,golfpang,,,18홀,tr_220179548
안성베네스트(클),2026-09-19,13:52,209000,golfpang,,,18홀,tr_219545927
해솔리아,2026-09-19,17:50,150000,golfpang,,,18홀,tr_220289631
해솔리아,2026-09-19,13:37,160000,golfpang,,,18홀,tr_220261904
양평TPC,2026-09-19,11:51,180000,golfpang,,,18홀,tr_220258382
해솔리아,2026-09-19,06:28,180000,golfpang,,,18홀,tr_220261902
해솔리아,2026-09-19,06:28,180000,golfpang,,,18홀,tr_220261903
해솔리아,2026-09-19,13:19,170000,golfpang,,,18홀,tr_220289627
클럽72,2026-09-19,19:14,150000,golfpang,,,18홀,tr_220289621
인천그랜드,2026-09-19,17:46,189000,golfpang,,,18홀,tr_220289618
인천그랜드,2026-09-19,16:50,199000,golfpang,,,18홀,tr_220289614
에덴블루,2026-09-19,18:28,129900,golfpang,,,18홀,tr_220289555
양평TPC,2026-09-19,13:36,160000,golfpang,,,18홀,tr_220289515
양지파인,2026-09-19,11:51,170000,golfpang,,,18홀,tr_220289470
써닝포인트,2026-09-19,17:57,165000,golfpang,,,18홀,tr_220289450
솔트베이,2026-09-19,18:29,189000,golfpang,,,18홀,tr_220289404
솔트베이,2026-09-19,17:47,199000,golfpang,,,18홀,tr_220289398
세현,2026-09-19,18:09,170000,golfpang,,,18홀,tr_220289322
세현,2026-09-19,17:48,180000,golfpang,,,18홀,tr_220289302
리베라,2026-09-19,19:06,140000,golfpang,,,18홀,tr_220289282
그린힐,2026-09-19,18:59,110000,golfpang,,,18홀,tr_220289223
그린힐,2026-09-19,17:35,140000,golfpang,,,18홀,tr_220289118
골프클럽Q,2026-09-19,17:54,130000,golfpang,,,18홀,tr_220289060
골프존 송도(구.오렌지듄스),2026-09-19,06:19,229000,golfpang,,,18홀,tr_220212022
골프존 송도(구.오렌지듄스),2026-09-19,18:32,159000,golfpang,,,18홀,tr_220212063
클럽72,2026-09-19,18:30,140000,golfpang,,,18홀,tr_220255853
클럽72,2026-09-19,18:20,140000,golfpang,,,18홀,tr_220212057
클럽72,2026-09-19,07:11,210000,golfpang,,,18홀,tr_220212029
골프클럽Q,2026-09-19,13:28,170000,golfpang,,,18홀,tr_220288995
골프클럽Q,2026-09-19,12:32,180000,golfpang,,,18홀,tr_220288973
골프존 안성W,2026-09-19,19:06,120000,golfpang,,,18홀,tr_220288897
360도,2026-09-19,07:07,180000,golfpang,,,18홀,tr_220288652
360도,2026-09-19,12:15,200000,golfpang,,,18홀,tr_220288653
그린힐,2026-09-19,17:42,140000,golfpang,,,18홀,tr_220288620
그린힐,2026-09-19,17:35,140000,golfpang,,,18홀,tr_220288619
양지파인,2026-09-19,08:39,199000,golfpang,,,18홀,tr_220288243
양지파인,2026-09-19,11:51,170000,golfpang,,,18홀,tr_220288244
스카이밸리,2026-09-19,13:32,200000,golfpang,,,18홀,tr_220223210
마이다스레이크 이천,2026-09-19,14:03,190000,golfpang,,,18홀,tr_220219632
아난티중앙(야간),2026-09-19,17:53,140000,golfpang,,,18홀,tr_220250339
포웰(안성)cc,2026-09-19,12:54,162000,golfpang,,,18홀,tr_220261080
신라,2026-09-19,07:20,240000,golfpang,,,18홀,tr_220260032
양평TPC,2026-09-19,13:15,160000,golfpang,,,18홀,tr_220259847
골프존 안성H,2026-09-19,13:00,190000,golfpang,,,18홀,tr_220218288
그린힐,2026-09-19,19:00,100000,golfpang,,,18홀,tr_220287773
포웰(안성)cc,2026-09-19,18:00,112000,golfpang,,,18홀,tr_220014326
마이다스레이크 이천,2026-09-19,14:24,180000,golfpang,,,18홀,tr_220261441
여주(비공개S),2026-09-19,12:50,200000,golfpang,,,18홀,tr_219986815
해솔리아,2026-09-19,07:17,180000,golfpang,,,18홀,tr_220283245
해솔리아,2026-09-19,18:18,135000,golfpang,,,18홀,tr_220283247
해솔리아,2026-09-19,12:23,170000,golfpang,,,18홀,tr_220283246
세현,2026-09-19,18:09,170000,golfpang,,,18홀,tr_220197735
썬밸리(일죽),2026-09-19,13:42,169000,golfpang,,,18홀,tr_219389271
해솔리아,2026-09-19,07:31,230000,golfpang,,,18홀,tr_220278836
해솔리아,2026-09-19,11:27,210000,golfpang,,,18홀,tr_220278837
해솔리아,2026-09-19,06:35,180000,golfpang,,,18홀,tr_220278835
클럽72,2026-09-19,18:18,150000,golfpang,,,18홀,tr_218779563
스카이밸리,2026-09-19,12:29,230000,golfpang,,,18홀,tr_220241995
신라,2026-09-19,12:50,190000,golfpang,,,18홀,tr_219998516
신라,2026-09-19,13:53,180000,golfpang,,,18홀,tr_219557950
해솔리아,2026-09-19,12:23,170000,golfpang,,,18홀,tr_220278656
해솔리아,2026-09-19,07:31,180000,golfpang,,,18홀,tr_220278655
해솔리아,2026-09-19,18:04,135000,golfpang,,,18홀,tr_220278657
신라,2026-09-19,14:14,180000,golfpang,,,18홀,tr_220278639
신라,2026-09-19,14:00,180000,golfpang,,,18홀,tr_220278637
신라,2026-09-19,14:07,180000,golfpang,,,18홀,tr_220278638
해솔리아,2026-09-19,13:40,160000,golfpang,,,18홀,tr_220274707
해솔리아,2026-09-19,07:24,180000,golfpang,,,18홀,tr_220274706
해솔리아,2026-09-19,06:14,170000,golfpang,,,18홀,tr_220274705
세현,2026-09-19,18:16,170000,golfpang,,,18홀,tr_220274360
세현,2026-09-19,17:48,180000,golfpang,,,18홀,tr_220274358
세현,2026-09-19,18:02,180000,golfpang,,,18홀,tr_220274359
한림용인,2026-09-19,17:15,150000,golfpang,,,18홀,tr_220274216
빅토리아-퍼9,2026-09-19,18:13,99000,golfpang,,,18홀,tr_220274190
빅토리아-퍼9,2026-09-19,17:38,99000,golfpang,,,18홀,tr_220274189
빅토리아-퍼9,2026-09-19,18:34,99000,golfpang,,,18홀,tr_220274191
이글몬트,2026-09-19,12:22,170000,golfpang,,,18홀,tr_220274112
이글몬트,2026-09-19,07:37,195000,golfpang,,,18홀,tr_220274111
빅토리아-퍼9,2026-09-19,18:06,99000,golfpang,,,18홀,tr_219929131
용인플라자,2026-09-19,18:06,160000,golfpang,,,18홀,tr_219540523
이천실크밸리,2026-09-19,18:17,110000,golfpang,,,18홀,tr_220009478
빅토리아-퍼9,2026-09-19,18:34,99000,golfpang,,,18홀,tr_219929132
골프존 송도(구.오렌지듄스),2026-09-19,17:45,159000,golfpang,,,18홀,tr_220233329
스카이밸리,2026-09-19,13:53,200000,golfpang,,,18홀,tr_220100051
골프존 송도(구.오렌지듄스),2026-09-19,06:11,199000,golfpang,,,18홀,tr_220233327
유니아일랜드,2026-09-19,10:40,200000,golfpang,,,18홀,tr_220037215
양지파인,2026-09-19,11:51,180000,golfpang,,,18홀,tr_220103312
이천실크밸리,2026-09-19,07:17,185000,golfpang,,,18홀,tr_220009476
양지파인,2026-09-19,08:22,210000,golfpang,,,18홀,tr_220103311
에델바이스(가명),2026-09-19,06:42,180000,golfpang,,,18홀,tr_220213761
유니아일랜드,2026-09-19,06:43,190000,golfpang,,,18홀,tr_220037214
스카이밸리,2026-09-19,06:55,220000,golfpang,,,18홀,tr_220100050
용인플라자,2026-09-19,17:31,160000,golfpang,,,18홀,tr_219540522
빅토리아-퍼9,2026-09-19,17:38,99000,golfpang,,,18홀,tr_219929130
신라,2026-09-19,14:14,180000,golfpang,,,18홀,tr_220208171
골프존 안성H,2026-09-19,14:20,185000,golfpang,,,18홀,tr_220239092
이천실크밸리,2026-09-19,13:52,155000,golfpang,,,18홀,tr_220009477
유니아일랜드,2026-09-19,15:49,140000,golfpang,,,18홀,tr_220037216
신라,2026-09-19,13:53,180000,golfpang,,,18홀,tr_220208169
신라,2026-09-19,14:00,180000,golfpang,,,18홀,tr_220208170
골프존 안성H,2026-09-19,13:38,185000,golfpang,,,18홀,tr_220239091
골프존 송도(구.오렌지듄스),2026-09-19,13:50,199000,golfpang,,,18홀,tr_220233328
골프존 안성H,2026-09-19,13:31,185000,golfpang,,,18홀,tr_220239090
에델바이스(가명),2026-09-19,13:33,180000,golfpang,,,18홀,tr_220213762
용인플라자,2026-09-19,18:47,160000,golfpang,,,18홀,tr_219540524
한림용인,2026-09-19,11:50,210000,golfpang,,,18홀,tr_220274063
리베라,2026-09-19,19:13,140000,golfpang,,,18홀,tr_220274023
리베라,2026-09-19,14:31,210000,golfpang,,,18홀,tr_220274021
리베라,2026-09-19,19:06,140000,golfpang,,,18홀,tr_220274022
해솔리아,2026-09-19,17:57,135000,golfpang,,,18홀,tr_220262321
해솔리아,2026-09-19,12:15,180000,golfpang,,,18홀,tr_220262232
해솔리아,2026-09-19,13:00,170000,golfpang,,,18홀,tr_220262227
그린힐,2026-09-19,18:59,110000,golfpang,,,18홀,tr_220261077
레인보우힐스,2026-09-19,13:36,255000,golfpang,,,18홀,tr_220262008
골프존 송도(구.오렌지듄스),2026-09-19,05:50,199000,golfpang,,,18홀,tr_220261995
골프존 송도(구.오렌지듄스),2026-09-19,13:50,199000,golfpang,,,18홀,tr_220261994
골프존 송도(구.오렌지듄스),2026-09-19,06:04,199000,golfpang,,,18홀,tr_220261993
유니아일랜드,2026-09-19,06:43,190000,golfpang,,,18홀,tr_220201160
그린힐,2026-09-19,17:42,140000,golfpang,,,18홀,tr_220261789
그린힐,2026-09-19,17:42,140000,golfpang,,,18홀,tr_220261788
그린힐,2026-09-19,17:35,140000,golfpang,,,18홀,tr_220261787
이포,2026-09-19,12:54,200000,golfpang,,,18홀,tr_220211965
360도,2026-09-19,12:15,200000,golfpang,,,18홀,tr_220261536
360도,2026-09-19,06:45,170000,golfpang,,,18홀,tr_220261535
골프존 안성W,2026-09-19,18:59,120000,golfpang,,,18홀,tr_219616911
용인플라자,2026-09-19,11:30,240000,golfpang,,,18홀,tr_220261439
여주,2026-09-19,06:30,270000,golfpang,,,18홀,tr_220012574
한림용인,2026-09-19,06:24,230000,golfpang,,,18홀,tr_219781536
용인(비공개),2026-09-19,06:04,250000,golfpang,,,18홀,tr_219781553
양지파인,2026-09-19,06:00,199000,golfpang,,,18홀,tr_219781286
클럽72,2026-09-19,06:00,230000,golfpang,,,18홀,tr_219781501
클럽72,2026-09-19,06:56,240000,golfpang,,,18홀,tr_219781502
해솔리아,2026-09-19,06:56,220000,golfpang,,,18홀,tr_219781576
한림용인,2026-09-19,06:52,240000,golfpang,,,18홀,tr_219781535
루트52,2026-09-19,06:45,220000,golfpang,,,18홀,tr_219780791
신라,2026-09-19,06:38,240000,golfpang,,,18홀,tr_219781070
해솔리아,2026-09-19,07:59,230000,golfpang,,,18홀,tr_219781577
신라,2026-09-19,07:55,280000,golfpang,,,18홀,tr_219781069
이글몬트,2026-09-19,07:37,200000,golfpang,,,18홀,tr_220121367
클럽72,2026-09-19,07:17,260000,golfpang,,,18홀,tr_219781503
마론뉴데이,2026-09-19,07:08,175000,golfpang,,,18홀,tr_219780799
360도,2026-09-19,12:07,190000,golfpang,,,18홀,tr_219780669
아세코밸리-퍼9,2026-09-19,11:48,140000,golfpang,,,18홀,tr_219781174
그린힐,2026-09-19,18:59,110000,golfpang,,,18홀,tr_219780709
아세코밸리-퍼9,2026-09-19,11:20,140000,golfpang,,,18홀,tr_219781173
마론뉴데이,2026-09-19,11:15,175000,golfpang,,,18홀,tr_219780800
양지파인,2026-09-19,12:44,170000,golfpang,,,18홀,tr_219781287
아세코밸리-퍼9,2026-09-19,12:44,140000,golfpang,,,18홀,tr_219781175
양평TPC,2026-09-19,12:33,200000,golfpang,,,18홀,tr_219781321
젠스필드,2026-09-19,12:29,170000,golfpang,,,18홀,tr_219781407
젠스필드,2026-09-19,12:22,170000,golfpang,,,18홀,tr_219781406
젠스필드,2026-09-19,12:15,170000,golfpang,,,18홀,tr_219781405
신라,2026-09-19,13:11,190000,golfpang,,,18홀,tr_219781071
이글몬트,2026-09-19,12:50,170000,golfpang,,,18홀,tr_220121368
써닝포인트,2026-09-19,13:26,215000,golfpang,,,18홀,tr_219781141
360도,2026-09-19,13:45,180000,golfpang,,,18홀,tr_219780670
양평TPC,2026-09-19,13:43,180000,golfpang,,,18홀,tr_219781322
그린힐,2026-09-19,13:42,190000,golfpang,,,18홀,tr_219780708
여주,2026-09-19,13:39,240000,golfpang,,,18홀,tr_220012575
마론뉴데이,2026-09-19,14:18,175000,golfpang,,,18홀,tr_219780801
용인(비공개),2026-09-19,17:21,160000,golfpang,,,18홀,tr_219781555
용인(비공개),2026-09-19,17:14,160000,golfpang,,,18홀,tr_219781554
빅토리아-퍼9,2026-09-19,17:38,89000,golfpang,,,18홀,tr_220033037
빅토리아-퍼9,2026-09-19,18:34,89000,golfpang,,,18홀,tr_220033038
빅토리아-퍼9,2026-09-19,19:09,89000,golfpang,,,18홀,tr_220033039
루트52,2026-09-19,06:30,220000,golfpang,,,18홀,tr_219780790
그린힐,2026-09-19,19:20,110000,golfpang,,,18홀,tr_219780710
한림용인,2026-09-19,06:31,200000,golfpang,,,18홀,tr_220214384
클럽72,2026-09-19,08:27,220000,golfpang,,,18홀,tr_220260024
아세코밸리-퍼9,2026-09-19,12:40,130000,golfpang,,,18홀,tr_219444379
한림용인,2026-09-19,12:15,200000,golfpang,,,18홀,tr_220214416
양평TPC,2026-09-19,13:15,160000,golfpang,,,18홀,tr_220153597
클럽72-오션,2026-09-19,13:28,280000,golfpang,,,18홀,tr_219790620
신라,2026-09-19,13:53,180000,golfpang,,,18홀,tr_220153251
인천그랜드,2026-09-19,16:50,199000,golfpang,,,18홀,tr_219562574
리베라,2026-09-19,18:03,140000,golfpang,,,18홀,tr_220153246
인천그랜드,2026-09-19,17:46,189000,golfpang,,,18홀,tr_219562592
클럽72,2026-09-19,18:18,150000,golfpang,,,18홀,tr_219790717
클럽72,2026-09-19,19:07,140000,golfpang,,,18홀,tr_220153373
그린힐,2026-09-19,18:59,110000,golfpang,,,18홀,tr_219790744
해솔리아,2026-09-19,06:28,180000,golfpang,,,18홀,tr_220261133
골프존 안성H,2026-09-19,12:14,190000,golfpang,,,18홀,tr_220100464
골프존 안성H,2026-09-19,12:00,190000,golfpang,,,18홀,tr_219793431
코리아,2026-09-19,18:36,149000,golfpang,,,18홀,tr_217527294
골드,2026-09-19,18:29,149000,golfpang,,,18홀,tr_217527293
루트52,2026-09-19,06:45,220000,golfpang,,,18홀,tr_220260942
루트52,2026-09-19,14:17,180000,golfpang,,,18홀,tr_220260943
용인플라자,2026-09-19,18:48,160000,golfpang,,,18홀,tr_219929391
클럽72,2026-09-19,18:39,140000,golfpang,,,18홀,tr_220221059
아난티중앙(야간),2026-09-19,18:38,130000,golfpang,,,18홀,tr_220213516
포웰(안성)cc,2026-09-19,19:49,105000,golfpang,,,18홀,tr_220014214
골프존 안성H,2026-09-19,13:31,185000,golfpang,,,18홀,tr_220233391
써닝포인트,2026-09-19,13:26,215000,golfpang,,,18홀,tr_219653484
세현,2026-09-19,13:51,250000,golfpang,,,18홀,tr_220213222
골프존 송도(구.오렌지듄스),2026-09-19,13:50,199000,golfpang,,,18홀,tr_220221269
골프존 안성H,2026-09-19,13:45,185000,golfpang,,,18홀,tr_220233392
그린힐,2026-09-19,13:42,190000,golfpang,,,18홀,tr_219785293
빅토리아-퍼9,2026-09-19,13:41,119000,golfpang,,,18홀,tr_219749321
써닝포인트,2026-09-19,13:40,215000,golfpang,,,18홀,tr_219653485
히든밸리,2026-09-19,13:40,180000,golfpang,,,18홀,tr_218447647
세현,2026-09-19,13:37,250000,golfpang,,,18홀,tr_220213221
신라,2026-09-19,14:00,180000,golfpang,,,18홀,tr_220213578
골프존 송도(구.오렌지듄스),2026-09-19,13:57,199000,golfpang,,,18홀,tr_220221270
신라,2026-09-19,13:53,180000,golfpang,,,18홀,tr_220213577
여주,2026-09-19,13:53,240000,golfpang,,,18홀,tr_220217122
용인(비공개),2026-09-19,13:52,199000,golfpang,,,18홀,tr_220236382
골프존 안성H,2026-09-19,14:27,185000,golfpang,,,18홀,tr_220233393
마이다스레이크 이천,2026-09-19,14:24,180000,golfpang,,,18홀,tr_220242031
리베라,2026-09-19,14:17,240000,golfpang,,,18홀,tr_219787626
그린힐,2026-09-19,14:10,190000,golfpang,,,18홀,tr_219785294
신라,2026-09-19,14:07,180000,golfpang,,,18홀,tr_220213579
여주,2026-09-19,14:07,240000,golfpang,,,18홀,tr_220217123
에덴블루,2026-09-19,11:41,219000,golfpang,,,18홀,tr_220094967
한림용인,2026-09-19,11:40,220000,golfpang,,,18홀,tr_220236280
이천실크밸리,2026-09-19,11:39,155000,golfpang,,,18홀,tr_219913559
360도,2026-09-19,11:37,190000,golfpang,,,18홀,tr_220212118
양지파인,2026-09-19,11:36,170000,golfpang,,,18홀,tr_220216901
유니아일랜드,2026-09-19,10:40,200000,golfpang,,,18홀,tr_219933782
양지파인,2026-09-19,08:37,199000,golfpang,,,18홀,tr_220216900
클럽72,2026-09-19,08:27,270000,golfpang,,,18홀,tr_220221058
이천실크밸리,2026-09-19,08:27,205000,golfpang,,,18홀,tr_219913558
히든밸리,2026-09-19,12:44,190000,golfpang,,,18홀,tr_218447646
아세코밸리-퍼9,2026-09-19,12:30,130000,golfpang,,,18홀,tr_219892951
한림용인,2026-09-19,12:22,200000,golfpang,,,18홀,tr_220236281
이천실크밸리,2026-09-19,12:21,155000,golfpang,,,18홀,tr_219913560
양평TPC,2026-09-19,13:15,160000,golfpang,,,18홀,tr_220250432
클럽72-오션,2026-09-19,13:07,300000,golfpang,,,18홀,tr_220129912
솔트베이,2026-09-19,13:00,250000,golfpang,,,18홀,tr_220190765
마이다스레이크 이천,2026-09-19,13:00,200000,golfpang,,,18홀,tr_220242030
한림용인,2026-09-19,12:57,190000,golfpang,,,18홀,tr_220236282
아세코밸리-퍼9,2026-09-19,12:51,130000,golfpang,,,18홀,tr_219892952
에델바이스(가명),2026-09-19,13:33,180000,golfpang,,,18홀,tr_220213450
써닝포인트,2026-09-19,06:28,265000,golfpang,,,18홀,tr_219653483
솔트베이,2026-09-19,06:21,280000,golfpang,,,18홀,tr_220190764
골프존 송도(구.오렌지듄스),2026-09-19,06:11,199000,golfpang,,,18홀,tr_220221268
안성베네스트(챌),2026-09-19,06:51,199000,golfpang,,,18홀,tr_220218344
클럽72-오션,2026-09-19,06:44,350000,golfpang,,,18홀,tr_220129911
유니아일랜드,2026-09-19,06:43,190000,golfpang,,,18홀,tr_219933780
에델바이스(가명),2026-09-19,06:42,180000,golfpang,,,18홀,tr_220213449
에덴블루,2026-09-19,06:42,199000,golfpang,,,18홀,tr_220094965
이글몬트,2026-09-19,06:41,195000,golfpang,,,18홀,tr_220260199
이글몬트,2026-09-19,06:34,195000,golfpang,,,18홀,tr_220260198
클럽72,2026-09-19,08:13,270000,golfpang,,,18홀,tr_220221057
포웰(안성)cc,2026-09-19,07:42,192000,golfpang,,,18홀,tr_220014213
포웰(안성)cc,2026-09-19,07:21,192000,golfpang,,,18홀,tr_220014212
360도,2026-09-19,07:15,220000,golfpang,,,18홀,tr_220212117
에덴블루,2026-09-19,07:13,209000,golfpang,,,18홀,tr_220094966
안성베네스트(클),2026-09-19,07:12,290000,golfpang,,,18홀,tr_220239626
유니아일랜드,2026-09-19,07:11,200000,golfpang,,,18홀,tr_219933781
용인(비공개),2026-09-19,14:06,199000,golfpang,,,18홀,tr_220236383
리베라,2026-09-19,17:31,240000,golfpang,,,18홀,tr_219787627
아세코밸리-퍼9,2026-09-19,17:10,110000,golfpang,,,18홀,tr_219892953
용인플라자,2026-09-19,17:52,160000,golfpang,,,18홀,tr_219929389
세현,2026-09-19,17:48,180000,golfpang,,,18홀,tr_220213223
솔트베이,2026-09-19,17:47,199000,golfpang,,,18홀,tr_220190766
빅토리아-퍼9,2026-09-19,17:38,99000,golfpang,,,18홀,tr_219749322
용인플라자,2026-09-19,18:26,160000,golfpang,,,18홀,tr_219929390
빅토리아-퍼9,2026-09-19,18:20,99000,golfpang,,,18홀,tr_219749323
용인(비공개),2026-09-19,18:17,150000,golfpang,,,18홀,tr_220236384
리베라,2026-09-19,18:59,140000,golfpang,,,18홀,tr_219787628
그린힐,2026-09-19,18:59,110000,golfpang,,,18홀,tr_219785295
남이천(비공개),2026-09-19,06:28,210000,golfpang,,,18홀,tr_219903964
비에이비스타,2026-09-19,14:00,170000,golfpang,,,18홀,tr_218604130
한림용인,2026-09-19,11:47,210000,golfpang,,,18홀,tr_220240276
한림용인,2026-09-19,12:57,190000,golfpang,,,18홀,tr_220240277
한림용인,2026-09-19,13:32,180000,golfpang,,,18홀,tr_220240278
이글몬트,2026-09-19,14:00,170000,golfpang,,,18홀,tr_220260117
클럽72,2026-09-19,08:27,250000,golfpang,,,18홀,tr_220259986
양평TPC,2026-09-19,12:26,180000,golfpang,,,18홀,tr_220259892
양평TPC,2026-09-19,13:22,160000,golfpang,,,18홀,tr_220259893
클럽72-오션,2026-09-19,13:28,280000,golfpang,,,18홀,tr_220190374
클럽72-오션,2026-09-19,06:44,300000,golfpang,,,18홀,tr_220190335
신라,2026-09-19,14:00,180000,golfpang,,,18홀,tr_220259751
에델바이스(가명),2026-09-19,06:42,180000,golfpang,,,18홀,tr_220259729
에델바이스(가명),2026-09-19,13:33,180000,golfpang,,,18홀,tr_220259730
양평TPC,2026-09-19,12:05,180000,golfpang,,,18홀,tr_220209356
스카이밸리,2026-09-19,13:32,200000,golfpang,,,18홀,tr_220057814
양평TPC,2026-09-19,06:59,250000,golfpang,,,18홀,tr_220209328
솔트베이,2026-09-19,05:46,259000,golfpang,,,18홀,tr_220259715
이포,2026-09-19,12:54,200000,golfpang,,,18홀,tr_220259548
리베라,2026-09-19,17:35,140000,golfpang,,,18홀,tr_220174877
리베라,2026-09-19,14:31,210000,golfpang,,,18홀,tr_220174835
그린힐,2026-09-19,17:35,140000,golfpang,,,18홀,tr_220203874
한림용인,2026-09-19,13:32,180000,golfpang,,,18홀,tr_220259392
솔트베이,2026-09-19,18:50,189000,golfpang,,,18홀,tr_220259307
솔트베이,2026-09-19,17:47,199000,golfpang,,,18홀,tr_220259306
솔트베이,2026-09-19,05:46,259000,golfpang,,,18홀,tr_220259308
360도,2026-09-19,07:30,190000,golfpang,,,18홀,tr_220238985
360도,2026-09-19,11:30,190000,golfpang,,,18홀,tr_220239048
이글몬트,2026-09-19,07:10,200000,golfpang,,,18홀,tr_220202527
이글몬트,2026-09-19,06:41,195000,golfpang,,,18홀,tr_220259034
이글몬트,2026-09-19,06:34,195000,golfpang,,,18홀,tr_220259035
아세코밸리-퍼9,2026-09-19,12:44,130000,golfpang,,,18홀,tr_220209249
아세코밸리-퍼9,2026-09-19,17:52,110000,golfpang,,,18홀,tr_220209248
골드,2026-09-19,17:47,149000,golfpang,,,18홀,tr_194169333
코리아,2026-09-19,17:33,149000,golfpang,,,18홀,tr_161835844
양평TPC,2026-09-19,13:29,160000,golfpang,,,18홀,tr_220220627
해솔리아,2026-09-19,17:29,150000,golfpang,,,18홀,tr_220126449
용인플라자,2026-09-19,17:23,160000,golfpang,,,18홀,tr_219553040
윈체스트,2026-09-19,17:22,185000,golfpang,,,18홀,tr_217891745
아세코밸리-퍼9,2026-09-19,17:17,110000,golfpang,,,18홀,tr_219912870
클럽72,2026-09-19,17:15,150000,golfpang,,,18홀,tr_219769148
클럽72,2026-09-19,17:15,150000,golfpang,,,18홀,tr_219769147
아세코밸리-퍼9,2026-09-19,17:10,110000,golfpang,,,18홀,tr_219912869
아세코밸리-퍼9,2026-09-19,17:10,110000,golfpang,,,18홀,tr_219912868
윈체스트,2026-09-19,17:08,185000,golfpang,,,18홀,tr_217891744
윈체스트,2026-09-19,17:01,185000,golfpang,,,18홀,tr_217891743
유니아일랜드,2026-09-19,16:52,130000,golfpang,,,18홀,tr_219934157
해솔리아,2026-09-19,18:04,135000,golfpang,,,18홀,tr_220126450
세현,2026-09-19,18:02,190000,golfpang,,,18홀,tr_219164124
용인플라자,2026-09-19,17:52,160000,golfpang,,,18홀,tr_219553042
세현,2026-09-19,17:48,190000,golfpang,,,18홀,tr_219164123
빅토리아-퍼9,2026-09-19,17:38,99000,golfpang,,,18홀,tr_219749676
리베라,2026-09-19,18:31,140000,golfpang,,,18홀,tr_219716678
리베라,2026-09-19,18:31,140000,golfpang,,,18홀,tr_219716676
에덴블루,2026-09-19,18:28,129900,golfpang,,,18홀,tr_220127285
이천실크밸리,2026-09-19,18:17,110000,golfpang,,,18홀,tr_219913064
그린힐,2026-09-19,18:52,110000,golfpang,,,18홀,tr_219716231
그린힐,2026-09-19,18:45,110000,golfpang,,,18홀,tr_219716230
클럽72,2026-09-19,18:39,140000,golfpang,,,18홀,tr_219769149
리베라,2026-09-19,18:38,140000,golfpang,,,18홀,tr_219716677
세현,2026-09-19,19:33,160000,golfpang,,,18홀,tr_219164125
골프존 안성H,2026-09-19,13:31,190000,golfpang,,,18홀,tr_220052445
써닝포인트,2026-09-19,13:26,215000,golfpang,,,18홀,tr_219707855
써닝포인트,2026-09-19,13:26,215000,golfpang,,,18홀,tr_219707857
한림용인,2026-09-19,13:25,190000,golfpang,,,18홀,tr_220038561
신라,2026-09-19,13:18,180000,golfpang,,,18홀,tr_220130221
솔모로,2026-09-19,13:49,180000,golfpang,,,18홀,tr_220002753
용인(비공개),2026-09-19,13:45,199000,golfpang,,,18홀,tr_219968316
그린힐,2026-09-19,13:42,190000,golfpang,,,18홀,tr_219716229
빅토리아-퍼9,2026-09-19,13:41,119000,golfpang,,,18홀,tr_219749675
빅토리아-퍼9,2026-09-19,13:41,119000,golfpang,,,18홀,tr_219749674
써닝포인트,2026-09-19,13:40,215000,golfpang,,,18홀,tr_219707856
골프존 안성H,2026-09-19,13:38,190000,golfpang,,,18홀,tr_220052446
히든밸리,2026-09-19,14:01,170000,golfpang,,,18홀,tr_218785666
포웰(안성)cc,2026-09-19,13:57,192000,golfpang,,,18홀,tr_219553903
솔모로,2026-09-19,13:56,180000,golfpang,,,18홀,tr_220002754
신라,2026-09-19,13:53,180000,golfpang,,,18홀,tr_220130222
한림용인,2026-09-19,13:53,180000,golfpang,,,18홀,tr_220038562
이천실크밸리,2026-09-19,13:52,155000,golfpang,,,18홀,tr_219913063
용인(비공개),2026-09-19,13:52,199000,golfpang,,,18홀,tr_219968317
골프존 안성W,2026-09-19,11:53,170000,golfpang,,,18홀,tr_220218334
양지파인,2026-09-19,11:51,210000,golfpang,,,18홀,tr_219554635
유니아일랜드,2026-09-19,10:40,200000,golfpang,,,18홀,tr_219934156
골프존 안성W,2026-09-19,08:50,190000,golfpang,,,18홀,tr_220218332
양지파인,2026-09-19,12:44,180000,golfpang,,,18홀,tr_219554636
신라,2026-09-19,12:36,200000,golfpang,,,18홀,tr_220130220
골프존 안성W,2026-09-19,12:35,170000,golfpang,,,18홀,tr_220218333
에덴블루,2026-09-19,12:30,209000,golfpang,,,18홀,tr_220127284
포웰(안성)cc,2026-09-19,12:19,212000,golfpang,,,18홀,tr_219553901
360도,2026-09-19,12:15,180000,golfpang,,,18홀,tr_220206145
포웰(안성)cc,2026-09-19,13:08,202000,golfpang,,,18홀,tr_219553902
해솔리아,2026-09-19,13:05,180000,golfpang,,,18홀,tr_220126448
에델바이스(가명),2026-09-19,13:33,180000,golfpang,,,18홀,tr_220003864
360도,2026-09-19,06:07,170000,golfpang,,,18홀,tr_220206144
에델바이스(가명),2026-09-19,06:56,180000,golfpang,,,18홀,tr_220003863
골프존 안성H,2026-09-19,06:51,210000,golfpang,,,18홀,tr_220052444
에덴블루,2026-09-19,06:42,199000,golfpang,,,18홀,tr_220127283
히든밸리,2026-09-19,07:52,210000,golfpang,,,18홀,tr_218785665
이천실크밸리,2026-09-19,07:45,195000,golfpang,,,18홀,tr_219913062
유니아일랜드,2026-09-19,07:11,200000,golfpang,,,18홀,tr_219934155
용인(비공개),2026-09-19,17:35,160000,golfpang,,,18홀,tr_219968318
용인플라자,2026-09-19,17:31,160000,golfpang,,,18홀,tr_219553041
한림용인,2026-09-19,17:31,160000,golfpang,,,18홀,tr_220038563
여주(비공개S),2026-09-19,13:56,190000,golfpang,,,18홀,tr_220023557
360도,2026-09-19,12:15,180000,golfpang,,,18홀,tr_220037693
360도,2026-09-19,06:30,180000,golfpang,,,18홀,tr_220037655
포웰(안성)cc,2026-09-19,17:57,122000,golfpang,,,18홀,tr_220221925
아난티중앙(야간),2026-09-19,17:53,140000,golfpang,,,18홀,tr_220221888
한림용인,2026-09-19,17:38,158000,golfpang,,,18홀,tr_220221867
마이다스레이크 이천,2026-09-19,14:03,190000,golfpang,,,18홀,tr_220210159
더크로스비,2026-09-19,13:51,207000,golfpang,,,18홀,tr_220221830
포웰(안성)cc,2026-09-19,19:49,105000,golfpang,,,18홀,tr_220200265
세현,2026-09-19,18:09,180000,golfpang,,,18홀,tr_220199839
한림용인,2026-09-19,13:25,185000,golfpang,,,18홀,tr_220200396
골프존 안성H,2026-09-19,13:45,190000,golfpang,,,18홀,tr_220200315
세현,2026-09-19,13:37,250000,golfpang,,,18홀,tr_220199837
솔모로,2026-09-19,13:56,180000,golfpang,,,18홀,tr_220200689
솔모로,2026-09-19,13:56,180000,golfpang,,,18홀,tr_220200688
골프존 안성W,2026-09-19,13:52,170000,golfpang,,,18홀,tr_220200339
세현,2026-09-19,13:51,250000,golfpang,,,18홀,tr_220199838
에덴블루,2026-09-19,11:48,219000,golfpang,,,18홀,tr_220200281
한림용인,2026-09-19,11:40,250000,golfpang,,,18홀,tr_220200395
신라,2026-09-19,12:36,200000,golfpang,,,18홀,tr_220200095
에덴블루,2026-09-19,12:30,209000,golfpang,,,18홀,tr_220200282
해솔리아,2026-09-19,12:16,180000,golfpang,,,18홀,tr_220201216
360도,2026-09-19,12:07,180000,golfpang,,,18홀,tr_220200059
신라,2026-09-19,13:18,180000,golfpang,,,18홀,tr_220200096
해솔리아,2026-09-19,13:12,170000,golfpang,,,18홀,tr_220201217
클럽72,2026-09-19,13:07,300000,golfpang,,,18홀,tr_220200447
이글몬트,2026-09-19,12:57,170000,golfpang,,,18홀,tr_220200347
골프존 안성H,2026-09-19,13:31,190000,golfpang,,,18홀,tr_220200314
양평TPC,2026-09-19,12:05,180000,golfpang,,,18홀,tr_220201081
양지파인,2026-09-19,11:59,180000,golfpang,,,18홀,tr_220200548
360도,2026-09-19,07:15,220000,golfpang,,,18홀,tr_220200058
에덴블루,2026-09-19,07:13,209000,golfpang,,,18홀,tr_220200280
클럽72,2026-09-19,08:27,270000,golfpang,,,18홀,tr_220200446
한림용인,2026-09-19,06:24,225000,golfpang,,,18홀,tr_220200394
신라,2026-09-19,06:10,200000,golfpang,,,18홀,tr_220200094
포웰(안성)cc,2026-09-19,06:04,182000,golfpang,,,18홀,tr_220200263
골프존 안성H,2026-09-19,06:51,210000,golfpang,,,18홀,tr_220200313
양지파인,2026-09-19,08:22,210000,golfpang,,,18홀,tr_220200547
골프존 안성W,2026-09-19,07:40,200000,golfpang,,,18홀,tr_220200337
이글몬트,2026-09-19,07:37,200000,golfpang,,,18홀,tr_220200346
양평TPC,2026-09-19,07:34,240000,golfpang,,,18홀,tr_220201080
해솔리아,2026-09-19,07:24,230000,golfpang,,,18홀,tr_220201215
포웰(안성)cc,2026-09-19,07:21,192000,golfpang,,,18홀,tr_220200264
클럽72,2026-09-19,07:17,260000,golfpang,,,18홀,tr_220200445
골프존 안성W,2026-09-19,08:50,210000,golfpang,,,18홀,tr_220200338
스카이밸리,2026-09-19,13:32,200000,golfpang,,,18홀,tr_220210152
클럽72,2026-09-19,18:19,150000,golfpang,,,18홀,tr_220215953
양평TPC,2026-09-19,13:15,160000,golfpang,,,18홀,tr_220230565
클럽72,2026-09-19,07:11,210000,golfpang,,,18홀,tr_220215045
이포,2026-09-19,12:54,200000,golfpang,,,18홀,tr_220210144
포웰(안성)cc,2026-09-19,12:54,162000,golfpang,,,18홀,tr_220210143
포웰(안성)cc,2026-09-19,06:20,171000,golfpang,,,18홀,tr_220013563
골프존 송도(구.오렌지듄스),2026-09-19,18:32,159000,golfpang,,,18홀,tr_220216043
신라,2026-09-19,12:22,200000,golfpang,,,18홀,tr_220210140
신라,2026-09-19,12:36,190000,golfpang,,,18홀,tr_220210294
골프존 송도(구.오렌지듄스),2026-09-19,13:50,199000,golfpang,,,18홀,tr_220250372
골프존 송도(구.오렌지듄스),2026-09-19,06:04,199000,golfpang,,,18홀,tr_220250370
골프존 송도(구.오렌지듄스),2026-09-19,13:50,199000,golfpang,,,18홀,tr_220250371
젠스필드,2026-09-19,18:38,100000,golfpang,,,18홀,tr_220250308
젠스필드,2026-09-19,18:38,100000,golfpang,,,18홀,tr_220250309
로제비앙(구.큐로cc),2026-09-19,13:12,210000,golfpang,,,18홀,tr_219991495
골프존 안성H,2026-09-19,13:31,185000,golfpang,,,18홀,tr_220242699
골프존 안성H,2026-09-19,13:31,185000,golfpang,,,18홀,tr_220242701
골프존 안성H,2026-09-19,13:38,185000,golfpang,,,18홀,tr_220242700
클럽72,2026-09-19,07:12,210000,golfpang,,,18홀,tr_220242668
용인(비공개),2026-09-19,13:52,199000,golfpang,,,18홀,tr_220242626
용인(비공개),2026-09-19,18:17,150000,golfpang,,,18홀,tr_220242627
용인(비공개),2026-09-19,06:11,230000,golfpang,,,18홀,tr_220242625
클럽72,2026-09-19,18:46,140000,golfpang,,,18홀,tr_219871432
한림용인,2026-09-19,13:32,180000,golfpang,,,18홀,tr_219819208
포웰(안성)cc,2026-09-19,13:40,152000,golfpang,,,18홀,tr_219816671
그린힐,2026-09-19,14:10,170000,golfpang,,,18홀,tr_219890194
안성베네스트(클),2026-09-19,14:06,209000,golfpang,,,18홀,tr_220241714
안성베네스트(클),2026-09-19,14:06,209000,golfpang,,,18홀,tr_220241713
안성베네스트(챌),2026-09-19,14:13,199000,golfpang,,,18홀,tr_220241676
안성베네스트(챌),2026-09-19,14:13,199000,golfpang,,,18홀,tr_220241675
마이다스레이크 이천,2026-09-19,14:01,180000,golfpang,,,18홀,tr_220241479
마이다스레이크 이천,2026-09-19,14:30,180000,golfpang,,,18홀,tr_220241480
마이다스레이크 이천,2026-09-19,14:10,180000,golfpang,,,18홀,tr_220202849
마이다스레이크 이천,2026-09-19,14:03,180000,golfpang,,,18홀,tr_220241324
용인(비공개),2026-09-19,18:17,150000,golfpang,,,18홀,tr_220240001
용인(비공개),2026-09-19,06:11,230000,golfpang,,,18홀,tr_220239999
용인(비공개),2026-09-19,13:52,199000,golfpang,,,18홀,tr_220240000
그린힐,2026-09-19,17:35,140000,golfpang,,,18홀,tr_220240996
그린힐,2026-09-19,18:52,110000,golfpang,,,18홀,tr_220240997
그린힐,2026-09-19,18:59,110000,golfpang,,,18홀,tr_220240998
한림용인,2026-09-19,17:38,158000,golfpang,,,18홀,tr_220221667
안성베네스트(클),2026-09-19,14:13,179000,golfpang,,,18홀,tr_220222559
마이다스레이크 이천,2026-09-19,14:03,190000,golfpang,,,18홀,tr_220221629
더크로스비,2026-09-19,13:51,207000,golfpang,,,18홀,tr_220222810
스카이밸리,2026-09-19,13:32,200000,golfpang,,,18홀,tr_220221530
양평TPC,2026-09-19,13:29,160000,golfpang,,,18홀,tr_220222522
이포,2026-09-19,12:54,200000,golfpang,,,18홀,tr_220220947
포웰(안성)cc,2026-09-19,12:54,162000,golfpang,,,18홀,tr_220220882
신라,2026-09-19,12:22,200000,golfpang,,,18홀,tr_220220576
신라,2026-09-19,14:14,180000,golfpang,,,18홀,tr_220240392
신라,2026-09-19,14:00,180000,golfpang,,,18홀,tr_220240390
신라,2026-09-19,14:07,180000,golfpang,,,18홀,tr_220240391
빅토리아-퍼9,2026-09-19,12:52,119000,golfpang,,,18홀,tr_219785098
빅토리아-퍼9,2026-09-19,12:52,119000,golfpang,,,18홀,tr_219785100
빅토리아-퍼9,2026-09-19,12:52,119000,golfpang,,,18홀,tr_219785099
신라,2026-09-19,07:20,240000,golfpang,,,18홀,tr_220220119
골프존 안성H,2026-09-19,13:31,190000,golfpang,,,18홀,tr_220240232
골프존 안성H,2026-09-19,13:31,190000,golfpang,,,18홀,tr_220240231
골프존 안성H,2026-09-19,13:31,190000,golfpang,,,18홀,tr_220240230
스카이밸리,2026-09-19,13:32,200000,golfpang,,,18홀,tr_219933365
그린힐,2026-09-19,18:59,110000,golfpang,,,18홀,tr_220239845
골프존 안성H,2026-09-19,13:31,185000,golfpang,,,18홀,tr_220239791
골프존 안성H,2026-09-19,13:31,185000,golfpang,,,18홀,tr_220239751
골프존 안성H,2026-09-19,13:38,185000,golfpang,,,18홀,tr_220239752
골프존 안성H,2026-09-19,14:27,185000,golfpang,,,18홀,tr_220239753
그린힐,2026-09-19,17:35,140000,golfpang,,,18홀,tr_220239431
기흥(비공개),2026-09-19,13:30,260000,golfpang,,,18홀,tr_219356817
블루원용인,2026-09-19,18:36,165000,golfpang,,,18홀,tr_220001620
리베라,2026-09-19,14:01,210000,golfpang,,,18홀,tr_220239342
세현,2026-09-19,13:37,250000,golfpang,,,18홀,tr_220239224
세현,2026-09-19,17:48,180000,golfpang,,,18홀,tr_220239225
세현,2026-09-19,18:09,170000,golfpang,,,18홀,tr_220239226
빅토리아-퍼9,2026-09-19,17:30,99000,golfpang,,,18홀,tr_219772578
남여주,2026-09-19,13:00,190000,golfpang,,,18홀,tr_220202619
골프클럽Q,2026-09-19,13:00,170000,golfpang,,,18홀,tr_219772517
유니아일랜드,2026-09-19,16:30,150000,golfpang,,,18홀,tr_219772509
빅토리아-퍼9,2026-09-19,17:30,99000,golfpang,,,18홀,tr_219772547
골프존 송도(구.오렌지듄스),2026-09-19,13:00,219000,golfpang,,,18홀,tr_219840406
남여주,2026-09-19,12:00,200000,golfpang,,,18홀,tr_220202614
골프클럽Q,2026-09-19,12:00,180000,golfpang,,,18홀,tr_219772516
한림용인,2026-09-19,13:31,180000,golfpang,,,18홀,tr_220238962
360도,2026-09-19,12:15,180000,golfpang,,,18홀,tr_220238875
360도,2026-09-19,07:07,190000,golfpang,,,18홀,tr_220238874
용인(비공개),2026-09-19,18:17,150000,golfpang,,,18홀,tr_220238770
용인(비공개),2026-09-19,14:06,199000,golfpang,,,18홀,tr_220238769
용인(비공개),2026-09-19,13:52,199000,golfpang,,,18홀,tr_220238768
용인(비공개),2026-09-19,14:06,219000,golfpang,,,18홀,tr_219999239
골프존 안성H,2026-09-19,14:20,190000,golfpang,,,18홀,tr_220149442
골프존 안성W,2026-09-19,18:52,130000,golfpang,,,18홀,tr_220037141
용인플라자,2026-09-19,18:06,160000,golfpang,,,18홀,tr_219528704
해솔리아,2026-09-19,18:11,135000,golfpang,,,18홀,tr_220208970
신안(병행),2026-09-19,18:24,100000,golfpang,,,18홀,tr_219601212
에덴블루,2026-09-19,18:28,129000,golfpang,,,18홀,tr_220181900
용인플라자,2026-09-19,18:33,160000,golfpang,,,18홀,tr_219528705
용인(비공개),2026-09-19,17:42,160000,golfpang,,,18홀,tr_219999240
이천실크밸리,2026-09-19,17:49,120000,golfpang,,,18홀,tr_219922764
유니아일랜드,2026-09-19,15:49,140000,golfpang,,,18홀,tr_219997379
한림용인,2026-09-19,17:31,160000,golfpang,,,18홀,tr_220126678
용인플라자,2026-09-19,17:31,160000,golfpang,,,18홀,tr_219528703
빅토리아-퍼9,2026-09-19,17:38,99000,golfpang,,,18홀,tr_219778166
솔모로,2026-09-19,14:03,180000,golfpang,,,18홀,tr_220007957
안성베네스트(클),2026-09-19,14:06,189000,golfpang,,,18홀,tr_220207592
안성베네스트(클),2026-09-19,14:13,189000,golfpang,,,18홀,tr_220207593
신안(오렌지),2026-09-19,06:28,140000,golfpang,,,18홀,tr_219598564
한림안성(퍼9),2026-09-19,06:21,140000,golfpang,,,18홀,tr_220174782
이천실크밸리,2026-09-19,06:07,165000,golfpang,,,18홀,tr_219922762
써닝포인트,2026-09-19,06:07,265000,golfpang,,,18홀,tr_219554108
이글몬트,2026-09-19,06:55,200000,golfpang,,,18홀,tr_220209063
골프존 안성H,2026-09-19,06:51,210000,golfpang,,,18홀,tr_220149440
유니아일랜드,2026-09-19,06:43,190000,golfpang,,,18홀,tr_219997377
에덴블루,2026-09-19,06:42,199000,golfpang,,,18홀,tr_220181898
히든밸리,2026-09-19,06:35,200000,golfpang,,,18홀,tr_218503692
스카이밸리,2026-09-19,06:34,190000,golfpang,,,18홀,tr_220182759
한림용인,2026-09-19,06:31,225000,golfpang,,,18홀,tr_220126676
골프존 안성W,2026-09-19,07:40,200000,golfpang,,,18홀,tr_220037139
에델바이스(가명),2026-09-19,07:17,180000,golfpang,,,18홀,tr_220014864
양평TPC,2026-09-19,12:05,180000,golfpang,,,18홀,tr_219969696
해솔리아,2026-09-19,06:28,180000,golfpang,,,18홀,tr_220208968
골프존 안성W,2026-09-19,13:52,170000,golfpang,,,18홀,tr_220037140
스카이밸리,2026-09-19,13:53,200000,golfpang,,,18홀,tr_220182760
써닝포인트,2026-09-19,13:40,215000,golfpang,,,18홀,tr_219554110
용인(비공개),2026-09-19,13:45,219000,golfpang,,,18홀,tr_219999238
솔모로,2026-09-19,13:49,180000,golfpang,,,18홀,tr_220007956
써닝포인트,2026-09-19,13:19,215000,golfpang,,,18홀,tr_219554109
양평TPC,2026-09-19,13:22,170000,golfpang,,,18홀,tr_219969697
한림용인,2026-09-19,13:25,185000,golfpang,,,18홀,tr_220126677
골프존 안성H,2026-09-19,13:31,190000,golfpang,,,18홀,tr_220149441
에델바이스(가명),2026-09-19,13:33,180000,golfpang,,,18홀,tr_220014865
이천실크밸리,2026-09-19,13:35,155000,golfpang,,,18홀,tr_219922763
히든밸리,2026-09-19,12:51,180000,golfpang,,,18홀,tr_218503693
마이다스레이크 이천,2026-09-19,13:00,200000,golfpang,,,18홀,tr_220208248
해솔리아,2026-09-19,13:05,170000,golfpang,,,18홀,tr_220208969
마이다스레이크 이천,2026-09-19,14:03,190000,golfpang,,,18홀,tr_220208249
유니아일랜드,2026-09-19,11:29,200000,golfpang,,,18홀,tr_219997378
에덴블루,2026-09-19,12:30,209000,golfpang,,,18홀,tr_220181899
골프존 안성H,2026-09-19,13:45,185000,golfpang,,,18홀,tr_220233419
골프존 안성H,2026-09-19,13:38,185000,golfpang,,,18홀,tr_220233418
골프존 안성H,2026-09-19,13:31,185000,golfpang,,,18홀,tr_220233417
이포,2026-09-19,18:13,155000,golfpang,,,18홀,tr_220221874
포웰(안성)cc,2026-09-19,17:57,122000,golfpang,,,18홀,tr_220221828
아난티중앙(야간),2026-09-19,17:53,140000,golfpang,,,18홀,tr_220221767
리베라,2026-09-19,14:31,210000,golfpang,,,18홀,tr_220230783
리베라,2026-09-19,17:35,150000,golfpang,,,18홀,tr_220230784
그린힐,2026-09-19,17:42,140000,golfpang,,,18홀,tr_220230627
그린힐,2026-09-19,17:35,140000,golfpang,,,18홀,tr_220230626
그린힐,2026-09-19,18:59,110000,golfpang,,,18홀,tr_220230628
360도,2026-09-19,12:15,180000,golfpang,,,18홀,tr_220230258
360도,2026-09-19,06:00,170000,golfpang,,,18홀,tr_220230257
360도,2026-09-19,12:22,180000,golfpang,,,18홀,tr_220180229
그린힐,2026-09-19,17:35,140000,golfpang,,,18홀,tr_220014706
리베라,2026-09-19,17:35,150000,golfpang,,,18홀,tr_220190586
용인플라자,2026-09-19,17:23,160000,golfpang,,,18홀,tr_219554904
아세코밸리-퍼9,2026-09-19,17:17,110000,golfpang,,,18홀,tr_219951389
리베라,2026-09-19,18:03,140000,golfpang,,,18홀,tr_220190587
이천실크밸리,2026-09-19,17:49,120000,golfpang,,,18홀,tr_219961780
세현,2026-09-19,17:48,190000,golfpang,,,18홀,tr_219184012
아세코밸리-퍼9,2026-09-19,17:45,110000,golfpang,,,18홀,tr_219951390
용인플라자,2026-09-19,18:12,160000,golfpang,,,18홀,tr_219554905
그린힐,2026-09-19,19:13,110000,golfpang,,,18홀,tr_220014708
그린힐,2026-09-19,18:59,110000,golfpang,,,18홀,tr_220014707
용인플라자,2026-09-19,18:48,160000,golfpang,,,18홀,tr_219554906
아난티중앙(야간),2026-09-19,18:38,130000,golfpang,,,18홀,tr_220217706
아난티중앙(야간),2026-09-19,18:38,130000,golfpang,,,18홀,tr_220217705
클럽72,2026-09-19,19:21,140000,golfpang,,,18홀,tr_220179235
신라,2026-09-19,13:18,180000,golfpang,,,18홀,tr_220193486
세현,2026-09-19,13:09,250000,golfpang,,,18홀,tr_219184011
써닝포인트,2026-09-19,13:26,215000,golfpang,,,18홀,tr_219601020
써닝포인트,2026-09-19,13:40,215000,golfpang,,,18홀,tr_219601021
신라,2026-09-19,14:00,180000,golfpang,,,18홀,tr_220193487
이천실크밸리,2026-09-19,13:52,155000,golfpang,,,18홀,tr_219961779
리베라,2026-09-19,14:24,210000,golfpang,,,18홀,tr_220190585
신라,2026-09-19,14:14,180000,golfpang,,,18홀,tr_220193488
세현,2026-09-19,06:24,270000,golfpang,,,18홀,tr_219184010
써닝포인트,2026-09-19,06:07,265000,golfpang,,,18홀,tr_219601019
빅토리아-퍼9,2026-09-19,06:07,119000,golfpang,,,18홀,tr_220007689
아세코밸리-퍼9,2026-09-19,05:51,140000,golfpang,,,18홀,tr_219951388
360도,2026-09-19,06:45,180000,golfpang,,,18홀,tr_220180228
클럽72-오션,2026-09-19,06:44,350000,golfpang,,,18홀,tr_220179667
히든밸리,2026-09-19,06:42,210000,golfpang,,,18홀,tr_218468154
양지파인,2026-09-19,08:22,230000,golfpang,,,18홀,tr_220022829
클럽72,2026-09-19,08:13,270000,golfpang,,,18홀,tr_220179234
이천실크밸리,2026-09-19,07:45,195000,golfpang,,,18홀,tr_219961778
클럽72,2026-09-19,07:10,260000,golfpang,,,18홀,tr_220179233
양지파인,2026-09-19,11:57,190000,golfpang,,,18홀,tr_220022830
빅토리아-퍼9,2026-09-19,12:45,119000,golfpang,,,18홀,tr_220007690
히든밸리,2026-09-19,12:44,190000,golfpang,,,18홀,tr_218468155
빅토리아-퍼9,2026-09-19,17:38,99000,golfpang,,,18홀,tr_220007691
클럽72-오션,2026-09-19,12:11,300000,golfpang,,,18홀,tr_220179666
한림용인,2026-09-19,13:00,205000,golfpang,,,18홀,tr_219999516
기흥(비공개),2026-09-19,13:10,280000,golfpang,,,18홀,tr_218990721
용인플라자,2026-09-19,17:30,170000,golfpang,,,18홀,tr_218959170
용인(비공개),2026-09-19,13:30,219000,golfpang,,,18홀,tr_219597740
한림용인,2026-09-19,06:30,215000,golfpang,,,18홀,tr_219999517
이포,2026-09-19,18:13,155000,golfpang,,,18홀,tr_220221955
골프존 송도(구.오렌지듄스),2026-09-19,18:31,159000,golfpang,,,18홀,tr_220221853
골프존 송도(구.오렌지듄스),2026-09-19,06:11,199000,golfpang,,,18홀,tr_220221851
골프존 송도(구.오렌지듄스),2026-09-19,13:36,199000,golfpang,,,18홀,tr_220221852
이글몬트,2026-09-19,06:41,200000,golfpang,,,18홀,tr_220221832
클럽72,2026-09-19,18:18,150000,golfpang,,,18홀,tr_220207919
아세코밸리-퍼9,2026-09-19,12:44,130000,golfpang,,,18홀,tr_219556849
신라,2026-09-19,14:14,180000,golfpang,,,18홀,tr_220220730
신라,2026-09-19,13:53,180000,golfpang,,,18홀,tr_220220728
클럽72,2026-09-19,17:20,150000,golfpang,,,18홀,tr_219991485
비에이비스타,2026-09-19,18:06,130000,golfpang,,,18홀,tr_217705564
더크로스비,2026-09-19,13:51,207000,golfpang,,,18홀,tr_220221052
유니아일랜드,2026-09-19,15:40,140000,golfpang,,,18홀,tr_219467576
골프존 송도(구.오렌지듄스),2026-09-19,18:45,159000,golfpang,,,18홀,tr_220220997
신라,2026-09-19,14:00,180000,golfpang,,,18홀,tr_220220729
양지파인,2026-09-19,11:36,170000,golfpang,,,18홀,tr_220220101
양지파인,2026-09-19,08:37,199000,golfpang,,,18홀,tr_220220100
한림용인,2026-09-19,14:00,170000,golfpang,,,18홀,tr_220220255
한림용인,2026-09-19,14:00,170000,golfpang,,,18홀,tr_220220256
골프존 송도(구.오렌지듄스),2026-09-19,13:50,198000,golfpang,,,18홀,tr_220220214
양평TPC,2026-09-19,13:29,170000,golfpang,,,18홀,tr_220198898
양평TPC,2026-09-19,07:34,240000,golfpang,,,18홀,tr_220198897
솔트베이,2026-09-19,18:43,189000,golfpang,,,18홀,tr_220198422
솔트베이,2026-09-19,17:47,199000,golfpang,,,18홀,tr_220198421
그린힐,2026-09-19,17:35,140000,golfpang,,,18홀,tr_220180341
그린힐,2026-09-19,18:59,110000,golfpang,,,18홀,tr_220180342
그린힐,2026-09-19,18:59,110000,golfpang,,,18홀,tr_220180343
해솔리아,2026-09-19,13:05,170000,golfpang,,,18홀,tr_220088726
리베라,2026-09-19,14:31,210000,golfpang,,,18홀,tr_220088252
포웰(안성)cc,2026-09-19,18:04,151000,golfpang,,,18홀,tr_220105693
해솔리아,2026-09-19,18:04,135000,golfpang,,,18홀,tr_220088727
리베라,2026-09-19,14:24,210000,golfpang,,,18홀,tr_220088251
해솔리아,2026-09-19,06:28,180000,golfpang,,,18홀,tr_220088725
포웰(안성)cc,2026-09-19,06:04,182000,golfpang,,,18홀,tr_220105691
포웰(안성)cc,2026-09-19,07:21,192000,golfpang,,,18홀,tr_220105692
레인보우힐스,2026-09-19,13:36,255000,golfpang,,,18홀,tr_219977925
리베라,2026-09-19,19:06,140000,golfpang,,,18홀,tr_220088253
아난티중앙(야간),2026-09-19,18:18,140000,golfpang,,,18홀,tr_220012040
여주,2026-09-19,13:53,240000,golfpang,,,18홀,tr_219968240
에델바이스(가명),2026-09-19,06:56,180000,golfpang,,,18홀,tr_220011787
에델바이스(가명),2026-09-19,13:33,180000,golfpang,,,18홀,tr_220011788
한림안성(퍼9),2026-09-19,07:38,150000,golfpang,,,18홀,tr_219957259
여주,2026-09-19,06:30,270000,golfpang,,,18홀,tr_219968239
한림안성(퍼9),2026-09-19,06:56,140000,golfpang,,,18홀,tr_219957258
아난티중앙(야간),2026-09-19,18:11,140000,golfpang,,,18홀,tr_220012039
세현,2026-09-19,17:48,180000,golfpang,,,18홀,tr_219932187
신라,2026-09-19,13:11,190000,golfpang,,,18홀,tr_219909765
신라,2026-09-19,13:53,180000,golfpang,,,18홀,tr_219909766
신라,2026-09-19,06:38,210000,golfpang,,,18홀,tr_219909764
빅토리아-퍼9,2026-09-19,18:06,99000,golfpang,,,18홀,tr_219929226
세현,2026-09-19,18:09,180000,golfpang,,,18홀,tr_219932188
세현,2026-09-19,13:37,250000,golfpang,,,18홀,tr_219932186
빅토리아-퍼9,2026-09-19,17:38,99000,golfpang,,,18홀,tr_219929224
빅토리아-퍼9,2026-09-19,17:45,99000,golfpang,,,18홀,tr_219929225
에덴블루,2026-09-19,06:49,210000,golfpang,,,18홀,tr_219872508
아세코밸리-퍼9,2026-09-19,16:14,120000,golfpang,,,18홀,tr_219691578
에덴블루,2026-09-19,12:40,220000,golfpang,,,18홀,tr_219872509
에덴블루,2026-09-19,18:11,129900,golfpang,,,18홀,tr_219872510
크리스밸리,2026-09-19,11:37,200000,golfpang,,,18홀,tr_219768842
아세코밸리-퍼9,2026-09-19,11:48,140000,golfpang,,,18홀,tr_219691577
아세코밸리-퍼9,2026-09-19,05:44,140000,golfpang,,,18홀,tr_219691576
양평TPC,2026-09-19,13:15,160000,golfpang,,,18홀,tr_220219619
한림용인,2026-09-19,17:31,150000,golfpang,,,18홀,tr_220219401
한림용인,2026-09-19,13:25,180000,golfpang,,,18홀,tr_220219400
한림용인,2026-09-19,06:31,200000,golfpang,,,18홀,tr_220219399
이글몬트,2026-09-19,14:00,170000,golfpang,,,18홀,tr_220180764
신라,2026-09-19,13:53,180000,golfpang,,,18홀,tr_220150301
신라,2026-09-19,13:53,180000,golfpang,,,18홀,tr_220150302
신라,2026-09-19,13:18,180000,golfpang,,,18홀,tr_220150300
아난티중앙(야간),2026-09-19,18:38,130000,golfpang,,,18홀,tr_220216534
솔모로,2026-09-19,13:42,180000,golfpang,,,18홀,tr_220216433
솔모로,2026-09-19,13:49,180000,golfpang,,,18홀,tr_220216434
양지파인,2026-09-19,13:50,160000,golfpang,,,18홀,tr_219621006
여주(비공개),2026-09-19,13:24,210000,golfpang,,,18홀,tr_219470669
해솔리아,2026-09-19,12:23,180000,golfpang,,,18홀,tr_220104965
360도,2026-09-19,12:22,180000,golfpang,,,18홀,tr_220106224
신라,2026-09-19,13:11,190000,golfpang,,,18홀,tr_219372524
신라,2026-09-19,07:20,240000,golfpang,,,18홀,tr_220213489
360도,2026-09-19,13:07,180000,golfpang,,,18홀,tr_219995665
해솔리아,2026-09-19,13:05,180000,golfpang,,,18홀,tr_219997325
이글몬트,2026-09-19,12:57,190000,golfpang,,,18홀,tr_219952541
글렌로스-퍼9,2026-09-19,12:55,249000,golfpang,,,18홀,tr_220011248
에덴블루,2026-09-19,12:54,209000,golfpang,,,18홀,tr_220182455
클럽72-오션,2026-09-19,12:53,300000,golfpang,,,18홀,tr_219997098
골프존 안성H,2026-09-19,13:31,190000,golfpang,,,18홀,tr_220088899
양평TPC,2026-09-19,13:29,170000,golfpang,,,18홀,tr_219996682
한림용인,2026-09-19,13:25,190000,golfpang,,,18홀,tr_220070663
포웰(안성)cc,2026-09-19,13:08,172000,golfpang,,,18홀,tr_219997177
신라,2026-09-19,13:11,190000,golfpang,,,18홀,tr_220121059
한림용인,2026-09-19,12:08,210000,golfpang,,,18홀,tr_220070662
포웰(안성)cc,2026-09-19,12:19,182000,golfpang,,,18홀,tr_219997176
에덴블루,2026-09-19,12:30,209000,golfpang,,,18홀,tr_220182454
해솔리아,2026-09-19,11:48,210000,golfpang,,,18홀,tr_219997324
유니아일랜드,2026-09-19,11:22,200000,golfpang,,,18홀,tr_219996803
마론뉴데이,2026-09-19,11:15,175000,golfpang,,,18홀,tr_220035778
양평TPC,2026-09-19,12:05,170000,golfpang,,,18홀,tr_219996681
양지파인,2026-09-19,12:06,190000,golfpang,,,18홀,tr_219996634
유니아일랜드,2026-09-19,15:56,140000,golfpang,,,18홀,tr_219996804
솔모로,2026-09-19,14:03,180000,golfpang,,,18홀,tr_220149585
안성베네스트(클),2026-09-19,14:06,189000,golfpang,,,18홀,tr_220182814
안성베네스트(클),2026-09-19,14:13,189000,golfpang,,,18홀,tr_220182815
안성베네스트(챌),2026-09-19,14:13,179000,golfpang,,,18홀,tr_220183144
안성베네스트(챌),2026-09-19,14:13,179000,golfpang,,,18홀,tr_220183145
마론뉴데이,2026-09-19,14:18,175000,golfpang,,,18홀,tr_220035779
골프존 안성H,2026-09-19,14:20,190000,golfpang,,,18홀,tr_220088900
스카이밸리,2026-09-19,13:53,200000,golfpang,,,18홀,tr_220125159
솔모로,2026-09-19,13:56,180000,golfpang,,,18홀,tr_220149584
포웰(안성)cc,2026-09-19,13:57,162000,golfpang,,,18홀,tr_219997178
골프존 송도(구.오렌지듄스),2026-09-19,13:36,219000,golfpang,,,18홀,tr_220106025
세현,2026-09-19,13:37,250000,golfpang,,,18홀,tr_219995870
골프존 안성W,2026-09-19,13:45,170000,golfpang,,,18홀,tr_220007538
솔트베이,2026-09-19,05:46,270000,golfpang,,,18홀,tr_219588182
클럽72,2026-09-19,06:00,230000,golfpang,,,18홀,tr_219997009
신라,2026-09-19,06:10,200000,golfpang,,,18홀,tr_220121057
한림용인,2026-09-19,06:10,205000,golfpang,,,18홀,tr_220070661
골프존 송도(구.오렌지듄스),2026-09-19,06:11,229000,golfpang,,,18홀,tr_220106024
양지파인,2026-09-19,06:30,210000,golfpang,,,18홀,tr_219996633
이천실크밸리,2026-09-19,07:17,185000,golfpang,,,18홀,tr_219936081
이글몬트,2026-09-19,07:23,220000,golfpang,,,18홀,tr_219952540
360도,2026-09-19,07:30,230000,golfpang,,,18홀,tr_219995664
골프존 안성W,2026-09-19,07:33,200000,golfpang,,,18홀,tr_220007537
신라,2026-09-19,07:34,240000,golfpang,,,18홀,tr_220121058
에덴블루,2026-09-19,06:42,199000,golfpang,,,18홀,tr_220182453
유니아일랜드,2026-09-19,06:43,190000,golfpang,,,18홀,tr_219996802
해솔리아,2026-09-19,06:49,200000,golfpang,,,18홀,tr_219997323
골프존 안성H,2026-09-19,06:51,210000,golfpang,,,18홀,tr_220088898
스카이밸리,2026-09-19,06:55,220000,golfpang,,,18홀,tr_220125158
클럽72,2026-09-19,06:56,240000,golfpang,,,18홀,tr_219997010
신라,2026-09-19,12:36,190000,golfpang,,,18홀,tr_220204057
아난티중앙(야간),2026-09-19,17:53,140000,golfpang,,,18홀,tr_220212943
해솔리아,2026-09-19,13:12,170000,golfpang,,,18홀,tr_220139561
양평TPC,2026-09-19,13:29,170000,golfpang,,,18홀,tr_220201282
한림용인,2026-09-19,13:25,190000,golfpang,,,18홀,tr_220036178
신라,2026-09-19,13:18,180000,golfpang,,,18홀,tr_220198060
골프존 안성W,2026-09-19,13:45,170000,golfpang,,,18홀,tr_220009679
이글몬트,2026-09-19,14:00,190000,golfpang,,,18홀,tr_220010358
신라,2026-09-19,14:00,180000,golfpang,,,18홀,tr_220198061
마론뉴데이,2026-09-19,14:18,175000,golfpang,,,18홀,tr_219779021
리베라,2026-09-19,14:17,250000,golfpang,,,18홀,tr_219796191
신라,2026-09-19,14:07,180000,golfpang,,,18홀,tr_220198062
그린힐,2026-09-19,17:35,140000,golfpang,,,18홀,tr_220086167
아세코밸리-퍼9,2026-09-19,17:17,110000,golfpang,,,18홀,tr_219998031
유니아일랜드,2026-09-19,15:49,140000,golfpang,,,18홀,tr_219997187
포웰(안성)cc,2026-09-19,18:04,151000,golfpang,,,18홀,tr_220198766
그린힐,2026-09-19,17:42,140000,golfpang,,,18홀,tr_220086168
해솔리아,2026-09-19,18:11,135000,golfpang,,,18홀,tr_220139562
아세코밸리-퍼9,2026-09-19,18:06,110000,golfpang,,,18홀,tr_219998032
한림용인,2026-09-19,18:06,160000,golfpang,,,18홀,tr_220036179
리베라,2026-09-19,19:06,140000,golfpang,,,18홀,tr_219796193
그린힐,2026-09-19,18:59,110000,golfpang,,,18홀,tr_220086169
리베라,2026-09-19,18:52,140000,golfpang,,,18홀,tr_219796192
골프존 안성W,2026-09-19,18:52,130000,golfpang,,,18홀,tr_220009680
클럽72,2026-09-19,18:35,140000,golfpang,,,18홀,tr_220198571
포웰(안성)cc,2026-09-19,19:49,92000,golfpang,,,18홀,tr_220198767
클럽72,2026-09-19,19:21,140000,golfpang,,,18홀,tr_220198570
360도,2026-09-19,06:22,180000,golfpang,,,18홀,tr_220195333
포웰(안성)cc,2026-09-19,06:04,172000,golfpang,,,18홀,tr_220198765
아세코밸리-퍼9,2026-09-19,05:51,140000,golfpang,,,18홀,tr_219998030
이글몬트,2026-09-19,06:55,220000,golfpang,,,18홀,tr_220010357
유니아일랜드,2026-09-19,06:43,190000,golfpang,,,18홀,tr_219997185
해솔리아,2026-09-19,06:35,200000,golfpang,,,18홀,tr_220139560
양지파인,2026-09-19,08:22,210000,golfpang,,,18홀,tr_220195506
골프존 안성W,2026-09-19,07:33,200000,golfpang,,,18홀,tr_220009678
클럽72,2026-09-19,07:10,260000,golfpang,,,18홀,tr_220198569
마론뉴데이,2026-09-19,07:08,175000,golfpang,,,18홀,tr_219779019
360도,2026-09-19,12:07,180000,golfpang,,,18홀,tr_220195334
양평TPC,2026-09-19,12:05,180000,golfpang,,,18홀,tr_220201281
양지파인,2026-09-19,11:51,180000,golfpang,,,18홀,tr_220195507
한림용인,2026-09-19,11:40,220000,golfpang,,,18홀,tr_220036177
유니아일랜드,2026-09-19,11:29,200000,golfpang,,,18홀,tr_219997186
마론뉴데이,2026-09-19,11:15,175000,golfpang,,,18홀,tr_219779020
신라,2026-09-19,06:10,200000,golfpang,,,18홀,tr_220104492
신라,2026-09-19,13:18,180000,golfpang,,,18홀,tr_220104494
신라,2026-09-19,12:36,200000,golfpang,,,18홀,tr_220104493
마이다스레이크 이천,2026-09-19,13:00,200000,golfpang,,,18홀,tr_220202848
골프존 송도(구.오렌지듄스),2026-09-19,06:19,229000,golfpang,,,18홀,tr_220212480
신라,2026-09-19,13:46,180000,golfpang,,,18홀,tr_217528753
신라,2026-09-19,13:46,180000,golfpang,,,18홀,tr_219074836
골프존 송도(구.오렌지듄스),2026-09-19,18:32,159000,golfpang,,,18홀,tr_220211183
클럽72,2026-09-19,18:19,150000,golfpang,,,18홀,tr_220211156
그린힐,2026-09-19,19:06,100000,golfpang,,,18홀,tr_220152760
골프존 송도(구.오렌지듄스),2026-09-19,13:44,219000,golfpang,,,18홀,tr_220210959
클럽72,2026-09-19,07:11,210000,golfpang,,,18홀,tr_220210879
골프존 송도(구.오렌지듄스),2026-09-19,06:19,229000,golfpang,,,18홀,tr_220210823
포웰(안성)cc,2026-09-19,17:57,122000,golfpang,,,18홀,tr_220210501
한림용인,2026-09-19,17:38,158000,golfpang,,,18홀,tr_220210499
마이다스레이크 이천,2026-09-19,14:03,190000,golfpang,,,18홀,tr_220210497
아세코밸리-퍼9,2026-09-19,12:44,130000,golfpang,,,18홀,tr_220210460
아세코밸리-퍼9,2026-09-19,05:58,140000,golfpang,,,18홀,tr_219558600
클럽72,2026-09-19,18:18,150000,golfpang,,,18홀,tr_220210456
신라,2026-09-19,12:22,200000,golfpang,,,18홀,tr_220210448
아난티중앙(야간),2026-09-19,17:53,140000,golfpang,,,18홀,tr_220210066
더크로스비,2026-09-19,13:44,207000,golfpang,,,18홀,tr_220210063
용인플라자,2026-09-19,18:05,160000,golfpang,,,18홀,tr_220128853
안성베네스트(클),2026-09-19,14:06,199000,golfpang,,,18홀,tr_220006963
용인플라자,2026-09-19,17:30,160000,golfpang,,,18홀,tr_220128852
안성베네스트(클),2026-09-19,14:13,199000,golfpang,,,18홀,tr_220006964
용인플라자,2026-09-19,18:34,160000,golfpang,,,18홀,tr_220128854
리베라,2026-09-19,18:31,150000,golfpang,,,18홀,tr_219470477
리베라,2026-09-19,19:06,150000,golfpang,,,18홀,tr_219470478
리베라,2026-09-19,19:06,140000,golfpang,,,18홀,tr_220209671
리베라,2026-09-19,17:42,150000,golfpang,,,18홀,tr_220209670
리베라,2026-09-19,17:35,150000,golfpang,,,18홀,tr_220209669
리베라,2026-09-19,14:30,210000,golfpang,,,18홀,tr_220085142
리베라,2026-09-19,14:00,210000,golfpang,,,18홀,tr_220085080
세현,2026-09-19,13:31,250000,golfpang,,,18홀,tr_219977019
리베라,2026-09-19,18:59,140000,golfpang,,,18홀,tr_220201998
리베라,2026-09-19,19:06,140000,golfpang,,,18홀,tr_220201999
한림용인,2026-09-19,17:38,158000,golfpang,,,18홀,tr_219952508
포웰(안성)cc,2026-09-19,17:57,122000,golfpang,,,18홀,tr_219952319
포웰(안성)cc,2026-09-19,13:57,152000,golfpang,,,18홀,tr_219325774
이포,2026-09-19,18:41,140000,golfpang,,,18홀,tr_220124230
이포,2026-09-19,12:54,200000,golfpang,,,18홀,tr_219325740
신라,2026-09-19,13:32,180000,golfpang,,,18홀,tr_219393706
스카이밸리,2026-09-19,13:32,200000,golfpang,,,18홀,tr_219951860
마이다스레이크 이천,2026-09-19,13:49,190000,golfpang,,,18홀,tr_220121126
안성,2026-09-19,13:00,230000,golfpang,,,18홀,tr_219334995
안성베네스트(클),2026-09-19,14:06,199000,golfpang,,,18홀,tr_220183273
루트52,2026-09-19,06:45,220000,golfpang,,,18홀,tr_220193136
양지파인,2026-09-19,11:51,180000,golfpang,,,18홀,tr_220200671
양지파인,2026-09-19,11:59,180000,golfpang,,,18홀,tr_220200672
용인플라자,2026-09-19,18:20,160000,golfpang,,,18홀,tr_220195559
용인플라자,2026-09-19,17:52,160000,golfpang,,,18홀,tr_220195557
용인플라자,2026-09-19,18:13,160000,golfpang,,,18홀,tr_220195558
안성베네스트(클),2026-09-19,14:13,189000,golfpang,,,18홀,tr_220193294
안성베네스트(클),2026-09-19,14:06,189000,golfpang,,,18홀,tr_220193293
안성베네스트(챌),2026-09-19,14:13,179000,golfpang,,,18홀,tr_220193008
안성베네스트(챌),2026-09-19,14:13,179000,golfpang,,,18홀,tr_220193007
이글몬트,2026-09-19,06:55,200000,golfpang,,,18홀,tr_220190256
이글몬트,2026-09-19,06:55,200000,golfpang,,,18홀,tr_220190255
골프존 안성H,2026-09-19,06:51,210000,golfpang,,,18홀,tr_220184517
골프존 안성H,2026-09-19,13:31,190000,golfpang,,,18홀,tr_220184519
골프존 안성H,2026-09-19,13:31,190000,golfpang,,,18홀,tr_220184518
유니아일랜드,2026-09-19,10:40,200000,golfpang,,,18홀,tr_220184339
유니아일랜드,2026-09-19,05:40,170000,golfpang,,,18홀,tr_220184337
유니아일랜드,2026-09-19,06:43,190000,golfpang,,,18홀,tr_220184338
골프존 안성W,2026-09-19,18:52,130000,golfpang,,,18홀,tr_220183644
골프존 안성W,2026-09-19,12:45,170000,golfpang,,,18홀,tr_220183643
골프존 안성W,2026-09-19,07:40,200000,golfpang,,,18홀,tr_220183642
이천실크밸리,2026-09-19,07:17,185000,golfpang,,,18홀,tr_220180907
이천실크밸리,2026-09-19,18:03,110000,golfpang,,,18홀,tr_220180909
이천실크밸리,2026-09-19,07:45,195000,golfpang,,,18홀,tr_220180908
마론뉴데이,2026-09-19,14:18,175000,golfpang,,,18홀,tr_220180287
마론뉴데이,2026-09-19,11:15,175000,golfpang,,,18홀,tr_220180285
마론뉴데이,2026-09-19,11:15,175000,golfpang,,,18홀,tr_220180286
해솔리아,2026-09-19,07:24,230000,golfpang,,,18홀,tr_220149693
해솔리아,2026-09-19,12:37,180000,golfpang,,,18홀,tr_220149694
해솔리아,2026-09-19,06:35,200000,golfpang,,,18홀,tr_220149692
마이다스레이크 이천,2026-09-19,14:10,190000,golfpang,,,18홀,tr_220170215
마이다스레이크 이천,2026-09-19,14:03,190000,golfpang,,,18홀,tr_220170214
신라,2026-09-19,13:53,180000,golfpang,,,18홀,tr_220152855
신라,2026-09-19,13:18,180000,golfpang,,,18홀,tr_220152854
신라,2026-09-19,13:53,180000,golfpang,,,18홀,tr_220152856
골프존 송도(구.오렌지듄스),2026-09-19,06:19,229000,golfpang,,,18홀,tr_220149729
골프클럽Q,2026-09-19,17:41,130000,golfpang,,,18홀,tr_220149379
골프클럽Q,2026-09-19,13:29,170000,golfpang,,,18홀,tr_220149265
이글몬트,2026-09-19,06:55,200000,golfpang,,,18홀,tr_220149189
골프클럽Q,2026-09-19,06:29,210000,golfpang,,,18홀,tr_220149144
이글몬트,2026-09-19,07:37,200000,golfpang,,,18홀,tr_220128638
이글몬트,2026-09-19,14:00,170000,golfpang,,,18홀,tr_220128639
양지파인,2026-09-19,13:21,170000,golfpang,,,18홀,tr_220011815
양지파인,2026-09-19,12:21,180000,golfpang,,,18홀,tr_220139209
양지파인,2026-09-19,12:51,170000,golfpang,,,18홀,tr_220139210
비에이비스타,2026-09-19,06:29,210000,golfpang,,,18홀,tr_219781904
비에이비스타,2026-09-19,14:00,170000,golfpang,,,18홀,tr_219781879
골프존 송도(구.오렌지듄스),2026-09-19,13:36,219000,golfpang,,,18홀,tr_220086867
골프존 송도(구.오렌지듄스),2026-09-19,13:36,219000,golfpang,,,18홀,tr_220086868
골프존 송도(구.오렌지듄스),2026-09-19,13:36,219000,golfpang,,,18홀,tr_220086866
360도,2026-09-19,06:30,180000,golfpang,,,18홀,tr_220038475
360도,2026-09-19,12:15,180000,golfpang,,,18홀,tr_220038474
이천실크밸리,2026-09-19,12:21,155000,golfpang,,,18홀,tr_220117939
이천실크밸리,2026-09-19,07:17,185000,golfpang,,,18홀,tr_220117938
이천실크밸리,2026-09-19,17:49,120000,golfpang,,,18홀,tr_220117940
골프존 송도(구.오렌지듄스),2026-09-19,18:38,159000,golfpang,,,18홀,tr_220106026
에델바이스(가명),2026-09-19,07:17,180000,golfpang,,,18홀,tr_219798496
마론뉴데이,2026-09-19,14:18,150000,golfpang,,,18홀,tr_220095371
마론뉴데이,2026-09-19,11:15,155000,golfpang,,,18홀,tr_220095364
아세코밸리-퍼9,2026-09-19,06:12,140000,golfpang,,,18홀,tr_220087392
아세코밸리-퍼9,2026-09-19,17:38,110000,golfpang,,,18홀,tr_220087394
아세코밸리-퍼9,2026-09-19,17:17,110000,golfpang,,,18홀,tr_220087393
포웰(안성)cc,2026-09-19,06:04,182000,golfpang,,,18홀,tr_220087178
포웰(안성)cc,2026-09-19,19:49,105000,golfpang,,,18홀,tr_220087180
포웰(안성)cc,2026-09-19,07:21,192000,golfpang,,,18홀,tr_220087179
클럽72-오션,2026-09-19,06:44,350000,golfpang,,,18홀,tr_220087047
클럽72-오션,2026-09-19,06:16,330000,golfpang,,,18홀,tr_220087046
클럽72,2026-09-19,18:18,150000,golfpang,,,18홀,tr_220086930
클럽72,2026-09-19,08:13,270000,golfpang,,,18홀,tr_220086929
클럽72,2026-09-19,07:17,260000,golfpang,,,18홀,tr_220086928
유니아일랜드,2026-09-19,10:40,200000,golfpang,,,18홀,tr_219952622
유니아일랜드,2026-09-19,07:11,200000,golfpang,,,18홀,tr_219952621
유니아일랜드,2026-09-19,06:43,190000,golfpang,,,18홀,tr_219952620
용인,2026-09-19,07:55,180000,golfpang,,,18홀,tr_220086224
골프존 안성H,2026-09-19,06:51,210000,golfpang,,,18홀,tr_220085053
골프존 안성H,2026-09-19,13:38,190000,golfpang,,,18홀,tr_220085054
골프존 안성H,2026-09-19,14:20,190000,golfpang,,,18홀,tr_220085055
양지파인,2026-09-19,11:59,190000,golfpang,,,18홀,tr_220034610
양지파인,2026-09-19,06:30,210000,golfpang,,,18홀,tr_220034609
세현,2026-09-19,18:30,170000,golfpang,,,18홀,tr_219995872
한원,2026-09-19,18:10,-1,golfpang,,,18홀,tr_219817526
빅토리아-퍼9,2026-09-19,18:06,99000,golfpang,,,18홀,tr_219995772
아세코밸리-퍼9,2026-09-19,18:06,110000,golfpang,,,18홀,tr_219996549
이천실크밸리,2026-09-19,18:03,110000,golfpang,,,18홀,tr_219936083
클럽72,2026-09-19,17:50,150000,golfpang,,,18홀,tr_219997011
이천실크밸리,2026-09-19,17:49,120000,golfpang,,,18홀,tr_219936082
세현,2026-09-19,17:48,180000,golfpang,,,18홀,tr_219995871
솔트베이,2026-09-19,17:47,199000,golfpang,,,18홀,tr_219588183
빅토리아-퍼9,2026-09-19,17:38,99000,golfpang,,,18홀,tr_219995771
그린힐,2026-09-19,17:35,140000,golfpang,,,18홀,tr_220035004
아세코밸리-퍼9,2026-09-19,17:31,110000,golfpang,,,18홀,tr_219996548
아세코밸리-퍼9,2026-09-19,17:17,110000,golfpang,,,18홀,tr_219996547
그린힐,2026-09-19,19:06,100000,golfpang,,,18홀,tr_220035006
그린힐,2026-09-19,18:59,110000,golfpang,,,18홀,tr_220035005
골프존 안성W,2026-09-19,18:52,130000,golfpang,,,18홀,tr_220007539
솔트베이,2026-09-19,18:43,189000,golfpang,,,18홀,tr_219588184
빅토리아-퍼9,2026-09-19,18:34,99000,golfpang,,,18홀,tr_219995773
한원,2026-09-19,18:31,-1,golfpang,,,18홀,tr_219817527
히든밸리,2026-09-19,06:28,190000,golfpang,,,18홀,tr_220034731
한림용인,2026-09-19,13:25,190000,golfpang,,,18홀,tr_220035813
히든밸리,2026-09-19,12:16,180000,golfpang,,,18홀,tr_220034732
한림용인,2026-09-19,13:25,190000,golfpang,,,18홀,tr_220035814
한림용인,2026-09-19,13:25,190000,golfpang,,,18홀,tr_220035815
포웰(안성)cc,2026-09-19,13:57,152000,golfpang,,,18홀,tr_220056345
한림용인,2026-09-19,17:38,158000,golfpang,,,18홀,tr_220056236
골프존 안성W,2026-09-19,07:33,200000,golfpang,,,18홀,tr_220012242
골프존 안성W,2026-09-19,07:40,200000,golfpang,,,18홀,tr_220012243
골프존 안성W,2026-09-19,06:51,200000,golfpang,,,18홀,tr_220012241
여주,2026-09-19,06:30,270000,golfpang,,,18홀,tr_220023520
여주,2026-09-19,13:39,240000,golfpang,,,18홀,tr_220023521
여주,2026-09-19,14:07,240000,golfpang,,,18홀,tr_220015456
여주,2026-09-19,14:00,240000,golfpang,,,18홀,tr_220015457
솔모로,2026-09-19,12:53,190000,golfpang,,,18홀,tr_220010735
솔모로,2026-09-19,13:42,190000,golfpang,,,18홀,tr_220010736
안성베네스트(챌),2026-09-19,14:13,189000,golfpang,,,18홀,tr_220010043
안성베네스트(챌),2026-09-19,14:13,189000,golfpang,,,18홀,tr_220010044
안성베네스트(클),2026-09-19,14:06,199000,golfpang,,,18홀,tr_220009845
안성베네스트(클),2026-09-19,14:06,199000,golfpang,,,18홀,tr_220009844
유니아일랜드,2026-09-19,16:52,130000,golfpang,,,18홀,tr_219935255
유니아일랜드,2026-09-19,07:11,200000,golfpang,,,18홀,tr_219935253
유니아일랜드,2026-09-19,10:40,200000,golfpang,,,18홀,tr_219935254
스카이밸리,2026-09-19,13:32,200000,golfpang,,,18홀,tr_220000004
신라,2026-09-19,12:22,200000,golfpang,,,18홀,tr_219999991
포웰(안성)cc,2026-09-19,12:19,192000,golfpang,,,18홀,tr_219891632
빅토리아-퍼9,2026-09-19,12:31,119000,golfpang,,,18홀,tr_219153721
레인보우힐스,2026-09-19,13:04,255000,golfpang,,,18홀,tr_219330506
빅토리아-퍼9,2026-09-19,12:10,119000,golfpang,,,18홀,tr_219153720
레인보우힐스,2026-09-19,13:28,255000,golfpang,,,18홀,tr_219330507
포웰(안성)cc,2026-09-19,13:57,172000,golfpang,,,18홀,tr_219891634
용인플라자,2026-09-19,17:24,160000,golfpang,,,18홀,tr_219529293
용인,2026-09-19,11:18,160000,golfpang,,,18홀,tr_218818825
용인,2026-09-19,10:43,160000,golfpang,,,18홀,tr_218818822
빅토리아-퍼9,2026-09-19,17:38,99000,golfpang,,,18홀,tr_219153722
용인플라자,2026-09-19,17:45,160000,golfpang,,,18홀,tr_219529291
용인플라자,2026-09-19,18:05,160000,golfpang,,,18홀,tr_219529292
포웰(안성)cc,2026-09-19,12:54,182000,golfpang,,,18홀,tr_219891633
유니아일랜드,2026-09-19,11:22,200000,golfpang,,,18홀,tr_219968995
유니아일랜드,2026-09-19,16:52,130000,golfpang,,,18홀,tr_219968996
유니아일랜드,2026-09-19,06:43,190000,golfpang,,,18홀,tr_219968994
한림안성(퍼9),2026-09-19,06:21,140000,golfpang,,,18홀,tr_219962105
유니아일랜드,2026-09-19,16:52,130000,golfpang,,,18홀,tr_219936968
유니아일랜드,2026-09-19,11:29,200000,golfpang,,,18홀,tr_219936967
유니아일랜드,2026-09-19,06:43,190000,golfpang,,,18홀,tr_219936966
이천실크밸리,2026-09-19,13:31,155000,golfpang,,,18홀,tr_219913930
이천실크밸리,2026-09-19,13:31,155000,golfpang,,,18홀,tr_219913931
이천실크밸리,2026-09-19,13:31,155000,golfpang,,,18홀,tr_219913929
해솔리아,2026-09-19,13:33,180000,golfpang,,,18홀,tr_219923438
해솔리아,2026-09-19,06:56,200000,golfpang,,,18홀,tr_219923437
해솔리아,2026-09-19,17:29,155000,golfpang,,,18홀,tr_219923439
양평TPC,2026-09-19,12:05,180000,golfpang,,,18홀,tr_219892353
양평TPC,2026-09-19,12:40,180000,golfpang,,,18홀,tr_219892354
용인(비공개),2026-09-19,06:04,250000,golfpang,,,18홀,tr_219872196
용인(비공개),2026-09-19,13:45,239000,golfpang,,,18홀,tr_219872197
용인(비공개),2026-09-19,18:24,150000,golfpang,,,18홀,tr_219872198
리베라,2026-09-19,14:17,240000,golfpang,,,18홀,tr_219870866
리베라,2026-09-19,19:06,140000,golfpang,,,18홀,tr_219870867
빅토리아-퍼9,2026-09-19,17:38,99000,golfpang,,,18홀,tr_219837226
빅토리아-퍼9,2026-09-19,17:38,99000,golfpang,,,18홀,tr_219837228
빅토리아-퍼9,2026-09-19,17:38,99000,golfpang,,,18홀,tr_219837227
크리스밸리,2026-09-19,13:01,180000,golfpang,,,18홀,tr_219770200
크리스밸리,2026-09-19,06:20,200000,golfpang,,,18홀,tr_219770199
리베라,2026-09-19,18:52,140000,golfpang,,,18홀,tr_219717931
리베라,2026-09-19,19:06,140000,golfpang,,,18홀,tr_219717932
신안(병행),2026-09-19,12:53,170000,golfpang,,,18홀,tr_218738073
아난티중앙(야간),2026-09-19,17:53,140000,golfpang,,,18홀,tr_219798697
아난티중앙(야간),2026-09-19,18:02,140000,golfpang,,,18홀,tr_219798698
에델바이스(가명),2026-09-19,13:47,200000,golfpang,,,18홀,tr_219798497
솔모로,2026-09-19,13:21,190000,golfpang,,,18홀,tr_219792292
솔모로,2026-09-19,13:35,190000,golfpang,,,18홀,tr_219792293
클럽72-오션,2026-09-19,12:53,300000,golfpang,,,18홀,tr_219791817
신라,2026-09-19,12:57,190000,golfpang,,,18홀,tr_219790627
신라,2026-09-19,13:53,180000,golfpang,,,18홀,tr_219790628
한림용인,2026-09-19,17:38,160000,golfpang,,,18홀,tr_219766615
한림용인,2026-09-19,13:04,230000,golfpang,,,18홀,tr_219766614
한림용인,2026-09-19,06:24,245000,golfpang,,,18홀,tr_219766613
마론뉴데이,2026-09-19,14:18,175000,golfpang,,,18홀,tr_219741450
마론뉴데이,2026-09-19,11:15,175000,golfpang,,,18홀,tr_219737441
마론뉴데이,2026-09-19,11:15,175000,golfpang,,,18홀,tr_219468641
루트52,2026-09-19,07:05,230000,golfpang,,,18홀,tr_219714651
루트52,2026-09-19,06:45,220000,golfpang,,,18홀,tr_219714650
그린힐,2026-09-19,18:38,110000,golfpang,,,18홀,tr_219598634
그린힐,2026-09-19,18:59,110000,golfpang,,,18홀,tr_219598635
그린힐,2026-09-19,13:42,190000,golfpang,,,18홀,tr_219598633
용인플라자,2026-09-19,17:52,160000,golfpang,,,18홀,tr_219527622
용인플라자,2026-09-19,18:06,160000,golfpang,,,18홀,tr_219527623
용인플라자,2026-09-19,17:31,160000,golfpang,,,18홀,tr_219527621
빅토리아-퍼9,2026-09-19,13:13,119000,golfpang,,,18홀,tr_219556414
용인플라자,2026-09-19,18:06,160000,golfpang,,,18홀,tr_219527857
빅토리아-퍼9,2026-09-19,12:52,119000,golfpang,,,18홀,tr_219556413
세현,2026-09-19,17:48,190000,golfpang,,,18홀,tr_219518846
세현,2026-09-19,19:12,180000,golfpang,,,18홀,tr_219518847
포웰(안성)cc,2026-09-19,18:11,142000,golfpang,,,18홀,tr_219488966
용인플라자,2026-09-19,17:31,160000,golfpang,,,18홀,tr_219527855
용인플라자,2026-09-19,17:51,160000,golfpang,,,18홀,tr_219527856
포웰(안성)cc,2026-09-19,13:57,192000,golfpang,,,18홀,tr_219488965
신라,2026-09-19,06:59,240000,golfpang,,,18홀,tr_219373647
신안(오렌지),2026-09-19,07:03,140000,golfpang,,,18홀,tr_219369254
신안(오렌지),2026-09-19,07:03,140000,golfpang,,,18홀,tr_219369255
360도,2026-09-19,07:22,230000,golfpang,,,18홀,tr_219345417
신라,2026-09-19,13:46,180000,golfpang,,,18홀,tr_219373648
360도,2026-09-19,14:00,170000,golfpang,,,18홀,tr_219345418
신라,2026-09-19,06:17,230000,golfpang,,,18홀,tr_219373646
양지파인,2026-09-19,13:59,160000,golfpang,,,18홀,tr_219549637
양지파인,2026-09-19,06:07,199000,golfpang,,,18홀,tr_219549636
용인플라자,2026-09-19,17:31,160000,golfpang,,,18홀,tr_219527387
용인플라자,2026-09-19,17:31,160000,golfpang,,,18홀,tr_219527388
용인플라자,2026-09-19,17:31,160000,golfpang,,,18홀,tr_219527386
용인플라자,2026-09-19,18:48,160000,golfpang,,,18홀,tr_219535739
용인플라자,2026-09-19,17:23,160000,golfpang,,,18홀,tr_219535737
용인플라자,2026-09-19,18:06,160000,golfpang,,,18홀,tr_219535738
크리스밸리,2026-09-19,12:40,190000,golfpang,,,18홀,tr_219529762
크리스밸리,2026-09-19,12:47,190000,golfpang,,,18홀,tr_219529763
클럽72,2026-09-19,18:11,150000,golfpang,,,18홀,tr_219493938
클럽72,2026-09-19,17:29,160000,golfpang,,,18홀,tr_219493937
클럽72,2026-09-19,06:00,250000,golfpang,,,18홀,tr_219493936
클럽72-오션,2026-09-19,12:53,310000,golfpang,,,18홀,tr_219493840
클럽72-오션,2026-09-19,06:30,350000,golfpang,,,18홀,tr_219493839
포웰(안성)cc,2026-09-19,18:11,142000,golfpang,,,18홀,tr_219491569
포웰(안성)cc,2026-09-19,13:57,192000,golfpang,,,18홀,tr_219491568
포웰(안성)cc,2026-09-19,12:19,212000,golfpang,,,18홀,tr_219491567
양평TPC,2026-09-19,13:01,210000,golfpang,,,18홀,tr_219470415
양평TPC,2026-09-19,07:55,240000,golfpang,,,18홀,tr_219470414
써닝포인트,2026-09-19,13:40,215000,golfpang,,,18홀,tr_219466579
써닝포인트,2026-09-19,06:07,275000,golfpang,,,18홀,tr_219466577
써닝포인트,2026-09-19,12:23,215000,golfpang,,,18홀,tr_219466578
솔트베이,2026-09-19,18:57,189000,golfpang,,,18홀,tr_219446514
솔트베이,2026-09-19,17:40,199000,golfpang,,,18홀,tr_219446512
솔트베이,2026-09-19,18:43,189000,golfpang,,,18홀,tr_219446513
빅토리아-퍼9,2026-09-19,12:24,119000,golfpang,,,18홀,tr_219395226
빅토리아-퍼9,2026-09-19,13:06,119000,golfpang,,,18홀,tr_219395227
빅토리아-퍼9,2026-09-19,17:17,99000,golfpang,,,18홀,tr_219395228
솔모로,2026-09-19,13:21,270000,golfpang,,,18홀,tr_219394852
솔모로,2026-09-19,06:51,270000,golfpang,,,18홀,tr_219394851
빅토리아-퍼9,2026-09-19,12:24,119000,golfpang,,,18홀,tr_219057398
빅토리아-퍼9,2026-09-19,11:49,119000,golfpang,,,18홀,tr_219057397
빅토리아-퍼9,2026-09-19,12:52,119000,golfpang,,,18홀,tr_219057399
빅토리아-퍼9,2026-09-19,11:21,119000,golfpang,,,18홀,tr_219020293
빅토리아-퍼9,2026-09-19,17:03,99000,golfpang,,,18홀,tr_219020294
빅토리아-퍼9,2026-09-19,06:07,119000,golfpang,,,18홀,tr_219020292
비콘힐스,2026-09-19,18:33,90000,golfpang,,,18홀,tr_220326075
필로스,2026-09-19,18:14,140000,golfpang,,,18홀,tr_219691556
한림광릉,2026-09-19,17:31,140000,golfpang,,,18홀,tr_220345240
필로스,2026-09-19,18:07,140000,golfpang,,,18홀,tr_219737090
한림광릉,2026-09-19,17:45,140000,golfpang,,,18홀,tr_220345934
오너스,2026-09-19,14:04,145000,golfpang,,,18홀,tr_219996192
더플레이어스,2026-09-19,13:19,160000,golfpang,,,18홀,tr_220142581
더플레이어스,2026-09-19,12:23,160000,golfpang,,,18홀,tr_220326578
비콘힐스,2026-09-19,18:19,90000,golfpang,,,18홀,tr_220128209
한림광릉,2026-09-19,17:45,140000,golfpang,,,18홀,tr_220346166
한림광릉,2026-09-19,17:38,140000,golfpang,,,18홀,tr_220289323
남춘천,2026-09-19,12:48,160000,golfpang,,,18홀,tr_220174880
베뉴지,2026-09-19,13:58,160000,golfpang,,,18홀,tr_220326983
남춘천,2026-09-19,12:48,160000,golfpang,,,18홀,tr_220213371
남춘천,2026-09-19,13:49,160000,golfpang,,,18홀,tr_220206517
라싸,2026-09-19,08:26,229000,golfpang,,,18홀,tr_220376175
베스트밸리-퍼9,2026-09-19,18:16,130000,golfpang,,,18홀,tr_220376153
베스트밸리-퍼9,2026-09-19,18:23,130000,golfpang,,,18홀,tr_220376154
베스트밸리-퍼9,2026-09-19,18:09,130000,golfpang,,,18홀,tr_220376152
남양주(퍼9),2026-09-19,17:34,119000,golfpang,,,18홀,tr_218132596
스프링베일-퍼9,2026-09-19,07:27,115000,golfpang,,,18홀,tr_220221428
라싸,2026-09-19,12:30,179000,golfpang,,,18홀,tr_220376151
비콘힐스,2026-09-19,18:47,90000,golfpang,,,18홀,tr_220376120
비콘힐스,2026-09-19,18:05,90000,golfpang,,,18홀,tr_220376118
비콘힐스,2026-09-19,18:40,90000,golfpang,,,18홀,tr_220376119
남춘천,2026-09-19,13:49,160000,golfpang,,,18홀,tr_220190512
베스트밸리-퍼9,2026-09-19,16:52,140000,golfpang,,,18홀,tr_220229992
포레스트힐,2026-09-19,18:10,140000,golfpang,,,18홀,tr_220361777
포레스트힐,2026-09-19,08:36,230000,golfpang,,,18홀,tr_220361753
라싸,2026-09-19,12:39,189000,golfpang,,,18홀,tr_220361587
남춘천,2026-09-19,13:42,170000,golfpang,,,18홀,tr_220361884
클럽모우,2026-09-19,12:20,180000,golfpang,,,18홀,tr_220376101
자유로,2026-09-19,14:19,210000,golfpang,,,18홀,tr_220376067
자유로,2026-09-19,13:52,220000,golfpang,,,18홀,tr_220376066
라데나,2026-09-19,11:32,240000,golfpang,,,18홀,tr_220376082
베뉴지,2026-09-19,13:30,160000,golfpang,,,18홀,tr_220097332
더플레이어스,2026-09-19,12:37,160000,golfpang,,,18홀,tr_219456387
파주,2026-09-19,12:27,230000,golfpang,,,18홀,tr_219455973
필로스,2026-09-19,18:00,140000,golfpang,,,18홀,tr_219455982
더플레이어스,2026-09-19,07:16,190000,golfpang,,,18홀,tr_219456239
라싸,2026-09-19,13:14,179000,golfpang,,,18홀,tr_220097238
가평프리스틴밸리,2026-09-19,13:17,220000,golfpang,,,18홀,tr_220097738
파주,2026-09-19,17:34,170000,golfpang,,,18홀,tr_219456094
라싸,2026-09-19,11:57,189000,golfpang,,,18홀,tr_220150299
가평프리스틴밸리,2026-09-19,13:17,220000,golfpang,,,18홀,tr_220013809
더플레이어스,2026-09-19,12:44,160000,golfpang,,,18홀,tr_219694136
스프링베일-퍼9,2026-09-19,12:30,100000,golfpang,,,18홀,tr_219552813
스프링베일-퍼9,2026-09-19,12:30,100000,golfpang,,,18홀,tr_219552816
남양주(퍼9),2026-09-19,16:00,129000,golfpang,,,18홀,tr_219158601
오너스,2026-09-19,07:39,160000,golfpang,,,18홀,tr_219997649
남양주(퍼9),2026-09-19,08:01,169000,golfpang,,,18홀,tr_219158599
남양주(퍼9),2026-09-19,16:00,129000,golfpang,,,18홀,tr_219158602
스프링베일-퍼9,2026-09-19,07:20,110000,golfpang,,,18홀,tr_219552809
라싸,2026-09-19,08:26,229000,golfpang,,,18홀,tr_219996366
샴발라,2026-09-19,11:20,180000,golfpang,,,18홀,tr_220376012
경춘(비공개),2026-09-19,13:22,160000,golfpang,,,18홀,tr_220103329
가평프리스틴밸리,2026-09-19,13:17,220000,golfpang,,,18홀,tr_219996853
필로스,2026-09-19,18:07,140000,golfpang,,,18홀,tr_219996907
세레니티-강촌,2026-09-19,12:49,210000,golfpang,,,18홀,tr_219996828
라싸,2026-09-19,13:14,179000,golfpang,,,18홀,tr_219996772
베뉴지,2026-09-19,13:30,160000,golfpang,,,18홀,tr_220102874
더플레이어스,2026-09-19,12:44,160000,golfpang,,,18홀,tr_220103164
베뉴지,2026-09-19,13:23,165000,golfpang,,,18홀,tr_220242874
힐마루 포천,2026-09-19,18:13,160000,golfpang,,,18홀,tr_220165762
라싸,2026-09-19,18:14,139000,golfpang,,,18홀,tr_220249932
서원힐스,2026-09-19,05:32,230000,golfpang,,,18홀,tr_220375934
비콘힐스,2026-09-19,18:10,90000,golfpang,,,18홀,tr_220002069
더플레이어스,2026-09-19,06:34,190000,golfpang,,,18홀,tr_220210060
한림광릉,2026-09-19,17:52,140000,golfpang,,,18홀,tr_220375077
남양주(퍼9),2026-09-19,17:27,119000,golfpang,,,18홀,tr_220375006
클럽모우,2026-09-19,13:48,150000,golfpang,,,18홀,tr_220242687
남양주(퍼9),2026-09-19,16:27,129000,golfpang,,,18홀,tr_220242658
베뉴지,2026-09-19,13:09,165000,golfpang,,,18홀,tr_220242661
더플레이어스,2026-09-19,11:55,160000,golfpang,,,18홀,tr_219994702
더플레이어스,2026-09-19,07:30,190000,golfpang,,,18홀,tr_219994695
오너스,2026-09-19,14:25,140000,golfpang,,,18홀,tr_220215621
오너스,2026-09-19,08:21,165000,golfpang,,,18홀,tr_220165676
오너스,2026-09-19,13:57,145000,golfpang,,,18홀,tr_219324439
더플레이어스,2026-09-19,13:26,160000,golfpang,,,18홀,tr_219791009
클럽모우,2026-09-19,13:34,150000,golfpang,,,18홀,tr_220301732
스프링베일-퍼9,2026-09-19,17:15,90000,golfpang,,,18홀,tr_218564364
비콘힐스,2026-09-19,18:26,90000,golfpang,,,18홀,tr_220375701
비콘힐스,2026-09-19,18:33,90000,golfpang,,,18홀,tr_220375702
비콘힐스,2026-09-19,19:01,90000,golfpang,,,18홀,tr_220375703
남춘천,2026-09-19,06:25,180000,golfpang,,,18홀,tr_220375682
베뉴지,2026-09-19,13:30,160000,golfpang,,,18홀,tr_220217105
파주,2026-09-19,13:09,240000,golfpang,,,18홀,tr_220375546
파주,2026-09-19,17:27,170000,golfpang,,,18홀,tr_220375548
파주,2026-09-19,16:45,160000,golfpang,,,18홀,tr_220375547
필로스,2026-09-19,18:07,140000,golfpang,,,18홀,tr_220349858
오너스,2026-09-19,14:25,140000,golfpang,,,18홀,tr_218783952
힐마루 포천,2026-09-19,18:20,160000,golfpang,,,18홀,tr_220290024
더플레이어스,2026-09-19,11:55,160000,golfpang,,,18홀,tr_219991183
오너스,2026-09-19,08:21,160000,golfpang,,,18홀,tr_219891843
클럽모우,2026-09-19,08:30,210000,golfpang,,,18홀,tr_220375516
더플레이어스,2026-09-19,07:30,190000,golfpang,,,18홀,tr_220145136
더플레이어스,2026-09-19,11:55,160000,golfpang,,,18홀,tr_220145141
오너스,2026-09-19,08:21,160000,golfpang,,,18홀,tr_220240531
남춘천,2026-09-19,13:49,160000,golfpang,,,18홀,tr_218655371
더플레이어스,2026-09-19,11:55,160000,golfpang,,,18홀,tr_219993116
오너스,2026-09-19,14:18,140000,golfpang,,,18홀,tr_219558117
오너스,2026-09-19,08:21,155000,golfpang,,,18홀,tr_220288814
더플레이어스,2026-09-19,07:30,190000,golfpang,,,18홀,tr_219993113
강촌(비공개),2026-09-19,06:23,230000,golfpang,,,18홀,tr_220009245
엘레강스(가명),2026-09-19,06:23,230000,golfpang,,,18홀,tr_220235891
남춘천,2026-09-19,12:41,160000,golfpang,,,18홀,tr_220206055
비콘힐스,2026-09-19,08:30,140000,golfpang,,,18홀,tr_220375513
가평프리스틴밸리,2026-09-19,13:17,220000,golfpang,,,18홀,tr_220349844
더플레이어스,2026-09-19,12:44,160000,golfpang,,,18홀,tr_220349766
샤인데일,2026-09-19,08:30,200000,golfpang,,,18홀,tr_220375429
오너스,2026-09-19,08:30,240000,golfpang,,,18홀,tr_220375364
가평프리스틴밸리,2026-09-19,13:17,220000,golfpang,,,18홀,tr_220348685
라데나,2026-09-19,11:10,240000,golfpang,,,18홀,tr_220375237
더플레이어스,2026-09-19,07:16,190000,golfpang,,,18홀,tr_220349748
남양주(퍼9),2026-09-19,12:20,139000,golfpang,,,18홀,tr_219819644
남춘천,2026-09-19,13:17,170000,golfpang,,,18홀,tr_220375217
클럽모우,2026-09-19,12:52,150000,golfpang,,,18홀,tr_220240979
샴발라,2026-09-19,07:30,180000,golfpang,,,18홀,tr_220375182
더플레이어스,2026-09-19,12:34,160000,golfpang,,,18홀,tr_220375181
더플레이어스,2026-09-19,06:34,190000,golfpang,,,18홀,tr_220210000
남양주(퍼9),2026-09-19,16:47,129000,golfpang,,,18홀,tr_220375096
남양주(퍼9),2026-09-19,17:14,119000,golfpang,,,18홀,tr_220375097
남양주(퍼9),2026-09-19,17:20,119000,golfpang,,,18홀,tr_220375095
파주,2026-09-19,17:34,170000,golfpang,,,18홀,tr_220348666
파주,2026-09-19,18:30,170000,golfpang,,,18홀,tr_220336882
파주,2026-09-19,17:13,180000,golfpang,,,18홀,tr_220209440
파주타이거,2026-09-19,17:41,190000,golfpang,,,18홀,tr_220209469
베스트밸리-퍼9,2026-09-19,18:23,130000,golfpang,,,18홀,tr_220344200
라싸,2026-09-19,17:32,149000,golfpang,,,18홀,tr_220209389
파주,2026-09-19,16:24,190000,golfpang,,,18홀,tr_220209439
비콘힐스,2026-09-19,18:40,90000,golfpang,,,18홀,tr_220209404
남양주(퍼9),2026-09-19,16:00,149000,golfpang,,,18홀,tr_219002123
경춘(비공개),2026-09-19,13:22,160000,golfpang,,,18홀,tr_220209922
라싸,2026-09-19,12:39,189000,golfpang,,,18홀,tr_220209388
클럽모우,2026-09-19,13:34,150000,golfpang,,,18홀,tr_220324946
파주,2026-09-19,13:09,230000,golfpang,,,18홀,tr_220324040
포천힐스,2026-09-19,13:20,230000,golfpang,,,18홀,tr_220209327
포천힐스,2026-09-19,14:02,240000,golfpang,,,18홀,tr_220340563
베뉴지,2026-09-19,13:58,169000,golfpang,,,18홀,tr_220204418
남양주(퍼9),2026-09-19,11:14,159000,golfpang,,,18홀,tr_219002122
클럽모우,2026-09-19,13:55,180000,golfpang,,,18홀,tr_220337593
클럽모우,2026-09-19,13:55,150000,golfpang,,,18홀,tr_220324947
푸른솔포천,2026-09-19,13:55,230000,golfpang,,,18홀,tr_220209516
베뉴지,2026-09-19,13:23,179000,golfpang,,,18홀,tr_220204417
남춘천,2026-09-19,08:19,239000,golfpang,,,18홀,tr_220209377
남양주(퍼9),2026-09-19,07:40,169000,golfpang,,,18홀,tr_219002121
라싸,2026-09-19,08:19,269000,golfpang,,,18홀,tr_220342983
푸른솔포천,2026-09-19,07:10,260000,golfpang,,,18홀,tr_220209515
더플레이어스,2026-09-19,07:10,190000,golfpang,,,18홀,tr_220375009
파주,2026-09-19,12:27,230000,golfpang,,,18홀,tr_220348652
포레스트힐,2026-09-19,17:46,140000,golfpang,,,18홀,tr_220375004
라데나,2026-09-19,11:32,240000,golfpang,,,18홀,tr_220328548
라싸,2026-09-19,12:39,179000,golfpang,,,18홀,tr_220348912
베뉴지,2026-09-19,13:16,165000,golfpang,,,18홀,tr_220085169
오너스,2026-09-19,08:35,175000,golfpang,,,18홀,tr_220306715
라싸,2026-09-19,11:50,189000,golfpang,,,18홀,tr_220348911
파주,2026-09-19,12:13,250000,golfpang,,,18홀,tr_220152586
포천힐스,2026-09-19,12:10,230000,golfpang,,,18홀,tr_220070677
더플레이어스,2026-09-19,12:09,160000,golfpang,,,18홀,tr_219767865
스프링베일-퍼9,2026-09-19,12:08,105000,golfpang,,,18홀,tr_220118377
남춘천,2026-09-19,12:06,180000,golfpang,,,18홀,tr_220097528
한림광릉,2026-09-19,06:10,210000,golfpang,,,18홀,tr_220345872
푸른솔포천,2026-09-19,06:07,230000,golfpang,,,18홀,tr_220150968
남춘천,2026-09-19,06:53,210000,golfpang,,,18홀,tr_220097527
스프링베일-퍼9,2026-09-19,06:52,105000,golfpang,,,18홀,tr_220118375
라싸,2026-09-19,06:48,209000,golfpang,,,18홀,tr_220348910
더플레이어스,2026-09-19,12:23,160000,golfpang,,,18홀,tr_219767866
파주,2026-09-19,12:27,250000,golfpang,,,18홀,tr_220152587
푸른솔포천,2026-09-19,13:55,230000,golfpang,,,18홀,tr_220150969
베뉴지,2026-09-19,13:58,160000,golfpang,,,18홀,tr_220085170
가평베네스트,2026-09-19,13:42,250000,golfpang,,,18홀,tr_220349007
클럽모우,2026-09-19,13:34,160000,golfpang,,,18홀,tr_220304417
포천힐스,2026-09-19,13:41,230000,golfpang,,,18홀,tr_220070679
클럽모우,2026-09-19,13:41,160000,golfpang,,,18홀,tr_220304418
포천힐스,2026-09-19,13:20,230000,golfpang,,,18홀,tr_220070678
한림광릉,2026-09-19,17:38,140000,golfpang,,,18홀,tr_220345874
한림광릉,2026-09-19,17:17,150000,golfpang,,,18홀,tr_220345873
비콘힐스,2026-09-19,18:40,90000,golfpang,,,18홀,tr_219900679
비콘힐스,2026-09-19,18:54,90000,golfpang,,,18홀,tr_219900680
필로스,2026-09-19,18:14,140000,golfpang,,,18홀,tr_219682494
베스트밸리-퍼9,2026-09-19,18:16,130000,golfpang,,,18홀,tr_220150324
샤인데일,2026-09-19,18:18,80000,golfpang,,,18홀,tr_220104350
필로스,2026-09-19,18:20,140000,golfpang,,,18홀,tr_219682495
베스트밸리-퍼9,2026-09-19,18:23,130000,golfpang,,,18홀,tr_220150325
필로스,2026-09-19,18:07,140000,golfpang,,,18홀,tr_219682493
스프링베일-퍼9,2026-09-19,07:41,115000,golfpang,,,18홀,tr_220118376
베스트밸리-퍼9,2026-09-19,18:09,130000,golfpang,,,18홀,tr_220150323
샤인데일,2026-09-19,08:12,200000,golfpang,,,18홀,tr_220104349
오너스,2026-09-19,08:00,175000,golfpang,,,18홀,tr_220306714
라싸,2026-09-19,18:14,139000,golfpang,,,18홀,tr_220274609
더플레이어스,2026-09-19,12:44,160000,golfpang,,,18홀,tr_220348648
라싸,2026-09-19,12:39,189000,golfpang,,,18홀,tr_220274582
베뉴지,2026-09-19,13:44,160000,golfpang,,,18홀,tr_220151710
더플레이어스,2026-09-19,07:16,190000,golfpang,,,18홀,tr_220348599
세레니티-강촌,2026-09-19,17:46,140000,golfpang,,,18홀,tr_220349572
더플레이어스,2026-09-19,06:34,190000,golfpang,,,18홀,tr_220346464
라싸,2026-09-19,18:38,139000,golfpang,,,18홀,tr_220349321
라싸,2026-09-19,12:39,179000,golfpang,,,18홀,tr_219717068
라싸,2026-09-19,06:48,209000,golfpang,,,18홀,tr_219717067
필로스,2026-09-19,18:07,140000,golfpang,,,18홀,tr_219691322
몽베르(대중제),2026-09-19,18:17,140000,golfpang,,,18홀,tr_220288012
비콘힐스,2026-09-19,18:40,90000,golfpang,,,18홀,tr_220222446
남양주(퍼9),2026-09-19,16:27,129000,golfpang,,,18홀,tr_220106998
자유로,2026-09-19,14:05,210000,golfpang,,,18홀,tr_219786834
남양주(퍼9),2026-09-19,17:07,119000,golfpang,,,18홀,tr_220106999
라싸,2026-09-19,17:46,149000,golfpang,,,18홀,tr_220349215
세레니티-강촌,2026-09-19,17:39,140000,golfpang,,,18홀,tr_219889111
한림광릉,2026-09-19,17:52,140000,golfpang,,,18홀,tr_220348287
포천힐스,2026-09-19,13:20,230000,golfpang,,,18홀,tr_220086023
클럽모우,2026-09-19,13:41,150000,golfpang,,,18홀,tr_220347330
가평베네스트,2026-09-19,13:42,250000,golfpang,,,18홀,tr_220261084
베뉴지,2026-09-19,13:58,160000,golfpang,,,18홀,tr_220336804
남양주(퍼9),2026-09-19,12:20,139000,golfpang,,,18홀,tr_220106997
라싸,2026-09-19,12:53,179000,golfpang,,,18홀,tr_220349214
자유로,2026-09-19,13:16,220000,golfpang,,,18홀,tr_219786835
베뉴지,2026-09-19,13:16,165000,golfpang,,,18홀,tr_220336803
더플레이어스,2026-09-19,07:16,190000,golfpang,,,18홀,tr_219990340
세레니티-강촌,2026-09-19,08:34,210000,golfpang,,,18홀,tr_219889109
클럽모우,2026-09-19,08:29,210000,golfpang,,,18홀,tr_220347329
오너스,2026-09-19,08:28,175000,golfpang,,,18홀,tr_220291091
스프링베일-퍼9,2026-09-19,08:23,115000,golfpang,,,18홀,tr_220130011
남춘천,2026-09-19,08:50,220000,golfpang,,,18홀,tr_220182253
포천힐스,2026-09-19,12:10,230000,golfpang,,,18홀,tr_220086022
더플레이어스,2026-09-19,12:09,160000,golfpang,,,18홀,tr_219990341
스프링베일-퍼9,2026-09-19,12:08,105000,golfpang,,,18홀,tr_220130012
세레니티-강촌,2026-09-19,12:07,210000,golfpang,,,18홀,tr_219889110
남춘천,2026-09-19,06:25,180000,golfpang,,,18홀,tr_220182252
푸른솔포천,2026-09-19,06:07,230000,golfpang,,,18홀,tr_220274146
푸른솔포천,2026-09-19,07:10,260000,golfpang,,,18홀,tr_220274147
스프링베일-퍼9,2026-09-19,06:52,105000,golfpang,,,18홀,tr_220130010
라싸,2026-09-19,06:48,189000,golfpang,,,18홀,tr_220349213
샤인데일,2026-09-19,08:12,200000,golfpang,,,18홀,tr_220291378
베뉴지,2026-09-19,13:51,160000,golfpang,,,18홀,tr_220349568
베뉴지,2026-09-19,13:30,160000,golfpang,,,18홀,tr_220349518
더플레이어스,2026-09-19,12:23,160000,golfpang,,,18홀,tr_220326579
서원힐스,2026-09-19,05:50,230000,golfpang,,,18홀,tr_220370914
오너스,2026-09-19,08:28,160000,golfpang,,,18홀,tr_220370853
남춘천,2026-09-19,13:35,170000,golfpang,,,18홀,tr_220328529
베뉴지,2026-09-19,13:30,160000,golfpang,,,18홀,tr_220151688
한림광릉,2026-09-19,17:52,140000,golfpang,,,18홀,tr_220370561
더플레이어스,2026-09-19,12:01,160000,golfpang,,,18홀,tr_219338439
한림광릉,2026-09-19,18:20,140000,golfpang,,,18홀,tr_220370563
한림광릉,2026-09-19,17:59,140000,golfpang,,,18홀,tr_220370562
힐마루 포천,2026-09-19,18:20,160000,golfpang,,,18홀,tr_220207633
오너스,2026-09-19,14:25,140000,golfpang,,,18홀,tr_220207641
오너스,2026-09-19,08:21,160000,golfpang,,,18홀,tr_220207638
가평베네스트,2026-09-19,13:42,250000,golfpang,,,18홀,tr_220366689
가평베네스트,2026-09-19,13:42,250000,golfpang,,,18홀,tr_220366690
올림픽,2026-09-19,17:28,140000,golfpang,,,18홀,tr_220366676
라싸,2026-09-19,13:14,179000,golfpang,,,18홀,tr_220349354
라싸,2026-09-19,12:39,179000,golfpang,,,18홀,tr_220366634
라싸,2026-09-19,08:19,239000,golfpang,,,18홀,tr_220366633
라싸,2026-09-19,06:48,209000,golfpang,,,18홀,tr_220366632
라싸,2026-09-19,08:26,239000,golfpang,,,18홀,tr_220349348
파주,2026-09-19,18:37,170000,golfpang,,,18홀,tr_220339625
라싸,2026-09-19,12:39,219000,golfpang,,,18홀,tr_220340192
클럽모우,2026-09-19,14:09,180000,golfpang,,,18홀,tr_220337594
필로스,2026-09-19,18:07,140000,golfpang,,,18홀,tr_219737166
필로스,2026-09-19,18:07,140000,golfpang,,,18홀,tr_219737131
스프링베일-퍼9,2026-09-19,12:01,105000,golfpang,,,18홀,tr_220366577
한림광릉,2026-09-19,17:31,150000,golfpang,,,18홀,tr_219784861
베스트밸리-퍼9,2026-09-19,12:14,170000,golfpang,,,18홀,tr_219569969
한림광릉,2026-09-19,11:52,210000,golfpang,,,18홀,tr_220035180
베스트밸리-퍼9,2026-09-19,06:26,180000,golfpang,,,18홀,tr_219569970
한림광릉,2026-09-19,18:48,140000,golfpang,,,18홀,tr_220366337
한림광릉,2026-09-19,18:06,140000,golfpang,,,18홀,tr_220366336
한림광릉,2026-09-19,17:52,140000,golfpang,,,18홀,tr_220366335
더플레이어스,2026-09-19,13:26,160000,golfpang,,,18홀,tr_219320694
더플레이어스,2026-09-19,12:09,160000,golfpang,,,18홀,tr_219470634
몽베르(대중제),2026-09-19,18:17,140000,golfpang,,,18홀,tr_220032156
스프링베일-퍼9,2026-09-19,12:15,100000,golfpang,,,18홀,tr_220221489
남양주(퍼9),2026-09-19,15:53,129000,golfpang,,,18홀,tr_218132594
한림광릉,2026-09-19,17:52,140000,golfpang,,,18홀,tr_220362262
한림광릉,2026-09-19,17:59,140000,golfpang,,,18홀,tr_220362263
한림광릉,2026-09-19,18:06,140000,golfpang,,,18홀,tr_220362264
한림광릉,2026-09-19,18:13,150000,golfpang,,,18홀,tr_220362226
한림광릉,2026-09-19,17:52,150000,golfpang,,,18홀,tr_220362225
한림광릉,2026-09-19,18:34,150000,golfpang,,,18홀,tr_220362227
비콘힐스,2026-09-19,18:26,90000,golfpang,,,18홀,tr_220362193
비콘힐스,2026-09-19,19:08,90000,golfpang,,,18홀,tr_220362194
더플레이어스,2026-09-19,12:20,160000,golfpang,,,18홀,tr_220057877
클럽모우,2026-09-19,12:45,160000,golfpang,,,18홀,tr_220057904
한림광릉,2026-09-19,17:51,140000,golfpang,,,18홀,tr_220362159
한림광릉,2026-09-19,17:51,140000,golfpang,,,18홀,tr_220362115
베뉴지,2026-09-19,13:51,160000,golfpang,,,18홀,tr_220348122
스프링베일-퍼9,2026-09-19,12:45,100000,golfpang,,,18홀,tr_218853148
더플레이어스,2026-09-19,12:44,160000,golfpang,,,18홀,tr_220241754
가평프리스틴밸리,2026-09-19,13:17,240000,golfpang,,,18홀,tr_220242051
베뉴지,2026-09-19,13:30,160000,golfpang,,,18홀,tr_220242269
베뉴지,2026-09-19,13:51,160000,golfpang,,,18홀,tr_220242331
라싸,2026-09-19,12:32,189000,golfpang,,,18홀,tr_220241694
필로스,2026-09-19,18:00,140000,golfpang,,,18홀,tr_220242567
세레니티-강촌,2026-09-19,12:49,210000,golfpang,,,18홀,tr_220241841
라싸,2026-09-19,06:41,209000,golfpang,,,18홀,tr_220241134
더플레이어스,2026-09-19,07:16,190000,golfpang,,,18홀,tr_220241272
세레니티-강촌,2026-09-19,17:46,140000,golfpang,,,18홀,tr_220242483
베뉴지,2026-09-19,13:30,160000,golfpang,,,18홀,tr_220348052
한림광릉,2026-09-19,18:31,140000,golfpang,,,18홀,tr_220361953
한림광릉,2026-09-19,18:06,140000,golfpang,,,18홀,tr_220361952
한림광릉,2026-09-19,17:52,140000,golfpang,,,18홀,tr_220361951
남양주(퍼9),2026-09-19,08:00,169000,golfpang,,,18홀,tr_220361913
남양주(퍼9),2026-09-19,17:00,119000,golfpang,,,18홀,tr_220361910
스프링베일-퍼9,2026-09-19,12:29,100000,golfpang,,,18홀,tr_220361907
클럽모우,2026-09-19,14:02,150000,golfpang,,,18홀,tr_220324924
포천힐스,2026-09-19,13:55,230000,golfpang,,,18홀,tr_220056897
한림광릉,2026-09-19,17:24,150000,golfpang,,,18홀,tr_220328455
파주,2026-09-19,17:06,180000,golfpang,,,18홀,tr_220085765
파주,2026-09-19,16:24,190000,golfpang,,,18홀,tr_220085764
한림광릉,2026-09-19,17:31,150000,golfpang,,,18홀,tr_220328456
클럽모우,2026-09-19,13:34,150000,golfpang,,,18홀,tr_220324923
포천힐스,2026-09-19,13:20,230000,golfpang,,,18홀,tr_220056896
파주,2026-09-19,18:02,170000,golfpang,,,18홀,tr_220085766
필로스,2026-09-19,18:27,140000,golfpang,,,18홀,tr_220100013
필로스,2026-09-19,18:13,140000,golfpang,,,18홀,tr_220100012
포천힐스,2026-09-19,12:01,230000,golfpang,,,18홀,tr_220056895
스프링베일-퍼9,2026-09-19,12:01,115000,golfpang,,,18홀,tr_219748143
스프링베일-퍼9,2026-09-19,08:23,125000,golfpang,,,18홀,tr_219748142
베뉴지,2026-09-19,13:23,165000,golfpang,,,18홀,tr_220058083
스프링베일-퍼9,2026-09-19,06:59,115000,golfpang,,,18홀,tr_219748141
베스트밸리-퍼9,2026-09-19,18:09,130000,golfpang,,,18홀,tr_220085460
비콘힐스,2026-09-19,18:33,90000,golfpang,,,18홀,tr_220002903
더플레이어스,2026-09-19,06:55,190000,golfpang,,,18홀,tr_220100035
남양주(퍼9),2026-09-19,12:34,139000,golfpang,,,18홀,tr_220107071
가평베네스트,2026-09-19,13:42,250000,golfpang,,,18홀,tr_220349037
라싸,2026-09-19,12:53,179000,golfpang,,,18홀,tr_220349769
남양주(퍼9),2026-09-19,17:40,119000,golfpang,,,18홀,tr_220212020
남양주(퍼9),2026-09-19,17:07,119000,golfpang,,,18홀,tr_220107173
라싸,2026-09-19,12:39,179000,golfpang,,,18홀,tr_220349768
남춘천,2026-09-19,06:25,180000,golfpang,,,18홀,tr_220100061
라싸,2026-09-19,11:50,189000,golfpang,,,18홀,tr_220349767
포레스트힐,2026-09-19,17:47,140000,golfpang,,,18홀,tr_220203752
한림광릉,2026-09-19,17:52,140000,golfpang,,,18홀,tr_220361674
한림광릉,2026-09-19,18:06,140000,golfpang,,,18홀,tr_220361676
한림광릉,2026-09-19,17:59,140000,golfpang,,,18홀,tr_220361675
라싸,2026-09-19,06:48,209000,golfpang,,,18홀,tr_220306407
경춘(비공개),2026-09-19,13:22,160000,golfpang,,,18홀,tr_220347824
베뉴지,2026-09-19,13:30,160000,golfpang,,,18홀,tr_220289994
더플레이어스,2026-09-19,12:44,160000,golfpang,,,18홀,tr_220289321
더플레이어스,2026-09-19,07:16,190000,golfpang,,,18홀,tr_220288547
라싸,2026-09-19,06:41,209000,golfpang,,,18홀,tr_220288418
파주,2026-09-19,12:27,230000,golfpang,,,18홀,tr_220289225
파주,2026-09-19,17:34,170000,golfpang,,,18홀,tr_220290661
가평프리스틴밸리,2026-09-19,13:17,220000,golfpang,,,18홀,tr_220289773
라싸,2026-09-19,13:14,179000,golfpang,,,18홀,tr_220289624
라싸,2026-09-19,06:48,209000,golfpang,,,18홀,tr_220336238
라싸,2026-09-19,12:32,189000,golfpang,,,18홀,tr_220347822
라싸,2026-09-19,12:41,189000,golfpang,,,18홀,tr_220349927
클럽모우,2026-09-19,13:41,150000,golfpang,,,18홀,tr_220349818
클럽모우,2026-09-19,14:16,150000,golfpang,,,18홀,tr_220349819
라싸,2026-09-19,12:31,189000,golfpang,,,18홀,tr_220349781
라싸,2026-09-19,06:48,209000,golfpang,,,18홀,tr_220347806
베뉴지,2026-09-19,12:20,179000,golfpang,,,18홀,tr_220349747
더플레이어스,2026-09-19,12:34,160000,golfpang,,,18홀,tr_220240933
남춘천,2026-09-19,12:41,160000,golfpang,,,18홀,tr_220349692
베뉴지,2026-09-19,13:30,160000,golfpang,,,18홀,tr_220210891
몽베르(대중제),2026-09-19,18:38,140000,golfpang,,,18홀,tr_220349670
몽베르(대중제),2026-09-19,18:17,140000,golfpang,,,18홀,tr_220349669
라싸,2026-09-19,11:57,189000,golfpang,,,18홀,tr_220305299
라싸,2026-09-19,12:18,199000,golfpang,,,18홀,tr_220214886
더플레이어스,2026-09-19,07:16,190000,golfpang,,,18홀,tr_220150255
가평베네스트,2026-09-19,13:42,250000,golfpang,,,18홀,tr_220349637
오너스,2026-09-19,08:28,175000,golfpang,,,18홀,tr_219903943
오너스,2026-09-19,13:57,145000,golfpang,,,18홀,tr_219831363
라싸,2026-09-19,11:57,189000,golfpang,,,18홀,tr_220003191
가평베네스트,2026-09-19,13:42,250000,golfpang,,,18홀,tr_220349499
라싸,2026-09-19,17:46,149000,golfpang,,,18홀,tr_220349484
라싸,2026-09-19,18:28,139000,golfpang,,,18홀,tr_220349485
라싸,2026-09-19,12:53,179000,golfpang,,,18홀,tr_220349483
힐마루 포천,2026-09-19,17:38,160000,golfpang,,,18홀,tr_218747441
남춘천,2026-09-19,13:49,160000,golfpang,,,18홀,tr_220181414
비콘힐스,2026-09-19,18:20,90000,golfpang,,,18홀,tr_220207608
스프링베일-퍼9,2026-09-19,17:29,90000,golfpang,,,18홀,tr_220291523
남춘천,2026-09-19,06:55,180000,golfpang,,,18홀,tr_220315315
오너스,2026-09-19,07:18,160000,golfpang,,,18홀,tr_220199243
스프링베일-퍼9,2026-09-19,07:20,115000,golfpang,,,18홀,tr_219599266
스프링베일-퍼9,2026-09-19,12:43,100000,golfpang,,,18홀,tr_219599310
푸른솔포천,2026-09-19,12:45,250000,golfpang,,,18홀,tr_220349324
푸른솔포천,2026-09-19,07:10,250000,golfpang,,,18홀,tr_220349323
더플레이어스,2026-09-19,12:03,160000,golfpang,,,18홀,tr_220004481
라싸,2026-09-19,11:57,189000,golfpang,,,18홀,tr_220349209
가평베네스트,2026-09-19,13:42,250000,golfpang,,,18홀,tr_220182634
라싸,2026-09-19,18:28,139000,golfpang,,,18홀,tr_220240327
라싸,2026-09-19,12:53,179000,golfpang,,,18홀,tr_220240326
라싸,2026-09-19,11:57,189000,golfpang,,,18홀,tr_220349190
더플레이어스,2026-09-19,12:30,160000,golfpang,,,18홀,tr_220023096
라싸,2026-09-19,12:32,189000,golfpang,,,18홀,tr_220259250
라싸,2026-09-19,11:50,189000,golfpang,,,18홀,tr_220240325
경춘(비공개),2026-09-19,13:22,160000,golfpang,,,18홀,tr_220336287
라싸,2026-09-19,13:14,179000,golfpang,,,18홀,tr_220336273
라싸,2026-09-19,12:53,179000,golfpang,,,18홀,tr_220304512
서원힐스,2026-09-19,05:32,240000,golfpang,,,18홀,tr_220326836
스프링베일-퍼9,2026-09-19,07:34,115000,golfpang,,,18홀,tr_220306989
푸른솔포천,2026-09-19,07:10,250000,golfpang,,,18홀,tr_220348974
남춘천,2026-09-19,07:07,220000,golfpang,,,18홀,tr_220274255
남춘천,2026-09-19,08:50,220000,golfpang,,,18홀,tr_220274256
라싸,2026-09-19,11:50,189000,golfpang,,,18홀,tr_220348670
라싸,2026-09-19,12:39,179000,golfpang,,,18홀,tr_220348671
더플레이어스,2026-09-19,12:51,170000,golfpang,,,18홀,tr_219307173
푸른솔포천,2026-09-19,12:45,250000,golfpang,,,18홀,tr_220348975
더플레이어스,2026-09-19,12:44,170000,golfpang,,,18홀,tr_219307172
서원힐스,2026-09-19,05:32,240000,golfpang,,,18홀,tr_220326837
서원힐스,2026-09-19,05:32,240000,golfpang,,,18홀,tr_220326838
몽베르(대중제),2026-09-19,18:24,140000,golfpang,,,18홀,tr_220289362
라싸,2026-09-19,18:56,139000,golfpang,,,18홀,tr_220337219
스프링베일-퍼9,2026-09-19,06:52,105000,golfpang,,,18홀,tr_220306987
필로스,2026-09-19,18:27,140000,golfpang,,,18홀,tr_219692798
몽베르(대중제),2026-09-19,18:31,140000,golfpang,,,18홀,tr_220289363
라싸,2026-09-19,12:53,179000,golfpang,,,18홀,tr_220348672
클럽모우,2026-09-19,13:34,150000,golfpang,,,18홀,tr_220325392
스프링베일-퍼9,2026-09-19,13:32,105000,golfpang,,,18홀,tr_220306988
클럽모우,2026-09-19,13:41,180000,golfpang,,,18홀,tr_220340303
스프링베일-퍼9,2026-09-19,14:00,-1,golfpang,,,18홀,tr_220338962
포천힐스,2026-09-19,13:55,240000,golfpang,,,18홀,tr_220340560
클럽모우,2026-09-19,13:55,150000,golfpang,,,18홀,tr_220325393
파주,2026-09-19,17:20,170000,golfpang,,,18홀,tr_220339624
비콘힐스,2026-09-19,17:02,90000,golfpang,,,18홀,tr_219855975
한림광릉,2026-09-19,18:06,140000,golfpang,,,18홀,tr_220346506
비콘힐스,2026-09-19,18:05,90000,golfpang,,,18홀,tr_219855976
필로스,2026-09-19,18:00,140000,golfpang,,,18홀,tr_219692799
한림광릉,2026-09-19,17:52,140000,golfpang,,,18홀,tr_220346505
필로스,2026-09-19,18:20,140000,golfpang,,,18홀,tr_219692797
한림광릉,2026-09-19,18:20,140000,golfpang,,,18홀,tr_220346507
몽베르(대중제),2026-09-19,18:17,140000,golfpang,,,18홀,tr_220289361
파주타이거,2026-09-19,18:17,190000,golfpang,,,18홀,tr_220338988
포천힐스,2026-09-19,12:10,230000,golfpang,,,18홀,tr_220205546
베뉴지,2026-09-19,13:20,165000,golfpang,,,18홀,tr_220205540
베뉴지,2026-09-19,12:50,179000,golfpang,,,18홀,tr_219772270
라싸,2026-09-19,12:40,189000,golfpang,,,18홀,tr_220205534
라싸,2026-09-19,06:48,209000,golfpang,,,18홀,tr_220328718
푸른솔포천,2026-09-19,06:07,230000,golfpang,,,18홀,tr_220148963
파주,2026-09-19,05:49,240000,golfpang,,,18홀,tr_220145596
서원힐스,2026-09-19,05:39,250000,golfpang,,,18홀,tr_220036924
서원힐스,2026-09-19,05:39,250000,golfpang,,,18홀,tr_220036923
서원힐스,2026-09-19,05:32,250000,golfpang,,,18홀,tr_220036922
샤인데일,2026-09-19,08:12,200000,golfpang,,,18홀,tr_220138978
더플레이어스,2026-09-19,07:16,190000,golfpang,,,18홀,tr_220129704
스프링베일-퍼9,2026-09-19,06:59,105000,golfpang,,,18홀,tr_220142443
남춘천,2026-09-19,06:53,210000,golfpang,,,18홀,tr_220129656
남양주(퍼9),2026-09-19,11:34,139000,golfpang,,,18홀,tr_220129555
클럽모우,2026-09-19,08:50,210000,golfpang,,,18홀,tr_220145452
세레니티-강촌,2026-09-19,08:34,210000,golfpang,,,18홀,tr_220139370
오너스,2026-09-19,08:28,175000,golfpang,,,18홀,tr_220306852
오너스,2026-09-19,08:28,175000,golfpang,,,18홀,tr_220306851
포천힐스,2026-09-19,12:10,230000,golfpang,,,18홀,tr_220148775
스프링베일-퍼9,2026-09-19,12:01,105000,golfpang,,,18홀,tr_220142444
가평(비공개),2026-09-19,11:53,260000,golfpang,,,18홀,tr_219094386
라싸,2026-09-19,12:39,189000,golfpang,,,18홀,tr_220328719
클럽모우,2026-09-19,12:31,180000,golfpang,,,18홀,tr_220145453
파주,2026-09-19,12:12,250000,golfpang,,,18홀,tr_220145597
몽베르,2026-09-19,12:52,290000,golfpang,,,18홀,tr_219691656
비발디파크E,2026-09-19,12:50,224000,golfpang,,,18홀,tr_220130535
비발디파크W,2026-09-19,12:45,208000,golfpang,,,18홀,tr_220130704
세레니티-강촌,2026-09-19,13:10,210000,golfpang,,,18홀,tr_220139371
더플레이어스,2026-09-19,13:05,160000,golfpang,,,18홀,tr_220129705
몽베르,2026-09-19,13:40,260000,golfpang,,,18홀,tr_219691657
가평(비공개),2026-09-19,13:31,230000,golfpang,,,18홀,tr_219094387
자유로,2026-09-19,13:30,220000,golfpang,,,18홀,tr_220261672
포천힐스,2026-09-19,13:20,230000,golfpang,,,18홀,tr_220148776
비발디파크W,2026-09-19,13:20,208000,golfpang,,,18홀,tr_220130705
남춘천,2026-09-19,13:49,170000,golfpang,,,18홀,tr_220129657
몽베르,2026-09-19,13:48,260000,golfpang,,,18홀,tr_219691658
비발디파크E,2026-09-19,13:46,208000,golfpang,,,18홀,tr_220130536
포천힐스,2026-09-19,13:41,230000,golfpang,,,18홀,tr_220148777
자유로,2026-09-19,14:05,210000,golfpang,,,18홀,tr_220261673
푸른솔포천,2026-09-19,13:55,230000,golfpang,,,18홀,tr_220148964
스프링베일-퍼9,2026-09-19,17:22,90000,golfpang,,,18홀,tr_220142445
몽베르(대중제),2026-09-19,17:21,160000,golfpang,,,18홀,tr_219718149
남양주(퍼9),2026-09-19,17:07,119000,golfpang,,,18홀,tr_220129557
남양주(퍼9),2026-09-19,16:34,129000,golfpang,,,18홀,tr_220129556
파주타이거,2026-09-19,17:47,190000,golfpang,,,18홀,tr_220148344
파주타이거,2026-09-19,17:41,190000,golfpang,,,18홀,tr_220148343
세레니티-강촌,2026-09-19,17:39,140000,golfpang,,,18홀,tr_220139372
몽베르(대중제),2026-09-19,18:03,150000,golfpang,,,18홀,tr_219718150
라싸,2026-09-19,18:00,139000,golfpang,,,18홀,tr_220328720
필로스,2026-09-19,18:20,140000,golfpang,,,18홀,tr_220149115
파주,2026-09-19,18:16,170000,golfpang,,,18홀,tr_220145598
베스트밸리-퍼9,2026-09-19,18:16,130000,golfpang,,,18홀,tr_220130397
샤인데일,2026-09-19,18:12,200000,golfpang,,,18홀,tr_220138979
파주타이거,2026-09-19,18:11,190000,golfpang,,,18홀,tr_220148345
몽베르(대중제),2026-09-19,18:10,150000,golfpang,,,18홀,tr_219718151
베스트밸리-퍼9,2026-09-19,18:09,130000,golfpang,,,18홀,tr_220130396
비콘힐스,2026-09-19,18:40,90000,golfpang,,,18홀,tr_220138601
필로스,2026-09-19,18:27,140000,golfpang,,,18홀,tr_220149117
필로스,2026-09-19,18:27,140000,golfpang,,,18홀,tr_220149116
비콘힐스,2026-09-19,18:26,90000,golfpang,,,18홀,tr_220138600
비콘힐스,2026-09-19,18:26,90000,golfpang,,,18홀,tr_220138599
베스트밸리-퍼9,2026-09-19,18:23,130000,golfpang,,,18홀,tr_220130398
비발디파크E,2026-09-19,19:02,133000,golfpang,,,18홀,tr_220130537
베뉴지,2026-09-19,13:58,160000,golfpang,,,18홀,tr_220070279
경춘(비공개),2026-09-19,13:22,160000,golfpang,,,18홀,tr_220259184
라싸,2026-09-19,18:28,139000,golfpang,,,18홀,tr_220348951
라싸,2026-09-19,12:39,179000,golfpang,,,18홀,tr_220348950
라싸,2026-09-19,11:50,189000,golfpang,,,18홀,tr_220348949
베뉴지,2026-09-19,13:30,160000,golfpang,,,18홀,tr_220259675
남양주(퍼9),2026-09-19,08:07,169000,golfpang,,,18홀,tr_218132537
가평베네스트,2026-09-19,13:42,250000,golfpang,,,18홀,tr_220348896
가평베네스트,2026-09-19,13:42,250000,golfpang,,,18홀,tr_220348897
힐마루 포천,2026-09-19,18:13,160000,golfpang,,,18홀,tr_220205950
라싸,2026-09-19,12:32,179000,golfpang,,,18홀,tr_220348871
세레니티-강촌,2026-09-19,06:42,220000,golfpang,,,18홀,tr_220348791
세레니티-강촌,2026-09-19,12:07,220000,golfpang,,,18홀,tr_220348792
세레니티-강촌,2026-09-19,13:10,220000,golfpang,,,18홀,tr_220348793
가평프리스틴밸리,2026-09-19,11:53,240000,golfpang,,,18홀,tr_220348720
베뉴지,2026-09-19,13:16,165000,golfpang,,,18홀,tr_220348704
베뉴지,2026-09-19,13:51,160000,golfpang,,,18홀,tr_220348705
힐마루 포천,2026-09-19,18:20,160000,golfpang,,,18홀,tr_220304510
더플레이어스,2026-09-19,07:30,190000,golfpang,,,18홀,tr_220029773
오너스,2026-09-19,08:21,160000,golfpang,,,18홀,tr_220030704
더플레이어스,2026-09-19,11:55,160000,golfpang,,,18홀,tr_220032196
필로스,2026-09-19,18:07,140000,golfpang,,,18홀,tr_220318478
라싸,2026-09-19,06:41,209000,golfpang,,,18홀,tr_219980686
베뉴지,2026-09-19,13:30,160000,golfpang,,,18홀,tr_220075313
라싸,2026-09-19,13:14,179000,golfpang,,,18홀,tr_220075266
가평프리스틴밸리,2026-09-19,13:17,220000,golfpang,,,18홀,tr_219841188
더플레이어스,2026-09-19,12:44,160000,golfpang,,,18홀,tr_219841216
라싸,2026-09-19,11:50,189000,golfpang,,,18홀,tr_220345292
가평프리스틴밸리,2026-09-19,11:53,240000,golfpang,,,18홀,tr_220348686
푸른솔포천,2026-09-19,06:07,230000,golfpang,,,18홀,tr_219620757
파주,2026-09-19,13:02,230000,golfpang,,,18홀,tr_219770947
남양주(퍼9),2026-09-19,17:07,119000,golfpang,,,18홀,tr_219428671
한림광릉,2026-09-19,17:38,140000,golfpang,,,18홀,tr_220348667
라싸,2026-09-19,12:39,179000,golfpang,,,18홀,tr_220345293
베뉴지,2026-09-19,12:49,179000,golfpang,,,18홀,tr_220222104
라싸,2026-09-19,12:53,179000,golfpang,,,18홀,tr_220348509
라싸,2026-09-19,11:50,189000,golfpang,,,18홀,tr_220348508
라싸,2026-09-19,12:39,179000,golfpang,,,18홀,tr_220348510
라싸,2026-09-19,12:39,179000,golfpang,,,18홀,tr_220303999
가평프리스틴밸리,2026-09-19,13:17,220000,golfpang,,,18홀,tr_220259712
라싸,2026-09-19,18:14,139000,golfpang,,,18홀,tr_220348455
라싸,2026-09-19,11:50,189000,golfpang,,,18홀,tr_220348453
라싸,2026-09-19,12:39,179000,golfpang,,,18홀,tr_220348454
남춘천,2026-09-19,13:42,170000,golfpang,,,18홀,tr_220179858
스프링베일-퍼9,2026-09-19,12:02,105000,golfpang,,,18홀,tr_220219454
라싸,2026-09-19,12:39,179000,golfpang,,,18홀,tr_220348443
라싸,2026-09-19,11:50,189000,golfpang,,,18홀,tr_220348442
라싸,2026-09-19,12:39,179000,golfpang,,,18홀,tr_220348444
한림광릉,2026-09-19,17:52,140000,golfpang,,,18홀,tr_220348369
몽베르(대중제),2026-09-19,18:24,140000,golfpang,,,18홀,tr_220348230
오너스,2026-09-19,13:43,140000,golfpang,,,18홀,tr_220203548
클럽모우,2026-09-19,13:34,150000,golfpang,,,18홀,tr_220347149
세레니티-강촌,2026-09-19,17:46,140000,golfpang,,,18홀,tr_220346208
파주,2026-09-19,16:52,180000,golfpang,,,18홀,tr_220346561
파주,2026-09-19,12:27,230000,golfpang,,,18홀,tr_220346545
포레스트힐,2026-09-19,17:50,140000,golfpang,,,18홀,tr_218624865
코브스윙,2026-09-19,13:52,180000,golfpang,,,18홀,tr_217147018
코브스윙,2026-09-19,12:42,200000,golfpang,,,18홀,tr_217147014
한림광릉,2026-09-19,17:38,130000,golfpang,,,18홀,tr_220346167
포레스트힐,2026-09-19,18:10,140000,golfpang,,,18홀,tr_220347925
포레스트힐,2026-09-19,18:31,140000,golfpang,,,18홀,tr_220347926
파주,2026-09-19,13:09,240000,golfpang,,,18홀,tr_220347875
파주,2026-09-19,13:09,240000,golfpang,,,18홀,tr_220347873
파주,2026-09-19,16:45,180000,golfpang,,,18홀,tr_220347874
오너스,2026-09-19,14:25,140000,golfpang,,,18홀,tr_219560256
더플레이어스,2026-09-19,12:30,160000,golfpang,,,18홀,tr_220012098
한림광릉,2026-09-19,17:20,160000,golfpang,,,18홀,tr_219785642
몽베르(대중제),2026-09-19,18:24,140000,golfpang,,,18홀,tr_220347569
몽베르(대중제),2026-09-19,18:24,140000,golfpang,,,18홀,tr_220347568
몽베르(대중제),2026-09-19,18:17,140000,golfpang,,,18홀,tr_220347567
오너스,2026-09-19,07:25,160000,golfpang,,,18홀,tr_220203516
라싸,2026-09-19,07:33,219000,golfpang,,,18홀,tr_220075214
오너스,2026-09-19,13:57,145000,golfpang,,,18홀,tr_219957381
라싸,2026-09-19,13:00,179000,golfpang,,,18홀,tr_220075274
더플레이어스,2026-09-19,12:44,160000,golfpang,,,18홀,tr_220204796
오너스,2026-09-19,08:28,175000,golfpang,,,18홀,tr_220070061
베뉴지,2026-09-19,13:30,160000,golfpang,,,18홀,tr_220075773
한림광릉,2026-09-19,17:38,150000,golfpang,,,18홀,tr_220220297
썬힐,2026-09-19,13:33,190000,golfpang,,,18홀,tr_220219939
더플레이어스,2026-09-19,12:51,160000,golfpang,,,18홀,tr_219598624
힐마루 포천,2026-09-19,18:13,160000,golfpang,,,18홀,tr_220220184
포레스트힐,2026-09-19,18:10,140000,golfpang,,,18홀,tr_219002146
클럽모우,2026-09-19,12:59,180000,golfpang,,,18홀,tr_220142534
더플레이어스,2026-09-19,12:44,160000,golfpang,,,18홀,tr_220011168
필로스,2026-09-19,18:07,140000,golfpang,,,18홀,tr_220347259
한림광릉,2026-09-19,17:10,150000,golfpang,,,18홀,tr_219642738
강촌(비공개),2026-09-19,06:30,230000,golfpang,,,18홀,tr_219339887
남춘천,2026-09-19,06:50,180000,golfpang,,,18홀,tr_219990957
강촌(비공개),2026-09-19,13:30,220000,golfpang,,,18홀,tr_219339959
남춘천,2026-09-19,12:00,190000,golfpang,,,18홀,tr_219990965
한림광릉,2026-09-19,17:52,140000,golfpang,,,18홀,tr_219923540
세레니티-강촌,2026-09-19,17:46,140000,golfpang,,,18홀,tr_220347023
오너스,2026-09-19,14:25,140000,golfpang,,,18홀,tr_220325668
힐마루 포천,2026-09-19,18:20,160000,golfpang,,,18홀,tr_220260286
스프링베일-퍼9,2026-09-19,11:40,100000,golfpang,,,18홀,tr_218564367
베뉴지,2026-09-19,12:49,179000,golfpang,,,18홀,tr_220346985
남양주(퍼9),2026-09-19,17:00,129000,golfpang,,,18홀,tr_220346971
남양주(퍼9),2026-09-19,16:27,129000,golfpang,,,18홀,tr_220346972
남양주(퍼9),2026-09-19,18:00,129000,golfpang,,,18홀,tr_220346970
한림광릉,2026-09-19,17:52,140000,golfpang,,,18홀,tr_220346931
한림광릉,2026-09-19,18:13,140000,golfpang,,,18홀,tr_220346932
한림광릉,2026-09-19,18:34,140000,golfpang,,,18홀,tr_220346933
라데나,2026-09-19,11:25,240000,golfpang,,,18홀,tr_219614017
오너스,2026-09-19,08:28,175000,golfpang,,,18홀,tr_220306310
몽베르,2026-09-19,13:40,260000,golfpang,,,18홀,tr_220346807
몽베르,2026-09-19,13:48,260000,golfpang,,,18홀,tr_220346808
푸른솔포천,2026-09-19,12:45,250000,golfpang,,,18홀,tr_220346626
푸른솔포천,2026-09-19,07:10,250000,golfpang,,,18홀,tr_220346625
파주,2026-09-19,17:34,170000,golfpang,,,18홀,tr_220346594
스프링베일-퍼9,2026-09-19,11:47,105000,golfpang,,,18홀,tr_220121134
비발디파크W,2026-09-19,12:31,208000,golfpang,,,18홀,tr_219716658
포천힐스,2026-09-19,12:24,230000,golfpang,,,18홀,tr_220086811
비발디파크E,2026-09-19,13:06,208000,golfpang,,,18홀,tr_219716175
몽베르(대중제),2026-09-19,18:03,140000,golfpang,,,18홀,tr_220290080
포천힐스,2026-09-19,13:06,230000,golfpang,,,18홀,tr_220086810
포천힐스,2026-09-19,11:56,230000,golfpang,,,18홀,tr_220086809
클럽모우,2026-09-19,12:45,180000,golfpang,,,18홀,tr_220346475
클럽모우,2026-09-19,13:41,150000,golfpang,,,18홀,tr_220346476
한림광릉,2026-09-19,17:10,150000,golfpang,,,18홀,tr_220289324
한림광릉,2026-09-19,18:06,150000,golfpang,,,18홀,tr_220289325
남양주(퍼9),2026-09-19,17:27,119000,golfpang,,,18홀,tr_220179931
베뉴지,2026-09-19,13:09,165000,golfpang,,,18홀,tr_220179851
남양주(퍼9),2026-09-19,16:27,129000,golfpang,,,18홀,tr_220179954
클럽모우,2026-09-19,13:48,150000,golfpang,,,18홀,tr_219158414
힐마루 포천,2026-09-19,18:06,160000,golfpang,,,18홀,tr_220057118
세레니티-강촌,2026-09-19,18:00,140000,golfpang,,,18홀,tr_219968068
베뉴지,2026-09-19,12:49,179000,golfpang,,,18홀,tr_220305425
비콘힐스,2026-09-19,18:25,90000,golfpang,,,18홀,tr_218566020
라싸,2026-09-19,08:26,239000,golfpang,,,18홀,tr_220346216
라싸,2026-09-19,06:48,209000,golfpang,,,18홀,tr_220094614
남춘천,2026-09-19,06:25,180000,golfpang,,,18홀,tr_220207803
푸른솔포천,2026-09-19,06:07,230000,golfpang,,,18홀,tr_220230505
샤인데일,2026-09-19,08:12,200000,golfpang,,,18홀,tr_220190912
세레니티-강촌,2026-09-19,07:17,210000,golfpang,,,18홀,tr_219791380
더플레이어스,2026-09-19,07:16,190000,golfpang,,,18홀,tr_219994103
남춘천,2026-09-19,08:50,220000,golfpang,,,18홀,tr_220207804
비콘힐스,2026-09-19,18:26,90000,golfpang,,,18홀,tr_219969257
몽베르(대중제),2026-09-19,18:24,140000,golfpang,,,18홀,tr_219999703
스프링베일-퍼9,2026-09-19,06:52,105000,golfpang,,,18홀,tr_220209223
포천힐스,2026-09-19,12:10,230000,golfpang,,,18홀,tr_220150927
스프링베일-퍼9,2026-09-19,12:08,105000,golfpang,,,18홀,tr_220209224
세레니티-강촌,2026-09-19,12:07,210000,golfpang,,,18홀,tr_219791381
포천힐스,2026-09-19,11:49,230000,golfpang,,,18홀,tr_220150926
라싸,2026-09-19,12:39,189000,golfpang,,,18홀,tr_220094615
클럽모우,2026-09-19,12:31,180000,golfpang,,,18홀,tr_220206577
남양주(퍼9),2026-09-19,12:20,139000,golfpang,,,18홀,tr_220201714
포천힐스,2026-09-19,13:06,230000,golfpang,,,18홀,tr_220150928
더플레이어스,2026-09-19,13:05,160000,golfpang,,,18홀,tr_219994104
베뉴지,2026-09-19,13:23,165000,golfpang,,,18홀,tr_220151013
클럽모우,2026-09-19,13:20,180000,golfpang,,,18홀,tr_220206578
가평베네스트,2026-09-19,13:42,239000,golfpang,,,18홀,tr_220207645
베뉴지,2026-09-19,13:58,160000,golfpang,,,18홀,tr_220151014
푸른솔포천,2026-09-19,13:55,230000,golfpang,,,18홀,tr_220230506
남양주(퍼9),2026-09-19,17:07,119000,golfpang,,,18홀,tr_220201716
비콘힐스,2026-09-19,17:02,90000,golfpang,,,18홀,tr_219969255
남양주(퍼9),2026-09-19,16:34,129000,golfpang,,,18홀,tr_220201715
비콘힐스,2026-09-19,17:51,90000,golfpang,,,18홀,tr_219969256
세레니티-강촌,2026-09-19,17:39,140000,golfpang,,,18홀,tr_219791382
스프링베일-퍼9,2026-09-19,17:36,90000,golfpang,,,18홀,tr_220209225
몽베르(대중제),2026-09-19,17:28,150000,golfpang,,,18홀,tr_219999701
몽베르(대중제),2026-09-19,18:03,140000,golfpang,,,18홀,tr_219999702
라싸,2026-09-19,18:00,139000,golfpang,,,18홀,tr_220094616
필로스,2026-09-19,18:20,140000,golfpang,,,18홀,tr_219780364
힐마루 포천,2026-09-19,18:06,160000,golfpang,,,18홀,tr_220182161
포레스트힐,2026-09-19,18:10,140000,golfpang,,,18홀,tr_219555058
비콘힐스,2026-09-19,18:40,90000,golfpang,,,18홀,tr_220084766
라싸,2026-09-19,06:48,209000,golfpang,,,18홀,tr_220230226
푸른솔포천,2026-09-19,06:07,230000,golfpang,,,18홀,tr_220124701
스프링베일-퍼9,2026-09-19,08:23,115000,golfpang,,,18홀,tr_220106743
포천힐스,2026-09-19,12:10,230000,golfpang,,,18홀,tr_220152623
세레니티-강촌,2026-09-19,12:07,210000,golfpang,,,18홀,tr_220086897
스프링베일-퍼9,2026-09-19,12:01,105000,golfpang,,,18홀,tr_220106744
남양주(퍼9),2026-09-19,12:20,139000,golfpang,,,18홀,tr_220106971
비발디파크E,2026-09-19,12:50,224000,golfpang,,,18홀,tr_220152893
스프링베일-퍼9,2026-09-19,12:50,105000,golfpang,,,18홀,tr_220106745
라싸,2026-09-19,12:39,189000,golfpang,,,18홀,tr_220230227
비발디파크W,2026-09-19,13:13,208000,golfpang,,,18홀,tr_220152961
베뉴지,2026-09-19,13:09,165000,golfpang,,,18홀,tr_220046126
몽베르,2026-09-19,13:40,260000,golfpang,,,18홀,tr_220029425
비발디파크W,2026-09-19,13:20,208000,golfpang,,,18홀,tr_220152962
포천힐스,2026-09-19,13:20,230000,golfpang,,,18홀,tr_220152624
베뉴지,2026-09-19,13:51,160000,golfpang,,,18홀,tr_220046127
몽베르,2026-09-19,13:48,260000,golfpang,,,18홀,tr_220029426
비발디파크E,2026-09-19,13:46,208000,golfpang,,,18홀,tr_220152894
자유로,2026-09-19,13:44,220000,golfpang,,,18홀,tr_220153298
가평베네스트,2026-09-19,13:42,250000,golfpang,,,18홀,tr_220239506
자유로,2026-09-19,14:05,210000,golfpang,,,18홀,tr_220153299
푸른솔포천,2026-09-19,13:55,230000,golfpang,,,18홀,tr_220124702
비발디파크E,2026-09-19,13:54,208000,golfpang,,,18홀,tr_220152895
파주,2026-09-19,17:20,170000,golfpang,,,18홀,tr_220345999
파주,2026-09-19,17:13,170000,golfpang,,,18홀,tr_220150198
남양주(퍼9),2026-09-19,17:07,119000,golfpang,,,18홀,tr_220106973
남양주(퍼9),2026-09-19,16:27,129000,golfpang,,,18홀,tr_220106972
라싸,2026-09-19,17:46,149000,golfpang,,,18홀,tr_220230228
한림광릉,2026-09-19,17:45,140000,golfpang,,,18홀,tr_220121281
세레니티-강촌,2026-09-19,17:39,140000,golfpang,,,18홀,tr_220086898
한림광릉,2026-09-19,17:38,140000,golfpang,,,18홀,tr_220121282
파주타이거,2026-09-19,17:53,190000,golfpang,,,18홀,tr_220151071
베스트밸리-퍼9,2026-09-19,18:09,130000,golfpang,,,18홀,tr_220037192
세레니티-강촌,2026-09-19,06:49,210000,golfpang,,,18홀,tr_220086896
비콘힐스,2026-09-19,18:40,90000,golfpang,,,18홀,tr_220084765
한림광릉,2026-09-19,17:38,140000,golfpang,,,18홀,tr_220345864
베뉴지,2026-09-19,13:30,160000,golfpang,,,18홀,tr_220345863
샤인데일,2026-09-19,08:12,200000,golfpang,,,18홀,tr_220345795
더플레이어스,2026-09-19,12:20,160000,golfpang,,,18홀,tr_220239415
클럽모우,2026-09-19,13:30,160000,golfpang,,,18홀,tr_220299457
한림광릉,2026-09-19,17:38,140000,golfpang,,,18홀,tr_220032255
한림광릉,2026-09-19,17:38,140000,golfpang,,,18홀,tr_220345713
가평베네스트,2026-09-19,13:42,239000,golfpang,,,18홀,tr_220345707
몽베르(대중제),2026-09-19,17:21,150000,golfpang,,,18홀,tr_220345580
몽베르(대중제),2026-09-19,18:31,140000,golfpang,,,18홀,tr_220345582
포천힐스,2026-09-19,13:55,230000,golfpang,,,18홀,tr_220345567
포천힐스,2026-09-19,13:06,230000,golfpang,,,18홀,tr_220345566
포천힐스,2026-09-19,12:10,230000,golfpang,,,18홀,tr_220345565
라싸,2026-09-19,12:18,199000,golfpang,,,18홀,tr_220204495
스프링베일-퍼9,2026-09-19,11:40,105000,golfpang,,,18홀,tr_220345451
스프링베일-퍼9,2026-09-19,07:55,115000,golfpang,,,18홀,tr_220345450
스프링베일-퍼9,2026-09-19,06:59,105000,golfpang,,,18홀,tr_220345449
오너스,2026-09-19,08:28,240000,golfpang,,,18홀,tr_220337064
스프링베일-퍼9,2026-09-19,12:02,105000,golfpang,,,18홀,tr_220179282
가평베네스트,2026-09-19,13:41,250000,golfpang,,,18홀,tr_220261175
라싸,2026-09-19,11:57,199000,golfpang,,,18홀,tr_220204491
푸른솔포천,2026-09-19,06:07,240000,golfpang,,,18홀,tr_219937874
푸른솔포천,2026-09-19,13:55,230000,golfpang,,,18홀,tr_219937873
파주,2026-09-19,18:02,170000,golfpang,,,18홀,tr_220150701
파주,2026-09-19,12:13,250000,golfpang,,,18홀,tr_220150702
파주,2026-09-19,17:06,180000,golfpang,,,18홀,tr_220150700
파주,2026-09-19,16:45,180000,golfpang,,,18홀,tr_220342663
파주타이거,2026-09-19,17:59,190000,golfpang,,,18홀,tr_220338987
라싸,2026-09-19,18:00,139000,golfpang,,,18홀,tr_220345294
가평프리스틴밸리,2026-09-19,13:17,220000,golfpang,,,18홀,tr_220345268
한림광릉,2026-09-19,13:44,210000,golfpang,,,18홀,tr_220345242
한림광릉,2026-09-19,12:06,230000,golfpang,,,18홀,tr_220345241
비콘힐스,2026-09-19,18:42,90000,golfpang,,,18홀,tr_220149535
라싸,2026-09-19,13:14,179000,golfpang,,,18홀,tr_220204497
자유로,2026-09-19,13:51,220000,golfpang,,,18홀,tr_220001854
가평프리스틴밸리,2026-09-19,13:17,240000,golfpang,,,18홀,tr_220211893
라싸,2026-09-19,13:14,179000,golfpang,,,18홀,tr_220345047
강촌(비공개),2026-09-19,06:30,230000,golfpang,,,18홀,tr_220305428
포천힐스,2026-09-19,11:50,230000,golfpang,,,18홀,tr_219322107
남춘천,2026-09-19,12:30,180000,golfpang,,,18홀,tr_220250550
스프링베일-퍼9,2026-09-19,17:57,-1,golfpang,,,18홀,tr_220344785
파주타이거,2026-09-19,17:53,190000,golfpang,,,18홀,tr_220344727
파주타이거,2026-09-19,17:53,190000,golfpang,,,18홀,tr_220344813
라싸,2026-09-19,17:53,149000,golfpang,,,18홀,tr_220343257
파주타이거,2026-09-19,18:11,190000,golfpang,,,18홀,tr_220344728
파주,2026-09-19,16:24,190000,golfpang,,,18홀,tr_220342662
클럽모우,2026-09-19,14:16,180000,golfpang,,,18홀,tr_220343793
클럽모우,2026-09-19,14:09,180000,golfpang,,,18홀,tr_220343392
파주,2026-09-19,17:13,170000,golfpang,,,18홀,tr_220342664
포천힐스,2026-09-19,14:02,240000,golfpang,,,18홀,tr_220343837
클럽모우,2026-09-19,13:55,180000,golfpang,,,18홀,tr_220343393
클럽모우,2026-09-19,12:45,180000,golfpang,,,18홀,tr_220343794
라싸,2026-09-19,18:56,139000,golfpang,,,18홀,tr_220343260
파주,2026-09-19,18:30,170000,golfpang,,,18홀,tr_220342666
라싸,2026-09-19,18:35,139000,golfpang,,,18홀,tr_220343258
라싸,2026-09-19,18:42,139000,golfpang,,,18홀,tr_220343259
서원힐스,2026-09-19,05:32,240000,golfpang,,,18홀,tr_220344021
스프링베일-퍼9,2026-09-19,06:10,-1,golfpang,,,18홀,tr_220344536
파주,2026-09-19,18:16,170000,golfpang,,,18홀,tr_220342665
라싸,2026-09-19,06:48,239000,golfpang,,,18홀,tr_220342982
필로스,2026-09-19,18:07,140000,golfpang,,,18홀,tr_220208509
라싸,2026-09-19,13:14,179000,golfpang,,,18홀,tr_220213576
파주,2026-09-19,16:45,190000,golfpang,,,18홀,tr_220324769
클럽모우,2026-09-19,13:41,150000,golfpang,,,18홀,tr_220326010
클럽모우,2026-09-19,13:41,150000,golfpang,,,18홀,tr_220326009
가평프리스틴밸리,2026-09-19,13:17,220000,golfpang,,,18홀,tr_220208457
남양주(퍼9),2026-09-19,17:27,119000,golfpang,,,18홀,tr_220238907
클럽모우,2026-09-19,13:48,180000,golfpang,,,18홀,tr_219813899
남양주(퍼9),2026-09-19,13:14,139000,golfpang,,,18홀,tr_220236523
베뉴지,2026-09-19,13:09,165000,golfpang,,,18홀,tr_220241725
더플레이어스,2026-09-19,12:44,160000,golfpang,,,18홀,tr_220342337
필로스,2026-09-19,18:20,140000,golfpang,,,18홀,tr_219966910
몽베르(대중제),2026-09-19,18:17,140000,golfpang,,,18홀,tr_220258728
비콘힐스,2026-09-19,18:40,90000,golfpang,,,18홀,tr_220149323
몽베르(대중제),2026-09-19,18:31,140000,golfpang,,,18홀,tr_220258730
필로스,2026-09-19,18:27,140000,golfpang,,,18홀,tr_219966911
비콘힐스,2026-09-19,18:54,90000,golfpang,,,18홀,tr_220149322
비콘힐스,2026-09-19,18:47,90000,golfpang,,,18홀,tr_220149324
파주타이거,2026-09-19,17:59,190000,golfpang,,,18홀,tr_220255802
파주타이거,2026-09-19,17:53,190000,golfpang,,,18홀,tr_220255801
파주타이거,2026-09-19,18:11,190000,golfpang,,,18홀,tr_220255803
한림광릉,2026-09-19,18:06,150000,golfpang,,,18홀,tr_220274667
몽베르(대중제),2026-09-19,18:24,140000,golfpang,,,18홀,tr_220258729
샤인데일,2026-09-19,08:12,200000,golfpang,,,18홀,tr_220106169
필로스,2026-09-19,18:20,140000,golfpang,,,18홀,tr_219966909
세레니티-강촌,2026-09-19,06:49,210000,golfpang,,,18홀,tr_220139494
스프링베일-퍼9,2026-09-19,06:52,105000,golfpang,,,18홀,tr_220107488
스프링베일-퍼9,2026-09-19,17:22,90000,golfpang,,,18홀,tr_220107490
세레니티-강촌,2026-09-19,17:46,140000,golfpang,,,18홀,tr_220139496
한림광릉,2026-09-19,17:45,150000,golfpang,,,18홀,tr_220274666
한림광릉,2026-09-19,17:38,150000,golfpang,,,18홀,tr_220274665
몽베르,2026-09-19,13:48,260000,golfpang,,,18홀,tr_220259104
몽베르,2026-09-19,13:48,260000,golfpang,,,18홀,tr_220259103
비발디파크E,2026-09-19,13:46,208000,golfpang,,,18홀,tr_220150402
비발디파크E,2026-09-19,13:54,208000,golfpang,,,18홀,tr_220150403
세레니티-강촌,2026-09-19,13:10,210000,golfpang,,,18홀,tr_220139495
포천힐스,2026-09-19,13:20,230000,golfpang,,,18홀,tr_220057773
비발디파크W,2026-09-19,13:20,208000,golfpang,,,18홀,tr_220150042
가평(비공개),2026-09-19,13:17,230000,golfpang,,,18홀,tr_220152766
포천힐스,2026-09-19,13:41,230000,golfpang,,,18홀,tr_220057775
클럽모우,2026-09-19,13:41,150000,golfpang,,,18홀,tr_220304460
몽베르,2026-09-19,13:40,260000,golfpang,,,18홀,tr_220259102
비발디파크W,2026-09-19,12:59,208000,golfpang,,,18홀,tr_220150041
비발디파크E,2026-09-19,12:50,224000,golfpang,,,18홀,tr_220150401
클럽모우,2026-09-19,08:29,210000,golfpang,,,18홀,tr_220304459
오너스,2026-09-19,08:28,175000,golfpang,,,18홀,tr_220290557
가평(비공개),2026-09-19,11:53,240000,golfpang,,,18홀,tr_220152765
포천힐스,2026-09-19,12:10,230000,golfpang,,,18홀,tr_220057774
스프링베일-퍼9,2026-09-19,12:01,105000,golfpang,,,18홀,tr_220107489
남춘천,2026-09-19,06:25,180000,golfpang,,,18홀,tr_220104932
푸른솔포천,2026-09-19,06:07,230000,golfpang,,,18홀,tr_220301709
푸른솔포천,2026-09-19,07:10,260000,golfpang,,,18홀,tr_220301710
남춘천,2026-09-19,07:07,220000,golfpang,,,18홀,tr_220104933
더플레이어스,2026-09-19,06:55,190000,golfpang,,,18홀,tr_220152518
파주,2026-09-19,16:52,180000,golfpang,,,18홀,tr_220342307
더플레이어스,2026-09-19,12:44,160000,golfpang,,,18홀,tr_220208451
더플레이어스,2026-09-19,07:16,190000,golfpang,,,18홀,tr_220208416
강촌(비공개),2026-09-19,11:50,220000,golfpang,,,18홀,tr_220211768
라싸,2026-09-19,17:53,149000,golfpang,,,18홀,tr_220340193
라싸,2026-09-19,12:32,189000,golfpang,,,18홀,tr_220342187
더플레이어스,2026-09-19,12:44,160000,golfpang,,,18홀,tr_220213561
스프링베일-퍼9,2026-09-19,07:20,110000,golfpang,,,18홀,tr_218818230
파주타이거,2026-09-19,18:17,190000,golfpang,,,18홀,tr_220341680
스프링베일-퍼9,2026-09-19,07:34,-1,golfpang,,,18홀,tr_220341754
파주,2026-09-19,18:23,170000,golfpang,,,18홀,tr_220340007
베스트밸리-퍼9,2026-09-19,18:09,130000,golfpang,,,18홀,tr_220341169
클럽모우,2026-09-19,14:16,180000,golfpang,,,18홀,tr_220340760
라싸,2026-09-19,17:46,149000,golfpang,,,18홀,tr_220339936
스프링베일-퍼9,2026-09-19,13:32,-1,golfpang,,,18홀,tr_220341489
클럽모우,2026-09-19,13:48,180000,golfpang,,,18홀,tr_220340305
클럽모우,2026-09-19,13:48,180000,golfpang,,,18홀,tr_220340304
포천힐스,2026-09-19,14:02,240000,golfpang,,,18홀,tr_220340561
클럽모우,2026-09-19,14:02,180000,golfpang,,,18홀,tr_220340759
포천힐스,2026-09-19,13:55,240000,golfpang,,,18홀,tr_220340559
포천힐스,2026-09-19,13:20,240000,golfpang,,,18홀,tr_220340807
포천힐스,2026-09-19,13:41,240000,golfpang,,,18홀,tr_220340562
파주,2026-09-19,18:44,170000,golfpang,,,18홀,tr_220340008
라싸,2026-09-19,12:53,219000,golfpang,,,18홀,tr_220339935
푸른솔포천,2026-09-19,07:10,250000,golfpang,,,18홀,tr_220341257
스프링베일-퍼9,2026-09-19,06:52,-1,golfpang,,,18홀,tr_220341488
라싸,2026-09-19,18:28,139000,golfpang,,,18홀,tr_220339937
베스트밸리-퍼9,2026-09-19,18:16,130000,golfpang,,,18홀,tr_220341170
파주,2026-09-19,12:27,230000,golfpang,,,18홀,tr_220339498
세레니티-강촌,2026-09-19,17:46,140000,golfpang,,,18홀,tr_220208348
세레니티-강촌,2026-09-19,12:49,210000,golfpang,,,18홀,tr_220208322
베뉴지,2026-09-19,13:30,160000,golfpang,,,18홀,tr_220208247
푸른솔포천,2026-09-19,12:45,260000,golfpang,,,18홀,tr_220339396
푸른솔포천,2026-09-19,07:10,250000,golfpang,,,18홀,tr_220339395
경춘(비공개),2026-09-19,13:22,160000,golfpang,,,18홀,tr_220339315
라싸,2026-09-19,13:14,179000,golfpang,,,18홀,tr_220208150
오너스,2026-09-19,08:21,160000,golfpang,,,18홀,tr_220034319
오너스,2026-09-19,14:25,140000,golfpang,,,18홀,tr_219715750
더플레이어스,2026-09-19,11:55,160000,golfpang,,,18홀,tr_220034444
더플레이어스,2026-09-19,12:44,160000,golfpang,,,18홀,tr_220339305
필로스,2026-09-19,18:20,140000,golfpang,,,18홀,tr_219746375
힐마루 포천,2026-09-19,18:13,160000,golfpang,,,18홀,tr_220102838
오너스,2026-09-19,08:21,160000,golfpang,,,18홀,tr_218881178
더플레이어스,2026-09-19,07:30,190000,golfpang,,,18홀,tr_219990479
더플레이어스,2026-09-19,11:55,160000,golfpang,,,18홀,tr_219990499
클럽모우,2026-09-19,12:59,150000,golfpang,,,18홀,tr_219566761
샤인데일,2026-09-19,08:12,200000,golfpang,,,18홀,tr_220203555
남춘천,2026-09-19,12:06,180000,golfpang,,,18홀,tr_220206984
오너스,2026-09-19,08:28,175000,golfpang,,,18홀,tr_220306778
오너스,2026-09-19,08:28,175000,golfpang,,,18홀,tr_220306777
클럽모우,2026-09-19,12:45,180000,golfpang,,,18홀,tr_220079994
클럽모우,2026-09-19,12:45,180000,golfpang,,,18홀,tr_220079995
더플레이어스,2026-09-19,12:23,160000,golfpang,,,18홀,tr_220206897
더플레이어스,2026-09-19,13:26,160000,golfpang,,,18홀,tr_220206896
남춘천,2026-09-19,13:49,170000,golfpang,,,18홀,tr_220206985
몽베르(대중제),2026-09-19,17:21,160000,golfpang,,,18홀,tr_219575354
몽베르(대중제),2026-09-19,17:56,150000,golfpang,,,18홀,tr_219575355
몽베르(대중제),2026-09-19,17:56,150000,golfpang,,,18홀,tr_219575356
비콘힐스,2026-09-19,18:33,90000,golfpang,,,18홀,tr_220207387
비콘힐스,2026-09-19,18:33,90000,golfpang,,,18홀,tr_220207388
스프링베일-퍼9,2026-09-19,13:53,-1,golfpang,,,18홀,tr_220338708
베스트밸리-퍼9,2026-09-19,18:30,130000,golfpang,,,18홀,tr_220338367
클럽모우,2026-09-19,14:02,180000,golfpang,,,18홀,tr_220337990
포천힐스,2026-09-19,13:48,240000,golfpang,,,18홀,tr_220338042
푸른솔포천,2026-09-19,12:45,260000,golfpang,,,18홀,tr_220338410
스프링베일-퍼9,2026-09-19,17:50,-1,golfpang,,,18홀,tr_220338709
파주타이거,2026-09-19,17:59,190000,golfpang,,,18홀,tr_220338892
파주타이거,2026-09-19,18:11,190000,golfpang,,,18홀,tr_220338989
스프링베일-퍼9,2026-09-19,06:31,-1,golfpang,,,18홀,tr_220338961
클럽모우,2026-09-19,13:41,180000,golfpang,,,18홀,tr_220337595
클럽모우,2026-09-19,08:29,210000,golfpang,,,18홀,tr_220337591
라싸,2026-09-19,18:56,139000,golfpang,,,18홀,tr_220337218
라싸,2026-09-19,19:03,139000,golfpang,,,18홀,tr_220337471
라싸,2026-09-19,19:03,139000,golfpang,,,18홀,tr_220337220
라싸,2026-09-19,19:03,139000,golfpang,,,18홀,tr_220337221
클럽모우,2026-09-19,06:30,210000,golfpang,,,18홀,tr_220337590
포천힐스,2026-09-19,13:55,240000,golfpang,,,18홀,tr_220337803
클럽모우,2026-09-19,13:55,180000,golfpang,,,18홀,tr_220337592
파주,2026-09-19,12:48,230000,golfpang,,,18홀,tr_220336879
라싸,2026-09-19,17:46,149000,golfpang,,,18홀,tr_220337214
라싸,2026-09-19,12:53,219000,golfpang,,,18홀,tr_220337470
파주,2026-09-19,17:27,170000,golfpang,,,18홀,tr_220336880
클럽모우,2026-09-19,14:09,180000,golfpang,,,18홀,tr_220337596
라싸,2026-09-19,18:35,139000,golfpang,,,18홀,tr_220337217
파주,2026-09-19,18:16,170000,golfpang,,,18홀,tr_220336881
라싸,2026-09-19,18:35,139000,golfpang,,,18홀,tr_220337216
라싸,2026-09-19,17:53,149000,golfpang,,,18홀,tr_220337215
파주,2026-09-19,18:37,170000,golfpang,,,18홀,tr_220337303
파주타이거,2026-09-19,17:47,190000,golfpang,,,18홀,tr_220336627
파주타이거,2026-09-19,17:41,190000,golfpang,,,18홀,tr_220336626
파주타이거,2026-09-19,17:53,190000,golfpang,,,18홀,tr_220336625
세레니티-강촌,2026-09-19,17:46,140000,golfpang,,,18홀,tr_220336609
세레니티-강촌,2026-09-19,12:49,210000,golfpang,,,18홀,tr_220336607
파주타이거,2026-09-19,18:11,190000,golfpang,,,18홀,tr_220336569
파주타이거,2026-09-19,18:17,190000,golfpang,,,18홀,tr_220336570
스프링베일-퍼9,2026-09-19,12:36,100000,golfpang,,,18홀,tr_220212516
베뉴지,2026-09-19,13:51,160000,golfpang,,,18홀,tr_220336534
베뉴지,2026-09-19,13:30,160000,golfpang,,,18홀,tr_220336518
스프링베일-퍼9,2026-09-19,07:13,110000,golfpang,,,18홀,tr_220217470
오너스,2026-09-19,07:39,165000,golfpang,,,18홀,tr_220336439
오너스,2026-09-19,08:35,175000,golfpang,,,18홀,tr_220336440
더플레이어스,2026-09-19,12:44,160000,golfpang,,,18홀,tr_220233070
더플레이어스,2026-09-19,06:34,190000,golfpang,,,18홀,tr_220336338
한림광릉,2026-09-19,17:20,150000,golfpang,,,18홀,tr_220180227
필로스,2026-09-19,18:20,140000,golfpang,,,18홀,tr_219673780
필로스,2026-09-19,18:20,140000,golfpang,,,18홀,tr_219989767
포레스트힐,2026-09-19,18:17,140000,golfpang,,,18홀,tr_218685565
필로스,2026-09-19,18:27,140000,golfpang,,,18홀,tr_219989766
포레스트힐,2026-09-19,18:24,140000,golfpang,,,18홀,tr_218685566
포레스트힐,2026-09-19,18:10,140000,golfpang,,,18홀,tr_218685564
비콘힐스,2026-09-19,18:12,90000,golfpang,,,18홀,tr_219926351
비콘힐스,2026-09-19,18:12,90000,golfpang,,,18홀,tr_219926350
파주타이거,2026-09-19,17:54,190000,golfpang,,,18홀,tr_220336307
오너스,2026-09-19,13:57,145000,golfpang,,,18홀,tr_219551291
한림광릉,2026-09-19,17:24,150000,golfpang,,,18홀,tr_220128283
스프링베일-퍼9,2026-09-19,17:15,95000,golfpang,,,18홀,tr_220118579
남양주(퍼9),2026-09-19,17:07,119000,golfpang,,,18홀,tr_220180715
클럽모우,2026-09-19,13:48,150000,golfpang,,,18홀,tr_220325323
푸른솔포천,2026-09-19,13:48,230000,golfpang,,,18홀,tr_220198710
자유로,2026-09-19,14:05,210000,golfpang,,,18홀,tr_219891505
한림광릉,2026-09-19,17:31,150000,golfpang,,,18홀,tr_220128284
세레니티-강촌,2026-09-19,17:39,140000,golfpang,,,18홀,tr_219934831
자유로,2026-09-19,14:12,210000,golfpang,,,18홀,tr_219891506
더플레이어스,2026-09-19,12:44,170000,golfpang,,,18홀,tr_219307247
더플레이어스,2026-09-19,12:51,170000,golfpang,,,18홀,tr_219307248
세레니티-강촌,2026-09-19,12:07,210000,golfpang,,,18홀,tr_219934830
푸른솔포천,2026-09-19,13:55,230000,golfpang,,,18홀,tr_220198711
포천힐스,2026-09-19,13:06,230000,golfpang,,,18홀,tr_220180542
포천힐스,2026-09-19,12:10,230000,golfpang,,,18홀,tr_220180541
포천힐스,2026-09-19,12:10,230000,golfpang,,,18홀,tr_220180540
남춘천,2026-09-19,08:50,220000,golfpang,,,18홀,tr_219891122
스프링베일-퍼9,2026-09-19,11:40,115000,golfpang,,,18홀,tr_220118578
스프링베일-퍼9,2026-09-19,06:59,115000,golfpang,,,18홀,tr_220118577
세레니티-강촌,2026-09-19,08:34,210000,golfpang,,,18홀,tr_219934829
스프링베일-퍼9,2026-09-19,07:20,110000,golfpang,,,18홀,tr_219584346
파주,2026-09-19,12:48,230000,golfpang,,,18홀,tr_220336168
파주,2026-09-19,16:45,180000,golfpang,,,18홀,tr_220336170
파주,2026-09-19,17:13,170000,golfpang,,,18홀,tr_220336169
파주,2026-09-19,17:28,170000,golfpang,,,18홀,tr_220336166
올림픽,2026-09-19,17:28,140000,golfpang,,,18홀,tr_220336164
비콘힐스,2026-09-19,17:02,95000,golfpang,,,18홀,tr_219843301
베뉴지,2026-09-19,12:41,179000,golfpang,,,18홀,tr_220324911
비콘힐스,2026-09-19,12:36,155000,golfpang,,,18홀,tr_219843300
클럽모우,2026-09-19,12:45,180000,golfpang,,,18홀,tr_219933581
가평베네스트,2026-09-19,13:42,250000,golfpang,,,18홀,tr_220233468
베뉴지,2026-09-19,13:44,169000,golfpang,,,18홀,tr_220324912
파주,2026-09-19,17:06,180000,golfpang,,,18홀,tr_220055978
파주,2026-09-19,16:24,190000,golfpang,,,18홀,tr_220055977
세레니티-강촌,2026-09-19,17:39,140000,golfpang,,,18홀,tr_219970542
클럽모우,2026-09-19,08:50,210000,golfpang,,,18홀,tr_219933580
파주,2026-09-19,18:09,170000,golfpang,,,18홀,tr_220055979
남춘천,2026-09-19,06:25,180000,golfpang,,,18홀,tr_220174881
라싸,2026-09-19,12:32,189000,golfpang,,,18홀,tr_220230759
클럽모우,2026-09-19,14:17,150000,golfpang,,,18홀,tr_220336017
포레스트힐,2026-09-19,18:31,129000,golfpang,,,18홀,tr_220335987
클럽모우,2026-09-19,13:42,150000,golfpang,,,18홀,tr_220335974
파주,2026-09-19,16:52,180000,golfpang,,,18홀,tr_220324201
베뉴지,2026-09-19,13:30,160000,golfpang,,,18홀,tr_220306690
세레니티-강촌,2026-09-19,17:46,140000,golfpang,,,18홀,tr_220307179
필로스,2026-09-19,18:07,140000,golfpang,,,18홀,tr_220324657
라싸,2026-09-19,08:26,249000,golfpang,,,18홀,tr_220306448
더플레이어스,2026-09-19,07:16,190000,golfpang,,,18홀,tr_220321594
라싸,2026-09-19,13:14,179000,golfpang,,,18홀,tr_220306473
파주,2026-09-19,17:34,170000,golfpang,,,18홀,tr_220324203
더플레이어스,2026-09-19,12:44,160000,golfpang,,,18홀,tr_220324105
파주,2026-09-19,12:27,230000,golfpang,,,18홀,tr_220324132
가평프리스틴밸리,2026-09-19,13:17,220000,golfpang,,,18홀,tr_220324255
경춘(비공개),2026-09-19,13:22,160000,golfpang,,,18홀,tr_220324591
베뉴지,2026-09-19,13:44,160000,golfpang,,,18홀,tr_220306696
샴발라,2026-09-19,13:27,180000,golfpang,,,18홀,tr_220328678
몽베르(대중제),2026-09-19,18:18,140000,golfpang,,,18홀,tr_220328549
라싸,2026-09-19,06:48,209000,golfpang,,,18홀,tr_220327790
라싸,2026-09-19,08:19,239000,golfpang,,,18홀,tr_220327791
서원힐스,2026-09-19,05:32,240000,golfpang,,,18홀,tr_220321511
푸른솔포천,2026-09-19,06:07,230000,golfpang,,,18홀,tr_220206224
오너스,2026-09-19,08:28,175000,golfpang,,,18홀,tr_220324877
클럽모우,2026-09-19,08:50,210000,golfpang,,,18홀,tr_220327945
자유로,2026-09-19,08:52,250000,golfpang,,,18홀,tr_220209027
라싸,2026-09-19,12:39,189000,golfpang,,,18홀,tr_220327792
클럽모우,2026-09-19,13:41,160000,golfpang,,,18홀,tr_220327946
푸른솔포천,2026-09-19,13:55,230000,golfpang,,,18홀,tr_220206225
자유로,2026-09-19,14:05,210000,golfpang,,,18홀,tr_220209028
한림광릉,2026-09-19,17:17,150000,golfpang,,,18홀,tr_219715717
포천힐스,2026-09-19,13:06,230000,golfpang,,,18홀,tr_220206063
더플레이어스,2026-09-19,13:05,160000,golfpang,,,18홀,tr_220179209
스프링베일-퍼9,2026-09-19,13:04,115000,golfpang,,,18홀,tr_220145485
비발디파크W,2026-09-19,12:59,208000,golfpang,,,18홀,tr_219914656
베스트밸리-퍼9,2026-09-19,18:02,130000,golfpang,,,18홀,tr_219999178
포천힐스,2026-09-19,13:20,230000,golfpang,,,18홀,tr_220206062
가평(비공개),2026-09-19,13:17,230000,golfpang,,,18홀,tr_219986613
몽베르(대중제),2026-09-19,18:03,150000,golfpang,,,18홀,tr_219716430
비발디파크W,2026-09-19,06:29,200000,golfpang,,,18홀,tr_219914655
파주,2026-09-19,12:13,270000,golfpang,,,18홀,tr_219891411
포천힐스,2026-09-19,12:10,230000,golfpang,,,18홀,tr_220206061
세레니티-강촌,2026-09-19,12:07,210000,golfpang,,,18홀,tr_219968067
남춘천,2026-09-19,06:25,180000,golfpang,,,18홀,tr_220179365
한림광릉,2026-09-19,18:06,150000,golfpang,,,18홀,tr_220131067
비발디파크E,2026-09-19,12:50,224000,golfpang,,,18홀,tr_220121129
한림광릉,2026-09-19,17:31,150000,golfpang,,,18홀,tr_220131064
베스트밸리-퍼9,2026-09-19,18:30,130000,golfpang,,,18홀,tr_219999180
샤인데일,2026-09-19,08:12,200000,golfpang,,,18홀,tr_220181274
더플레이어스,2026-09-19,07:16,190000,golfpang,,,18홀,tr_220179208
베스트밸리-퍼9,2026-09-19,18:16,130000,golfpang,,,18홀,tr_219999179
파주,2026-09-19,06:24,290000,golfpang,,,18홀,tr_219891410
필로스,2026-09-19,18:07,140000,golfpang,,,18홀,tr_219688794
세레니티-강촌,2026-09-19,08:34,210000,golfpang,,,18홀,tr_219968066
파주,2026-09-19,05:49,240000,golfpang,,,18홀,tr_219891409
필로스,2026-09-19,18:20,140000,golfpang,,,18홀,tr_219688795
스프링베일-퍼9,2026-09-19,08:23,125000,golfpang,,,18홀,tr_220145483
비발디파크E,2026-09-19,13:54,208000,golfpang,,,18홀,tr_220121148
남양주(퍼9),2026-09-19,12:20,139000,golfpang,,,18홀,tr_220148629
스프링베일-퍼9,2026-09-19,12:22,115000,golfpang,,,18홀,tr_220145484
필로스,2026-09-19,18:14,140000,golfpang,,,18홀,tr_219688796
몽베르(대중제),2026-09-19,18:10,150000,golfpang,,,18홀,tr_219716431
가평(비공개),2026-09-19,14:06,220000,golfpang,,,18홀,tr_219986614
포레스트힐,2026-09-19,17:28,150000,golfpang,,,18홀,tr_216881628
남양주(퍼9),2026-09-19,17:07,119000,golfpang,,,18홀,tr_220148631
남양주(퍼9),2026-09-19,13:07,137000,golfpang,,,18홀,tr_220148630
몽베르(대중제),2026-09-19,17:21,160000,golfpang,,,18홀,tr_219716429
베스트밸리-퍼9,2026-09-19,18:10,130000,golfpang,,,18홀,tr_220328525
서원힐스,2026-09-19,05:39,250000,golfpang,,,18홀,tr_219992605
서원힐스,2026-09-19,05:32,250000,golfpang,,,18홀,tr_219992604
서원힐스,2026-09-19,05:39,250000,golfpang,,,18홀,tr_219992606
클럽모우,2026-09-19,14:16,150000,golfpang,,,18홀,tr_220328504
클럽모우,2026-09-19,13:41,150000,golfpang,,,18홀,tr_220328503
클럽모우,2026-09-19,13:34,150000,golfpang,,,18홀,tr_220328502
라싸,2026-09-19,17:47,149000,golfpang,,,18홀,tr_220328467
포레스트힐,2026-09-19,18:10,140000,golfpang,,,18홀,tr_219994307
힐마루 포천,2026-09-19,18:13,160000,golfpang,,,18홀,tr_220210472
더플레이어스,2026-09-19,12:51,170000,golfpang,,,18홀,tr_219966899
세레니티-강촌,2026-09-19,12:53,210000,golfpang,,,18홀,tr_220328210
세레니티-강촌,2026-09-19,17:46,140000,golfpang,,,18홀,tr_220328211
세레니티-강촌,2026-09-19,06:56,210000,golfpang,,,18홀,tr_220328209
베뉴지,2026-09-19,13:09,165000,golfpang,,,18홀,tr_220087896
베스트밸리-퍼9,2026-09-19,17:20,130000,golfpang,,,18홀,tr_220212399
포레스트힐,2026-09-19,17:42,129000,golfpang,,,18홀,tr_219711319
남춘천,2026-09-19,06:25,180000,golfpang,,,18홀,tr_220327929
남춘천,2026-09-19,08:50,220000,golfpang,,,18홀,tr_220327930
베스트밸리-퍼9,2026-09-19,18:16,130000,golfpang,,,18홀,tr_220139190
몽베르(대중제),2026-09-19,18:31,140000,golfpang,,,18홀,tr_220287727
파주타이거,2026-09-19,17:59,190000,golfpang,,,18홀,tr_220128795
파주타이거,2026-09-19,17:53,190000,golfpang,,,18홀,tr_220128794
파주타이거,2026-09-19,17:47,190000,golfpang,,,18홀,tr_220128793
남춘천,2026-09-19,13:49,170000,golfpang,,,18홀,tr_220097883
베뉴지,2026-09-19,13:58,160000,golfpang,,,18홀,tr_220139479
푸른솔포천,2026-09-19,13:55,230000,golfpang,,,18홀,tr_220129788
더플레이어스,2026-09-19,13:05,170000,golfpang,,,18홀,tr_220304945
라싸,2026-09-19,12:53,189000,golfpang,,,18홀,tr_220142341
베뉴지,2026-09-19,13:23,165000,golfpang,,,18홀,tr_220139478
포천힐스,2026-09-19,13:20,230000,golfpang,,,18홀,tr_220129378
포천힐스,2026-09-19,13:41,230000,golfpang,,,18홀,tr_220129379
엘레강스(가명),2026-09-19,13:36,220000,golfpang,,,18홀,tr_220220511
엘레강스(가명),2026-09-19,13:36,220000,golfpang,,,18홀,tr_220220510
포천힐스,2026-09-19,12:10,230000,golfpang,,,18홀,tr_220129377
스프링베일-퍼9,2026-09-19,12:08,105000,golfpang,,,18홀,tr_220130888
남춘천,2026-09-19,12:06,180000,golfpang,,,18홀,tr_220097882
라싸,2026-09-19,12:39,189000,golfpang,,,18홀,tr_220142340
스프링베일-퍼9,2026-09-19,12:50,105000,golfpang,,,18홀,tr_220130889
더플레이어스,2026-09-19,12:44,170000,golfpang,,,18홀,tr_220304944
스프링베일-퍼9,2026-09-19,07:41,115000,golfpang,,,18홀,tr_220130887
몽베르(대중제),2026-09-19,18:17,140000,golfpang,,,18홀,tr_220287725
베스트밸리-퍼9,2026-09-19,18:23,130000,golfpang,,,18홀,tr_220139191
몽베르(대중제),2026-09-19,18:24,140000,golfpang,,,18홀,tr_220287726
푸른솔포천,2026-09-19,07:10,270000,golfpang,,,18홀,tr_220129787
라싸,2026-09-19,08:19,239000,golfpang,,,18홀,tr_220142342
베스트밸리-퍼9,2026-09-19,18:09,130000,golfpang,,,18홀,tr_220139189
더플레이어스,2026-09-19,07:16,190000,golfpang,,,18홀,tr_220327860
더플레이어스,2026-09-19,12:02,160000,golfpang,,,18홀,tr_220327861
오너스,2026-09-19,08:28,160000,golfpang,,,18홀,tr_220000586
오너스,2026-09-19,08:28,160000,golfpang,,,18홀,tr_220213901
남양주(퍼9),2026-09-19,16:27,129000,golfpang,,,18홀,tr_220327805
필로스,2026-09-19,18:07,140000,golfpang,,,18홀,tr_220306064
가평프리스틴밸리,2026-09-19,13:17,220000,golfpang,,,18홀,tr_220305981
더플레이어스,2026-09-19,12:37,160000,golfpang,,,18홀,tr_220305976
더플레이어스,2026-09-19,13:05,160000,golfpang,,,18홀,tr_220305977
베뉴지,2026-09-19,13:23,160000,golfpang,,,18홀,tr_220305423
라싸,2026-09-19,07:33,219000,golfpang,,,18홀,tr_220230322
스프링베일-퍼9,2026-09-19,08:37,115000,golfpang,,,18홀,tr_220121133
비발디파크W,2026-09-19,08:00,208000,golfpang,,,18홀,tr_219716657
스프링베일-퍼9,2026-09-19,17:20,90000,golfpang,,,18홀,tr_218944020
라싸,2026-09-19,08:19,239000,golfpang,,,18홀,tr_220327425
라싸,2026-09-19,12:53,189000,golfpang,,,18홀,tr_220327426
라싸,2026-09-19,06:48,209000,golfpang,,,18홀,tr_220327424
베뉴지,2026-09-19,13:51,160000,golfpang,,,18홀,tr_220205934
클럽모우,2026-09-19,13:48,150000,golfpang,,,18홀,tr_220207519
포천힐스,2026-09-19,12:10,230000,golfpang,,,18홀,tr_220007347
포천힐스,2026-09-19,06:00,230000,golfpang,,,18홀,tr_220007359
남양주(퍼9),2026-09-19,16:27,129000,golfpang,,,18홀,tr_220205855
베뉴지,2026-09-19,13:09,165000,golfpang,,,18홀,tr_220205868
남양주(퍼9),2026-09-19,13:14,139000,golfpang,,,18홀,tr_220205854
남양주(퍼9),2026-09-19,12:14,139000,golfpang,,,18홀,tr_220205852
포천힐스,2026-09-19,18:32,160000,golfpang,,,18홀,tr_220007471
더플레이어스,2026-09-19,07:16,190000,golfpang,,,18홀,tr_220229987
샴발라,2026-09-19,12:17,180000,golfpang,,,18홀,tr_220327181
베뉴지,2026-09-19,12:49,179000,golfpang,,,18홀,tr_220327144
베뉴지,2026-09-19,13:58,160000,golfpang,,,18홀,tr_220326984
오너스,2026-09-19,07:40,160000,golfpang,,,18홀,tr_219747496
더플레이어스,2026-09-19,12:24,160000,golfpang,,,18홀,tr_220121710
클럽모우,2026-09-19,13:00,150000,golfpang,,,18홀,tr_220124196
샤인데일,2026-09-19,08:26,200000,golfpang,,,18홀,tr_220326702
베뉴지,2026-09-19,13:09,165000,golfpang,,,18홀,tr_220204534
남양주(퍼9),2026-09-19,17:00,119000,golfpang,,,18홀,tr_220306585
남양주(퍼9),2026-09-19,08:00,169000,golfpang,,,18홀,tr_220306571
스프링베일-퍼9,2026-09-19,12:30,100000,golfpang,,,18홀,tr_219584407
남춘천,2026-09-19,12:06,180000,golfpang,,,18홀,tr_220094590
베뉴지,2026-09-19,11:59,189000,golfpang,,,18홀,tr_219780329
오너스,2026-09-19,13:57,145000,golfpang,,,18홀,tr_220307344
포천힐스,2026-09-19,12:10,230000,golfpang,,,18홀,tr_220139219
포천힐스,2026-09-19,13:55,230000,golfpang,,,18홀,tr_220139221
파주,2026-09-19,16:52,190000,golfpang,,,18홀,tr_220314826
파주,2026-09-19,16:24,190000,golfpang,,,18홀,tr_220314825
파주,2026-09-19,17:13,180000,golfpang,,,18홀,tr_220314827
베스트밸리-퍼9,2026-09-19,18:09,130000,golfpang,,,18홀,tr_220242796
베스트밸리-퍼9,2026-09-19,18:16,130000,golfpang,,,18홀,tr_220242797
라싸,2026-09-19,12:39,189000,golfpang,,,18홀,tr_220305623
포천힐스,2026-09-19,13:20,230000,golfpang,,,18홀,tr_220139220
베뉴지,2026-09-19,13:37,169000,golfpang,,,18홀,tr_219780330
클럽모우,2026-09-19,13:34,160000,golfpang,,,18홀,tr_220305780
가평베네스트,2026-09-19,13:42,250000,golfpang,,,18홀,tr_220241227
푸른솔포천,2026-09-19,07:10,260000,golfpang,,,18홀,tr_220315077
라싸,2026-09-19,06:48,209000,golfpang,,,18홀,tr_220305621
오너스,2026-09-19,08:28,180000,golfpang,,,18홀,tr_220307343
라싸,2026-09-19,08:19,239000,golfpang,,,18홀,tr_220305622
남춘천,2026-09-19,08:50,220000,golfpang,,,18홀,tr_220094589
가평프리스틴밸리,2026-09-19,13:17,220000,golfpang,,,18홀,tr_219822916
더플레이어스,2026-09-19,07:16,190000,golfpang,,,18홀,tr_219822905
더플레이어스,2026-09-19,12:44,160000,golfpang,,,18홀,tr_220004484
로드힐스,2026-09-19,13:53,190000,golfpang,,,18홀,tr_220326233
경춘(비공개),2026-09-19,13:22,160000,golfpang,,,18홀,tr_220326230
필로스,2026-09-19,18:07,140000,golfpang,,,18홀,tr_220004551
로드힐스,2026-09-19,08:53,210000,golfpang,,,18홀,tr_220326226
베뉴지,2026-09-19,13:30,160000,golfpang,,,18홀,tr_220236132
비콘힐스,2026-09-19,18:10,90000,golfpang,,,18홀,tr_219160170
비콘힐스,2026-09-19,19:08,90000,golfpang,,,18홀,tr_220326077
비콘힐스,2026-09-19,17:02,90000,golfpang,,,18홀,tr_220326076
베스트밸리-퍼9,2026-09-19,17:50,130000,golfpang,,,18홀,tr_219337437
클럽모우,2026-09-19,12:31,180000,golfpang,,,18홀,tr_220326047
클럽모우,2026-09-19,13:34,150000,golfpang,,,18홀,tr_220326048
오너스,2026-09-19,13:57,145000,golfpang,,,18홀,tr_220000613
더플레이어스,2026-09-19,11:55,160000,golfpang,,,18홀,tr_220198779
힐마루 포천,2026-09-19,18:13,160000,golfpang,,,18홀,tr_220198799
더플레이어스,2026-09-19,07:23,210000,golfpang,,,18홀,tr_219559265
비콘힐스,2026-09-19,18:33,90000,golfpang,,,18홀,tr_220325781
베뉴지,2026-09-19,12:49,179000,golfpang,,,18홀,tr_220325777
베뉴지,2026-09-19,12:49,179000,golfpang,,,18홀,tr_220325752
클럽모우,2026-09-19,12:49,160000,golfpang,,,18홀,tr_219555042
더플레이어스,2026-09-19,12:20,160000,golfpang,,,18홀,tr_220011427
가평프리스틴밸리,2026-09-19,13:17,240000,golfpang,,,18홀,tr_220235902
클럽모우,2026-09-19,13:34,150000,golfpang,,,18홀,tr_220325353
서원힐스,2026-09-19,05:39,250000,golfpang,,,18홀,tr_220325264
서원힐스,2026-09-19,05:39,250000,golfpang,,,18홀,tr_220325263
서원힐스,2026-09-19,05:32,240000,golfpang,,,18홀,tr_220325262
라싸,2026-09-19,13:42,179000,golfpang,,,18홀,tr_220325249
클럽모우,2026-09-19,13:41,150000,golfpang,,,18홀,tr_220199639
클럽모우,2026-09-19,13:48,150000,golfpang,,,18홀,tr_220212028
클럽모우,2026-09-19,13:34,150000,golfpang,,,18홀,tr_220199640
클럽모우,2026-09-19,13:41,150000,golfpang,,,18홀,tr_220304335
클럽모우,2026-09-19,13:48,150000,golfpang,,,18홀,tr_220325009
클럽모우,2026-09-19,14:09,150000,golfpang,,,18홀,tr_220325010
베뉴지,2026-09-19,13:58,160000,golfpang,,,18홀,tr_220324990
베뉴지,2026-09-19,13:23,165000,golfpang,,,18홀,tr_220324989
자유로,2026-09-19,14:19,210000,golfpang,,,18홀,tr_220001861
파주,2026-09-19,12:13,270000,golfpang,,,18홀,tr_219994208
오너스,2026-09-19,14:11,145000,golfpang,,,18홀,tr_219996193
파주타이거,2026-09-19,17:23,190000,golfpang,,,18홀,tr_219994265
샤인데일,2026-09-19,17:22,100000,golfpang,,,18홀,tr_219992517
베스트밸리-퍼9,2026-09-19,17:06,130000,golfpang,,,18홀,tr_219992481
파주타이거,2026-09-19,17:41,190000,golfpang,,,18홀,tr_219994264
베스트밸리-퍼9,2026-09-19,18:02,130000,golfpang,,,18홀,tr_219992479
라싸,2026-09-19,18:00,139000,golfpang,,,18홀,tr_219992236
파주,2026-09-19,18:09,170000,golfpang,,,18홀,tr_219994209
파주타이거,2026-09-19,18:17,190000,golfpang,,,18홀,tr_219994266
샤인데일,2026-09-19,12:20,150000,golfpang,,,18홀,tr_219992516
베뉴지,2026-09-19,12:41,179000,golfpang,,,18홀,tr_219992441
클럽모우,2026-09-19,12:45,180000,golfpang,,,18홀,tr_219994079
더플레이어스,2026-09-19,13:19,160000,golfpang,,,18홀,tr_219998674
베뉴지,2026-09-19,13:44,169000,golfpang,,,18홀,tr_219992440
라싸,2026-09-19,14:03,179000,golfpang,,,18홀,tr_219992235
푸른솔포천,2026-09-19,06:07,240000,golfpang,,,18홀,tr_219994372
파주,2026-09-19,05:49,240000,golfpang,,,18홀,tr_219994210
샤인데일,2026-09-19,08:12,200000,golfpang,,,18홀,tr_219992518
베스트밸리-퍼9,2026-09-19,11:53,170000,golfpang,,,18홀,tr_219992480
클럽모우,2026-09-19,08:50,210000,golfpang,,,18홀,tr_219994078
푸른솔포천,2026-09-19,13:55,230000,golfpang,,,18홀,tr_219994373
라싸,2026-09-19,06:41,239000,golfpang,,,18홀,tr_219992234
베뉴지,2026-09-19,13:06,165000,golfpang,,,18홀,tr_220203740
오너스,2026-09-19,08:28,175000,golfpang,,,18홀,tr_220324337
경춘(비공개),2026-09-19,13:22,160000,golfpang,,,18홀,tr_220324207
코브스윙,2026-09-19,13:52,180000,golfpang,,,18홀,tr_217211190
스프링베일-퍼9,2026-09-19,17:21,90000,golfpang,,,18홀,tr_219342060
스프링베일-퍼9,2026-09-19,12:20,100000,golfpang,,,18홀,tr_218988243
경춘(비공개),2026-09-19,13:22,160000,golfpang,,,18홀,tr_220321405
남양주(퍼9),2026-09-19,17:00,119000,golfpang,,,18홀,tr_220114607
남양주(퍼9),2026-09-19,08:00,169000,golfpang,,,18홀,tr_218357762
오너스,2026-09-19,13:57,145000,golfpang,,,18홀,tr_220105399
클럽모우,2026-09-19,13:55,160000,golfpang,,,18홀,tr_220299542
비콘힐스,2026-09-19,18:40,90000,golfpang,,,18홀,tr_219909942
오너스,2026-09-19,07:46,165000,golfpang,,,18홀,tr_220105398
한림광릉,2026-09-19,17:17,160000,golfpang,,,18홀,tr_220283509
필로스,2026-09-19,18:07,140000,golfpang,,,18홀,tr_219681625
필로스,2026-09-19,18:20,140000,golfpang,,,18홀,tr_219681626
비콘힐스,2026-09-19,18:40,90000,golfpang,,,18홀,tr_219909943
한림광릉,2026-09-19,13:58,190000,golfpang,,,18홀,tr_220283508
비콘힐스,2026-09-19,18:40,90000,golfpang,,,18홀,tr_219909941
필로스,2026-09-19,18:27,140000,golfpang,,,18홀,tr_219681627
클럽모우,2026-09-19,13:34,160000,golfpang,,,18홀,tr_220299541
남춘천,2026-09-19,14:03,160000,golfpang,,,18홀,tr_220206518
한림광릉,2026-09-19,06:38,230000,golfpang,,,18홀,tr_220283507
남양주(퍼9),2026-09-19,17:27,119000,golfpang,,,18홀,tr_220203739
가평프리스틴밸리,2026-09-19,13:17,220000,golfpang,,,18홀,tr_220321018
포천힐스,2026-09-19,13:20,230000,golfpang,,,18홀,tr_219906688
베뉴지,2026-09-19,13:09,165000,golfpang,,,18홀,tr_220070146
오너스,2026-09-19,07:40,160000,golfpang,,,18홀,tr_219790860
베스트밸리-퍼9,2026-09-19,17:55,130000,golfpang,,,18홀,tr_220318480
파주,2026-09-19,16:52,180000,golfpang,,,18홀,tr_220302083
필로스,2026-09-19,18:00,140000,golfpang,,,18홀,tr_220259186
가평프리스틴밸리,2026-09-19,13:17,220000,golfpang,,,18홀,tr_220306691
베뉴지,2026-09-19,13:30,160000,golfpang,,,18홀,tr_220304130
가평프리스틴밸리,2026-09-19,08:43,260000,golfpang,,,18홀,tr_220306656
파주,2026-09-19,12:27,230000,golfpang,,,18홀,tr_220306838
힐마루 포천,2026-09-19,18:20,160000,golfpang,,,18홀,tr_219992467
더플레이어스,2026-09-19,12:37,160000,golfpang,,,18홀,tr_219872716
더플레이어스,2026-09-19,07:16,190000,golfpang,,,18홀,tr_219872689
더플레이어스,2026-09-19,12:44,160000,golfpang,,,18홀,tr_220212822
파주,2026-09-19,12:27,230000,golfpang,,,18홀,tr_220301980
남춘천,2026-09-19,08:50,220000,golfpang,,,18홀,tr_220242513
남춘천,2026-09-19,06:39,180000,golfpang,,,18홀,tr_220242512
코브스윙,2026-09-19,13:52,180000,golfpang,,,18홀,tr_217162607
라싸,2026-09-19,13:14,179000,golfpang,,,18홀,tr_220046067
라싸,2026-09-19,06:41,209000,golfpang,,,18홀,tr_220045914
더플레이어스,2026-09-19,07:16,190000,golfpang,,,18홀,tr_220212695
힐마루 포천,2026-09-19,14:03,220000,golfpang,,,18홀,tr_219992463
한림광릉,2026-09-19,18:13,150000,golfpang,,,18홀,tr_220307491
한림광릉,2026-09-19,18:41,150000,golfpang,,,18홀,tr_220307492
한림광릉,2026-09-19,17:31,150000,golfpang,,,18홀,tr_220307490
비콘힐스,2026-09-19,18:26,90000,golfpang,,,18홀,tr_220301789
포레스트힐,2026-09-19,18:24,140000,golfpang,,,18홀,tr_219329636
포레스트힐,2026-09-19,17:56,140000,golfpang,,,18홀,tr_219329640
포레스트힐,2026-09-19,17:56,140000,golfpang,,,18홀,tr_219329612
세레니티-강촌,2026-09-19,12:07,210000,golfpang,,,18홀,tr_219934716
몽베르(대중제),2026-09-19,17:21,160000,golfpang,,,18홀,tr_219575208
몽베르(대중제),2026-09-19,17:21,160000,golfpang,,,18홀,tr_219575207
스프링베일-퍼9,2026-09-19,17:15,95000,golfpang,,,18홀,tr_219594544
베스트밸리-퍼9,2026-09-19,18:09,130000,golfpang,,,18홀,tr_220022945
베스트밸리-퍼9,2026-09-19,18:09,130000,golfpang,,,18홀,tr_220022944
베스트밸리-퍼9,2026-09-19,18:09,130000,golfpang,,,18홀,tr_220022943
베뉴지,2026-09-19,12:41,165000,golfpang,,,18홀,tr_220070328
베뉴지,2026-09-19,12:41,165000,golfpang,,,18홀,tr_220070327
샤인데일,2026-09-19,12:41,140000,golfpang,,,18홀,tr_219796513
더플레이어스,2026-09-19,13:26,160000,golfpang,,,18홀,tr_220236040
몽베르,2026-09-19,13:40,260000,golfpang,,,18홀,tr_219575852
몽베르,2026-09-19,13:40,260000,golfpang,,,18홀,tr_219575851
몽베르,2026-09-19,13:40,260000,golfpang,,,18홀,tr_219575850
자유로,2026-09-19,06:25,230000,golfpang,,,18홀,tr_219508546
서원힐스,2026-09-19,05:39,250000,golfpang,,,18홀,tr_219873691
서원힐스,2026-09-19,05:39,250000,golfpang,,,18홀,tr_219873690
서원힐스,2026-09-19,05:39,250000,golfpang,,,18홀,tr_219873689
더플레이어스,2026-09-19,06:55,190000,golfpang,,,18홀,tr_220236041
세레니티-강촌,2026-09-19,08:34,210000,golfpang,,,18홀,tr_219934715
세레니티-강촌,2026-09-19,08:34,210000,golfpang,,,18홀,tr_219934714
스프링베일-퍼9,2026-09-19,08:23,125000,golfpang,,,18홀,tr_219594542
포천힐스,2026-09-19,11:49,230000,golfpang,,,18홀,tr_219892054
포천힐스,2026-09-19,11:49,230000,golfpang,,,18홀,tr_219892053
포천힐스,2026-09-19,11:49,230000,golfpang,,,18홀,tr_219892052
샤인데일,2026-09-19,11:45,150000,golfpang,,,18홀,tr_219796512
샤인데일,2026-09-19,11:45,150000,golfpang,,,18홀,tr_219796511
스프링베일-퍼9,2026-09-19,11:40,115000,golfpang,,,18홀,tr_219594543
남춘천,2026-09-19,08:50,220000,golfpang,,,18홀,tr_220221222
남춘천,2026-09-19,08:50,220000,golfpang,,,18홀,tr_220221221
몽베르(대중제),2026-09-19,17:21,160000,golfpang,,,18홀,tr_219575209
자유로,2026-09-19,12:27,240000,golfpang,,,18홀,tr_219508545
스프링베일-퍼9,2026-09-19,07:27,115000,golfpang,,,18홀,tr_218787126
오너스,2026-09-19,07:11,160000,golfpang,,,18홀,tr_220210405
더플레이어스,2026-09-19,07:09,190000,golfpang,,,18홀,tr_220305982
더플레이어스,2026-09-19,13:12,160000,golfpang,,,18홀,tr_220305983
스프링베일-퍼9,2026-09-19,17:29,90000,golfpang,,,18홀,tr_220305883
필로스,2026-09-19,18:07,140000,golfpang,,,18홀,tr_220305798
가평프리스틴밸리,2026-09-19,08:43,260000,golfpang,,,18홀,tr_220242795
스프링베일-퍼9,2026-09-19,12:43,100000,golfpang,,,18홀,tr_220305779
스프링베일-퍼9,2026-09-19,07:06,115000,golfpang,,,18홀,tr_219999825
라싸,2026-09-19,18:14,139000,golfpang,,,18홀,tr_220305403
라데나,2026-09-19,11:32,240000,golfpang,,,18홀,tr_220305265
남춘천,2026-09-19,13:42,170000,golfpang,,,18홀,tr_220305262
클럽모우,2026-09-19,13:48,180000,golfpang,,,18홀,tr_219992461
포천힐스,2026-09-19,13:20,230000,golfpang,,,18홀,tr_220210839
베뉴지,2026-09-19,13:09,165000,golfpang,,,18홀,tr_220070219
클럽모우,2026-09-19,12:45,180000,golfpang,,,18홀,tr_220211710
파주,2026-09-19,12:27,230000,golfpang,,,18홀,tr_220211011
포천힐스,2026-09-19,12:10,230000,golfpang,,,18홀,tr_220210825
파주,2026-09-19,16:45,190000,golfpang,,,18홀,tr_220210985
라데나,2026-09-19,11:32,240000,golfpang,,,18홀,tr_220305150
라데나,2026-09-19,11:32,240000,golfpang,,,18홀,tr_220215636
베뉴지,2026-09-19,13:23,169000,golfpang,,,18홀,tr_220215657
남춘천,2026-09-19,13:42,170000,golfpang,,,18홀,tr_220305051
베뉴지,2026-09-19,08:29,170000,golfpang,,,18홀,tr_220304989
라싸,2026-09-19,07:37,189000,golfpang,,,18홀,tr_220304877
코브스윙,2026-09-19,14:02,180000,golfpang,,,18홀,tr_217375492
샴발라,2026-09-19,12:16,180000,golfpang,,,18홀,tr_220215255
남양주(퍼9),2026-09-19,17:34,119000,golfpang,,,18홀,tr_220304680
남양주(퍼9),2026-09-19,16:33,129000,golfpang,,,18홀,tr_220304678
남양주(퍼9),2026-09-19,17:00,119000,golfpang,,,18홀,tr_220304679
필로스,2026-09-19,18:00,140000,golfpang,,,18홀,tr_219933645
파주,2026-09-19,17:34,170000,golfpang,,,18홀,tr_220304606
라싸,2026-09-19,06:48,209000,golfpang,,,18홀,tr_220304583
라싸,2026-09-19,12:39,189000,golfpang,,,18홀,tr_220304584
라싸,2026-09-19,13:30,179000,golfpang,,,18홀,tr_220304585
더플레이어스,2026-09-19,12:51,160000,golfpang,,,18홀,tr_220211841
라싸,2026-09-19,08:19,239000,golfpang,,,18홀,tr_220304569
라싸,2026-09-19,06:48,209000,golfpang,,,18홀,tr_220304568
라싸,2026-09-19,12:39,189000,golfpang,,,18홀,tr_220304570
파주,2026-09-19,16:52,180000,golfpang,,,18홀,tr_220304566
남춘천,2026-09-19,13:42,170000,golfpang,,,18홀,tr_220211847
파주,2026-09-19,12:27,230000,golfpang,,,18홀,tr_220304511
클럽모우,2026-09-19,08:29,210000,golfpang,,,18홀,tr_220304334
포천힐스,2026-09-19,13:00,230000,golfpang,,,18홀,tr_219991397
강촌(비공개),2026-09-19,12:00,220000,golfpang,,,18홀,tr_220087852
라싸,2026-09-19,12:39,189000,golfpang,,,18홀,tr_220012717
라싸,2026-09-19,08:19,239000,golfpang,,,18홀,tr_220012716
라싸,2026-09-19,06:48,209000,golfpang,,,18홀,tr_220012715
라싸,2026-09-19,06:48,209000,golfpang,,,18홀,tr_220303997
라싸,2026-09-19,11:50,199000,golfpang,,,18홀,tr_220303998
라싸,2026-09-19,07:09,209000,golfpang,,,18홀,tr_220202636
가평프리스틴밸리,2026-09-19,13:45,220000,golfpang,,,18홀,tr_220202856
남춘천,2026-09-19,13:56,160000,golfpang,,,18홀,tr_220202630
라싸,2026-09-19,12:32,189000,golfpang,,,18홀,tr_220213045
더플레이어스,2026-09-19,12:44,160000,golfpang,,,18홀,tr_220202816
더플레이어스,2026-09-19,07:16,190000,golfpang,,,18홀,tr_220202775
라싸,2026-09-19,13:00,179000,golfpang,,,18홀,tr_220202668
베뉴지,2026-09-19,13:09,160000,golfpang,,,18홀,tr_220202692
라싸,2026-09-19,06:41,209000,golfpang,,,18홀,tr_219933207
라싸,2026-09-19,12:32,189000,golfpang,,,18홀,tr_220152886
더플레이어스,2026-09-19,12:44,160000,golfpang,,,18홀,tr_219933444
더플레이어스,2026-09-19,07:16,190000,golfpang,,,18홀,tr_220012063
가평프리스틴밸리,2026-09-19,13:17,220000,golfpang,,,18홀,tr_219933606
클럽모우,2026-09-19,13:34,160000,golfpang,,,18홀,tr_220301765
클럽모우,2026-09-19,13:34,160000,golfpang,,,18홀,tr_220214197
오너스,2026-09-19,13:57,145000,golfpang,,,18홀,tr_220299831
오너스,2026-09-19,07:46,170000,golfpang,,,18홀,tr_220299830
클럽모우,2026-09-19,12:45,180000,golfpang,,,18홀,tr_220299779
클럽모우,2026-09-19,13:34,160000,golfpang,,,18홀,tr_220299651
클럽모우,2026-09-19,13:34,160000,golfpang,,,18홀,tr_220299652
몽베르(대중제),2026-09-19,17:56,140000,golfpang,,,18홀,tr_220299571
몽베르(대중제),2026-09-19,17:56,140000,golfpang,,,18홀,tr_220299570
가평프리스틴밸리,2026-09-19,13:17,220000,golfpang,,,18홀,tr_216643653
필로스,2026-09-19,18:27,140000,golfpang,,,18홀,tr_219971294
스프링베일-퍼9,2026-09-19,17:08,90000,golfpang,,,18홀,tr_220121135
필로스,2026-09-19,18:06,140000,golfpang,,,18홀,tr_219971293
비발디파크E,2026-09-19,18:30,133000,golfpang,,,18홀,tr_219716176
오너스,2026-09-19,08:42,175000,golfpang,,,18홀,tr_220297027
오너스,2026-09-19,13:57,145000,golfpang,,,18홀,tr_219552209
더플레이어스,2026-09-19,13:05,160000,golfpang,,,18홀,tr_219647159
오너스,2026-09-19,08:28,175000,golfpang,,,18홀,tr_219865772
포천힐스,2026-09-19,12:10,230000,golfpang,,,18홀,tr_220212032
남양주(퍼9),2026-09-19,12:14,139000,golfpang,,,18홀,tr_220212008
클럽모우,2026-09-19,08:29,210000,golfpang,,,18홀,tr_220212025
남양주(퍼9),2026-09-19,13:14,139000,golfpang,,,18홀,tr_220212013
베뉴지,2026-09-19,13:09,165000,golfpang,,,18홀,tr_220212019
포천힐스,2026-09-19,13:20,230000,golfpang,,,18홀,tr_220212036
샴발라,2026-09-19,12:16,180000,golfpang,,,18홀,tr_220106002
베뉴지,2026-09-19,12:48,179000,golfpang,,,18홀,tr_220105983
비콘힐스,2026-09-19,18:10,90000,golfpang,,,18홀,tr_218566165
포레스트힐,2026-09-19,17:56,140000,golfpang,,,18홀,tr_219329802
포레스트힐,2026-09-19,18:24,140000,golfpang,,,18홀,tr_219329723
포레스트힐,2026-09-19,18:17,140000,golfpang,,,18홀,tr_219329757
포천(비공개),2026-09-19,17:56,140000,golfpang,,,18홀,tr_219329854
로드힐스,2026-09-19,08:52,210000,golfpang,,,18홀,tr_220104016
클럽모우,2026-09-19,14:02,180000,golfpang,,,18홀,tr_220290946
가평베네스트,2026-09-19,13:42,250000,golfpang,,,18홀,tr_220290901
가평베네스트,2026-09-19,13:42,250000,golfpang,,,18홀,tr_220290900
오너스,2026-09-19,08:36,165000,golfpang,,,18홀,tr_220165717
오너스,2026-09-19,07:39,155000,golfpang,,,18홀,tr_220165716
더플레이어스,2026-09-19,12:40,160000,golfpang,,,18홀,tr_220205339
자유로,2026-09-19,13:23,220000,golfpang,,,18홀,tr_220118395
비발디파크E,2026-09-19,12:34,224000,golfpang,,,18홀,tr_219716177
자유로,2026-09-19,14:05,210000,golfpang,,,18홀,tr_220118394
힐마루 포천,2026-09-19,18:20,160000,golfpang,,,18홀,tr_220204858
자유로,2026-09-19,14:05,210000,golfpang,,,18홀,tr_220181984
베스트밸리-퍼9,2026-09-19,16:52,140000,golfpang,,,18홀,tr_220180939
비콘힐스,2026-09-19,18:40,90000,golfpang,,,18홀,tr_220290003
코브스윙,2026-09-19,14:00,180000,golfpang,,,18홀,tr_217105797
가평베네스트,2026-09-19,13:28,239000,golfpang,,,18홀,tr_220046398
남춘천,2026-09-19,13:42,170000,golfpang,,,18홀,tr_220289867
몽베르(대중제),2026-09-19,17:56,140000,golfpang,,,18홀,tr_220261932
스프링베일-퍼9,2026-09-19,17:50,90000,golfpang,,,18홀,tr_220217906
몽베르(대중제),2026-09-19,18:38,140000,golfpang,,,18홀,tr_220261931
비콘힐스,2026-09-19,18:33,90000,golfpang,,,18홀,tr_219880759
몽베르(대중제),2026-09-19,18:31,140000,golfpang,,,18홀,tr_220261933
비콘힐스,2026-09-19,18:26,90000,golfpang,,,18홀,tr_219880758
남양주(퍼9),2026-09-19,16:27,129000,golfpang,,,18홀,tr_220121154
비콘힐스,2026-09-19,18:19,90000,golfpang,,,18홀,tr_219880760
파주,2026-09-19,18:16,170000,golfpang,,,18홀,tr_220129068
샤인데일,2026-09-19,18:11,80000,golfpang,,,18홀,tr_220103632
가평(비공개),2026-09-19,13:38,230000,golfpang,,,18홀,tr_218213660
푸른솔포천,2026-09-19,06:07,240000,golfpang,,,18홀,tr_220009224
스프링베일-퍼9,2026-09-19,06:59,105000,golfpang,,,18홀,tr_220217904
베스트밸리-퍼9,2026-09-19,06:26,200000,golfpang,,,18홀,tr_219329992
샤인데일,2026-09-19,08:12,200000,golfpang,,,18홀,tr_220103630
더플레이어스,2026-09-19,07:16,190000,golfpang,,,18홀,tr_219995016
포천힐스,2026-09-19,11:49,230000,golfpang,,,18홀,tr_220075419
남양주(퍼9),2026-09-19,12:14,139000,golfpang,,,18홀,tr_220121152
파주,2026-09-19,12:13,250000,golfpang,,,18홀,tr_220129066
포천힐스,2026-09-19,12:10,230000,golfpang,,,18홀,tr_220075420
가평(비공개),2026-09-19,12:42,240000,golfpang,,,18홀,tr_218213659
세레니티-강촌,2026-09-19,12:35,210000,golfpang,,,18홀,tr_220127776
베스트밸리-퍼9,2026-09-19,12:21,170000,golfpang,,,18홀,tr_219329993
세레니티-강촌,2026-09-19,13:10,210000,golfpang,,,18홀,tr_220127777
남양주(퍼9),2026-09-19,13:07,139000,golfpang,,,18홀,tr_220121153
포천힐스,2026-09-19,13:06,230000,golfpang,,,18홀,tr_220075421
더플레이어스,2026-09-19,12:51,160000,golfpang,,,18홀,tr_220289861
파주,2026-09-19,16:52,180000,golfpang,,,18홀,tr_220289832
가평베네스트,2026-09-19,13:42,250000,golfpang,,,18홀,tr_219325817
파주,2026-09-19,13:02,230000,golfpang,,,18홀,tr_220289706
오너스,2026-09-19,08:28,175000,golfpang,,,18홀,tr_220289537
오너스,2026-09-19,08:28,175000,golfpang,,,18홀,tr_220289538
한탄강,2026-09-19,14:00,170000,golfpang,,,18홀,tr_220212045
베뉴지,2026-09-19,13:30,160000,golfpang,,,18홀,tr_220219926
가평프리스틴밸리,2026-09-19,13:17,220000,golfpang,,,18홀,tr_220261276
라싸,2026-09-19,07:33,219000,golfpang,,,18홀,tr_220218951
오너스,2026-09-19,07:39,155000,golfpang,,,18홀,tr_220174695
파주타이거,2026-09-19,17:59,190000,golfpang,,,18홀,tr_220287673
파주타이거,2026-09-19,17:53,190000,golfpang,,,18홀,tr_220287672
파주타이거,2026-09-19,18:17,190000,golfpang,,,18홀,tr_220287674
스프링베일-퍼9,2026-09-19,17:29,90000,golfpang,,,18홀,tr_220287540
스프링베일-퍼9,2026-09-19,13:25,100000,golfpang,,,18홀,tr_220057112
스프링베일-퍼9,2026-09-19,12:43,100000,golfpang,,,18홀,tr_220057285
남춘천,2026-09-19,06:30,180000,golfpang,,,18홀,tr_220205807
포레스트힐,2026-09-19,18:10,140000,golfpang,,,18홀,tr_220212056
힐마루 포천,2026-09-19,14:03,220000,golfpang,,,18홀,tr_220127715
파주,2026-09-19,12:27,230000,golfpang,,,18홀,tr_220282974
더플레이어스,2026-09-19,13:26,160000,golfpang,,,18홀,tr_220002563
베스트밸리-퍼9,2026-09-19,18:09,130000,golfpang,,,18홀,tr_220182867
파주타이거,2026-09-19,05:32,240000,golfpang,,,18홀,tr_219596603
클럽모우,2026-09-19,12:45,180000,golfpang,,,18홀,tr_220182632
샴발라,2026-09-19,12:16,180000,golfpang,,,18홀,tr_220182570
파주,2026-09-19,05:42,220000,golfpang,,,18홀,tr_219781963
파주,2026-09-19,12:13,270000,golfpang,,,18홀,tr_219781941
가평(비공개),2026-09-19,06:42,260000,golfpang,,,18홀,tr_220220849
가평(비공개),2026-09-19,13:50,240000,golfpang,,,18홀,tr_220210149
청평(비공개),2026-09-19,13:50,240000,golfpang,,,18홀,tr_220210261
청평(비공개),2026-09-19,06:42,260000,golfpang,,,18홀,tr_220220797
한림광릉,2026-09-19,17:17,150000,golfpang,,,18홀,tr_220274414
한림광릉,2026-09-19,13:58,190000,golfpang,,,18홀,tr_220274413
한림광릉,2026-09-19,06:38,230000,golfpang,,,18홀,tr_220274412
포천힐스,2026-09-19,13:55,230000,golfpang,,,18홀,tr_220205382
푸른솔포천,2026-09-19,13:55,230000,golfpang,,,18홀,tr_219872450
남양주(퍼9),2026-09-19,17:07,119000,golfpang,,,18홀,tr_220128753
남양주(퍼9),2026-09-19,16:27,129000,golfpang,,,18홀,tr_220128752
스프링베일-퍼9,2026-09-19,17:22,90000,golfpang,,,18홀,tr_220117920
베스트밸리-퍼9,2026-09-19,18:09,130000,golfpang,,,18홀,tr_220236189
필로스,2026-09-19,18:07,140000,golfpang,,,18홀,tr_219685660
필로스,2026-09-19,18:20,140000,golfpang,,,18홀,tr_219685661
몽베르(대중제),2026-09-19,18:17,140000,golfpang,,,18홀,tr_220260976
베스트밸리-퍼9,2026-09-19,18:16,130000,golfpang,,,18홀,tr_220236190
몽베르(대중제),2026-09-19,18:38,140000,golfpang,,,18홀,tr_220260978
몽베르(대중제),2026-09-19,18:31,140000,golfpang,,,18홀,tr_220260977
베스트밸리-퍼9,2026-09-19,18:30,130000,golfpang,,,18홀,tr_220236191
필로스,2026-09-19,18:27,140000,golfpang,,,18홀,tr_219685662
비콘힐스,2026-09-19,18:54,90000,golfpang,,,18홀,tr_220114654
비콘힐스,2026-09-19,18:47,90000,golfpang,,,18홀,tr_220114653
비콘힐스,2026-09-19,18:40,90000,golfpang,,,18홀,tr_220114652
푸른솔포천,2026-09-19,06:07,240000,golfpang,,,18홀,tr_219872449
스프링베일-퍼9,2026-09-19,06:52,105000,golfpang,,,18홀,tr_220117918
포천힐스,2026-09-19,12:10,230000,golfpang,,,18홀,tr_220205380
스프링베일-퍼9,2026-09-19,12:08,105000,golfpang,,,18홀,tr_220117919
남양주(퍼9),2026-09-19,12:34,139000,golfpang,,,18홀,tr_220128751
포천힐스,2026-09-19,13:20,230000,golfpang,,,18홀,tr_220205381
베뉴지,2026-09-19,13:23,165000,golfpang,,,18홀,tr_219775729
남춘천,2026-09-19,13:42,170000,golfpang,,,18홀,tr_220261863
더플레이어스,2026-09-19,12:51,160000,golfpang,,,18홀,tr_219343263
포레스트힐,2026-09-19,18:10,140000,golfpang,,,18홀,tr_219343558
힐마루 포천,2026-09-19,18:13,160000,golfpang,,,18홀,tr_220260969
라데나,2026-09-19,11:32,240000,golfpang,,,18홀,tr_220261930
베뉴지,2026-09-19,13:30,160000,golfpang,,,18홀,tr_220261952
베뉴지,2026-09-19,13:30,160000,golfpang,,,18홀,tr_220261810
파주,2026-09-19,13:02,230000,golfpang,,,18홀,tr_220261598
파주,2026-09-19,12:27,230000,golfpang,,,18홀,tr_220261597
파주,2026-09-19,05:49,220000,golfpang,,,18홀,tr_220261596
몽베르(대중제),2026-09-19,18:17,140000,golfpang,,,18홀,tr_220182331
한림광릉,2026-09-19,18:09,150000,golfpang,,,18홀,tr_220261397
한림광릉,2026-09-19,18:48,150000,golfpang,,,18홀,tr_220261398
한림광릉,2026-09-19,17:38,150000,golfpang,,,18홀,tr_220261396
스마트KU,2026-09-19,14:10,240000,golfpang,,,18홀,tr_220233302
남춘천,2026-09-19,07:07,220000,golfpang,,,18홀,tr_220221205
더플레이어스,2026-09-19,06:55,190000,golfpang,,,18홀,tr_220222292
스마트KU,2026-09-19,13:56,240000,golfpang,,,18홀,tr_220233301
자유로,2026-09-19,08:52,250000,golfpang,,,18홀,tr_220220483
남춘천,2026-09-19,08:50,220000,golfpang,,,18홀,tr_220221204
자유로,2026-09-19,12:34,240000,golfpang,,,18홀,tr_220220484
더플레이어스,2026-09-19,13:26,160000,golfpang,,,18홀,tr_220222291
파주,2026-09-19,06:24,290000,golfpang,,,18홀,tr_220056963
서원힐스,2026-09-19,05:39,240000,golfpang,,,18홀,tr_220239392
서원힐스,2026-09-19,05:32,240000,golfpang,,,18홀,tr_220239391
파주,2026-09-19,05:21,230000,golfpang,,,18홀,tr_220056962
베뉴지,2026-09-19,13:09,165000,golfpang,,,18홀,tr_220199320
한림광릉,2026-09-19,17:38,150000,golfpang,,,18홀,tr_220004422
포레스트힐,2026-09-19,08:36,230000,golfpang,,,18홀,tr_219343507
샤인데일,2026-09-19,08:12,200000,golfpang,,,18홀,tr_220213053
몽베르,2026-09-19,13:48,260000,golfpang,,,18홀,tr_220255780
가평베네스트,2026-09-19,13:42,250000,golfpang,,,18홀,tr_220236059
푸른솔포천,2026-09-19,13:55,230000,golfpang,,,18홀,tr_220009688
한림광릉,2026-09-19,17:35,150000,golfpang,,,18홀,tr_220255877
몽베르(대중제),2026-09-19,17:21,150000,golfpang,,,18홀,tr_219932858
한림광릉,2026-09-19,17:52,150000,golfpang,,,18홀,tr_220255878
베스트밸리-퍼9,2026-09-19,18:09,130000,golfpang,,,18홀,tr_220212922
몽베르(대중제),2026-09-19,17:56,140000,golfpang,,,18홀,tr_219932859
필로스,2026-09-19,18:20,140000,golfpang,,,18홀,tr_220013667
몽베르(대중제),2026-09-19,18:17,140000,golfpang,,,18홀,tr_219932860
베스트밸리-퍼9,2026-09-19,18:16,130000,golfpang,,,18홀,tr_220212923
비콘힐스,2026-09-19,18:33,90000,golfpang,,,18홀,tr_219855679
필로스,2026-09-19,18:27,140000,golfpang,,,18홀,tr_220013668
베스트밸리-퍼9,2026-09-19,18:23,130000,golfpang,,,18홀,tr_220212924
한림광릉,2026-09-19,18:20,150000,golfpang,,,18홀,tr_220255879
비콘힐스,2026-09-19,19:01,90000,golfpang,,,18홀,tr_219855681
비콘힐스,2026-09-19,18:47,90000,golfpang,,,18홀,tr_219855680
세레니티-강촌,2026-09-19,08:34,210000,golfpang,,,18홀,tr_219892092
클럽모우,2026-09-19,08:29,210000,golfpang,,,18홀,tr_220197758
스프링베일-퍼9,2026-09-19,08:23,115000,golfpang,,,18홀,tr_220117870
스프링베일-퍼9,2026-09-19,12:01,105000,golfpang,,,18홀,tr_220117871
남양주(퍼9),2026-09-19,12:14,139000,golfpang,,,18홀,tr_220106879
포천힐스,2026-09-19,12:10,230000,golfpang,,,18홀,tr_220223083
더플레이어스,2026-09-19,12:09,160000,golfpang,,,18홀,tr_219990442
세레니티-강촌,2026-09-19,12:07,210000,golfpang,,,18홀,tr_219892093
남양주(퍼9),2026-09-19,12:47,139000,golfpang,,,18홀,tr_220106880
클럽모우,2026-09-19,12:45,180000,golfpang,,,18홀,tr_220197759
포천힐스,2026-09-19,13:20,230000,golfpang,,,18홀,tr_220223084
남양주(퍼9),2026-09-19,13:14,139000,golfpang,,,18홀,tr_220106881
포천힐스,2026-09-19,13:41,230000,golfpang,,,18홀,tr_220223085
푸른솔포천,2026-09-19,06:07,240000,golfpang,,,18홀,tr_220009687
서원힐스,2026-09-19,05:39,250000,golfpang,,,18홀,tr_220213120
남춘천,2026-09-19,07:07,220000,golfpang,,,18홀,tr_220179164
스프링베일-퍼9,2026-09-19,06:52,105000,golfpang,,,18홀,tr_220117869
세레니티-강촌,2026-09-19,06:49,210000,golfpang,,,18홀,tr_219892091
남춘천,2026-09-19,06:25,180000,golfpang,,,18홀,tr_220179163
몽베르,2026-09-19,13:40,260000,golfpang,,,18홀,tr_220255779
더플레이어스,2026-09-19,07:16,190000,golfpang,,,18홀,tr_219990441
포천힐스,2026-09-19,12:10,230000,golfpang,,,18홀,tr_220209267
파주,2026-09-19,12:27,230000,golfpang,,,18홀,tr_220209287
파주,2026-09-19,05:49,230000,golfpang,,,18홀,tr_220209286
베뉴지,2026-09-19,13:30,160000,golfpang,,,18홀,tr_220239349
서원힐스,2026-09-19,05:32,240000,golfpang,,,18홀,tr_220209357
샴발라,2026-09-19,11:41,190000,golfpang,,,18홀,tr_220209371
필로스,2026-09-19,18:27,140000,golfpang,,,18홀,tr_220259584
필로스,2026-09-19,18:20,140000,golfpang,,,18홀,tr_220259583
더플레이어스,2026-09-19,12:44,160000,golfpang,,,18홀,tr_220259545
베뉴지,2026-09-19,13:09,165000,golfpang,,,18홀,tr_220209244
클럽모우,2026-09-19,13:48,180000,golfpang,,,18홀,tr_220209263
남양주(퍼9),2026-09-19,16:27,129000,golfpang,,,18홀,tr_220259078
남양주(퍼9),2026-09-19,13:14,139000,golfpang,,,18홀,tr_220259032
더플레이어스,2026-09-19,11:50,160000,golfpang,,,18홀,tr_220207587
더플레이어스,2026-09-19,13:05,160000,golfpang,,,18홀,tr_220239702
세레니티-강촌,2026-09-19,07:31,210000,golfpang,,,18홀,tr_218839995
더플레이어스,2026-09-19,07:16,190000,golfpang,,,18홀,tr_219990934
몽베르,2026-09-19,13:40,260000,golfpang,,,18홀,tr_219575804
몽베르,2026-09-19,13:40,260000,golfpang,,,18홀,tr_219575802
푸른솔포천,2026-09-19,13:34,230000,golfpang,,,18홀,tr_218720235
가평베네스트,2026-09-19,13:28,250000,golfpang,,,18홀,tr_219971007
몽베르,2026-09-19,13:48,260000,golfpang,,,18홀,tr_219575803
베뉴지,2026-09-19,13:58,160000,golfpang,,,18홀,tr_220127772
베스트밸리-퍼9,2026-09-19,16:31,140000,golfpang,,,18홀,tr_219711157
한림광릉,2026-09-19,17:31,150000,golfpang,,,18홀,tr_220125806
한림광릉,2026-09-19,17:24,150000,golfpang,,,18홀,tr_220125807
한림광릉,2026-09-19,17:24,190000,golfpang,,,18홀,tr_220125805
파주타이거,2026-09-19,17:23,190000,golfpang,,,18홀,tr_219327429
몽베르(대중제),2026-09-19,17:21,160000,golfpang,,,18홀,tr_219584317
파주타이거,2026-09-19,17:11,190000,golfpang,,,18홀,tr_219327430
파주타이거,2026-09-19,17:11,190000,golfpang,,,18홀,tr_219327428
세레니티-강촌,2026-09-19,17:39,140000,golfpang,,,18홀,tr_218839996
필로스,2026-09-19,18:07,140000,golfpang,,,18홀,tr_219688472
몽베르(대중제),2026-09-19,17:56,150000,golfpang,,,18홀,tr_219584318
몽베르(대중제),2026-09-19,17:56,150000,golfpang,,,18홀,tr_219584319
필로스,2026-09-19,18:14,140000,golfpang,,,18홀,tr_219688473
비콘힐스,2026-09-19,18:33,90000,golfpang,,,18홀,tr_219870560
비콘힐스,2026-09-19,18:33,90000,golfpang,,,18홀,tr_219870558
필로스,2026-09-19,18:20,140000,golfpang,,,18홀,tr_219688474
비콘힐스,2026-09-19,18:40,90000,golfpang,,,18홀,tr_219870559
샤인데일,2026-09-19,08:12,200000,golfpang,,,18홀,tr_220118217
샤인데일,2026-09-19,08:12,200000,golfpang,,,18홀,tr_220118216
샤인데일,2026-09-19,08:12,200000,golfpang,,,18홀,tr_220118215
남춘천,2026-09-19,12:06,180000,golfpang,,,18홀,tr_220127139
스프링베일-퍼9,2026-09-19,12:01,105000,golfpang,,,18홀,tr_220118460
포천힐스,2026-09-19,11:29,230000,golfpang,,,18홀,tr_220127972
남춘천,2026-09-19,08:50,220000,golfpang,,,18홀,tr_220127138
포천힐스,2026-09-19,12:10,230000,golfpang,,,18홀,tr_220127973
더플레이어스,2026-09-19,12:09,160000,golfpang,,,18홀,tr_219990935
스프링베일-퍼9,2026-09-19,12:08,105000,golfpang,,,18홀,tr_220118461
베스트밸리-퍼9,2026-09-19,12:07,170000,golfpang,,,18홀,tr_219711156
남양주(퍼9),2026-09-19,12:34,139000,golfpang,,,18홀,tr_220107265
남양주(퍼9),2026-09-19,12:20,139000,golfpang,,,18홀,tr_220107264
가평베네스트,2026-09-19,13:14,250000,golfpang,,,18홀,tr_219971006
세레니티-강촌,2026-09-19,13:10,210000,golfpang,,,18홀,tr_218839994
남양주(퍼9),2026-09-19,13:07,139000,golfpang,,,18홀,tr_220107266
포천힐스,2026-09-19,13:06,230000,golfpang,,,18홀,tr_220127974
베뉴지,2026-09-19,13:16,165000,golfpang,,,18홀,tr_220127771
베스트밸리-퍼9,2026-09-19,06:19,180000,golfpang,,,18홀,tr_219711155
스프링베일-퍼9,2026-09-19,07:41,115000,golfpang,,,18홀,tr_220118459
푸른솔포천,2026-09-19,13:41,230000,golfpang,,,18홀,tr_218720236
서원힐스,2026-09-19,05:53,250000,golfpang,,,18홀,tr_219891847
강촌(비공개),2026-09-19,06:23,230000,golfpang,,,18홀,tr_219367561
강촌(비공개),2026-09-19,12:05,220000,golfpang,,,18홀,tr_219367557
남춘천,2026-09-19,06:25,180000,golfpang,,,18홀,tr_220174894
한림광릉,2026-09-19,17:17,150000,golfpang,,,18홀,tr_220255741
한림광릉,2026-09-19,17:24,150000,golfpang,,,18홀,tr_220255742
한림광릉,2026-09-19,17:17,150000,golfpang,,,18홀,tr_220255740
더플레이어스,2026-09-19,12:44,160000,golfpang,,,18홀,tr_219601205
파주,2026-09-19,17:06,180000,golfpang,,,18홀,tr_220200717
파주,2026-09-19,12:13,250000,golfpang,,,18홀,tr_220200715
포천힐스,2026-09-19,12:10,230000,golfpang,,,18홀,tr_220200810
포천힐스,2026-09-19,13:55,230000,golfpang,,,18홀,tr_220200812
세레니티-강촌,2026-09-19,12:49,210000,golfpang,,,18홀,tr_220201247
클럽모우,2026-09-19,12:45,180000,golfpang,,,18홀,tr_220200034
푸른솔포천,2026-09-19,13:55,230000,golfpang,,,18홀,tr_220200828
라싸,2026-09-19,12:39,189000,golfpang,,,18홀,tr_220200773
파주,2026-09-19,13:02,250000,golfpang,,,18홀,tr_220200716
포천힐스,2026-09-19,13:20,230000,golfpang,,,18홀,tr_220200811
샤인데일,2026-09-19,08:12,200000,golfpang,,,18홀,tr_220201370
라싸,2026-09-19,07:16,219000,golfpang,,,18홀,tr_220200771
클럽모우,2026-09-19,08:29,210000,golfpang,,,18홀,tr_220200033
라싸,2026-09-19,08:19,239000,golfpang,,,18홀,tr_220200772
푸른솔포천,2026-09-19,06:07,230000,golfpang,,,18홀,tr_220200827
세레니티-강촌,2026-09-19,08:34,210000,golfpang,,,18홀,tr_220201246
샤인데일,2026-09-19,08:12,200000,golfpang,,,18홀,tr_220201369
샤인데일,2026-09-19,08:12,200000,golfpang,,,18홀,tr_220201371
세레니티-강촌,2026-09-19,07:17,210000,golfpang,,,18홀,tr_220201245
가평프리스틴밸리,2026-09-19,13:17,220000,golfpang,,,18홀,tr_219820235
가평프리스틴밸리,2026-09-19,13:17,220000,golfpang,,,18홀,tr_220242426
더플레이어스,2026-09-19,12:44,160000,golfpang,,,18홀,tr_220210142
라싸,2026-09-19,12:18,199000,golfpang,,,18홀,tr_220210137
베뉴지,2026-09-19,12:49,179000,golfpang,,,18홀,tr_220215156
더플레이어스,2026-09-19,11:55,160000,golfpang,,,18홀,tr_220210296
더플레이어스,2026-09-19,07:30,190000,golfpang,,,18홀,tr_220210295
힐마루 포천,2026-09-19,18:13,160000,golfpang,,,18홀,tr_220210297
오너스,2026-09-19,08:21,160000,golfpang,,,18홀,tr_219997204
오너스,2026-09-19,14:25,140000,golfpang,,,18홀,tr_219781702
라싸,2026-09-19,12:32,189000,golfpang,,,18홀,tr_220242427
서원힐스,2026-09-19,05:41,240000,golfpang,,,18홀,tr_220242577
가평베네스트,2026-09-19,13:42,250000,golfpang,,,18홀,tr_220242648
가평베네스트,2026-09-19,13:42,250000,golfpang,,,18홀,tr_220242649
베스트밸리-퍼9,2026-09-19,16:50,140000,golfpang,,,18홀,tr_220242048
베뉴지,2026-09-19,13:23,160000,golfpang,,,18홀,tr_220241465
라싸,2026-09-19,06:41,209000,golfpang,,,18홀,tr_220241418
가평베네스트,2026-09-19,13:14,250000,golfpang,,,18홀,tr_220241047
가평베네스트,2026-09-19,13:14,250000,golfpang,,,18홀,tr_220241046
세레니티-강촌,2026-09-19,17:46,140000,golfpang,,,18홀,tr_220221731
가평프리스틴밸리,2026-09-19,13:17,240000,golfpang,,,18홀,tr_220221240
세레니티-강촌,2026-09-19,12:49,210000,golfpang,,,18홀,tr_220220794
더플레이어스,2026-09-19,12:44,160000,golfpang,,,18홀,tr_220220678
가평베네스트,2026-09-19,13:42,250000,golfpang,,,18홀,tr_220240576
가평베네스트,2026-09-19,13:42,250000,golfpang,,,18홀,tr_220240577
라싸,2026-09-19,11:57,199000,golfpang,,,18홀,tr_220219811
더플레이어스,2026-09-19,12:09,160000,golfpang,,,18홀,tr_219990676
더플레이어스,2026-09-19,07:16,190000,golfpang,,,18홀,tr_219990675
비콘힐스,2026-09-19,17:02,90000,golfpang,,,18홀,tr_219842968
비콘힐스,2026-09-19,17:51,90000,golfpang,,,18홀,tr_219842970
비콘힐스,2026-09-19,17:02,90000,golfpang,,,18홀,tr_219842969
더플레이어스,2026-09-19,07:16,190000,golfpang,,,18홀,tr_220220216
샤인데일,2026-09-19,08:12,200000,golfpang,,,18홀,tr_220240168
베뉴지,2026-09-19,13:30,160000,golfpang,,,18홀,tr_220240069
오너스,2026-09-19,08:21,160000,golfpang,,,18홀,tr_220212033
샴발라,2026-09-19,12:23,180000,golfpang,,,18홀,tr_220222716
힐마루 포천,2026-09-19,18:13,160000,golfpang,,,18홀,tr_220209702
자유로,2026-09-19,14:05,210000,golfpang,,,18홀,tr_220002263
라싸,2026-09-19,17:46,149000,golfpang,,,18홀,tr_220239000
라싸,2026-09-19,12:39,189000,golfpang,,,18홀,tr_220238999
라싸,2026-09-19,18:14,139000,golfpang,,,18홀,tr_220239001
필로스,2026-09-19,18:00,140000,golfpang,,,18홀,tr_220221831
스프링베일-퍼9,2026-09-19,06:52,105000,golfpang,,,18홀,tr_220125960
샤인데일,2026-09-19,08:12,200000,golfpang,,,18홀,tr_220114613
샤인데일,2026-09-19,08:12,200000,golfpang,,,18홀,tr_220114612
샤인데일,2026-09-19,08:12,200000,golfpang,,,18홀,tr_220114611
스프링베일-퍼9,2026-09-19,07:41,115000,golfpang,,,18홀,tr_220125961
더플레이어스,2026-09-19,07:16,190000,golfpang,,,18홀,tr_219999038
남춘천,2026-09-19,08:50,220000,golfpang,,,18홀,tr_220179803
포천힐스,2026-09-19,12:10,230000,golfpang,,,18홀,tr_220104384
남춘천,2026-09-19,12:41,160000,golfpang,,,18홀,tr_220179804
스프링베일-퍼9,2026-09-19,12:50,105000,golfpang,,,18홀,tr_220125962
파주,2026-09-19,12:48,290000,golfpang,,,18홀,tr_219156803
남양주(퍼9),2026-09-19,12:47,139000,golfpang,,,18홀,tr_220125380
세레니티-강촌,2026-09-19,13:10,210000,golfpang,,,18홀,tr_218346834
더플레이어스,2026-09-19,13:05,160000,golfpang,,,18홀,tr_219999039
포천힐스,2026-09-19,13:03,230000,golfpang,,,18홀,tr_220104385
포천힐스,2026-09-19,13:41,230000,golfpang,,,18홀,tr_220104386
푸른솔포천,2026-09-19,13:55,230000,golfpang,,,18홀,tr_220003568
남양주(퍼9),2026-09-19,16:47,129000,golfpang,,,18홀,tr_220125381
파주타이거,2026-09-19,17:11,190000,golfpang,,,18홀,tr_219156696
비콘힐스,2026-09-19,17:51,90000,golfpang,,,18홀,tr_220036707
파주타이거,2026-09-19,17:47,190000,golfpang,,,18홀,tr_219156697
세레니티-강촌,2026-09-19,17:46,140000,golfpang,,,18홀,tr_218346835
남양주(퍼9),2026-09-19,17:40,119000,golfpang,,,18홀,tr_220125382
베스트밸리-퍼9,2026-09-19,18:09,130000,golfpang,,,18홀,tr_220190818
파주,2026-09-19,18:09,170000,golfpang,,,18홀,tr_219156804
파주타이거,2026-09-19,18:17,190000,golfpang,,,18홀,tr_219156698
베스트밸리-퍼9,2026-09-19,18:16,130000,golfpang,,,18홀,tr_220190819
포레스트힐,2026-09-19,18:10,140000,golfpang,,,18홀,tr_220220444
비콘힐스,2026-09-19,18:33,90000,golfpang,,,18홀,tr_220036708
베스트밸리-퍼9,2026-09-19,18:30,130000,golfpang,,,18홀,tr_220190820
필로스,2026-09-19,18:27,140000,golfpang,,,18홀,tr_219780216
필로스,2026-09-19,18:27,140000,golfpang,,,18홀,tr_219780215
필로스,2026-09-19,18:20,140000,golfpang,,,18홀,tr_219780214
비콘힐스,2026-09-19,19:08,90000,golfpang,,,18홀,tr_220036709
포레스트힐,2026-09-19,18:59,140000,golfpang,,,18홀,tr_220220446
포레스트힐,2026-09-19,18:45,140000,golfpang,,,18홀,tr_220220445
파주,2026-09-19,06:24,290000,golfpang,,,18홀,tr_219156802
푸른솔포천,2026-09-19,06:07,240000,golfpang,,,18홀,tr_220003567
서원힐스,2026-09-19,05:39,250000,golfpang,,,18홀,tr_220198969
서원힐스,2026-09-19,05:39,250000,golfpang,,,18홀,tr_220198968
서원힐스,2026-09-19,05:32,250000,golfpang,,,18홀,tr_220198967
필로스,2026-09-19,18:00,140000,golfpang,,,18홀,tr_220221950
베뉴지,2026-09-19,13:09,165000,golfpang,,,18홀,tr_220207931
클럽모우,2026-09-19,13:48,180000,golfpang,,,18홀,tr_218116969
남양주(퍼9),2026-09-19,16:27,129000,golfpang,,,18홀,tr_220207929
남양주(퍼9),2026-09-19,12:14,139000,golfpang,,,18홀,tr_220207925
제이퍼블릭,2026-09-19,12:51,95000,golfpang,,,12홀,tr_219909974
샴발라,2026-09-19,12:01,180000,golfpang,,,18홀,tr_220037232
파주,2026-09-19,05:49,230000,golfpang,,,18홀,tr_220220684
파주,2026-09-19,17:34,170000,golfpang,,,18홀,tr_220220686
파주,2026-09-19,12:13,250000,golfpang,,,18홀,tr_220220685
파주타이거,2026-09-19,17:47,190000,golfpang,,,18홀,tr_220220643
파주타이거,2026-09-19,18:17,190000,golfpang,,,18홀,tr_220220644
베스트밸리-퍼9,2026-09-19,18:02,130000,golfpang,,,18홀,tr_219987068
베스트밸리-퍼9,2026-09-19,17:55,130000,golfpang,,,18홀,tr_219987067
비콘힐스,2026-09-19,18:33,90000,golfpang,,,18홀,tr_219985483
베스트밸리-퍼9,2026-09-19,16:59,140000,golfpang,,,18홀,tr_219987066
비콘힐스,2026-09-19,18:26,90000,golfpang,,,18홀,tr_219985481
비콘힐스,2026-09-19,18:33,90000,golfpang,,,18홀,tr_219985482
포천힐스,2026-09-19,13:55,230000,golfpang,,,18홀,tr_220219777
포천힐스,2026-09-19,13:20,230000,golfpang,,,18홀,tr_220219776
더플레이어스,2026-09-19,13:05,160000,golfpang,,,18홀,tr_219371293
포천힐스,2026-09-19,12:10,230000,golfpang,,,18홀,tr_220219775
더플레이어스,2026-09-19,12:16,160000,golfpang,,,18홀,tr_219990214
남춘천,2026-09-19,06:25,180000,golfpang,,,18홀,tr_220205653
남춘천,2026-09-19,08:50,220000,golfpang,,,18홀,tr_220205654
남양주(퍼9),2026-09-19,17:07,119000,golfpang,,,18홀,tr_220180945
남양주(퍼9),2026-09-19,12:20,139000,golfpang,,,18홀,tr_220180943
남양주(퍼9),2026-09-19,16:34,129000,golfpang,,,18홀,tr_220180944
샤인데일,2026-09-19,08:12,200000,golfpang,,,18홀,tr_220107018
베뉴지,2026-09-19,13:58,160000,golfpang,,,18홀,tr_220070161
베뉴지,2026-09-19,13:09,165000,golfpang,,,18홀,tr_220070160
오너스,2026-09-19,08:00,175000,golfpang,,,18홀,tr_220035105
오너스,2026-09-19,08:35,175000,golfpang,,,18홀,tr_220035106
비발디파크W,2026-09-19,12:45,208000,golfpang,,,18홀,tr_220013598
스프링베일-퍼9,2026-09-19,12:01,115000,golfpang,,,18홀,tr_220014996
비발디파크W,2026-09-19,12:59,208000,golfpang,,,18홀,tr_220013599
비발디파크E,2026-09-19,12:50,224000,golfpang,,,18홀,tr_220015707
스프링베일-퍼9,2026-09-19,06:59,115000,golfpang,,,18홀,tr_220014995
스프링베일-퍼9,2026-09-19,17:22,95000,golfpang,,,18홀,tr_220014997
자유로,2026-09-19,14:05,210000,golfpang,,,18홀,tr_220033375
비발디파크E,2026-09-19,13:46,208000,golfpang,,,18홀,tr_220015708
비발디파크E,2026-09-19,13:54,208000,golfpang,,,18홀,tr_220015709
자유로,2026-09-19,13:37,220000,golfpang,,,18홀,tr_220033374
세레니티-강촌,2026-09-19,17:25,140000,golfpang,,,18홀,tr_219459563
몽베르(대중제),2026-09-19,17:56,150000,golfpang,,,18홀,tr_219596223
필로스,2026-09-19,17:54,140000,golfpang,,,18홀,tr_219673647
필로스,2026-09-19,17:54,140000,golfpang,,,18홀,tr_219673646
필로스,2026-09-19,18:00,140000,golfpang,,,18홀,tr_219673648
세레니티-강촌,2026-09-19,07:31,210000,golfpang,,,18홀,tr_219459561
몽베르(대중제),2026-09-19,17:21,160000,golfpang,,,18홀,tr_219596221
몽베르(대중제),2026-09-19,17:28,160000,golfpang,,,18홀,tr_219596222
세레니티-강촌,2026-09-19,13:10,210000,golfpang,,,18홀,tr_219459562
스마트KU,2026-09-19,13:14,240000,golfpang,,,18홀,tr_219492809
서원힐스,2026-09-19,05:32,250000,golfpang,,,18홀,tr_219874358
스마트KU,2026-09-19,13:35,220000,golfpang,,,18홀,tr_219492810
서원힐스,2026-09-19,05:39,250000,golfpang,,,18홀,tr_219874359
베스트밸리-퍼9,2026-09-19,18:31,130000,golfpang,,,18홀,tr_220217831
베스트밸리-퍼9,2026-09-19,18:10,130000,golfpang,,,18홀,tr_220217695
세레니티-강촌,2026-09-19,17:46,140000,golfpang,,,18홀,tr_220216382
베스트밸리-퍼9,2026-09-19,12:07,170000,golfpang,,,18홀,tr_219654707
베뉴지,2026-09-19,13:09,165000,golfpang,,,18홀,tr_220057990
더플레이어스,2026-09-19,13:05,160000,golfpang,,,18홀,tr_220002172
세레니티-강촌,2026-09-19,13:03,210000,golfpang,,,18홀,tr_218785359
포천힐스,2026-09-19,13:20,230000,golfpang,,,18홀,tr_220057408
몽베르,2026-09-19,13:40,260000,golfpang,,,18홀,tr_219672936
푸른솔포천,2026-09-19,13:34,230000,golfpang,,,18홀,tr_218783608
베뉴지,2026-09-19,13:51,160000,golfpang,,,18홀,tr_220057991
가평베네스트,2026-09-19,13:42,250000,golfpang,,,18홀,tr_220002354
몽베르,2026-09-19,13:56,260000,golfpang,,,18홀,tr_219672937
포천힐스,2026-09-19,13:55,230000,golfpang,,,18홀,tr_220057409
남양주(퍼9),2026-09-19,17:07,119000,golfpang,,,18홀,tr_220124762
파주,2026-09-19,16:45,190000,golfpang,,,18홀,tr_220138647
남양주(퍼9),2026-09-19,16:34,129000,golfpang,,,18홀,tr_220124761
베스트밸리-퍼9,2026-09-19,16:31,140000,golfpang,,,18홀,tr_219654708
몽베르(대중제),2026-09-19,17:28,150000,golfpang,,,18홀,tr_220002226
비콘힐스,2026-09-19,17:23,90000,golfpang,,,18홀,tr_219562055
스프링베일-퍼9,2026-09-19,17:22,90000,golfpang,,,18홀,tr_220212409
세레니티-강촌,2026-09-19,17:39,140000,golfpang,,,18홀,tr_218785360
몽베르(대중제),2026-09-19,18:03,140000,golfpang,,,18홀,tr_220002227
몽베르(대중제),2026-09-19,18:38,140000,golfpang,,,18홀,tr_220002228
비콘힐스,2026-09-19,18:26,90000,golfpang,,,18홀,tr_219562056
비콘힐스,2026-09-19,19:08,90000,golfpang,,,18홀,tr_219562057
베스트밸리-퍼9,2026-09-19,06:19,180000,golfpang,,,18홀,tr_219654706
푸른솔포천,2026-09-19,06:07,270000,golfpang,,,18홀,tr_218783607
파주,2026-09-19,05:49,230000,golfpang,,,18홀,tr_220138645
서원힐스,2026-09-19,05:39,250000,golfpang,,,18홀,tr_219783128
스프링베일-퍼9,2026-09-19,07:34,115000,golfpang,,,18홀,tr_220212407
더플레이어스,2026-09-19,07:16,190000,golfpang,,,18홀,tr_220002171
클럽모우,2026-09-19,08:29,210000,golfpang,,,18홀,tr_220214196
샤인데일,2026-09-19,08:12,200000,golfpang,,,18홀,tr_220103277
스프링베일-퍼9,2026-09-19,12:08,105000,golfpang,,,18홀,tr_220212408
남춘천,2026-09-19,11:52,190000,golfpang,,,18홀,tr_219891714
남춘천,2026-09-19,08:50,220000,golfpang,,,18홀,tr_219891713
남양주(퍼9),2026-09-19,12:20,139000,golfpang,,,18홀,tr_220124760
가평베네스트,2026-09-19,13:14,250000,golfpang,,,18홀,tr_220002353
포천힐스,2026-09-19,12:10,230000,golfpang,,,18홀,tr_220057407
샤인데일,2026-09-19,18:00,80000,golfpang,,,18홀,tr_220129595
강촌(비공개),2026-09-19,06:23,230000,golfpang,,,18홀,tr_219372323
더플레이어스,2026-09-19,13:19,160000,golfpang,,,18홀,tr_220117914
베스트밸리-퍼9,2026-09-19,18:09,130000,golfpang,,,18홀,tr_220214271
베스트밸리-퍼9,2026-09-19,18:16,130000,golfpang,,,18홀,tr_220214272
베스트밸리-퍼9,2026-09-19,18:23,130000,golfpang,,,18홀,tr_220214273
남춘천,2026-09-19,12:27,160000,golfpang,,,18홀,tr_220213372
라싸,2026-09-19,12:39,189000,golfpang,,,18홀,tr_220012333
베뉴지,2026-09-19,13:16,165000,golfpang,,,18홀,tr_220104122
파주,2026-09-19,13:09,250000,golfpang,,,18홀,tr_220149807
더플레이어스,2026-09-19,13:05,170000,golfpang,,,18홀,tr_220011659
베스트밸리-퍼9,2026-09-19,12:07,170000,golfpang,,,18홀,tr_219672741
클럽모우,2026-09-19,13:34,180000,golfpang,,,18홀,tr_220118054
포천힐스,2026-09-19,13:20,230000,golfpang,,,18홀,tr_220100187
푸른솔포천,2026-09-19,13:55,230000,golfpang,,,18홀,tr_219914177
베뉴지,2026-09-19,13:51,160000,golfpang,,,18홀,tr_220104123
포천힐스,2026-09-19,13:41,230000,golfpang,,,18홀,tr_220100188
베스트밸리-퍼9,2026-09-19,12:42,170000,golfpang,,,18홀,tr_219672742
남춘천,2026-09-19,12:55,180000,golfpang,,,18홀,tr_220114833
가평베네스트,2026-09-19,13:00,239000,golfpang,,,18홀,tr_220181568
포천힐스,2026-09-19,12:10,230000,golfpang,,,18홀,tr_220100186
파주,2026-09-19,12:13,250000,golfpang,,,18홀,tr_220149806
가평베네스트,2026-09-19,11:57,250000,golfpang,,,18홀,tr_220181567
라싸,2026-09-19,13:00,179000,golfpang,,,18홀,tr_220012334
남춘천,2026-09-19,06:53,210000,golfpang,,,18홀,tr_220114832
라싸,2026-09-19,06:48,209000,golfpang,,,18홀,tr_220012332
오너스,2026-09-19,08:35,175000,golfpang,,,18홀,tr_220036052
클럽모우,2026-09-19,08:29,210000,golfpang,,,18홀,tr_220118053
샤인데일,2026-09-19,08:12,200000,golfpang,,,18홀,tr_220126191
오너스,2026-09-19,08:00,175000,golfpang,,,18홀,tr_220036051
베스트밸리-퍼9,2026-09-19,06:19,180000,golfpang,,,18홀,tr_219672740
푸른솔포천,2026-09-19,06:07,240000,golfpang,,,18홀,tr_219914176
파주,2026-09-19,05:49,230000,golfpang,,,18홀,tr_220149805
서원힐스,2026-09-19,05:39,250000,golfpang,,,18홀,tr_219746988
서원힐스,2026-09-19,05:32,250000,golfpang,,,18홀,tr_219746987
더플레이어스,2026-09-19,07:16,190000,golfpang,,,18홀,tr_220011658
더플레이어스,2026-09-19,11:55,160000,golfpang,,,18홀,tr_220212038
더플레이어스,2026-09-19,07:30,190000,golfpang,,,18홀,tr_220212031
남춘천,2026-09-19,06:53,210000,golfpang,,,18홀,tr_220102612
세레니티-강촌,2026-09-19,06:49,210000,golfpang,,,18홀,tr_219780412
샤인데일,2026-09-19,08:12,200000,golfpang,,,18홀,tr_220103773
세레니티-강촌,2026-09-19,12:07,210000,golfpang,,,18홀,tr_219780413
더플레이어스,2026-09-19,06:55,190000,golfpang,,,18홀,tr_220129773
한림광릉,2026-09-19,18:06,150000,golfpang,,,18홀,tr_220036745
파주,2026-09-19,05:49,240000,golfpang,,,18홀,tr_219998525
푸른솔포천,2026-09-19,06:07,240000,golfpang,,,18홀,tr_219998580
스프링베일-퍼9,2026-09-19,11:47,115000,golfpang,,,18홀,tr_219602118
남양주(퍼9),2026-09-19,12:14,139000,golfpang,,,18홀,tr_220107481
클럽모우,2026-09-19,12:45,180000,golfpang,,,18홀,tr_220118251
파주,2026-09-19,13:02,270000,golfpang,,,18홀,tr_219998526
더플레이어스,2026-09-19,13:19,160000,golfpang,,,18홀,tr_220129774
푸른솔포천,2026-09-19,13:55,230000,golfpang,,,18홀,tr_219998581
클럽모우,2026-09-19,13:55,180000,golfpang,,,18홀,tr_220118252
남춘천,2026-09-19,13:49,170000,golfpang,,,18홀,tr_220102613
남양주(퍼9),2026-09-19,16:54,129000,golfpang,,,18홀,tr_220107482
한림광릉,2026-09-19,17:31,150000,golfpang,,,18홀,tr_220036744
베스트밸리-퍼9,2026-09-19,18:09,130000,golfpang,,,18홀,tr_219998419
파주,2026-09-19,18:09,170000,golfpang,,,18홀,tr_219998527
스프링베일-퍼9,2026-09-19,06:59,115000,golfpang,,,18홀,tr_219602117
베스트밸리-퍼9,2026-09-19,18:05,130000,golfpang,,,18홀,tr_219998418
세레니티-강촌,2026-09-19,18:00,140000,golfpang,,,18홀,tr_219780414
남양주(퍼9),2026-09-19,17:54,119000,golfpang,,,18홀,tr_220107483
스프링베일-퍼9,2026-09-19,17:50,95000,golfpang,,,18홀,tr_219602119
파주타이거,2026-09-19,17:47,190000,golfpang,,,18홀,tr_219998440
라싸,2026-09-19,18:21,139000,golfpang,,,18홀,tr_219998396
파주타이거,2026-09-19,18:17,190000,golfpang,,,18홀,tr_219998442
파주타이거,2026-09-19,18:11,190000,golfpang,,,18홀,tr_219998441
비콘힐스,2026-09-19,19:01,90000,golfpang,,,18홀,tr_219998724
라싸,2026-09-19,18:49,139000,golfpang,,,18홀,tr_219998398
비콘힐스,2026-09-19,18:47,90000,golfpang,,,18홀,tr_219998723
비콘힐스,2026-09-19,18:40,90000,golfpang,,,18홀,tr_219998722
라싸,2026-09-19,18:35,139000,golfpang,,,18홀,tr_219998397
베스트밸리-퍼9,2026-09-19,18:30,130000,golfpang,,,18홀,tr_219998420
한림광릉,2026-09-19,06:10,210000,golfpang,,,18홀,tr_220036743
더플레이어스,2026-09-19,07:16,190000,golfpang,,,18홀,tr_219991651
더플레이어스,2026-09-19,12:09,160000,golfpang,,,18홀,tr_219991652
포레스트힐,2026-09-19,18:38,129000,golfpang,,,18홀,tr_219336200
오너스,2026-09-19,08:28,175000,golfpang,,,18홀,tr_220209841
오너스,2026-09-19,08:28,175000,golfpang,,,18홀,tr_220209842
포레스트힐,2026-09-19,18:59,129000,golfpang,,,18홀,tr_219336191
한탄강,2026-09-19,14:00,170000,golfpang,,,18홀,tr_220210977
세레니티-강촌,2026-09-19,12:49,210000,golfpang,,,18홀,tr_220210463
남양주(퍼9),2026-09-19,12:14,139000,golfpang,,,18홀,tr_220210441
베뉴지,2026-09-19,13:09,165000,golfpang,,,18홀,tr_220210435
클럽모우,2026-09-19,13:48,180000,golfpang,,,18홀,tr_219558601
더플레이어스,2026-09-19,12:02,160000,golfpang,,,18홀,tr_219997788
오너스,2026-09-19,14:25,145000,golfpang,,,18홀,tr_219526558
자유로,2026-09-19,14:05,210000,golfpang,,,18홀,tr_219623843
자유로,2026-09-19,13:02,220000,golfpang,,,18홀,tr_219623842
비콘힐스,2026-09-19,18:30,90000,golfpang,,,18홀,tr_218558907
오너스,2026-09-19,12:54,149000,golfpang,,,18홀,tr_219241922
오너스,2026-09-19,13:15,145000,golfpang,,,18홀,tr_219773563
남춘천,2026-09-19,13:21,190000,golfpang,,,18홀,tr_219558970
남춘천,2026-09-19,13:28,190000,golfpang,,,18홀,tr_219795201
남양주(퍼9),2026-09-19,12:20,139000,golfpang,,,18홀,tr_219841785
샤인데일,2026-09-19,18:00,80000,golfpang,,,18홀,tr_220203823
베스트밸리-퍼9,2026-09-19,17:40,130000,golfpang,,,18홀,tr_219490344
한림광릉,2026-09-19,06:30,210000,golfpang,,,18홀,tr_219781319
베스트밸리-퍼9,2026-09-19,18:00,130000,golfpang,,,18홀,tr_219490406
더플레이어스,2026-09-19,12:51,160000,golfpang,,,18홀,tr_220124571
더플레이어스,2026-09-19,06:55,190000,golfpang,,,18홀,tr_220203070
남춘천,2026-09-19,06:25,180000,golfpang,,,18홀,tr_220124395
푸른솔포천,2026-09-19,06:35,250000,golfpang,,,18홀,tr_219165333
스프링베일-퍼9,2026-09-19,07:41,115000,golfpang,,,18홀,tr_219599908
스프링베일-퍼9,2026-09-19,12:01,105000,golfpang,,,18홀,tr_219599909
포천힐스,2026-09-19,12:10,230000,golfpang,,,18홀,tr_220058119
남양주(퍼9),2026-09-19,12:20,139000,golfpang,,,18홀,tr_219571239
세레니티-강촌,2026-09-19,17:39,140000,golfpang,,,18홀,tr_219009199
자유로,2026-09-19,12:34,230000,golfpang,,,18홀,tr_220115068
비발디파크E,2026-09-19,19:02,133000,golfpang,,,18홀,tr_218959578
세레니티-강촌,2026-09-19,19:03,140000,golfpang,,,18홀,tr_219009200
필로스,2026-09-19,18:27,150000,golfpang,,,18홀,tr_220084984
가평(비공개),2026-09-19,13:17,240000,golfpang,,,18홀,tr_218581304
포천힐스,2026-09-19,13:20,230000,golfpang,,,18홀,tr_220058120
세레니티-강촌,2026-09-19,13:03,210000,golfpang,,,18홀,tr_219009198
베스트밸리-퍼9,2026-09-19,18:30,130000,golfpang,,,18홀,tr_220106923
자유로,2026-09-19,13:37,220000,golfpang,,,18홀,tr_220115069
푸른솔포천,2026-09-19,13:41,230000,golfpang,,,18홀,tr_219165334
가평(비공개),2026-09-19,13:52,230000,golfpang,,,18홀,tr_218581305
서원힐스,2026-09-19,05:39,250000,golfpang,,,18홀,tr_219769603
비발디파크E,2026-09-19,18:07,133000,golfpang,,,18홀,tr_218959577
베스트밸리-퍼9,2026-09-19,18:03,130000,golfpang,,,18홀,tr_220106921
포레스트힐,2026-09-19,18:03,140000,golfpang,,,18홀,tr_218649495
필로스,2026-09-19,18:00,150000,golfpang,,,18홀,tr_220084983
필로스,2026-09-19,17:47,150000,golfpang,,,18홀,tr_220084982
포레스트힐,2026-09-19,18:59,140000,golfpang,,,18홀,tr_218649496
스프링베일-퍼9,2026-09-19,17:15,90000,golfpang,,,18홀,tr_219599910
남양주(퍼9),2026-09-19,17:07,119000,golfpang,,,18홀,tr_219571238
남양주(퍼9),2026-09-19,16:34,129000,golfpang,,,18홀,tr_219571240
포천힐스,2026-09-19,13:55,230000,golfpang,,,18홀,tr_220058121
필로스,2026-09-19,18:00,140000,golfpang,,,18홀,tr_219760521
더플레이어스,2026-09-19,12:44,160000,golfpang,,,18홀,tr_219325747
더플레이어스,2026-09-19,07:16,190000,golfpang,,,18홀,tr_219325744
세레니티-강촌,2026-09-19,17:32,140000,golfpang,,,18홀,tr_219325639
세레니티-강촌,2026-09-19,12:49,210000,golfpang,,,18홀,tr_219325613
베뉴지,2026-09-19,13:30,160000,golfpang,,,18홀,tr_220121254
라싸,2026-09-19,13:14,179000,golfpang,,,18홀,tr_220118592
라싸,2026-09-19,07:09,209000,golfpang,,,18홀,tr_219325575
남춘천,2026-09-19,13:49,160000,golfpang,,,18홀,tr_220203909
더플레이어스,2026-09-19,06:34,190000,golfpang,,,18홀,tr_219999988
더플레이어스,2026-09-19,06:20,190000,golfpang,,,18홀,tr_219999987
베스트밸리-퍼9,2026-09-19,18:16,130000,golfpang,,,18홀,tr_220201456
베스트밸리-퍼9,2026-09-19,18:09,130000,golfpang,,,18홀,tr_220201455
베스트밸리-퍼9,2026-09-19,18:30,130000,golfpang,,,18홀,tr_220201457
남춘천,2026-09-19,06:25,180000,golfpang,,,18홀,tr_220174861
가평베네스트,2026-09-19,11:57,250000,golfpang,,,18홀,tr_220190502
가평베네스트,2026-09-19,13:42,239000,golfpang,,,18홀,tr_220190503
스프링베일-퍼9,2026-09-19,07:41,115000,golfpang,,,18홀,tr_220182171
스프링베일-퍼9,2026-09-19,12:08,105000,golfpang,,,18홀,tr_220182172
스프링베일-퍼9,2026-09-19,06:52,105000,golfpang,,,18홀,tr_220182170
남양주(퍼9),2026-09-19,12:20,139000,golfpang,,,18홀,tr_220182117
남양주(퍼9),2026-09-19,13:07,139000,golfpang,,,18홀,tr_220182119
남양주(퍼9),2026-09-19,12:34,139000,golfpang,,,18홀,tr_220182118
샤인데일,2026-09-19,13:30,130000,golfpang,,,18홀,tr_220179599
샤인데일,2026-09-19,12:55,140000,golfpang,,,18홀,tr_220179598
샤인데일,2026-09-19,12:41,140000,golfpang,,,18홀,tr_220179597
남춘천,2026-09-19,13:49,160000,golfpang,,,18홀,tr_220174816
남춘천,2026-09-19,14:03,160000,golfpang,,,18홀,tr_220174817
남춘천,2026-09-19,06:25,180000,golfpang,,,18홀,tr_220175006
남춘천,2026-09-19,06:25,180000,golfpang,,,18홀,tr_220175007
푸른솔포천,2026-09-19,06:07,230000,golfpang,,,18홀,tr_220130939
푸른솔포천,2026-09-19,07:10,270000,golfpang,,,18홀,tr_220130940
파주,2026-09-19,05:49,230000,golfpang,,,18홀,tr_220138554
파주,2026-09-19,12:48,250000,golfpang,,,18홀,tr_220138555
파주,2026-09-19,13:09,250000,golfpang,,,18홀,tr_220138556
비콘힐스,2026-09-19,18:40,90000,golfpang,,,18홀,tr_220014746
비콘힐스,2026-09-19,18:47,90000,golfpang,,,18홀,tr_220014747
비콘힐스,2026-09-19,18:54,90000,golfpang,,,18홀,tr_220014748
샤인데일,2026-09-19,08:12,200000,golfpang,,,18홀,tr_220115551
파주타이거,2026-09-19,17:41,190000,golfpang,,,18홀,tr_220149910
파주타이거,2026-09-19,18:11,190000,golfpang,,,18홀,tr_220149911
한림광릉,2026-09-19,17:31,150000,golfpang,,,18홀,tr_220149771
한림광릉,2026-09-19,17:24,150000,golfpang,,,18홀,tr_220149770
한림광릉,2026-09-19,17:52,150000,golfpang,,,18홀,tr_220149772
스프링베일-퍼9,2026-09-19,06:59,105000,golfpang,,,18홀,tr_220142360
스프링베일-퍼9,2026-09-19,12:08,105000,golfpang,,,18홀,tr_220142361
스프링베일-퍼9,2026-09-19,17:15,90000,golfpang,,,18홀,tr_220142362
스프링베일-퍼9,2026-09-19,06:52,105000,golfpang,,,18홀,tr_220139411
스프링베일-퍼9,2026-09-19,12:29,105000,golfpang,,,18홀,tr_220139413
스프링베일-퍼9,2026-09-19,07:41,115000,golfpang,,,18홀,tr_220139412
서원힐스,2026-09-19,05:39,250000,golfpang,,,18홀,tr_220130966
남춘천,2026-09-19,06:53,210000,golfpang,,,18홀,tr_220130925
남춘천,2026-09-19,12:13,180000,golfpang,,,18홀,tr_220130926
베스트밸리-퍼9,2026-09-19,16:59,140000,golfpang,,,18홀,tr_220130905
베스트밸리-퍼9,2026-09-19,17:55,130000,golfpang,,,18홀,tr_220130906
베스트밸리-퍼9,2026-09-19,18:16,130000,golfpang,,,18홀,tr_220130907
오너스,2026-09-19,13:57,145000,golfpang,,,18홀,tr_219785153
스프링베일-퍼9,2026-09-19,12:29,105000,golfpang,,,18홀,tr_220129339
스프링베일-퍼9,2026-09-19,06:52,105000,golfpang,,,18홀,tr_220129337
스프링베일-퍼9,2026-09-19,07:41,115000,golfpang,,,18홀,tr_220129338
남양주(퍼9),2026-09-19,12:34,139000,golfpang,,,18홀,tr_220128874
남양주(퍼9),2026-09-19,12:54,139000,golfpang,,,18홀,tr_220128876
남양주(퍼9),2026-09-19,13:07,139000,golfpang,,,18홀,tr_220128875
오너스,2026-09-19,08:35,180000,golfpang,,,18홀,tr_220128358
오너스,2026-09-19,08:00,180000,golfpang,,,18홀,tr_220128357
제이퍼블릭,2026-09-19,18:55,75000,golfpang,,,18홀,tr_220127225
제이퍼블릭,2026-09-19,09:56,95000,golfpang,,,18홀,tr_220127118
더플레이어스,2026-09-19,07:16,190000,golfpang,,,18홀,tr_220125171
더플레이어스,2026-09-19,13:05,160000,golfpang,,,18홀,tr_220125172
남춘천,2026-09-19,06:53,210000,golfpang,,,18홀,tr_220124341
남춘천,2026-09-19,08:50,220000,golfpang,,,18홀,tr_220124342
파주타이거,2026-09-19,18:17,190000,golfpang,,,18홀,tr_220071010
파주타이거,2026-09-19,18:11,190000,golfpang,,,18홀,tr_220071009
파주타이거,2026-09-19,17:47,190000,golfpang,,,18홀,tr_220071008
오너스,2026-09-19,12:54,149000,golfpang,,,18홀,tr_219620593
오너스,2026-09-19,13:15,145000,golfpang,,,18홀,tr_219620622
비콘힐스,2026-09-19,17:30,90000,golfpang,,,18홀,tr_220097905
비콘힐스,2026-09-19,17:30,90000,golfpang,,,18홀,tr_220097904
비콘힐스,2026-09-19,17:30,90000,golfpang,,,18홀,tr_220097903
남춘천,2026-09-19,13:49,170000,golfpang,,,18홀,tr_220095177
남춘천,2026-09-19,12:06,180000,golfpang,,,18홀,tr_220095176
베뉴지,2026-09-19,13:16,165000,golfpang,,,18홀,tr_220086347
베뉴지,2026-09-19,13:23,165000,golfpang,,,18홀,tr_220086348
베뉴지,2026-09-19,13:09,165000,golfpang,,,18홀,tr_220070123
베스트밸리-퍼9,2026-09-19,18:02,130000,golfpang,,,18홀,tr_220085709
베스트밸리-퍼9,2026-09-19,18:02,130000,golfpang,,,18홀,tr_220085707
베스트밸리-퍼9,2026-09-19,18:02,130000,golfpang,,,18홀,tr_220085708
필로스,2026-09-19,18:20,140000,golfpang,,,18홀,tr_220070579
필로스,2026-09-19,18:27,140000,golfpang,,,18홀,tr_220070580
필로스,2026-09-19,18:27,140000,golfpang,,,18홀,tr_220070581
베뉴지,2026-09-19,13:09,165000,golfpang,,,18홀,tr_220070121
필로스,2026-09-19,18:20,140000,golfpang,,,18홀,tr_219957251
비콘힐스,2026-09-19,19:01,90000,golfpang,,,18홀,tr_219880823
비콘힐스,2026-09-19,18:40,90000,golfpang,,,18홀,tr_219880822
자유로,2026-09-19,14:05,210000,golfpang,,,18홀,tr_220036338
자유로,2026-09-19,14:05,210000,golfpang,,,18홀,tr_220036339
남양주(퍼9),2026-09-19,13:07,149000,golfpang,,,18홀,tr_220038613
남양주(퍼9),2026-09-19,12:34,149000,golfpang,,,18홀,tr_220038612
남양주(퍼9),2026-09-19,12:14,149000,golfpang,,,18홀,tr_220038611
라싸,2026-09-19,17:46,149000,golfpang,,,18홀,tr_220015580
라싸,2026-09-19,17:53,149000,golfpang,,,18홀,tr_220015581
라싸,2026-09-19,18:35,139000,golfpang,,,18홀,tr_220015582
필로스,2026-09-19,18:07,140000,golfpang,,,18홀,tr_219999998
더플레이어스,2026-09-19,13:19,160000,golfpang,,,18홀,tr_219991287
더플레이어스,2026-09-19,13:05,160000,golfpang,,,18홀,tr_219991286
몽베르(대중제),2026-09-19,18:03,140000,golfpang,,,18홀,tr_219989390
몽베르(대중제),2026-09-19,17:28,150000,golfpang,,,18홀,tr_219989357
클럽모우,2026-09-19,13:41,180000,golfpang,,,18홀,tr_219936713
클럽모우,2026-09-19,13:55,180000,golfpang,,,18홀,tr_219936714
스마트KU,2026-09-19,14:03,220000,golfpang,,,18홀,tr_219911401
스마트KU,2026-09-19,13:21,220000,golfpang,,,18홀,tr_219911400
한림광릉,2026-09-19,06:59,230000,golfpang,,,18홀,tr_219900601
한림광릉,2026-09-19,13:51,190000,golfpang,,,18홀,tr_219900602
비콘힐스,2026-09-19,17:37,95000,golfpang,,,18홀,tr_219843302
오너스,2026-09-19,13:57,145000,golfpang,,,18홀,tr_219820258
오너스,2026-09-19,13:57,145000,golfpang,,,18홀,tr_219820255
푸른솔포천,2026-09-19,13:55,230000,golfpang,,,18홀,tr_219820930
푸른솔포천,2026-09-19,14:02,230000,golfpang,,,18홀,tr_219820931
필로스,2026-09-19,18:20,140000,golfpang,,,18홀,tr_219732784
필로스,2026-09-19,18:20,140000,golfpang,,,18홀,tr_219732785
스마트KU,2026-09-19,13:56,220000,golfpang,,,18홀,tr_219368335
스마트KU,2026-09-19,13:56,220000,golfpang,,,18홀,tr_219368334
필로스,2026-09-19,18:20,140000,golfpang,,,18홀,tr_219732786
필로스,2026-09-19,18:20,140000,golfpang,,,18홀,tr_219820436
필로스,2026-09-19,18:27,140000,golfpang,,,18홀,tr_219820437
필로스,2026-09-19,18:20,140000,golfpang,,,18홀,tr_219820438
베스트밸리-퍼9,2026-09-19,16:24,140000,golfpang,,,18홀,tr_219344588
베스트밸리-퍼9,2026-09-19,12:07,170000,golfpang,,,18홀,tr_219344587
베스트밸리-퍼9,2026-09-19,17:34,130000,golfpang,,,18홀,tr_219344589
샤인데일,2026-09-19,06:20,180000,golfpang,,,18홀,tr_219767159
샤인데일,2026-09-19,17:15,100000,golfpang,,,18홀,tr_219767161
샤인데일,2026-09-19,13:02,140000,golfpang,,,18홀,tr_219767160
필로스,2026-09-19,18:20,140000,golfpang,,,18홀,tr_219694290
필로스,2026-09-19,18:07,140000,golfpang,,,18홀,tr_219694288
필로스,2026-09-19,18:14,140000,golfpang,,,18홀,tr_219694289
필로스,2026-09-19,18:27,140000,golfpang,,,18홀,tr_219691558
필로스,2026-09-19,18:07,140000,golfpang,,,18홀,tr_219691557
베스트밸리-퍼9,2026-09-19,11:46,170000,golfpang,,,18홀,tr_219571685
베스트밸리-퍼9,2026-09-19,06:26,180000,golfpang,,,18홀,tr_219571684
베스트밸리-퍼9,2026-09-19,16:31,140000,golfpang,,,18홀,tr_219571686
한림광릉,2026-09-19,17:17,160000,golfpang,,,18홀,tr_219600309
한림광릉,2026-09-19,17:31,160000,golfpang,,,18홀,tr_219600272
한림광릉,2026-09-19,17:17,160000,golfpang,,,18홀,tr_219546378
자유로,2026-09-19,13:09,220000,golfpang,,,18홀,tr_219546531
세레니티-강촌,2026-09-19,13:10,210000,golfpang,,,18홀,tr_218911593
파주타이거,2026-09-19,13:22,190000,golfpang,,,18홀,tr_219526162
자유로,2026-09-19,14:05,210000,golfpang,,,18홀,tr_219546532
스프링베일-퍼9,2026-09-19,17:15,95000,golfpang,,,18홀,tr_219588342
비콘힐스,2026-09-19,17:23,90000,golfpang,,,18홀,tr_219546812
세레니티-강촌,2026-09-19,17:39,140000,golfpang,,,18홀,tr_218911594
비콘힐스,2026-09-19,18:26,90000,golfpang,,,18홀,tr_219546813
비콘힐스,2026-09-19,18:26,90000,golfpang,,,18홀,tr_219546814
파주타이거,2026-09-19,17:11,190000,golfpang,,,18홀,tr_219526297
스프링베일-퍼9,2026-09-19,06:59,115000,golfpang,,,18홀,tr_219588340
세레니티-강촌,2026-09-19,07:10,210000,golfpang,,,18홀,tr_218911592
스프링베일-퍼9,2026-09-19,11:40,115000,golfpang,,,18홀,tr_219588341
푸른솔포천,2026-09-19,06:14,270000,golfpang,,,18홀,tr_219591114
푸른솔포천,2026-09-19,13:34,230000,golfpang,,,18홀,tr_219591115
파주타이거,2026-09-19,17:23,190000,golfpang,,,18홀,tr_219568247
남춘천,2026-09-19,12:41,220000,golfpang,,,18홀,tr_219363880
남춘천,2026-09-19,13:28,200000,golfpang,,,18홀,tr_219363881
푸른솔포천,2026-09-19,13:34,230000,golfpang,,,18홀,tr_218930914
푸른솔포천,2026-09-19,06:14,270000,golfpang,,,18홀,tr_218930913
클럽모우,2026-09-19,08:43,210000,golfpang,,,18홀,tr_218931270
클럽모우,2026-09-19,13:27,180000,golfpang,,,18홀,tr_218931271
오너스,2026-09-19,14:11,165000,golfpang,,,18홀,tr_218927258
오너스,2026-09-19,06:50,190000,golfpang,,,18홀,tr_218927257
포레스트힐,2026-09-19,18:45,140000,golfpang,,,18홀,tr_218911218
포레스트힐,2026-09-19,18:17,140000,golfpang,,,18홀,tr_218911216
포레스트힐,2026-09-19,18:24,140000,golfpang,,,18홀,tr_218911217
파주,2026-09-19,16:31,190000,golfpang,,,18홀,tr_218911081
파주,2026-09-19,12:06,290000,golfpang,,,18홀,tr_218911080
파주,2026-09-19,05:35,250000,golfpang,,,18홀,tr_218911079
서원힐스,2026-09-19,05:25,250000,golfpang,,,18홀,tr_218889283
서원힐스,2026-09-19,05:25,250000,golfpang,,,18홀,tr_218889285
서원힐스,2026-09-19,05:25,250000,golfpang,,,18홀,tr_218889284
푸른솔포천,2026-09-19,13:34,230000,golfpang,,,18홀,tr_218774739
푸른솔포천,2026-09-19,11:49,270000,golfpang,,,18홀,tr_218774740
떼제베(동북),2026-09-19,18:02,110000,golfpang,,,18홀,tr_219985327
일레븐,2026-09-19,17:23,80000,golfpang,,,18홀,tr_220138831
감곡,2026-09-19,13:21,150000,golfpang,,,18홀,tr_220348600
대영힐스,2026-09-19,13:36,129000,golfpang,,,18홀,tr_220345183
모카cc,2026-09-19,13:42,130000,golfpang,,,18홀,tr_220207254
대영베이스,2026-09-19,17:51,89000,golfpang,,,18홀,tr_220304904
일레븐,2026-09-19,13:38,115000,golfpang,,,18홀,tr_220233282
모나크,2026-09-19,18:09,110000,golfpang,,,18홀,tr_220253100
스타,2026-09-19,18:31,110000,golfpang,,,18홀,tr_219784926
힐데스하임,2026-09-19,18:04,110000,golfpang,,,18홀,tr_219784952
이븐데일,2026-09-19,11:38,90000,golfpang,,,18홀,tr_220287642
모카cc,2026-09-19,13:49,130000,golfpang,,,18홀,tr_219776010
힐데스하임,2026-09-19,12:34,150000,golfpang,,,18홀,tr_219998576
힐데스하임,2026-09-19,07:00,135000,golfpang,,,18홀,tr_220289934
감곡,2026-09-19,17:59,120000,golfpang,,,18홀,tr_220128172
힐데스하임,2026-09-19,12:27,140000,golfpang,,,18홀,tr_220361829
감곡,2026-09-19,13:42,150000,golfpang,,,18홀,tr_220306751
중원,2026-09-19,12:58,130000,golfpang,,,18홀,tr_220347768
감곡,2026-09-19,13:49,150000,golfpang,,,18홀,tr_220339258
킹즈락,2026-09-19,18:27,90000,golfpang,,,18홀,tr_220129857
이븐데일,2026-09-19,11:37,90000,golfpang,,,18홀,tr_220287637
대영베이스,2026-09-19,18:51,79000,golfpang,,,18홀,tr_220219723
센테리움,2026-09-19,13:11,139000,golfpang,,,18홀,tr_220260646
대영힐스,2026-09-19,13:23,129000,golfpang,,,18홀,tr_220261566
모카cc,2026-09-19,13:56,130000,golfpang,,,18홀,tr_220220413
보령베이스-퍼9,2026-09-19,19:01,49000,golfpang,,,18홀,tr_220217164
진천(비공개),2026-09-19,13:26,180000,golfpang,,,18홀,tr_220152621
블랙스톤벨포레,2026-09-19,13:20,110000,golfpang,,,18홀,tr_220013804
블랙스톤벨포레,2026-09-19,12:59,110000,golfpang,,,18홀,tr_220376288
로얄링스,2026-09-19,11:45,120000,golfpang,,,18홀,tr_220376283
스톤비치,2026-09-19,17:34,90000,golfpang,,,18홀,tr_216420614
임페리얼레이크,2026-09-19,18:01,99000,golfpang,,,18홀,tr_220376264
임페리얼레이크,2026-09-19,11:59,139000,golfpang,,,18홀,tr_220376262
임페리얼레이크,2026-09-19,17:26,109000,golfpang,,,18홀,tr_220376263
스타,2026-09-19,12:50,190000,golfpang,,,18홀,tr_220376261
에딘버러,2026-09-19,12:50,180000,golfpang,,,18홀,tr_220376260
스톤비치,2026-09-19,11:38,140000,golfpang,,,18홀,tr_218600253
솔라고,2026-09-19,14:24,140000,golfpang,,,18홀,tr_220376224
솔라고,2026-09-19,14:17,140000,golfpang,,,18홀,tr_220376225
스톤비치,2026-09-19,06:35,120000,golfpang,,,18홀,tr_216420605
그랜드(청주),2026-09-19,17:46,110000,golfpang,,,18홀,tr_220315232
스톤비치,2026-09-19,13:30,130000,golfpang,,,18홀,tr_217774889
대영힐스,2026-09-19,17:50,89000,golfpang,,,18홀,tr_220297179
동촌,2026-09-19,07:30,170000,golfpang,,,18홀,tr_220240324
스톤비치,2026-09-19,17:23,100000,golfpang,,,18홀,tr_219642403
스톤비치,2026-09-19,13:30,130000,golfpang,,,18홀,tr_216223815
감곡,2026-09-19,13:49,150000,golfpang,,,18홀,tr_220376112
스톤비치,2026-09-19,06:40,120000,golfpang,,,18홀,tr_216223812
프린세스,2026-09-19,18:00,120000,golfpang,,,18홀,tr_219514124
킹즈락,2026-09-19,06:45,140000,golfpang,,,18홀,tr_220353805
골프존 화랑,2026-09-19,06:27,165000,golfpang,,,18홀,tr_220346147
블랙스톤벨포레,2026-09-19,07:18,110000,golfpang,,,18홀,tr_220347901
동촌,2026-09-19,07:51,190000,golfpang,,,18홀,tr_220347160
떼제베(동북),2026-09-19,07:49,120000,golfpang,,,18홀,tr_220347234
모카cc,2026-09-19,08:25,150000,golfpang,,,18홀,tr_220347780
프린세스,2026-09-19,08:12,150000,golfpang,,,18홀,tr_220361445
로얄포레,2026-09-19,08:10,129000,golfpang,,,18홀,tr_220347385
임페리얼레이크,2026-09-19,11:45,129000,golfpang,,,18홀,tr_220349132
중원,2026-09-19,08:35,150000,golfpang,,,18홀,tr_220349749
로얄포레,2026-09-19,12:34,129000,golfpang,,,18홀,tr_220347515
골프존 진천,2026-09-19,12:30,151000,golfpang,,,18홀,tr_220345715
골프존 화랑,2026-09-19,12:52,145000,golfpang,,,18홀,tr_220346174
중원,2026-09-19,12:51,130000,golfpang,,,18홀,tr_220349743
로얄링스,2026-09-19,13:02,120000,golfpang,,,18홀,tr_220347326
일레븐,2026-09-19,13:17,115000,golfpang,,,18홀,tr_220348340
블랙스톤벨포레,2026-09-19,13:13,110000,golfpang,,,18홀,tr_220347967
대영베이스,2026-09-19,13:39,139000,golfpang,,,18홀,tr_220346543
감곡,2026-09-19,13:49,150000,golfpang,,,18홀,tr_220345065
백제,2026-09-19,13:47,140000,golfpang,,,18홀,tr_220347825
모나크,2026-09-19,13:45,150000,golfpang,,,18홀,tr_220347565
감곡,2026-09-19,18:48,120000,golfpang,,,18홀,tr_220345068
그랜드(청주),2026-09-19,18:42,120000,golfpang,,,18홀,tr_220346456
대영힐스,2026-09-19,05:39,100000,golfpang,,,18홀,tr_220347027
떼제베,2026-09-19,18:16,130000,golfpang,,,18홀,tr_220347186
속리산cc,2026-09-19,14:14,110000,golfpang,,,18홀,tr_220348130
골프존 진천,2026-09-19,14:00,141000,golfpang,,,18홀,tr_220345723
골프존 천안,2026-09-19,13:54,166000,golfpang,,,18홀,tr_220345910
대영힐스,2026-09-19,17:52,89000,golfpang,,,18홀,tr_220347126
임페리얼레이크,2026-09-19,17:26,109000,golfpang,,,18홀,tr_220349188
떼제베,2026-09-19,18:09,110000,golfpang,,,18홀,tr_220347239
일레븐,2026-09-19,18:05,75000,golfpang,,,18홀,tr_220348420
대영베이스,2026-09-19,17:57,95000,golfpang,,,18홀,tr_220346564
모나크,2026-09-19,18:30,110000,golfpang,,,18홀,tr_220347734
속리산cc,2026-09-19,14:14,110000,golfpang,,,18홀,tr_220214932
감곡,2026-09-19,18:48,120000,golfpang,,,18홀,tr_220289931
속리산cc,2026-09-19,14:14,110000,golfpang,,,18홀,tr_220376063
골든베이,2026-09-19,06:59,150000,golfpang,,,18홀,tr_220290891
플라밍고,2026-09-19,11:50,180000,golfpang,,,18홀,tr_220376061
로얄링스,2026-09-19,07:59,120000,golfpang,,,18홀,tr_219691444
로얄링스,2026-09-19,13:02,120000,golfpang,,,18홀,tr_219691445
백제,2026-09-19,13:54,140000,golfpang,,,18홀,tr_220097330
스톤비치,2026-09-19,12:48,110000,golfpang,,,18홀,tr_219788292
로얄링스,2026-09-19,13:02,120000,golfpang,,,18홀,tr_219571631
스톤비치,2026-09-19,17:25,100000,golfpang,,,18홀,tr_217522273
스톤비치,2026-09-19,17:25,100000,golfpang,,,18홀,tr_217522277
스톤비치,2026-09-19,12:45,140000,golfpang,,,18홀,tr_217522275
로얄포레,2026-09-19,11:10,129000,golfpang,,,18홀,tr_220376035
로얄포레,2026-09-19,12:34,119000,golfpang,,,18홀,tr_220376036
로얄포레,2026-09-19,08:10,119000,golfpang,,,18홀,tr_220376034
골프존 천안,2026-09-19,11:55,167000,golfpang,,,18홀,tr_218794936
플라밍고,2026-09-19,13:30,140000,golfpang,,,18홀,tr_219970212
블랙스톤벨포레,2026-09-19,17:00,70000,golfpang,,,18홀,tr_219841149
로얄링스,2026-09-19,12:40,120000,golfpang,,,18홀,tr_218537283
플라밍고,2026-09-19,19:00,90000,golfpang,,,18홀,tr_219970215
일레븐,2026-09-19,12:40,115000,golfpang,,,18홀,tr_219764959
일레븐,2026-09-19,17:30,75000,golfpang,,,18홀,tr_219764991
일레븐,2026-09-19,06:30,130000,golfpang,,,18홀,tr_220152000
블랙스톤벨포레,2026-09-19,18:10,60000,golfpang,,,18홀,tr_220056700
로얄링스,2026-09-19,07:40,120000,golfpang,,,18홀,tr_219704384
블랙스톤벨포레,2026-09-19,13:20,100000,golfpang,,,18홀,tr_220205592
골프존 진천,2026-09-19,12:25,156000,golfpang,,,18홀,tr_220214296
골프존 화랑,2026-09-19,12:52,141000,golfpang,,,18홀,tr_220239703
힐데스하임,2026-09-19,12:49,155000,golfpang,,,18홀,tr_220115492
이븐데일,2026-09-19,12:48,90000,golfpang,,,18홀,tr_220283442
모나크,2026-09-19,13:03,150000,golfpang,,,18홀,tr_220242740
스타,2026-09-19,13:02,180000,golfpang,,,18홀,tr_220104905
중원,2026-09-19,12:58,140000,golfpang,,,18홀,tr_220250032
골든베이,2026-09-19,13:17,150000,golfpang,,,18홀,tr_220007778
이븐데일,2026-09-19,13:09,90000,golfpang,,,18홀,tr_220283444
속리산cc,2026-09-19,13:32,130000,golfpang,,,18홀,tr_220097241
속리산cc,2026-09-19,13:32,130000,golfpang,,,18홀,tr_220097240
센테리움,2026-09-19,13:53,149000,golfpang,,,18홀,tr_220219910
감곡,2026-09-19,13:49,160000,golfpang,,,18홀,tr_220240866
모카cc,2026-09-19,13:49,130000,golfpang,,,18홀,tr_220022891
골든베이,2026-09-19,13:45,150000,golfpang,,,18홀,tr_220007779
감곡,2026-09-19,13:42,160000,golfpang,,,18홀,tr_220240867
골프존 진천,2026-09-19,14:03,149000,golfpang,,,18홀,tr_220214298
골프존 화랑,2026-09-19,14:02,131000,golfpang,,,18홀,tr_220239704
백제,2026-09-19,14:01,140000,golfpang,,,18홀,tr_220032747
백제,2026-09-19,13:54,140000,golfpang,,,18홀,tr_220032748
대호단양,2026-09-19,16:27,119000,golfpang,,,18홀,tr_220012828
대영힐스,2026-09-19,17:52,89000,golfpang,,,18홀,tr_220362006
일레븐,2026-09-19,17:23,80000,golfpang,,,18홀,tr_220138833
일레븐,2026-09-19,17:23,80000,golfpang,,,18홀,tr_220138832
대영힐스,2026-09-19,18:06,89000,golfpang,,,18홀,tr_220362007
대영힐스,2026-09-19,18:06,89000,golfpang,,,18홀,tr_220362005
모나크,2026-09-19,18:30,110000,golfpang,,,18홀,tr_220242742
감곡,2026-09-19,18:48,120000,golfpang,,,18홀,tr_220240868
킹즈락,2026-09-19,18:48,95000,golfpang,,,18홀,tr_220203910
스타,2026-09-19,18:45,110000,golfpang,,,18홀,tr_220204744
힐데스하임,2026-09-19,18:41,100000,golfpang,,,18홀,tr_220115493
동촌,2026-09-19,06:27,170000,golfpang,,,18홀,tr_220013883
골프존 진천,2026-09-19,12:32,156000,golfpang,,,18홀,tr_220214297
이븐데일,2026-09-19,12:34,90000,golfpang,,,18홀,tr_220283443
대호단양,2026-09-19,11:52,179000,golfpang,,,18홀,tr_220012827
모나크,2026-09-19,12:14,160000,golfpang,,,18홀,tr_220242741
모카cc,2026-09-19,08:18,150000,golfpang,,,18홀,tr_220022890
중원,2026-09-19,08:35,160000,golfpang,,,18홀,tr_220250031
힐데스하임,2026-09-19,07:22,165000,golfpang,,,18홀,tr_220115491
동촌,2026-09-19,07:23,190000,golfpang,,,18홀,tr_220013884
킹즈락,2026-09-19,06:45,140000,golfpang,,,18홀,tr_220203912
센테리움,2026-09-19,06:46,159000,golfpang,,,18홀,tr_220219909
대호단양,2026-09-19,06:28,149000,golfpang,,,18홀,tr_220012826
스타,2026-09-19,06:23,180000,golfpang,,,18홀,tr_220204741
킹즈락,2026-09-19,06:24,130000,golfpang,,,18홀,tr_220203906
골프존 화랑,2026-09-19,18:35,99000,golfpang,,,18홀,tr_220239705
속리산cc,2026-09-19,13:32,130000,golfpang,,,18홀,tr_219574451
그랜드(청주),2026-09-19,18:28,120000,golfpang,,,18홀,tr_220165769
일레븐,2026-09-19,17:58,80000,golfpang,,,18홀,tr_220165766
킹즈락,2026-09-19,06:45,140000,golfpang,,,18홀,tr_219732157
일라이트,2026-09-19,07:31,150000,golfpang,,,18홀,tr_219662493
로얄포레,2026-09-19,12:27,139000,golfpang,,,18홀,tr_219574394
떼제베,2026-09-19,12:46,150000,golfpang,,,18홀,tr_220165776
골프존 화랑,2026-09-19,06:27,165000,golfpang,,,18홀,tr_219574346
백제,2026-09-19,13:47,140000,golfpang,,,18홀,tr_219574382
골프존 천안,2026-09-19,13:54,166000,golfpang,,,18홀,tr_219692518
파인스톤,2026-09-19,11:00,200000,golfpang,,,18홀,tr_220375979
모나크,2026-09-19,13:45,150000,golfpang,,,18홀,tr_220375978
예미지,2026-09-19,13:15,170000,golfpang,,,18홀,tr_220242673
중원,2026-09-19,08:21,150000,golfpang,,,18홀,tr_220375074
일레븐,2026-09-19,12:49,125000,golfpang,,,18홀,tr_219783489
모나크,2026-09-19,12:49,160000,golfpang,,,18홀,tr_220375839
감곡,2026-09-19,14:03,150000,golfpang,,,18홀,tr_220375798
감곡,2026-09-19,13:42,150000,golfpang,,,18홀,tr_220375797
감곡,2026-09-19,18:48,110000,golfpang,,,18홀,tr_220375799
중원,2026-09-19,12:36,130000,golfpang,,,18홀,tr_220375795
플라밍고,2026-09-19,13:00,140000,golfpang,,,18홀,tr_219933130
이븐데일,2026-09-19,11:31,100000,golfpang,,,18홀,tr_220375764
이븐데일,2026-09-19,08:24,105000,golfpang,,,18홀,tr_220375763
이븐데일,2026-09-19,17:04,84000,golfpang,,,18홀,tr_220375765
이븐데일,2026-09-19,17:05,84000,golfpang,,,18홀,tr_220375737
이븐데일,2026-09-19,07:28,95000,golfpang,,,18홀,tr_220375735
이븐데일,2026-09-19,12:05,100000,golfpang,,,18홀,tr_220375736
감곡,2026-09-19,13:21,150000,golfpang,,,18홀,tr_220348601
감곡,2026-09-19,13:21,150000,golfpang,,,18홀,tr_220348602
플라밍고,2026-09-19,08:30,190000,golfpang,,,18홀,tr_220375681
플라밍고,2026-09-19,18:50,90000,golfpang,,,18홀,tr_219933145
감곡,2026-09-19,13:49,150000,golfpang,,,18홀,tr_220375651
감곡,2026-09-19,14:06,150000,golfpang,,,18홀,tr_220375652
감곡,2026-09-19,14:06,150000,golfpang,,,18홀,tr_220375653
스톤비치,2026-09-19,07:59,140000,golfpang,,,18홀,tr_220339497
감곡,2026-09-19,13:49,150000,golfpang,,,18홀,tr_220375612
감곡,2026-09-19,18:48,110000,golfpang,,,18홀,tr_220375614
감곡,2026-09-19,14:03,150000,golfpang,,,18홀,tr_220375613
이븐데일,2026-09-19,08:30,115000,golfpang,,,18홀,tr_220375609
동촌,2026-09-19,06:48,170000,golfpang,,,18홀,tr_220299693
동촌,2026-09-19,06:48,170000,golfpang,,,18홀,tr_220299692
센테리움,2026-09-19,08:30,199000,golfpang,,,18홀,tr_220375542
올데이,2026-09-19,06:11,89000,golfpang,,,18홀,tr_220375521
올데이,2026-09-19,07:07,99000,golfpang,,,18홀,tr_220375522
올데이,2026-09-19,17:05,79000,golfpang,,,18홀,tr_220375523
로얄포레,2026-09-19,12:34,119000,golfpang,,,18홀,tr_220375517
일레븐,2026-09-19,12:49,115000,golfpang,,,18홀,tr_219762524
일레븐,2026-09-19,17:44,75000,golfpang,,,18홀,tr_220288951
일레븐,2026-09-19,17:20,75000,golfpang,,,18홀,tr_220289619
스톤비치,2026-09-19,08:13,150000,golfpang,,,18홀,tr_219996368
일레븐,2026-09-19,12:49,115000,golfpang,,,18홀,tr_219770468
일레븐,2026-09-19,17:44,75000,golfpang,,,18홀,tr_219770471
진천(비공개),2026-09-19,07:10,180000,golfpang,,,18홀,tr_220152600
이븐데일,2026-09-19,18:28,80000,golfpang,,,18홀,tr_220211494
로얄포레,2026-09-19,11:45,129000,golfpang,,,18홀,tr_220375512
이븐데일,2026-09-19,12:12,100000,golfpang,,,18홀,tr_220211493
로얄링스,2026-09-19,18:10,90000,golfpang,,,18홀,tr_220002090
이븐데일,2026-09-19,07:28,95000,golfpang,,,18홀,tr_220211492
로얄포레,2026-09-19,11:31,129000,golfpang,,,18홀,tr_220375432
로얄링스,2026-09-19,12:20,120000,golfpang,,,18홀,tr_220001919
로얄포레,2026-09-19,12:41,119000,golfpang,,,18홀,tr_220375367
로얄포레,2026-09-19,08:10,119000,golfpang,,,18홀,tr_220375366
로얄포레,2026-09-19,11:31,129000,golfpang,,,18홀,tr_220375368
블랙스톤벨포레,2026-09-19,13:40,100000,golfpang,,,18홀,tr_220236143
로얄링스,2026-09-19,13:02,120000,golfpang,,,18홀,tr_220375363
일레븐,2026-09-19,12:20,115000,golfpang,,,18홀,tr_220289613
이븐데일,2026-09-19,11:30,90000,golfpang,,,18홀,tr_220375337
이븐데일,2026-09-19,06:53,95000,golfpang,,,18홀,tr_220375336
이븐데일,2026-09-19,16:57,84000,golfpang,,,18홀,tr_220375338
플라밍고,2026-09-19,13:00,140000,golfpang,,,18홀,tr_219933044
일레븐,2026-09-19,06:30,130000,golfpang,,,18홀,tr_220375278
일레븐,2026-09-19,18:12,75000,golfpang,,,18홀,tr_220375280
일레븐,2026-09-19,17:51,75000,golfpang,,,18홀,tr_220375279
떼제베(동북),2026-09-19,18:09,110000,golfpang,,,18홀,tr_220375275
스톤비치,2026-09-19,13:02,140000,golfpang,,,18홀,tr_218353212
플라밍고,2026-09-19,17:50,100000,golfpang,,,18홀,tr_220032684
동촌,2026-09-19,07:40,185000,golfpang,,,18홀,tr_220375219
떼제베,2026-09-19,18:16,130000,golfpang,,,18홀,tr_220375218
중원,2026-09-19,12:51,130000,golfpang,,,18홀,tr_220274452
이븐데일,2026-09-19,12:12,100000,golfpang,,,18홀,tr_220375185
이븐데일,2026-09-19,07:28,95000,golfpang,,,18홀,tr_220375184
이븐데일,2026-09-19,17:05,84000,golfpang,,,18홀,tr_220375186
일레븐,2026-09-19,12:20,115000,golfpang,,,18홀,tr_220289536
백제,2026-09-19,14:08,150000,golfpang,,,18홀,tr_220230457
백제,2026-09-19,14:08,140000,golfpang,,,18홀,tr_220274020
대영힐스,2026-09-19,17:52,89000,golfpang,,,18홀,tr_220375139
대영힐스,2026-09-19,05:39,100000,golfpang,,,18홀,tr_220375137
대영힐스,2026-09-19,17:03,105000,golfpang,,,18홀,tr_220375138
골프존 천안,2026-09-19,13:36,166000,golfpang,,,18홀,tr_220375094
스톤비치,2026-09-19,07:59,140000,golfpang,,,18홀,tr_220339551
모나크,2026-09-19,13:03,150000,golfpang,,,18홀,tr_220375079
모나크,2026-09-19,18:02,110000,golfpang,,,18홀,tr_220375080
모나크,2026-09-19,12:00,160000,golfpang,,,18홀,tr_220375078
로얄포레,2026-09-19,18:36,99000,golfpang,,,18홀,tr_219996326
킹즈락,2026-09-19,18:55,95000,golfpang,,,18홀,tr_220368820
감곡,2026-09-19,18:41,110000,golfpang,,,18홀,tr_220314745
스타,2026-09-19,18:45,110000,golfpang,,,18홀,tr_220209593
이븐데일,2026-09-19,16:57,89000,golfpang,,,18홀,tr_220209603
대영힐스,2026-09-19,16:56,105000,golfpang,,,18홀,tr_220204995
임페리얼레이크,2026-09-19,16:44,109000,golfpang,,,18홀,tr_220222163
대호단양,2026-09-19,16:27,119000,golfpang,,,18홀,tr_220209220
대영베이스,2026-09-19,17:44,99000,golfpang,,,18홀,tr_220209549
떼제베(동북),2026-09-19,18:09,110000,golfpang,,,18홀,tr_220209086
떼제베,2026-09-19,18:09,130000,golfpang,,,18홀,tr_219623777
일레븐,2026-09-19,18:26,105000,golfpang,,,18홀,tr_220373132
세레니티cc,2026-09-19,18:48,130000,golfpang,,,18홀,tr_220369157
킹즈락,2026-09-19,18:48,95000,golfpang,,,18홀,tr_220209614
골든베이,2026-09-19,07:10,150000,golfpang,,,18홀,tr_220375075
모카cc,2026-09-19,12:53,135000,golfpang,,,18홀,tr_220148407
모카cc,2026-09-19,08:25,150000,golfpang,,,18홀,tr_220148408
로얄링스,2026-09-19,07:10,120000,golfpang,,,18홀,tr_219714141
로얄링스,2026-09-19,12:55,120000,golfpang,,,18홀,tr_219714259
대영힐스,2026-09-19,13:39,139000,golfpang,,,18홀,tr_220262237
대영힐스,2026-09-19,18:06,89000,golfpang,,,18홀,tr_219968371
대영힐스,2026-09-19,13:36,139000,golfpang,,,18홀,tr_219968370
대영힐스,2026-09-19,06:14,119000,golfpang,,,18홀,tr_219968369
대영힐스,2026-09-19,05:39,100000,golfpang,,,18홀,tr_220366748
감곡,2026-09-19,18:35,120000,golfpang,,,18홀,tr_220375071
센테리움,2026-09-19,13:25,139000,golfpang,,,18홀,tr_220348862
클럽D 보은,2026-09-19,13:09,150000,golfpang,,,18홀,tr_220367164
골프존 진천,2026-09-19,13:35,149000,golfpang,,,18홀,tr_220209540
스톤비치,2026-09-19,13:51,160000,golfpang,,,18홀,tr_220365976
감곡,2026-09-19,13:42,150000,golfpang,,,18홀,tr_220314744
골프존 화랑,2026-09-19,14:02,131000,golfpang,,,18홀,tr_220209544
속리산cc,2026-09-19,14:00,130000,golfpang,,,18홀,tr_219031137
중원,2026-09-19,12:58,150000,golfpang,,,18홀,tr_220201938
스타,2026-09-19,13:02,180000,golfpang,,,18홀,tr_220209592
힐데스하임,2026-09-19,12:34,150000,golfpang,,,18홀,tr_220205213
대호단양,2026-09-19,11:52,179000,golfpang,,,18홀,tr_220209219
힐데스하임,2026-09-19,12:04,155000,golfpang,,,18홀,tr_220205212
이븐데일,2026-09-19,12:05,115000,golfpang,,,18홀,tr_220209602
임페리얼레이크,2026-09-19,11:31,129000,golfpang,,,18홀,tr_220222162
로얄포레,2026-09-19,11:10,149000,golfpang,,,18홀,tr_219996325
대영베이스,2026-09-19,07:13,159000,golfpang,,,18홀,tr_219969048
대영베이스,2026-09-19,17:44,99000,golfpang,,,18홀,tr_219969050
대영베이스,2026-09-19,13:32,149000,golfpang,,,18홀,tr_219969049
이븐데일,2026-09-19,17:05,84000,golfpang,,,18홀,tr_220375045
이븐데일,2026-09-19,07:06,95000,golfpang,,,18홀,tr_220375043
이븐데일,2026-09-19,12:12,100000,golfpang,,,18홀,tr_220375044
대호단양,2026-09-19,06:28,149000,golfpang,,,18홀,tr_220209218
임페리얼레이크,2026-09-19,06:46,129000,golfpang,,,18홀,tr_220222161
로얄포레,2026-09-19,06:46,129000,golfpang,,,18홀,tr_219996324
킹즈락,2026-09-19,06:45,140000,golfpang,,,18홀,tr_220209613
대호단양,2026-09-19,07:24,179000,golfpang,,,18홀,tr_220373933
대영힐스,2026-09-19,05:39,110000,golfpang,,,18홀,tr_220204993
에스앤-퍼9,2026-09-19,06:07,60000,golfpang,,,18홀,tr_220367996
스타,2026-09-19,06:23,180000,golfpang,,,18홀,tr_220209591
킹즈락,2026-09-19,06:24,130000,golfpang,,,18홀,tr_220209612
중원,2026-09-19,08:35,170000,golfpang,,,18홀,tr_220201937
모카cc,2026-09-19,08:25,130000,golfpang,,,18홀,tr_220209562
이븐데일,2026-09-19,08:09,119000,golfpang,,,18홀,tr_220367716
이븐데일,2026-09-19,07:20,115000,golfpang,,,18홀,tr_220209601
힐데스하임,2026-09-19,07:22,160000,golfpang,,,18홀,tr_220205211
로얄링스,2026-09-19,12:20,120000,golfpang,,,18홀,tr_220001821
로얄링스,2026-09-19,07:50,120000,golfpang,,,18홀,tr_220001795
이븐데일,2026-09-19,07:28,95000,golfpang,,,18홀,tr_220212244
모카cc,2026-09-19,08:25,150000,golfpang,,,18홀,tr_220149399
프린세스,2026-09-19,12:04,180000,golfpang,,,18홀,tr_219443828
킹즈락,2026-09-19,11:54,150000,golfpang,,,18홀,tr_219540626
속리산cc,2026-09-19,11:54,160000,golfpang,,,18홀,tr_219970460
올데이,2026-09-19,11:45,119000,golfpang,,,18홀,tr_220278935
임페리얼레이크,2026-09-19,11:31,129000,golfpang,,,18홀,tr_220219379
대영힐스,2026-09-19,12:25,130000,golfpang,,,18홀,tr_220217061
골프존 진천,2026-09-19,12:25,156000,golfpang,,,18홀,tr_220336021
이븐데일,2026-09-19,12:20,90000,golfpang,,,18홀,tr_220288991
모나크,2026-09-19,12:14,160000,golfpang,,,18홀,tr_220241963
모카cc,2026-09-19,12:11,145000,golfpang,,,18홀,tr_220149400
킹즈락,2026-09-19,12:43,140000,golfpang,,,18홀,tr_219540627
로얄포레,2026-09-19,12:34,129000,golfpang,,,18홀,tr_220274585
스타,2026-09-19,13:02,180000,golfpang,,,18홀,tr_220033911
스타,2026-09-19,13:16,180000,golfpang,,,18홀,tr_220033912
센테리움,2026-09-19,13:11,139000,golfpang,,,18홀,tr_220242194
골든베이,2026-09-19,13:03,150000,golfpang,,,18홀,tr_218952802
모나크,2026-09-19,13:03,150000,golfpang,,,18홀,tr_220241964
속리산cc,2026-09-19,13:32,140000,golfpang,,,18홀,tr_219970461
센테리움,2026-09-19,13:25,139000,golfpang,,,18홀,tr_220242195
대영힐스,2026-09-19,13:23,129000,golfpang,,,18홀,tr_220217062
대영베이스,2026-09-19,13:45,139000,golfpang,,,18홀,tr_220216556
감곡,2026-09-19,13:42,160000,golfpang,,,18홀,tr_219765931
골프존 화랑,2026-09-19,13:41,131000,golfpang,,,18홀,tr_220239314
속리산cc,2026-09-19,14:00,140000,golfpang,,,18홀,tr_219970462
백제,2026-09-19,13:54,140000,golfpang,,,18홀,tr_219889966
올데이,2026-09-19,17:05,79000,golfpang,,,18홀,tr_220278936
대영힐스,2026-09-19,17:03,105000,golfpang,,,18홀,tr_220217063
대영베이스,2026-09-19,16:57,115000,golfpang,,,18홀,tr_220216557
백제,2026-09-19,14:15,140000,golfpang,,,18홀,tr_219889967
대영베이스,2026-09-19,17:57,99000,golfpang,,,18홀,tr_220216558
블랙스톤벨포레,2026-09-19,17:44,80000,golfpang,,,18홀,tr_220128200
임페리얼레이크,2026-09-19,17:26,109000,golfpang,,,18홀,tr_220219380
떼제베(동북),2026-09-19,18:02,110000,golfpang,,,18홀,tr_220142424
모나크,2026-09-19,18:30,110000,golfpang,,,18홀,tr_220241965
떼제베,2026-09-19,18:16,130000,golfpang,,,18홀,tr_220139313
로얄포레,2026-09-19,18:36,99000,golfpang,,,18홀,tr_220274586
스타,2026-09-19,06:23,180000,golfpang,,,18홀,tr_220033910
골프존 진천,2026-09-19,06:42,169000,golfpang,,,18홀,tr_220336019
골든베이,2026-09-19,06:30,150000,golfpang,,,18홀,tr_218952801
골프존 진천,2026-09-19,07:03,179000,golfpang,,,18홀,tr_220336020
로얄포레,2026-09-19,07:00,119000,golfpang,,,18홀,tr_220274584
프린세스,2026-09-19,06:55,185000,golfpang,,,18홀,tr_219443826
골프존 화랑,2026-09-19,06:55,165000,golfpang,,,18홀,tr_220239312
킹즈락,2026-09-19,06:52,140000,golfpang,,,18홀,tr_219540625
떼제베(동북),2026-09-19,07:42,130000,golfpang,,,18홀,tr_220142422
동촌,2026-09-19,07:23,190000,golfpang,,,18홀,tr_220004601
이븐데일,2026-09-19,07:20,100000,golfpang,,,18홀,tr_220288989
이븐데일,2026-09-19,08:24,115000,golfpang,,,18홀,tr_220288990
올데이,2026-09-19,08:10,119000,golfpang,,,18홀,tr_220278934
프린세스,2026-09-19,08:05,190000,golfpang,,,18홀,tr_219443827
골프존 화랑,2026-09-19,07:51,175000,golfpang,,,18홀,tr_220239313
임페리얼레이크,2026-09-19,07:49,149000,golfpang,,,18홀,tr_220219378
보령베이스-퍼9,2026-09-19,11:07,99000,golfpang,,,18홀,tr_220150605
동촌,2026-09-19,08:33,210000,golfpang,,,18홀,tr_220004602
골프존 화랑,2026-09-19,18:42,99000,golfpang,,,18홀,tr_220009631
골프존 화랑,2026-09-19,13:34,131000,golfpang,,,18홀,tr_220009627
골프존 진천,2026-09-19,12:32,151000,golfpang,,,18홀,tr_220009500
골프존 진천,2026-09-19,06:56,159000,golfpang,,,18홀,tr_220009509
골프존 진천,2026-09-19,07:59,169000,golfpang,,,18홀,tr_220009414
일레븐,2026-09-19,06:40,130000,golfpang,,,18홀,tr_220289466
모나크,2026-09-19,18:04,110000,golfpang,,,18홀,tr_220218802
골프존 화랑,2026-09-19,06:34,175000,golfpang,,,18홀,tr_219784497
블랙스톤벨포레,2026-09-19,18:12,70000,golfpang,,,18홀,tr_220174896
모나크,2026-09-19,13:30,150000,golfpang,,,18홀,tr_220218734
스타,2026-09-19,06:40,190000,golfpang,,,18홀,tr_220374962
이븐데일,2026-09-19,12:48,100000,golfpang,,,18홀,tr_220212240
모나크,2026-09-19,12:35,160000,golfpang,,,18홀,tr_220218681
골프존 진천,2026-09-19,13:21,149000,golfpang,,,18홀,tr_220374923
클럽D 보은,2026-09-19,07:23,150000,golfpang,,,18홀,tr_220371562
이븐데일,2026-09-19,07:20,115000,golfpang,,,18홀,tr_220372072
이븐데일,2026-09-19,08:24,120000,golfpang,,,18홀,tr_220372075
대호단양,2026-09-19,08:13,189000,golfpang,,,18홀,tr_220374853
에스앤-퍼9,2026-09-19,11:21,100000,golfpang,,,18홀,tr_220372843
클럽D 보은,2026-09-19,08:47,160000,golfpang,,,18홀,tr_220371565
동촌,2026-09-19,08:40,230000,golfpang,,,18홀,tr_220374640
에스앤-퍼9,2026-09-19,12:03,100000,golfpang,,,18홀,tr_220372403
파인스톤,2026-09-19,11:59,200000,golfpang,,,18홀,tr_220374641
클럽D 보은,2026-09-19,11:52,160000,golfpang,,,18홀,tr_220371246
클럽D 보은,2026-09-19,12:20,160000,golfpang,,,18홀,tr_220371564
파인스톤,2026-09-19,12:41,200000,golfpang,,,18홀,tr_220374774
에스앤-퍼9,2026-09-19,12:38,100000,golfpang,,,18홀,tr_220372404
클럽D 보은,2026-09-19,12:55,160000,golfpang,,,18홀,tr_220371249
스톤비치,2026-09-19,13:16,160000,golfpang,,,18홀,tr_220374707
이븐데일,2026-09-19,13:44,90000,golfpang,,,18홀,tr_220373371
스톤비치,2026-09-19,13:37,160000,golfpang,,,18홀,tr_220374708
클럽D 보은,2026-09-19,13:37,140000,golfpang,,,18홀,tr_220371248
클럽D 보은,2026-09-19,13:37,140000,golfpang,,,18홀,tr_220371247
스톤비치,2026-09-19,14:05,160000,golfpang,,,18홀,tr_220374127
클럽D 보은,2026-09-19,13:58,140000,golfpang,,,18홀,tr_220371563
세레니티cc,2026-09-19,14:30,220000,golfpang,,,18홀,tr_220373557
이븐데일,2026-09-19,17:39,90000,golfpang,,,18홀,tr_220372073
스톤비치,2026-09-19,18:05,130000,golfpang,,,18홀,tr_220374709
이븐데일,2026-09-19,18:00,90000,golfpang,,,18홀,tr_220372074
세레니티cc,2026-09-19,18:34,130000,golfpang,,,18홀,tr_220373876
일레븐,2026-09-19,18:33,105000,golfpang,,,18홀,tr_220373133
일레븐,2026-09-19,18:33,105000,golfpang,,,18홀,tr_220373293
이븐데일,2026-09-19,18:29,85000,golfpang,,,18홀,tr_220372076
세레니티cc,2026-09-19,18:27,130000,golfpang,,,18홀,tr_220373877
일레븐,2026-09-19,18:19,105000,golfpang,,,18홀,tr_220373292
대호단양,2026-09-19,07:24,179000,golfpang,,,18홀,tr_220374852
대호단양,2026-09-19,07:38,179000,golfpang,,,18홀,tr_220373934
에스앤-퍼9,2026-09-19,07:17,80000,golfpang,,,18홀,tr_220372842
스톤비치,2026-09-19,06:35,130000,golfpang,,,18홀,tr_220374126
클럽D 보은,2026-09-19,06:41,140000,golfpang,,,18홀,tr_220371245
에스앤-퍼9,2026-09-19,06:42,60000,golfpang,,,18홀,tr_220372841
대호단양,2026-09-19,06:00,139000,golfpang,,,18홀,tr_220374851
킹즈락,2026-09-19,06:10,130000,golfpang,,,18홀,tr_220373226
킹즈락,2026-09-19,19:09,90000,golfpang,,,18홀,tr_220372123
세레니티cc,2026-09-19,19:02,140000,golfpang,,,18홀,tr_220373559
세레니티cc,2026-09-19,18:48,140000,golfpang,,,18홀,tr_220373558
킹즈락,2026-09-19,18:48,95000,golfpang,,,18홀,tr_220373227
일레븐,2026-09-19,18:47,105000,golfpang,,,18홀,tr_220373294
킹즈락,2026-09-19,19:16,90000,golfpang,,,18홀,tr_220372124
대호단양,2026-09-19,06:14,149000,golfpang,,,18홀,tr_220373932
대영베이스,2026-09-19,19:04,99000,golfpang,,,18홀,tr_220371139
파인스톤,2026-09-19,06:40,190000,golfpang,,,18홀,tr_220371057
속리산cc,2026-09-19,13:30,130000,golfpang,,,18홀,tr_219996425
감곡,2026-09-19,13:49,150000,golfpang,,,18홀,tr_220371004
감곡,2026-09-19,18:48,110000,golfpang,,,18홀,tr_220371005
감곡,2026-09-19,19:02,110000,golfpang,,,18홀,tr_220371006
프린세스,2026-09-19,13:00,160000,golfpang,,,18홀,tr_219881282
백제,2026-09-19,14:08,140000,golfpang,,,18홀,tr_220346245
중원,2026-09-19,12:58,130000,golfpang,,,18홀,tr_220348558
파인스톤,2026-09-19,18:18,150000,golfpang,,,18홀,tr_219906947
스톤비치,2026-09-19,12:41,110000,golfpang,,,18홀,tr_220346408
스톤비치,2026-09-19,07:59,140000,golfpang,,,18홀,tr_220346380
감곡,2026-09-19,13:14,170000,golfpang,,,18홀,tr_220370970
감곡,2026-09-19,12:25,170000,golfpang,,,18홀,tr_220370968
감곡,2026-09-19,13:07,170000,golfpang,,,18홀,tr_220370969
킹스데일,2026-09-19,07:26,210000,golfpang,,,18홀,tr_220336702
힐데스하임,2026-09-19,07:22,155000,golfpang,,,18홀,tr_220274613
떼제베(동북),2026-09-19,08:10,130000,golfpang,,,18홀,tr_220152807
파인스톤,2026-09-19,11:17,200000,golfpang,,,18홀,tr_220289786
대호단양,2026-09-19,11:10,159000,golfpang,,,18홀,tr_219873195
보령베이스-퍼9,2026-09-19,11:07,99000,golfpang,,,18홀,tr_220179749
플라밍고,2026-09-19,08:33,190000,golfpang,,,18홀,tr_220106697
동촌,2026-09-19,08:33,210000,golfpang,,,18홀,tr_220150286
프린세스,2026-09-19,12:04,165000,golfpang,,,18홀,tr_220289227
임페리얼레이크,2026-09-19,11:45,139000,golfpang,,,18홀,tr_220324694
올데이,2026-09-19,11:45,119000,golfpang,,,18홀,tr_220325053
로얄포레,2026-09-19,11:31,139000,golfpang,,,18홀,tr_220325551
모나크,2026-09-19,12:14,160000,golfpang,,,18홀,tr_220252935
대영힐스,2026-09-19,12:12,130000,golfpang,,,18홀,tr_220214566
모카cc,2026-09-19,12:11,145000,golfpang,,,18홀,tr_220153022
힐데스하임,2026-09-19,12:49,145000,golfpang,,,18홀,tr_220274614
대호단양,2026-09-19,12:41,159000,golfpang,,,18홀,tr_219873196
이븐데일,2026-09-19,12:34,90000,golfpang,,,18홀,tr_220288788
스타,2026-09-19,13:02,180000,golfpang,,,18홀,tr_220255995
떼제베,2026-09-19,13:00,150000,golfpang,,,18홀,tr_220151018
프린세스,2026-09-19,13:14,160000,golfpang,,,18홀,tr_220289228
모나크,2026-09-19,13:03,150000,golfpang,,,18홀,tr_220252936
골든베이,2026-09-19,13:31,150000,golfpang,,,18홀,tr_218968288
예미지,2026-09-19,13:29,170000,golfpang,,,18홀,tr_220278814
플라밍고,2026-09-19,13:25,170000,golfpang,,,18홀,tr_220106698
센테리움,2026-09-19,13:25,139000,golfpang,,,18홀,tr_220336479
대영힐스,2026-09-19,13:23,129000,golfpang,,,18홀,tr_220214567
대영베이스,2026-09-19,13:45,139000,golfpang,,,18홀,tr_220214120
감곡,2026-09-19,13:42,160000,golfpang,,,18홀,tr_220215219
모카cc,2026-09-19,13:56,130000,golfpang,,,18홀,tr_220153023
백제,2026-09-19,13:54,140000,golfpang,,,18홀,tr_220007014
플라밍고,2026-09-19,17:14,150000,golfpang,,,18홀,tr_220106699
이븐데일,2026-09-19,17:05,84000,golfpang,,,18홀,tr_220288789
올데이,2026-09-19,17:05,79000,golfpang,,,18홀,tr_220325054
대영베이스,2026-09-19,16:57,115000,golfpang,,,18홀,tr_220214121
대영힐스,2026-09-19,16:56,105000,golfpang,,,18홀,tr_220214568
중원,2026-09-19,14:15,130000,golfpang,,,18홀,tr_220348777
대영베이스,2026-09-19,17:57,99000,golfpang,,,18홀,tr_220214122
블랙스톤벨포레,2026-09-19,17:44,80000,golfpang,,,18홀,tr_220148293
임페리얼레이크,2026-09-19,17:26,109000,golfpang,,,18홀,tr_220324695
프린세스,2026-09-19,18:09,115000,golfpang,,,18홀,tr_220289229
일레븐,2026-09-19,18:05,75000,golfpang,,,18홀,tr_220258581
떼제베(동북),2026-09-19,18:02,110000,golfpang,,,18홀,tr_220152808
떼제베,2026-09-19,18:02,130000,golfpang,,,18홀,tr_220151019
임페리얼레이크,2026-09-19,18:01,99000,golfpang,,,18홀,tr_220324696
킹즈락,2026-09-19,17:59,115000,golfpang,,,18홀,tr_220290032
모나크,2026-09-19,18:30,110000,golfpang,,,18홀,tr_220252937
감곡,2026-09-19,18:48,120000,golfpang,,,18홀,tr_220215220
스타,2026-09-19,18:45,110000,golfpang,,,18홀,tr_220255996
블랙스톤벨포레,2026-09-19,18:40,70000,golfpang,,,18홀,tr_220148294
로얄포레,2026-09-19,18:36,99000,golfpang,,,18홀,tr_220325552
동촌,2026-09-19,06:27,170000,golfpang,,,18홀,tr_220150285
일레븐,2026-09-19,06:23,130000,golfpang,,,18홀,tr_220258580
파인스톤,2026-09-19,06:21,190000,golfpang,,,18홀,tr_220289787
킹즈락,2026-09-19,06:17,130000,golfpang,,,18홀,tr_220290030
힐데스하임,2026-09-19,06:07,140000,golfpang,,,18홀,tr_220274615
대호단양,2026-09-19,06:07,139000,golfpang,,,18홀,tr_219873194
떼제베,2026-09-19,06:04,130000,golfpang,,,18홀,tr_220151017
센테리움,2026-09-19,06:46,159000,golfpang,,,18홀,tr_220336478
킹즈락,2026-09-19,06:45,140000,golfpang,,,18홀,tr_220290031
골든베이,2026-09-19,06:30,150000,golfpang,,,18홀,tr_218968287
떼제베(동북),2026-09-19,07:00,120000,golfpang,,,18홀,tr_220152806
로얄포레,2026-09-19,07:00,119000,golfpang,,,18홀,tr_220325550
올데이,2026-09-19,07:00,109000,golfpang,,,18홀,tr_220325052
이븐데일,2026-09-19,06:53,95000,golfpang,,,18홀,tr_220288787
킹즈락,2026-09-19,06:30,130000,golfpang,,,18홀,tr_220370966
스톤비치,2026-09-19,17:17,90000,golfpang,,,18홀,tr_219336563
일레븐,2026-09-19,12:28,125000,golfpang,,,18홀,tr_220370964
중원,2026-09-19,08:21,150000,golfpang,,,18홀,tr_220348505
대영베이스,2026-09-19,18:00,99000,golfpang,,,18홀,tr_220085802
임페리얼레이크,2026-09-19,06:00,109000,golfpang,,,18홀,tr_219986409
임페리얼레이크,2026-09-19,18:00,99000,golfpang,,,18홀,tr_220086560
일레븐,2026-09-19,18:00,75000,golfpang,,,18홀,tr_220086546
떼제베(동북),2026-09-19,18:00,110000,golfpang,,,18홀,tr_219986630
떼제베,2026-09-19,18:00,130000,golfpang,,,18홀,tr_219986610
대영힐스,2026-09-19,17:50,89000,golfpang,,,18홀,tr_220085916
올데이,2026-09-19,17:00,79000,golfpang,,,18홀,tr_220086248
감곡,2026-09-19,13:40,150000,golfpang,,,18홀,tr_220085777
이븐데일,2026-09-19,13:00,90000,golfpang,,,18홀,tr_220086291
센테리움,2026-09-19,13:00,139000,golfpang,,,18홀,tr_220260030
로얄포레,2026-09-19,12:40,129000,golfpang,,,18홀,tr_219986364
올데이,2026-09-19,12:10,109000,golfpang,,,18홀,tr_219986466
임페리얼레이크,2026-09-19,11:50,139000,golfpang,,,18홀,tr_219986412
떼제베(동북),2026-09-19,07:50,130000,golfpang,,,18홀,tr_219986574
올데이,2026-09-19,06:40,99000,golfpang,,,18홀,tr_219986433
이븐데일,2026-09-19,06:40,95000,golfpang,,,18홀,tr_220325666
일레븐,2026-09-19,06:30,130000,golfpang,,,18홀,tr_220086524
로얄포레,2026-09-19,07:00,119000,golfpang,,,18홀,tr_219986358
대영베이스,2026-09-19,07:50,150000,golfpang,,,18홀,tr_219986337
모카cc,2026-09-19,08:25,150000,golfpang,,,18홀,tr_220370601
대영베이스,2026-09-19,07:47,150000,golfpang,,,18홀,tr_220370627
모카cc,2026-09-19,13:56,130000,golfpang,,,18홀,tr_220370602
대영베이스,2026-09-19,19:04,85000,golfpang,,,18홀,tr_220370629
대영베이스,2026-09-19,18:04,99000,golfpang,,,18홀,tr_220370628
대영힐스,2026-09-19,18:06,89000,golfpang,,,18홀,tr_220370857
대영힐스,2026-09-19,18:06,89000,golfpang,,,18홀,tr_220370856
대영힐스,2026-09-19,18:06,89000,golfpang,,,18홀,tr_220370858
대영베이스,2026-09-19,13:22,119000,golfpang,,,18홀,tr_220203366
백제,2026-09-19,13:34,140000,golfpang,,,18홀,tr_220203324
플라밍고,2026-09-19,13:11,170000,golfpang,,,18홀,tr_220370819
플라밍고,2026-09-19,18:03,140000,golfpang,,,18홀,tr_220370820
플라밍고,2026-09-19,08:33,190000,golfpang,,,18홀,tr_220370818
백제,2026-09-19,13:54,140000,golfpang,,,18홀,tr_220349515
로얄링스,2026-09-19,13:09,120000,golfpang,,,18홀,tr_220349446
로얄링스,2026-09-19,07:10,120000,golfpang,,,18홀,tr_220349399
스톤비치,2026-09-19,12:30,110000,golfpang,,,18홀,tr_220305630
떼제베(동북),2026-09-19,11:43,130000,golfpang,,,18홀,tr_218575852
프린세스,2026-09-19,08:32,150000,golfpang,,,18홀,tr_219624168
이븐데일,2026-09-19,12:05,115000,golfpang,,,18홀,tr_219934085
킹즈락,2026-09-19,07:00,140000,golfpang,,,18홀,tr_219564445
일레븐,2026-09-19,12:49,115000,golfpang,,,18홀,tr_220207655
킹즈락,2026-09-19,06:17,130000,golfpang,,,18홀,tr_220368819
킹즈락,2026-09-19,06:17,130000,golfpang,,,18홀,tr_220367767
에스앤-퍼9,2026-09-19,06:14,60000,golfpang,,,18홀,tr_220367997
이븐데일,2026-09-19,06:10,95000,golfpang,,,18홀,tr_220368973
에스앤-퍼9,2026-09-19,06:00,60000,golfpang,,,18홀,tr_220368474
대호단양,2026-09-19,06:28,149000,golfpang,,,18홀,tr_220369549
이븐데일,2026-09-19,07:06,105000,golfpang,,,18홀,tr_220367715
동촌,2026-09-19,07:23,205000,golfpang,,,18홀,tr_220370360
대호단양,2026-09-19,08:06,189000,golfpang,,,18홀,tr_220369550
에스앤-퍼9,2026-09-19,11:28,100000,golfpang,,,18홀,tr_220367998
파인스톤,2026-09-19,11:17,200000,golfpang,,,18홀,tr_220370361
에스앤-퍼9,2026-09-19,11:56,100000,golfpang,,,18홀,tr_220368031
중원,2026-09-19,12:51,160000,golfpang,,,18홀,tr_220367888
이븐데일,2026-09-19,13:51,90000,golfpang,,,18홀,tr_220367719
스톤비치,2026-09-19,13:44,160000,golfpang,,,18홀,tr_220370311
스톤비치,2026-09-19,13:58,160000,golfpang,,,18홀,tr_220369737
이븐데일,2026-09-19,17:19,90000,golfpang,,,18홀,tr_220368974
세레니티cc,2026-09-19,14:30,220000,golfpang,,,18홀,tr_220369505
스톤비치,2026-09-19,17:58,130000,golfpang,,,18홀,tr_220370312
이븐데일,2026-09-19,18:08,90000,golfpang,,,18홀,tr_220368975
스톤비치,2026-09-19,17:58,130000,golfpang,,,18홀,tr_220369738
이븐데일,2026-09-19,18:28,85000,golfpang,,,18홀,tr_220367717
세레니티cc,2026-09-19,18:27,140000,golfpang,,,18홀,tr_220369156
에스앤-퍼9,2026-09-19,18:20,60000,golfpang,,,18홀,tr_220368032
일레븐,2026-09-19,18:19,105000,golfpang,,,18홀,tr_220368727
이븐데일,2026-09-19,18:15,90000,golfpang,,,18홀,tr_220367720
세레니티cc,2026-09-19,18:13,130000,golfpang,,,18홀,tr_220369507
스톤비치,2026-09-19,18:12,130000,golfpang,,,18홀,tr_220369739
세레니티cc,2026-09-19,19:02,130000,golfpang,,,18홀,tr_220369506
킹즈락,2026-09-19,19:02,90000,golfpang,,,18홀,tr_220367769
킹즈락,2026-09-19,19:02,90000,golfpang,,,18홀,tr_220367768
이븐데일,2026-09-19,18:49,85000,golfpang,,,18홀,tr_220367718
일레븐,2026-09-19,18:40,105000,golfpang,,,18홀,tr_220368887
세레니티cc,2026-09-19,18:34,130000,golfpang,,,18홀,tr_220369160
세레니티cc,2026-09-19,19:23,130000,golfpang,,,18홀,tr_220369508
세레니티cc,2026-09-19,19:16,130000,golfpang,,,18홀,tr_220369158
킹즈락,2026-09-19,19:09,90000,golfpang,,,18홀,tr_220368821
세레니티cc,2026-09-19,19:09,130000,golfpang,,,18홀,tr_220369161
대호단양,2026-09-19,06:28,149000,golfpang,,,18홀,tr_220370434
세레니티cc,2026-09-19,06:23,190000,golfpang,,,18홀,tr_220369159
파인스톤,2026-09-19,06:21,190000,golfpang,,,18홀,tr_220370227
대영힐스,2026-09-19,19:02,79000,golfpang,,,18홀,tr_220366747
클럽D 보은,2026-09-19,07:02,150000,golfpang,,,18홀,tr_220366875
클럽D 보은,2026-09-19,07:02,150000,golfpang,,,18홀,tr_220367165
클럽D 보은,2026-09-19,12:27,160000,golfpang,,,18홀,tr_220366874
클럽D 보은,2026-09-19,12:41,160000,golfpang,,,18홀,tr_220366876
클럽D 보은,2026-09-19,12:48,160000,golfpang,,,18홀,tr_220366878
로얄링스,2026-09-19,13:23,160000,golfpang,,,18홀,tr_220367342
클럽D 보은,2026-09-19,13:23,150000,golfpang,,,18홀,tr_220367166
클럽D 보은,2026-09-19,13:16,150000,golfpang,,,18홀,tr_220366873
클럽D 보은,2026-09-19,13:44,140000,golfpang,,,18홀,tr_220366877
클럽D 보은,2026-09-19,13:51,140000,golfpang,,,18홀,tr_220366872
중원,2026-09-19,14:15,150000,golfpang,,,18홀,tr_220367497
대영힐스,2026-09-19,17:03,105000,golfpang,,,18홀,tr_220366749
대영힐스,2026-09-19,17:52,89000,golfpang,,,18홀,tr_220366750
대영힐스,2026-09-19,18:06,89000,golfpang,,,18홀,tr_220366746
대영힐스,2026-09-19,18:20,89000,golfpang,,,18홀,tr_220366751
클럽D 보은,2026-09-19,06:41,140000,golfpang,,,18홀,tr_220366879
대영힐스,2026-09-19,18:48,85000,golfpang,,,18홀,tr_220366752
로얄링스,2026-09-19,08:20,120000,golfpang,,,18홀,tr_219968278
로얄링스,2026-09-19,11:52,120000,golfpang,,,18홀,tr_219968405
중원,2026-09-19,08:35,150000,golfpang,,,18홀,tr_220366678
올데이,2026-09-19,12:34,99000,golfpang,,,18홀,tr_220366656
올데이,2026-09-19,07:07,99000,golfpang,,,18홀,tr_220366657
올데이,2026-09-19,08:10,119000,golfpang,,,18홀,tr_220366655
속리산cc,2026-09-19,13:40,130000,golfpang,,,18홀,tr_220366654
이븐데일,2026-09-19,12:19,90000,golfpang,,,18홀,tr_220287643
이븐데일,2026-09-19,11:38,90000,golfpang,,,18홀,tr_220287646
대호단양,2026-09-19,07:31,179000,golfpang,,,18홀,tr_220365198
에스앤-퍼9,2026-09-19,06:21,60000,golfpang,,,18홀,tr_220364114
스타,2026-09-19,18:31,110000,golfpang,,,18홀,tr_219784928
일레븐,2026-09-19,13:38,115000,golfpang,,,18홀,tr_220223066
일레븐,2026-09-19,13:38,115000,golfpang,,,18홀,tr_220233300
대영베이스,2026-09-19,17:51,89000,golfpang,,,18홀,tr_219443056
대영베이스,2026-09-19,17:51,89000,golfpang,,,18홀,tr_220304906
힐데스하임,2026-09-19,18:04,110000,golfpang,,,18홀,tr_219784961
힐데스하임,2026-09-19,18:04,110000,golfpang,,,18홀,tr_219784959
모나크,2026-09-19,18:09,110000,golfpang,,,18홀,tr_220253101
모나크,2026-09-19,18:09,110000,golfpang,,,18홀,tr_219718139
스톤비치,2026-09-19,06:28,130000,golfpang,,,18홀,tr_220365977
스타,2026-09-19,18:31,110000,golfpang,,,18홀,tr_219784927
모카cc,2026-09-19,13:56,130000,golfpang,,,18홀,tr_220366539
모카cc,2026-09-19,08:25,150000,golfpang,,,18홀,tr_220366538
진천(비공개),2026-09-19,13:26,180000,golfpang,,,18홀,tr_220348262
떼제베,2026-09-19,18:09,130000,golfpang,,,18홀,tr_220366518
떼제베,2026-09-19,18:16,130000,golfpang,,,18홀,tr_220366517
떼제베,2026-09-19,18:37,130000,golfpang,,,18홀,tr_220366519
골프존 천안,2026-09-19,11:55,167000,golfpang,,,18홀,tr_220366516
동촌,2026-09-19,06:48,170000,golfpang,,,18홀,tr_220349345
중원,2026-09-19,12:58,130000,golfpang,,,18홀,tr_220366496
중원,2026-09-19,08:35,150000,golfpang,,,18홀,tr_220366495
모나크,2026-09-19,13:45,150000,golfpang,,,18홀,tr_220366481
모나크,2026-09-19,12:49,160000,golfpang,,,18홀,tr_220366480
모나크,2026-09-19,18:44,110000,golfpang,,,18홀,tr_220366482
스톤비치,2026-09-19,16:36,80000,golfpang,,,18홀,tr_216744038
진천(비공개),2026-09-19,07:17,180000,golfpang,,,18홀,tr_220348229
대영힐스,2026-09-19,17:52,95000,golfpang,,,18홀,tr_219335548
대영베이스,2026-09-19,13:39,139000,golfpang,,,18홀,tr_219335006
대영힐스,2026-09-19,13:23,130000,golfpang,,,18홀,tr_219335555
그랜드(청주),2026-09-19,12:37,160000,golfpang,,,18홀,tr_219784233
그랜드(청주),2026-09-19,17:46,120000,golfpang,,,18홀,tr_219784240
대영베이스,2026-09-19,17:57,99000,golfpang,,,18홀,tr_219335003
떼제베(동북),2026-09-19,12:46,130000,golfpang,,,18홀,tr_220014240
임페리얼레이크,2026-09-19,06:04,119000,golfpang,,,18홀,tr_220022811
모나크,2026-09-19,12:14,160000,golfpang,,,18홀,tr_220220086
떼제베(동북),2026-09-19,07:28,120000,golfpang,,,18홀,tr_220014239
대호단양,2026-09-19,07:45,179000,golfpang,,,18홀,tr_220107283
떼제베,2026-09-19,07:07,150000,golfpang,,,18홀,tr_220014201
힐데스하임,2026-09-19,07:22,165000,golfpang,,,18홀,tr_220015046
떼제베(동북),2026-09-19,06:53,110000,golfpang,,,18홀,tr_220014238
떼제베,2026-09-19,07:00,150000,golfpang,,,18홀,tr_220014200
떼제베,2026-09-19,06:04,130000,golfpang,,,18홀,tr_220014199
힐데스하임,2026-09-19,12:34,160000,golfpang,,,18홀,tr_220015047
골프존 화랑,2026-09-19,18:56,99000,golfpang,,,18홀,tr_220349318
골프존 천안,2026-09-19,11:48,168000,golfpang,,,18홀,tr_220349291
스톤비치,2026-09-19,12:20,110000,golfpang,,,18홀,tr_220348199
떼제베(동북),2026-09-19,07:49,120000,golfpang,,,18홀,tr_220366310
떼제베(동북),2026-09-19,18:30,110000,golfpang,,,18홀,tr_220366312
떼제베(동북),2026-09-19,18:09,110000,golfpang,,,18홀,tr_220366311
골프존 진천,2026-09-19,06:56,159000,golfpang,,,18홀,tr_219338301
골프존 진천,2026-09-19,08:48,184000,golfpang,,,18홀,tr_219338361
로얄포레,2026-09-19,12:48,139000,golfpang,,,18홀,tr_220097511
로얄포레,2026-09-19,13:23,139000,golfpang,,,18홀,tr_220097512
로얄포레,2026-09-19,07:14,139000,golfpang,,,18홀,tr_220097510
프린세스,2026-09-19,08:12,150000,golfpang,,,18홀,tr_220328450
골프존 진천,2026-09-19,14:17,141000,golfpang,,,18홀,tr_220349289
스톤비치,2026-09-19,07:59,140000,golfpang,,,18홀,tr_220348197
동촌,2026-09-19,07:30,205000,golfpang,,,18홀,tr_219914868
동촌,2026-09-19,06:48,190000,golfpang,,,18홀,tr_219914867
골프존 진천,2026-09-19,14:03,141000,golfpang,,,18홀,tr_220366230
골프존 진천,2026-09-19,06:42,169000,golfpang,,,18홀,tr_220366228
골프존 진천,2026-09-19,12:46,151000,golfpang,,,18홀,tr_220366229
세레니티cc,2026-09-19,18:06,140000,golfpang,,,18홀,tr_220364805
스톤비치,2026-09-19,18:12,130000,golfpang,,,18홀,tr_220365980
스톤비치,2026-09-19,18:05,130000,golfpang,,,18홀,tr_220365417
스톤비치,2026-09-19,14:05,160000,golfpang,,,18홀,tr_220365979
솔라고,2026-09-19,14:24,140000,golfpang,,,18홀,tr_220365644
세레니티cc,2026-09-19,14:37,220000,golfpang,,,18홀,tr_220364811
스톤비치,2026-09-19,13:58,160000,golfpang,,,18홀,tr_220365978
스톤비치,2026-09-19,13:51,160000,golfpang,,,18홀,tr_220365416
스톤비치,2026-09-19,13:44,160000,golfpang,,,18홀,tr_220365415
스톤비치,2026-09-19,13:23,160000,golfpang,,,18홀,tr_220365414
이븐데일,2026-09-19,11:59,100000,golfpang,,,18홀,tr_220364612
대호단양,2026-09-19,07:38,179000,golfpang,,,18홀,tr_220366130
이븐데일,2026-09-19,07:00,105000,golfpang,,,18홀,tr_220364611
세레니티cc,2026-09-19,19:16,140000,golfpang,,,18홀,tr_220364808
세레니티cc,2026-09-19,18:27,130000,golfpang,,,18홀,tr_220364809
일레븐,2026-09-19,18:26,105000,golfpang,,,18홀,tr_220364532
세레니티cc,2026-09-19,18:20,140000,golfpang,,,18홀,tr_220364806
세레니티cc,2026-09-19,18:20,130000,golfpang,,,18홀,tr_220364812
스톤비치,2026-09-19,18:19,130000,golfpang,,,18홀,tr_220365981
일레븐,2026-09-19,18:47,105000,golfpang,,,18홀,tr_220364370
세레니티cc,2026-09-19,18:41,130000,golfpang,,,18홀,tr_220364810
일레븐,2026-09-19,18:40,105000,golfpang,,,18홀,tr_220364369
이븐데일,2026-09-19,18:36,85000,golfpang,,,18홀,tr_220364613
세레니티cc,2026-09-19,18:34,150000,golfpang,,,18홀,tr_220364807
이븐데일,2026-09-19,19:03,80000,golfpang,,,18홀,tr_220364610
세레니티cc,2026-09-19,19:02,130000,golfpang,,,18홀,tr_220364813
세레니티cc,2026-09-19,18:55,130000,golfpang,,,18홀,tr_220365139
세레니티cc,2026-09-19,19:30,130000,golfpang,,,18홀,tr_220365138
킹즈락,2026-09-19,19:23,90000,golfpang,,,18홀,tr_220364465
스톤비치,2026-09-19,06:28,130000,golfpang,,,18홀,tr_220365975
킹즈락,2026-09-19,19:16,90000,golfpang,,,18홀,tr_220364464
클럽D 보은,2026-09-19,06:20,140000,golfpang,,,18홀,tr_220362529
킹즈락,2026-09-19,06:17,130000,golfpang,,,18홀,tr_220363356
킹즈락,2026-09-19,06:38,140000,golfpang,,,18홀,tr_220363357
에스앤-퍼9,2026-09-19,06:35,60000,golfpang,,,18홀,tr_220363602
이븐데일,2026-09-19,06:32,95000,golfpang,,,18홀,tr_220363310
클럽D 보은,2026-09-19,07:16,150000,golfpang,,,18홀,tr_220362531
에스앤-퍼9,2026-09-19,07:10,80000,golfpang,,,18홀,tr_220363604
클럽D 보은,2026-09-19,07:09,150000,golfpang,,,18홀,tr_220362528
에스앤-퍼9,2026-09-19,07:03,80000,golfpang,,,18홀,tr_220363603
클럽D 보은,2026-09-19,07:37,150000,golfpang,,,18홀,tr_220362527
이븐데일,2026-09-19,07:28,115000,golfpang,,,18홀,tr_220363311
킹스데일,2026-09-19,07:26,220000,golfpang,,,18홀,tr_220363014
에스앤-퍼9,2026-09-19,07:24,80000,golfpang,,,18홀,tr_220363605
에스앤-퍼9,2026-09-19,08:06,80000,golfpang,,,18홀,tr_220364115
이븐데일,2026-09-19,08:02,119000,golfpang,,,18홀,tr_220363309
에스앤-퍼9,2026-09-19,08:13,80000,golfpang,,,18홀,tr_220363606
클럽D 보은,2026-09-19,08:47,160000,golfpang,,,18홀,tr_220362530
클럽D 보은,2026-09-19,12:20,160000,golfpang,,,18홀,tr_220362526
에스앤-퍼9,2026-09-19,12:45,100000,golfpang,,,18홀,tr_220363633
클럽D 보은,2026-09-19,12:41,160000,golfpang,,,18홀,tr_220362793
이븐데일,2026-09-19,12:48,95000,golfpang,,,18홀,tr_220363312
이븐데일,2026-09-19,17:05,90000,golfpang,,,18홀,tr_220363313
이븐데일,2026-09-19,17:33,90000,golfpang,,,18홀,tr_220363314
에스앤-퍼9,2026-09-19,18:13,60000,golfpang,,,18홀,tr_220363635
에스앤-퍼9,2026-09-19,18:06,60000,golfpang,,,18홀,tr_220363634
에스앤-퍼9,2026-09-19,18:27,60000,golfpang,,,18홀,tr_220363636
이븐데일,2026-09-19,18:57,80000,golfpang,,,18홀,tr_220363315
킹즈락,2026-09-19,18:55,95000,golfpang,,,18홀,tr_220363358
킹즈락,2026-09-19,19:23,90000,golfpang,,,18홀,tr_220363359
대영힐스,2026-09-19,05:39,109000,golfpang,,,18홀,tr_220305345
대영힐스,2026-09-19,18:06,89000,golfpang,,,18홀,tr_220305347
대영힐스,2026-09-19,17:03,105000,golfpang,,,18홀,tr_220305346
대영베이스,2026-09-19,13:12,149000,golfpang,,,18홀,tr_220297118
대영베이스,2026-09-19,17:44,99000,golfpang,,,18홀,tr_220297119
대영베이스,2026-09-19,12:19,155000,golfpang,,,18홀,tr_220297117
임페리얼레이크,2026-09-19,11:17,139000,golfpang,,,18홀,tr_220362166
임페리얼레이크,2026-09-19,11:59,139000,golfpang,,,18홀,tr_220362165
임페리얼레이크,2026-09-19,16:44,119000,golfpang,,,18홀,tr_220362167
블랙스톤벨포레,2026-09-19,13:20,100000,golfpang,,,18홀,tr_219870808
프린세스,2026-09-19,08:30,150000,golfpang,,,18홀,tr_220304530
골든베이,2026-09-19,07:00,150000,golfpang,,,18홀,tr_218959802
블랙스톤벨포레,2026-09-19,13:20,110000,golfpang,,,18홀,tr_220348124
킹즈락,2026-09-19,06:45,140000,golfpang,,,18홀,tr_220328449
골프존 화랑,2026-09-19,08:06,175000,golfpang,,,18홀,tr_220204723
골프존 진천,2026-09-19,12:16,151000,golfpang,,,18홀,tr_220306388
스타,2026-09-19,18:10,110000,golfpang,,,18홀,tr_219489531
골프존 진천,2026-09-19,13:52,141000,golfpang,,,18홀,tr_219331570
이븐데일,2026-09-19,11:40,90000,golfpang,,,18홀,tr_220362063
로얄링스,2026-09-19,13:02,120000,golfpang,,,18홀,tr_220241998
블랙스톤벨포레,2026-09-19,13:20,110000,golfpang,,,18홀,tr_220242153
골프존 진천,2026-09-19,06:21,169000,golfpang,,,18홀,tr_220241058
골프존 화랑,2026-09-19,06:34,175000,golfpang,,,18홀,tr_220241082
동촌,2026-09-19,06:48,170000,golfpang,,,18홀,tr_220241152
중원,2026-09-19,07:11,160000,golfpang,,,18홀,tr_220241211
로얄링스,2026-09-19,07:45,120000,golfpang,,,18홀,tr_220241328
중원,2026-09-19,12:58,150000,golfpang,,,18홀,tr_220241988
스톤비치,2026-09-19,12:20,140000,golfpang,,,18홀,tr_220241498
골프존 천안,2026-09-19,12:23,173000,golfpang,,,18홀,tr_220241667
블랙스톤벨포레,2026-09-19,18:12,70000,golfpang,,,18홀,tr_220242645
골프존 진천,2026-09-19,13:49,149000,golfpang,,,18홀,tr_220242324
스톤비치,2026-09-19,07:59,140000,golfpang,,,18홀,tr_220241467
백제,2026-09-19,13:54,140000,golfpang,,,18홀,tr_220242389
백제,2026-09-19,07:50,150000,golfpang,,,18홀,tr_220241419
중원,2026-09-19,12:40,130000,golfpang,,,18홀,tr_219159071
임페리얼레이크,2026-09-19,16:44,119000,golfpang,,,18홀,tr_220362023
임페리얼레이크,2026-09-19,18:01,99000,golfpang,,,18홀,tr_220362025
임페리얼레이크,2026-09-19,11:59,139000,golfpang,,,18홀,tr_220362024
골든베이,2026-09-19,13:30,150000,golfpang,,,18홀,tr_219564031
블랙스톤벨포레,2026-09-19,07:18,110000,golfpang,,,18홀,tr_220327660
골프존 화랑,2026-09-19,13:46,131000,golfpang,,,18홀,tr_220204720
일레븐,2026-09-19,17:56,75000,golfpang,,,18홀,tr_219748460
감곡,2026-09-19,13:41,150000,golfpang,,,18홀,tr_220361916
백제,2026-09-19,13:54,140000,golfpang,,,18홀,tr_220347966
골프존 진천,2026-09-19,12:14,151000,golfpang,,,18홀,tr_220204789
골프존 진천,2026-09-19,13:00,149000,golfpang,,,18홀,tr_219996484
일레븐,2026-09-19,18:33,75000,golfpang,,,18홀,tr_219821709
골프존 진천,2026-09-19,07:59,169000,golfpang,,,18홀,tr_219338398
골프존 진천,2026-09-19,06:49,159000,golfpang,,,18홀,tr_217827176
골프존 진천,2026-09-19,13:00,149000,golfpang,,,18홀,tr_217827208
프린세스,2026-09-19,08:26,190000,golfpang,,,18홀,tr_219440003
킹스데일,2026-09-19,07:26,210000,golfpang,,,18홀,tr_220324777
프린세스,2026-09-19,06:55,185000,golfpang,,,18홀,tr_219440002
프린세스,2026-09-19,12:04,180000,golfpang,,,18홀,tr_219440004
에스앤-퍼9,2026-09-19,06:56,60000,golfpang,,,18홀,tr_219810742
이븐데일,2026-09-19,06:38,95000,golfpang,,,18홀,tr_220347358
일레븐,2026-09-19,06:23,130000,golfpang,,,18홀,tr_220346277
에스앤-퍼9,2026-09-19,17:45,60000,golfpang,,,18홀,tr_219810744
이븐데일,2026-09-19,11:59,90000,golfpang,,,18홀,tr_220347359
일레븐,2026-09-19,18:05,75000,golfpang,,,18홀,tr_220346278
일레븐,2026-09-19,18:33,75000,golfpang,,,18홀,tr_220346279
에스앤-퍼9,2026-09-19,11:14,100000,golfpang,,,18홀,tr_219810743
중원,2026-09-19,08:21,150000,golfpang,,,18홀,tr_220346775
이븐데일,2026-09-19,18:28,80000,golfpang,,,18홀,tr_220347360
중원,2026-09-19,08:35,150000,golfpang,,,18홀,tr_220346774
골프존 화랑,2026-09-19,12:30,141000,golfpang,,,18홀,tr_220204717
일레븐,2026-09-19,18:19,75000,golfpang,,,18홀,tr_219822091
블랙스톤벨포레,2026-09-19,17:37,80000,golfpang,,,18홀,tr_220032260
모나크,2026-09-19,18:30,110000,golfpang,,,18홀,tr_220347039
백제,2026-09-19,13:54,140000,golfpang,,,18홀,tr_220046293
보령베이스-퍼9,2026-09-19,11:07,99000,golfpang,,,18홀,tr_219795305
속리산cc,2026-09-19,11:54,160000,golfpang,,,18홀,tr_219807361
모카cc,2026-09-19,13:56,130000,golfpang,,,18홀,tr_220056467
모카cc,2026-09-19,08:28,150000,golfpang,,,18홀,tr_220056466
블랙스톤벨포레,2026-09-19,18:33,70000,golfpang,,,18홀,tr_220032261
힐데스하임,2026-09-19,12:27,140000,golfpang,,,18홀,tr_220361831
힐데스하임,2026-09-19,12:27,140000,golfpang,,,18홀,tr_220361830
모나크,2026-09-19,12:49,160000,golfpang,,,18홀,tr_220347037
스타,2026-09-19,12:48,190000,golfpang,,,18홀,tr_220346989
속리산cc,2026-09-19,12:57,145000,golfpang,,,18홀,tr_219807362
센테리움,2026-09-19,13:11,139000,golfpang,,,18홀,tr_220328533
모나크,2026-09-19,13:03,150000,golfpang,,,18홀,tr_220347038
스타,2026-09-19,13:02,180000,golfpang,,,18홀,tr_220346990
속리산cc,2026-09-19,13:32,140000,golfpang,,,18홀,tr_219807363
스타,2026-09-19,06:30,180000,golfpang,,,18홀,tr_220346988
센테리움,2026-09-19,06:46,159000,golfpang,,,18홀,tr_220328532
동촌,2026-09-19,06:48,170000,golfpang,,,18홀,tr_220315371
스톤비치,2026-09-19,17:10,100000,golfpang,,,18홀,tr_216883357
떼제베(동북),2026-09-19,07:42,120000,golfpang,,,18홀,tr_220346986
감곡,2026-09-19,13:42,160000,golfpang,,,18홀,tr_219336423
대영베이스,2026-09-19,13:45,139000,golfpang,,,18홀,tr_220007130
골든베이,2026-09-19,13:45,150000,golfpang,,,18홀,tr_219112523
골프존 진천,2026-09-19,14:03,141000,golfpang,,,18홀,tr_220326918
대호단양,2026-09-19,16:20,129000,golfpang,,,18홀,tr_220005467
대호단양,2026-09-19,17:09,119000,golfpang,,,18홀,tr_220005468
대영힐스,2026-09-19,16:56,105000,golfpang,,,18홀,tr_220007842
대영베이스,2026-09-19,17:57,95000,golfpang,,,18홀,tr_220007131
떼제베,2026-09-19,18:09,130000,golfpang,,,18홀,tr_220010613
떼제베(동북),2026-09-19,18:30,110000,golfpang,,,18홀,tr_220010028
대영힐스,2026-09-19,18:41,79000,golfpang,,,18홀,tr_220007843
대영베이스,2026-09-19,19:04,89000,golfpang,,,18홀,tr_220007132
감곡,2026-09-19,18:48,120000,golfpang,,,18홀,tr_219336424
대영힐스,2026-09-19,12:12,130000,golfpang,,,18홀,tr_220007841
골프존 진천,2026-09-19,12:32,151000,golfpang,,,18홀,tr_220326917
골프존 화랑,2026-09-19,13:06,131000,golfpang,,,18홀,tr_220342569
골프존 화랑,2026-09-19,13:27,131000,golfpang,,,18홀,tr_220342570
동촌,2026-09-19,06:27,170000,golfpang,,,18홀,tr_220046394
골프존 진천,2026-09-19,06:42,169000,golfpang,,,18홀,tr_220326916
골프존 화랑,2026-09-19,06:55,165000,golfpang,,,18홀,tr_220342568
골든베이,2026-09-19,06:51,150000,golfpang,,,18홀,tr_220211975
동촌,2026-09-19,07:23,190000,golfpang,,,18홀,tr_220046395
떼제베(동북),2026-09-19,07:49,130000,golfpang,,,18홀,tr_220010026
대호단양,2026-09-19,06:00,139000,golfpang,,,18홀,tr_220005466
로얄링스,2026-09-19,13:09,120000,golfpang,,,18홀,tr_220347872
골프존 화랑,2026-09-19,06:55,165000,golfpang,,,18홀,tr_220361707
골프존 화랑,2026-09-19,07:58,175000,golfpang,,,18홀,tr_220361708
골프존 화랑,2026-09-19,13:03,131000,golfpang,,,18홀,tr_220361709
로얄링스,2026-09-19,07:10,120000,golfpang,,,18홀,tr_220347856
대영베이스,2026-09-19,19:04,99000,golfpang,,,18홀,tr_220103551
백제,2026-09-19,07:50,150000,golfpang,,,18홀,tr_220288815
중원,2026-09-19,08:21,160000,golfpang,,,18홀,tr_220288954
골프존 진천,2026-09-19,13:35,149000,golfpang,,,18홀,tr_220290294
스톤비치,2026-09-19,07:59,140000,golfpang,,,18홀,tr_220288847
킹스데일,2026-09-19,07:26,220000,golfpang,,,18홀,tr_220288669
로얄링스,2026-09-19,07:45,120000,golfpang,,,18홀,tr_220288696
골프존 화랑,2026-09-19,06:34,175000,golfpang,,,18홀,tr_220288366
백제,2026-09-19,13:54,140000,golfpang,,,18홀,tr_220290494
블랙스톤벨포레,2026-09-19,18:12,70000,golfpang,,,18홀,tr_220290740
플라밍고,2026-09-19,19:06,90000,golfpang,,,18홀,tr_220290834
스톤비치,2026-09-19,12:13,140000,golfpang,,,18홀,tr_220289139
중원,2026-09-19,12:58,140000,golfpang,,,18홀,tr_220289471
로얄링스,2026-09-19,13:02,120000,golfpang,,,18홀,tr_220289612
블랙스톤벨포레,2026-09-19,13:20,110000,golfpang,,,18홀,tr_220289835
골프존 진천,2026-09-19,06:21,169000,golfpang,,,18홀,tr_220288124
골프존 진천,2026-09-19,12:13,156000,golfpang,,,18홀,tr_219796349
골프존 진천,2026-09-19,07:00,169000,golfpang,,,18홀,tr_218770692
골프존 화랑,2026-09-19,08:00,175000,golfpang,,,18홀,tr_219245049
이븐데일,2026-09-19,08:00,109000,golfpang,,,18홀,tr_220283070
골프존 화랑,2026-09-19,12:41,141000,golfpang,,,18홀,tr_219672892
블랙스톤벨포레,2026-09-19,18:10,70000,golfpang,,,18홀,tr_220349934
블랙스톤벨포레,2026-09-19,13:30,110000,golfpang,,,18홀,tr_220349928
동촌,2026-09-19,06:48,170000,golfpang,,,18홀,tr_220347781
프린세스,2026-09-19,08:30,150000,golfpang,,,18홀,tr_220011917
속리산cc,2026-09-19,12:57,130000,golfpang,,,18홀,tr_220349697
속리산cc,2026-09-19,12:01,130000,golfpang,,,18홀,tr_220349696
속리산cc,2026-09-19,13:32,130000,golfpang,,,18홀,tr_220349698
임페리얼레이크,2026-09-19,06:00,109000,golfpang,,,18홀,tr_220262268
일레븐,2026-09-19,08:50,135000,golfpang,,,18홀,tr_220236130
임페리얼레이크,2026-09-19,11:29,129000,golfpang,,,18홀,tr_220240482
센테리움,2026-09-19,13:32,149000,golfpang,,,18홀,tr_220349654
센테리움,2026-09-19,06:53,159000,golfpang,,,18홀,tr_220349653
진천(비공개),2026-09-19,13:26,180000,golfpang,,,18홀,tr_220240031
로얄링스,2026-09-19,13:02,120000,golfpang,,,18홀,tr_220029289
스톤비치,2026-09-19,12:20,110000,golfpang,,,18홀,tr_220239171
스톤비치,2026-09-19,17:30,90000,golfpang,,,18홀,tr_216232830
로얄링스,2026-09-19,07:10,120000,golfpang,,,18홀,tr_220210889
스톤비치,2026-09-19,17:16,90000,golfpang,,,18홀,tr_216231590
블랙스톤벨포레,2026-09-19,13:20,100000,golfpang,,,18홀,tr_220274467
일레븐,2026-09-19,12:30,125000,golfpang,,,18홀,tr_219765533
속리산cc,2026-09-19,12:50,130000,golfpang,,,18홀,tr_220260026
속리산cc,2026-09-19,13:31,130000,golfpang,,,18홀,tr_220204833
백제,2026-09-19,14:01,140000,golfpang,,,18홀,tr_220204951
속리산cc,2026-09-19,13:51,130000,golfpang,,,18홀,tr_220204839
백제,2026-09-19,13:41,140000,golfpang,,,18홀,tr_220204908
골프존 천안,2026-09-19,17:46,119000,golfpang,,,18홀,tr_220347706
골프존 화랑,2026-09-19,13:55,131000,golfpang,,,18홀,tr_220349448
골프존 화랑,2026-09-19,18:35,99000,golfpang,,,18홀,tr_220349449
골프존 화랑,2026-09-19,07:58,175000,golfpang,,,18홀,tr_220349447
로얄링스,2026-09-19,07:40,120000,golfpang,,,18홀,tr_219364305
로얄포레,2026-09-19,07:00,119000,golfpang,,,18홀,tr_220349422
로얄포레,2026-09-19,13:30,129000,golfpang,,,18홀,tr_220349424
블랙스톤벨포레,2026-09-19,13:20,100000,golfpang,,,18홀,tr_219798346
로얄포레,2026-09-19,12:34,129000,golfpang,,,18홀,tr_220349423
로얄링스,2026-09-19,12:40,120000,golfpang,,,18홀,tr_219471341
일레븐,2026-09-19,12:30,115000,golfpang,,,18홀,tr_219798357
플라밍고,2026-09-19,19:10,90000,golfpang,,,18홀,tr_220126653
블랙스톤벨포레,2026-09-19,18:16,60000,golfpang,,,18홀,tr_220349352
솔라고,2026-09-19,14:20,140000,golfpang,,,18홀,tr_220126692
일레븐,2026-09-19,17:50,75000,golfpang,,,18홀,tr_219798350
스톤비치,2026-09-19,16:48,90000,golfpang,,,18홀,tr_220291377
스톤비치,2026-09-19,12:55,140000,golfpang,,,18홀,tr_218535592
스톤비치,2026-09-19,17:23,100000,golfpang,,,18홀,tr_218535596
중원,2026-09-19,12:51,130000,golfpang,,,18홀,tr_220349355
골프존 화랑,2026-09-19,06:34,175000,golfpang,,,18홀,tr_220347677
일레븐,2026-09-19,12:49,115000,golfpang,,,18홀,tr_219750320
일레븐,2026-09-19,17:44,75000,golfpang,,,18홀,tr_220204990
골프존 천안,2026-09-19,11:48,168000,golfpang,,,18홀,tr_220347566
중원,2026-09-19,08:42,150000,golfpang,,,18홀,tr_220349265
골프존 진천,2026-09-19,14:17,141000,golfpang,,,18홀,tr_220347564
프린세스,2026-09-19,08:12,150000,golfpang,,,18홀,tr_220306569
골든베이,2026-09-19,13:35,150000,golfpang,,,18홀,tr_219560926
프린세스,2026-09-19,08:00,150000,golfpang,,,18홀,tr_220288945
센테리움,2026-09-19,13:00,139000,golfpang,,,18홀,tr_220219151
블랙스톤벨포레,2026-09-19,13:30,110000,golfpang,,,18홀,tr_219817769
그랜드(청주),2026-09-19,06:14,140000,golfpang,,,18홀,tr_220349143
스톤비치,2026-09-19,06:52,130000,golfpang,,,18홀,tr_219333805
모카cc,2026-09-19,08:47,150000,golfpang,,,18홀,tr_220203098
블랙스톤벨포레,2026-09-19,17:37,80000,golfpang,,,18홀,tr_219787782
일레븐,2026-09-19,18:05,75000,golfpang,,,18홀,tr_220222681
속리산cc,2026-09-19,14:00,130000,golfpang,,,18홀,tr_219985076
블랙스톤벨포레,2026-09-19,13:55,110000,golfpang,,,18홀,tr_219787780
예미지,2026-09-19,13:36,170000,golfpang,,,18홀,tr_220240752
센테리움,2026-09-19,13:46,149000,golfpang,,,18홀,tr_220278748
대영베이스,2026-09-19,13:45,139000,golfpang,,,18홀,tr_220215464
골프존 진천,2026-09-19,14:03,141000,golfpang,,,18홀,tr_220328624
골프존 화랑,2026-09-19,14:02,175000,golfpang,,,18홀,tr_219957130
블랙스톤벨포레,2026-09-19,14:02,110000,golfpang,,,18홀,tr_219787781
예미지,2026-09-19,13:29,170000,golfpang,,,18홀,tr_220240751
일레븐,2026-09-19,13:45,115000,golfpang,,,18홀,tr_220222680
골프존 화랑,2026-09-19,13:06,175000,golfpang,,,18홀,tr_219957129
모나크,2026-09-19,13:03,170000,golfpang,,,18홀,tr_219466745
스타,2026-09-19,13:02,180000,golfpang,,,18홀,tr_219985678
힐데스하임,2026-09-19,12:49,150000,golfpang,,,18홀,tr_220241089
스타,2026-09-19,12:48,190000,golfpang,,,18홀,tr_219985677
중원,2026-09-19,12:58,130000,golfpang,,,18홀,tr_220346598
대영베이스,2026-09-19,17:57,99000,golfpang,,,18홀,tr_220215466
속리산cc,2026-09-19,12:15,150000,golfpang,,,18홀,tr_219985075
동촌,2026-09-19,12:37,180000,golfpang,,,18홀,tr_219340987
동촌,2026-09-19,12:37,180000,golfpang,,,18홀,tr_219340986
대영힐스,2026-09-19,12:12,130000,golfpang,,,18홀,tr_220215750
모나크,2026-09-19,12:07,180000,golfpang,,,18홀,tr_219466744
프린세스,2026-09-19,12:04,180000,golfpang,,,18홀,tr_219426457
골프존 화랑,2026-09-19,12:03,185000,golfpang,,,18홀,tr_219957128
모나크,2026-09-19,08:42,190000,golfpang,,,18홀,tr_219466743
중원,2026-09-19,08:35,150000,golfpang,,,18홀,tr_220346597
프린세스,2026-09-19,08:26,190000,golfpang,,,18홀,tr_219426456
센테리움,2026-09-19,06:32,179000,golfpang,,,18홀,tr_220278747
프린세스,2026-09-19,06:55,185000,golfpang,,,18홀,tr_219426455
힐데스하임,2026-09-19,07:22,160000,golfpang,,,18홀,tr_220241088
대영힐스,2026-09-19,05:39,110000,golfpang,,,18홀,tr_220215749
스타,2026-09-19,06:30,180000,golfpang,,,18홀,tr_219985676
일레븐,2026-09-19,06:23,130000,golfpang,,,18홀,tr_220222679
골프존 진천,2026-09-19,06:42,169000,golfpang,,,18홀,tr_220328622
대영힐스,2026-09-19,16:56,105000,golfpang,,,18홀,tr_220215751
대영베이스,2026-09-19,16:57,115000,golfpang,,,18홀,tr_220215465
골프존 진천,2026-09-19,12:25,151000,golfpang,,,18홀,tr_220328623
힐데스하임,2026-09-19,06:07,145000,golfpang,,,18홀,tr_220241087
중원,2026-09-19,14:15,140000,golfpang,,,18홀,tr_220182869
속리산cc,2026-09-19,14:14,140000,golfpang,,,18홀,tr_219747015
대호단양,2026-09-19,17:09,119000,golfpang,,,18홀,tr_219932210
대영힐스,2026-09-19,13:36,139000,golfpang,,,18홀,tr_220153652
센테리움,2026-09-19,13:53,149000,golfpang,,,18홀,tr_220221771
서산수,2026-09-19,13:50,180000,golfpang,,,18홀,tr_219600707
모카cc,2026-09-19,13:49,130000,golfpang,,,18홀,tr_220288220
킹즈락,2026-09-19,13:46,135000,golfpang,,,18홀,tr_220184548
백제,2026-09-19,14:01,140000,golfpang,,,18홀,tr_220180627
골프존 진천,2026-09-19,14:00,149000,golfpang,,,18홀,tr_220214390
진천(비공개),2026-09-19,13:33,180000,golfpang,,,18홀,tr_220124121
골든베이,2026-09-19,13:31,150000,golfpang,,,18홀,tr_219597030
플라밍고,2026-09-19,13:25,170000,golfpang,,,18홀,tr_220233179
힐데스하임,2026-09-19,13:42,145000,golfpang,,,18홀,tr_219621124
감곡,2026-09-19,13:42,160000,golfpang,,,18홀,tr_220150214
대영베이스,2026-09-19,13:12,139000,golfpang,,,18홀,tr_220118121
파인스톤,2026-09-19,13:09,220000,golfpang,,,18홀,tr_220190287
프린세스,2026-09-19,13:07,165000,golfpang,,,18홀,tr_220190427
골프존 화랑,2026-09-19,13:06,131000,golfpang,,,18홀,tr_220152985
모나크,2026-09-19,13:03,170000,golfpang,,,18홀,tr_220174652
스타,2026-09-19,13:02,180000,golfpang,,,18홀,tr_219784133
서산수,2026-09-19,12:54,230000,golfpang,,,18홀,tr_219600706
감곡,2026-09-19,12:53,160000,golfpang,,,18홀,tr_220150213
모나크,2026-09-19,12:49,180000,golfpang,,,18홀,tr_220174651
일레븐,2026-09-19,12:56,125000,golfpang,,,18홀,tr_220182660
올데이,2026-09-19,12:27,109000,golfpang,,,18홀,tr_220212730
골프존 진천,2026-09-19,12:25,156000,golfpang,,,18홀,tr_220214389
골든베이,2026-09-19,12:35,150000,golfpang,,,18홀,tr_219597029
힐데스하임,2026-09-19,12:34,155000,golfpang,,,18홀,tr_219621123
올데이,2026-09-19,11:45,119000,golfpang,,,18홀,tr_220212731
로얄포레,2026-09-19,11:45,139000,golfpang,,,18홀,tr_220212534
이븐데일,2026-09-19,11:31,115000,golfpang,,,18홀,tr_220212185
임페리얼레이크,2026-09-19,11:31,139000,golfpang,,,18홀,tr_220289592
속리산cc,2026-09-19,11:54,160000,golfpang,,,18홀,tr_219747013
프린세스,2026-09-19,08:12,175000,golfpang,,,18홀,tr_220190426
파인스톤,2026-09-19,11:17,240000,golfpang,,,18홀,tr_220190286
대호단양,2026-09-19,11:10,159000,golfpang,,,18홀,tr_219932209
플라밍고,2026-09-19,08:33,190000,golfpang,,,18홀,tr_220233178
동촌,2026-09-19,08:33,220000,golfpang,,,18홀,tr_220165813
중원,2026-09-19,07:25,160000,golfpang,,,18홀,tr_220182868
동촌,2026-09-19,07:23,200000,golfpang,,,18홀,tr_220165812
골프존 화랑,2026-09-19,07:58,175000,golfpang,,,18홀,tr_220152984
세레니티cc,2026-09-19,07:54,240000,golfpang,,,18홀,tr_219601057
떼제베(동북),2026-09-19,07:49,130000,golfpang,,,18홀,tr_220221957
모카cc,2026-09-19,08:25,150000,golfpang,,,18홀,tr_220288219
진천(비공개),2026-09-19,06:56,180000,golfpang,,,18홀,tr_220124120
골프존 화랑,2026-09-19,06:55,165000,golfpang,,,18홀,tr_220152983
스타,2026-09-19,06:51,180000,golfpang,,,18홀,tr_219784132
센테리움,2026-09-19,06:46,159000,golfpang,,,18홀,tr_220221770
로얄포레,2026-09-19,06:46,129000,golfpang,,,18홀,tr_220212533
대영힐스,2026-09-19,05:39,110000,golfpang,,,18홀,tr_220153651
올데이,2026-09-19,06:32,99000,golfpang,,,18홀,tr_220212729
킹즈락,2026-09-19,06:31,130000,golfpang,,,18홀,tr_220184547
이븐데일,2026-09-19,06:29,99000,golfpang,,,18홀,tr_220212184
일레븐,2026-09-19,06:23,135000,golfpang,,,18홀,tr_220182659
파인스톤,2026-09-19,06:21,220000,golfpang,,,18홀,tr_220190285
골프존 진천,2026-09-19,06:42,169000,golfpang,,,18홀,tr_220214388
떼제베,2026-09-19,06:39,140000,golfpang,,,18홀,tr_220306699
로얄포레,2026-09-19,06:18,109000,golfpang,,,18홀,tr_220212532
힐데스하임,2026-09-19,06:07,150000,golfpang,,,18홀,tr_219621122
대호단양,2026-09-19,06:07,139000,golfpang,,,18홀,tr_219932208
떼제베,2026-09-19,06:04,130000,golfpang,,,18홀,tr_220306698
임페리얼레이크,2026-09-19,06:04,109000,golfpang,,,18홀,tr_220289591
대영베이스,2026-09-19,18:17,95000,golfpang,,,18홀,tr_220118122
대영힐스,2026-09-19,18:41,79000,golfpang,,,18홀,tr_220153653
감곡,2026-09-19,18:41,120000,golfpang,,,18홀,tr_220150215
보령베이스-퍼9,2026-09-19,19:15,49000,golfpang,,,18홀,tr_220179284
대영베이스,2026-09-19,18:51,89000,golfpang,,,18홀,tr_220118123
킹즈락,2026-09-19,18:48,95000,golfpang,,,18홀,tr_220184549
임페리얼레이크,2026-09-19,18:01,99000,golfpang,,,18홀,tr_220289593
세레니티cc,2026-09-19,17:59,130000,golfpang,,,18홀,tr_219601058
모나크,2026-09-19,18:16,110000,golfpang,,,18홀,tr_220174653
플라밍고,2026-09-19,18:10,140000,golfpang,,,18홀,tr_220233180
떼제베(동북),2026-09-19,18:09,110000,golfpang,,,18홀,tr_220221959
일레븐,2026-09-19,18:05,80000,golfpang,,,18홀,tr_220182661
세레니티cc,2026-09-19,18:27,130000,golfpang,,,18홀,tr_219601059
스타,2026-09-19,18:24,110000,golfpang,,,18홀,tr_219784134
이븐데일,2026-09-19,16:57,89000,golfpang,,,18홀,tr_220212186
프린세스,2026-09-19,18:02,115000,golfpang,,,18홀,tr_220190428
떼제베(동북),2026-09-19,18:02,110000,golfpang,,,18홀,tr_220221958
속리산cc,2026-09-19,14:00,140000,golfpang,,,18홀,tr_219747014
백제,2026-09-19,13:54,140000,golfpang,,,18홀,tr_220180626
중원,2026-09-19,12:44,130000,golfpang,,,18홀,tr_220349023
블랙스톤벨포레,2026-09-19,18:33,70000,golfpang,,,18홀,tr_220349021
블랙스톤벨포레,2026-09-19,14:02,110000,golfpang,,,18홀,tr_220349016
블랙스톤벨포레,2026-09-19,13:55,110000,golfpang,,,18홀,tr_220326968
백제,2026-09-19,13:54,140000,golfpang,,,18홀,tr_220259305
골프존 화랑,2026-09-19,17:46,119000,golfpang,,,18홀,tr_220336110
골프존 화랑,2026-09-19,06:34,175000,golfpang,,,18홀,tr_220336018
골프존 천안,2026-09-19,11:48,168000,golfpang,,,18홀,tr_220336016
골프존 진천,2026-09-19,13:49,141000,golfpang,,,18홀,tr_220315720
백제,2026-09-19,13:47,140000,golfpang,,,18홀,tr_220204116
속리산cc,2026-09-19,13:32,130000,golfpang,,,18홀,tr_220203765
스톤비치,2026-09-19,12:20,140000,golfpang,,,18홀,tr_218109316
중원,2026-09-19,08:21,150000,golfpang,,,18홀,tr_220205926
일레븐,2026-09-19,17:44,75000,golfpang,,,18홀,tr_220304513
일레븐,2026-09-19,12:49,115000,golfpang,,,18홀,tr_220145274
진천(비공개),2026-09-19,13:26,180000,golfpang,,,18홀,tr_220075513
로얄링스,2026-09-19,13:02,120000,golfpang,,,18홀,tr_219841440
블랙스톤벨포레,2026-09-19,13:20,110000,golfpang,,,18홀,tr_219982586
중원,2026-09-19,12:58,140000,golfpang,,,18홀,tr_220318288
골프존 진천,2026-09-19,13:49,149000,golfpang,,,18홀,tr_219841568
백제,2026-09-19,13:54,140000,golfpang,,,18홀,tr_219980798
블랙스톤벨포레,2026-09-19,18:12,70000,golfpang,,,18홀,tr_219982614
진천(비공개),2026-09-19,07:17,180000,golfpang,,,18홀,tr_220075435
골프존 진천,2026-09-19,06:21,169000,golfpang,,,18홀,tr_219980504
골프존 화랑,2026-09-19,18:56,99000,golfpang,,,18홀,tr_219841783
스톤비치,2026-09-19,12:20,110000,golfpang,,,18홀,tr_219982685
중원,2026-09-19,08:21,160000,golfpang,,,18홀,tr_220318269
로얄링스,2026-09-19,07:45,120000,golfpang,,,18홀,tr_220075273
스톤비치,2026-09-19,07:59,140000,golfpang,,,18홀,tr_220315520
골프존 화랑,2026-09-19,06:34,175000,golfpang,,,18홀,tr_219841766
로얄링스,2026-09-19,08:20,120000,golfpang,,,18홀,tr_219620684
중원,2026-09-19,12:51,130000,golfpang,,,18홀,tr_220114444
골프존 천안,2026-09-19,11:48,168000,golfpang,,,18홀,tr_220259452
스톤비치,2026-09-19,07:59,140000,golfpang,,,18홀,tr_219996774
중원,2026-09-19,12:58,130000,golfpang,,,18홀,tr_220207427
로얄링스,2026-09-19,07:10,120000,golfpang,,,18홀,tr_219996834
골프존 천안,2026-09-19,11:48,168000,golfpang,,,18홀,tr_220207273
스톤비치,2026-09-19,12:48,110000,golfpang,,,18홀,tr_219996796
중원,2026-09-19,08:21,150000,golfpang,,,18홀,tr_220029771
골프존 진천,2026-09-19,14:17,141000,golfpang,,,18홀,tr_220348633
동촌,2026-09-19,07:30,170000,golfpang,,,18홀,tr_220348583
프린세스,2026-09-19,18:16,120000,golfpang,,,18홀,tr_220348561
프린세스,2026-09-19,12:04,165000,golfpang,,,18홀,tr_220348559
프린세스,2026-09-19,13:00,160000,golfpang,,,18홀,tr_220348560
킹스데일,2026-09-19,07:26,210000,golfpang,,,18홀,tr_220348541
골프존 화랑,2026-09-19,13:06,131000,golfpang,,,18홀,tr_220348512
골프존 화랑,2026-09-19,18:21,99000,golfpang,,,18홀,tr_220348513
골프존 화랑,2026-09-19,06:55,165000,golfpang,,,18홀,tr_220348511
동촌,2026-09-19,07:30,170000,golfpang,,,18홀,tr_220348507
킹스데일,2026-09-19,07:26,210000,golfpang,,,18홀,tr_220348322
킹스데일,2026-09-19,07:26,210000,golfpang,,,18홀,tr_220348323
킹스데일,2026-09-19,07:26,210000,golfpang,,,18홀,tr_220348263
킹스데일,2026-09-19,07:26,210000,golfpang,,,18홀,tr_220348264
스톤비치,2026-09-19,17:23,100000,golfpang,,,18홀,tr_218109292
골프존 진천,2026-09-19,12:32,151000,golfpang,,,18홀,tr_219158815
센테리움,2026-09-19,13:11,139000,golfpang,,,18홀,tr_220348202
센테리움,2026-09-19,07:49,179000,golfpang,,,18홀,tr_220348201
골프존 진천,2026-09-19,13:35,141000,golfpang,,,18홀,tr_219158816
골프존 진천,2026-09-19,08:41,194000,golfpang,,,18홀,tr_220348185
골프존 진천,2026-09-19,12:39,151000,golfpang,,,18홀,tr_220348184
골프존 진천,2026-09-19,06:42,169000,golfpang,,,18홀,tr_220348183
모나크,2026-09-19,12:49,160000,golfpang,,,18홀,tr_220220087
모나크,2026-09-19,12:56,160000,golfpang,,,18홀,tr_220220088
골프존 화랑,2026-09-19,12:38,195000,golfpang,,,18홀,tr_220297169
임페리얼레이크,2026-09-19,16:44,119000,golfpang,,,18홀,tr_220022813
힐데스하임,2026-09-19,13:19,155000,golfpang,,,18홀,tr_220015048
임페리얼레이크,2026-09-19,13:30,139000,golfpang,,,18홀,tr_220022812
대호단양,2026-09-19,12:55,179000,golfpang,,,18홀,tr_220107284
골프존 화랑,2026-09-19,06:27,175000,golfpang,,,18홀,tr_220297168
킹즈락,2026-09-19,06:38,140000,golfpang,,,18홀,tr_220348131
킹즈락,2026-09-19,06:38,140000,golfpang,,,18홀,tr_220348133
킹즈락,2026-09-19,06:38,140000,golfpang,,,18홀,tr_220348132
속리산cc,2026-09-19,12:50,130000,golfpang,,,18홀,tr_220216667
로얄링스,2026-09-19,11:45,120000,golfpang,,,18홀,tr_219991586
중원,2026-09-19,08:35,150000,golfpang,,,18홀,tr_220348055
중원,2026-09-19,12:58,130000,golfpang,,,18홀,tr_220348056
보령베이스-퍼9,2026-09-19,18:12,59000,golfpang,,,18홀,tr_220347970
보령베이스-퍼9,2026-09-19,11:56,89000,golfpang,,,18홀,tr_220347969
보령베이스-퍼9,2026-09-19,06:08,69000,golfpang,,,18홀,tr_220347968
스톤비치,2026-09-19,16:48,100000,golfpang,,,18홀,tr_218353209
중원,2026-09-19,08:35,150000,golfpang,,,18홀,tr_220347769
프린세스,2026-09-19,08:29,150000,golfpang,,,18홀,tr_220288455
골프존 진천,2026-09-19,08:41,194000,golfpang,,,18홀,tr_220347708
골프존 진천,2026-09-19,12:25,151000,golfpang,,,18홀,tr_220347709
골프존 진천,2026-09-19,06:49,169000,golfpang,,,18홀,tr_220347707
떼제베,2026-09-19,18:16,130000,golfpang,,,18홀,tr_220347678
떼제베,2026-09-19,18:30,130000,golfpang,,,18홀,tr_220347679
떼제베,2026-09-19,18:02,130000,golfpang,,,18홀,tr_220347680
로얄링스,2026-09-19,13:23,160000,golfpang,,,18홀,tr_220347621
로얄링스,2026-09-19,12:27,160000,golfpang,,,18홀,tr_220347622
골프존 진천,2026-09-19,14:24,141000,golfpang,,,18홀,tr_219338389
떼제베(동북),2026-09-19,07:49,120000,golfpang,,,18홀,tr_220347543
떼제베(동북),2026-09-19,17:48,110000,golfpang,,,18홀,tr_220347545
떼제베(동북),2026-09-19,18:02,110000,golfpang,,,18홀,tr_220347544
로얄링스,2026-09-19,11:45,120000,golfpang,,,18홀,tr_220070128
블랙스톤벨포레,2026-09-19,12:59,110000,golfpang,,,18홀,tr_220211189
골프존 진천,2026-09-19,13:49,149000,golfpang,,,18홀,tr_220071048
백제,2026-09-19,13:54,140000,golfpang,,,18홀,tr_220075537
블랙스톤벨포레,2026-09-19,17:30,80000,golfpang,,,18홀,tr_220211208
골프존 화랑,2026-09-19,17:46,119000,golfpang,,,18홀,tr_220075025
진천(비공개),2026-09-19,13:26,180000,golfpang,,,18홀,tr_220204732
골프존 화랑,2026-09-19,06:34,175000,golfpang,,,18홀,tr_220074977
백제,2026-09-19,07:15,150000,golfpang,,,18홀,tr_220075434
로얄링스,2026-09-19,07:45,120000,golfpang,,,18홀,tr_220075350
진천(비공개),2026-09-19,07:17,180000,golfpang,,,18홀,tr_220204728
스타,2026-09-19,06:30,190000,golfpang,,,18홀,tr_220003113
골프존 진천,2026-09-19,13:28,149000,golfpang,,,18홀,tr_220220410
로얄링스,2026-09-19,13:02,120000,golfpang,,,18홀,tr_219820682
이븐데일,2026-09-19,07:41,120000,golfpang,,,18홀,tr_220222308
모카cc,2026-09-19,08:18,150000,golfpang,,,18홀,tr_220221715
중원,2026-09-19,13:54,140000,golfpang,,,18홀,tr_219230497
블랙스톤벨포레,2026-09-19,16:55,80000,golfpang,,,18홀,tr_220230500
골프존 천안,2026-09-19,13:54,166000,golfpang,,,18홀,tr_219575997
백제,2026-09-19,13:54,140000,golfpang,,,18홀,tr_220034445
속리산cc,2026-09-19,13:53,130000,golfpang,,,18홀,tr_219230241
감곡,2026-09-19,13:49,160000,golfpang,,,18홀,tr_220221002
프린세스,2026-09-19,13:14,160000,golfpang,,,18홀,tr_220223219
골프존 진천,2026-09-19,13:28,149000,golfpang,,,18홀,tr_219817644
그랜드(청주),2026-09-19,17:46,120000,golfpang,,,18홀,tr_220221199
일레븐,2026-09-19,13:17,115000,golfpang,,,18홀,tr_220222703
골프존 화랑,2026-09-19,12:52,141000,golfpang,,,18홀,tr_219002085
대영힐스,2026-09-19,12:25,130000,golfpang,,,18홀,tr_220230758
이븐데일,2026-09-19,11:44,115000,golfpang,,,18홀,tr_220222473
모카cc,2026-09-19,08:12,150000,golfpang,,,18홀,tr_220183011
로얄포레,2026-09-19,11:38,139000,golfpang,,,18홀,tr_220002580
블랙스톤벨포레,2026-09-19,18:12,70000,golfpang,,,18홀,tr_220347325
대영힐스,2026-09-19,17:52,89000,golfpang,,,18홀,tr_220182365
중원,2026-09-19,12:58,150000,golfpang,,,18홀,tr_220347301
중원,2026-09-19,08:35,150000,golfpang,,,18홀,tr_220347300
대영베이스,2026-09-19,19:04,99000,golfpang,,,18홀,tr_220002567
블랙스톤벨포레,2026-09-19,13:56,110000,golfpang,,,18홀,tr_220347238
중원,2026-09-19,12:58,130000,golfpang,,,18홀,tr_220347188
중원,2026-09-19,08:35,150000,golfpang,,,18홀,tr_220347187
중원,2026-09-19,12:58,130000,golfpang,,,18홀,tr_220253048
중원,2026-09-19,08:35,150000,golfpang,,,18홀,tr_220253047
중원,2026-09-19,08:45,150000,golfpang,,,18홀,tr_220288898
골프존 화랑,2026-09-19,17:46,119000,golfpang,,,18홀,tr_220347135
중원,2026-09-19,12:51,130000,golfpang,,,18홀,tr_220255973
일레븐,2026-09-19,12:49,115000,golfpang,,,18홀,tr_220145158
일레븐,2026-09-19,17:44,75000,golfpang,,,18홀,tr_220145226
백제,2026-09-19,07:15,150000,golfpang,,,18홀,tr_220201519
중원,2026-09-19,08:21,150000,golfpang,,,18홀,tr_220255972
감곡,2026-09-19,18:34,110000,golfpang,,,18홀,tr_220216449
감곡,2026-09-19,14:03,150000,golfpang,,,18홀,tr_220216447
감곡,2026-09-19,13:49,150000,golfpang,,,18홀,tr_220216448
중원,2026-09-19,08:21,150000,golfpang,,,18홀,tr_220326319
스타,2026-09-19,18:31,100000,golfpang,,,18홀,tr_220002608
중원,2026-09-19,08:35,150000,golfpang,,,18홀,tr_220346755
중원,2026-09-19,12:58,130000,golfpang,,,18홀,tr_220346756
중원,2026-09-19,12:58,130000,golfpang,,,18홀,tr_220346744
중원,2026-09-19,08:35,150000,golfpang,,,18홀,tr_220346743
플라밍고,2026-09-19,13:18,170000,golfpang,,,18홀,tr_220346659
플라밍고,2026-09-19,12:01,180000,golfpang,,,18홀,tr_220346658
플라밍고,2026-09-19,11:54,190000,golfpang,,,18홀,tr_220346657
일레븐,2026-09-19,12:42,115000,golfpang,,,18홀,tr_220125192
플라밍고,2026-09-19,18:50,90000,golfpang,,,18홀,tr_220209840
플라밍고,2026-09-19,18:50,90000,golfpang,,,18홀,tr_220001360
블랙스톤벨포레,2026-09-19,18:00,60000,golfpang,,,18홀,tr_219784234
블랙스톤벨포레,2026-09-19,17:00,70000,golfpang,,,18홀,tr_219784243
플라밍고,2026-09-19,13:20,140000,golfpang,,,18홀,tr_220001356
일레븐,2026-09-19,12:20,115000,golfpang,,,18홀,tr_219786191
블랙스톤벨포레,2026-09-19,12:20,100000,golfpang,,,18홀,tr_219784239
스톤비치,2026-09-19,12:41,160000,golfpang,,,18홀,tr_219980661
골프존 천안,2026-09-19,13:05,166000,golfpang,,,18홀,tr_219751197
예미지,2026-09-19,13:15,170000,golfpang,,,18홀,tr_220288146
예미지,2026-09-19,13:22,170000,golfpang,,,18홀,tr_220346218
예미지,2026-09-19,13:15,170000,golfpang,,,18홀,tr_220346173
모나크,2026-09-19,13:03,150000,golfpang,,,18홀,tr_219480237
블랙스톤벨포레,2026-09-19,18:34,70000,golfpang,,,18홀,tr_220306062
블랙스톤벨포레,2026-09-19,13:56,110000,golfpang,,,18홀,tr_220305614
일레븐,2026-09-19,17:30,75000,golfpang,,,18홀,tr_219776785
블랙스톤벨포레,2026-09-19,17:15,70000,golfpang,,,18홀,tr_220253294
플라밍고,2026-09-19,19:05,90000,golfpang,,,18홀,tr_219998718
플라밍고,2026-09-19,13:30,140000,golfpang,,,18홀,tr_219998755
블랙스톤벨포레,2026-09-19,12:45,100000,golfpang,,,18홀,tr_219998756
로얄링스,2026-09-19,12:40,120000,golfpang,,,18홀,tr_220256025
일레븐,2026-09-19,12:40,115000,golfpang,,,18홀,tr_219998686
로얄링스,2026-09-19,07:40,120000,golfpang,,,18홀,tr_220256022
백제,2026-09-19,13:54,140000,golfpang,,,18홀,tr_220346221
속리산cc,2026-09-19,13:32,130000,golfpang,,,18홀,tr_219332178
그랜드(청주),2026-09-19,17:04,130000,golfpang,,,18홀,tr_220203902
그랜드(청주),2026-09-19,17:39,120000,golfpang,,,18홀,tr_220203903
골프존 진천,2026-09-19,13:00,149000,golfpang,,,18홀,tr_220203832
감곡,2026-09-19,13:35,160000,golfpang,,,18홀,tr_220007802
골프존 화랑,2026-09-19,18:14,99000,golfpang,,,18홀,tr_220190371
모나크,2026-09-19,18:19,110000,golfpang,,,18홀,tr_220204051
모카cc,2026-09-19,13:14,139000,golfpang,,,18홀,tr_219912993
프린세스,2026-09-19,13:14,160000,golfpang,,,18홀,tr_220346182
프린세스,2026-09-19,13:14,160000,golfpang,,,18홀,tr_220346181
프린세스,2026-09-19,12:04,165000,golfpang,,,18홀,tr_220346180
블랙스톤벨포레,2026-09-19,17:44,80000,golfpang,,,18홀,tr_220209113
대영베이스,2026-09-19,17:44,99000,golfpang,,,18홀,tr_219989668
프린세스,2026-09-19,17:41,125000,golfpang,,,18홀,tr_219557476
일레븐,2026-09-19,17:58,80000,golfpang,,,18홀,tr_220145261
플라밍고,2026-09-19,18:10,140000,golfpang,,,18홀,tr_220198498
떼제베,2026-09-19,18:09,130000,golfpang,,,18홀,tr_220218385
떼제베(동북),2026-09-19,18:30,110000,golfpang,,,18홀,tr_220219130
대영베이스,2026-09-19,16:57,115000,golfpang,,,18홀,tr_219989667
킹즈락,2026-09-19,17:52,115000,golfpang,,,18홀,tr_219555155
대영힐스,2026-09-19,17:45,95000,golfpang,,,18홀,tr_219822677
로얄포레,2026-09-19,18:36,99000,golfpang,,,18홀,tr_220214059
블랙스톤벨포레,2026-09-19,18:40,70000,golfpang,,,18홀,tr_220209114
임페리얼레이크,2026-09-19,06:04,109000,golfpang,,,18홀,tr_220213636
대영힐스,2026-09-19,06:00,119000,golfpang,,,18홀,tr_219822675
힐데스하임,2026-09-19,18:41,100000,golfpang,,,18홀,tr_220221977
힐데스하임,2026-09-19,06:07,150000,golfpang,,,18홀,tr_220221975
올데이,2026-09-19,17:33,79000,golfpang,,,18홀,tr_220214542
모나크,2026-09-19,18:02,110000,golfpang,,,18홀,tr_219555975
떼제베(동북),2026-09-19,18:02,110000,golfpang,,,18홀,tr_220219129
임페리얼레이크,2026-09-19,18:01,99000,golfpang,,,18홀,tr_220213638
모카cc,2026-09-19,13:56,130000,golfpang,,,18홀,tr_220208189
이븐데일,2026-09-19,17:12,89000,golfpang,,,18홀,tr_220208714
백제,2026-09-19,13:54,140000,golfpang,,,18홀,tr_220033140
백제,2026-09-19,13:54,140000,golfpang,,,18홀,tr_220033139
감곡,2026-09-19,14:03,160000,golfpang,,,18홀,tr_220220950
속리산cc,2026-09-19,14:00,140000,golfpang,,,18홀,tr_219995941
대영베이스,2026-09-19,13:12,155000,golfpang,,,18홀,tr_219989666
대영힐스,2026-09-19,13:30,139000,golfpang,,,18홀,tr_219822676
스타,2026-09-19,13:30,180000,golfpang,,,18홀,tr_220106230
플라밍고,2026-09-19,13:25,170000,golfpang,,,18홀,tr_220198497
감곡,2026-09-19,13:42,160000,golfpang,,,18홀,tr_220220949
골든베이,2026-09-19,13:10,150000,golfpang,,,18홀,tr_218977347
모나크,2026-09-19,13:03,170000,golfpang,,,18홀,tr_219555974
센테리움,2026-09-19,13:18,159000,golfpang,,,18홀,tr_220107055
프린세스,2026-09-19,12:53,175000,golfpang,,,18홀,tr_219557475
힐데스하임,2026-09-19,12:49,155000,golfpang,,,18홀,tr_220221976
스타,2026-09-19,13:02,180000,golfpang,,,18홀,tr_220106229
모나크,2026-09-19,12:21,180000,golfpang,,,18홀,tr_219555976
올데이,2026-09-19,11:45,119000,golfpang,,,18홀,tr_220214541
로얄포레,2026-09-19,11:31,149000,golfpang,,,18홀,tr_220214058
이븐데일,2026-09-19,11:31,115000,golfpang,,,18홀,tr_220208713
임페리얼레이크,2026-09-19,11:59,139000,golfpang,,,18홀,tr_220213637
속리산cc,2026-09-19,11:54,160000,golfpang,,,18홀,tr_219995940
플라밍고,2026-09-19,08:33,190000,golfpang,,,18홀,tr_220198496
일레븐,2026-09-19,11:53,125000,golfpang,,,18홀,tr_220145260
올데이,2026-09-19,07:56,119000,golfpang,,,18홀,tr_220214540
떼제베(동북),2026-09-19,07:49,130000,golfpang,,,18홀,tr_220219128
프린세스,2026-09-19,08:26,190000,golfpang,,,18홀,tr_219557474
모카cc,2026-09-19,08:25,150000,golfpang,,,18홀,tr_220208188
속리산cc,2026-09-19,08:25,170000,golfpang,,,18홀,tr_219995939
떼제베,2026-09-19,06:32,130000,golfpang,,,18홀,tr_220218383
센테리움,2026-09-19,06:46,179000,golfpang,,,18홀,tr_220107054
동촌,2026-09-19,07:23,190000,golfpang,,,18홀,tr_220032646
일레븐,2026-09-19,07:05,135000,golfpang,,,18홀,tr_220145259
떼제베,2026-09-19,07:00,140000,golfpang,,,18홀,tr_220218384
킹즈락,2026-09-19,06:31,130000,golfpang,,,18홀,tr_219555153
스타,2026-09-19,06:30,180000,golfpang,,,18홀,tr_220106228
골든베이,2026-09-19,06:30,150000,golfpang,,,18홀,tr_218977346
이븐데일,2026-09-19,06:24,99000,golfpang,,,18홀,tr_220208712
로얄포레,2026-09-19,06:18,109000,golfpang,,,18홀,tr_220214057
골프존 진천,2026-09-19,13:49,149000,golfpang,,,18홀,tr_220346169
감곡,2026-09-19,18:48,120000,golfpang,,,18홀,tr_220220951
골든베이,2026-09-19,06:59,150000,golfpang,,,18홀,tr_220212854
동촌,2026-09-19,06:27,170000,golfpang,,,18홀,tr_220032645
킹스데일,2026-09-19,07:26,210000,golfpang,,,18홀,tr_220346001
킹스데일,2026-09-19,07:26,210000,golfpang,,,18홀,tr_220346000
중원,2026-09-19,12:58,130000,golfpang,,,18홀,tr_220345991
센테리움,2026-09-19,06:46,159000,golfpang,,,18홀,tr_220345915
센테리움,2026-09-19,14:00,149000,golfpang,,,18홀,tr_220345916
스톤비치,2026-09-19,08:13,150000,golfpang,,,18홀,tr_220057863
스톤비치,2026-09-19,07:59,140000,golfpang,,,18홀,tr_220242499
블랙스톤벨포레,2026-09-19,18:12,70000,golfpang,,,18홀,tr_220003238
골프존 진천,2026-09-19,14:17,141000,golfpang,,,18홀,tr_220345909
이븐데일,2026-09-19,18:28,80000,golfpang,,,18홀,tr_220345867
이븐데일,2026-09-19,11:59,90000,golfpang,,,18홀,tr_220345866
이븐데일,2026-09-19,06:38,95000,golfpang,,,18홀,tr_220345865
로얄링스,2026-09-19,07:10,120000,golfpang,,,18홀,tr_220345779
골든베이,2026-09-19,13:31,150000,golfpang,,,18홀,tr_219791078
골든베이,2026-09-19,06:37,150000,golfpang,,,18홀,tr_219787431
로얄링스,2026-09-19,07:10,120000,golfpang,,,18홀,tr_220345758
진천(비공개),2026-09-19,13:26,180000,golfpang,,,18홀,tr_220345757
골프존 진천,2026-09-19,14:17,141000,golfpang,,,18홀,tr_220220886
로얄링스,2026-09-19,07:10,120000,golfpang,,,18홀,tr_220306512
스톤비치,2026-09-19,07:45,140000,golfpang,,,18홀,tr_217774875
대호단양,2026-09-19,07:38,179000,golfpang,,,18홀,tr_220345623
대호단양,2026-09-19,06:00,139000,golfpang,,,18홀,tr_220345622
대호단양,2026-09-19,17:16,119000,golfpang,,,18홀,tr_220345624
로얄링스,2026-09-19,12:43,120000,golfpang,,,18홀,tr_220305385
골프존 진천,2026-09-19,06:54,169000,golfpang,,,18홀,tr_218341551
골프존 진천,2026-09-19,13:00,149000,golfpang,,,18홀,tr_217793603
골프존 진천,2026-09-19,08:41,194000,golfpang,,,18홀,tr_220229990
블랙스톤벨포레,2026-09-19,13:20,110000,golfpang,,,18홀,tr_220345531
골프존 진천,2026-09-19,14:17,141000,golfpang,,,18홀,tr_220345329
골프존 진천,2026-09-19,14:17,141000,golfpang,,,18홀,tr_220345328
올데이,2026-09-19,07:00,109000,golfpang,,,18홀,tr_220345269
올데이,2026-09-19,17:05,79000,golfpang,,,18홀,tr_220345271
올데이,2026-09-19,11:31,119000,golfpang,,,18홀,tr_220345270
일레븐,2026-09-19,18:00,75000,golfpang,,,18홀,tr_220149380
블랙스톤벨포레,2026-09-19,12:50,100000,golfpang,,,18홀,tr_220261017
센테리움,2026-09-19,06:46,159000,golfpang,,,18홀,tr_220345212
센테리움,2026-09-19,13:11,139000,golfpang,,,18홀,tr_220345213
대영힐스,2026-09-19,13:36,129000,golfpang,,,18홀,tr_220345184
대영힐스,2026-09-19,13:36,129000,golfpang,,,18홀,tr_220345185
대영베이스,2026-09-19,16:57,109000,golfpang,,,18홀,tr_220345157
대영베이스,2026-09-19,19:04,85000,golfpang,,,18홀,tr_220345158
스타,2026-09-19,18:31,110000,golfpang,,,18홀,tr_220345125
스타,2026-09-19,13:02,180000,golfpang,,,18홀,tr_220345124
스타,2026-09-19,06:23,190000,golfpang,,,18홀,tr_220345123
힐데스하임,2026-09-19,06:07,120000,golfpang,,,18홀,tr_220345098
힐데스하임,2026-09-19,12:19,140000,golfpang,,,18홀,tr_220345099
힐데스하임,2026-09-19,19:26,80000,golfpang,,,18홀,tr_220345100
중원,2026-09-19,08:21,150000,golfpang,,,18홀,tr_220345046
로얄링스,2026-09-19,13:02,120000,golfpang,,,18홀,tr_220345039
중원,2026-09-19,12:58,140000,golfpang,,,18홀,tr_220342547
골프존 진천,2026-09-19,12:46,151000,golfpang,,,18홀,tr_220342533
골프존 진천,2026-09-19,14:03,141000,golfpang,,,18홀,tr_220342534
골프존 진천,2026-09-19,06:42,169000,golfpang,,,18홀,tr_220342532
임페리얼레이크,2026-09-19,11:31,129000,golfpang,,,18홀,tr_220342425
임페리얼레이크,2026-09-19,17:33,99000,golfpang,,,18홀,tr_220342426
임페리얼레이크,2026-09-19,18:01,99000,golfpang,,,18홀,tr_220342424
중원,2026-09-19,12:58,130000,golfpang,,,18홀,tr_220342360
로얄포레,2026-09-19,11:31,139000,golfpang,,,18홀,tr_220342341
로얄포레,2026-09-19,07:00,119000,golfpang,,,18홀,tr_220342339
로얄포레,2026-09-19,12:34,129000,golfpang,,,18홀,tr_220342340
중원,2026-09-19,12:58,130000,golfpang,,,18홀,tr_220262267
모카cc,2026-09-19,13:56,130000,golfpang,,,18홀,tr_220211731
골프존 화랑,2026-09-19,13:55,131000,golfpang,,,18홀,tr_220211119
백제,2026-09-19,13:54,140000,golfpang,,,18홀,tr_220211941
세레니티cc,2026-09-19,14:30,260000,golfpang,,,18홀,tr_220211851
속리산cc,2026-09-19,14:14,140000,golfpang,,,18홀,tr_220242819
대호단양,2026-09-19,17:09,119000,golfpang,,,18홀,tr_220222411
예미지,2026-09-19,13:36,170000,golfpang,,,18홀,tr_220242036
센테리움,2026-09-19,13:53,149000,golfpang,,,18홀,tr_220219795
감곡,2026-09-19,13:49,160000,golfpang,,,18홀,tr_220258884
골프존 진천,2026-09-19,14:03,141000,golfpang,,,18홀,tr_220214611
백제,2026-09-19,14:01,140000,golfpang,,,18홀,tr_220211942
프린세스,2026-09-19,13:14,165000,golfpang,,,18홀,tr_220210988
예미지,2026-09-19,13:29,170000,golfpang,,,18홀,tr_220242035
플라밍고,2026-09-19,13:25,170000,golfpang,,,18홀,tr_220210844
일레븐,2026-09-19,13:24,115000,golfpang,,,18홀,tr_220211416
골든베이,2026-09-19,13:45,150000,golfpang,,,18홀,tr_220210785
감곡,2026-09-19,13:42,160000,golfpang,,,18홀,tr_220258883
골프존 진천,2026-09-19,13:42,149000,golfpang,,,18홀,tr_220214612
모나크,2026-09-19,13:03,150000,golfpang,,,18홀,tr_220220121
스타,2026-09-19,13:02,180000,golfpang,,,18홀,tr_220211623
스톤비치,2026-09-19,12:55,160000,golfpang,,,18홀,tr_220210733
골프존 천안,2026-09-19,11:55,168000,golfpang,,,18홀,tr_220342168
모나크,2026-09-19,12:14,160000,golfpang,,,18홀,tr_220220120
파인스톤,2026-09-19,12:41,210000,golfpang,,,18홀,tr_220210925
로얄포레,2026-09-19,12:34,129000,golfpang,,,18홀,tr_220325917
플라밍고,2026-09-19,08:33,190000,golfpang,,,18홀,tr_220210843
임페리얼레이크,2026-09-19,11:45,139000,golfpang,,,18홀,tr_220325523
에스앤-퍼9,2026-09-19,11:21,100000,golfpang,,,18홀,tr_220250122
올데이,2026-09-19,12:13,109000,golfpang,,,18홀,tr_220326114
떼제베(동북),2026-09-19,07:49,130000,golfpang,,,18홀,tr_220324154
대영베이스,2026-09-19,07:47,150000,golfpang,,,18홀,tr_220306477
모카cc,2026-09-19,08:25,150000,golfpang,,,18홀,tr_220211730
프린세스,2026-09-19,08:12,175000,golfpang,,,18홀,tr_220210987
파인스톤,2026-09-19,11:17,240000,golfpang,,,18홀,tr_220210924
킹스데일,2026-09-19,07:26,210000,golfpang,,,18홀,tr_220325545
동촌,2026-09-19,07:23,200000,golfpang,,,18홀,tr_220212016
대호단양,2026-09-19,06:28,149000,golfpang,,,18홀,tr_220222410
동촌,2026-09-19,06:27,190000,golfpang,,,18홀,tr_220212015
일레븐,2026-09-19,06:23,130000,golfpang,,,18홀,tr_220211415
세레니티cc,2026-09-19,06:23,240000,golfpang,,,18홀,tr_220211850
스타,2026-09-19,06:23,180000,golfpang,,,18홀,tr_220211622
센테리움,2026-09-19,06:46,159000,golfpang,,,18홀,tr_220219794
킹즈락,2026-09-19,06:45,140000,golfpang,,,18홀,tr_220210620
골프존 진천,2026-09-19,06:42,169000,golfpang,,,18홀,tr_220214610
스톤비치,2026-09-19,06:35,130000,golfpang,,,18홀,tr_220210732
로얄포레,2026-09-19,07:00,119000,golfpang,,,18홀,tr_220325916
올데이,2026-09-19,07:00,99000,golfpang,,,18홀,tr_220326113
에스앤-퍼9,2026-09-19,06:56,60000,golfpang,,,18홀,tr_220250121
골프존 화랑,2026-09-19,06:55,165000,golfpang,,,18홀,tr_220211118
골든베이,2026-09-19,06:51,150000,golfpang,,,18홀,tr_220210784
파인스톤,2026-09-19,06:21,220000,golfpang,,,18홀,tr_220210923
킹즈락,2026-09-19,06:17,130000,golfpang,,,18홀,tr_220210619
대호단양,2026-09-19,06:00,139000,golfpang,,,18홀,tr_220222409
임페리얼레이크,2026-09-19,05:50,109000,golfpang,,,18홀,tr_220325522
대영힐스,2026-09-19,05:39,109000,golfpang,,,18홀,tr_220305812
떼제베,2026-09-19,18:16,130000,golfpang,,,18홀,tr_220321410
스타,2026-09-19,18:45,110000,golfpang,,,18홀,tr_220211624
떼제베,2026-09-19,18:44,130000,golfpang,,,18홀,tr_220321411
블랙스톤벨포레,2026-09-19,18:40,70000,golfpang,,,18홀,tr_220211895
떼제베,2026-09-19,18:37,130000,golfpang,,,18홀,tr_220321409
로얄포레,2026-09-19,18:36,99000,golfpang,,,18홀,tr_220325918
골프존 화랑,2026-09-19,18:35,99000,golfpang,,,18홀,tr_220211120
대영베이스,2026-09-19,19:04,85000,golfpang,,,18홀,tr_220306479
대영힐스,2026-09-19,19:02,79000,golfpang,,,18홀,tr_220305814
떼제베(동북),2026-09-19,18:51,110000,golfpang,,,18홀,tr_220324156
감곡,2026-09-19,18:48,120000,golfpang,,,18홀,tr_220258885
킹즈락,2026-09-19,18:48,95000,golfpang,,,18홀,tr_220210621
블랙스톤벨포레,2026-09-19,18:47,70000,golfpang,,,18홀,tr_220211896
대영베이스,2026-09-19,18:04,99000,golfpang,,,18홀,tr_220306478
프린세스,2026-09-19,18:02,115000,golfpang,,,18홀,tr_220210989
임페리얼레이크,2026-09-19,18:01,99000,golfpang,,,18홀,tr_220325524
대영힐스,2026-09-19,17:52,89000,golfpang,,,18홀,tr_220305813
플라밍고,2026-09-19,18:10,140000,golfpang,,,18홀,tr_220210845
떼제베(동북),2026-09-19,18:09,110000,golfpang,,,18홀,tr_220324155
일레븐,2026-09-19,18:05,75000,golfpang,,,18홀,tr_220211417
세레니티cc,2026-09-19,18:27,130000,golfpang,,,18홀,tr_220211852
모나크,2026-09-19,18:23,110000,golfpang,,,18홀,tr_220220122
올데이,2026-09-19,17:05,79000,golfpang,,,18홀,tr_220326115
중원,2026-09-19,08:21,150000,golfpang,,,18홀,tr_220342310
예미지,2026-09-19,13:15,170000,golfpang,,,18홀,tr_220241838
예미지,2026-09-19,13:22,170000,golfpang,,,18홀,tr_220241984
스톤비치,2026-09-19,06:42,130000,golfpang,,,18홀,tr_216661682
스톤비치,2026-09-19,12:20,110000,golfpang,,,18홀,tr_220342269
골프존 화랑,2026-09-19,17:46,119000,golfpang,,,18홀,tr_219903942
중원,2026-09-19,12:58,140000,golfpang,,,18홀,tr_220208415
중원,2026-09-19,08:21,160000,golfpang,,,18홀,tr_220208414
로얄포레,2026-09-19,11:31,139000,golfpang,,,18홀,tr_220283073
스톤비치,2026-09-19,07:59,140000,golfpang,,,18홀,tr_220342148
중원,2026-09-19,12:58,130000,golfpang,,,18홀,tr_220342134
솔라고,2026-09-19,11:50,180000,golfpang,,,18홀,tr_220342055
솔라고,2026-09-19,14:24,140000,golfpang,,,18홀,tr_220342054
진천(비공개),2026-09-19,13:26,180000,golfpang,,,18홀,tr_220208395
진천(비공개),2026-09-19,07:17,180000,golfpang,,,18홀,tr_220208393
중원,2026-09-19,08:21,150000,golfpang,,,18홀,tr_220342047
블랙스톤벨포레,2026-09-19,13:30,100000,golfpang,,,18홀,tr_220212719
떼제베,2026-09-19,07:14,140000,golfpang,,,18홀,tr_220342024
떼제베,2026-09-19,18:09,130000,golfpang,,,18홀,tr_220342025
떼제베,2026-09-19,18:37,130000,golfpang,,,18홀,tr_220342026
스톤비치,2026-09-19,07:59,140000,golfpang,,,18홀,tr_220342023
스톤비치,2026-09-19,12:20,110000,golfpang,,,18홀,tr_220208362
스톤비치,2026-09-19,07:59,140000,golfpang,,,18홀,tr_220208352
로얄링스,2026-09-19,13:02,120000,golfpang,,,18홀,tr_220233476
스톤비치,2026-09-19,12:27,110000,golfpang,,,18홀,tr_220339575
블랙스톤벨포레,2026-09-19,13:36,100000,golfpang,,,18홀,tr_219936037
중원,2026-09-19,12:58,130000,golfpang,,,18홀,tr_220321557
블랙스톤벨포레,2026-09-19,13:40,100000,golfpang,,,18홀,tr_219787893
중원,2026-09-19,08:21,150000,golfpang,,,18홀,tr_220321555
스톤비치,2026-09-19,13:38,130000,golfpang,,,18홀,tr_216420609
스톤비치,2026-09-19,07:59,140000,golfpang,,,18홀,tr_220339523
떼제베(동북),2026-09-19,18:09,110000,golfpang,,,18홀,tr_220339502
떼제베(동북),2026-09-19,08:03,130000,golfpang,,,18홀,tr_220339501
떼제베(동북),2026-09-19,18:30,110000,golfpang,,,18홀,tr_220339503
블랙스톤벨포레,2026-09-19,18:12,70000,golfpang,,,18홀,tr_220208321
블랙스톤벨포레,2026-09-19,13:20,110000,golfpang,,,18홀,tr_220208276
중원,2026-09-19,12:58,150000,golfpang,,,18홀,tr_220233307
백제,2026-09-19,13:54,140000,golfpang,,,18홀,tr_220208205
로얄링스,2026-09-19,13:09,120000,golfpang,,,18홀,tr_220208168
스톤비치,2026-09-19,17:16,100000,golfpang,,,18홀,tr_217325470
스톤비치,2026-09-19,16:34,90000,golfpang,,,18홀,tr_217329533
스톤비치,2026-09-19,13:02,140000,golfpang,,,18홀,tr_217329547
로얄링스,2026-09-19,07:45,120000,golfpang,,,18홀,tr_220208167
스톤비치,2026-09-19,07:59,140000,golfpang,,,18홀,tr_220339312
동촌,2026-09-19,06:48,170000,golfpang,,,18홀,tr_220339306
일레븐,2026-09-19,12:49,115000,golfpang,,,18홀,tr_219776707
감곡,2026-09-19,13:49,150000,golfpang,,,18홀,tr_220339260
감곡,2026-09-19,13:49,150000,golfpang,,,18홀,tr_220339259
로얄링스,2026-09-19,07:45,120000,golfpang,,,18홀,tr_220339242
골프존 화랑,2026-09-19,17:46,119000,golfpang,,,18홀,tr_220208144
골프존 천안,2026-09-19,11:48,168000,golfpang,,,18홀,tr_220208139
진천(비공개),2026-09-19,07:17,180000,golfpang,,,18홀,tr_220339216
일레븐,2026-09-19,13:24,115000,golfpang,,,18홀,tr_220222577
일레븐,2026-09-19,18:05,75000,golfpang,,,18홀,tr_220222578
모카cc,2026-09-19,13:42,130000,golfpang,,,18홀,tr_220207255
일레븐,2026-09-19,06:23,130000,golfpang,,,18홀,tr_220222576
골프존 진천,2026-09-19,13:49,149000,golfpang,,,18홀,tr_220208080
일레븐,2026-09-19,18:10,75000,golfpang,,,18홀,tr_220289577
중원,2026-09-19,07:11,160000,golfpang,,,18홀,tr_220336802
스톤비치,2026-09-19,16:34,90000,golfpang,,,18홀,tr_217042290
진천(비공개),2026-09-19,13:26,180000,golfpang,,,18홀,tr_220336776
진천(비공개),2026-09-19,07:17,180000,golfpang,,,18홀,tr_220336774
백제,2026-09-19,13:54,140000,golfpang,,,18홀,tr_220005928
동촌,2026-09-19,06:48,170000,golfpang,,,18홀,tr_220336705
스톤비치,2026-09-19,12:20,110000,golfpang,,,18홀,tr_220336701
스톤비치,2026-09-19,07:59,140000,golfpang,,,18홀,tr_220336698
골프존 천안,2026-09-19,11:48,168000,golfpang,,,18홀,tr_220336661
스톤비치,2026-09-19,13:30,130000,golfpang,,,18홀,tr_216232804
블랙스톤벨포레,2026-09-19,18:12,70000,golfpang,,,18홀,tr_220336597
스톤비치,2026-09-19,13:00,130000,golfpang,,,18홀,tr_216423275
스톤비치,2026-09-19,12:55,130000,golfpang,,,18홀,tr_216423289
블랙스톤벨포레,2026-09-19,13:20,110000,golfpang,,,18홀,tr_220336556
모나크,2026-09-19,18:23,110000,golfpang,,,18홀,tr_220222738
로얄포레,2026-09-19,18:36,99000,golfpang,,,18홀,tr_220070548
힐데스하임,2026-09-19,18:41,100000,golfpang,,,18홀,tr_220259126
감곡,2026-09-19,18:41,120000,golfpang,,,18홀,tr_220130983
골프존 천안,2026-09-19,11:48,168000,golfpang,,,18홀,tr_220336519
백제,2026-09-19,13:54,140000,golfpang,,,18홀,tr_220336477
속리산cc,2026-09-19,14:14,110000,golfpang,,,18홀,tr_220128013
골프존 화랑,2026-09-19,06:34,175000,golfpang,,,18홀,tr_220336458
올데이,2026-09-19,12:13,109000,golfpang,,,18홀,tr_220336418
올데이,2026-09-19,12:41,109000,golfpang,,,18홀,tr_220336419
올데이,2026-09-19,07:07,99000,golfpang,,,18홀,tr_220336420
로얄링스,2026-09-19,13:09,120000,golfpang,,,18홀,tr_220336374
골프존 화랑,2026-09-19,14:02,131000,golfpang,,,18홀,tr_220336345
골프존 화랑,2026-09-19,18:35,99000,golfpang,,,18홀,tr_220336346
골프존 화랑,2026-09-19,07:51,175000,golfpang,,,18홀,tr_220336344
킹즈락,2026-09-19,18:45,95000,golfpang,,,18홀,tr_220180047
감곡,2026-09-19,18:41,120000,golfpang,,,18홀,tr_220199153
프린세스,2026-09-19,18:37,120000,golfpang,,,18홀,tr_219489224
스타,2026-09-19,18:31,110000,golfpang,,,18홀,tr_220029645
대영힐스,2026-09-19,18:48,79000,golfpang,,,18홀,tr_219971343
일레븐,2026-09-19,18:12,75000,golfpang,,,18홀,tr_220241298
플라밍고,2026-09-19,18:10,140000,golfpang,,,18홀,tr_220181142
청주(비공개),2026-09-19,18:06,140000,golfpang,,,18홀,tr_220010648
일레븐,2026-09-19,18:05,75000,golfpang,,,18홀,tr_220241297
청주(비공개),2026-09-19,18:27,130000,golfpang,,,18홀,tr_220010650
모나크,2026-09-19,18:23,110000,golfpang,,,18홀,tr_220219893
청주(비공개),2026-09-19,18:20,130000,golfpang,,,18홀,tr_220010649
대영베이스,2026-09-19,18:17,99000,golfpang,,,18홀,tr_219977319
골프존 화랑,2026-09-19,18:14,99000,golfpang,,,18홀,tr_220335990
보령베이스-퍼9,2026-09-19,18:47,49000,golfpang,,,18홀,tr_219910032
로얄링스,2026-09-19,07:10,120000,golfpang,,,18홀,tr_220336288
프린세스,2026-09-19,13:42,175000,golfpang,,,18홀,tr_219489223
떼제베(동북),2026-09-19,13:42,140000,golfpang,,,18홀,tr_219985326
백제,2026-09-19,13:54,140000,golfpang,,,18홀,tr_219933016
감곡,2026-09-19,13:49,160000,golfpang,,,18홀,tr_220199152
모카cc,2026-09-19,13:49,130000,golfpang,,,18홀,tr_220150258
힐데스하임,2026-09-19,14:04,150000,golfpang,,,18홀,tr_219547060
백제,2026-09-19,14:01,140000,golfpang,,,18홀,tr_219933017
골프존 화랑,2026-09-19,13:55,131000,golfpang,,,18홀,tr_220335989
솔라고,2026-09-19,14:17,140000,golfpang,,,18홀,tr_219010834
임페리얼레이크,2026-09-19,17:19,109000,golfpang,,,18홀,tr_219468877
올데이,2026-09-19,17:19,79000,golfpang,,,18홀,tr_219989574
블랙스톤벨포레,2026-09-19,17:16,80000,golfpang,,,18홀,tr_220183319
로얄포레,2026-09-19,17:54,99000,golfpang,,,18홀,tr_219989377
로얄포레,2026-09-19,12:48,139000,golfpang,,,18홀,tr_219989376
골든베이,2026-09-19,13:03,150000,golfpang,,,18홀,tr_218958738
스타,2026-09-19,13:02,180000,golfpang,,,18홀,tr_220029644
센테리움,2026-09-19,13:04,139000,golfpang,,,18홀,tr_220221449
모나크,2026-09-19,13:03,150000,golfpang,,,18홀,tr_220219891
플라밍고,2026-09-19,13:25,170000,golfpang,,,18홀,tr_220181141
스톤비치,2026-09-19,13:23,160000,golfpang,,,18홀,tr_218083545
대영힐스,2026-09-19,13:36,139000,golfpang,,,18홀,tr_219971342
대영베이스,2026-09-19,13:32,149000,golfpang,,,18홀,tr_219977318
모나크,2026-09-19,13:45,150000,golfpang,,,18홀,tr_220219892
보령베이스-퍼9,2026-09-19,11:56,89000,golfpang,,,18홀,tr_219910031
임페리얼레이크,2026-09-19,11:52,159000,golfpang,,,18홀,tr_219468876
올데이,2026-09-19,12:13,109000,golfpang,,,18홀,tr_219989573
감곡,2026-09-19,13:42,160000,golfpang,,,18홀,tr_220199151
떼제베,2026-09-19,12:25,150000,golfpang,,,18홀,tr_219985713
대호단양,2026-09-19,12:41,159000,golfpang,,,18홀,tr_219986386
킹즈락,2026-09-19,12:08,145000,golfpang,,,18홀,tr_220180046
골프존 진천,2026-09-19,06:21,169000,golfpang,,,18홀,tr_220336286
대영베이스,2026-09-19,07:12,155000,golfpang,,,18홀,tr_219977317
센테리움,2026-09-19,06:46,159000,golfpang,,,18홀,tr_220221447
스톤비치,2026-09-19,08:41,150000,golfpang,,,18홀,tr_218083543
플라밍고,2026-09-19,08:33,190000,golfpang,,,18홀,tr_220181140
모카cc,2026-09-19,08:25,150000,golfpang,,,18홀,tr_220150257
스톤비치,2026-09-19,11:45,160000,golfpang,,,18홀,tr_218083544
프린세스,2026-09-19,06:55,180000,golfpang,,,18홀,tr_219489222
보령베이스-퍼9,2026-09-19,06:08,69000,golfpang,,,18홀,tr_219910030
로얄포레,2026-09-19,06:04,109000,golfpang,,,18홀,tr_219989375
힐데스하임,2026-09-19,06:00,145000,golfpang,,,18홀,tr_219547059
대호단양,2026-09-19,06:00,139000,golfpang,,,18홀,tr_219986384
임페리얼레이크,2026-09-19,05:57,129000,golfpang,,,18홀,tr_219468875
떼제베(동북),2026-09-19,05:57,100000,golfpang,,,18홀,tr_219985325
떼제베,2026-09-19,05:50,130000,golfpang,,,18홀,tr_219985712
대영힐스,2026-09-19,05:39,110000,golfpang,,,18홀,tr_219971341
킹즈락,2026-09-19,06:31,130000,golfpang,,,18홀,tr_220180045
스타,2026-09-19,06:30,180000,golfpang,,,18홀,tr_220029643
골든베이,2026-09-19,06:30,150000,golfpang,,,18홀,tr_218958737
대호단양,2026-09-19,06:28,149000,golfpang,,,18홀,tr_219986385
일레븐,2026-09-19,06:23,130000,golfpang,,,18홀,tr_220241296
힐데스하임,2026-09-19,06:45,150000,golfpang,,,18홀,tr_219547061
올데이,2026-09-19,06:46,99000,golfpang,,,18홀,tr_219989572
골프존 화랑,2026-09-19,06:55,165000,golfpang,,,18홀,tr_220335988
백제,2026-09-19,06:20,151000,golfpang,,,18홀,tr_220242266
골프존 천안,2026-09-19,11:48,168000,golfpang,,,18홀,tr_220336165
스톤비치,2026-09-19,16:48,100000,golfpang,,,18홀,tr_218600226
힐데스하임,2026-09-19,18:49,90000,golfpang,,,18홀,tr_220289935
대영베이스,2026-09-19,13:39,139000,golfpang,,,18홀,tr_220233035
모카cc,2026-09-19,13:56,130000,golfpang,,,18홀,tr_220180414
대호단양,2026-09-19,16:20,129000,golfpang,,,18홀,tr_220240152
힐데스하임,2026-09-19,12:49,135000,golfpang,,,18홀,tr_220289933
스타,2026-09-19,13:02,190000,golfpang,,,18홀,tr_220037059
중원,2026-09-19,12:58,180000,golfpang,,,18홀,tr_220046118
골프존 화랑,2026-09-19,13:13,141000,golfpang,,,18홀,tr_220023318
킹즈락,2026-09-19,13:11,135000,golfpang,,,18홀,tr_220129859
대영힐스,2026-09-19,13:23,129000,golfpang,,,18홀,tr_220260251
서산수,2026-09-19,13:43,180000,golfpang,,,18홀,tr_220011049
중원,2026-09-19,11:55,190000,golfpang,,,18홀,tr_220046117
대영힐스,2026-09-19,12:25,130000,golfpang,,,18홀,tr_220260250
감곡,2026-09-19,12:53,170000,golfpang,,,18홀,tr_220303907
모카cc,2026-09-19,08:25,150000,golfpang,,,18홀,tr_220180413
이븐데일,2026-09-19,08:24,115000,golfpang,,,18홀,tr_220287638
대영베이스,2026-09-19,18:37,89000,golfpang,,,18홀,tr_220233036
감곡,2026-09-19,18:41,120000,golfpang,,,18홀,tr_220303908
대호단양,2026-09-19,06:28,149000,golfpang,,,18홀,tr_220240151
대영힐스,2026-09-19,05:39,110000,golfpang,,,18홀,tr_220260249
킹즈락,2026-09-19,06:31,130000,golfpang,,,18홀,tr_220129858
스타,2026-09-19,18:24,110000,golfpang,,,18홀,tr_220037060
스타,2026-09-19,06:37,190000,golfpang,,,18홀,tr_220037058
일레븐,2026-09-19,17:51,75000,golfpang,,,18홀,tr_220282961
일레븐,2026-09-19,06:37,130000,golfpang,,,18홀,tr_220282960
임페리얼레이크,2026-09-19,11:52,129000,golfpang,,,18홀,tr_220336112
임페리얼레이크,2026-09-19,16:44,119000,golfpang,,,18홀,tr_220336113
임페리얼레이크,2026-09-19,11:45,129000,golfpang,,,18홀,tr_220336111
속리산cc,2026-09-19,14:00,120000,golfpang,,,18홀,tr_220336089
속리산cc,2026-09-19,13:18,130000,golfpang,,,18홀,tr_220336088
센테리움,2026-09-19,06:46,159000,golfpang,,,18홀,tr_220336071
센테리움,2026-09-19,13:25,139000,golfpang,,,18홀,tr_220336072
스톤비치,2026-09-19,13:06,130000,golfpang,,,18홀,tr_216661833
골프존 천안,2026-09-19,12:23,173000,golfpang,,,18홀,tr_220230707
속리산cc,2026-09-19,13:40,130000,golfpang,,,18홀,tr_220328680
골프존 화랑,2026-09-19,18:56,99000,golfpang,,,18홀,tr_220306311
백제,2026-09-19,13:54,140000,golfpang,,,18홀,tr_220306669
골프존 진천,2026-09-19,14:17,141000,golfpang,,,18홀,tr_220306194
스톤비치,2026-09-19,12:48,110000,golfpang,,,18홀,tr_220307370
로얄링스,2026-09-19,13:02,120000,golfpang,,,18홀,tr_220306603
진천(비공개),2026-09-19,13:26,180000,golfpang,,,18홀,tr_220307417
블랙스톤벨포레,2026-09-19,13:20,110000,golfpang,,,18홀,tr_220307027
블랙스톤벨포레,2026-09-19,18:12,70000,golfpang,,,18홀,tr_220307054
스톤비치,2026-09-19,07:45,140000,golfpang,,,18홀,tr_220307277
스톤비치,2026-09-19,12:20,110000,golfpang,,,18홀,tr_220307312
동촌,2026-09-19,06:48,170000,golfpang,,,18홀,tr_220324767
진천(비공개),2026-09-19,07:17,180000,golfpang,,,18홀,tr_220307415
골프존 화랑,2026-09-19,17:46,119000,golfpang,,,18홀,tr_220306309
골프존 화랑,2026-09-19,06:34,175000,golfpang,,,18홀,tr_220306308
블랙스톤벨포레,2026-09-19,17:44,80000,golfpang,,,18홀,tr_220145282
일레븐,2026-09-19,18:05,75000,golfpang,,,18홀,tr_220235965
임페리얼레이크,2026-09-19,18:01,99000,golfpang,,,18홀,tr_220283126
일레븐,2026-09-19,18:26,75000,golfpang,,,18홀,tr_220235966
모나크,2026-09-19,18:23,110000,golfpang,,,18홀,tr_220219695
대영베이스,2026-09-19,18:17,95000,golfpang,,,18홀,tr_220204064
블랙스톤벨포레,2026-09-19,18:40,70000,golfpang,,,18홀,tr_220145284
로얄포레,2026-09-19,18:36,99000,golfpang,,,18홀,tr_220207950
대영베이스,2026-09-19,18:51,89000,golfpang,,,18홀,tr_220204063
힐데스하임,2026-09-19,18:49,90000,golfpang,,,18홀,tr_220326204
올데이,2026-09-19,17:26,79000,golfpang,,,18홀,tr_220206835
블랙스톤벨포레,2026-09-19,17:51,80000,golfpang,,,18홀,tr_220145283
모나크,2026-09-19,13:03,150000,golfpang,,,18홀,tr_220219694
대영베이스,2026-09-19,13:32,139000,golfpang,,,18홀,tr_220204062
골든베이,2026-09-19,13:45,150000,golfpang,,,18홀,tr_220206309
모나크,2026-09-19,12:14,160000,golfpang,,,18홀,tr_220219693
올데이,2026-09-19,12:13,109000,golfpang,,,18홀,tr_220206834
이븐데일,2026-09-19,12:13,90000,golfpang,,,18홀,tr_220325199
임페리얼레이크,2026-09-19,12:13,139000,golfpang,,,18홀,tr_220283125
힐데스하임,2026-09-19,12:27,140000,golfpang,,,18홀,tr_220326203
로얄포레,2026-09-19,12:41,139000,golfpang,,,18홀,tr_220207949
킹즈락,2026-09-19,06:45,140000,golfpang,,,18홀,tr_220179699
로얄포레,2026-09-19,07:00,139000,golfpang,,,18홀,tr_220207948
이븐데일,2026-09-19,07:28,109000,golfpang,,,18홀,tr_220325197
킹스데일,2026-09-19,07:26,210000,golfpang,,,18홀,tr_220326620
동촌,2026-09-19,07:23,185000,golfpang,,,18홀,tr_220326830
동촌,2026-09-19,08:40,210000,golfpang,,,18홀,tr_220326831
이븐데일,2026-09-19,08:24,115000,golfpang,,,18홀,tr_220325198
킹즈락,2026-09-19,06:17,130000,golfpang,,,18홀,tr_220301734
힐데스하임,2026-09-19,06:07,120000,golfpang,,,18홀,tr_220326202
임페리얼레이크,2026-09-19,06:04,109000,golfpang,,,18홀,tr_220283124
올데이,2026-09-19,06:32,99000,golfpang,,,18홀,tr_220206833
일레븐,2026-09-19,06:23,130000,golfpang,,,18홀,tr_220235964
골든베이,2026-09-19,06:51,150000,golfpang,,,18홀,tr_220206308
스타,2026-09-19,06:44,180000,golfpang,,,18홀,tr_219778007
스타,2026-09-19,18:45,110000,golfpang,,,18홀,tr_219778009
파인스톤,2026-09-19,18:39,150000,golfpang,,,18홀,tr_219332316
백제,2026-09-19,13:54,140000,golfpang,,,18홀,tr_220174899
백제,2026-09-19,14:01,140000,golfpang,,,18홀,tr_220174900
대호단양,2026-09-19,17:09,119000,golfpang,,,18홀,tr_219777424
프린세스,2026-09-19,17:41,125000,golfpang,,,18홀,tr_219446044
스톤비치,2026-09-19,17:37,130000,golfpang,,,18홀,tr_219372609
스타,2026-09-19,13:02,180000,golfpang,,,18홀,tr_219778008
중원,2026-09-19,12:58,150000,golfpang,,,18홀,tr_220153634
스톤비치,2026-09-19,13:23,160000,golfpang,,,18홀,tr_219372608
프린세스,2026-09-19,12:04,180000,golfpang,,,18홀,tr_219446043
속리산cc,2026-09-19,12:15,150000,golfpang,,,18홀,tr_219486134
속리산cc,2026-09-19,12:43,150000,golfpang,,,18홀,tr_219486136
속리산cc,2026-09-19,12:36,150000,golfpang,,,18홀,tr_219486135
보령베이스-퍼9,2026-09-19,11:07,99000,golfpang,,,18홀,tr_220200853
중원,2026-09-19,08:35,170000,golfpang,,,18홀,tr_220153633
프린세스,2026-09-19,08:26,190000,golfpang,,,18홀,tr_219446042
대호단양,2026-09-19,11:10,159000,golfpang,,,18홀,tr_219777423
파인스톤,2026-09-19,18:25,150000,golfpang,,,18홀,tr_219332315
스톤비치,2026-09-19,06:35,130000,golfpang,,,18홀,tr_219372607
스타,2026-09-19,12:06,190000,golfpang,,,18홀,tr_220038151
로얄포레,2026-09-19,11:10,169000,golfpang,,,18홀,tr_219064962
에스앤-퍼9,2026-09-19,11:14,100000,golfpang,,,18홀,tr_219777372
서산수,2026-09-19,12:26,230000,golfpang,,,18홀,tr_219992567
솔라고,2026-09-19,11:50,180000,golfpang,,,18홀,tr_219992737
속리산cc,2026-09-19,11:54,160000,golfpang,,,18홀,tr_219992688
보령베이스-퍼9,2026-09-19,11:56,89000,golfpang,,,18홀,tr_219775398
킹즈락,2026-09-19,18:34,95000,golfpang,,,18홀,tr_220328485
킹즈락,2026-09-19,06:31,130000,golfpang,,,18홀,tr_220328483
킹즈락,2026-09-19,06:52,140000,golfpang,,,18홀,tr_220328484
블랙스톤벨포레,2026-09-19,13:38,100000,golfpang,,,18홀,tr_220211010
일레븐,2026-09-19,12:42,115000,golfpang,,,18홀,tr_220210922
일레븐,2026-09-19,17:37,75000,golfpang,,,18홀,tr_220210965
로얄링스,2026-09-19,07:38,120000,golfpang,,,18홀,tr_220211027
일라이트,2026-09-19,12:57,142000,golfpang,,,18홀,tr_220211020
로얄링스,2026-09-19,12:41,120000,golfpang,,,18홀,tr_220211029
플라밍고,2026-09-19,19:13,90000,golfpang,,,18홀,tr_220210912
솔라고,2026-09-19,14:24,140000,golfpang,,,18홀,tr_220211024
플라밍고,2026-09-19,13:39,140000,golfpang,,,18홀,tr_220210911
블랙스톤벨포레,2026-09-19,17:02,80000,golfpang,,,18홀,tr_220001381
일레븐,2026-09-19,17:58,80000,golfpang,,,18홀,tr_220001387
중원,2026-09-19,12:51,150000,golfpang,,,18홀,tr_220210454
골프존 진천,2026-09-19,13:14,149000,golfpang,,,18홀,tr_219994194
일라이트,2026-09-19,13:04,150000,golfpang,,,18홀,tr_219994301
속리산cc,2026-09-19,13:18,130000,golfpang,,,18홀,tr_220001364
킹즈락,2026-09-19,12:08,145000,golfpang,,,18홀,tr_219994156
블랙스톤벨포레,2026-09-19,12:24,120000,golfpang,,,18홀,tr_219994250
백제,2026-09-19,13:47,140000,golfpang,,,18홀,tr_219994247
골프존 천안,2026-09-19,13:54,166000,golfpang,,,18홀,tr_219994199
대영베이스,2026-09-19,13:39,139000,golfpang,,,18홀,tr_220210436
대영베이스,2026-09-19,18:17,95000,golfpang,,,18홀,tr_220210476
대영힐스,2026-09-19,18:27,85000,golfpang,,,18홀,tr_220210480
동촌,2026-09-19,07:51,190000,golfpang,,,18홀,tr_220210372
모나크,2026-09-19,18:30,110000,golfpang,,,18홀,tr_220325814
프린세스,2026-09-19,08:12,150000,golfpang,,,18홀,tr_220325473
블랙스톤벨포레,2026-09-19,17:09,70000,golfpang,,,18홀,tr_220287724
대영베이스,2026-09-19,07:47,150000,golfpang,,,18홀,tr_220328241
대영베이스,2026-09-19,18:04,99000,golfpang,,,18홀,tr_220328242
대영베이스,2026-09-19,19:04,85000,golfpang,,,18홀,tr_220328243
블랙스톤벨포레,2026-09-19,13:27,100000,golfpang,,,18홀,tr_220211849
일레븐,2026-09-19,12:42,115000,golfpang,,,18홀,tr_220211890
로얄링스,2026-09-19,12:41,120000,golfpang,,,18홀,tr_220211909
로얄링스,2026-09-19,07:38,120000,golfpang,,,18홀,tr_220211908
솔라고,2026-09-19,14:24,140000,golfpang,,,18홀,tr_220211907
플라밍고,2026-09-19,19:13,90000,golfpang,,,18홀,tr_220211846
블랙스톤벨포레,2026-09-19,18:19,60000,golfpang,,,18홀,tr_220211886
일레븐,2026-09-19,17:37,75000,golfpang,,,18홀,tr_220211892
플라밍고,2026-09-19,08:34,190000,golfpang,,,18홀,tr_220327458
중원,2026-09-19,08:21,170000,golfpang,,,18홀,tr_220230502
예미지,2026-09-19,13:15,170000,golfpang,,,18홀,tr_220328152
백제,2026-09-19,07:50,150000,golfpang,,,18홀,tr_220259691
동촌,2026-09-19,06:48,170000,golfpang,,,18홀,tr_220204853
대영힐스,2026-09-19,05:39,109000,golfpang,,,18홀,tr_220321021
골프존 진천,2026-09-19,14:03,141000,golfpang,,,18홀,tr_220327976
골프존 진천,2026-09-19,12:46,151000,golfpang,,,18홀,tr_220327975
대영힐스,2026-09-19,17:52,89000,golfpang,,,18홀,tr_220321023
골프존 진천,2026-09-19,06:42,169000,golfpang,,,18홀,tr_220327974
블랙스톤벨포레,2026-09-19,13:00,100000,golfpang,,,18홀,tr_220207584
파인스톤,2026-09-19,16:54,160000,golfpang,,,18홀,tr_220049158
파인스톤,2026-09-19,16:54,160000,golfpang,,,18홀,tr_220049157
파인스톤,2026-09-19,16:54,160000,golfpang,,,18홀,tr_220049156
대영베이스,2026-09-19,19:04,85000,golfpang,,,18홀,tr_220326363
대호단양,2026-09-19,12:41,159000,golfpang,,,18홀,tr_219885941
로얄포레,2026-09-19,12:34,129000,golfpang,,,18홀,tr_220327697
킹즈락,2026-09-19,12:57,145000,golfpang,,,18홀,tr_220049475
센테리움,2026-09-19,12:57,139000,golfpang,,,18홀,tr_220288125
일레븐,2026-09-19,12:56,125000,golfpang,,,18홀,tr_220055433
스톤비치,2026-09-19,12:55,160000,golfpang,,,18홀,tr_220075243
대호단양,2026-09-19,12:55,179000,golfpang,,,18홀,tr_219885942
힐데스하임,2026-09-19,12:49,150000,golfpang,,,18홀,tr_220013301
이븐데일,2026-09-19,12:48,90000,golfpang,,,18홀,tr_220283399
모나크,2026-09-19,13:03,150000,golfpang,,,18홀,tr_220218771
스타,2026-09-19,13:02,180000,golfpang,,,18홀,tr_220079742
떼제베,2026-09-19,13:00,150000,golfpang,,,18홀,tr_220088043
중원,2026-09-19,12:58,140000,golfpang,,,18홀,tr_220288479
일레븐,2026-09-19,13:17,125000,golfpang,,,18홀,tr_220055434
스타,2026-09-19,13:16,180000,golfpang,,,18홀,tr_220079744
프린세스,2026-09-19,13:14,165000,golfpang,,,18홀,tr_220038063
스타,2026-09-19,13:09,180000,golfpang,,,18홀,tr_220079743
이븐데일,2026-09-19,13:09,90000,golfpang,,,18홀,tr_220283400
센테리움,2026-09-19,13:25,139000,golfpang,,,18홀,tr_220288126
스톤비치,2026-09-19,13:23,160000,golfpang,,,18홀,tr_220075244
골프존 진천,2026-09-19,13:35,149000,golfpang,,,18홀,tr_220190393
힐데스하임,2026-09-19,13:34,150000,golfpang,,,18홀,tr_220013302
골든베이,2026-09-19,13:52,150000,golfpang,,,18홀,tr_220094837
감곡,2026-09-19,13:49,160000,golfpang,,,18홀,tr_220088378
모나크,2026-09-19,13:45,150000,golfpang,,,18홀,tr_220218772
골든베이,2026-09-19,13:45,150000,golfpang,,,18홀,tr_220094836
감곡,2026-09-19,13:42,160000,golfpang,,,18홀,tr_220088377
감곡,2026-09-19,14:03,160000,golfpang,,,18홀,tr_220088379
떼제베(동북),2026-09-19,07:42,130000,golfpang,,,18홀,tr_220088232
프린세스,2026-09-19,08:12,175000,golfpang,,,18홀,tr_220038064
로얄포레,2026-09-19,08:10,129000,golfpang,,,18홀,tr_220327695
떼제베(동북),2026-09-19,08:10,130000,golfpang,,,18홀,tr_220088230
로얄링스,2026-09-19,07:59,160000,golfpang,,,18홀,tr_219891947
로얄포레,2026-09-19,07:56,129000,golfpang,,,18홀,tr_220327696
중원,2026-09-19,08:35,160000,golfpang,,,18홀,tr_220288478
플라밍고,2026-09-19,08:33,190000,golfpang,,,18홀,tr_220036890
이븐데일,2026-09-19,08:24,115000,golfpang,,,18홀,tr_220283398
에스앤-퍼9,2026-09-19,11:28,100000,golfpang,,,18홀,tr_220070850
대호단양,2026-09-19,11:10,159000,golfpang,,,18홀,tr_219885940
골프존 진천,2026-09-19,08:41,199000,golfpang,,,18홀,tr_220190391
킹즈락,2026-09-19,12:08,145000,golfpang,,,18홀,tr_220049474
힐데스하임,2026-09-19,12:04,160000,golfpang,,,18홀,tr_220013300
킹즈락,2026-09-19,12:01,145000,golfpang,,,18홀,tr_220049473
플라밍고,2026-09-19,12:01,180000,golfpang,,,18홀,tr_220036891
로얄링스,2026-09-19,12:27,160000,golfpang,,,18홀,tr_219891948
골프존 진천,2026-09-19,12:25,161000,golfpang,,,18홀,tr_220190392
플라밍고,2026-09-19,12:15,180000,golfpang,,,18홀,tr_220036892
모나크,2026-09-19,12:14,160000,golfpang,,,18홀,tr_220218770
떼제베(동북),2026-09-19,12:46,130000,golfpang,,,18홀,tr_220088231
에스앤-퍼9,2026-09-19,12:45,100000,golfpang,,,18홀,tr_220070848
대영힐스,2026-09-19,05:39,109000,golfpang,,,18홀,tr_220326797
스톤비치,2026-09-19,06:35,130000,golfpang,,,18홀,tr_220075242
동촌,2026-09-19,06:27,170000,golfpang,,,18홀,tr_220037785
동촌,2026-09-19,07:23,190000,golfpang,,,18홀,tr_220037786
떼제베,2026-09-19,07:14,160000,golfpang,,,18홀,tr_220088044
대영베이스,2026-09-19,07:47,150000,golfpang,,,18홀,tr_220326361
프린세스,2026-09-19,13:56,165000,golfpang,,,18홀,tr_220038065
에스앤-퍼9,2026-09-19,16:28,80000,golfpang,,,18홀,tr_220070849
대영힐스,2026-09-19,17:03,105000,golfpang,,,18홀,tr_220326798
대영힐스,2026-09-19,17:52,89000,golfpang,,,18홀,tr_220326799
블랙스톤벨포레,2026-09-19,17:51,80000,golfpang,,,18홀,tr_219909996
블랙스톤벨포레,2026-09-19,17:44,80000,golfpang,,,18홀,tr_219909994
세레니티cc,2026-09-19,18:06,140000,golfpang,,,18홀,tr_220085523
일레븐,2026-09-19,18:05,80000,golfpang,,,18홀,tr_220055435
대영베이스,2026-09-19,18:04,99000,golfpang,,,18홀,tr_220326362
떼제베,2026-09-19,18:02,130000,golfpang,,,18홀,tr_220088045
세레니티cc,2026-09-19,18:27,130000,golfpang,,,18홀,tr_220085525
세레니티cc,2026-09-19,18:20,130000,golfpang,,,18홀,tr_220085524
로얄링스,2026-09-19,07:45,120000,golfpang,,,18홀,tr_220230382
스톤비치,2026-09-19,12:38,130000,golfpang,,,18홀,tr_219333808
골프존 진천,2026-09-19,14:03,141000,golfpang,,,18홀,tr_220327736
골프존 진천,2026-09-19,06:49,169000,golfpang,,,18홀,tr_220327734
골프존 진천,2026-09-19,12:25,151000,golfpang,,,18홀,tr_220327735
플라밍고,2026-09-19,18:46,90000,golfpang,,,18홀,tr_220306060
로얄링스,2026-09-19,08:16,120000,golfpang,,,18홀,tr_220305344
일레븐,2026-09-19,12:20,115000,golfpang,,,18홀,tr_220306191
골프존 진천,2026-09-19,13:35,149000,golfpang,,,18홀,tr_220305392
블랙스톤벨포레,2026-09-19,13:00,100000,golfpang,,,18홀,tr_220305453
센테리움,2026-09-19,07:29,169000,golfpang,,,18홀,tr_220261550
센테리움,2026-09-19,12:57,139000,golfpang,,,18홀,tr_220261551
모나크,2026-09-19,13:03,150000,golfpang,,,18홀,tr_220278763
모나크,2026-09-19,18:16,110000,golfpang,,,18홀,tr_220278764
모나크,2026-09-19,12:00,160000,golfpang,,,18홀,tr_220278762
예미지,2026-09-19,13:22,170000,golfpang,,,18홀,tr_220327457
진천(비공개),2026-09-19,07:17,180000,golfpang,,,18홀,tr_220230054
예미지,2026-09-19,13:15,170000,golfpang,,,18홀,tr_220242662
골프존 진천,2026-09-19,12:46,151000,golfpang,,,18홀,tr_220327279
골프존 진천,2026-09-19,14:03,141000,golfpang,,,18홀,tr_220327280
골프존 진천,2026-09-19,06:42,169000,golfpang,,,18홀,tr_220327278
골프존 화랑,2026-09-19,06:34,175000,golfpang,,,18홀,tr_220223064
속리산cc,2026-09-19,14:14,110000,golfpang,,,18홀,tr_219489573
골프존 진천,2026-09-19,06:21,169000,golfpang,,,18홀,tr_220222826
동촌,2026-09-19,07:30,170000,golfpang,,,18홀,tr_220241895
골프존 진천,2026-09-19,13:49,149000,golfpang,,,18홀,tr_220236186
프린세스,2026-09-19,08:18,150000,golfpang,,,18홀,tr_220299539
올데이,2026-09-19,11:44,119000,golfpang,,,18홀,tr_219091868
블랙스톤벨포레,2026-09-19,12:52,100000,golfpang,,,18홀,tr_220261806
로얄링스,2026-09-19,06:56,120000,golfpang,,,18홀,tr_220261490
일라이트,2026-09-19,06:56,132000,golfpang,,,18홀,tr_220262023
플라밍고,2026-09-19,19:13,90000,golfpang,,,18홀,tr_220261769
일레븐,2026-09-19,17:37,75000,golfpang,,,18홀,tr_220261437
블랙스톤벨포레,2026-09-19,17:16,70000,golfpang,,,18홀,tr_220261813
일라이트,2026-09-19,17:38,97000,golfpang,,,18홀,tr_220262181
플라밍고,2026-09-19,13:39,140000,golfpang,,,18홀,tr_220261760
일레븐,2026-09-19,12:42,115000,golfpang,,,18홀,tr_220261394
로얄링스,2026-09-19,12:41,120000,golfpang,,,18홀,tr_220261549
스톤비치,2026-09-19,17:00,100000,golfpang,,,18홀,tr_216223544
스톤비치,2026-09-19,16:40,90000,golfpang,,,18홀,tr_219791234
이븐데일,2026-09-19,08:24,115000,golfpang,,,18홀,tr_220283452
로얄포레,2026-09-19,06:18,109000,golfpang,,,18홀,tr_220070546
감곡,2026-09-19,17:45,120000,golfpang,,,18홀,tr_220130984
센테리움,2026-09-19,08:24,199000,golfpang,,,18홀,tr_219372115
골프존 화랑,2026-09-19,08:33,195000,golfpang,,,18홀,tr_219471357
대영힐스,2026-09-19,18:06,89000,golfpang,,,18홀,tr_220291209
일레븐,2026-09-19,17:58,80000,golfpang,,,18홀,tr_219779106
감곡,2026-09-19,13:42,160000,golfpang,,,18홀,tr_220130982
대영힐스,2026-09-19,16:56,105000,golfpang,,,18홀,tr_220291207
임페리얼레이크,2026-09-19,16:44,119000,golfpang,,,18홀,tr_220304706
대호단양,2026-09-19,16:27,109000,golfpang,,,18홀,tr_220180854
대호단양,2026-09-19,16:20,125000,golfpang,,,18홀,tr_219779641
이븐데일,2026-09-19,17:05,84000,golfpang,,,18홀,tr_220283454
대영베이스,2026-09-19,17:57,99000,golfpang,,,18홀,tr_220085819
대영힐스,2026-09-19,17:52,89000,golfpang,,,18홀,tr_220291208
스타,2026-09-19,17:49,120000,golfpang,,,18홀,tr_219747207
임페리얼레이크,2026-09-19,12:55,139000,golfpang,,,18홀,tr_220304705
로얄포레,2026-09-19,12:48,139000,golfpang,,,18홀,tr_220070547
모나크,2026-09-19,13:00,150000,golfpang,,,18홀,tr_220222737
골프존 진천,2026-09-19,13:14,199000,golfpang,,,18홀,tr_219480033
센테리움,2026-09-19,13:25,159000,golfpang,,,18홀,tr_219372116
골프존 진천,2026-09-19,08:20,206000,golfpang,,,18홀,tr_219480031
일레븐,2026-09-19,11:53,125000,golfpang,,,18홀,tr_219779105
골프존 화랑,2026-09-19,11:49,195000,golfpang,,,18홀,tr_219471358
골프존 진천,2026-09-19,12:11,209000,golfpang,,,18홀,tr_219480032
힐데스하임,2026-09-19,12:19,155000,golfpang,,,18홀,tr_220259125
대영베이스,2026-09-19,12:19,150000,golfpang,,,18홀,tr_220085818
모나크,2026-09-19,12:14,160000,golfpang,,,18홀,tr_220222736
대호단양,2026-09-19,12:41,159000,golfpang,,,18홀,tr_219779642
이븐데일,2026-09-19,12:34,90000,golfpang,,,18홀,tr_220283453
일레븐,2026-09-19,07:05,135000,golfpang,,,18홀,tr_219779104
골프존 화랑,2026-09-19,07:02,185000,golfpang,,,18홀,tr_219471356
힐데스하임,2026-09-19,07:22,160000,golfpang,,,18홀,tr_220259124
임페리얼레이크,2026-09-19,07:49,159000,golfpang,,,18홀,tr_220304704
대영베이스,2026-09-19,08:00,160000,golfpang,,,18홀,tr_220085817
스톤비치,2026-09-19,08:13,150000,golfpang,,,18홀,tr_219822793
골프존 진천,2026-09-19,13:49,149000,golfpang,,,18홀,tr_219564744
블랙스톤벨포레,2026-09-19,13:20,110000,golfpang,,,18홀,tr_219822778
골프존 진천,2026-09-19,12:25,151000,golfpang,,,18홀,tr_220217420
골프존 진천,2026-09-19,14:10,141000,golfpang,,,18홀,tr_220217421
킹스데일,2026-09-19,07:26,210000,golfpang,,,18홀,tr_220197666
블랙스톤벨포레,2026-09-19,17:30,80000,golfpang,,,18홀,tr_220000619
동촌,2026-09-19,06:48,170000,golfpang,,,18홀,tr_220326139
플라밍고,2026-09-19,13:20,140000,golfpang,,,18홀,tr_220001349
로얄링스,2026-09-19,07:50,120000,golfpang,,,18홀,tr_219494629
플라밍고,2026-09-19,18:50,90000,golfpang,,,18홀,tr_220001353
로얄링스,2026-09-19,12:20,120000,golfpang,,,18홀,tr_219494813
블랙스톤벨포레,2026-09-19,18:00,60000,golfpang,,,18홀,tr_219784277
블랙스톤벨포레,2026-09-19,12:59,110000,golfpang,,,18홀,tr_220214165
블랙스톤벨포레,2026-09-19,12:59,110000,golfpang,,,18홀,tr_220000603
백제,2026-09-19,13:47,140000,golfpang,,,18홀,tr_220000607
감곡,2026-09-19,18:47,110000,golfpang,,,18홀,tr_220326043
스톤비치,2026-09-19,06:49,130000,golfpang,,,18홀,tr_219980660
감곡,2026-09-19,13:50,150000,golfpang,,,18홀,tr_220326022
로얄포레,2026-09-19,12:35,129000,golfpang,,,18홀,tr_220326006
대영힐스,2026-09-19,05:40,109000,golfpang,,,18홀,tr_220326005
로얄포레,2026-09-19,07:01,119000,golfpang,,,18홀,tr_220326000
백제,2026-09-19,13:47,140000,golfpang,,,18홀,tr_219837301
에스앤-퍼9,2026-09-19,17:46,54000,golfpang,,,18홀,tr_220325896
진천(비공개),2026-09-19,13:26,180000,golfpang,,,18홀,tr_220236047
로얄링스,2026-09-19,08:13,120000,golfpang,,,18홀,tr_219559268
블랙스톤벨포레,2026-09-19,18:34,70000,golfpang,,,18홀,tr_220325832
블랙스톤벨포레,2026-09-19,18:55,70000,golfpang,,,18홀,tr_220325830
로얄링스,2026-09-19,11:45,120000,golfpang,,,18홀,tr_220000591
임페리얼레이크,2026-09-19,17:27,109000,golfpang,,,18홀,tr_220325828
센테리움,2026-09-19,12:57,139000,golfpang,,,18홀,tr_220258775
올데이,2026-09-19,12:14,109000,golfpang,,,18홀,tr_220325816
임페리얼레이크,2026-09-19,11:53,139000,golfpang,,,18홀,tr_220325815
블랙스톤벨포레,2026-09-19,13:56,110000,golfpang,,,18홀,tr_220325812
이븐데일,2026-09-19,12:00,90000,golfpang,,,18홀,tr_220325811
올데이,2026-09-19,07:01,99000,golfpang,,,18홀,tr_220325809
일레븐,2026-09-19,06:24,130000,golfpang,,,18홀,tr_220325780
이븐데일,2026-09-19,06:39,95000,golfpang,,,18홀,tr_220325776
블랙스톤벨포레,2026-09-19,13:56,110000,golfpang,,,18홀,tr_220325774
임페리얼레이크,2026-09-19,05:51,109000,golfpang,,,18홀,tr_220325770
블랙스톤벨포레,2026-09-19,13:20,110000,golfpang,,,18홀,tr_220236033
로얄링스,2026-09-19,11:45,120000,golfpang,,,18홀,tr_219559310
프린세스,2026-09-19,08:26,150000,golfpang,,,18홀,tr_220288034
속리산cc,2026-09-19,12:50,110000,golfpang,,,18홀,tr_220325472
로얄포레,2026-09-19,07:00,119000,golfpang,,,18홀,tr_220325450
로얄포레,2026-09-19,12:34,129000,golfpang,,,18홀,tr_220325451
로얄포레,2026-09-19,18:36,99000,golfpang,,,18홀,tr_220325452
힐데스하임,2026-09-19,12:49,135000,golfpang,,,18홀,tr_220325425
힐데스하임,2026-09-19,12:49,135000,golfpang,,,18홀,tr_220325427
힐데스하임,2026-09-19,12:49,135000,golfpang,,,18홀,tr_220325426
블랙스톤벨포레,2026-09-19,17:30,80000,golfpang,,,18홀,tr_220325324
블랙스톤벨포레,2026-09-19,18:26,70000,golfpang,,,18홀,tr_220325325
골든베이,2026-09-19,13:24,150000,golfpang,,,18홀,tr_219588238
킹스데일,2026-09-19,07:26,210000,golfpang,,,18홀,tr_220325205
일레븐,2026-09-19,12:40,115000,golfpang,,,18홀,tr_219770510
일레븐,2026-09-19,18:10,75000,golfpang,,,18홀,tr_219776959
떼제베(동북),2026-09-19,18:08,110000,golfpang,,,18홀,tr_220324984
동촌,2026-09-19,06:48,170000,golfpang,,,18홀,tr_220324978
떼제베(동북),2026-09-19,07:50,130000,golfpang,,,18홀,tr_220324967
떼제베(동북),2026-09-19,18:09,110000,golfpang,,,18홀,tr_220324892
떼제베(동북),2026-09-19,18:09,110000,golfpang,,,18홀,tr_220324891
떼제베(동북),2026-09-19,07:42,130000,golfpang,,,18홀,tr_220324890
올데이,2026-09-19,12:27,109000,golfpang,,,18홀,tr_220324520
올데이,2026-09-19,17:05,79000,golfpang,,,18홀,tr_220324521
올데이,2026-09-19,07:00,99000,golfpang,,,18홀,tr_220324519
떼제베(동북),2026-09-19,17:48,110000,golfpang,,,18홀,tr_219067483
올데이,2026-09-19,17:47,89000,golfpang,,,18홀,tr_219064806
블랙스톤벨포레,2026-09-19,18:05,140000,golfpang,,,18홀,tr_219775583
보령베이스-퍼9,2026-09-19,18:12,59000,golfpang,,,18홀,tr_219775396
임페리얼레이크,2026-09-19,18:15,99000,golfpang,,,18홀,tr_219065228
로얄포레,2026-09-19,18:15,89000,golfpang,,,18홀,tr_219064963
감곡,2026-09-19,18:34,120000,golfpang,,,18홀,tr_219991837
감곡,2026-09-19,18:41,120000,golfpang,,,18홀,tr_219991838
대영힐스,2026-09-19,18:41,79000,golfpang,,,18홀,tr_219998656
대영베이스,2026-09-19,19:04,89000,golfpang,,,18홀,tr_219991963
힐데스하임,2026-09-19,19:19,95000,golfpang,,,18홀,tr_219997938
모카cc,2026-09-19,13:49,130000,golfpang,,,18홀,tr_220324469
속리산cc,2026-09-19,14:07,120000,golfpang,,,18홀,tr_219992689
솔라고,2026-09-19,14:24,140000,golfpang,,,18홀,tr_219992738
대호단양,2026-09-19,17:09,119000,golfpang,,,18홀,tr_219992154
스톤비치,2026-09-19,17:44,130000,golfpang,,,18홀,tr_219776751
대영베이스,2026-09-19,17:44,99000,golfpang,,,18홀,tr_219991962
에스앤-퍼9,2026-09-19,17:31,60000,golfpang,,,18홀,tr_219777373
떼제베,2026-09-19,17:27,130000,golfpang,,,18홀,tr_219067354
스톤비치,2026-09-19,12:55,160000,golfpang,,,18홀,tr_219776750
스타,2026-09-19,13:02,180000,golfpang,,,18홀,tr_220038152
블랙스톤벨포레,2026-09-19,13:13,215000,golfpang,,,18홀,tr_219775582
올데이,2026-09-19,13:16,109000,golfpang,,,18홀,tr_219064805
대영힐스,2026-09-19,13:36,139000,golfpang,,,18홀,tr_220055477
떼제베,2026-09-19,13:35,190000,golfpang,,,18홀,tr_219067353
떼제베(동북),2026-09-19,13:35,170000,golfpang,,,18홀,tr_219067482
속리산cc,2026-09-19,13:32,140000,golfpang,,,18홀,tr_219992687
대영베이스,2026-09-19,13:32,149000,golfpang,,,18홀,tr_219991961
힐데스하임,2026-09-19,12:34,150000,golfpang,,,18홀,tr_219994451
로얄링스,2026-09-19,12:27,160000,golfpang,,,18홀,tr_219775033
임페리얼레이크,2026-09-19,12:27,159000,golfpang,,,18홀,tr_219065227
대호단양,2026-09-19,12:41,159000,golfpang,,,18홀,tr_219992153
감곡,2026-09-19,06:58,200000,golfpang,,,18홀,tr_219991836
에스앤-퍼9,2026-09-19,07:24,80000,golfpang,,,18홀,tr_219777371
로얄링스,2026-09-19,07:59,160000,golfpang,,,18홀,tr_219775032
서산수,2026-09-19,08:14,230000,golfpang,,,18홀,tr_219992566
떼제베,2026-09-19,06:11,180000,golfpang,,,18홀,tr_219067355
보령베이스-퍼9,2026-09-19,06:08,69000,golfpang,,,18홀,tr_219775397
대호단양,2026-09-19,06:00,139000,golfpang,,,18홀,tr_219992152
스타,2026-09-19,06:23,180000,golfpang,,,18홀,tr_220038150
블랙스톤벨포레,2026-09-19,06:15,200000,golfpang,,,18홀,tr_219775581
코스카,2026-09-19,06:14,150000,golfpang,,,18홀,tr_219993909
코스카,2026-09-19,06:14,150000,golfpang,,,18홀,tr_219993908
스톤비치,2026-09-19,06:35,130000,golfpang,,,18홀,tr_219776749
대영힐스,2026-09-19,06:35,125000,golfpang,,,18홀,tr_219998651
떼제베(동북),2026-09-19,06:32,160000,golfpang,,,18홀,tr_219067481
임페리얼레이크,2026-09-19,06:46,159000,golfpang,,,18홀,tr_219065226
로얄포레,2026-09-19,06:46,149000,golfpang,,,18홀,tr_219064961
중원,2026-09-19,14:15,130000,golfpang,,,18홀,tr_220029734
센테리움,2026-09-19,13:25,159000,golfpang,,,18홀,tr_220324380
센테리움,2026-09-19,07:14,189000,golfpang,,,18홀,tr_220324379
예미지,2026-09-19,13:15,170000,golfpang,,,18홀,tr_220240695
로얄링스,2026-09-19,07:10,120000,golfpang,,,18홀,tr_220324211
블랙스톤벨포레,2026-09-19,13:17,100000,golfpang,,,18홀,tr_220324202
블랙스톤벨포레,2026-09-19,17:06,70000,golfpang,,,18홀,tr_220324200
이븐데일,2026-09-19,12:48,90000,golfpang,,,18홀,tr_220324137
이븐데일,2026-09-19,08:24,115000,golfpang,,,18홀,tr_220324138
이븐데일,2026-09-19,07:06,100000,golfpang,,,18홀,tr_220324136
블랙스톤벨포레,2026-09-19,18:09,60000,golfpang,,,18홀,tr_220324135
스타,2026-09-19,18:31,110000,golfpang,,,18홀,tr_220242763
스타,2026-09-19,11:52,190000,golfpang,,,18홀,tr_220242762
스타,2026-09-19,06:37,180000,golfpang,,,18홀,tr_220242761
대영힐스,2026-09-19,19:02,79000,golfpang,,,18홀,tr_220324079
대영힐스,2026-09-19,18:48,79000,golfpang,,,18홀,tr_220324078
대영힐스,2026-09-19,05:39,109000,golfpang,,,18홀,tr_220324077
로얄포레,2026-09-19,13:24,129000,golfpang,,,18홀,tr_220321318
로얄포레,2026-09-19,07:56,129000,golfpang,,,18홀,tr_220321317
로얄포레,2026-09-19,18:36,99000,golfpang,,,18홀,tr_220321319
서산수,2026-09-19,13:50,180000,golfpang,,,18홀,tr_219807236
서산수,2026-09-19,14:04,180000,golfpang,,,18홀,tr_219807237
모나크,2026-09-19,17:27,120000,golfpang,,,18홀,tr_219540685
모나크,2026-09-19,13:03,170000,golfpang,,,18홀,tr_219540684
센테리움,2026-09-19,06:32,179000,golfpang,,,18홀,tr_219671794
대영베이스,2026-09-19,12:25,169000,golfpang,,,18홀,tr_219073218
대영베이스,2026-09-19,13:32,159000,golfpang,,,18홀,tr_219073219
센테리움,2026-09-19,13:46,149000,golfpang,,,18홀,tr_219671795
모나크,2026-09-19,12:07,180000,golfpang,,,18홀,tr_219540683
대영베이스,2026-09-19,06:07,139000,golfpang,,,18홀,tr_219073217
대영힐스,2026-09-19,18:55,75000,golfpang,,,18홀,tr_220321277
대영베이스,2026-09-19,13:39,139000,golfpang,,,18홀,tr_220321233
대영베이스,2026-09-19,19:04,85000,golfpang,,,18홀,tr_220321234
대영베이스,2026-09-19,06:13,139000,golfpang,,,18홀,tr_220321232
스톤비치,2026-09-19,17:10,100000,golfpang,,,18홀,tr_217708211
대영힐스,2026-09-19,18:27,85000,golfpang,,,18홀,tr_220321157
대영힐스,2026-09-19,18:06,89000,golfpang,,,18홀,tr_220321093
대영힐스,2026-09-19,17:03,105000,golfpang,,,18홀,tr_220321022
스톤비치,2026-09-19,12:30,140000,golfpang,,,18홀,tr_219341478
대영힐스,2026-09-19,17:52,89000,golfpang,,,18홀,tr_220321019
대영힐스,2026-09-19,17:03,105000,golfpang,,,18홀,tr_220321014
대영베이스,2026-09-19,19:04,85000,golfpang,,,18홀,tr_220321010
스톤비치,2026-09-19,08:00,140000,golfpang,,,18홀,tr_217708207
대영베이스,2026-09-19,18:44,89000,golfpang,,,18홀,tr_220320996
대영베이스,2026-09-19,18:17,95000,golfpang,,,18홀,tr_220318597
대영베이스,2026-09-19,17:57,95000,golfpang,,,18홀,tr_220318548
대영베이스,2026-09-19,17:44,99000,golfpang,,,18홀,tr_220318544
그랜드(청주),2026-09-19,18:28,120000,golfpang,,,18홀,tr_220318537
백제,2026-09-19,13:54,140000,golfpang,,,18홀,tr_220304146
임페리얼레이크,2026-09-19,18:01,99000,golfpang,,,18홀,tr_220318394
임페리얼레이크,2026-09-19,17:26,109000,golfpang,,,18홀,tr_220318393
임페리얼레이크,2026-09-19,11:45,139000,golfpang,,,18홀,tr_220318392
그랜드(청주),2026-09-19,18:28,120000,golfpang,,,18홀,tr_220318389
감곡,2026-09-19,18:48,110000,golfpang,,,18홀,tr_220318289
감곡,2026-09-19,18:41,120000,golfpang,,,18홀,tr_220318291
감곡,2026-09-19,13:49,150000,golfpang,,,18홀,tr_220318290
대영힐스,2026-09-19,18:41,79000,golfpang,,,18홀,tr_220318223
골든베이,2026-09-19,13:30,150000,golfpang,,,18홀,tr_219791434
진천(비공개),2026-09-19,13:26,180000,golfpang,,,18홀,tr_220212978
파인스톤,2026-09-19,18:18,150000,golfpang,,,18홀,tr_220258816
백제,2026-09-19,13:40,140000,golfpang,,,18홀,tr_220318133
블랙스톤벨포레,2026-09-19,13:20,110000,golfpang,,,18홀,tr_220212944
대영베이스,2026-09-19,18:44,89000,golfpang,,,18홀,tr_220315670
로얄링스,2026-09-19,13:02,120000,golfpang,,,18홀,tr_220212898
스톤비치,2026-09-19,12:13,110000,golfpang,,,18홀,tr_220306561
그랜드(청주),2026-09-19,18:28,120000,golfpang,,,18홀,tr_220315581
스톤비치,2026-09-19,07:59,140000,golfpang,,,18홀,tr_220306445
백제,2026-09-19,13:54,145000,golfpang,,,18홀,tr_219872374
골프존 화랑,2026-09-19,07:58,175000,golfpang,,,18홀,tr_220242291
골프존 화랑,2026-09-19,12:38,141000,golfpang,,,18홀,tr_220242292
골프존 화랑,2026-09-19,18:21,99000,golfpang,,,18홀,tr_220242293
백제,2026-09-19,07:50,150000,golfpang,,,18홀,tr_219872189
힐데스하임,2026-09-19,12:12,140000,golfpang,,,18홀,tr_220315397
힐데스하임,2026-09-19,18:49,90000,golfpang,,,18홀,tr_220315398
힐데스하임,2026-09-19,07:37,145000,golfpang,,,18홀,tr_220315396
힐데스하임,2026-09-19,07:22,165000,golfpang,,,18홀,tr_220315373
힐데스하임,2026-09-19,12:34,150000,golfpang,,,18홀,tr_220315374
힐데스하임,2026-09-19,06:07,150000,golfpang,,,18홀,tr_220315372
속리산cc,2026-09-19,14:14,110000,golfpang,,,18홀,tr_220261765
스톤비치,2026-09-19,08:13,150000,golfpang,,,18홀,tr_220212630
힐데스하임,2026-09-19,07:22,145000,golfpang,,,18홀,tr_220315210
힐데스하임,2026-09-19,07:22,145000,golfpang,,,18홀,tr_220315208
힐데스하임,2026-09-19,12:27,140000,golfpang,,,18홀,tr_220315209
스톤비치,2026-09-19,12:20,110000,golfpang,,,18홀,tr_220315206
진천(비공개),2026-09-19,07:17,180000,golfpang,,,18홀,tr_220212691
모나크,2026-09-19,18:02,110000,golfpang,,,18홀,tr_219467282
센테리움,2026-09-19,06:46,159000,golfpang,,,18홀,tr_220219937
일라이트,2026-09-19,06:42,145000,golfpang,,,18홀,tr_219553924
일레븐,2026-09-19,17:51,80000,golfpang,,,18홀,tr_219760513
일라이트,2026-09-19,07:52,160000,golfpang,,,18홀,tr_219553920
일레븐,2026-09-19,07:19,135000,golfpang,,,18홀,tr_219760202
일레븐,2026-09-19,12:28,125000,golfpang,,,18홀,tr_219760446
백제,2026-09-19,13:47,140000,golfpang,,,18홀,tr_219837130
센테리움,2026-09-19,13:53,149000,golfpang,,,18홀,tr_220220083
예미지,2026-09-19,13:29,170000,golfpang,,,18홀,tr_220240380
로얄포레,2026-09-19,18:36,99000,golfpang,,,18홀,tr_220259395
감곡,2026-09-19,18:48,110000,golfpang,,,18홀,tr_220304761
로얄포레,2026-09-19,07:00,119000,golfpang,,,18홀,tr_220259393
임페리얼레이크,2026-09-19,11:31,129000,golfpang,,,18홀,tr_220259462
로얄포레,2026-09-19,11:24,139000,golfpang,,,18홀,tr_220259394
임페리얼레이크,2026-09-19,06:46,129000,golfpang,,,18홀,tr_220259461
감곡,2026-09-19,13:42,150000,golfpang,,,18홀,tr_220304759
임페리얼레이크,2026-09-19,17:33,99000,golfpang,,,18홀,tr_220259463
감곡,2026-09-19,13:49,150000,golfpang,,,18홀,tr_220304760
임페리얼레이크,2026-09-19,11:52,139000,golfpang,,,18홀,tr_220314973
임페리얼레이크,2026-09-19,05:50,109000,golfpang,,,18홀,tr_220314972
임페리얼레이크,2026-09-19,18:01,99000,golfpang,,,18홀,tr_220314974
골프존 화랑,2026-09-19,06:34,175000,golfpang,,,18홀,tr_220212727
동촌,2026-09-19,07:37,185000,golfpang,,,18홀,tr_220314778
동촌,2026-09-19,08:54,210000,golfpang,,,18홀,tr_220314779
임페리얼레이크,2026-09-19,16:58,109000,golfpang,,,18홀,tr_220307546
임페리얼레이크,2026-09-19,17:47,99000,golfpang,,,18홀,tr_220307545
임페리얼레이크,2026-09-19,11:31,139000,golfpang,,,18홀,tr_220307544
블랙스톤벨포레,2026-09-19,13:27,100000,golfpang,,,18홀,tr_220297401
플라밍고,2026-09-19,19:13,90000,golfpang,,,18홀,tr_220297400
솔라고,2026-09-19,14:24,140000,golfpang,,,18홀,tr_220301767
블랙스톤벨포레,2026-09-19,17:16,70000,golfpang,,,18홀,tr_220297510
일레븐,2026-09-19,17:37,75000,golfpang,,,18홀,tr_220297331
일라이트,2026-09-19,12:57,142000,golfpang,,,18홀,tr_220301763
블랙스톤벨포레,2026-09-19,18:19,60000,golfpang,,,18홀,tr_220297512
플라밍고,2026-09-19,13:39,140000,golfpang,,,18홀,tr_220297338
일레븐,2026-09-19,12:42,115000,golfpang,,,18홀,tr_220297284
로얄링스,2026-09-19,12:41,120000,golfpang,,,18홀,tr_220297336
일라이트,2026-09-19,06:56,132000,golfpang,,,18홀,tr_220301761
로얄링스,2026-09-19,07:38,120000,golfpang,,,18홀,tr_220297333
일레븐,2026-09-19,06:23,130000,golfpang,,,18홀,tr_220297209
대영힐스,2026-09-19,05:39,110000,golfpang,,,18홀,tr_220230090
대호단양,2026-09-19,06:28,149000,golfpang,,,18홀,tr_220217141
로얄포레,2026-09-19,17:54,109000,golfpang,,,18홀,tr_220181695
보령베이스-퍼9,2026-09-19,06:08,69000,golfpang,,,18홀,tr_219842039
모나크,2026-09-19,18:02,110000,golfpang,,,18홀,tr_220218757
대호단양,2026-09-19,16:34,129000,golfpang,,,18홀,tr_220217143
일레븐,2026-09-19,17:23,80000,golfpang,,,18홀,tr_220015254
대영베이스,2026-09-19,17:44,99000,golfpang,,,18홀,tr_220222890
로얄포레,2026-09-19,12:48,139000,golfpang,,,18홀,tr_220181694
올데이,2026-09-19,12:48,99000,golfpang,,,18홀,tr_219798941
모나크,2026-09-19,13:03,150000,golfpang,,,18홀,tr_220218756
대영힐스,2026-09-19,13:23,129000,golfpang,,,18홀,tr_220230092
센테리움,2026-09-19,13:18,159000,golfpang,,,18홀,tr_220023694
센테리움,2026-09-19,13:39,149000,golfpang,,,18홀,tr_220023695
대영베이스,2026-09-19,13:45,139000,golfpang,,,18홀,tr_220222889
대영베이스,2026-09-19,13:45,139000,golfpang,,,18홀,tr_220222888
감곡,2026-09-19,13:42,160000,golfpang,,,18홀,tr_220220378
감곡,2026-09-19,13:42,160000,golfpang,,,18홀,tr_220220377
감곡,2026-09-19,13:42,160000,golfpang,,,18홀,tr_220220376
모카cc,2026-09-19,08:18,150000,golfpang,,,18홀,tr_220217928
골프존 화랑,2026-09-19,11:42,141000,golfpang,,,18홀,tr_220015119
골프존 화랑,2026-09-19,11:42,141000,golfpang,,,18홀,tr_220015118
골프존 화랑,2026-09-19,11:42,141000,golfpang,,,18홀,tr_220015117
떼제베(동북),2026-09-19,11:36,130000,golfpang,,,18홀,tr_219937548
대호단양,2026-09-19,11:24,179000,golfpang,,,18홀,tr_220217142
올데이,2026-09-19,11:24,119000,golfpang,,,18홀,tr_219798940
보령베이스-퍼9,2026-09-19,11:56,89000,golfpang,,,18홀,tr_219842040
솔라고,2026-09-19,11:50,180000,golfpang,,,18홀,tr_219938948
솔라고,2026-09-19,11:50,180000,golfpang,,,18홀,tr_219938947
일레븐,2026-09-19,11:46,125000,golfpang,,,18홀,tr_220015253
떼제베,2026-09-19,12:11,150000,golfpang,,,18홀,tr_219937859
보령베이스-퍼9,2026-09-19,11:56,89000,golfpang,,,18홀,tr_219842041
모나크,2026-09-19,12:14,160000,golfpang,,,18홀,tr_220218755
대영힐스,2026-09-19,12:25,130000,golfpang,,,18홀,tr_220230091
떼제베,2026-09-19,06:39,140000,golfpang,,,18홀,tr_219937857
동촌,2026-09-19,06:55,170000,golfpang,,,18홀,tr_220009286
동촌,2026-09-19,06:55,170000,golfpang,,,18홀,tr_220009285
떼제베,2026-09-19,07:07,150000,golfpang,,,18홀,tr_219937858
올데이,2026-09-19,07:21,109000,golfpang,,,18홀,tr_219798939
떼제베(동북),2026-09-19,07:35,120000,golfpang,,,18홀,tr_219937546
로얄포레,2026-09-19,07:56,139000,golfpang,,,18홀,tr_220181693
떼제베(동북),2026-09-19,08:10,130000,golfpang,,,18홀,tr_219937547
일레븐,2026-09-19,08:29,135000,golfpang,,,18홀,tr_220015252
모카cc,2026-09-19,08:25,150000,golfpang,,,18홀,tr_220217927
대영힐스,2026-09-19,18:06,89000,golfpang,,,18홀,tr_220307081
대영힐스,2026-09-19,17:03,105000,golfpang,,,18홀,tr_220307079
대영힐스,2026-09-19,17:52,89000,golfpang,,,18홀,tr_220307080
골든베이,2026-09-19,06:51,150000,golfpang,,,18홀,tr_219559073
골든베이,2026-09-19,13:45,150000,golfpang,,,18홀,tr_219559072
프린세스,2026-09-19,08:26,165000,golfpang,,,18홀,tr_220241745
프린세스,2026-09-19,11:50,165000,golfpang,,,18홀,tr_220241746
프린세스,2026-09-19,13:00,160000,golfpang,,,18홀,tr_220241747
감곡,2026-09-19,18:41,120000,golfpang,,,18홀,tr_220306752
올데이,2026-09-19,11:31,119000,golfpang,,,18홀,tr_220306340
올데이,2026-09-19,08:24,119000,golfpang,,,18홀,tr_220306338
올데이,2026-09-19,07:14,109000,golfpang,,,18홀,tr_220306339
대영베이스,2026-09-19,07:13,155000,golfpang,,,18홀,tr_220304831
대영베이스,2026-09-19,17:44,99000,golfpang,,,18홀,tr_220304833
대영베이스,2026-09-19,12:19,159000,golfpang,,,18홀,tr_220304832
플라밍고,2026-09-19,19:00,90000,golfpang,,,18홀,tr_219997156
임페리얼레이크,2026-09-19,11:52,139000,golfpang,,,18홀,tr_220306292
로얄포레,2026-09-19,12:34,129000,golfpang,,,18홀,tr_220306139
스톤비치,2026-09-19,17:44,100000,golfpang,,,18홀,tr_219156813
스톤비치,2026-09-19,12:55,140000,golfpang,,,18홀,tr_218255518
모나크,2026-09-19,18:30,110000,golfpang,,,18홀,tr_220305406
모나크,2026-09-19,18:30,110000,golfpang,,,18홀,tr_220305407
모나크,2026-09-19,18:30,110000,golfpang,,,18홀,tr_220305405
골프존 진천,2026-09-19,13:56,149000,golfpang,,,18홀,tr_218670067
대호단양,2026-09-19,17:09,119000,golfpang,,,18홀,tr_220305507
대호단양,2026-09-19,06:42,149000,golfpang,,,18홀,tr_220305506
올데이,2026-09-19,13:16,109000,golfpang,,,18홀,tr_219839842
중원,2026-09-19,12:58,140000,golfpang,,,18홀,tr_220305332
중원,2026-09-19,08:35,160000,golfpang,,,18홀,tr_220305331
힐데스하임,2026-09-19,19:26,80000,golfpang,,,18홀,tr_220305305
힐데스하임,2026-09-19,12:19,140000,golfpang,,,18홀,tr_220305304
힐데스하임,2026-09-19,06:07,130000,golfpang,,,18홀,tr_220305303
예미지,2026-09-19,13:15,170000,golfpang,,,18홀,tr_220240647
임페리얼레이크,2026-09-19,11:45,139000,golfpang,,,18홀,tr_220279015
동촌,2026-09-19,07:51,190000,golfpang,,,18홀,tr_219780762
골프존 화랑,2026-09-19,06:27,165000,golfpang,,,18홀,tr_220261075
떼제베(동북),2026-09-19,13:14,130000,golfpang,,,18홀,tr_220261166
대영베이스,2026-09-19,13:39,139000,golfpang,,,18홀,tr_220261081
속리산cc,2026-09-19,13:53,130000,golfpang,,,18홀,tr_219514042
골프존 진천,2026-09-19,13:14,149000,golfpang,,,18홀,tr_220261044
떼제베(동북),2026-09-19,07:49,130000,golfpang,,,18홀,tr_220261171
모카cc,2026-09-19,08:18,150000,golfpang,,,18홀,tr_220261180
임페리얼레이크,2026-09-19,05:50,109000,golfpang,,,18홀,tr_220279014
대영베이스,2026-09-19,13:39,139000,golfpang,,,18홀,tr_220305049
일레븐,2026-09-19,18:02,75000,golfpang,,,18홀,tr_219781419
프린세스,2026-09-19,08:05,150000,golfpang,,,18홀,tr_220304929
킹즈락,2026-09-19,06:45,140000,golfpang,,,18홀,tr_220304919
예미지,2026-09-19,13:29,170000,golfpang,,,18홀,tr_220304900
예미지,2026-09-19,13:36,170000,golfpang,,,18홀,tr_220304901
로얄포레,2026-09-19,11:24,139000,golfpang,,,18홀,tr_220304880
로얄포레,2026-09-19,07:14,119000,golfpang,,,18홀,tr_220304878
로얄포레,2026-09-19,08:10,129000,golfpang,,,18홀,tr_220304879
골프존 진천,2026-09-19,14:00,149000,golfpang,,,18홀,tr_220004560
임페리얼레이크,2026-09-19,06:11,119000,golfpang,,,18홀,tr_220056664
올데이,2026-09-19,17:01,79000,golfpang,,,18홀,tr_219670131
일레븐,2026-09-19,12:56,125000,golfpang,,,18홀,tr_220056155
일레븐,2026-09-19,18:02,80000,golfpang,,,18홀,tr_220056113
프린세스,2026-09-19,08:12,150000,golfpang,,,18홀,tr_220290660
골프존 천안,2026-09-19,11:55,173000,golfpang,,,18홀,tr_220128257
백제,2026-09-19,13:47,140000,golfpang,,,18홀,tr_219840197
그랜드(청주),2026-09-19,17:46,120000,golfpang,,,18홀,tr_220222713
속리산cc,2026-09-19,13:11,130000,golfpang,,,18홀,tr_219555063
모카cc,2026-09-19,08:04,150000,golfpang,,,18홀,tr_220239186
모카cc,2026-09-19,08:53,150000,golfpang,,,18홀,tr_220239185
플라밍고,2026-09-19,19:06,90000,golfpang,,,18홀,tr_220012943
킹즈락,2026-09-19,12:08,145000,golfpang,,,18홀,tr_220211828
떼제베(동북),2026-09-19,08:03,130000,golfpang,,,18홀,tr_220304546
떼제베(동북),2026-09-19,17:48,110000,golfpang,,,18홀,tr_220304547
골프존 진천,2026-09-19,13:14,149000,golfpang,,,18홀,tr_220211720
골프존 천안,2026-09-19,13:54,166000,golfpang,,,18홀,tr_219553995
올데이,2026-09-19,12:13,109000,golfpang,,,18홀,tr_220304436
올데이,2026-09-19,07:00,99000,golfpang,,,18홀,tr_220304435
올데이,2026-09-19,17:05,79000,golfpang,,,18홀,tr_220304437
진천(비공개),2026-09-19,07:10,180000,golfpang,,,18홀,tr_220012610
진천(비공개),2026-09-19,13:26,180000,golfpang,,,18홀,tr_220152656
중원,2026-09-19,07:11,160000,golfpang,,,18홀,tr_220152552
중원,2026-09-19,12:58,140000,golfpang,,,18홀,tr_220152559
골프존 화랑,2026-09-19,13:41,131000,golfpang,,,18홀,tr_220304302
골프존 화랑,2026-09-19,06:55,165000,golfpang,,,18홀,tr_220304300
골프존 화랑,2026-09-19,07:58,175000,golfpang,,,18홀,tr_220304301
감곡,2026-09-19,13:40,160000,golfpang,,,18홀,tr_220007547
스톤비치,2026-09-19,12:20,110000,golfpang,,,18홀,tr_220012516
스톤비치,2026-09-19,07:45,140000,golfpang,,,18홀,tr_219933903
모나크,2026-09-19,18:10,110000,golfpang,,,18홀,tr_219779971
떼제베,2026-09-19,18:02,130000,golfpang,,,18홀,tr_220304017
떼제베(동북),2026-09-19,08:03,130000,golfpang,,,18홀,tr_220202530
로얄포레,2026-09-19,06:25,109000,golfpang,,,18홀,tr_220202574
로얄링스,2026-09-19,07:45,120000,golfpang,,,18홀,tr_220202673
중원,2026-09-19,07:11,160000,golfpang,,,18홀,tr_220202768
떼제베(동북),2026-09-19,17:40,110000,golfpang,,,18홀,tr_220202535
떼제베,2026-09-19,17:55,130000,golfpang,,,18홀,tr_220202537
골프존 화랑,2026-09-19,17:46,119000,golfpang,,,18홀,tr_220212977
임페리얼레이크,2026-09-19,18:01,99000,golfpang,,,18홀,tr_220202613
블랙스톤벨포레,2026-09-19,18:12,70000,golfpang,,,18홀,tr_220202695
로얄포레,2026-09-19,18:25,99000,golfpang,,,18홀,tr_220202581
골프존 화랑,2026-09-19,18:56,99000,golfpang,,,18홀,tr_220202626
로얄링스,2026-09-19,13:02,120000,golfpang,,,18홀,tr_220202678
진천(비공개),2026-09-19,13:26,180000,golfpang,,,18홀,tr_220213051
중원,2026-09-19,13:54,140000,golfpang,,,18홀,tr_220202771
백제,2026-09-19,13:54,140000,golfpang,,,18홀,tr_220202688
골프존 진천,2026-09-19,13:49,149000,golfpang,,,18홀,tr_220202621
올데이,2026-09-19,17:26,79000,golfpang,,,18홀,tr_220202586
로얄포레,2026-09-19,11:45,139000,golfpang,,,18홀,tr_220202579
임페리얼레이크,2026-09-19,11:59,139000,golfpang,,,18홀,tr_220202611
올데이,2026-09-19,12:34,109000,golfpang,,,18홀,tr_220202590
골프존 진천,2026-09-19,06:21,169000,golfpang,,,18홀,tr_220212945
임페리얼레이크,2026-09-19,06:15,109000,golfpang,,,18홀,tr_220202610
떼제베,2026-09-19,06:45,130000,golfpang,,,18홀,tr_220202534
올데이,2026-09-19,06:40,99000,golfpang,,,18홀,tr_220202605
진천(비공개),2026-09-19,07:17,180000,golfpang,,,18홀,tr_220213085
백제,2026-09-19,07:15,150000,golfpang,,,18홀,tr_220202684
백제,2026-09-19,13:54,140000,golfpang,,,18홀,tr_220012250
백제,2026-09-19,07:50,150000,golfpang,,,18홀,tr_219933166
떼제베(동북),2026-09-19,07:42,130000,golfpang,,,18홀,tr_220303906
로얄링스,2026-09-19,07:10,120000,golfpang,,,18홀,tr_220152881
로얄링스,2026-09-19,13:02,120000,golfpang,,,18홀,tr_220012155
골든베이,2026-09-19,07:07,150000,golfpang,,,18홀,tr_220301921
골든베이,2026-09-19,13:31,150000,golfpang,,,18홀,tr_220301922
골프존 화랑,2026-09-19,06:34,175000,golfpang,,,18홀,tr_220011830
모나크,2026-09-19,13:03,150000,golfpang,,,18홀,tr_220301852
모나크,2026-09-19,18:30,110000,golfpang,,,18홀,tr_220301853
모나크,2026-09-19,12:14,160000,golfpang,,,18홀,tr_220301851
골프존 천안,2026-09-19,12:23,173000,golfpang,,,18홀,tr_220152943
서산수,2026-09-19,14:18,230000,golfpang,,,18홀,tr_218786838
속리산cc,2026-09-19,14:14,140000,golfpang,,,18홀,tr_219976925
대영베이스,2026-09-19,16:57,115000,golfpang,,,18홀,tr_220022637
대영힐스,2026-09-19,16:56,105000,golfpang,,,18홀,tr_220015667
임페리얼레이크,2026-09-19,16:44,119000,golfpang,,,18홀,tr_220279016
대호단양,2026-09-19,16:34,129000,golfpang,,,18홀,tr_219368832
백제,2026-09-19,14:36,140000,golfpang,,,18홀,tr_220006648
블랙스톤벨포레,2026-09-19,17:37,80000,golfpang,,,18홀,tr_219786782
파인스톤,2026-09-19,17:36,160000,golfpang,,,18홀,tr_217890562
일레븐,2026-09-19,18:05,75000,golfpang,,,18홀,tr_220236105
모나크,2026-09-19,18:23,110000,golfpang,,,18홀,tr_220219217
블랙스톤벨포레,2026-09-19,18:33,70000,golfpang,,,18홀,tr_219786783
파인스톤,2026-09-19,18:32,150000,golfpang,,,18홀,tr_217890563
감곡,2026-09-19,18:41,120000,golfpang,,,18홀,tr_220010433
골프존 진천,2026-09-19,12:25,156000,golfpang,,,18홀,tr_220215832
감곡,2026-09-19,12:53,170000,golfpang,,,18홀,tr_220010431
골프존 화랑,2026-09-19,12:52,141000,golfpang,,,18홀,tr_220262324
떼제베,2026-09-19,13:00,150000,golfpang,,,18홀,tr_220150570
중원,2026-09-19,12:58,140000,golfpang,,,18홀,tr_220261771
스타,2026-09-19,13:02,180000,golfpang,,,18홀,tr_220002636
대영베이스,2026-09-19,13:12,155000,golfpang,,,18홀,tr_220022636
모나크,2026-09-19,13:03,150000,golfpang,,,18홀,tr_220219216
떼제베(동북),2026-09-19,13:28,140000,golfpang,,,18홀,tr_220150946
플라밍고,2026-09-19,13:25,170000,golfpang,,,18홀,tr_220117969
속리산cc,2026-09-19,13:32,130000,golfpang,,,18홀,tr_219976924
감곡,2026-09-19,13:42,160000,golfpang,,,18홀,tr_220010432
일레븐,2026-09-19,13:52,115000,golfpang,,,18홀,tr_220236104
블랙스톤벨포레,2026-09-19,13:55,110000,golfpang,,,18홀,tr_219786781
백제,2026-09-19,13:54,140000,golfpang,,,18홀,tr_220006647
로얄링스,2026-09-19,07:59,160000,golfpang,,,18홀,tr_220008530
이븐데일,2026-09-19,08:24,115000,golfpang,,,18홀,tr_220289384
보령베이스-퍼9,2026-09-19,11:07,99000,golfpang,,,18홀,tr_220148909
모카cc,2026-09-19,08:46,169000,golfpang,,,18홀,tr_220057005
골프존 진천,2026-09-19,08:41,194000,golfpang,,,18홀,tr_220215831
프린세스,2026-09-19,08:40,215000,golfpang,,,18홀,tr_219341849
중원,2026-09-19,08:35,160000,golfpang,,,18홀,tr_220261770
플라밍고,2026-09-19,08:33,190000,golfpang,,,18홀,tr_220117967
골프존 화랑,2026-09-19,08:33,185000,golfpang,,,18홀,tr_220262323
대영힐스,2026-09-19,11:33,145000,golfpang,,,18홀,tr_220015666
이븐데일,2026-09-19,11:31,90000,golfpang,,,18홀,tr_220289385
파인스톤,2026-09-19,11:52,240000,golfpang,,,18홀,tr_217890561
모카cc,2026-09-19,12:11,155000,golfpang,,,18홀,tr_220057006
킹즈락,2026-09-19,12:08,145000,golfpang,,,18홀,tr_220180919
스타,2026-09-19,12:06,190000,golfpang,,,18홀,tr_220002635
힐데스하임,2026-09-19,12:04,160000,golfpang,,,18홀,tr_220170363
프린세스,2026-09-19,12:04,190000,golfpang,,,18홀,tr_219341850
플라밍고,2026-09-19,12:01,180000,golfpang,,,18홀,tr_220117968
속리산cc,2026-09-19,12:01,150000,golfpang,,,18홀,tr_219976923
서산수,2026-09-19,11:58,230000,golfpang,,,18홀,tr_218786837
대영베이스,2026-09-19,12:19,159000,golfpang,,,18홀,tr_220022635
모나크,2026-09-19,12:14,160000,golfpang,,,18홀,tr_220219215
올데이,2026-09-19,12:13,109000,golfpang,,,18홀,tr_220283332
로얄포레,2026-09-19,12:34,129000,golfpang,,,18홀,tr_220274738
로얄링스,2026-09-19,12:27,160000,golfpang,,,18홀,tr_220008531
일레븐,2026-09-19,06:23,130000,golfpang,,,18홀,tr_220236103
대영힐스,2026-09-19,06:35,125000,golfpang,,,18홀,tr_220015665
킹즈락,2026-09-19,06:45,140000,golfpang,,,18홀,tr_220180918
골프존 천안,2026-09-19,06:40,174000,golfpang,,,18홀,tr_219783711
떼제베,2026-09-19,06:39,140000,golfpang,,,18홀,tr_220150568
대호단양,2026-09-19,06:35,169000,golfpang,,,18홀,tr_219368831
프린세스,2026-09-19,06:55,195000,golfpang,,,18홀,tr_219341848
동촌,2026-09-19,07:09,200000,golfpang,,,18홀,tr_219357879
골프존 진천,2026-09-19,07:03,179000,golfpang,,,18홀,tr_220215830
로얄포레,2026-09-19,07:00,119000,golfpang,,,18홀,tr_220274736
떼제베(동북),2026-09-19,07:00,120000,golfpang,,,18홀,tr_220150944
올데이,2026-09-19,07:00,99000,golfpang,,,18홀,tr_220283330
힐데스하임,2026-09-19,07:22,165000,golfpang,,,18홀,tr_220170362
떼제베,2026-09-19,07:14,160000,golfpang,,,18홀,tr_220150569
이븐데일,2026-09-19,07:41,109000,golfpang,,,18홀,tr_220289383
골프존 화랑,2026-09-19,07:51,175000,golfpang,,,18홀,tr_220262322
동촌,2026-09-19,07:51,210000,golfpang,,,18홀,tr_219357880
코스카,2026-09-19,08:13,190000,golfpang,,,18홀,tr_219394135
로얄포레,2026-09-19,08:10,139000,golfpang,,,18홀,tr_220274737
떼제베(동북),2026-09-19,08:10,130000,golfpang,,,18홀,tr_220150945
올데이,2026-09-19,08:10,119000,golfpang,,,18홀,tr_220283331
대호단양,2026-09-19,06:07,149000,golfpang,,,18홀,tr_219368830
힐데스하임,2026-09-19,06:07,150000,golfpang,,,18홀,tr_220170364
킹즈락,2026-09-19,06:24,130000,golfpang,,,18홀,tr_220180917
스타,2026-09-19,06:23,180000,golfpang,,,18홀,tr_220002634
골프존 진천,2026-09-19,06:21,169000,golfpang,,,18홀,tr_220239818
골프존 진천,2026-09-19,13:49,149000,golfpang,,,18홀,tr_220011710
골프존 천안,2026-09-19,11:41,173000,golfpang,,,18홀,tr_220150602
골프존 진천,2026-09-19,13:00,149000,golfpang,,,18홀,tr_220150671
마론뉴데이(구),2026-09-19,11:08,175000,golfpang,,,18홀,tr_219935024
로얄링스,2026-09-19,08:20,120000,golfpang,,,18홀,tr_220221574
로얄링스,2026-09-19,11:45,120000,golfpang,,,18홀,tr_220221575
대영힐스,2026-09-19,17:38,89000,golfpang,,,18홀,tr_220301736
대영힐스,2026-09-19,17:59,89000,golfpang,,,18홀,tr_220301737
플라밍고,2026-09-19,08:19,190000,golfpang,,,18홀,tr_220299820
대영베이스,2026-09-19,13:45,139000,golfpang,,,18홀,tr_220219724
대영베이스,2026-09-19,18:44,95000,golfpang,,,18홀,tr_220219725
감곡,2026-09-19,13:28,160000,golfpang,,,18홀,tr_220299668
감곡,2026-09-19,18:34,120000,golfpang,,,18홀,tr_220299669
중원,2026-09-19,08:35,160000,golfpang,,,18홀,tr_220299667
대영힐스,2026-09-19,12:25,130000,golfpang,,,18홀,tr_220220041
대영힐스,2026-09-19,13:36,129000,golfpang,,,18홀,tr_220220042
대영힐스,2026-09-19,05:39,110000,golfpang,,,18홀,tr_220220040
센테리움,2026-09-19,07:14,169000,golfpang,,,18홀,tr_220297044
올데이,2026-09-19,17:25,59000,golfpang,,,18홀,tr_220299456
이븐데일,2026-09-19,06:38,95000,golfpang,,,18홀,tr_220299540
일레븐,2026-09-19,18:12,75000,golfpang,,,18홀,tr_220299568
임페리얼레이크,2026-09-19,11:24,129000,golfpang,,,18홀,tr_220219984
동촌,2026-09-19,07:30,170000,golfpang,,,18홀,tr_220240376
이븐데일,2026-09-19,12:20,90000,golfpang,,,18홀,tr_220299475
이븐데일,2026-09-19,07:06,100000,golfpang,,,18홀,tr_220297561
스톤비치,2026-09-19,17:30,130000,golfpang,,,18홀,tr_219980662
대영베이스,2026-09-19,08:01,150000,golfpang,,,18홀,tr_220297470
대영베이스,2026-09-19,18:50,85000,golfpang,,,18홀,tr_220297472
대영베이스,2026-09-19,17:50,99000,golfpang,,,18홀,tr_220297471
대영베이스,2026-09-19,18:04,99000,golfpang,,,18홀,tr_220297411
대영베이스,2026-09-19,19:04,85000,golfpang,,,18홀,tr_220297412
대영베이스,2026-09-19,07:47,150000,golfpang,,,18홀,tr_220297410
대영힐스,2026-09-19,18:30,79000,golfpang,,,18홀,tr_219732648
임페리얼레이크,2026-09-19,17:30,99000,golfpang,,,18홀,tr_220291188
임페리얼레이크,2026-09-19,11:30,129000,golfpang,,,18홀,tr_220291131
골프존 화랑,2026-09-19,17:53,119000,golfpang,,,18홀,tr_220297177
스톤비치,2026-09-19,12:06,110000,golfpang,,,18홀,tr_220297173
골프존 화랑,2026-09-19,14:02,131000,golfpang,,,18홀,tr_220297172
골프존 화랑,2026-09-19,12:52,141000,golfpang,,,18홀,tr_220297165
블랙스톤벨포레,2026-09-19,12:59,110000,golfpang,,,18홀,tr_220087783
속리산cc,2026-09-19,12:50,130000,golfpang,,,18홀,tr_220241037
블랙스톤벨포레,2026-09-19,17:30,70000,golfpang,,,18홀,tr_220087895
백제,2026-09-19,13:47,140000,golfpang,,,18홀,tr_219772317
로얄링스,2026-09-19,11:45,120000,golfpang,,,18홀,tr_219772312
대영베이스,2026-09-19,07:47,150000,golfpang,,,18홀,tr_220212341
골프존 천안,2026-09-19,13:54,166000,golfpang,,,18홀,tr_220291375
대영베이스,2026-09-19,19:04,85000,golfpang,,,18홀,tr_220212343
예미지,2026-09-19,13:15,170000,golfpang,,,18홀,tr_220241586
중원,2026-09-19,14:08,130000,golfpang,,,18홀,tr_220212219
중원,2026-09-19,08:14,160000,golfpang,,,18홀,tr_220212217
이븐데일,2026-09-19,08:38,115000,golfpang,,,18홀,tr_220291367
이븐데일,2026-09-19,11:37,90000,golfpang,,,18홀,tr_220291368
이븐데일,2026-09-19,07:19,100000,golfpang,,,18홀,tr_220291369
대영베이스,2026-09-19,18:04,99000,golfpang,,,18홀,tr_220212342
이븐데일,2026-09-19,13:09,90000,golfpang,,,18홀,tr_220291308
이븐데일,2026-09-19,17:05,84000,golfpang,,,18홀,tr_220291309
이븐데일,2026-09-19,12:20,90000,golfpang,,,18홀,tr_220291307
골프존 진천,2026-09-19,13:28,149000,golfpang,,,18홀,tr_220291280
플라밍고,2026-09-19,13:30,140000,golfpang,,,18홀,tr_220125170
일레븐,2026-09-19,17:37,75000,golfpang,,,18홀,tr_220125199
로얄링스,2026-09-19,07:38,120000,golfpang,,,18홀,tr_220125373
감곡,2026-09-19,18:48,120000,golfpang,,,18홀,tr_220291254
감곡,2026-09-19,13:42,170000,golfpang,,,18홀,tr_220291206
모나크,2026-09-19,18:30,110000,golfpang,,,18홀,tr_220291205
클럽D 보은,2026-09-19,13:37,140000,golfpang,,,18홀,tr_220291189
클럽D 보은,2026-09-19,11:52,160000,golfpang,,,18홀,tr_220291185
진양밸리,2026-09-19,06:36,210000,golfpang,,,18홀,tr_220145531
모카cc,2026-09-19,08:11,150000,golfpang,,,18홀,tr_220105899
대영베이스,2026-09-19,07:47,155000,golfpang,,,18홀,tr_220290942
일레븐,2026-09-19,06:23,130000,golfpang,,,18홀,tr_220105411
일레븐,2026-09-19,13:24,115000,golfpang,,,18홀,tr_220105412
일레븐,2026-09-19,18:05,75000,golfpang,,,18홀,tr_220105413
프린세스,2026-09-19,08:19,150000,golfpang,,,18홀,tr_220283419
블랙스톤벨포레,2026-09-19,13:35,110000,golfpang,,,18홀,tr_219872439
떼제베(동북),2026-09-19,13:14,130000,golfpang,,,18홀,tr_220290692
골든베이,2026-09-19,06:51,150000,golfpang,,,18홀,tr_220102945
골프존 화랑,2026-09-19,07:58,175000,golfpang,,,18홀,tr_220290319
골프존 화랑,2026-09-19,06:55,165000,golfpang,,,18홀,tr_220290318
골프존 화랑,2026-09-19,13:06,131000,golfpang,,,18홀,tr_220290320
이븐데일,2026-09-19,11:31,115000,golfpang,,,18홀,tr_220218326
올데이,2026-09-19,08:10,119000,golfpang,,,18홀,tr_220218111
감곡,2026-09-19,13:42,160000,golfpang,,,18홀,tr_220217029
로얄포레,2026-09-19,07:00,119000,golfpang,,,18홀,tr_220217529
프린세스,2026-09-19,13:14,160000,golfpang,,,18홀,tr_220220636
중원,2026-09-19,12:58,150000,golfpang,,,18홀,tr_220290269
중원,2026-09-19,07:25,160000,golfpang,,,18홀,tr_220290268
골프존 천안,2026-09-19,13:07,149000,golfpang,,,18홀,tr_220289998
올데이,2026-09-19,08:20,119000,golfpang,,,18홀,tr_220279013
올데이,2026-09-19,17:00,79000,golfpang,,,18홀,tr_220278925
로얄포레,2026-09-19,17:20,99000,golfpang,,,18홀,tr_220283186
올데이,2026-09-19,11:45,119000,golfpang,,,18홀,tr_220279122
골프존 진천,2026-09-19,07:18,179000,golfpang,,,18홀,tr_220289930
일라이트,2026-09-19,17:28,97000,golfpang,,,18홀,tr_219781532
솔라고,2026-09-19,13:53,140000,golfpang,,,18홀,tr_218604623
플라밍고,2026-09-19,13:29,140000,golfpang,,,18홀,tr_220208772
일레븐,2026-09-19,12:32,115000,golfpang,,,18홀,tr_219781425
로얄링스,2026-09-19,07:48,120000,golfpang,,,18홀,tr_219781664
일레븐,2026-09-19,06:33,130000,golfpang,,,18홀,tr_219781422
로얄링스,2026-09-19,18:13,90000,golfpang,,,18홀,tr_219781635
플라밍고,2026-09-19,19:03,90000,golfpang,,,18홀,tr_220208773
일라이트,2026-09-19,18:24,97000,golfpang,,,18홀,tr_219781539
골프존 화랑,2026-09-19,13:43,131000,golfpang,,,18홀,tr_220289868
대영베이스,2026-09-19,18:51,89000,golfpang,,,18홀,tr_220287904
킹즈락,2026-09-19,18:48,95000,golfpang,,,18홀,tr_220274038
블랙스톤벨포레,2026-09-19,18:47,70000,golfpang,,,18홀,tr_220124694
블랙스톤벨포레,2026-09-19,18:40,70000,golfpang,,,18홀,tr_220124693
로얄포레,2026-09-19,18:36,99000,golfpang,,,18홀,tr_220283268
모나크,2026-09-19,18:30,110000,golfpang,,,18홀,tr_220236070
대영베이스,2026-09-19,18:17,95000,golfpang,,,18홀,tr_220287903
일레븐,2026-09-19,18:12,65000,golfpang,,,18홀,tr_220239141
일레븐,2026-09-19,18:05,65000,golfpang,,,18홀,tr_220239140
임페리얼레이크,2026-09-19,18:01,99000,golfpang,,,18홀,tr_220283038
블랙스톤벨포레,2026-09-19,17:44,80000,golfpang,,,18홀,tr_220124692
스톤비치,2026-09-19,17:37,130000,golfpang,,,18홀,tr_219373060
올데이,2026-09-19,17:26,79000,golfpang,,,18홀,tr_220283358
대호단양,2026-09-19,16:20,129000,golfpang,,,18홀,tr_219330758
속리산cc,2026-09-19,14:14,130000,golfpang,,,18홀,tr_220239856
속리산cc,2026-09-19,14:14,130000,golfpang,,,18홀,tr_220239855
속리산cc,2026-09-19,14:14,130000,golfpang,,,18홀,tr_220239854
백제,2026-09-19,14:01,140000,golfpang,,,18홀,tr_220013778
백제,2026-09-19,13:54,140000,golfpang,,,18홀,tr_220013777
보령베이스-퍼9,2026-09-19,13:48,89000,golfpang,,,18홀,tr_219331047
대영베이스,2026-09-19,13:32,139000,golfpang,,,18홀,tr_220287902
예미지,2026-09-19,13:29,170000,golfpang,,,18홀,tr_220240506
플라밍고,2026-09-19,13:25,170000,golfpang,,,18홀,tr_220118282
스톤비치,2026-09-19,13:23,160000,golfpang,,,18홀,tr_219373059
대영힐스,2026-09-19,13:23,130000,golfpang,,,18홀,tr_220287596
스타,2026-09-19,13:09,180000,golfpang,,,18홀,tr_220238912
골든베이,2026-09-19,13:03,150000,golfpang,,,18홀,tr_219330544
모나크,2026-09-19,13:03,150000,golfpang,,,18홀,tr_220236069
스타,2026-09-19,12:48,190000,golfpang,,,18홀,tr_220238911
로얄포레,2026-09-19,12:41,139000,golfpang,,,18홀,tr_220283267
예미지,2026-09-19,12:40,190000,golfpang,,,18홀,tr_220240505
힐데스하임,2026-09-19,12:34,150000,golfpang,,,18홀,tr_219929494
모나크,2026-09-19,12:14,160000,golfpang,,,18홀,tr_220236068
임페리얼레이크,2026-09-19,12:13,139000,golfpang,,,18홀,tr_220283037
올데이,2026-09-19,12:13,109000,golfpang,,,18홀,tr_220283357
대영힐스,2026-09-19,12:12,130000,golfpang,,,18홀,tr_220287595
모카cc,2026-09-19,12:11,145000,golfpang,,,18홀,tr_220149746
보령베이스-퍼9,2026-09-19,12:10,109000,golfpang,,,18홀,tr_219331046
프린세스,2026-09-19,12:04,180000,golfpang,,,18홀,tr_219437685
킹즈락,2026-09-19,12:01,145000,golfpang,,,18홀,tr_220274037
플라밍고,2026-09-19,12:01,180000,golfpang,,,18홀,tr_220118283
모카cc,2026-09-19,08:53,155000,golfpang,,,18홀,tr_220149745
플라밍고,2026-09-19,08:33,190000,golfpang,,,18홀,tr_220118281
프린세스,2026-09-19,08:26,190000,golfpang,,,18홀,tr_219437684
보령베이스-퍼9,2026-09-19,08:14,89000,golfpang,,,18홀,tr_219331045
동촌,2026-09-19,07:23,190000,golfpang,,,18홀,tr_220013586
힐데스하임,2026-09-19,07:22,170000,golfpang,,,18홀,tr_219929493
로얄포레,2026-09-19,07:00,139000,golfpang,,,18홀,tr_220283266
프린세스,2026-09-19,06:55,185000,golfpang,,,18홀,tr_219437683
동촌,2026-09-19,06:55,170000,golfpang,,,18홀,tr_220013587
킹즈락,2026-09-19,06:38,130000,golfpang,,,18홀,tr_220274036
스톤비치,2026-09-19,06:35,130000,golfpang,,,18홀,tr_219373058
올데이,2026-09-19,06:32,99000,golfpang,,,18홀,tr_220283356
스타,2026-09-19,06:30,190000,golfpang,,,18홀,tr_220238910
골든베이,2026-09-19,06:30,150000,golfpang,,,18홀,tr_219330543
일레븐,2026-09-19,06:23,130000,golfpang,,,18홀,tr_220239139
힐데스하임,2026-09-19,06:22,155000,golfpang,,,18홀,tr_219929492
대호단양,2026-09-19,06:14,149000,golfpang,,,18홀,tr_219330757
임페리얼레이크,2026-09-19,06:04,109000,golfpang,,,18홀,tr_220283036
대영힐스,2026-09-19,05:39,110000,golfpang,,,18홀,tr_220287594
골프존 화랑,2026-09-19,08:43,185000,golfpang,,,18홀,tr_220289785
모나크,2026-09-19,13:03,170000,golfpang,,,18홀,tr_220289775
중원,2026-09-19,14:00,150000,golfpang,,,18홀,tr_220289772
모나크,2026-09-19,18:23,110000,golfpang,,,18홀,tr_220289729
일레븐,2026-09-19,06:23,130000,golfpang,,,18홀,tr_220052078
블랙스톤벨포레,2026-09-19,17:38,80000,golfpang,,,18홀,tr_220212052
블랙스톤벨포레,2026-09-19,13:56,110000,golfpang,,,18홀,tr_220212037
임페리얼레이크,2026-09-19,11:30,129000,golfpang,,,18홀,tr_220288649
힐데스하임,2026-09-19,07:22,155000,golfpang,,,18홀,tr_220288497
힐데스하임,2026-09-19,12:19,150000,golfpang,,,18홀,tr_220288498
힐데스하임,2026-09-19,06:07,140000,golfpang,,,18홀,tr_220288496
이븐데일,2026-09-19,06:53,95000,golfpang,,,18홀,tr_220288460
이븐데일,2026-09-19,08:24,115000,golfpang,,,18홀,tr_220288461
이븐데일,2026-09-19,12:34,90000,golfpang,,,18홀,tr_220288462
파인스톤,2026-09-19,11:59,200000,golfpang,,,18홀,tr_220288421
파인스톤,2026-09-19,06:21,190000,golfpang,,,18홀,tr_220288419
파인스톤,2026-09-19,11:17,200000,golfpang,,,18홀,tr_220288420
골프존 화랑,2026-09-19,06:34,175000,golfpang,,,18홀,tr_220215571
플라밍고,2026-09-19,19:06,90000,golfpang,,,18홀,tr_220261492
골프존 천안,2026-09-19,12:23,173000,golfpang,,,18홀,tr_220215441
블랙스톤벨포레,2026-09-19,13:20,110000,golfpang,,,18홀,tr_220220559
골프존 진천,2026-09-19,06:21,169000,golfpang,,,18홀,tr_220215252
시그너스,2026-09-19,13:56,160000,golfpang,,,18홀,tr_220242697
진천(비공개),2026-09-19,07:17,180000,golfpang,,,18홀,tr_220259247
골프존 화랑,2026-09-19,07:16,190000,golfpang,,,18홀,tr_220260768
로얄링스,2026-09-19,07:45,120000,golfpang,,,18홀,tr_220219230
스톤비치,2026-09-19,07:59,140000,golfpang,,,18홀,tr_220230255
중원,2026-09-19,08:21,160000,golfpang,,,18홀,tr_220260509
임페리얼레이크,2026-09-19,05:50,109000,golfpang,,,18홀,tr_220215415
모카cc,2026-09-19,08:18,150000,golfpang,,,18홀,tr_220287547
이븐데일,2026-09-19,06:53,95000,golfpang,,,18홀,tr_220283535
이븐데일,2026-09-19,08:24,115000,golfpang,,,18홀,tr_220283536
이븐데일,2026-09-19,12:34,90000,golfpang,,,18홀,tr_220283537
이븐데일,2026-09-19,17:05,84000,golfpang,,,18홀,tr_220283381
이븐데일,2026-09-19,06:53,95000,golfpang,,,18홀,tr_220283379
이븐데일,2026-09-19,11:44,90000,golfpang,,,18홀,tr_220283380
로얄포레,2026-09-19,18:36,99000,golfpang,,,18홀,tr_220126328
골프존 진천,2026-09-19,06:42,169000,golfpang,,,18홀,tr_220211713
킹즈락,2026-09-19,06:45,140000,golfpang,,,18홀,tr_220211833
동촌,2026-09-19,07:51,190000,golfpang,,,18홀,tr_220211778
임페리얼레이크,2026-09-19,11:31,139000,golfpang,,,18홀,tr_220212014
모카cc,2026-09-19,08:18,150000,golfpang,,,18홀,tr_220202024
올데이,2026-09-19,07:01,99000,golfpang,,,18홀,tr_220190220
임페리얼레이크,2026-09-19,06:49,129000,golfpang,,,18홀,tr_220278892
임페리얼레이크,2026-09-19,17:33,99000,golfpang,,,18홀,tr_220278894
임페리얼레이크,2026-09-19,11:31,129000,golfpang,,,18홀,tr_220278893
일레븐,2026-09-19,06:23,130000,golfpang,,,18홀,tr_220278817
일레븐,2026-09-19,18:40,75000,golfpang,,,18홀,tr_220278819
일레븐,2026-09-19,18:05,75000,golfpang,,,18홀,tr_220278818
로얄링스,2026-09-19,13:09,120000,golfpang,,,18홀,tr_219998671
로얄링스,2026-09-19,07:17,120000,golfpang,,,18홀,tr_219998670
스타,2026-09-19,12:48,190000,golfpang,,,18홀,tr_220278589
스타,2026-09-19,17:49,120000,golfpang,,,18홀,tr_220278590
스타,2026-09-19,06:30,180000,golfpang,,,18홀,tr_220278588
스타,2026-09-19,06:44,180000,golfpang,,,18홀,tr_220274517
스타,2026-09-19,13:02,180000,golfpang,,,18홀,tr_220274518
골프존 화랑,2026-09-19,06:27,165000,golfpang,,,18홀,tr_220274217
임페리얼레이크,2026-09-19,06:04,109000,golfpang,,,18홀,tr_220211392
속리산cc,2026-09-19,14:00,140000,golfpang,,,18홀,tr_219985785
모카cc,2026-09-19,13:56,130000,golfpang,,,18홀,tr_220220414
백제,2026-09-19,14:15,140000,golfpang,,,18홀,tr_220005664
대영베이스,2026-09-19,16:57,109000,golfpang,,,18홀,tr_220262269
파인스톤,2026-09-19,16:54,160000,golfpang,,,18홀,tr_219872778
올데이,2026-09-19,17:26,79000,golfpang,,,18홀,tr_220211471
블랙스톤벨포레,2026-09-19,17:44,80000,golfpang,,,18홀,tr_220118505
임페리얼레이크,2026-09-19,18:01,99000,golfpang,,,18홀,tr_220211394
블랙스톤벨포레,2026-09-19,17:58,80000,golfpang,,,18홀,tr_220118506
대영베이스,2026-09-19,17:57,95000,golfpang,,,18홀,tr_220262270
일레븐,2026-09-19,18:05,75000,golfpang,,,18홀,tr_220250324
모나크,2026-09-19,18:30,110000,golfpang,,,18홀,tr_220233238
일레븐,2026-09-19,18:26,75000,golfpang,,,18홀,tr_220250325
블랙스톤벨포레,2026-09-19,18:40,70000,golfpang,,,18홀,tr_220118507
일레븐,2026-09-19,18:40,75000,golfpang,,,18홀,tr_220250326
로얄포레,2026-09-19,18:36,99000,golfpang,,,18홀,tr_220211600
파인스톤,2026-09-19,18:46,150000,golfpang,,,18홀,tr_219872779
대영베이스,2026-09-19,18:44,89000,golfpang,,,18홀,tr_220262271
파인스톤,2026-09-19,19:00,150000,golfpang,,,18홀,tr_219872780
로얄포레,2026-09-19,11:45,139000,golfpang,,,18홀,tr_220211599
스타,2026-09-19,12:06,190000,golfpang,,,18홀,tr_220026876
올데이,2026-09-19,11:59,109000,golfpang,,,18홀,tr_220211470
임페리얼레이크,2026-09-19,11:59,139000,golfpang,,,18홀,tr_220211393
모나크,2026-09-19,12:14,160000,golfpang,,,18홀,tr_220233236
스타,2026-09-19,13:02,180000,golfpang,,,18홀,tr_220026877
모나크,2026-09-19,13:03,150000,golfpang,,,18홀,tr_220233237
센테리움,2026-09-19,13:11,139000,golfpang,,,18홀,tr_220260647
대영힐스,2026-09-19,13:23,129000,golfpang,,,18홀,tr_220261568
대영힐스,2026-09-19,13:23,129000,golfpang,,,18홀,tr_220261567
속리산cc,2026-09-19,13:32,140000,golfpang,,,18홀,tr_219985784
예미지,2026-09-19,13:29,170000,golfpang,,,18홀,tr_220241370
예미지,2026-09-19,13:36,170000,golfpang,,,18홀,tr_220241371
로얄포레,2026-09-19,06:18,109000,golfpang,,,18홀,tr_220211598
올데이,2026-09-19,06:32,99000,golfpang,,,18홀,tr_220211469
속리산cc,2026-09-19,11:54,160000,golfpang,,,18홀,tr_219985783
백제,2026-09-19,13:54,140000,golfpang,,,18홀,tr_220005663
스타,2026-09-19,06:23,180000,golfpang,,,18홀,tr_220026875
골프존 화랑,2026-09-19,12:52,141000,golfpang,,,18홀,tr_219840712
골프존 진천,2026-09-19,13:14,149000,golfpang,,,18홀,tr_220261242
골프존 천안,2026-09-19,13:54,166000,golfpang,,,18홀,tr_219343608
속리산cc,2026-09-19,13:53,130000,golfpang,,,18홀,tr_219343720
일레븐,2026-09-19,13:17,115000,golfpang,,,18홀,tr_219775647
프린세스,2026-09-19,13:14,160000,golfpang,,,18홀,tr_220261533
스톤비치,2026-09-19,12:13,140000,golfpang,,,18홀,tr_220262185
로얄링스,2026-09-19,13:02,120000,golfpang,,,18홀,tr_220165823
보령베이스-퍼9,2026-09-19,18:04,49000,golfpang,,,18홀,tr_219711428
감곡,2026-09-19,18:48,120000,golfpang,,,18홀,tr_220261785
모카cc,2026-09-19,08:11,150000,golfpang,,,18홀,tr_220261739
스톤비치,2026-09-19,16:41,90000,golfpang,,,18홀,tr_218983494
골든베이,2026-09-19,13:10,150000,golfpang,,,18홀,tr_219524429
임페리얼레이크,2026-09-19,16:44,119000,golfpang,,,18홀,tr_220261494
임페리얼레이크,2026-09-19,17:05,109000,golfpang,,,18홀,tr_220261495
임페리얼레이크,2026-09-19,11:31,129000,golfpang,,,18홀,tr_220261493
프린세스,2026-09-19,08:05,165000,golfpang,,,18홀,tr_219565084
올데이,2026-09-19,11:45,119000,golfpang,,,18홀,tr_220261354
올데이,2026-09-19,08:10,119000,golfpang,,,18홀,tr_220261353
올데이,2026-09-19,07:00,109000,golfpang,,,18홀,tr_220261352
일레븐,2026-09-19,06:23,130000,golfpang,,,18홀,tr_219775644
일라이트,2026-09-19,07:31,150000,golfpang,,,18홀,tr_219338715
골프존 화랑,2026-09-19,06:27,165000,golfpang,,,18홀,tr_220261322
센테리움,2026-09-19,13:04,139000,golfpang,,,18홀,tr_220261184
센테리움,2026-09-19,07:14,169000,golfpang,,,18홀,tr_220261183
동촌,2026-09-19,07:23,185000,golfpang,,,18홀,tr_219341975
힐데스하임,2026-09-19,12:49,155000,golfpang,,,18홀,tr_220217505
보령베이스-퍼9,2026-09-19,19:01,49000,golfpang,,,18홀,tr_220217165
대호단양,2026-09-19,06:07,149000,golfpang,,,18홀,tr_218340559
힐데스하임,2026-09-19,07:22,165000,golfpang,,,18홀,tr_220217504
보령베이스-퍼9,2026-09-19,19:01,49000,golfpang,,,18홀,tr_220217166
대호단양,2026-09-19,06:35,169000,golfpang,,,18홀,tr_218340560
중원,2026-09-19,14:08,130000,golfpang,,,18홀,tr_220261170
중원,2026-09-19,08:14,160000,golfpang,,,18홀,tr_220261167
예미지,2026-09-19,13:15,170000,golfpang,,,18홀,tr_220259865
백제,2026-09-19,13:54,140000,golfpang,,,18홀,tr_220261042
오창에딘버러(퍼9),2026-09-19,18:59,80000,golfpang,,,18홀,tr_219995752
블랙스톤벨포레,2026-09-19,13:55,110000,golfpang,,,18홀,tr_219996423
블랙스톤벨포레,2026-09-19,18:33,70000,golfpang,,,18홀,tr_219996426
백제,2026-09-19,13:54,140000,golfpang,,,18홀,tr_220260972
솔라고,2026-09-19,14:17,140000,golfpang,,,18홀,tr_218623282
백제,2026-09-19,14:15,140000,golfpang,,,18홀,tr_220004981
속리산cc,2026-09-19,14:14,140000,golfpang,,,18홀,tr_219969937
떼제베(동북),2026-09-19,18:51,110000,golfpang,,,18홀,tr_220212642
감곡,2026-09-19,18:48,120000,golfpang,,,18홀,tr_220212251
블랙스톤벨포레,2026-09-19,18:40,70000,golfpang,,,18홀,tr_220118314
떼제베,2026-09-19,18:37,130000,golfpang,,,18홀,tr_220212564
떼제베(동북),2026-09-19,18:30,110000,golfpang,,,18홀,tr_220212641
떼제베,2026-09-19,18:09,130000,golfpang,,,18홀,tr_220212563
대영힐스,2026-09-19,12:12,130000,golfpang,,,18홀,tr_220212439
보령베이스-퍼9,2026-09-19,12:10,89000,golfpang,,,18홀,tr_219794098
킹즈락,2026-09-19,12:08,145000,golfpang,,,18홀,tr_220169977
센테리움,2026-09-19,12:08,199000,golfpang,,,18홀,tr_220255858
스타,2026-09-19,12:06,190000,golfpang,,,18홀,tr_220222051
골프존 화랑,2026-09-19,13:06,131000,golfpang,,,18홀,tr_220236147
골든베이,2026-09-19,13:03,150000,golfpang,,,18홀,tr_218959209
스타,2026-09-19,13:02,180000,golfpang,,,18홀,tr_220222052
중원,2026-09-19,12:58,140000,golfpang,,,18홀,tr_220250515
스톤비치,2026-09-19,12:55,160000,golfpang,,,18홀,tr_219373146
모나크,2026-09-19,12:49,160000,golfpang,,,18홀,tr_220218787
속리산cc,2026-09-19,13:32,130000,golfpang,,,18홀,tr_219969936
예미지,2026-09-19,13:29,170000,golfpang,,,18홀,tr_220240477
일레븐,2026-09-19,13:24,115000,golfpang,,,18홀,tr_220222115
대영힐스,2026-09-19,13:23,130000,golfpang,,,18홀,tr_220212440
프린세스,2026-09-19,13:14,165000,golfpang,,,18홀,tr_220013840
감곡,2026-09-19,14:03,160000,golfpang,,,18홀,tr_220212250
떼제베(동북),2026-09-19,07:49,130000,golfpang,,,18홀,tr_220212640
보령베이스-퍼9,2026-09-19,11:56,89000,golfpang,,,18홀,tr_219794097
플라밍고,2026-09-19,11:54,190000,golfpang,,,18홀,tr_220106551
속리산cc,2026-09-19,11:54,160000,golfpang,,,18홀,tr_219969935
솔라고,2026-09-19,11:50,180000,golfpang,,,18홀,tr_218623281
로얄포레,2026-09-19,11:31,149000,golfpang,,,18홀,tr_220212700
대호단양,2026-09-19,11:24,179000,golfpang,,,18홀,tr_220056169
에스앤-퍼9,2026-09-19,11:14,100000,golfpang,,,18홀,tr_219865857
모카cc,2026-09-19,08:53,155000,golfpang,,,18홀,tr_220212780
골프존 진천,2026-09-19,08:41,194000,golfpang,,,18홀,tr_220214891
중원,2026-09-19,08:35,160000,golfpang,,,18홀,tr_220250514
플라밍고,2026-09-19,08:33,190000,golfpang,,,18홀,tr_220106550
동촌,2026-09-19,08:33,210000,golfpang,,,18홀,tr_220004704
골프존 화랑,2026-09-19,08:33,185000,golfpang,,,18홀,tr_220236146
골프존 진천,2026-09-19,12:25,156000,golfpang,,,18홀,tr_220214892
플라밍고,2026-09-19,12:15,180000,golfpang,,,18홀,tr_220106552
모나크,2026-09-19,12:14,160000,golfpang,,,18홀,tr_220218786
스톤비치,2026-09-19,06:35,130000,golfpang,,,18홀,tr_219373144
골든베이,2026-09-19,06:30,150000,golfpang,,,18홀,tr_218959208
일레븐,2026-09-19,06:23,130000,golfpang,,,18홀,tr_220222114
스타,2026-09-19,06:23,180000,golfpang,,,18홀,tr_220222050
보령베이스-퍼9,2026-09-19,06:08,69000,golfpang,,,18홀,tr_219794096
떼제베,2026-09-19,05:50,120000,golfpang,,,18홀,tr_220212562
대영힐스,2026-09-19,05:39,110000,golfpang,,,18홀,tr_220212438
스톤비치,2026-09-19,07:03,140000,golfpang,,,18홀,tr_219373145
에스앤-퍼9,2026-09-19,06:56,80000,golfpang,,,18홀,tr_219865855
동촌,2026-09-19,06:55,170000,golfpang,,,18홀,tr_220004703
골프존 화랑,2026-09-19,06:55,165000,golfpang,,,18홀,tr_220236145
로얄포레,2026-09-19,06:46,129000,golfpang,,,18홀,tr_220212698
킹즈락,2026-09-19,06:45,140000,golfpang,,,18홀,tr_220169976
센테리움,2026-09-19,08:31,199000,golfpang,,,18홀,tr_220255857
대호단양,2026-09-19,08:13,199000,golfpang,,,18홀,tr_220056168
에스앤-퍼9,2026-09-19,08:13,80000,golfpang,,,18홀,tr_219865856
프린세스,2026-09-19,08:12,175000,golfpang,,,18홀,tr_220013839
로얄포레,2026-09-19,08:10,159000,golfpang,,,18홀,tr_220212699
프린세스,2026-09-19,08:05,175000,golfpang,,,18홀,tr_220013838
골프존 진천,2026-09-19,06:42,169000,golfpang,,,18홀,tr_220214890
대호단양,2026-09-19,06:42,169000,golfpang,,,18홀,tr_220056167
모카cc,2026-09-19,13:20,130000,golfpang,,,18홀,tr_220202993
골프존 화랑,2026-09-19,12:45,141000,golfpang,,,18홀,tr_219995152
킹즈락,2026-09-19,06:31,130000,golfpang,,,18홀,tr_219158817
골프존 진천,2026-09-19,08:55,194000,golfpang,,,18홀,tr_219967183
예미지,2026-09-19,13:29,170000,golfpang,,,18홀,tr_220240381
골프존 진천,2026-09-19,12:25,156000,golfpang,,,18홀,tr_220259622
골프존 진천,2026-09-19,14:03,149000,golfpang,,,18홀,tr_220259623
골프존 진천,2026-09-19,06:42,169000,golfpang,,,18홀,tr_220259621
중원,2026-09-19,12:58,140000,golfpang,,,18홀,tr_220209257
중원,2026-09-19,08:14,160000,golfpang,,,18홀,tr_220209256
킹스데일,2026-09-19,07:37,220000,golfpang,,,18홀,tr_220259189
골프존 천안,2026-09-19,13:40,166000,golfpang,,,18홀,tr_220238905
감곡,2026-09-19,13:29,160000,golfpang,,,18홀,tr_220238839
센테리움,2026-09-19,12:57,139000,golfpang,,,18홀,tr_220258776
블랙스톤벨포레,2026-09-19,13:20,110000,golfpang,,,18홀,tr_220003216
모나크,2026-09-19,13:03,150000,golfpang,,,18홀,tr_220258752
모나크,2026-09-19,18:30,110000,golfpang,,,18홀,tr_220258753
모나크,2026-09-19,12:14,160000,golfpang,,,18홀,tr_220258751
스타,2026-09-19,12:48,190000,golfpang,,,18홀,tr_220029258
킹즈락,2026-09-19,12:43,140000,golfpang,,,18홀,tr_219321575
이븐데일,2026-09-19,12:40,115000,golfpang,,,18홀,tr_220203522
속리산cc,2026-09-19,13:32,130000,golfpang,,,18홀,tr_219970715
속리산cc,2026-09-19,13:32,130000,golfpang,,,18홀,tr_219970713
모카cc,2026-09-19,13:21,150000,golfpang,,,18홀,tr_219595832
솔라고,2026-09-19,14:17,140000,golfpang,,,18홀,tr_216646280
솔라고,2026-09-19,14:17,140000,golfpang,,,18홀,tr_216646279
골프존 진천,2026-09-19,14:03,149000,golfpang,,,18홀,tr_220218415
백제,2026-09-19,14:01,140000,golfpang,,,18홀,tr_220006708
백제,2026-09-19,13:54,140000,golfpang,,,18홀,tr_220006709
대영베이스,2026-09-19,13:45,139000,golfpang,,,18홀,tr_220202780
프린세스,2026-09-19,13:42,175000,golfpang,,,18홀,tr_219427038
감곡,2026-09-19,13:42,180000,golfpang,,,18홀,tr_219322503
골프존 화랑,2026-09-19,13:41,131000,golfpang,,,18홀,tr_220115520
대영베이스,2026-09-19,13:39,139000,golfpang,,,18홀,tr_220202779
세레니티cc,2026-09-19,18:06,150000,golfpang,,,18홀,tr_218839235
세레니티cc,2026-09-19,17:59,150000,golfpang,,,18홀,tr_218839234
스타,2026-09-19,17:56,120000,golfpang,,,18홀,tr_220029259
대영힐스,2026-09-19,17:52,95000,golfpang,,,18홀,tr_220202922
대영베이스,2026-09-19,17:44,105000,golfpang,,,18홀,tr_220202781
일레븐,2026-09-19,17:23,75000,golfpang,,,18홀,tr_220052080
대호단양,2026-09-19,16:20,129000,golfpang,,,18홀,tr_218339891
감곡,2026-09-19,18:41,120000,golfpang,,,18홀,tr_219322504
로얄포레,2026-09-19,18:36,99000,golfpang,,,18홀,tr_220203235
세레니티cc,2026-09-19,18:13,150000,golfpang,,,18홀,tr_218839236
이븐데일,2026-09-19,11:31,115000,golfpang,,,18홀,tr_220203521
임페리얼레이크,2026-09-19,11:24,139000,golfpang,,,18홀,tr_220203380
모나크,2026-09-19,08:42,190000,golfpang,,,18홀,tr_219489137
중원,2026-09-19,08:35,170000,golfpang,,,18홀,tr_220046245
프린세스,2026-09-19,08:26,190000,golfpang,,,18홀,tr_219427036
골프존 화랑,2026-09-19,07:58,175000,golfpang,,,18홀,tr_220115518
떼제베(동북),2026-09-19,12:39,130000,golfpang,,,18홀,tr_219998217
올데이,2026-09-19,12:34,109000,golfpang,,,18홀,tr_220203342
떼제베,2026-09-19,12:32,150000,golfpang,,,18홀,tr_219998181
골프존 진천,2026-09-19,12:25,156000,golfpang,,,18홀,tr_220218414
대영힐스,2026-09-19,12:12,130000,golfpang,,,18홀,tr_220202921
모나크,2026-09-19,12:07,180000,golfpang,,,18홀,tr_219489138
힐데스하임,2026-09-19,12:04,160000,golfpang,,,18홀,tr_219788569
프린세스,2026-09-19,12:04,180000,golfpang,,,18홀,tr_219427037
속리산cc,2026-09-19,12:01,150000,golfpang,,,18홀,tr_219970714
올데이,2026-09-19,11:59,109000,golfpang,,,18홀,tr_220203343
킹즈락,2026-09-19,11:47,150000,golfpang,,,18홀,tr_219321574
일레븐,2026-09-19,11:46,115000,golfpang,,,18홀,tr_220052079
골든베이,2026-09-19,13:03,150000,golfpang,,,18홀,tr_218952768
모나크,2026-09-19,13:03,170000,golfpang,,,18홀,tr_219489139
중원,2026-09-19,12:58,150000,golfpang,,,18홀,tr_220046246
대호단양,2026-09-19,12:55,179000,golfpang,,,18홀,tr_218339890
떼제베,2026-09-19,12:53,150000,golfpang,,,18홀,tr_219998182
골프존 화랑,2026-09-19,12:52,141000,golfpang,,,18홀,tr_220115519
힐데스하임,2026-09-19,12:49,150000,golfpang,,,18홀,tr_219788567
임페리얼레이크,2026-09-19,06:46,139000,golfpang,,,18홀,tr_220203379
감곡,2026-09-19,06:44,180000,golfpang,,,18홀,tr_219322502
골프존 진천,2026-09-19,06:42,169000,golfpang,,,18홀,tr_220218413
킹즈락,2026-09-19,06:38,130000,golfpang,,,18홀,tr_219321573
올데이,2026-09-19,06:32,99000,golfpang,,,18홀,tr_220203341
스타,2026-09-19,06:30,180000,golfpang,,,18홀,tr_220029257
골든베이,2026-09-19,06:30,150000,golfpang,,,18홀,tr_218952767
대호단양,2026-09-19,06:07,149000,golfpang,,,18홀,tr_218339889
임페리얼레이크,2026-09-19,07:49,149000,golfpang,,,18홀,tr_220203378
모카cc,2026-09-19,07:36,170000,golfpang,,,18홀,tr_219595831
떼제베(동북),2026-09-19,07:35,120000,golfpang,,,18홀,tr_219998215
동촌,2026-09-19,07:23,190000,golfpang,,,18홀,tr_220004629
힐데스하임,2026-09-19,07:22,165000,golfpang,,,18홀,tr_219788568
이븐데일,2026-09-19,07:20,115000,golfpang,,,18홀,tr_220203520
떼제베,2026-09-19,07:07,150000,golfpang,,,18홀,tr_219998180
로얄포레,2026-09-19,07:00,139000,golfpang,,,18홀,tr_220203233
동촌,2026-09-19,06:55,170000,golfpang,,,18홀,tr_220004628
떼제베(동북),2026-09-19,06:53,110000,golfpang,,,18홀,tr_219998216
로얄포레,2026-09-19,11:45,139000,golfpang,,,18홀,tr_220203234
대영힐스,2026-09-19,11:39,130000,golfpang,,,18홀,tr_220202920
예미지,2026-09-19,13:15,170000,golfpang,,,18홀,tr_220258523
골프존 진천,2026-09-19,06:42,169000,golfpang,,,18홀,tr_220214294
로얄포레,2026-09-19,06:46,129000,golfpang,,,18홀,tr_220215386
백제,2026-09-19,13:47,140000,golfpang,,,18홀,tr_220255876
로얄링스,2026-09-19,13:02,120000,golfpang,,,18홀,tr_220057590
골프존 화랑,2026-09-19,17:46,119000,golfpang,,,18홀,tr_220221873
골프존 화랑,2026-09-19,06:34,175000,golfpang,,,18홀,tr_219903900
떼제베,2026-09-19,18:02,130000,golfpang,,,18홀,tr_220200146
대영베이스,2026-09-19,17:44,105000,golfpang,,,18홀,tr_220199562
떼제베,2026-09-19,12:46,150000,golfpang,,,18홀,tr_220200145
대영베이스,2026-09-19,13:32,130000,golfpang,,,18홀,tr_220199561
속리산cc,2026-09-19,13:32,130000,golfpang,,,18홀,tr_220200951
골프존 화랑,2026-09-19,13:20,131000,golfpang,,,18홀,tr_220201052
일레븐,2026-09-19,13:17,125000,golfpang,,,18홀,tr_220199799
프린세스,2026-09-19,13:14,165000,golfpang,,,18홀,tr_220201108
대영베이스,2026-09-19,13:12,139000,golfpang,,,18홀,tr_220199560
속리산cc,2026-09-19,14:14,140000,golfpang,,,18홀,tr_220200953
감곡,2026-09-19,14:10,160000,golfpang,,,18홀,tr_220200500
프린세스,2026-09-19,14:10,165000,golfpang,,,18홀,tr_220201109
감곡,2026-09-19,14:03,160000,golfpang,,,18홀,tr_220200499
감곡,2026-09-19,13:42,160000,golfpang,,,18홀,tr_220200498
모나크,2026-09-19,12:49,180000,golfpang,,,18홀,tr_220201123
올데이,2026-09-19,11:45,119000,golfpang,,,18홀,tr_220199716
로얄포레,2026-09-19,11:31,149000,golfpang,,,18홀,tr_220199622
이븐데일,2026-09-19,12:34,115000,golfpang,,,18홀,tr_220200137
골프존 진천,2026-09-19,12:32,161000,golfpang,,,18홀,tr_220201020
힐데스하임,2026-09-19,12:27,160000,golfpang,,,18홀,tr_220201138
모나크,2026-09-19,12:14,180000,golfpang,,,18홀,tr_220201122
임페리얼레이크,2026-09-19,12:13,139000,golfpang,,,18홀,tr_220199601
대영힐스,2026-09-19,12:12,130000,golfpang,,,18홀,tr_220199523
모카cc,2026-09-19,12:11,145000,golfpang,,,18홀,tr_220201405
대영힐스,2026-09-19,11:46,130000,golfpang,,,18홀,tr_220199522
모나크,2026-09-19,13:03,170000,golfpang,,,18홀,tr_220201124
떼제베(동북),2026-09-19,12:46,130000,golfpang,,,18홀,tr_220200167
일레븐,2026-09-19,12:56,125000,golfpang,,,18홀,tr_220199798
속리산cc,2026-09-19,13:32,130000,golfpang,,,18홀,tr_220200952
골프존 진천,2026-09-19,13:35,149000,golfpang,,,18홀,tr_220242487
떼제베,2026-09-19,07:00,150000,golfpang,,,18홀,tr_220200144
모카cc,2026-09-19,08:25,150000,golfpang,,,18홀,tr_220201404
이븐데일,2026-09-19,08:24,130000,golfpang,,,18홀,tr_220200136
프린세스,2026-09-19,08:12,175000,golfpang,,,18홀,tr_220201107
로얄포레,2026-09-19,08:10,159000,golfpang,,,18홀,tr_220199621
올데이,2026-09-19,08:10,129000,golfpang,,,18홀,tr_220199715
떼제베(동북),2026-09-19,08:10,130000,golfpang,,,18홀,tr_220200166
골프존 화랑,2026-09-19,07:58,175000,golfpang,,,18홀,tr_220201050
임페리얼레이크,2026-09-19,07:49,159000,golfpang,,,18홀,tr_220199600
골프존 진천,2026-09-19,06:42,181000,golfpang,,,18홀,tr_220201018
대영힐스,2026-09-19,06:35,119000,golfpang,,,18홀,tr_220199521
일레븐,2026-09-19,06:23,135000,golfpang,,,18홀,tr_220199797
올데이,2026-09-19,07:42,119000,golfpang,,,18홀,tr_220199714
이븐데일,2026-09-19,07:41,120000,golfpang,,,18홀,tr_220200135
떼제베(동북),2026-09-19,07:35,120000,golfpang,,,18홀,tr_220200165
힐데스하임,2026-09-19,07:22,165000,golfpang,,,18홀,tr_220201137
골프존 진천,2026-09-19,07:03,194000,golfpang,,,18홀,tr_220201019
로얄포레,2026-09-19,07:00,139000,golfpang,,,18홀,tr_220199620
힐데스하임,2026-09-19,07:00,165000,golfpang,,,18홀,tr_220201136
골프존 화랑,2026-09-19,08:33,185000,golfpang,,,18홀,tr_220201051
임페리얼레이크,2026-09-19,06:46,149000,golfpang,,,18홀,tr_220199599
진천(비공개),2026-09-19,13:26,180000,golfpang,,,18홀,tr_220210148
로얄링스,2026-09-19,13:02,120000,golfpang,,,18홀,tr_220210146
동촌,2026-09-19,07:51,190000,golfpang,,,18홀,tr_220153238
중원,2026-09-19,12:58,140000,golfpang,,,18홀,tr_220249971
블랙스톤벨포레,2026-09-19,17:38,80000,golfpang,,,18홀,tr_220215693
로얄링스,2026-09-19,12:20,120000,golfpang,,,18홀,tr_219557959
로얄링스,2026-09-19,07:40,120000,golfpang,,,18홀,tr_219557957
일레븐,2026-09-19,17:20,75000,golfpang,,,18홀,tr_219765615
일레븐,2026-09-19,12:20,115000,golfpang,,,18홀,tr_219765565
골프존 천안,2026-09-19,12:23,173000,golfpang,,,18홀,tr_220210141
블랙스톤벨포레,2026-09-19,13:56,110000,golfpang,,,18홀,tr_220215330
일레븐,2026-09-19,12:49,125000,golfpang,,,18홀,tr_219781718
일레븐,2026-09-19,17:44,80000,golfpang,,,18홀,tr_219997168
스타,2026-09-19,12:13,190000,golfpang,,,18홀,tr_220250341
스타,2026-09-19,06:30,180000,golfpang,,,18홀,tr_220250340
스타,2026-09-19,13:02,180000,golfpang,,,18홀,tr_220250342
모카cc,2026-09-19,08:11,150000,golfpang,,,18홀,tr_220240656
일레븐,2026-09-19,06:23,130000,golfpang,,,18홀,tr_220250292
일레븐,2026-09-19,18:05,75000,golfpang,,,18홀,tr_220250293
일레븐,2026-09-19,06:23,130000,golfpang,,,18홀,tr_220250291
모카cc,2026-09-19,08:39,150000,golfpang,,,18홀,tr_220250065
중원,2026-09-19,08:35,160000,golfpang,,,18홀,tr_220242859
중원,2026-09-19,14:15,130000,golfpang,,,18홀,tr_220242860
일레븐,2026-09-19,17:30,75000,golfpang,,,18홀,tr_219765538
모나크,2026-09-19,13:45,150000,golfpang,,,18홀,tr_220242337
모나크,2026-09-19,18:30,110000,golfpang,,,18홀,tr_220242338
모나크,2026-09-19,12:49,160000,golfpang,,,18홀,tr_220242336
그랜드(청주),2026-09-19,18:28,120000,golfpang,,,18홀,tr_220242335
예미지,2026-09-19,13:29,170000,golfpang,,,18홀,tr_220242265
예미지,2026-09-19,13:29,170000,golfpang,,,18홀,tr_220242264
모카cc,2026-09-19,08:39,150000,golfpang,,,18홀,tr_220240657
골프존 화랑,2026-09-19,17:46,119000,golfpang,,,18홀,tr_220221694
골프존 진천,2026-09-19,13:49,149000,golfpang,,,18홀,tr_220221571
감곡,2026-09-19,18:48,120000,golfpang,,,18홀,tr_220240768
진천(비공개),2026-09-19,13:26,180000,golfpang,,,18홀,tr_220221431
감곡,2026-09-19,13:49,160000,golfpang,,,18홀,tr_220240767
감곡,2026-09-19,13:42,160000,golfpang,,,18홀,tr_220240766
블랙스톤벨포레,2026-09-19,13:20,110000,golfpang,,,18홀,tr_220221244
백제,2026-09-19,13:19,145000,golfpang,,,18홀,tr_220238725
로얄링스,2026-09-19,13:02,120000,golfpang,,,18홀,tr_220221053
중원,2026-09-19,12:58,150000,golfpang,,,18홀,tr_220220999
골프존 천안,2026-09-19,12:23,173000,golfpang,,,18홀,tr_220220622
스톤비치,2026-09-19,12:20,140000,golfpang,,,18홀,tr_220220560
중원,2026-09-19,08:21,170000,golfpang,,,18홀,tr_220219929
스톤비치,2026-09-19,08:13,150000,golfpang,,,18홀,tr_220219940
모카cc,2026-09-19,14:17,125000,golfpang,,,18홀,tr_220148306
백제,2026-09-19,07:50,150000,golfpang,,,18홀,tr_220236532
동촌,2026-09-19,06:27,170000,golfpang,,,18홀,tr_220035323
동촌,2026-09-19,08:33,210000,golfpang,,,18홀,tr_220035324
속리산cc,2026-09-19,06:19,110000,golfpang,,,18홀,tr_219985207
속리산cc,2026-09-19,06:19,110000,golfpang,,,18홀,tr_219985208
속리산cc,2026-09-19,12:08,130000,golfpang,,,18홀,tr_219985209
로얄링스,2026-09-19,07:45,120000,golfpang,,,18홀,tr_220220001
진천(비공개),2026-09-19,07:17,180000,golfpang,,,18홀,tr_220220183
예미지,2026-09-19,13:29,170000,golfpang,,,18홀,tr_220240167
골프존 화랑,2026-09-19,06:34,175000,golfpang,,,18홀,tr_220220411
골프존 진천,2026-09-19,06:21,169000,golfpang,,,18홀,tr_220220490
골프존 진천,2026-09-19,13:14,149000,golfpang,,,18홀,tr_220209653
일레븐,2026-09-19,17:58,80000,golfpang,,,18홀,tr_220209705
속리산cc,2026-09-19,13:32,130000,golfpang,,,18홀,tr_220209657
백제,2026-09-19,13:47,140000,golfpang,,,18홀,tr_220209650
일레븐,2026-09-19,18:05,75000,golfpang,,,18홀,tr_220223070
일레븐,2026-09-19,13:45,115000,golfpang,,,18홀,tr_220223069
일레븐,2026-09-19,06:23,130000,golfpang,,,18홀,tr_220223068
모나크,2026-09-19,13:03,150000,golfpang,,,18홀,tr_220239061
모나크,2026-09-19,12:14,160000,golfpang,,,18홀,tr_220239060
모나크,2026-09-19,18:30,110000,golfpang,,,18홀,tr_220239062
골프존 진천,2026-09-19,14:03,149000,golfpang,,,18홀,tr_220233559
골프존 진천,2026-09-19,12:25,156000,golfpang,,,18홀,tr_220233558
골프존 진천,2026-09-19,06:42,169000,golfpang,,,18홀,tr_220233557
플라밍고,2026-09-19,19:06,90000,golfpang,,,18홀,tr_220221952
파인스톤,2026-09-19,18:18,150000,golfpang,,,18홀,tr_220221947
블랙스톤벨포레,2026-09-19,18:12,70000,golfpang,,,18홀,tr_220221870
백제,2026-09-19,14:08,150000,golfpang,,,18홀,tr_220230379
감곡,2026-09-19,18:48,120000,golfpang,,,18홀,tr_220230159
감곡,2026-09-19,13:42,160000,golfpang,,,18홀,tr_220230157
감곡,2026-09-19,14:03,160000,golfpang,,,18홀,tr_220230158
감곡,2026-09-19,12:53,170000,golfpang,,,18홀,tr_219989515
골프존 진천,2026-09-19,12:46,156000,golfpang,,,18홀,tr_220218805
플라밍고,2026-09-19,12:43,180000,golfpang,,,18홀,tr_220120972
킹즈락,2026-09-19,12:43,150000,golfpang,,,18홀,tr_220170158
로얄링스,2026-09-19,12:41,160000,golfpang,,,18홀,tr_219246318
파인스톤,2026-09-19,12:41,240000,golfpang,,,18홀,tr_218361667
플라밍고,2026-09-19,13:25,170000,golfpang,,,18홀,tr_220120973
대영힐스,2026-09-19,13:23,129000,golfpang,,,18홀,tr_220214496
골든베이,2026-09-19,13:10,150000,golfpang,,,18홀,tr_218977739
속리산cc,2026-09-19,14:00,140000,golfpang,,,18홀,tr_219980695
블랙스톤벨포레,2026-09-19,13:55,110000,golfpang,,,18홀,tr_220126924
백제,2026-09-19,13:54,140000,golfpang,,,18홀,tr_220023706
대영베이스,2026-09-19,13:45,139000,golfpang,,,18홀,tr_220213816
감곡,2026-09-19,13:42,160000,golfpang,,,18홀,tr_219989516
떼제베,2026-09-19,18:02,130000,golfpang,,,18홀,tr_220198024
대영베이스,2026-09-19,17:57,99000,golfpang,,,18홀,tr_220213818
파인스톤,2026-09-19,17:50,160000,golfpang,,,18홀,tr_218361668
떼제베(동북),2026-09-19,17:48,110000,golfpang,,,18홀,tr_220198685
프린세스,2026-09-19,17:41,125000,golfpang,,,18홀,tr_219540348
블랙스톤벨포레,2026-09-19,17:37,80000,golfpang,,,18홀,tr_220126925
스톤비치,2026-09-19,17:34,130000,golfpang,,,18홀,tr_219485876
대호단양,2026-09-19,17:16,119000,golfpang,,,18홀,tr_220184392
대영베이스,2026-09-19,16:57,115000,golfpang,,,18홀,tr_220213817
백제,2026-09-19,14:36,140000,golfpang,,,18홀,tr_220023707
감곡,2026-09-19,18:41,120000,golfpang,,,18홀,tr_219989517
블랙스톤벨포레,2026-09-19,18:33,70000,golfpang,,,18홀,tr_220126926
파인스톤,2026-09-19,18:32,150000,golfpang,,,18홀,tr_218361669
킹즈락,2026-09-19,18:20,90000,golfpang,,,18홀,tr_220170159
골프존 진천,2026-09-19,06:42,169000,golfpang,,,18홀,tr_220218803
골든베이,2026-09-19,06:30,150000,golfpang,,,18홀,tr_218977738
대영힐스,2026-09-19,05:39,110000,golfpang,,,18홀,tr_220214494
킹즈락,2026-09-19,07:48,150000,golfpang,,,18홀,tr_220170157
대호단양,2026-09-19,07:45,179000,golfpang,,,18홀,tr_220184390
떼제베(동북),2026-09-19,07:35,120000,golfpang,,,18홀,tr_220198686
동촌,2026-09-19,07:23,190000,golfpang,,,18홀,tr_220023103
떼제베,2026-09-19,07:14,140000,golfpang,,,18홀,tr_220198022
힐데스하임,2026-09-19,07:07,160000,golfpang,,,18홀,tr_219155964
골프존 진천,2026-09-19,07:03,179000,golfpang,,,18홀,tr_220218804
스톤비치,2026-09-19,07:03,140000,golfpang,,,18홀,tr_219485874
동촌,2026-09-19,06:55,170000,golfpang,,,18홀,tr_220023102
떼제베,2026-09-19,11:29,170000,golfpang,,,18홀,tr_220198023
플라밍고,2026-09-19,08:33,190000,golfpang,,,18홀,tr_220120971
속리산cc,2026-09-19,08:25,140000,golfpang,,,18홀,tr_219980693
프린세스,2026-09-19,08:05,190000,golfpang,,,18홀,tr_219540346
모카cc,2026-09-19,08:04,150000,golfpang,,,18홀,tr_220149303
로얄링스,2026-09-19,07:59,160000,golfpang,,,18홀,tr_219246317
힐데스하임,2026-09-19,07:52,170000,golfpang,,,18홀,tr_219155965
떼제베(동북),2026-09-19,12:39,130000,golfpang,,,18홀,tr_220198687
대영힐스,2026-09-19,12:25,130000,golfpang,,,18홀,tr_220214495
모카cc,2026-09-19,12:11,145000,golfpang,,,18홀,tr_220149304
속리산cc,2026-09-19,11:54,160000,golfpang,,,18홀,tr_219980694
힐데스하임,2026-09-19,13:04,160000,golfpang,,,18홀,tr_219155966
대호단양,2026-09-19,12:55,179000,golfpang,,,18홀,tr_220184391
스톤비치,2026-09-19,12:55,160000,golfpang,,,18홀,tr_219485875
프린세스,2026-09-19,12:53,175000,golfpang,,,18홀,tr_219540347
일레븐,2026-09-19,13:45,115000,golfpang,,,18홀,tr_220222642
일레븐,2026-09-19,18:05,75000,golfpang,,,18홀,tr_220222643
일레븐,2026-09-19,13:38,115000,golfpang,,,18홀,tr_220222641
골프존 화랑,2026-09-19,18:14,99000,golfpang,,,18홀,tr_218387319
골프존 화랑,2026-09-19,13:34,131000,golfpang,,,18홀,tr_218387238
일레븐,2026-09-19,13:24,115000,golfpang,,,18홀,tr_220222032
일레븐,2026-09-19,06:23,130000,golfpang,,,18홀,tr_220222031
일레븐,2026-09-19,18:05,75000,golfpang,,,18홀,tr_220222033
모나크,2026-09-19,12:14,160000,golfpang,,,18홀,tr_220222022
모나크,2026-09-19,18:30,110000,golfpang,,,18홀,tr_220222024
모나크,2026-09-19,13:03,150000,golfpang,,,18홀,tr_220222023
플라밍고,2026-09-19,19:06,90000,golfpang,,,18홀,tr_220222010
파인스톤,2026-09-19,16:51,160000,golfpang,,,18홀,tr_220179321
골프존 진천,2026-09-19,08:41,194000,golfpang,,,18홀,tr_220212055
골프존 진천,2026-09-19,12:04,156000,golfpang,,,18홀,tr_220212051
골프존 진천,2026-09-19,13:21,149000,golfpang,,,18홀,tr_220212044
모카cc,2026-09-19,08:00,150000,golfpang,,,18홀,tr_220174703
골프존 천안,2026-09-19,13:40,166000,golfpang,,,18홀,tr_219395581
속리산cc,2026-09-19,13:11,130000,golfpang,,,18홀,tr_219395907
속리산cc,2026-09-19,12:08,130000,golfpang,,,18홀,tr_219552857
동촌,2026-09-19,06:55,195000,golfpang,,,18홀,tr_219552749
백제,2026-09-19,13:33,140000,golfpang,,,18홀,tr_219937016
떼제베,2026-09-19,06:32,130000,golfpang,,,18홀,tr_220218986
떼제베,2026-09-19,05:50,120000,golfpang,,,18홀,tr_220218987
떼제베(동북),2026-09-19,07:49,130000,golfpang,,,18홀,tr_220219455
백제,2026-09-19,13:54,140000,golfpang,,,18홀,tr_220216845
백제,2026-09-19,13:54,140000,golfpang,,,18홀,tr_220216844
떼제베(동북),2026-09-19,18:02,110000,golfpang,,,18홀,tr_220219456
떼제베,2026-09-19,18:09,130000,golfpang,,,18홀,tr_220218988
떼제베(동북),2026-09-19,18:09,110000,golfpang,,,18홀,tr_220219457
킹즈락,2026-09-19,06:24,130000,golfpang,,,18홀,tr_220199218
킹즈락,2026-09-19,06:45,140000,golfpang,,,18홀,tr_220199219
프린세스,2026-09-19,18:02,115000,golfpang,,,18홀,tr_220200087
이븐데일,2026-09-19,06:38,109000,golfpang,,,18홀,tr_220199398
킹즈락,2026-09-19,17:59,115000,golfpang,,,18홀,tr_220199220
프린세스,2026-09-19,08:12,175000,golfpang,,,18홀,tr_220200085
이븐데일,2026-09-19,11:31,115000,golfpang,,,18홀,tr_220199399
이븐데일,2026-09-19,17:12,89000,golfpang,,,18홀,tr_220199400
프린세스,2026-09-19,13:14,165000,golfpang,,,18홀,tr_220200086
힐데스하임,2026-09-19,13:34,150000,golfpang,,,18홀,tr_220193393
힐데스하임,2026-09-19,18:26,110000,golfpang,,,18홀,tr_220193394
힐데스하임,2026-09-19,07:22,165000,golfpang,,,18홀,tr_220193392
동촌,2026-09-19,07:23,190000,golfpang,,,18홀,tr_220181250
동촌,2026-09-19,06:27,170000,golfpang,,,18홀,tr_220181249
블랙스톤벨포레,2026-09-19,17:44,80000,golfpang,,,18홀,tr_220127871
블랙스톤벨포레,2026-09-19,17:44,80000,golfpang,,,18홀,tr_220127870
블랙스톤벨포레,2026-09-19,18:40,70000,golfpang,,,18홀,tr_220127872
올데이,2026-09-19,12:13,109000,golfpang,,,18홀,tr_220102803
올데이,2026-09-19,17:05,79000,golfpang,,,18홀,tr_220102804
올데이,2026-09-19,06:32,99000,golfpang,,,18홀,tr_220102802
보령베이스-퍼9,2026-09-19,11:07,99000,golfpang,,,18홀,tr_220086040
골든베이,2026-09-19,13:45,150000,golfpang,,,18홀,tr_220012210
골든베이,2026-09-19,13:45,150000,golfpang,,,18홀,tr_220012209
대호단양,2026-09-19,17:09,119000,golfpang,,,18홀,tr_219966760
대호단양,2026-09-19,06:28,149000,golfpang,,,18홀,tr_219966758
대호단양,2026-09-19,11:10,159000,golfpang,,,18홀,tr_219966759
솔라고,2026-09-19,11:50,180000,golfpang,,,18홀,tr_219951942
속리산cc,2026-09-19,12:57,130000,golfpang,,,18홀,tr_219747602
스타,2026-09-19,13:09,180000,golfpang,,,18홀,tr_219757595
센테리움,2026-09-19,06:46,179000,golfpang,,,18홀,tr_219673455
스타,2026-09-19,12:13,190000,golfpang,,,18홀,tr_219757596
속리산cc,2026-09-19,14:00,130000,golfpang,,,18홀,tr_219747604
속리산cc,2026-09-19,13:32,130000,golfpang,,,18홀,tr_219747603
세레니티cc,2026-09-19,18:06,130000,golfpang,,,18홀,tr_219463406
세레니티cc,2026-09-19,17:59,130000,golfpang,,,18홀,tr_219463405
세레니티cc,2026-09-19,14:16,275000,golfpang,,,18홀,tr_219463404
스타,2026-09-19,06:37,180000,golfpang,,,18홀,tr_219757594
센테리움,2026-09-19,13:39,149000,golfpang,,,18홀,tr_219673456
속리산cc,2026-09-19,13:16,320000,golfpang,,,36홀,tr_216004856
솔라고,2026-09-19,12:40,352000,golfpang,,,36홀,tr_210362477
킹즈락,2026-09-19,12:36,393000,golfpang,,,36홀,tr_207256795
골프존 천안,2026-09-19,12:40,370000,golfpang,,,36홀,tr_211065733
일레븐,2026-09-19,13:17,115000,golfpang,,,18홀,tr_220218464
플라밍고,2026-09-19,13:30,140000,golfpang,,,18홀,tr_219891143
로얄링스,2026-09-19,07:45,120000,golfpang,,,18홀,tr_219595158
로얄링스,2026-09-19,12:30,120000,golfpang,,,18홀,tr_219480049
골프존 화랑,2026-09-19,13:27,131000,golfpang,,,18홀,tr_220180782
속리산cc,2026-09-19,13:32,130000,golfpang,,,18홀,tr_220180858
블랙스톤벨포레,2026-09-19,13:13,110000,golfpang,,,18홀,tr_220180855
일라이트,2026-09-19,13:04,150000,golfpang,,,18홀,tr_220180902
일레븐,2026-09-19,12:21,125000,golfpang,,,18홀,tr_220180913
백제,2026-09-19,13:47,140000,golfpang,,,18홀,tr_220180810
골프존 천안,2026-09-19,13:54,166000,golfpang,,,18홀,tr_220180779
골프존 진천,2026-09-19,13:14,149000,golfpang,,,18홀,tr_220180777
로얄링스,2026-09-19,13:02,120000,golfpang,,,18홀,tr_220180809
킹즈락,2026-09-19,06:45,140000,golfpang,,,18홀,tr_220180625
떼제베(동북),2026-09-19,07:28,120000,golfpang,,,18홀,tr_220180618
블랙스톤벨포레,2026-09-19,07:04,110000,golfpang,,,18홀,tr_220180620
일레븐,2026-09-19,07:19,135000,golfpang,,,18홀,tr_220180622
골프존 진천,2026-09-19,06:55,169000,golfpang,,,18홀,tr_220217419
스톤비치,2026-09-19,13:09,320000,golfpang,,,36홀,tr_218593890
대영베이스,2026-09-19,18:21,85000,golfpang,,,18홀,tr_219621189
대영힐스,2026-09-19,18:29,79000,golfpang,,,18홀,tr_219621206
올데이,2026-09-19,17:00,79000,golfpang,,,18홀,tr_219873422
올데이,2026-09-19,17:40,79000,golfpang,,,18홀,tr_219621147
프린세스,2026-09-19,12:04,175000,golfpang,,,18홀,tr_220214785
프린세스,2026-09-19,08:26,175000,golfpang,,,18홀,tr_220214783
프린세스,2026-09-19,13:14,170000,golfpang,,,18홀,tr_220214784
떼제베(동북),2026-09-19,07:49,130000,golfpang,,,18홀,tr_220214646
떼제베(동북),2026-09-19,18:09,110000,golfpang,,,18홀,tr_220214647
떼제베(동북),2026-09-19,18:02,110000,golfpang,,,18홀,tr_220214645
올데이,2026-09-19,11:52,119000,golfpang,,,18홀,tr_220106327
올데이,2026-09-19,07:56,119000,golfpang,,,18홀,tr_220106664
떼제베,2026-09-19,06:32,130000,golfpang,,,18홀,tr_220214357
떼제베,2026-09-19,18:09,130000,golfpang,,,18홀,tr_220214355
떼제베,2026-09-19,05:50,120000,golfpang,,,18홀,tr_220214356
임페리얼레이크,2026-09-19,18:01,99000,golfpang,,,18홀,tr_220213984
임페리얼레이크,2026-09-19,06:46,139000,golfpang,,,18홀,tr_220213982
임페리얼레이크,2026-09-19,11:31,139000,golfpang,,,18홀,tr_220213983
로얄포레,2026-09-19,06:46,129000,golfpang,,,18홀,tr_220213860
로얄포레,2026-09-19,18:36,99000,golfpang,,,18홀,tr_220213862
로얄포레,2026-09-19,11:24,149000,golfpang,,,18홀,tr_220213861
올데이,2026-09-19,11:45,119000,golfpang,,,18홀,tr_220213699
올데이,2026-09-19,17:33,79000,golfpang,,,18홀,tr_220213700
올데이,2026-09-19,07:56,119000,golfpang,,,18홀,tr_220213698
임페리얼레이크,2026-09-19,11:24,149000,golfpang,,,18홀,tr_219997921
스타,2026-09-19,13:02,180000,golfpang,,,18홀,tr_219998117
이븐데일,2026-09-19,13:02,115000,golfpang,,,18홀,tr_220118327
모나크,2026-09-19,13:03,170000,golfpang,,,18홀,tr_219642415
골프존 화랑,2026-09-19,13:06,155000,golfpang,,,18홀,tr_219796983
감곡,2026-09-19,13:07,170000,golfpang,,,18홀,tr_219654666
골프존 화랑,2026-09-19,11:49,165000,golfpang,,,18홀,tr_219796982
속리산cc,2026-09-19,11:54,160000,golfpang,,,18홀,tr_219652138
감곡,2026-09-19,11:57,180000,golfpang,,,18홀,tr_219654665
플라밍고,2026-09-19,12:01,180000,golfpang,,,18홀,tr_219459255
힐데스하임,2026-09-19,12:04,160000,golfpang,,,18홀,tr_220013640
스타,2026-09-19,12:06,190000,golfpang,,,18홀,tr_219998118
모카cc,2026-09-19,12:11,145000,golfpang,,,18홀,tr_220150114
대영베이스,2026-09-19,12:19,155000,golfpang,,,18홀,tr_220026580
모나크,2026-09-19,12:21,180000,golfpang,,,18홀,tr_219642414
골프존 진천,2026-09-19,12:25,185000,golfpang,,,18홀,tr_219798637
올데이,2026-09-19,12:34,109000,golfpang,,,18홀,tr_219997870
보령베이스-퍼9,2026-09-19,11:14,89000,golfpang,,,18홀,tr_219646979
올데이,2026-09-19,11:17,119000,golfpang,,,18홀,tr_219997869
중원,2026-09-19,12:58,150000,golfpang,,,18홀,tr_220085347
이븐데일,2026-09-19,11:31,115000,golfpang,,,18홀,tr_220118326
로얄포레,2026-09-19,12:55,139000,golfpang,,,18홀,tr_219997771
힐데스하임,2026-09-19,12:49,150000,golfpang,,,18홀,tr_220013641
떼제베(동북),2026-09-19,12:46,130000,golfpang,,,18홀,tr_220033501
대영베이스,2026-09-19,13:32,145000,golfpang,,,18홀,tr_220026582
센테리움,2026-09-19,13:25,159000,golfpang,,,18홀,tr_220033744
플라밍고,2026-09-19,13:18,170000,golfpang,,,18홀,tr_219459256
골프존 진천,2026-09-19,13:14,175000,golfpang,,,18홀,tr_219798638
대영베이스,2026-09-19,13:12,149000,golfpang,,,18홀,tr_220026581
속리산cc,2026-09-19,14:00,140000,golfpang,,,18홀,tr_219652139
백제,2026-09-19,13:54,140000,golfpang,,,18홀,tr_220006685
떼제베(동북),2026-09-19,13:42,140000,golfpang,,,18홀,tr_220033502
로얄포레,2026-09-19,11:45,149000,golfpang,,,18홀,tr_219997770
대영힐스,2026-09-19,11:33,145000,golfpang,,,18홀,tr_220029589
임페리얼레이크,2026-09-19,06:46,149000,golfpang,,,18홀,tr_219997920
동촌,2026-09-19,06:55,170000,golfpang,,,18홀,tr_220006433
떼제베,2026-09-19,07:07,150000,golfpang,,,18홀,tr_220032958
감곡,2026-09-19,07:12,180000,golfpang,,,18홀,tr_219654664
로얄포레,2026-09-19,07:14,139000,golfpang,,,18홀,tr_219997769
힐데스하임,2026-09-19,07:22,165000,golfpang,,,18홀,tr_220013639
동촌,2026-09-19,07:23,190000,golfpang,,,18홀,tr_220006434
중원,2026-09-19,07:25,160000,golfpang,,,18홀,tr_220085346
떼제베(동북),2026-09-19,07:28,120000,golfpang,,,18홀,tr_220033500
대영힐스,2026-09-19,06:14,119000,golfpang,,,18홀,tr_220029587
모카cc,2026-09-19,08:04,150000,golfpang,,,18홀,tr_220150113
보령베이스-퍼9,2026-09-19,06:15,69000,golfpang,,,18홀,tr_219646978
플라밍고,2026-09-19,06:20,170000,golfpang,,,18홀,tr_219459254
스타,2026-09-19,06:23,180000,golfpang,,,18홀,tr_219998116
떼제베,2026-09-19,06:32,140000,golfpang,,,18홀,tr_220032957
대영힐스,2026-09-19,06:35,129000,golfpang,,,18홀,tr_220029588
이븐데일,2026-09-19,06:10,99000,golfpang,,,18홀,tr_220118325
올데이,2026-09-19,06:46,99000,golfpang,,,18홀,tr_219997868
골프존 진천,2026-09-19,06:49,189000,golfpang,,,18홀,tr_219798636
센테리움,2026-09-19,06:46,179000,golfpang,,,18홀,tr_220033743
힐데스하임,2026-09-19,06:07,150000,golfpang,,,18홀,tr_220179862
골프존 화랑,2026-09-19,12:52,149000,golfpang,,,18홀,tr_220186528
힐데스하임,2026-09-19,12:49,155000,golfpang,,,18홀,tr_220179863
모나크,2026-09-19,12:49,180000,golfpang,,,18홀,tr_219901063
골프존 진천,2026-09-19,13:35,149000,golfpang,,,18홀,tr_220183602
골프존 진천,2026-09-19,13:35,149000,golfpang,,,18홀,tr_220183601
속리산cc,2026-09-19,13:32,120000,golfpang,,,18홀,tr_220179613
스타,2026-09-19,13:30,180000,golfpang,,,18홀,tr_219989046
일레븐,2026-09-19,13:17,125000,golfpang,,,18홀,tr_220165855
프린세스,2026-09-19,13:14,165000,golfpang,,,18홀,tr_220170486
대영베이스,2026-09-19,13:12,139000,golfpang,,,18홀,tr_220180813
속리산cc,2026-09-19,14:14,120000,golfpang,,,18홀,tr_220179614
감곡,2026-09-19,14:03,160000,golfpang,,,18홀,tr_219969189
센테리움,2026-09-19,14:00,149000,golfpang,,,18홀,tr_220037439
스타,2026-09-19,13:51,180000,golfpang,,,18홀,tr_219989047
감곡,2026-09-19,13:42,160000,golfpang,,,18홀,tr_219969188
일레븐,2026-09-19,18:05,80000,golfpang,,,18홀,tr_220165856
떼제베(동북),2026-09-19,18:02,110000,golfpang,,,18홀,tr_220182510
떼제베,2026-09-19,18:02,130000,golfpang,,,18홀,tr_220182028
프린세스,2026-09-19,18:02,115000,golfpang,,,18홀,tr_220170487
이븐데일,2026-09-19,18:00,89000,golfpang,,,18홀,tr_220175159
로얄포레,2026-09-19,17:54,99000,golfpang,,,18홀,tr_219987690
스톤비치,2026-09-19,17:51,130000,golfpang,,,18홀,tr_219998998
대영베이스,2026-09-19,17:44,105000,golfpang,,,18홀,tr_220180814
대호단양,2026-09-19,17:16,119000,golfpang,,,18홀,tr_220180434
킹즈락,2026-09-19,18:48,95000,golfpang,,,18홀,tr_220170086
힐데스하임,2026-09-19,18:41,105000,golfpang,,,18홀,tr_220179864
감곡,2026-09-19,18:41,120000,golfpang,,,18홀,tr_219969190
골프존 화랑,2026-09-19,18:28,99000,golfpang,,,18홀,tr_220186529
임페리얼레이크,2026-09-19,18:23,99000,golfpang,,,18홀,tr_219987537
대영힐스,2026-09-19,18:20,89000,golfpang,,,18홀,tr_220181310
대영베이스,2026-09-19,18:17,95000,golfpang,,,18홀,tr_220180815
모나크,2026-09-19,18:16,110000,golfpang,,,18홀,tr_219901065
떼제베(동북),2026-09-19,07:42,130000,golfpang,,,18홀,tr_220182508
골프존 화랑,2026-09-19,06:55,175000,golfpang,,,18홀,tr_220186527
동촌,2026-09-19,06:48,180000,golfpang,,,18홀,tr_219980313
로얄포레,2026-09-19,11:31,159000,golfpang,,,18홀,tr_219987689
떼제베,2026-09-19,11:29,170000,golfpang,,,18홀,tr_220182027
프린세스,2026-09-19,08:12,175000,golfpang,,,18홀,tr_220170485
모카cc,2026-09-19,08:11,179000,golfpang,,,18홀,tr_219903729
떼제베(동북),2026-09-19,12:39,130000,golfpang,,,18홀,tr_220182509
임페리얼레이크,2026-09-19,12:13,149000,golfpang,,,18홀,tr_219987536
대영힐스,2026-09-19,12:12,130000,golfpang,,,18홀,tr_220181309
모카cc,2026-09-19,12:11,155000,golfpang,,,18홀,tr_219903730
킹즈락,2026-09-19,12:08,145000,golfpang,,,18홀,tr_220170085
이븐데일,2026-09-19,12:05,115000,golfpang,,,18홀,tr_220175158
대호단양,2026-09-19,11:52,179000,golfpang,,,18홀,tr_220180433
모나크,2026-09-19,13:03,170000,golfpang,,,18홀,tr_219901064
스타,2026-09-19,13:02,180000,golfpang,,,18홀,tr_219989045
동촌,2026-09-19,12:58,180000,golfpang,,,18홀,tr_219980314
임페리얼레이크,2026-09-19,06:46,149000,golfpang,,,18홀,tr_219987535
센테리움,2026-09-19,06:46,179000,golfpang,,,18홀,tr_220037438
로얄포레,2026-09-19,06:46,149000,golfpang,,,18홀,tr_219987688
킹즈락,2026-09-19,06:45,140000,golfpang,,,18홀,tr_220170084
대호단양,2026-09-19,06:42,149000,golfpang,,,18홀,tr_220180432
골프존 진천,2026-09-19,06:42,181000,golfpang,,,18홀,tr_220183600
떼제베,2026-09-19,06:39,140000,golfpang,,,18홀,tr_220182026
이븐데일,2026-09-19,06:38,109000,golfpang,,,18홀,tr_220175157
스톤비치,2026-09-19,06:35,130000,golfpang,,,18홀,tr_219998996
일레븐,2026-09-19,06:23,135000,golfpang,,,18홀,tr_220165854
스톤비치,2026-09-19,12:55,160000,golfpang,,,18홀,tr_219998997
대영힐스,2026-09-19,06:00,110000,golfpang,,,18홀,tr_220181308
힐데스하임,2026-09-19,18:41,105000,golfpang,,,18홀,tr_220105610
힐데스하임,2026-09-19,12:49,155000,golfpang,,,18홀,tr_220105609
힐데스하임,2026-09-19,07:22,165000,golfpang,,,18홀,tr_220105608
백제,2026-09-19,13:54,140000,golfpang,,,18홀,tr_219840092
백제,2026-09-19,13:47,140000,golfpang,,,18홀,tr_219840091
대영힐스,2026-09-19,17:52,95000,golfpang,,,18홀,tr_220206536
대영힐스,2026-09-19,05:39,110000,golfpang,,,18홀,tr_220206534
대영힐스,2026-09-19,11:39,130000,golfpang,,,18홀,tr_220206535
대영베이스,2026-09-19,17:44,99000,golfpang,,,18홀,tr_220205006
대영베이스,2026-09-19,13:39,139000,golfpang,,,18홀,tr_220205004
대영베이스,2026-09-19,17:57,149000,golfpang,,,18홀,tr_220205005
블랙스톤벨포레,2026-09-19,17:38,80000,golfpang,,,18홀,tr_220211105
블랙스톤벨포레,2026-09-19,14:03,110000,golfpang,,,18홀,tr_220210986
플라밍고,2026-09-19,13:30,140000,golfpang,,,18홀,tr_219906899
로얄링스,2026-09-19,07:38,120000,golfpang,,,18홀,tr_219526002
로얄링스,2026-09-19,12:40,120000,golfpang,,,18홀,tr_219526042
솔라고,2026-09-19,14:24,140000,golfpang,,,18홀,tr_220023409
블랙스톤벨포레,2026-09-19,13:56,110000,golfpang,,,18홀,tr_220210969
블랙스톤벨포레,2026-09-19,18:12,70000,golfpang,,,18홀,tr_220210503
골프존 화랑,2026-09-19,17:46,119000,golfpang,,,18홀,tr_220210500
진천(비공개),2026-09-19,13:26,180000,golfpang,,,18홀,tr_220210490
블랙스톤벨포레,2026-09-19,13:20,110000,golfpang,,,18홀,tr_220210485
로얄링스,2026-09-19,13:02,120000,golfpang,,,18홀,tr_220210478
중원,2026-09-19,14:08,140000,golfpang,,,18홀,tr_220210447
중원,2026-09-19,08:14,170000,golfpang,,,18홀,tr_220210445
골프존 화랑,2026-09-19,06:34,175000,golfpang,,,18홀,tr_220210425
진천(비공개),2026-09-19,07:17,180000,golfpang,,,18홀,tr_220210409
스톤비치,2026-09-19,08:13,150000,golfpang,,,18홀,tr_220210400
일레븐,2026-09-19,12:49,125000,golfpang,,,18홀,tr_219807172
일레븐,2026-09-19,17:44,80000,golfpang,,,18홀,tr_219807235
백제,2026-09-19,13:47,140000,golfpang,,,18홀,tr_220075775
진천(비공개),2026-09-19,07:17,180000,golfpang,,,18홀,tr_220103730
동촌,2026-09-19,06:55,170000,golfpang,,,18홀,tr_220004450
진천(비공개),2026-09-19,13:33,180000,golfpang,,,18홀,tr_220103731
백제,2026-09-19,13:54,140000,golfpang,,,18홀,tr_220075776
동촌,2026-09-19,07:23,190000,golfpang,,,18홀,tr_220004451
서산수,2026-09-19,13:47,180000,golfpang,,,18홀,tr_219393581
서산수,2026-09-19,13:40,180000,golfpang,,,18홀,tr_219393580
블랙스톤벨포레,2026-09-19,17:30,80000,golfpang,,,18홀,tr_220036787
블랙스톤벨포레,2026-09-19,18:33,70000,golfpang,,,18홀,tr_220036788
백제,2026-09-19,13:47,140000,golfpang,,,18홀,tr_220209823
백제,2026-09-19,07:36,90000,golfpang,,,18홀,tr_220209793
백제,2026-09-19,13:26,140000,golfpang,,,18홀,tr_219997059
중원,2026-09-19,14:15,140000,golfpang,,,18홀,tr_219843404
중원,2026-09-19,12:58,150000,golfpang,,,18홀,tr_219843330
로얄링스,2026-09-19,12:34,120000,golfpang,,,18홀,tr_219716190
올데이,2026-09-19,17:26,79000,golfpang,,,18홀,tr_220208999
올데이,2026-09-19,12:27,109000,golfpang,,,18홀,tr_220208998
올데이,2026-09-19,06:32,99000,golfpang,,,18홀,tr_220208997
플라밍고,2026-09-19,18:03,100000,golfpang,,,18홀,tr_219952377
중원,2026-09-19,13:54,140000,golfpang,,,18홀,tr_220124352
진천(비공개),2026-09-19,13:26,180000,golfpang,,,18홀,tr_220121507
진천(비공개),2026-09-19,07:17,180000,golfpang,,,18홀,tr_220121385
스톤비치,2026-09-19,12:20,140000,golfpang,,,18홀,tr_219992503
스톤비치,2026-09-19,08:13,150000,golfpang,,,18홀,tr_219952028
백제,2026-09-19,13:54,140000,golfpang,,,18홀,tr_219951602
백제,2026-09-19,07:15,150000,golfpang,,,18홀,tr_219951566
로얄링스,2026-09-19,13:02,120000,golfpang,,,18홀,tr_219556619
로얄링스,2026-09-19,07:45,120000,golfpang,,,18홀,tr_220121019
골프존 화랑,2026-09-19,17:46,119000,golfpang,,,18홀,tr_219760302
골프존 진천,2026-09-19,13:49,149000,golfpang,,,18홀,tr_219992472
골프존 화랑,2026-09-19,06:34,175000,golfpang,,,18홀,tr_219999984
킹즈락,2026-09-19,06:52,140000,golfpang,,,18홀,tr_220202823
킹즈락,2026-09-19,17:59,115000,golfpang,,,18홀,tr_220202825
킹즈락,2026-09-19,12:01,145000,golfpang,,,18홀,tr_220202824
백제,2026-09-19,13:54,140000,golfpang,,,18홀,tr_220202420
모카cc,2026-09-19,12:11,145000,golfpang,,,18홀,tr_220201866
모카cc,2026-09-19,08:25,140000,golfpang,,,18홀,tr_220201865
대영베이스,2026-09-19,17:11,105000,golfpang,,,18홀,tr_220150763
골프존 화랑,2026-09-19,13:55,131000,golfpang,,,18홀,tr_220184447
골프존 화랑,2026-09-19,06:55,165000,golfpang,,,18홀,tr_220184445
골프존 화랑,2026-09-19,13:55,131000,golfpang,,,18홀,tr_220184446
대호단양,2026-09-19,16:27,119000,golfpang,,,18홀,tr_220182778
대호단양,2026-09-19,12:55,179000,golfpang,,,18홀,tr_220182777
대호단양,2026-09-19,06:00,139000,golfpang,,,18홀,tr_220182776
블랙스톤벨포레,2026-09-19,17:44,80000,golfpang,,,18홀,tr_220181424
블랙스톤벨포레,2026-09-19,18:40,70000,golfpang,,,18홀,tr_220181425
블랙스톤벨포레,2026-09-19,18:40,70000,golfpang,,,18홀,tr_220181426
대영힐스,2026-09-19,13:36,135000,golfpang,,,18홀,tr_220175080
대영힐스,2026-09-19,18:41,79000,golfpang,,,18홀,tr_220175081
대영힐스,2026-09-19,05:39,110000,golfpang,,,18홀,tr_220175079
떼제베(동북),2026-09-19,07:42,130000,golfpang,,,18홀,tr_220148726
떼제베(동북),2026-09-19,07:00,120000,golfpang,,,18홀,tr_220148725
떼제베(동북),2026-09-19,13:28,140000,golfpang,,,18홀,tr_220148727
떼제베,2026-09-19,06:39,140000,golfpang,,,18홀,tr_220148386
떼제베,2026-09-19,07:14,160000,golfpang,,,18홀,tr_220148387
떼제베,2026-09-19,13:00,150000,golfpang,,,18홀,tr_220148388
감곡,2026-09-19,18:41,120000,golfpang,,,18홀,tr_220149000
감곡,2026-09-19,13:42,160000,golfpang,,,18홀,tr_220148998
감곡,2026-09-19,14:03,160000,golfpang,,,18홀,tr_220148999
블랙스톤벨포레,2026-09-19,18:40,70000,golfpang,,,18홀,tr_220149081
블랙스톤벨포레,2026-09-19,17:44,80000,golfpang,,,18홀,tr_220149079
블랙스톤벨포레,2026-09-19,17:58,80000,golfpang,,,18홀,tr_220149080
백제,2026-09-19,13:47,140000,golfpang,,,18홀,tr_220037943
골프존 진천,2026-09-19,12:32,161000,golfpang,,,18홀,tr_220130130
골프존 진천,2026-09-19,06:42,181000,golfpang,,,18홀,tr_220130128
골프존 진천,2026-09-19,07:03,194000,golfpang,,,18홀,tr_220130129
골든베이,2026-09-19,06:51,150000,golfpang,,,18홀,tr_220128996
골든베이,2026-09-19,13:45,150000,golfpang,,,18홀,tr_220128997
플라밍고,2026-09-19,08:12,190000,golfpang,,,18홀,tr_220128616
플라밍고,2026-09-19,13:25,170000,golfpang,,,18홀,tr_220128618
플라밍고,2026-09-19,12:15,180000,golfpang,,,18홀,tr_220128617
감곡,2026-09-19,13:07,170000,golfpang,,,18홀,tr_220128173
일레븐,2026-09-19,17:45,80000,golfpang,,,18홀,tr_220127067
일레븐,2026-09-19,17:17,80000,golfpang,,,18홀,tr_220127066
골프존 화랑,2026-09-19,06:55,165000,golfpang,,,18홀,tr_220126990
골프존 화랑,2026-09-19,07:51,175000,golfpang,,,18홀,tr_220126991
골프존 화랑,2026-09-19,08:33,185000,golfpang,,,18홀,tr_220126992
떼제베(동북),2026-09-19,13:28,140000,golfpang,,,18홀,tr_220126011
떼제베(동북),2026-09-19,18:02,110000,golfpang,,,18홀,tr_220126012
떼제베(동북),2026-09-19,07:00,120000,golfpang,,,18홀,tr_220126010
플라밍고,2026-09-19,08:33,190000,golfpang,,,18홀,tr_220125317
플라밍고,2026-09-19,17:14,150000,golfpang,,,18홀,tr_220125319
플라밍고,2026-09-19,13:25,170000,golfpang,,,18홀,tr_220125318
감곡,2026-09-19,13:42,160000,golfpang,,,18홀,tr_220121674
감곡,2026-09-19,18:48,120000,golfpang,,,18홀,tr_220121676
감곡,2026-09-19,18:41,120000,golfpang,,,18홀,tr_220121675
프린세스,2026-09-19,08:12,175000,golfpang,,,18홀,tr_220118526
프린세스,2026-09-19,13:14,165000,golfpang,,,18홀,tr_220118527
프린세스,2026-09-19,18:02,115000,golfpang,,,18홀,tr_220118528
골프존 화랑,2026-09-19,07:58,175000,golfpang,,,18홀,tr_220107143
골프존 화랑,2026-09-19,06:55,165000,golfpang,,,18홀,tr_220107142
골프존 화랑,2026-09-19,13:41,131000,golfpang,,,18홀,tr_220107144
일레븐,2026-09-19,11:53,125000,golfpang,,,18홀,tr_220046443
일레븐,2026-09-19,12:42,125000,golfpang,,,18홀,tr_220046444
일레븐,2026-09-19,17:44,80000,golfpang,,,18홀,tr_220046445
모카cc,2026-09-19,08:18,169000,golfpang,,,18홀,tr_220085163
모카cc,2026-09-19,08:04,169000,golfpang,,,18홀,tr_220085162
진천(비공개),2026-09-19,13:26,180000,golfpang,,,18홀,tr_220085116
일레븐,2026-09-19,18:12,105000,golfpang,,,18홀,tr_220084833
일레븐,2026-09-19,18:26,105000,golfpang,,,18홀,tr_220084834
일레븐,2026-09-19,18:05,105000,golfpang,,,18홀,tr_220084832
중원,2026-09-19,14:15,140000,golfpang,,,18홀,tr_220084603
중원,2026-09-19,07:25,160000,golfpang,,,18홀,tr_220084602
블랙스톤벨포레,2026-09-19,18:40,70000,golfpang,,,18홀,tr_219792997
보령베이스-퍼9,2026-09-19,16:48,79000,golfpang,,,18홀,tr_219646980
임페리얼레이크,2026-09-19,17:26,109000,golfpang,,,18홀,tr_219997922
블랙스톤벨포레,2026-09-19,17:44,80000,golfpang,,,18홀,tr_219792995
블랙스톤벨포레,2026-09-19,17:58,80000,golfpang,,,18홀,tr_219792996
떼제베,2026-09-19,18:02,130000,golfpang,,,18홀,tr_220032959
모나크,2026-09-19,18:02,110000,golfpang,,,18홀,tr_219642416
골프존 화랑,2026-09-19,18:14,99000,golfpang,,,18홀,tr_219796984
힐데스하임,2026-09-19,12:49,150000,golfpang,,,18홀,tr_220032319
힐데스하임,2026-09-19,12:49,150000,golfpang,,,18홀,tr_220032320
힐데스하임,2026-09-19,07:22,165000,golfpang,,,18홀,tr_220032318
중원,2026-09-19,07:25,160000,golfpang,,,18홀,tr_220049108
중원,2026-09-19,12:58,150000,golfpang,,,18홀,tr_220049109
올데이,2026-09-19,11:52,119000,golfpang,,,18홀,tr_220038030
올데이,2026-09-19,07:42,119000,golfpang,,,18홀,tr_220038029
올데이,2026-09-19,07:28,119000,golfpang,,,18홀,tr_220038028
모카cc,2026-09-19,14:17,140000,golfpang,,,18홀,tr_220012902
모카cc,2026-09-19,14:10,140000,golfpang,,,18홀,tr_220012901
스타,2026-09-19,18:24,110000,golfpang,,,18홀,tr_220026550
스타,2026-09-19,18:31,110000,golfpang,,,18홀,tr_220026552
스타,2026-09-19,18:24,110000,golfpang,,,18홀,tr_220026551
킹즈락,2026-09-19,12:43,145000,golfpang,,,18홀,tr_220036613
킹즈락,2026-09-19,13:25,135000,golfpang,,,18홀,tr_220036614
킹즈락,2026-09-19,06:45,140000,golfpang,,,18홀,tr_220036612
스타,2026-09-19,13:02,180000,golfpang,,,18홀,tr_220033536
스타,2026-09-19,06:23,180000,golfpang,,,18홀,tr_220033535
스타,2026-09-19,17:56,120000,golfpang,,,18홀,tr_220033537
이븐데일,2026-09-19,07:20,115000,golfpang,,,18홀,tr_219952211
이븐데일,2026-09-19,06:46,109000,golfpang,,,18홀,tr_219952210
이븐데일,2026-09-19,08:09,130000,golfpang,,,18홀,tr_219952212
동촌,2026-09-19,06:48,170000,golfpang,,,18홀,tr_220011450
동촌,2026-09-19,07:23,190000,golfpang,,,18홀,tr_220011451
센테리움,2026-09-19,06:46,169000,golfpang,,,18홀,tr_220029493
센테리움,2026-09-19,13:25,159000,golfpang,,,18홀,tr_220029494
모카cc,2026-09-19,13:35,139000,golfpang,,,18홀,tr_220013578
모카cc,2026-09-19,08:46,169000,golfpang,,,18홀,tr_220013577
동촌,2026-09-19,07:23,190000,golfpang,,,18홀,tr_220013394
동촌,2026-09-19,06:55,170000,golfpang,,,18홀,tr_220013393
백제,2026-09-19,14:15,140000,golfpang,,,18홀,tr_220011694
백제,2026-09-19,13:54,140000,golfpang,,,18홀,tr_220011693
백제,2026-09-19,13:54,140000,golfpang,,,18홀,tr_220011457
백제,2026-09-19,13:54,140000,golfpang,,,18홀,tr_220011456
동촌,2026-09-19,06:55,170000,golfpang,,,18홀,tr_220008912
동촌,2026-09-19,06:55,170000,golfpang,,,18홀,tr_220008911
골프존 진천,2026-09-19,13:07,156000,golfpang,,,18홀,tr_220003689
블랙스톤벨포레,2026-09-19,13:20,110000,golfpang,,,18홀,tr_220000003
블랙스톤벨포레,2026-09-19,18:12,70000,golfpang,,,18홀,tr_220000002
로얄링스,2026-09-19,13:02,120000,golfpang,,,18홀,tr_219999992
골프존 화랑,2026-09-19,17:46,119000,golfpang,,,18홀,tr_219999985
떼제베,2026-09-19,07:07,150000,golfpang,,,18홀,tr_219993301
떼제베,2026-09-19,18:03,130000,golfpang,,,18홀,tr_219993303
떼제베,2026-09-19,12:25,150000,golfpang,,,18홀,tr_219993302
대호단양,2026-09-19,06:14,149000,golfpang,,,18홀,tr_219777422
동촌,2026-09-19,12:58,180000,golfpang,,,18홀,tr_219989288
동촌,2026-09-19,06:48,180000,golfpang,,,18홀,tr_219989287
스타,2026-09-19,18:45,110000,golfpang,,,18홀,tr_219988418
스타,2026-09-19,17:56,120000,golfpang,,,18홀,tr_219988417
스타,2026-09-19,13:02,180000,golfpang,,,18홀,tr_219988416
속리산cc,2026-09-19,08:25,140000,golfpang,,,18홀,tr_219970826
속리산cc,2026-09-19,13:04,130000,golfpang,,,18홀,tr_219970827
힐데스하임,2026-09-19,12:42,150000,golfpang,,,18홀,tr_219938794
힐데스하임,2026-09-19,06:22,155000,golfpang,,,18홀,tr_219938792
힐데스하임,2026-09-19,07:22,170000,golfpang,,,18홀,tr_219938793
프린세스,2026-09-19,08:05,185000,golfpang,,,18홀,tr_219938664
프린세스,2026-09-19,13:14,185000,golfpang,,,18홀,tr_219938666
프린세스,2026-09-19,18:12,185000,golfpang,,,18홀,tr_219938665
올데이,2026-09-19,06:53,99000,golfpang,,,18홀,tr_219936677
올데이,2026-09-19,17:26,79000,golfpang,,,18홀,tr_219936679
올데이,2026-09-19,17:19,79000,golfpang,,,18홀,tr_219936678
로얄포레,2026-09-19,12:13,139000,golfpang,,,18홀,tr_219936275
로얄포레,2026-09-19,18:01,89000,golfpang,,,18홀,tr_219936277
로얄포레,2026-09-19,12:48,139000,golfpang,,,18홀,tr_219936276
로얄포레,2026-09-19,06:46,149000,golfpang,,,18홀,tr_219797877
로얄포레,2026-09-19,07:21,139000,golfpang,,,18홀,tr_219797878
로얄포레,2026-09-19,11:31,159000,golfpang,,,18홀,tr_219797879
보령베이스-퍼9,2026-09-19,12:10,89000,golfpang,,,18홀,tr_219797327
보령베이스-퍼9,2026-09-19,06:08,69000,golfpang,,,18홀,tr_219797326
보령베이스-퍼9,2026-09-19,17:30,69000,golfpang,,,18홀,tr_219797328
백제,2026-09-19,14:01,140000,golfpang,,,18홀,tr_219822583
백제,2026-09-19,13:47,140000,golfpang,,,18홀,tr_219822582
서산수,2026-09-19,13:50,180000,golfpang,,,18홀,tr_219810625
중원,2026-09-19,08:21,170000,golfpang,,,18홀,tr_219881148
중원,2026-09-19,13:47,140000,golfpang,,,18홀,tr_219881149
솔라고,2026-09-19,11:50,180000,golfpang,,,18홀,tr_219806457
임페리얼레이크,2026-09-19,11:24,159000,golfpang,,,18홀,tr_219807525
임페리얼레이크,2026-09-19,06:46,149000,golfpang,,,18홀,tr_219807523
임페리얼레이크,2026-09-19,07:42,149000,golfpang,,,18홀,tr_219807524
백제,2026-09-19,13:47,140000,golfpang,,,18홀,tr_219841538
백제,2026-09-19,13:47,140000,golfpang,,,18홀,tr_219841537
대호단양,2026-09-19,06:42,169000,golfpang,,,18홀,tr_219797482
대호단양,2026-09-19,07:45,179000,golfpang,,,18홀,tr_219797483
대호단양,2026-09-19,12:55,179000,golfpang,,,18홀,tr_219797484
파인스톤,2026-09-19,06:49,240000,golfpang,,,18홀,tr_219816678
파인스톤,2026-09-19,11:17,240000,golfpang,,,18홀,tr_219816679
파인스톤,2026-09-19,12:41,240000,golfpang,,,18홀,tr_219816680
힐데스하임,2026-09-19,07:22,165000,golfpang,,,18홀,tr_219807447
힐데스하임,2026-09-19,12:34,150000,golfpang,,,18홀,tr_219807448
솔라고,2026-09-19,11:50,180000,golfpang,,,18홀,tr_219545152
로얄포레,2026-09-19,12:06,139000,golfpang,,,18홀,tr_219494802
임페리얼레이크,2026-09-19,12:27,159000,golfpang,,,18홀,tr_219492694
골든베이,2026-09-19,13:24,150000,golfpang,,,18홀,tr_219591690
골든베이,2026-09-19,13:52,150000,golfpang,,,18홀,tr_219591691
파인스톤,2026-09-19,16:47,160000,golfpang,,,18홀,tr_219717574
세레니티cc,2026-09-19,17:59,130000,golfpang,,,18홀,tr_219494933
임페리얼레이크,2026-09-19,16:51,119000,golfpang,,,18홀,tr_219492695
세레니티cc,2026-09-19,18:06,130000,golfpang,,,18홀,tr_219494934
파인스톤,2026-09-19,18:39,150000,golfpang,,,18홀,tr_219717573
로얄포레,2026-09-19,06:11,129000,golfpang,,,18홀,tr_219494800
로얄포레,2026-09-19,07:21,149000,golfpang,,,18홀,tr_219494801
스톤비치,2026-09-19,06:28,130000,golfpang,,,18홀,tr_219806727
스톤비치,2026-09-19,07:38,150000,golfpang,,,18홀,tr_219806728
스톤비치,2026-09-19,13:44,160000,golfpang,,,18홀,tr_219806729
세레니티cc,2026-09-19,18:13,130000,golfpang,,,18홀,tr_219798902
세레니티cc,2026-09-19,18:06,130000,golfpang,,,18홀,tr_219798901
세레니티cc,2026-09-19,18:34,130000,golfpang,,,18홀,tr_219798903
골든베이,2026-09-19,13:45,150000,golfpang,,,18홀,tr_219797436
골든베이,2026-09-19,13:38,150000,golfpang,,,18홀,tr_219797435
골프존 진천,2026-09-19,13:07,175000,golfpang,,,18홀,tr_219796836
힐데스하임,2026-09-19,06:45,155000,golfpang,,,18홀,tr_219569859
힐데스하임,2026-09-19,12:04,160000,golfpang,,,18홀,tr_219569860
블랙스톤벨포레,2026-09-19,17:37,80000,golfpang,,,18홀,tr_219789906
블랙스톤벨포레,2026-09-19,18:33,70000,golfpang,,,18홀,tr_219789907
블랙스톤벨포레,2026-09-19,13:55,110000,golfpang,,,18홀,tr_219789905
대호단양,2026-09-19,07:45,179000,golfpang,,,18홀,tr_219788170
대호단양,2026-09-19,16:20,129000,golfpang,,,18홀,tr_219788172
대호단양,2026-09-19,11:24,179000,golfpang,,,18홀,tr_219788171
블랙스톤벨포레,2026-09-19,12:59,110000,golfpang,,,18홀,tr_219784635
프린세스,2026-09-19,13:42,170000,golfpang,,,18홀,tr_219768404
프린세스,2026-09-19,17:48,125000,golfpang,,,18홀,tr_219768405
프린세스,2026-09-19,08:12,185000,golfpang,,,18홀,tr_219768403
힐데스하임,2026-09-19,18:04,110000,golfpang,,,18홀,tr_219766190
힐데스하임,2026-09-19,13:42,145000,golfpang,,,18홀,tr_219766189
힐데스하임,2026-09-19,06:07,150000,golfpang,,,18홀,tr_219766188
에스앤-퍼9,2026-09-19,12:45,100000,golfpang,,,18홀,tr_219760382
에스앤-퍼9,2026-09-19,16:14,80000,golfpang,,,18홀,tr_219760383
에스앤-퍼9,2026-09-19,07:10,80000,golfpang,,,18홀,tr_219760381
솔라고,2026-09-19,11:50,180000,golfpang,,,18홀,tr_219757840
솔라고,2026-09-19,11:50,180000,golfpang,,,18홀,tr_219757841
속리산cc,2026-09-19,12:57,130000,golfpang,,,18홀,tr_219757685
속리산cc,2026-09-19,12:57,130000,golfpang,,,18홀,tr_219757683
속리산cc,2026-09-19,12:57,130000,golfpang,,,18홀,tr_219757684
센테리움,2026-09-19,13:32,149000,golfpang,,,18홀,tr_219750925
센테리움,2026-09-19,06:46,179000,golfpang,,,18홀,tr_219750924
세레니티cc,2026-09-19,14:09,260000,golfpang,,,18홀,tr_219750432
세레니티cc,2026-09-19,06:58,240000,golfpang,,,18홀,tr_219750431
세레니티cc,2026-09-19,18:06,130000,golfpang,,,18홀,tr_219750433
서산수,2026-09-19,13:57,180000,golfpang,,,18홀,tr_219749835
서산수,2026-09-19,13:57,180000,golfpang,,,18홀,tr_219749834
보령베이스-퍼9,2026-09-19,06:08,69000,golfpang,,,18홀,tr_219749126
보령베이스-퍼9,2026-09-19,12:10,89000,golfpang,,,18홀,tr_219749127
보령베이스-퍼9,2026-09-19,18:12,59000,golfpang,,,18홀,tr_219749128
일레븐,2026-09-19,11:46,125000,golfpang,,,18홀,tr_219747695
일레븐,2026-09-19,08:29,135000,golfpang,,,18홀,tr_219747694
일레븐,2026-09-19,17:23,80000,golfpang,,,18홀,tr_219747696
모카cc,2026-09-19,08:46,190000,golfpang,,,18홀,tr_219748162
모카cc,2026-09-19,12:46,160000,golfpang,,,18홀,tr_219748163
모나크,2026-09-19,12:49,180000,golfpang,,,18홀,tr_219747689
모나크,2026-09-19,13:03,170000,golfpang,,,18홀,tr_219747690
모나크,2026-09-19,17:55,120000,golfpang,,,18홀,tr_219747691
떼제베(동북),2026-09-19,13:35,140000,golfpang,,,18홀,tr_219746514
떼제베(동북),2026-09-19,17:20,110000,golfpang,,,18홀,tr_219746515
떼제베(동북),2026-09-19,06:04,130000,golfpang,,,18홀,tr_219746513
떼제베,2026-09-19,17:27,130000,golfpang,,,18홀,tr_219741722
떼제베,2026-09-19,12:18,160000,golfpang,,,18홀,tr_219741721
떼제베,2026-09-19,06:04,150000,golfpang,,,18홀,tr_219741720
동촌,2026-09-19,08:33,220000,golfpang,,,18홀,tr_219718341
동촌,2026-09-19,06:48,190000,golfpang,,,18홀,tr_219718340
모나크,2026-09-19,18:02,110000,golfpang,,,18홀,tr_219696006
모나크,2026-09-19,18:09,110000,golfpang,,,18홀,tr_219696008
모나크,2026-09-19,18:02,110000,golfpang,,,18홀,tr_219696007
골든베이,2026-09-19,06:30,150000,golfpang,,,18홀,tr_219554713
골든베이,2026-09-19,13:03,150000,golfpang,,,18홀,tr_219554714
킹즈락,2026-09-19,08:02,160000,golfpang,,,18홀,tr_219529713
킹즈락,2026-09-19,12:43,140000,golfpang,,,18홀,tr_219529714
킹즈락,2026-09-19,17:52,100000,golfpang,,,18홀,tr_219529715
힐데스하임,2026-09-19,06:45,150000,golfpang,,,18홀,tr_219444777
힐데스하임,2026-09-19,13:42,155000,golfpang,,,18홀,tr_219444779
힐데스하임,2026-09-19,07:07,160000,golfpang,,,18홀,tr_219444778
센테리움,2026-09-19,06:32,179000,golfpang,,,18홀,tr_219370337
센테리움,2026-09-19,13:46,149000,golfpang,,,18홀,tr_219370338
대영베이스,2026-09-19,06:33,149000,golfpang,,,18홀,tr_219374400
대영베이스,2026-09-19,18:11,85000,golfpang,,,18홀,tr_219374402
대영힐스,2026-09-19,17:59,79000,golfpang,,,18홀,tr_219392483
대영베이스,2026-09-19,17:31,95000,golfpang,,,18홀,tr_219374401
대영힐스,2026-09-19,13:30,149000,golfpang,,,18홀,tr_219392482
대영힐스,2026-09-19,06:14,129000,golfpang,,,18홀,tr_219392481
솔라고,2026-09-19,11:50,180000,golfpang,,,18홀,tr_219564796
솔라고,2026-09-19,07:10,140000,golfpang,,,18홀,tr_219564795
대영베이스,2026-09-19,18:44,85000,golfpang,,,18홀,tr_219493085
파인스톤,2026-09-19,18:25,150000,golfpang,,,18홀,tr_219562186
파인스톤,2026-09-19,19:00,150000,golfpang,,,18홀,tr_219562187
대영베이스,2026-09-19,18:04,89000,golfpang,,,18홀,tr_219493084
대영베이스,2026-09-19,18:44,85000,golfpang,,,18홀,tr_219493086
대영힐스,2026-09-19,12:12,149000,golfpang,,,18홀,tr_219492017
대영힐스,2026-09-19,12:12,149000,golfpang,,,18홀,tr_219492016
대영힐스,2026-09-19,17:45,89000,golfpang,,,18홀,tr_219492018
감곡,2026-09-19,06:44,170000,golfpang,,,18홀,tr_219444547
감곡,2026-09-19,12:53,180000,golfpang,,,18홀,tr_219444548
감곡,2026-09-19,18:41,120000,golfpang,,,18홀,tr_219444549
동촌,2026-09-19,06:41,195000,golfpang,,,18홀,tr_219394298
동촌,2026-09-19,07:51,210000,golfpang,,,18홀,tr_219394299
골든베이,2026-09-19,13:17,150000,golfpang,,,18홀,tr_218958636
골든베이,2026-09-19,06:30,150000,golfpang,,,18홀,tr_218958635
코스카,2026-09-19,07:31,170000,golfpang,,,18홀,tr_219344611
코스카,2026-09-19,08:13,190000,golfpang,,,18홀,tr_219344612
파인스톤,2026-09-19,19:00,150000,golfpang,,,18홀,tr_218930229
파인스톤,2026-09-19,18:39,150000,golfpang,,,18홀,tr_218930228
로얄링스,2026-09-19,11:24,160000,golfpang,,,18홀,tr_217828526
골든베이,2026-09-19,06:30,150000,golfpang,,,18홀,tr_218960565
감곡,2026-09-19,06:58,240000,golfpang,,,18홀,tr_218862258
세레니티cc,2026-09-19,17:59,150000,golfpang,,,18홀,tr_219157136
감곡,2026-09-19,17:24,130000,golfpang,,,18홀,tr_218862260
골든베이,2026-09-19,13:10,150000,golfpang,,,18홀,tr_218960566
감곡,2026-09-19,13:07,190000,golfpang,,,18홀,tr_218862259
세레니티cc,2026-09-19,18:48,140000,golfpang,,,18홀,tr_219157137
로얄링스,2026-09-19,08:34,160000,golfpang,,,18홀,tr_217828525
세레니티cc,2026-09-19,07:12,275000,golfpang,,,18홀,tr_219157135
예미지,2026-09-19,08:12,195000,golfpang,,,18홀,tr_219327355
예미지,2026-09-19,13:15,180000,golfpang,,,18홀,tr_219327356
속리산cc,2026-09-19,12:15,150000,golfpang,,,18홀,tr_219008819
알프스대영,2026-09-19,17:36,69000,golfpang,,,18홀,tr_219993652
알프스대영,2026-09-19,17:22,69000,golfpang,,,18홀,tr_220013896
알프스대영,2026-09-19,17:22,69000,golfpang,,,18홀,tr_220375315
동서울cc-퍼9,2026-09-19,12:07,94000,golfpang,,,18홀,tr_220207033
알프스대영,2026-09-19,05:51,90000,golfpang,,,18홀,tr_220150672
벨라스톤,2026-09-19,17:17,100000,golfpang,,,18홀,tr_220149465
오로라,2026-09-19,17:42,100000,golfpang,,,18홀,tr_220150748
알프스대영,2026-09-19,18:25,59000,golfpang,,,18홀,tr_219595813
알프스대영,2026-09-19,17:43,69000,golfpang,,,18홀,tr_220240040
알펜시아700,2026-09-19,13:30,130000,golfpang,,,18홀,tr_220376443
강릉(비공개),2026-09-19,07:28,180000,golfpang,,,18홀,tr_218772546
옥스필드,2026-09-19,18:15,69000,golfpang,,,18홀,tr_220376421
옥스필드,2026-09-19,07:28,99000,golfpang,,,18홀,tr_220376420
옥스필드,2026-09-19,06:39,99000,golfpang,,,18홀,tr_220376419
벨라스톤,2026-09-19,13:20,169000,golfpang,,,18홀,tr_220376376
알프스대영,2026-09-19,18:18,59000,golfpang,,,18홀,tr_219781283
알프스대영,2026-09-19,17:36,69000,golfpang,,,18홀,tr_219781311
오로라,2026-09-19,12:20,140000,golfpang,,,18홀,tr_220376111
오로라,2026-09-19,12:00,140000,golfpang,,,18홀,tr_217423774
오로라,2026-09-19,18:00,90000,golfpang,,,18홀,tr_217227267
벨라스톤,2026-09-19,17:45,100000,golfpang,,,18홀,tr_220362362
옥스필드,2026-09-19,12:06,109000,golfpang,,,18홀,tr_220366414
동서울cc-퍼9,2026-09-19,17:49,65000,golfpang,,,18홀,tr_220362261
알프스대영,2026-09-19,17:57,69000,golfpang,,,18홀,tr_220366274
옥스필드,2026-09-19,16:51,89000,golfpang,,,18홀,tr_220366432
파크밸리,2026-09-19,12:39,149000,golfpang,,,18홀,tr_220366435
알펜시아700,2026-09-19,17:30,80000,golfpang,,,18홀,tr_220366255
알프스대영,2026-09-19,18:53,49000,golfpang,,,18홀,tr_220376102
동서울cc-퍼9,2026-09-19,13:04,89000,golfpang,,,18홀,tr_220290161
동서울cc-퍼9,2026-09-19,07:00,89000,golfpang,,,18홀,tr_220290160
옥스필드,2026-09-19,11:50,109000,golfpang,,,18홀,tr_220376058
알펜시아명문,2026-09-19,11:00,170000,golfpang,,,18홀,tr_220375933
웰리힐리,2026-09-19,10:30,190000,golfpang,,,18홀,tr_220375870
오로라,2026-09-19,13:42,140000,golfpang,,,18홀,tr_220152044
벨라스톤,2026-09-19,13:42,169000,golfpang,,,18홀,tr_220075319
오로라,2026-09-19,17:50,100000,golfpang,,,18홀,tr_220152045
벨라스톤,2026-09-19,17:45,100000,golfpang,,,18홀,tr_220075318
알펜시아700,2026-09-19,18:26,70000,golfpang,,,18홀,tr_220107312
웰리힐리,2026-09-19,12:06,190000,golfpang,,,18홀,tr_220130662
알펜시아명문,2026-09-19,11:14,170000,golfpang,,,18홀,tr_220126826
벨라스톤,2026-09-19,06:35,159000,golfpang,,,18홀,tr_220075320
웰리힐리,2026-09-19,07:34,190000,golfpang,,,18홀,tr_220130661
웰리힐리,2026-09-19,13:22,190000,golfpang,,,18홀,tr_220130663
알펜시아명문,2026-09-19,13:13,170000,golfpang,,,18홀,tr_220126827
동서울cc-퍼9,2026-09-19,12:42,94000,golfpang,,,18홀,tr_220153517
오로라,2026-09-19,12:39,150000,golfpang,,,18홀,tr_220152043
알펜시아700,2026-09-19,17:30,80000,golfpang,,,18홀,tr_220107311
알프스대영,2026-09-19,17:22,69000,golfpang,,,18홀,tr_220375316
알프스대영,2026-09-19,17:22,69000,golfpang,,,18홀,tr_220375317
알펜시아700,2026-09-19,13:45,130000,golfpang,,,18홀,tr_220107310
알펜시아명문,2026-09-19,06:28,100000,golfpang,,,18홀,tr_220126825
알프스대영,2026-09-19,17:36,69000,golfpang,,,18홀,tr_220375433
알프스대영,2026-09-19,18:25,65000,golfpang,,,18홀,tr_220375241
알프스대영,2026-09-19,16:47,99000,golfpang,,,18홀,tr_220375239
알프스대영,2026-09-19,17:57,69000,golfpang,,,18홀,tr_220375240
웰리힐리,2026-09-19,07:50,190000,golfpang,,,18홀,tr_220375238
벨라스톤,2026-09-19,17:45,100000,golfpang,,,18홀,tr_220298339
오로라,2026-09-19,17:50,100000,golfpang,,,18홀,tr_220209622
알프스대영,2026-09-19,17:57,69000,golfpang,,,18홀,tr_220205237
벨라스톤,2026-09-19,17:45,100000,golfpang,,,18홀,tr_220209629
알프스대영,2026-09-19,18:25,65000,golfpang,,,18홀,tr_220205238
오로라,2026-09-19,13:42,140000,golfpang,,,18홀,tr_220209621
벨라스톤,2026-09-19,13:42,169000,golfpang,,,18홀,tr_220209628
오로라,2026-09-19,12:39,140000,golfpang,,,18홀,tr_220209620
벨라스톤,2026-09-19,06:35,159000,golfpang,,,18홀,tr_220209627
알프스대영,2026-09-19,17:57,69000,golfpang,,,18홀,tr_220217345
벨라스톤,2026-09-19,17:38,100000,golfpang,,,18홀,tr_219443133
오로라,2026-09-19,18:30,90000,golfpang,,,18홀,tr_220297515
알프스대영,2026-09-19,18:25,65000,golfpang,,,18홀,tr_220217346
남한강에스파크,2026-09-19,18:21,99000,golfpang,,,18홀,tr_219345630
벨라스톤,2026-09-19,18:06,100000,golfpang,,,18홀,tr_219443134
오로라,2026-09-19,12:04,140000,golfpang,,,18홀,tr_220297513
알펜시아명문,2026-09-19,11:14,170000,golfpang,,,18홀,tr_219822381
알프스대영,2026-09-19,16:47,99000,golfpang,,,18홀,tr_220217344
알펜시아700,2026-09-19,12:49,140000,golfpang,,,18홀,tr_219822880
오로라,2026-09-19,12:39,140000,golfpang,,,18홀,tr_220297514
옥스필드,2026-09-19,17:26,79000,golfpang,,,18홀,tr_220288822
알펜시아700,2026-09-19,17:23,80000,golfpang,,,18홀,tr_219822882
옥스필드,2026-09-19,07:21,119000,golfpang,,,18홀,tr_220288820
알펜시아명문,2026-09-19,07:10,120000,golfpang,,,18홀,tr_219822379
벨라스톤,2026-09-19,06:35,160000,golfpang,,,18홀,tr_219443132
남한강에스파크,2026-09-19,18:00,99000,golfpang,,,18홀,tr_219345629
알펜시아700,2026-09-19,13:45,130000,golfpang,,,18홀,tr_219822881
남한강에스파크,2026-09-19,13:55,169000,golfpang,,,18홀,tr_219345628
알펜시아명문,2026-09-19,07:24,120000,golfpang,,,18홀,tr_219822380
옥스필드,2026-09-19,12:27,109000,golfpang,,,18홀,tr_220288821
알펜시아명문,2026-09-19,06:40,100000,golfpang,,,18홀,tr_220371002
알프스대영,2026-09-19,16:47,99000,golfpang,,,18홀,tr_220259781
알펜시아700,2026-09-19,13:45,130000,golfpang,,,18홀,tr_219818546
알프스대영,2026-09-19,17:57,69000,golfpang,,,18홀,tr_220259782
오로라,2026-09-19,17:50,100000,golfpang,,,18홀,tr_220327073
동서울cc-퍼9,2026-09-19,17:49,65000,golfpang,,,18홀,tr_220349574
오로라,2026-09-19,18:30,90000,golfpang,,,18홀,tr_220327074
알프스대영,2026-09-19,18:25,65000,golfpang,,,18홀,tr_220259783
웰리힐리,2026-09-19,11:54,190000,golfpang,,,18홀,tr_219653002
알펜시아명문,2026-09-19,11:14,170000,golfpang,,,18홀,tr_219819075
인터불고원주(P9),2026-09-19,10:36,129000,golfpang,,,18홀,tr_220261280
인터불고원주(P9),2026-09-19,08:44,129000,golfpang,,,18홀,tr_220261279
웰리힐리,2026-09-19,07:34,190000,golfpang,,,18홀,tr_219653001
알펜시아명문,2026-09-19,07:24,120000,golfpang,,,18홀,tr_219819074
동강시스타,2026-09-19,13:00,110000,golfpang,,,18홀,tr_219956763
알펜시아700,2026-09-19,12:49,140000,golfpang,,,18홀,tr_219818545
오로라,2026-09-19,12:39,140000,golfpang,,,18홀,tr_220327072
벨라45 마스터스,2026-09-19,17:31,115000,golfpang,,,18홀,tr_219357097
센추리21,2026-09-19,17:26,90000,golfpang,,,18홀,tr_220153559
옥스필드,2026-09-19,17:26,79000,golfpang,,,18홀,tr_220325305
알펜시아700,2026-09-19,17:23,80000,golfpang,,,18홀,tr_219818547
동강시스타,2026-09-19,07:19,120000,golfpang,,,18홀,tr_219956762
동서울cc-퍼9,2026-09-19,06:59,79000,golfpang,,,18홀,tr_220349573
동강시스타,2026-09-19,06:58,110000,golfpang,,,18홀,tr_219956761
옥스필드,2026-09-19,06:46,99000,golfpang,,,18홀,tr_220325303
알펜시아명문,2026-09-19,06:35,100000,golfpang,,,18홀,tr_219819073
옥스필드,2026-09-19,16:51,89000,golfpang,,,18홀,tr_220325304
파인밸리,2026-09-19,06:24,125000,golfpang,,,18홀,tr_219997306
옥스필드,2026-09-19,07:20,99000,golfpang,,,18홀,tr_219993977
옥스필드,2026-09-19,18:20,69000,golfpang,,,18홀,tr_220086923
알프스대영,2026-09-19,17:50,69000,golfpang,,,18홀,tr_220086824
옥스필드,2026-09-19,11:50,119000,golfpang,,,18홀,tr_219994021
옥스필드,2026-09-19,17:26,79000,golfpang,,,18홀,tr_220370891
옥스필드,2026-09-19,12:06,9100,golfpang,,,18홀,tr_220370890
옥스필드,2026-09-19,07:28,99000,golfpang,,,18홀,tr_220370889
알펜시아700,2026-09-19,17:25,80000,golfpang,,,18홀,tr_220205313
알펜시아명문,2026-09-19,06:30,100000,golfpang,,,18홀,tr_220204852
알프스대영,2026-09-19,18:25,65000,golfpang,,,18홀,tr_218576749
동서울cc-퍼9,2026-09-19,17:36,65000,golfpang,,,18홀,tr_220366631
동서울cc-퍼9,2026-09-19,13:32,89000,golfpang,,,18홀,tr_220366630
웰리힐리,2026-09-19,11:54,190000,golfpang,,,18홀,tr_220302514
벨라스톤,2026-09-19,17:59,100000,golfpang,,,18홀,tr_220298340
동강시스타,2026-09-19,17:59,171000,golfpang,,,18홀,tr_220298071
알프스대영,2026-09-19,17:57,69000,golfpang,,,18홀,tr_219334809
알프스대영,2026-09-19,11:35,109000,golfpang,,,18홀,tr_219426136
알프스대영,2026-09-19,17:36,69000,golfpang,,,18홀,tr_219426292
센추리21(퍼),2026-09-19,13:07,120000,golfpang,,,18홀,tr_218377145
파인밸리,2026-09-19,06:24,125000,golfpang,,,18홀,tr_219571624
오로라,2026-09-19,17:42,100000,golfpang,,,18홀,tr_220307436
알프스대영,2026-09-19,17:57,69000,golfpang,,,18홀,tr_220348741
오로라,2026-09-19,13:42,140000,golfpang,,,18홀,tr_220307435
알프스대영,2026-09-19,16:47,99000,golfpang,,,18홀,tr_220348740
오로라,2026-09-19,12:39,140000,golfpang,,,18홀,tr_220307434
알프스대영,2026-09-19,18:39,59000,golfpang,,,18홀,tr_220348742
알펜시아명문,2026-09-19,11:14,170000,golfpang,,,18홀,tr_219444537
알펜시아700,2026-09-19,13:45,130000,golfpang,,,18홀,tr_219600947
알펜시아명문,2026-09-19,06:35,100000,golfpang,,,18홀,tr_219444535
벨라스톤,2026-09-19,06:35,159000,golfpang,,,18홀,tr_219202557
알펜시아명문,2026-09-19,07:10,120000,golfpang,,,18홀,tr_219444536
알펜시아700,2026-09-19,18:19,70000,golfpang,,,18홀,tr_220009778
벨라스톤,2026-09-19,17:45,100000,golfpang,,,18홀,tr_219202558
알펜시아700,2026-09-19,17:30,80000,golfpang,,,18홀,tr_219600948
벨라스톤,2026-09-19,18:06,100000,golfpang,,,18홀,tr_219428648
동서울cc-퍼9,2026-09-19,17:07,65000,golfpang,,,18홀,tr_220006062
동서울cc-퍼9,2026-09-19,18:17,65000,golfpang,,,18홀,tr_220212061
동서울cc-퍼9,2026-09-19,06:31,89000,golfpang,,,18홀,tr_220006060
동서울cc-퍼9,2026-09-19,17:36,65000,golfpang,,,18홀,tr_220217699
동서울cc-퍼9,2026-09-19,13:04,89000,golfpang,,,18홀,tr_220217698
옥스필드,2026-09-19,12:13,109000,golfpang,,,18홀,tr_220361757
옥스필드,2026-09-19,17:26,79000,golfpang,,,18홀,tr_220361758
옥스필드,2026-09-19,08:03,109000,golfpang,,,18홀,tr_220361756
옥스필드,2026-09-19,12:37,109000,golfpang,,,18홀,tr_218581787
알펜시아명문,2026-09-19,06:48,100000,golfpang,,,18홀,tr_219524089
옥스필드,2026-09-19,13:22,99000,golfpang,,,18홀,tr_220240762
오로라,2026-09-19,12:00,140000,golfpang,,,18홀,tr_220203294
오로라,2026-09-19,18:30,90000,golfpang,,,18홀,tr_219244485
센추리21,2026-09-19,17:36,90000,golfpang,,,18홀,tr_220203186
속초(비공개),2026-09-19,13:11,160000,golfpang,,,18홀,tr_218908633
오로라,2026-09-19,18:30,90000,golfpang,,,18홀,tr_220299733
알펜시아명문,2026-09-19,06:35,100000,golfpang,,,18홀,tr_219794925
파인밸리,2026-09-19,06:17,150000,golfpang,,,18홀,tr_220299296
알펜시아명문,2026-09-19,11:14,170000,golfpang,,,18홀,tr_219794927
알펜시아명문,2026-09-19,08:20,140000,golfpang,,,18홀,tr_219794926
웰리힐리,2026-09-19,13:26,190000,golfpang,,,18홀,tr_220297622
웰리힐리,2026-09-19,12:58,190000,golfpang,,,18홀,tr_220299971
오로라,2026-09-19,12:53,140000,golfpang,,,18홀,tr_220299732
알펜시아700,2026-09-19,12:49,140000,golfpang,,,18홀,tr_219795086
오로라,2026-09-19,12:39,140000,golfpang,,,18홀,tr_220299731
알프스대영,2026-09-19,16:47,99000,golfpang,,,18홀,tr_220216269
알펜시아700,2026-09-19,14:13,130000,golfpang,,,18홀,tr_219795088
알펜시아700,2026-09-19,13:45,130000,golfpang,,,18홀,tr_219795087
알프스대영,2026-09-19,17:57,69000,golfpang,,,18홀,tr_220216270
동서울cc-퍼9,2026-09-19,17:49,65000,golfpang,,,18홀,tr_220298362
동강시스타,2026-09-19,06:58,171000,golfpang,,,18홀,tr_220302553
알프스대영,2026-09-19,18:25,65000,golfpang,,,18홀,tr_220216271
알펜시아명문,2026-09-19,06:56,110000,golfpang,,,18홀,tr_219622623
벨라스톤,2026-09-19,06:35,159000,golfpang,,,18홀,tr_220197611
동서울cc-퍼9,2026-09-19,06:28,89000,golfpang,,,18홀,tr_220174580
옥스필드,2026-09-19,05:50,99000,golfpang,,,18홀,tr_220315627
알프스대영,2026-09-19,05:37,90000,golfpang,,,18홀,tr_219746347
동서울cc-퍼9,2026-09-19,12:28,89000,golfpang,,,18홀,tr_220174581
옥스필드,2026-09-19,12:27,109000,golfpang,,,18홀,tr_220315629
오로라,2026-09-19,12:04,150000,golfpang,,,18홀,tr_220193022
옥스필드,2026-09-19,11:52,119000,golfpang,,,18홀,tr_220315628
알펜시아명문,2026-09-19,11:14,170000,golfpang,,,18홀,tr_219622625
웰리힐리,2026-09-19,10:54,190000,golfpang,,,18홀,tr_219094037
웰리힐리,2026-09-19,07:34,190000,golfpang,,,18홀,tr_219094036
알펜시아명문,2026-09-19,07:24,130000,golfpang,,,18홀,tr_219622624
오로라,2026-09-19,13:42,140000,golfpang,,,18홀,tr_220193023
알프스대영,2026-09-19,12:52,109000,golfpang,,,18홀,tr_219746348
알펜시아700,2026-09-19,12:49,140000,golfpang,,,18홀,tr_220324834
웰리힐리,2026-09-19,12:42,190000,golfpang,,,18홀,tr_219094038
센추리21,2026-09-19,17:33,90000,golfpang,,,18홀,tr_220026622
센추리21,2026-09-19,17:26,90000,golfpang,,,18홀,tr_220026621
알펜시아700,2026-09-19,17:23,80000,golfpang,,,18홀,tr_220324836
알펜시아700,2026-09-19,13:45,130000,golfpang,,,18홀,tr_220324835
벨라스톤,2026-09-19,13:42,169000,golfpang,,,18홀,tr_220197612
동서울cc-퍼9,2026-09-19,18:03,65000,golfpang,,,18홀,tr_220174582
센추리21,2026-09-19,18:01,90000,golfpang,,,18홀,tr_220026623
오로라,2026-09-19,17:50,100000,golfpang,,,18홀,tr_220193024
알프스대영,2026-09-19,18:46,59000,golfpang,,,18홀,tr_219746349
벨라스톤,2026-09-19,18:06,100000,golfpang,,,18홀,tr_220197613
속초(비공개),2026-09-19,13:12,160000,golfpang,,,18홀,tr_219508883
속초(비공개),2026-09-19,06:45,160000,golfpang,,,18홀,tr_219508788
알프스대영,2026-09-19,18:33,59000,golfpang,,,18홀,tr_219337598
알펜시아700,2026-09-19,13:01,130000,golfpang,,,18홀,tr_219508875
알펜시아700,2026-09-19,18:10,70000,golfpang,,,18홀,tr_219934724
옥스필드,2026-09-19,13:01,99000,golfpang,,,18홀,tr_219933718
남한강에스파크,2026-09-19,18:14,99000,golfpang,,,18홀,tr_220075073
오로라,2026-09-19,12:39,140000,golfpang,,,18홀,tr_220299593
오로라,2026-09-19,12:39,140000,golfpang,,,18홀,tr_220299594
오로라,2026-09-19,12:39,140000,golfpang,,,18홀,tr_220299592
오로라,2026-09-19,13:42,140000,golfpang,,,18홀,tr_220230697
알펜시아명문,2026-09-19,06:28,100000,golfpang,,,18홀,tr_219230890
알프스대영,2026-09-19,17:57,69000,golfpang,,,18홀,tr_219599320
양양(비공개),2026-09-19,06:52,279000,golfpang,,,18홀,tr_216876010
센추리21(퍼),2026-09-19,12:04,125000,golfpang,,,18홀,tr_218871540
센추리21(퍼),2026-09-19,07:00,120000,golfpang,,,18홀,tr_218871537
동강시스타,2026-09-19,07:19,120000,golfpang,,,18홀,tr_220002495
센추리21,2026-09-19,17:26,90000,golfpang,,,18홀,tr_219911965
센추리21(퍼),2026-09-19,17:26,80000,golfpang,,,18홀,tr_219922814
옥스필드,2026-09-19,07:28,99000,golfpang,,,18홀,tr_220002958
휘닉스,2026-09-19,12:37,220000,golfpang,,,18홀,tr_219747154
알프스대영,2026-09-19,11:14,115000,golfpang,,,18홀,tr_219519179
옥스필드,2026-09-19,12:41,119000,golfpang,,,18홀,tr_219519255
남한강에스파크,2026-09-19,13:13,189000,golfpang,,,18홀,tr_220346293
남한강에스파크,2026-09-19,06:41,179000,golfpang,,,18홀,tr_220346292
남한강에스파크,2026-09-19,18:21,119000,golfpang,,,18홀,tr_220346294
오로라,2026-09-19,18:16,90000,golfpang,,,18홀,tr_220346163
오로라,2026-09-19,12:25,140000,golfpang,,,18홀,tr_220241861
알프스대영,2026-09-19,17:57,69000,golfpang,,,18홀,tr_220241374
알프스대영,2026-09-19,18:25,65000,golfpang,,,18홀,tr_220241375
알프스대영,2026-09-19,16:47,99000,golfpang,,,18홀,tr_220241373
오로라,2026-09-19,17:00,110000,golfpang,,,18홀,tr_219241890
알프스대영,2026-09-19,12:00,109000,golfpang,,,18홀,tr_218213918
동서울cc-퍼9,2026-09-19,13:04,89000,golfpang,,,18홀,tr_220210114
동서울cc-퍼9,2026-09-19,17:07,65000,golfpang,,,18홀,tr_220210115
오로라,2026-09-19,12:46,140000,golfpang,,,18홀,tr_220345414
오로라,2026-09-19,18:30,90000,golfpang,,,18홀,tr_220345415
오로라,2026-09-19,12:39,140000,golfpang,,,18홀,tr_220345413
속초(비공개),2026-09-19,06:51,160000,golfpang,,,18홀,tr_219557580
속초(비공개),2026-09-19,13:01,160000,golfpang,,,18홀,tr_219557606
알프스대영,2026-09-19,13:06,119000,golfpang,,,18홀,tr_220342383
알프스대영,2026-09-19,07:01,119000,golfpang,,,18홀,tr_220342382
알프스대영,2026-09-19,18:39,59000,golfpang,,,18홀,tr_220342381
알펜시아700,2026-09-19,18:19,70000,golfpang,,,18홀,tr_219983159
동강시스타,2026-09-19,06:58,110000,golfpang,,,18홀,tr_220079774
휘닉스,2026-09-19,06:52,220000,golfpang,,,18홀,tr_220049247
센추리21(퍼),2026-09-19,06:35,120000,golfpang,,,18홀,tr_220151864
벨라스톤,2026-09-19,06:35,159000,golfpang,,,18홀,tr_220094745
알펜시아명문,2026-09-19,06:35,100000,golfpang,,,18홀,tr_219982772
동서울cc-퍼9,2026-09-19,06:31,79000,golfpang,,,18홀,tr_220260900
파인밸리,2026-09-19,06:24,125000,golfpang,,,18홀,tr_220051982
파인밸리,2026-09-19,06:17,125000,golfpang,,,18홀,tr_220051981
옥스필드,2026-09-19,05:50,89000,golfpang,,,18홀,tr_220326594
옥스필드,2026-09-19,11:52,119000,golfpang,,,18홀,tr_220326595
휘닉스,2026-09-19,11:22,220000,golfpang,,,18홀,tr_220049248
알펜시아명문,2026-09-19,11:14,170000,golfpang,,,18홀,tr_219982774
웰리힐리,2026-09-19,10:54,190000,golfpang,,,18홀,tr_220056241
웰리힐리,2026-09-19,07:34,190000,golfpang,,,18홀,tr_220056240
벨라스톤,2026-09-19,13:42,169000,golfpang,,,18홀,tr_220094747
센추리21(퍼),2026-09-19,13:21,120000,golfpang,,,18홀,tr_220151865
웰리힐리,2026-09-19,12:42,190000,golfpang,,,18홀,tr_220056242
오로라,2026-09-19,12:39,140000,golfpang,,,18홀,tr_220301982
센추리21,2026-09-19,17:33,90000,golfpang,,,18홀,tr_220086956
센추리21,2026-09-19,17:26,90000,golfpang,,,18홀,tr_220086955
센추리21(퍼),2026-09-19,17:26,80000,golfpang,,,18홀,tr_220151866
동강시스타,2026-09-19,17:24,80000,golfpang,,,18홀,tr_220079776
알펜시아700,2026-09-19,17:23,80000,golfpang,,,18홀,tr_219983157
알프스대영,2026-09-19,16:47,99000,golfpang,,,18홀,tr_220291321
동강시스타,2026-09-19,14:17,110000,golfpang,,,18홀,tr_220079775
오로라,2026-09-19,13:56,140000,golfpang,,,18홀,tr_220301983
알펜시아700,2026-09-19,13:45,130000,golfpang,,,18홀,tr_219983158
센추리21,2026-09-19,18:01,90000,golfpang,,,18홀,tr_220086957
벨라45 마스터스,2026-09-19,17:59,115000,golfpang,,,18홀,tr_220087827
알프스대영,2026-09-19,17:57,69000,golfpang,,,18홀,tr_220291322
벨라45 마스터스,2026-09-19,17:52,115000,golfpang,,,18홀,tr_220087829
오로라,2026-09-19,17:50,100000,golfpang,,,18홀,tr_220301984
동서울cc-퍼9,2026-09-19,17:49,65000,golfpang,,,18홀,tr_220260901
벨라45 마스터스,2026-09-19,17:45,115000,golfpang,,,18홀,tr_220087828
벨라스톤,2026-09-19,17:45,100000,golfpang,,,18홀,tr_220094746
알프스대영,2026-09-19,18:25,65000,golfpang,,,18홀,tr_220291323
옥스필드,2026-09-19,18:22,69000,golfpang,,,18홀,tr_220326596
알펜시아명문,2026-09-19,07:10,120000,golfpang,,,18홀,tr_219982773
동서울cc-퍼9,2026-09-19,18:17,65000,golfpang,,,18홀,tr_220260902
동서울cc-퍼9,2026-09-19,07:55,99000,golfpang,,,18홀,tr_219564675
동서울cc-퍼9,2026-09-19,11:46,89000,golfpang,,,18홀,tr_219564683
파크밸리,2026-09-19,07:10,179000,golfpang,,,18홀,tr_219565792
파크밸리,2026-09-19,13:29,149000,golfpang,,,18홀,tr_219565866
동서울cc-퍼9,2026-09-19,17:28,65000,golfpang,,,18홀,tr_219564686
오로라,2026-09-19,13:42,140000,golfpang,,,18홀,tr_220339360
오로라,2026-09-19,12:04,150000,golfpang,,,18홀,tr_220339359
오로라,2026-09-19,17:50,100000,golfpang,,,18홀,tr_220339361
동서울cc-퍼9,2026-09-19,08:02,94000,golfpang,,,18홀,tr_220207034
동서울cc-퍼9,2026-09-19,12:07,94000,golfpang,,,18홀,tr_220207035
동서울cc-퍼9,2026-09-19,12:56,89000,golfpang,,,18홀,tr_218857707
벨라스톤,2026-09-19,06:35,159000,golfpang,,,18홀,tr_220149466
알프스대영,2026-09-19,12:17,119000,golfpang,,,18홀,tr_220022985
오로라,2026-09-19,12:04,140000,golfpang,,,18홀,tr_220297339
알프스대영,2026-09-19,13:06,109000,golfpang,,,18홀,tr_220022986
동서울cc-퍼9,2026-09-19,07:13,99000,golfpang,,,18홀,tr_218857706
오로라,2026-09-19,12:53,140000,golfpang,,,18홀,tr_220297340
알프스대영,2026-09-19,16:47,89000,golfpang,,,18홀,tr_220022987
동서울cc-퍼9,2026-09-19,18:03,65000,golfpang,,,18홀,tr_218857708
오로라,2026-09-19,17:50,100000,golfpang,,,18홀,tr_220297341
벨라스톤,2026-09-19,17:45,100000,golfpang,,,18홀,tr_220149467
동서울cc-퍼9,2026-09-19,18:31,65000,golfpang,,,18홀,tr_220026490
센추리21,2026-09-19,18:08,90000,golfpang,,,18홀,tr_220153096
센추리21,2026-09-19,18:15,90000,golfpang,,,18홀,tr_220153098
동서울cc-퍼9,2026-09-19,18:17,65000,golfpang,,,18홀,tr_220026488
알펜시아700,2026-09-19,18:19,70000,golfpang,,,18홀,tr_220032538
동서울cc-퍼9,2026-09-19,18:24,65000,golfpang,,,18홀,tr_220026489
알프스대영,2026-09-19,18:25,65000,golfpang,,,18홀,tr_220035432
옥스필드,2026-09-19,18:29,69000,golfpang,,,18홀,tr_219937266
알펜시아700,2026-09-19,13:45,130000,golfpang,,,18홀,tr_220032536
벨라스톤,2026-09-19,17:38,100000,golfpang,,,18홀,tr_219933317
벨라45 마스터스,2026-09-19,17:45,115000,golfpang,,,18홀,tr_220023584
벨라스톤,2026-09-19,17:45,100000,golfpang,,,18홀,tr_219933318
벨라45 마스터스,2026-09-19,17:52,115000,golfpang,,,18홀,tr_220023585
벨라45 마스터스,2026-09-19,17:59,115000,golfpang,,,18홀,tr_220023586
센추리21,2026-09-19,18:01,90000,golfpang,,,18홀,tr_220153097
알펜시아700,2026-09-19,13:52,130000,golfpang,,,18홀,tr_220032537
알프스대영,2026-09-19,12:52,109000,golfpang,,,18홀,tr_220035430
웰리힐리,2026-09-19,12:58,190000,golfpang,,,18홀,tr_220023220
웰리힐리,2026-09-19,13:22,190000,golfpang,,,18홀,tr_220023221
알프스대영,2026-09-19,13:06,109000,golfpang,,,18홀,tr_220035431
옥스필드,2026-09-19,13:02,99000,golfpang,,,18홀,tr_219937265
웰리힐리,2026-09-19,10:54,190000,golfpang,,,18홀,tr_220023219
파인밸리,2026-09-19,06:17,125000,golfpang,,,18홀,tr_219173550
파인밸리,2026-09-19,06:10,125000,golfpang,,,18홀,tr_219173551
알펜시아명문,2026-09-19,07:10,120000,golfpang,,,18홀,tr_220032899
알펜시아명문,2026-09-19,11:14,170000,golfpang,,,18홀,tr_220032900
옥스필드,2026-09-19,06:11,99000,golfpang,,,18홀,tr_219937264
벨라스톤,2026-09-19,06:35,159000,golfpang,,,18홀,tr_219933316
알펜시아명문,2026-09-19,06:35,100000,golfpang,,,18홀,tr_220032898
파인밸리,2026-09-19,06:30,125000,golfpang,,,18홀,tr_220336275
동서울cc-퍼9,2026-09-19,17:36,65000,golfpang,,,18홀,tr_220336239
벨라스톤,2026-09-19,17:45,100000,golfpang,,,18홀,tr_219347731
오로라,2026-09-19,13:42,140000,golfpang,,,18홀,tr_220150749
벨라스톤,2026-09-19,18:06,100000,golfpang,,,18홀,tr_219347732
오로라,2026-09-19,13:00,140000,golfpang,,,18홀,tr_220328551
오로라,2026-09-19,12:04,140000,golfpang,,,18홀,tr_220328550
오로라,2026-09-19,18:06,90000,golfpang,,,18홀,tr_220328552
파인밸리,2026-09-19,06:17,125000,golfpang,,,18홀,tr_219152134
옥스필드,2026-09-19,12:13,109000,golfpang,,,18홀,tr_220208017
파인밸리,2026-09-19,06:17,125000,golfpang,,,18홀,tr_219152135
알펜시아명문,2026-09-19,06:35,110000,golfpang,,,18홀,tr_219772184
벨라스톤,2026-09-19,18:06,100000,golfpang,,,18홀,tr_219445020
옥스필드,2026-09-19,07:21,129000,golfpang,,,18홀,tr_220208016
오로라,2026-09-19,12:39,140000,golfpang,,,18홀,tr_220328326
벨라스톤,2026-09-19,17:31,100000,golfpang,,,18홀,tr_219445019
벨라45 마스터스,2026-09-19,17:31,115000,golfpang,,,18홀,tr_219348112
동강시스타,2026-09-19,17:10,80000,golfpang,,,18홀,tr_217261281
동서울cc-퍼9,2026-09-19,13:45,89000,golfpang,,,18홀,tr_219329891
오로라,2026-09-19,13:42,140000,golfpang,,,18홀,tr_220328327
동서울cc-퍼9,2026-09-19,18:03,65000,golfpang,,,18홀,tr_219329892
알프스대영,2026-09-19,17:57,69000,golfpang,,,18홀,tr_220208209
벨라45 마스터스,2026-09-19,17:52,115000,golfpang,,,18홀,tr_219348114
벨라45 마스터스,2026-09-19,17:45,115000,golfpang,,,18홀,tr_219348113
오로라,2026-09-19,18:30,90000,golfpang,,,18홀,tr_220328328
알프스대영,2026-09-19,18:25,65000,golfpang,,,18홀,tr_220208210
옥스필드,2026-09-19,18:15,69000,golfpang,,,18홀,tr_220208018
웰리힐리,2026-09-19,12:06,190000,golfpang,,,18홀,tr_218564475
동서울cc-퍼9,2026-09-19,13:32,89000,golfpang,,,18홀,tr_220328466
알프스대영,2026-09-19,17:57,69000,golfpang,,,18홀,tr_220210465
파크밸리,2026-09-19,13:42,149000,golfpang,,,18홀,tr_219994189
옥스필드,2026-09-19,06:53,119000,golfpang,,,18홀,tr_220328153
옥스필드,2026-09-19,13:02,99000,golfpang,,,18홀,tr_220328154
옥스필드,2026-09-19,17:12,79000,golfpang,,,18홀,tr_220328155
알프스대영,2026-09-19,16:47,89000,golfpang,,,18홀,tr_220328116
알프스대영,2026-09-19,17:50,69000,golfpang,,,18홀,tr_220328117
알프스대영,2026-09-19,18:25,65000,golfpang,,,18홀,tr_220328118
남한강에스파크,2026-09-19,18:28,99000,golfpang,,,18홀,tr_219873548
알프스대영,2026-09-19,18:25,65000,golfpang,,,18홀,tr_220181389
동서울cc-퍼9,2026-09-19,18:24,65000,golfpang,,,18홀,tr_219886080
남한강에스파크,2026-09-19,18:21,99000,golfpang,,,18홀,tr_219873549
남한강에스파크,2026-09-19,18:21,99000,golfpang,,,18홀,tr_219873547
벨라스톤,2026-09-19,17:59,100000,golfpang,,,18홀,tr_219909898
알프스대영,2026-09-19,17:57,69000,golfpang,,,18홀,tr_220181388
벨라스톤,2026-09-19,17:45,100000,golfpang,,,18홀,tr_219909897
알펜시아700,2026-09-19,17:30,80000,golfpang,,,18홀,tr_220181873
알프스대영,2026-09-19,16:47,89000,golfpang,,,18홀,tr_220181387
알펜시아700,2026-09-19,14:13,130000,golfpang,,,18홀,tr_220181872
동서울cc-퍼9,2026-09-19,13:52,89000,golfpang,,,18홀,tr_219886079
알펜시아700,2026-09-19,13:45,130000,golfpang,,,18홀,tr_220181871
알펜시아명문,2026-09-19,13:13,170000,golfpang,,,18홀,tr_220182191
알펜시아명문,2026-09-19,13:13,170000,golfpang,,,18홀,tr_220182190
옥스필드,2026-09-19,13:09,99000,golfpang,,,18홀,tr_220181103
옥스필드,2026-09-19,12:13,109000,golfpang,,,18홀,tr_220181102
알펜시아명문,2026-09-19,11:14,170000,golfpang,,,18홀,tr_220182189
동서울cc-퍼9,2026-09-19,08:09,99000,golfpang,,,18홀,tr_219886078
옥스필드,2026-09-19,07:21,129000,golfpang,,,18홀,tr_220181101
벨라스톤,2026-09-19,06:35,159000,golfpang,,,18홀,tr_219909896
오로라,2026-09-19,12:46,140000,golfpang,,,18홀,tr_220326445
오로라,2026-09-19,13:56,140000,golfpang,,,18홀,tr_220326446
오로라,2026-09-19,18:30,90000,golfpang,,,18홀,tr_220326447
파크밸리,2026-09-19,13:32,139000,golfpang,,,18홀,tr_220326981
파크밸리,2026-09-19,07:10,159000,golfpang,,,18홀,tr_220326915
벨라스톤,2026-09-19,13:13,150000,golfpang,,,18홀,tr_218815583
알프스대영,2026-09-19,11:33,109000,golfpang,,,18홀,tr_219554002
오로라,2026-09-19,12:39,140000,golfpang,,,18홀,tr_220326722
오로라,2026-09-19,18:30,90000,golfpang,,,18홀,tr_220326723
오로라,2026-09-19,17:50,100000,golfpang,,,18홀,tr_220326724
옥스필드,2026-09-19,17:27,79000,golfpang,,,18홀,tr_220326227
옥스필드,2026-09-19,12:00,119000,golfpang,,,18홀,tr_220326142
옥스필드,2026-09-19,07:22,99000,golfpang,,,18홀,tr_220326135
웰리힐리,2026-09-19,07:50,190000,golfpang,,,18홀,tr_220325575
웰리힐리,2026-09-19,11:26,190000,golfpang,,,18홀,tr_220325577
웰리힐리,2026-09-19,10:38,190000,golfpang,,,18홀,tr_220325576
알펜시아명문,2026-09-19,06:22,100000,golfpang,,,18홀,tr_220325544
동서울cc-퍼9,2026-09-19,13:04,89000,golfpang,,,18홀,tr_220318519
동서울cc-퍼9,2026-09-19,07:00,89000,golfpang,,,18홀,tr_220318474
벨라스톤,2026-09-19,06:42,159000,golfpang,,,18홀,tr_220324592
벨라스톤,2026-09-19,17:31,100000,golfpang,,,18홀,tr_220324594
벨라스톤,2026-09-19,13:28,169000,golfpang,,,18홀,tr_220324593
옥스필드,2026-09-19,11:17,149000,golfpang,,,18홀,tr_219065311
알펜시아명문,2026-09-19,11:14,170000,golfpang,,,18홀,tr_219777175
알펜시아700,2026-09-19,08:25,130000,golfpang,,,18홀,tr_219777120
동강시스타,2026-09-19,08:01,171000,golfpang,,,18홀,tr_220302183
알프스대영,2026-09-19,12:31,105000,golfpang,,,18홀,tr_219993653
웰리힐리,2026-09-19,13:38,190000,golfpang,,,18홀,tr_220299972
알펜시아700,2026-09-19,13:45,130000,golfpang,,,18홀,tr_219777121
웰리힐리,2026-09-19,13:42,190000,golfpang,,,18홀,tr_220302481
옥스필드,2026-09-19,17:47,79000,golfpang,,,18홀,tr_219065312
알프스대영,2026-09-19,17:36,69000,golfpang,,,18홀,tr_219993654
동서울cc-퍼9,2026-09-19,18:17,65000,golfpang,,,18홀,tr_220303205
알펜시아700,2026-09-19,18:12,80000,golfpang,,,18홀,tr_219777122
옥스필드,2026-09-19,06:46,139000,golfpang,,,18홀,tr_219065310
알펜시아명문,2026-09-19,06:35,110000,golfpang,,,18홀,tr_219777174
벨라스톤,2026-09-19,06:28,159000,golfpang,,,18홀,tr_220300973
파인밸리,2026-09-19,06:17,150000,golfpang,,,18홀,tr_220302930
알펜시아명문,2026-09-19,07:24,130000,golfpang,,,18홀,tr_219777176
속초(비공개),2026-09-19,12:50,428000,golfpang,,,36홀,tr_219468124
동서울cc-퍼9,2026-09-19,06:31,79000,golfpang,,,18홀,tr_220324272
동서울cc-퍼9,2026-09-19,17:49,65000,golfpang,,,18홀,tr_220324273
동서울cc-퍼9,2026-09-19,18:17,65000,golfpang,,,18홀,tr_220324274
오로라,2026-09-19,17:36,100000,golfpang,,,18홀,tr_220241863
알펜시아명문,2026-09-19,06:35,100000,golfpang,,,18홀,tr_220324014
알펜시아명문,2026-09-19,12:56,170000,golfpang,,,18홀,tr_220324015
알펜시아명문,2026-09-19,11:28,170000,golfpang,,,18홀,tr_220324016
오로라,2026-09-19,13:07,190000,golfpang,,,18홀,tr_220201509
동서울cc-퍼9,2026-09-19,12:42,94000,golfpang,,,18홀,tr_220153709
웰리힐리,2026-09-19,06:46,190000,golfpang,,,18홀,tr_220297619
알펜시아명문,2026-09-19,06:42,120000,golfpang,,,18홀,tr_219470988
오로라,2026-09-19,06:37,190000,golfpang,,,18홀,tr_220201508
알펜시아700,2026-09-19,12:49,140000,golfpang,,,18홀,tr_219471187
알펜시아700,2026-09-19,07:50,120000,golfpang,,,18홀,tr_219471186
동강시스타,2026-09-19,17:45,171000,golfpang,,,18홀,tr_220302187
동서울cc-퍼9,2026-09-19,12:42,94000,golfpang,,,18홀,tr_220153708
알펜시아명문,2026-09-19,07:10,130000,golfpang,,,18홀,tr_219470989
알펜시아명문,2026-09-19,13:13,170000,golfpang,,,18홀,tr_219470990
오로라,2026-09-19,17:18,120000,golfpang,,,18홀,tr_220201510
알펜시아700,2026-09-19,17:23,100000,golfpang,,,18홀,tr_219471188
용평(비공개),2026-09-19,07:04,170000,golfpang,,,18홀,tr_219156143
알펜시아700,2026-09-19,18:05,70000,golfpang,,,18홀,tr_220321067
알펜시아700,2026-09-19,13:38,130000,golfpang,,,18홀,tr_220321065
알펜시아700,2026-09-19,17:23,80000,golfpang,,,18홀,tr_220321066
속초(비공개),2026-09-19,13:07,190000,golfpang,,,18홀,tr_218561791
동서울cc-퍼9,2026-09-19,06:45,79000,golfpang,,,18홀,tr_220307329
동서울cc-퍼9,2026-09-19,17:35,65000,golfpang,,,18홀,tr_220307330
동서울cc-퍼9,2026-09-19,18:03,65000,golfpang,,,18홀,tr_220307331
오로라,2026-09-19,18:14,100000,golfpang,,,18홀,tr_220240136
오로라,2026-09-19,18:14,100000,golfpang,,,18홀,tr_220240137
오로라,2026-09-19,18:14,100000,golfpang,,,18홀,tr_220240138
센추리21,2026-09-19,17:54,90000,golfpang,,,18홀,tr_219951561
알프스대영,2026-09-19,17:01,79000,golfpang,,,18홀,tr_220218554
알프스대영,2026-09-19,17:01,79000,golfpang,,,18홀,tr_220218555
옥스필드,2026-09-19,12:41,119000,golfpang,,,18홀,tr_219652523
알프스대영,2026-09-19,06:19,109000,golfpang,,,18홀,tr_220218553
옥스필드,2026-09-19,07:42,139000,golfpang,,,18홀,tr_219652521
옥스필드,2026-09-19,11:45,129000,golfpang,,,18홀,tr_219652522
동서울cc-퍼9,2026-09-19,07:13,89000,golfpang,,,18홀,tr_220215140
동서울cc-퍼9,2026-09-19,07:13,89000,golfpang,,,18홀,tr_220215139
센추리21,2026-09-19,17:54,90000,golfpang,,,18홀,tr_219951562
옥스필드,2026-09-19,07:21,129000,golfpang,,,18홀,tr_220035464
알프스대영,2026-09-19,17:57,69000,golfpang,,,18홀,tr_220013898
알펜시아명문,2026-09-19,13:13,710000,golfpang,,,18홀,tr_220032779
옥스필드,2026-09-19,11:45,119000,golfpang,,,18홀,tr_220035483
알프스대영,2026-09-19,12:17,119000,golfpang,,,18홀,tr_220013897
알펜시아명문,2026-09-19,07:03,120000,golfpang,,,18홀,tr_220032778
알프스대영,2026-09-19,18:32,59000,golfpang,,,18홀,tr_220307059
알프스대영,2026-09-19,17:43,69000,golfpang,,,18홀,tr_220307058
알프스대영,2026-09-19,16:33,99000,golfpang,,,18홀,tr_220307057
동강시스타,2026-09-19,07:33,120000,golfpang,,,18홀,tr_220306779
동강시스타,2026-09-19,17:10,80000,golfpang,,,18홀,tr_220306781
동강시스타,2026-09-19,06:58,110000,golfpang,,,18홀,tr_220306780
옥스필드,2026-09-19,07:30,99000,golfpang,,,18홀,tr_220306542
오로라,2026-09-19,18:30,90000,golfpang,,,18홀,tr_220306242
오로라,2026-09-19,13:42,140000,golfpang,,,18홀,tr_220306241
오로라,2026-09-19,12:39,140000,golfpang,,,18홀,tr_220306240
벨라스톤,2026-09-19,06:35,159000,golfpang,,,18홀,tr_220305396
파크밸리,2026-09-19,12:39,149000,golfpang,,,18홀,tr_220305343
파크밸리,2026-09-19,12:39,149000,golfpang,,,18홀,tr_220255669
옥스필드,2026-09-19,11:24,129000,golfpang,,,18홀,tr_220305240
옥스필드,2026-09-19,08:24,109000,golfpang,,,18홀,tr_220305239
옥스필드,2026-09-19,18:15,69000,golfpang,,,18홀,tr_220305238
알프스대영,2026-09-19,17:57,69000,golfpang,,,18홀,tr_220305209
벨라스톤,2026-09-19,17:31,100000,golfpang,,,18홀,tr_220305055
벨라스톤,2026-09-19,13:35,169000,golfpang,,,18홀,tr_220305054
벨라스톤,2026-09-19,06:35,159000,golfpang,,,18홀,tr_220305053
휘닉스,2026-09-19,07:45,220000,golfpang,,,18홀,tr_219747153
파크밸리,2026-09-19,13:42,139000,golfpang,,,18홀,tr_219553967
파크밸리,2026-09-19,12:32,149000,golfpang,,,18홀,tr_220211889
오로라,2026-09-19,18:30,90000,golfpang,,,18홀,tr_220304149
오로라,2026-09-19,17:52,100000,golfpang,,,18홀,tr_220304150
오로라,2026-09-19,12:39,140000,golfpang,,,18홀,tr_220304148
동강시스타,2026-09-19,07:19,171000,golfpang,,,18홀,tr_220302185
웰리힐리,2026-09-19,11:34,190000,golfpang,,,18홀,tr_220302480
웰리힐리,2026-09-19,12:50,190000,golfpang,,,18홀,tr_220302118
동강시스타,2026-09-19,17:24,171000,golfpang,,,18홀,tr_220302554
웰리힐리,2026-09-19,14:14,190000,golfpang,,,18홀,tr_220302124
벨라스톤,2026-09-19,13:49,169000,golfpang,,,18홀,tr_220303133
웰리힐리,2026-09-19,13:46,190000,golfpang,,,18홀,tr_220302122
웰리힐리,2026-09-19,13:46,190000,golfpang,,,18홀,tr_220302119
벨라스톤,2026-09-19,13:42,169000,golfpang,,,18홀,tr_220302805
동강시스타,2026-09-19,17:38,171000,golfpang,,,18홀,tr_220302184
동강시스타,2026-09-19,17:31,171000,golfpang,,,18홀,tr_220302186
동강시스타,2026-09-19,18:06,171000,golfpang,,,18홀,tr_220302555
벨라스톤,2026-09-19,18:06,100000,golfpang,,,18홀,tr_220302806
벨라스톤,2026-09-19,17:59,100000,golfpang,,,18홀,tr_220303134
동서울cc-퍼9,2026-09-19,18:45,65000,golfpang,,,18홀,tr_220302831
벨라스톤,2026-09-19,18:41,100000,golfpang,,,18홀,tr_220302716
웰리힐리,2026-09-19,06:38,190000,golfpang,,,18홀,tr_220302117
웰리힐리,2026-09-19,06:38,190000,golfpang,,,18홀,tr_220302120
웰리힐리,2026-09-19,06:22,190000,golfpang,,,18홀,tr_220302515
파인밸리,2026-09-19,06:10,150000,golfpang,,,18홀,tr_220302929
웰리힐리,2026-09-19,11:58,190000,golfpang,,,18홀,tr_220302123
웰리힐리,2026-09-19,12:26,190000,golfpang,,,18홀,tr_220302121
오로라,2026-09-19,18:30,90000,golfpang,,,18홀,tr_220302082
센추리21,2026-09-19,17:26,90000,golfpang,,,18홀,tr_220302033
센추리21,2026-09-19,18:01,90000,golfpang,,,18홀,tr_220302034
센추리21(퍼),2026-09-19,12:04,125000,golfpang,,,18홀,tr_220302018
센추리21(퍼),2026-09-19,13:07,120000,golfpang,,,18홀,tr_220302019
센추리21(퍼),2026-09-19,17:26,80000,golfpang,,,18홀,tr_220302020
센추리21(퍼),2026-09-19,07:24,140000,golfpang,,,18홀,tr_220301867
센추리21(퍼),2026-09-19,17:26,80000,golfpang,,,18홀,tr_220301869
센추리21(퍼),2026-09-19,12:04,125000,golfpang,,,18홀,tr_220301868
파인밸리,2026-09-19,07:55,150000,golfpang,,,18홀,tr_220300778
웰리힐리,2026-09-19,14:02,190000,golfpang,,,18홀,tr_220299973
웰리힐리,2026-09-19,13:50,190000,golfpang,,,18홀,tr_220299975
벨라스톤,2026-09-19,13:49,169000,golfpang,,,18홀,tr_220300639
동서울cc-퍼9,2026-09-19,18:24,65000,golfpang,,,18홀,tr_220300670
벨라스톤,2026-09-19,18:13,100000,golfpang,,,18홀,tr_220300640
동강시스타,2026-09-19,18:06,171000,golfpang,,,18홀,tr_220300045
벨라스톤,2026-09-19,18:06,100000,golfpang,,,18홀,tr_220300974
벨라스톤,2026-09-19,18:41,100000,golfpang,,,18홀,tr_220300557
벨라스톤,2026-09-19,18:27,100000,golfpang,,,18홀,tr_220300641
웰리힐리,2026-09-19,06:46,190000,golfpang,,,18홀,tr_220299969
동강시스타,2026-09-19,06:37,171000,golfpang,,,18홀,tr_220300046
파인밸리,2026-09-19,06:24,150000,golfpang,,,18홀,tr_220301534
웰리힐리,2026-09-19,07:34,190000,golfpang,,,18홀,tr_220299974
파인밸리,2026-09-19,06:59,150000,golfpang,,,18홀,tr_220300777
웰리힐리,2026-09-19,06:54,190000,golfpang,,,18홀,tr_220299970
동강시스타,2026-09-19,06:51,171000,golfpang,,,18홀,tr_220300047
동강시스타,2026-09-19,06:51,171000,golfpang,,,18홀,tr_220300044
웰리힐리,2026-09-19,10:54,190000,golfpang,,,18홀,tr_220300375
웰리힐리,2026-09-19,12:50,190000,golfpang,,,18홀,tr_220300374
웰리힐리,2026-09-19,12:14,190000,golfpang,,,18홀,tr_220300337
오로라,2026-09-19,13:42,140000,golfpang,,,18홀,tr_220299695
오로라,2026-09-19,18:30,90000,golfpang,,,18홀,tr_220299696
오로라,2026-09-19,12:04,140000,golfpang,,,18홀,tr_220299694
알프스대영,2026-09-19,18:25,65000,golfpang,,,18홀,tr_220252894
알프스대영,2026-09-19,16:47,99000,golfpang,,,18홀,tr_220252893
알프스대영,2026-09-19,18:53,65000,golfpang,,,18홀,tr_220252895
센추리21,2026-09-19,07:10,140000,golfpang,,,18홀,tr_220291407
옥스필드,2026-09-19,18:25,59000,golfpang,,,18홀,tr_220297409
동강시스타,2026-09-19,17:38,171000,golfpang,,,18홀,tr_220297697
동강시스타,2026-09-19,17:31,171000,golfpang,,,18홀,tr_220297693
동강시스타,2026-09-19,17:52,171000,golfpang,,,18홀,tr_220297698
동강시스타,2026-09-19,17:52,171000,golfpang,,,18홀,tr_220297694
웰리힐리,2026-09-19,14:02,190000,golfpang,,,18홀,tr_220297618
웰리힐리,2026-09-19,13:22,190000,golfpang,,,18홀,tr_220297617
웰리힐리,2026-09-19,12:42,190000,golfpang,,,18홀,tr_220297616
웰리힐리,2026-09-19,12:06,190000,golfpang,,,18홀,tr_220297621
웰리힐리,2026-09-19,13:38,190000,golfpang,,,18홀,tr_220298038
웰리힐리,2026-09-19,11:18,190000,golfpang,,,18홀,tr_220297620
동강시스타,2026-09-19,07:12,171000,golfpang,,,18홀,tr_220297696
파인밸리,2026-09-19,06:10,150000,golfpang,,,18홀,tr_220298458
동강시스타,2026-09-19,18:13,171000,golfpang,,,18홀,tr_220297699
벨라스톤,2026-09-19,18:34,100000,golfpang,,,18홀,tr_220298684
동서울cc-퍼9,2026-09-19,18:31,65000,golfpang,,,18홀,tr_220298750
벨라스톤,2026-09-19,18:27,100000,golfpang,,,18홀,tr_220298683
동강시스타,2026-09-19,06:44,171000,golfpang,,,18홀,tr_220297695
동강시스타,2026-09-19,06:37,171000,golfpang,,,18홀,tr_220298069
오로라,2026-09-19,17:58,100000,golfpang,,,18홀,tr_220107013
벨라스톤,2026-09-19,17:45,100000,golfpang,,,18홀,tr_219822599
벨라스톤,2026-09-19,13:42,169000,golfpang,,,18홀,tr_219822600
벨라스톤,2026-09-19,06:28,159000,golfpang,,,18홀,tr_219822598
파크밸리,2026-09-19,13:42,139000,golfpang,,,18홀,tr_220291013
옥스필드,2026-09-19,18:29,69000,golfpang,,,18홀,tr_220290889
옥스필드,2026-09-19,17:26,79000,golfpang,,,18홀,tr_220290837
옥스필드,2026-09-19,16:37,89000,golfpang,,,18홀,tr_220290763
옥스필드,2026-09-19,12:13,109000,golfpang,,,18홀,tr_220290737
알펜시아명문,2026-09-19,06:30,100000,golfpang,,,18홀,tr_219553434
옥스필드,2026-09-19,11:17,129000,golfpang,,,18홀,tr_220290683
오로라,2026-09-19,17:50,100000,golfpang,,,18홀,tr_220290587
알프스대영,2026-09-19,18:25,65000,golfpang,,,18홀,tr_220290501
오로라,2026-09-19,13:42,140000,golfpang,,,18홀,tr_220217805
옥스필드,2026-09-19,07:21,119000,golfpang,,,18홀,tr_220218010
알프스대영,2026-09-19,17:57,69000,golfpang,,,18홀,tr_220290267
알프스대영,2026-09-19,16:47,99000,golfpang,,,18홀,tr_220290227
알펜시아700,2026-09-19,18:19,70000,golfpang,,,18홀,tr_220290157
알펜시아700,2026-09-19,17:30,80000,golfpang,,,18홀,tr_220290060
알펜시아700,2026-09-19,13:52,130000,golfpang,,,18홀,tr_220290026
벨라스톤,2026-09-19,17:45,100000,golfpang,,,18홀,tr_220289997
벨라스톤,2026-09-19,13:42,169000,golfpang,,,18홀,tr_220289989
옥스필드,2026-09-19,12:20,109000,golfpang,,,18홀,tr_220283287
동강시스타,2026-09-19,08:22,120000,golfpang,,,18홀,tr_219331852
알펜시아명문,2026-09-19,08:20,150000,golfpang,,,18홀,tr_219820965
동서울cc-퍼9,2026-09-19,08:09,99000,golfpang,,,18홀,tr_219331994
웰리힐리,2026-09-19,12:26,190000,golfpang,,,18홀,tr_219331536
옥스필드,2026-09-19,12:13,109000,golfpang,,,18홀,tr_220283422
웰리힐리,2026-09-19,12:06,190000,golfpang,,,18홀,tr_219331535
동강시스타,2026-09-19,13:21,110000,golfpang,,,18홀,tr_219331853
센추리21(퍼),2026-09-19,13:00,120000,golfpang,,,18홀,tr_219792763
알펜시아700,2026-09-19,12:49,140000,golfpang,,,18홀,tr_219821110
알펜시아700,2026-09-19,17:23,100000,golfpang,,,18홀,tr_219821111
동강시스타,2026-09-19,17:10,80000,golfpang,,,18홀,tr_219331854
알프스대영,2026-09-19,16:47,99000,golfpang,,,18홀,tr_220279083
동서울cc-퍼9,2026-09-19,13:45,89000,golfpang,,,18홀,tr_219331995
알프스대영,2026-09-19,17:57,69000,golfpang,,,18홀,tr_220279084
남한강에스파크,2026-09-19,17:53,99000,golfpang,,,18홀,tr_219798036
벨라45 마스터스,2026-09-19,17:52,115000,golfpang,,,18홀,tr_219364887
벨라45 마스터스,2026-09-19,17:45,115000,golfpang,,,18홀,tr_219364886
센추리21,2026-09-19,17:33,90000,golfpang,,,18홀,tr_219791780
벨라스톤,2026-09-19,17:31,100000,golfpang,,,18홀,tr_219871737
벨라45 마스터스,2026-09-19,17:31,115000,golfpang,,,18홀,tr_219364885
센추리21(퍼),2026-09-19,17:26,80000,golfpang,,,18홀,tr_219792764
센추리21,2026-09-19,17:26,90000,golfpang,,,18홀,tr_219791782
알프스대영,2026-09-19,18:25,65000,golfpang,,,18홀,tr_220279085
옥스필드,2026-09-19,18:15,69000,golfpang,,,18홀,tr_220283423
벨라스톤,2026-09-19,18:06,100000,golfpang,,,18홀,tr_219871738
동서울cc-퍼9,2026-09-19,18:03,65000,golfpang,,,18홀,tr_219331996
센추리21,2026-09-19,18:01,90000,golfpang,,,18홀,tr_219791781
남한강에스파크,2026-09-19,18:00,99000,golfpang,,,18홀,tr_219798037
남한강에스파크,2026-09-19,18:28,99000,golfpang,,,18홀,tr_219798038
벨라스톤,2026-09-19,06:35,160000,golfpang,,,18홀,tr_219871736
센추리21(퍼),2026-09-19,06:28,120000,golfpang,,,18홀,tr_219792762
파인밸리,2026-09-19,06:17,125000,golfpang,,,18홀,tr_219331596
파인밸리,2026-09-19,06:17,125000,golfpang,,,18홀,tr_219331595
옥스필드,2026-09-19,07:21,129000,golfpang,,,18홀,tr_220283421
알펜시아명문,2026-09-19,06:56,120000,golfpang,,,18홀,tr_219820964
알펜시아명문,2026-09-19,11:14,170000,golfpang,,,18홀,tr_219820966
웰리힐리,2026-09-19,10:54,190000,golfpang,,,18홀,tr_219331534
알펜시아700,2026-09-19,08:25,130000,golfpang,,,18홀,tr_219821109
속초(비공개),2026-09-19,13:39,160000,golfpang,,,18홀,tr_218958428
강릉(비공개),2026-09-19,07:42,170000,golfpang,,,18홀,tr_217897048
웰리힐리,2026-09-19,10:54,190000,golfpang,,,18홀,tr_220288902
웰리힐리,2026-09-19,13:42,190000,golfpang,,,18홀,tr_220288903
웰리힐리,2026-09-19,07:34,190000,golfpang,,,18홀,tr_220288901
남한강에스파크,2026-09-19,18:14,99000,golfpang,,,18홀,tr_220215858
옥스필드,2026-09-19,08:10,129000,golfpang,,,18홀,tr_220287649
옥스필드,2026-09-19,07:21,119000,golfpang,,,18홀,tr_220287648
옥스필드,2026-09-19,12:27,109000,golfpang,,,18홀,tr_220287650
웰리힐리,2026-09-19,10:54,190000,golfpang,,,18홀,tr_220184515
동서울cc-퍼9,2026-09-19,11:46,89000,golfpang,,,18홀,tr_220152790
웰리힐리,2026-09-19,11:54,190000,golfpang,,,18홀,tr_218134991
알펜시아명문,2026-09-19,11:14,170000,golfpang,,,18홀,tr_220199052
알펜시아700,2026-09-19,13:45,130000,golfpang,,,18홀,tr_220198654
벨라스톤,2026-09-19,17:45,100000,golfpang,,,18홀,tr_220206607
알프스대영,2026-09-19,17:43,69000,golfpang,,,18홀,tr_220240042
알프스대영,2026-09-19,17:43,69000,golfpang,,,18홀,tr_220240041
알펜시아700,2026-09-19,17:30,80000,golfpang,,,18홀,tr_220198655
벨라스톤,2026-09-19,18:20,100000,golfpang,,,18홀,tr_220206608
옥스필드,2026-09-19,18:15,69000,golfpang,,,18홀,tr_220211567
동서울cc-퍼9,2026-09-19,17:07,65000,golfpang,,,18홀,tr_220152791
알펜시아700,2026-09-19,18:40,70000,golfpang,,,18홀,tr_220198656
알펜시아명문,2026-09-19,06:42,100000,golfpang,,,18홀,tr_220199051
벨라스톤,2026-09-19,06:35,159000,golfpang,,,18홀,tr_220206606
동서울cc-퍼9,2026-09-19,06:31,89000,golfpang,,,18홀,tr_220152789
옥스필드,2026-09-19,05:50,99000,golfpang,,,18홀,tr_220211565
알펜시아명문,2026-09-19,13:13,170000,golfpang,,,18홀,tr_220199053
웰리힐리,2026-09-19,13:22,190000,golfpang,,,18홀,tr_218134992
웰리힐리,2026-09-19,07:34,190000,golfpang,,,18홀,tr_218134990
옥스필드,2026-09-19,13:30,99000,golfpang,,,18홀,tr_220211566
벨라스톤,2026-09-19,06:35,159000,golfpang,,,18홀,tr_220262081
파크밸리,2026-09-19,13:42,139000,golfpang,,,18홀,tr_220252964
옥스필드,2026-09-19,08:10,129000,golfpang,,,18홀,tr_220261219
옥스필드,2026-09-19,11:17,129000,golfpang,,,18홀,tr_220261220
옥스필드,2026-09-19,06:39,109000,golfpang,,,18홀,tr_220261218
웰리힐리,2026-09-19,12:46,190000,golfpang,,,18홀,tr_220218087
벨라스톤,2026-09-19,17:45,100000,golfpang,,,18홀,tr_220216111
알펜시아명문,2026-09-19,11:14,170000,golfpang,,,18홀,tr_220216172
웰리힐리,2026-09-19,10:54,190000,golfpang,,,18홀,tr_220218086
알펜시아명문,2026-09-19,06:42,100000,golfpang,,,18홀,tr_220216171
웰리힐리,2026-09-19,07:34,190000,golfpang,,,18홀,tr_220218085
알펜시아700,2026-09-19,13:52,130000,golfpang,,,18홀,tr_220216144
알펜시아700,2026-09-19,13:45,130000,golfpang,,,18홀,tr_220216143
센추리21,2026-09-19,17:54,90000,golfpang,,,18홀,tr_219993696
벨라스톤,2026-09-19,06:35,159000,golfpang,,,18홀,tr_220216110
센추리21,2026-09-19,17:54,90000,golfpang,,,18홀,tr_219993695
동서울cc-퍼9,2026-09-19,06:45,89000,golfpang,,,18홀,tr_219787134
벨라스톤,2026-09-19,06:35,159000,golfpang,,,18홀,tr_219818133
알펜시아명문,2026-09-19,06:35,100000,golfpang,,,18홀,tr_219795512
파인밸리,2026-09-19,06:17,125000,golfpang,,,18홀,tr_219154952
파인밸리,2026-09-19,06:10,125000,golfpang,,,18홀,tr_219154951
웰리힐리,2026-09-19,07:34,190000,golfpang,,,18홀,tr_219933349
휘닉스,2026-09-19,07:30,220000,golfpang,,,18홀,tr_218601164
센추리21(퍼),2026-09-19,07:24,140000,golfpang,,,18홀,tr_220150634
동강시스타,2026-09-19,06:58,110000,golfpang,,,18홀,tr_219072249
웰리힐리,2026-09-19,11:34,190000,golfpang,,,18홀,tr_219933351
인터불고원주(P9),2026-09-19,11:25,129000,golfpang,,,18홀,tr_220014811
휘닉스,2026-09-19,11:22,220000,golfpang,,,18홀,tr_218601165
알펜시아명문,2026-09-19,11:14,170000,golfpang,,,18홀,tr_219795514
웰리힐리,2026-09-19,10:54,190000,golfpang,,,18홀,tr_219933350
인터불고원주(P9),2026-09-19,09:12,129000,golfpang,,,18홀,tr_220014810
알펜시아명문,2026-09-19,08:20,140000,golfpang,,,18홀,tr_219795513
동강시스타,2026-09-19,07:54,120000,golfpang,,,18홀,tr_219072250
센추리21(퍼),2026-09-19,12:46,125000,golfpang,,,18홀,tr_220150636
오로라,2026-09-19,12:39,150000,golfpang,,,18홀,tr_220151039
동강시스타,2026-09-19,12:11,120000,golfpang,,,18홀,tr_219072251
센추리21(퍼),2026-09-19,12:04,125000,golfpang,,,18홀,tr_220150635
남한강에스파크,2026-09-19,13:13,169000,golfpang,,,18홀,tr_219790411
오로라,2026-09-19,12:53,150000,golfpang,,,18홀,tr_220151040
알펜시아700,2026-09-19,12:49,140000,golfpang,,,18홀,tr_219795006
알프스대영,2026-09-19,16:47,99000,golfpang,,,18홀,tr_220214450
알펜시아700,2026-09-19,14:13,130000,golfpang,,,18홀,tr_219795008
남한강에스파크,2026-09-19,13:55,169000,golfpang,,,18홀,tr_219790412
동서울cc-퍼9,2026-09-19,13:52,89000,golfpang,,,18홀,tr_219787135
알펜시아700,2026-09-19,13:45,130000,golfpang,,,18홀,tr_219795007
오로라,2026-09-19,13:42,140000,golfpang,,,18홀,tr_220151041
벨라스톤,2026-09-19,17:45,100000,golfpang,,,18홀,tr_219818134
알프스대영,2026-09-19,18:25,65000,golfpang,,,18홀,tr_220214452
동서울cc-퍼9,2026-09-19,18:17,65000,golfpang,,,18홀,tr_219787136
알프스대영,2026-09-19,17:57,69000,golfpang,,,18홀,tr_220214451
남한강에스파크,2026-09-19,18:28,99000,golfpang,,,18홀,tr_219790413
벨라스톤,2026-09-19,18:27,100000,golfpang,,,18홀,tr_219818135
알프스대영,2026-09-19,11:42,109000,golfpang,,,18홀,tr_219333768
알펜시아명문,2026-09-19,06:42,120000,golfpang,,,18홀,tr_219553724
벨라스톤,2026-09-19,06:35,159000,golfpang,,,18홀,tr_219822268
벨라스톤,2026-09-19,06:35,159000,golfpang,,,18홀,tr_219822267
오로라,2026-09-19,06:37,150000,golfpang,,,18홀,tr_219886112
벨라45 마스터스,2026-09-19,17:59,115000,golfpang,,,18홀,tr_219347044
남한강에스파크,2026-09-19,18:00,99000,golfpang,,,18홀,tr_219356660
남한강에스파크,2026-09-19,18:00,99000,golfpang,,,18홀,tr_219356662
남한강에스파크,2026-09-19,18:14,99000,golfpang,,,18홀,tr_219356661
오로라,2026-09-19,18:14,100000,golfpang,,,18홀,tr_219886114
알프스대영,2026-09-19,18:25,65000,golfpang,,,18홀,tr_220203127
벨라스톤,2026-09-19,17:45,100000,golfpang,,,18홀,tr_219822269
벨라45 마스터스,2026-09-19,17:45,115000,golfpang,,,18홀,tr_219347045
벨라45 마스터스,2026-09-19,17:52,115000,golfpang,,,18홀,tr_219347043
알프스대영,2026-09-19,17:57,69000,golfpang,,,18홀,tr_220203126
동강시스타,2026-09-19,14:23,120000,golfpang,,,18홀,tr_219094422
파인밸리,2026-09-19,06:17,125000,golfpang,,,18홀,tr_219112405
파인밸리,2026-09-19,06:10,125000,golfpang,,,18홀,tr_219112406
알펜시아명문,2026-09-19,07:45,130000,golfpang,,,18홀,tr_219553723
웰리힐리,2026-09-19,07:34,190000,golfpang,,,18홀,tr_218784991
옥스필드,2026-09-19,07:21,129000,golfpang,,,18홀,tr_220203436
웰리힐리,2026-09-19,10:54,190000,golfpang,,,18홀,tr_218784992
동강시스타,2026-09-19,08:57,130000,golfpang,,,18홀,tr_219094420
알펜시아700,2026-09-19,08:25,130000,golfpang,,,18홀,tr_219553689
알펜시아700,2026-09-19,07:50,120000,golfpang,,,18홀,tr_219553688
웰리힐리,2026-09-19,12:42,190000,golfpang,,,18홀,tr_218784993
옥스필드,2026-09-19,12:13,109000,golfpang,,,18홀,tr_220203437
오로라,2026-09-19,11:57,160000,golfpang,,,18홀,tr_219886113
옥스필드,2026-09-19,13:30,99000,golfpang,,,18홀,tr_220203438
동강시스타,2026-09-19,12:53,130000,golfpang,,,18홀,tr_219094421
알펜시아명문,2026-09-19,12:52,170000,golfpang,,,18홀,tr_219553725
알펜시아700,2026-09-19,12:49,140000,golfpang,,,18홀,tr_219553690
알프스대영,2026-09-19,16:47,89000,golfpang,,,18홀,tr_220203125
동서울cc-퍼9,2026-09-19,12:07,94000,golfpang,,,18홀,tr_220153374
알프스대영,2026-09-19,08:04,129000,golfpang,,,18홀,tr_218254873
알프스대영,2026-09-19,16:47,89000,golfpang,,,18홀,tr_220199941
알프스대영,2026-09-19,17:57,69000,golfpang,,,18홀,tr_220199942
알프스대영,2026-09-19,18:39,65000,golfpang,,,18홀,tr_220199943
벨라스톤,2026-09-19,13:42,169000,golfpang,,,18홀,tr_220200638
벨라스톤,2026-09-19,13:49,169000,golfpang,,,18홀,tr_220200639
옥스필드,2026-09-19,11:17,149000,golfpang,,,18홀,tr_220199982
벨라스톤,2026-09-19,06:35,159000,golfpang,,,18홀,tr_220200637
옥스필드,2026-09-19,08:10,149000,golfpang,,,18홀,tr_220199981
옥스필드,2026-09-19,07:21,129000,golfpang,,,18홀,tr_220199980
벨라스톤,2026-09-19,13:21,169000,golfpang,,,18홀,tr_220241417
벨라스톤,2026-09-19,13:21,169000,golfpang,,,18홀,tr_219428242
알펜시아명문,2026-09-19,11:14,170000,golfpang,,,18홀,tr_219778500
웰리힐리,2026-09-19,10:54,190000,golfpang,,,18홀,tr_219778696
알펜시아명문,2026-09-19,06:35,110000,golfpang,,,18홀,tr_219778499
웰리힐리,2026-09-19,09:42,190000,golfpang,,,18홀,tr_219778695
알펜시아명문,2026-09-19,07:24,130000,golfpang,,,18홀,tr_219778501
웰리힐리,2026-09-19,07:34,190000,golfpang,,,18홀,tr_219778697
알펜시아700,2026-09-19,08:25,130000,golfpang,,,18홀,tr_219778359
알펜시아700,2026-09-19,13:45,130000,golfpang,,,18홀,tr_219778360
알펜시아700,2026-09-19,12:49,140000,golfpang,,,18홀,tr_219778361
옥스필드,2026-09-19,06:39,109000,golfpang,,,18홀,tr_220217035
남한강에스파크,2026-09-19,18:14,99000,golfpang,,,18홀,tr_220221923
파인밸리,2026-09-19,06:10,125000,golfpang,,,18홀,tr_219145342
파인밸리,2026-09-19,06:17,125000,golfpang,,,18홀,tr_219145341
벨라스톤,2026-09-19,18:27,100000,golfpang,,,18홀,tr_219911536
알펜시아700,2026-09-19,08:25,130000,golfpang,,,18홀,tr_219820844
알펜시아명문,2026-09-19,08:20,150000,golfpang,,,18홀,tr_219821254
센추리21(퍼),2026-09-19,08:06,140000,golfpang,,,18홀,tr_220165595
센추리21(퍼),2026-09-19,12:46,125000,golfpang,,,18홀,tr_220165596
웰리힐리,2026-09-19,12:42,190000,golfpang,,,18홀,tr_218853094
벨라스톤,2026-09-19,06:35,159000,golfpang,,,18홀,tr_219911534
알펜시아명문,2026-09-19,13:13,170000,golfpang,,,18홀,tr_219821255
알프스대영,2026-09-19,13:06,109000,golfpang,,,18홀,tr_220138697
동서울cc-퍼9,2026-09-19,12:49,119000,golfpang,,,18홀,tr_217703350
알펜시아700,2026-09-19,12:49,140000,golfpang,,,18홀,tr_219820845
동강시스타,2026-09-19,12:46,120000,golfpang,,,18홀,tr_219137878
센추리21,2026-09-19,17:26,90000,golfpang,,,18홀,tr_220151349
알프스대영,2026-09-19,16:47,89000,golfpang,,,18홀,tr_220138698
동서울cc-퍼9,2026-09-19,17:56,65000,golfpang,,,18홀,tr_217703351
센추리21,2026-09-19,17:54,90000,golfpang,,,18홀,tr_220151350
벨라스톤,2026-09-19,17:45,100000,golfpang,,,18홀,tr_219911535
센추리21(퍼),2026-09-19,17:40,80000,golfpang,,,18홀,tr_220165597
센추리21,2026-09-19,18:22,90000,golfpang,,,18홀,tr_220151351
남한강에스파크,2026-09-19,18:14,99000,golfpang,,,18홀,tr_219444933
웰리힐리,2026-09-19,06:54,190000,golfpang,,,18홀,tr_218853092
동강시스타,2026-09-19,06:58,110000,golfpang,,,18홀,tr_219137876
남한강에스파크,2026-09-19,18:28,99000,golfpang,,,18홀,tr_219444934
알펜시아명문,2026-09-19,07:24,130000,golfpang,,,18홀,tr_219821253
동강시스타,2026-09-19,07:47,120000,golfpang,,,18홀,tr_219137877
알펜시아700,2026-09-19,18:12,80000,golfpang,,,18홀,tr_219820846
남한강에스파크,2026-09-19,18:00,99000,golfpang,,,18홀,tr_219444932
알프스대영,2026-09-19,17:57,69000,golfpang,,,18홀,tr_220138699
웰리힐리,2026-09-19,07:34,190000,golfpang,,,18홀,tr_218853093
동서울cc-퍼9,2026-09-19,07:48,119000,golfpang,,,18홀,tr_217703349
오로라,2026-09-19,17:50,100000,golfpang,,,18홀,tr_220174792
오로라,2026-09-19,12:39,150000,golfpang,,,18홀,tr_220174791
옥스필드,2026-09-19,06:53,119000,golfpang,,,18홀,tr_220100230
옥스필드,2026-09-19,13:09,99000,golfpang,,,18홀,tr_220100231
옥스필드,2026-09-19,18:15,69000,golfpang,,,18홀,tr_220100232
벨라스톤,2026-09-19,06:35,159000,golfpang,,,18홀,tr_219968938
벨라스톤,2026-09-19,17:45,100000,golfpang,,,18홀,tr_219968939
벨라스톤,2026-09-19,18:06,100000,golfpang,,,18홀,tr_219968940
센추리21,2026-09-19,17:26,100000,golfpang,,,18홀,tr_219938216
센추리21,2026-09-19,17:26,100000,golfpang,,,18홀,tr_219938217
센추리21,2026-09-19,17:33,100000,golfpang,,,18홀,tr_219938218
센추리21(퍼),2026-09-19,08:06,140000,golfpang,,,18홀,tr_219937918
센추리21(퍼),2026-09-19,17:26,80000,golfpang,,,18홀,tr_219937920
센추리21(퍼),2026-09-19,11:43,125000,golfpang,,,18홀,tr_219937919
동강시스타,2026-09-19,17:10,80000,golfpang,,,18홀,tr_217994034
동서울cc-퍼9,2026-09-19,13:52,89000,golfpang,,,18홀,tr_219372471
벨라45 마스터스,2026-09-19,17:38,115000,golfpang,,,18홀,tr_219435729
벨라45 마스터스,2026-09-19,17:31,115000,golfpang,,,18홀,tr_219435728
벨라45 마스터스,2026-09-19,17:31,115000,golfpang,,,18홀,tr_219435727
동서울cc-퍼9,2026-09-19,18:17,65000,golfpang,,,18홀,tr_219372472
알펜시아명문,2026-09-19,06:42,120000,golfpang,,,18홀,tr_219529491
알펜시아700,2026-09-19,17:23,100000,golfpang,,,18홀,tr_219602162
알펜시아700,2026-09-19,12:49,140000,golfpang,,,18홀,tr_219602161
알펜시아명문,2026-09-19,12:52,170000,golfpang,,,18홀,tr_219529493
동강시스타,2026-09-19,13:35,110000,golfpang,,,18홀,tr_217994033
웰리힐리,2026-09-19,11:34,190000,golfpang,,,18홀,tr_219546357
웰리힐리,2026-09-19,12:14,190000,golfpang,,,18홀,tr_219546358
알펜시아700,2026-09-19,07:50,120000,golfpang,,,18홀,tr_219602160
동서울cc-퍼9,2026-09-19,08:09,99000,golfpang,,,18홀,tr_219372470
알펜시아명문,2026-09-19,07:45,130000,golfpang,,,18홀,tr_219529492
동강시스타,2026-09-19,06:58,110000,golfpang,,,18홀,tr_217994032
웰리힐리,2026-09-19,07:34,190000,golfpang,,,18홀,tr_219546356
동강시스타,2026-09-19,12:36,315000,golfpang,,,36홀,tr_206928454
속초(비공개),2026-09-19,12:42,463500,golfpang,,,36홀,tr_206804723
웰리힐리,2026-09-19,12:36,460000,golfpang,,,36홀,tr_208961805
속초(비공개),2026-09-19,12:42,428000,golfpang,,,36홀,tr_208386397
강릉(비공개),2026-09-19,12:30,450000,golfpang,,,36홀,tr_210555715
블랙밸리,2026-09-19,13:10,325000,golfpang,,,36홀,tr_208979198
파인리즈,2026-09-19,13:04,496000,golfpang,,,36홀,tr_208360236
알프스대영,2026-09-19,17:57,69000,golfpang,,,18홀,tr_220181268
파크밸리,2026-09-19,12:32,149000,golfpang,,,18홀,tr_220180704
옥스필드,2026-09-19,17:26,79000,golfpang,,,18홀,tr_220217037
옥스필드,2026-09-19,13:30,99000,golfpang,,,18홀,tr_220217036
센추리21,2026-09-19,18:29,90000,golfpang,,,18홀,tr_220216706
센추리21,2026-09-19,17:26,90000,golfpang,,,18홀,tr_220216705
남한강에스파크,2026-09-19,18:28,109000,golfpang,,,18홀,tr_219569206
동강시스타,2026-09-19,06:58,110000,golfpang,,,18홀,tr_218134514
센추리21(퍼),2026-09-19,06:56,135000,golfpang,,,18홀,tr_218482870
알펜시아명문,2026-09-19,06:56,110000,golfpang,,,18홀,tr_219622683
알펜시아명문,2026-09-19,11:14,170000,golfpang,,,18홀,tr_219622685
알펜시아700,2026-09-19,08:25,130000,golfpang,,,18홀,tr_219583687
동강시스타,2026-09-19,07:54,120000,golfpang,,,18홀,tr_218134515
알펜시아700,2026-09-19,07:50,120000,golfpang,,,18홀,tr_219583686
알프스대영,2026-09-19,12:17,115000,golfpang,,,18홀,tr_220037718
오로라,2026-09-19,12:04,170000,golfpang,,,18홀,tr_220213919
동강시스타,2026-09-19,12:04,120000,golfpang,,,18홀,tr_218134516
센추리21(퍼),2026-09-19,11:50,140000,golfpang,,,18홀,tr_218482871
오로라,2026-09-19,13:35,160000,golfpang,,,18홀,tr_220213920
센추리21(퍼),2026-09-19,13:07,130000,golfpang,,,18홀,tr_218482872
알프스대영,2026-09-19,12:52,109000,golfpang,,,18홀,tr_220037719
알펜시아700,2026-09-19,12:49,140000,golfpang,,,18홀,tr_219583688
센추리21,2026-09-19,17:26,90000,golfpang,,,18홀,tr_220212065
알프스대영,2026-09-19,16:47,89000,golfpang,,,18홀,tr_220037720
센추리21,2026-09-19,17:54,90000,golfpang,,,18홀,tr_220212066
남한강에스파크,2026-09-19,18:00,109000,golfpang,,,18홀,tr_219569205
센추리21,2026-09-19,18:29,90000,golfpang,,,18홀,tr_220212067
오로라,2026-09-19,07:05,180000,golfpang,,,18홀,tr_220213918
알펜시아명문,2026-09-19,07:24,130000,golfpang,,,18홀,tr_219622684
평창(비공개),2026-09-19,07:18,170000,golfpang,,,18홀,tr_218970767
평창(비공개),2026-09-19,07:18,170000,golfpang,,,18홀,tr_218983867
알펜시아명문,2026-09-19,11:14,170000,golfpang,,,18홀,tr_220118030
옥스필드,2026-09-19,07:21,129000,golfpang,,,18홀,tr_220115614
옥스필드,2026-09-19,13:09,99000,golfpang,,,18홀,tr_220115467
옥스필드,2026-09-19,11:17,149000,golfpang,,,18홀,tr_220214100
옥스필드,2026-09-19,06:46,119000,golfpang,,,18홀,tr_220214099
옥스필드,2026-09-19,18:15,69000,golfpang,,,18홀,tr_220214101
알펜시아명문,2026-09-19,11:14,170000,golfpang,,,18홀,tr_219813866
알펜시아700,2026-09-19,13:45,130000,golfpang,,,18홀,tr_219813442
알프스대영,2026-09-19,12:17,119000,golfpang,,,18홀,tr_219997994
알펜시아700,2026-09-19,12:49,140000,golfpang,,,18홀,tr_219813441
오로라,2026-09-19,12:04,160000,golfpang,,,18홀,tr_220151744
옥스필드,2026-09-19,11:45,119000,golfpang,,,18홀,tr_219957306
옥스필드,2026-09-19,13:23,99000,golfpang,,,18홀,tr_219957307
오로라,2026-09-19,13:14,150000,golfpang,,,18홀,tr_220151745
알프스대영,2026-09-19,13:06,119000,golfpang,,,18홀,tr_219997995
알펜시아명문,2026-09-19,13:13,170000,golfpang,,,18홀,tr_219813867
옥스필드,2026-09-19,07:21,129000,golfpang,,,18홀,tr_219957305
알펜시아명문,2026-09-19,06:35,100000,golfpang,,,18홀,tr_219813865
벨라스톤,2026-09-19,06:35,159000,golfpang,,,18홀,tr_219820999
파크밸리,2026-09-19,12:32,139000,golfpang,,,18홀,tr_220213018
동서울cc-퍼9,2026-09-19,18:17,65000,golfpang,,,18홀,tr_220104403
옥스필드,2026-09-19,18:22,69000,golfpang,,,18홀,tr_219821343
알펜시아700,2026-09-19,18:26,70000,golfpang,,,18홀,tr_220105015
알펜시아700,2026-09-19,17:44,80000,golfpang,,,18홀,tr_220105014
벨라스톤,2026-09-19,17:45,100000,golfpang,,,18홀,tr_219817697
오로라,2026-09-19,17:50,100000,golfpang,,,18홀,tr_220193423
웰리힐리,2026-09-19,14:02,190000,golfpang,,,18홀,tr_219588095
동서울cc-퍼9,2026-09-19,12:49,89000,golfpang,,,18홀,tr_220104402
알펜시아명문,2026-09-19,13:13,170000,golfpang,,,18홀,tr_220105566
웰리힐리,2026-09-19,11:54,190000,golfpang,,,18홀,tr_219588094
옥스필드,2026-09-19,12:13,119000,golfpang,,,18홀,tr_219821342
오로라,2026-09-19,12:39,150000,golfpang,,,18홀,tr_220193422
알펜시아700,2026-09-19,07:50,130000,golfpang,,,18홀,tr_220105013
알펜시아명문,2026-09-19,11:14,170000,golfpang,,,18홀,tr_220105565
웰리힐리,2026-09-19,06:46,190000,golfpang,,,18홀,tr_219588093
동서울cc-퍼9,2026-09-19,07:48,99000,golfpang,,,18홀,tr_220104401
벨라스톤,2026-09-19,06:35,160000,golfpang,,,18홀,tr_219817696
옥스필드,2026-09-19,06:39,129000,golfpang,,,18홀,tr_219821341
오로라,2026-09-19,18:30,100000,golfpang,,,18홀,tr_220193424
남한강에스파크,2026-09-19,18:14,99000,golfpang,,,18홀,tr_219594976
벨라스톤,2026-09-19,18:06,100000,golfpang,,,18홀,tr_219817698
남한강에스파크,2026-09-19,18:00,99000,golfpang,,,18홀,tr_219594975
알펜시아명문,2026-09-19,06:42,100000,golfpang,,,18홀,tr_220105564
남한강에스파크,2026-09-19,18:28,99000,golfpang,,,18홀,tr_219594977
알펜시아700,2026-09-19,13:38,140000,golfpang,,,18홀,tr_219149646
알펜시아700,2026-09-19,06:33,110000,golfpang,,,18홀,tr_219149645
알펜시아700,2026-09-19,18:12,100000,golfpang,,,18홀,tr_219149647
알프스대영,2026-09-19,17:38,69000,golfpang,,,18홀,tr_220203719
옥스필드,2026-09-19,12:13,109000,golfpang,,,18홀,tr_220209046
옥스필드,2026-09-19,07:21,129000,golfpang,,,18홀,tr_220209045
옥스필드,2026-09-19,18:15,69000,golfpang,,,18홀,tr_220209047
알프스대영,2026-09-19,18:25,65000,golfpang,,,18홀,tr_220208574
알프스대영,2026-09-19,17:57,69000,golfpang,,,18홀,tr_220208573
알프스대영,2026-09-19,18:39,65000,golfpang,,,18홀,tr_220208575
센추리21,2026-09-19,17:26,90000,golfpang,,,18홀,tr_220208045
센추리21,2026-09-19,18:22,90000,golfpang,,,18홀,tr_220208047
센추리21,2026-09-19,18:01,90000,golfpang,,,18홀,tr_220208046
오로라,2026-09-19,17:50,100000,golfpang,,,18홀,tr_220207987
오로라,2026-09-19,07:05,180000,golfpang,,,18홀,tr_220207985
오로라,2026-09-19,12:04,150000,golfpang,,,18홀,tr_220207986
남한강에스파크,2026-09-19,18:14,99000,golfpang,,,18홀,tr_219760535
오로라,2026-09-19,07:05,180000,golfpang,,,18홀,tr_220199833
알펜시아700,2026-09-19,14:13,130000,golfpang,,,18홀,tr_219999483
알펜시아명문,2026-09-19,13:13,170000,golfpang,,,18홀,tr_219999524
알펜시아700,2026-09-19,13:45,130000,golfpang,,,18홀,tr_219999482
알펜시아700,2026-09-19,17:23,80000,golfpang,,,18홀,tr_219999484
알펜시아명문,2026-09-19,11:14,170000,golfpang,,,18홀,tr_219999523
알펜시아명문,2026-09-19,07:10,120000,golfpang,,,18홀,tr_219999522
웰리힐리,2026-09-19,12:02,190000,golfpang,,,18홀,tr_218796050
웰리힐리,2026-09-19,13:22,190000,golfpang,,,18홀,tr_218796051
벨라45 마스터스,2026-09-19,17:31,115000,golfpang,,,18홀,tr_219558334
남한강에스파크,2026-09-19,18:14,99000,golfpang,,,18홀,tr_219558412
벨라45 마스터스,2026-09-19,17:59,115000,golfpang,,,18홀,tr_219558335
남한강에스파크,2026-09-19,18:28,99000,golfpang,,,18홀,tr_219558413
파인밸리,2026-09-19,06:17,125000,golfpang,,,18홀,tr_219158508
웰리힐리,2026-09-19,09:02,190000,golfpang,,,18홀,tr_218796049
벨라스톤,2026-09-19,06:35,159000,golfpang,,,18홀,tr_219989462
벨라스톤,2026-09-19,12:25,169000,golfpang,,,18홀,tr_219989463
벨라스톤,2026-09-19,17:45,100000,golfpang,,,18홀,tr_219989464
오로라,2026-09-19,07:05,180000,golfpang,,,18홀,tr_220201784
오로라,2026-09-19,18:30,100000,golfpang,,,18홀,tr_220201786
오로라,2026-09-19,12:46,150000,golfpang,,,18홀,tr_220201785
오로라,2026-09-19,17:42,110000,golfpang,,,18홀,tr_220190518
오로라,2026-09-19,06:30,150000,golfpang,,,18홀,tr_220190516
오로라,2026-09-19,13:14,150000,golfpang,,,18홀,tr_220190517
동서울cc-퍼9,2026-09-19,18:31,65000,golfpang,,,18홀,tr_220033676
동서울cc-퍼9,2026-09-19,18:45,65000,golfpang,,,18홀,tr_220033677
동서울cc-퍼9,2026-09-19,18:17,65000,golfpang,,,18홀,tr_220033675
알프스대영,2026-09-19,18:25,59000,golfpang,,,18홀,tr_220150674
알프스대영,2026-09-19,12:03,105000,golfpang,,,18홀,tr_220150673
알펜시아700,2026-09-19,14:13,130000,golfpang,,,18홀,tr_219871324
알펜시아700,2026-09-19,13:45,130000,golfpang,,,18홀,tr_219871323
알펜시아700,2026-09-19,12:49,140000,golfpang,,,18홀,tr_219871322
파크밸리,2026-09-19,07:10,179000,golfpang,,,18홀,tr_219860593
파크밸리,2026-09-19,13:35,149000,golfpang,,,18홀,tr_219840198
파인밸리,2026-09-19,06:17,125000,golfpang,,,18홀,tr_220103901
파인밸리,2026-09-19,06:24,125000,golfpang,,,18홀,tr_220103902
웰리힐리,2026-09-19,13:38,190000,golfpang,,,18홀,tr_220103212
웰리힐리,2026-09-19,12:06,190000,golfpang,,,18홀,tr_220103211
웰리힐리,2026-09-19,07:34,190000,golfpang,,,18홀,tr_220103210
옥스필드,2026-09-19,07:35,139000,golfpang,,,18홀,tr_220033391
옥스필드,2026-09-19,06:46,119000,golfpang,,,18홀,tr_220033390
옥스필드,2026-09-19,11:17,149000,golfpang,,,18홀,tr_220033392
오로라,2026-09-19,12:39,170000,golfpang,,,18홀,tr_219871709
오로라,2026-09-19,06:44,170000,golfpang,,,18홀,tr_219871708
오로라,2026-09-19,13:07,160000,golfpang,,,18홀,tr_219871710
벨라스톤,2026-09-19,18:13,100000,golfpang,,,18홀,tr_219821001
알펜시아700,2026-09-19,17:23,80000,golfpang,,,18홀,tr_219813443
벨라스톤,2026-09-19,17:45,100000,golfpang,,,18홀,tr_219821000
알프스대영,2026-09-19,17:15,79000,golfpang,,,18홀,tr_219997996
옥스필드,2026-09-19,13:30,99000,golfpang,,,18홀,tr_220055822
옥스필드,2026-09-19,17:19,79000,golfpang,,,18홀,tr_220055823
옥스필드,2026-09-19,06:25,99000,golfpang,,,18홀,tr_220055821
벨라스톤,2026-09-19,17:45,100000,golfpang,,,18홀,tr_220007558
벨라스톤,2026-09-19,06:35,159000,golfpang,,,18홀,tr_220007557
벨라스톤,2026-09-19,18:06,100000,golfpang,,,18홀,tr_220007559
알프스대영,2026-09-19,17:57,69000,golfpang,,,18홀,tr_220049394
알프스대영,2026-09-19,12:17,115000,golfpang,,,18홀,tr_220049392
알프스대영,2026-09-19,12:52,109000,golfpang,,,18홀,tr_220049393
알펜시아명문,2026-09-19,06:42,100000,golfpang,,,18홀,tr_220036801
알펜시아명문,2026-09-19,13:13,170000,golfpang,,,18홀,tr_220036803
알펜시아명문,2026-09-19,11:14,170000,golfpang,,,18홀,tr_220036802
알펜시아700,2026-09-19,13:45,130000,golfpang,,,18홀,tr_220035891
알펜시아700,2026-09-19,17:30,80000,golfpang,,,18홀,tr_220035892
알펜시아700,2026-09-19,18:19,70000,golfpang,,,18홀,tr_220035893
벨라스톤,2026-09-19,17:45,100000,golfpang,,,18홀,tr_220026329
벨라스톤,2026-09-19,06:35,159000,golfpang,,,18홀,tr_220026328
벨라스톤,2026-09-19,18:06,100000,golfpang,,,18홀,tr_220026330
동서울cc-퍼9,2026-09-19,13:59,79000,golfpang,,,18홀,tr_220011178
동서울cc-퍼9,2026-09-19,08:44,89000,golfpang,,,18홀,tr_220011177
동서울cc-퍼9,2026-09-19,18:03,65000,golfpang,,,18홀,tr_220011179
벨라45 마스터스,2026-09-19,17:45,115000,golfpang,,,18홀,tr_220011027
벨라45 마스터스,2026-09-19,17:59,115000,golfpang,,,18홀,tr_220011029
벨라45 마스터스,2026-09-19,17:52,115000,golfpang,,,18홀,tr_220011028
동강시스타,2026-09-19,17:24,80000,golfpang,,,18홀,tr_220009949
동강시스타,2026-09-19,13:00,110000,golfpang,,,18홀,tr_220009948
동강시스타,2026-09-19,06:58,110000,golfpang,,,18홀,tr_220009947
벨라스톤,2026-09-19,06:35,160000,golfpang,,,18홀,tr_219445018
알펜시아명문,2026-09-19,07:24,130000,golfpang,,,18홀,tr_219772185
동서울cc-퍼9,2026-09-19,08:09,99000,golfpang,,,18홀,tr_219329890
동강시스타,2026-09-19,08:22,120000,golfpang,,,18홀,tr_217261279
알펜시아700,2026-09-19,08:25,130000,golfpang,,,18홀,tr_219772282
웰리힐리,2026-09-19,10:54,190000,golfpang,,,18홀,tr_218564474
알펜시아명문,2026-09-19,11:14,170000,golfpang,,,18홀,tr_219772186
웰리힐리,2026-09-19,12:26,190000,golfpang,,,18홀,tr_218564476
알펜시아700,2026-09-19,12:49,140000,golfpang,,,18홀,tr_219772283
알펜시아700,2026-09-19,13:45,130000,golfpang,,,18홀,tr_219772284
알펜시아700,2026-09-19,12:49,140000,golfpang,,,18홀,tr_219888796
알펜시아700,2026-09-19,17:23,80000,golfpang,,,18홀,tr_219888797
알펜시아700,2026-09-19,18:05,70000,golfpang,,,18홀,tr_219888798
알펜시아명문,2026-09-19,07:24,120000,golfpang,,,18홀,tr_219870410
알펜시아명문,2026-09-19,06:35,100000,golfpang,,,18홀,tr_219870409
알펜시아명문,2026-09-19,08:20,150000,golfpang,,,18홀,tr_219870411
알펜시아명문,2026-09-19,07:24,120000,golfpang,,,18홀,tr_219841727
알펜시아명문,2026-09-19,08:20,140000,golfpang,,,18홀,tr_219841728
알펜시아명문,2026-09-19,11:14,170000,golfpang,,,18홀,tr_219841729
벨라스톤,2026-09-19,06:35,159000,golfpang,,,18홀,tr_219820631
벨라스톤,2026-09-19,17:45,100000,golfpang,,,18홀,tr_219820632
벨라스톤,2026-09-19,18:41,100000,golfpang,,,18홀,tr_219820633
벨라스톤,2026-09-19,06:56,160000,golfpang,,,18홀,tr_219817992
벨라스톤,2026-09-19,06:56,160000,golfpang,,,18홀,tr_219817993
벨라스톤,2026-09-19,06:56,160000,golfpang,,,18홀,tr_219817994
벨라스톤,2026-09-19,17:38,100000,golfpang,,,18홀,tr_219817776
벨라스톤,2026-09-19,18:06,100000,golfpang,,,18홀,tr_219817777
벨라스톤,2026-09-19,06:35,160000,golfpang,,,18홀,tr_219794585
알프스대영,2026-09-19,07:01,119000,golfpang,,,18홀,tr_219779149
알프스대영,2026-09-19,17:50,69000,golfpang,,,18홀,tr_219779151
알프스대영,2026-09-19,13:06,119000,golfpang,,,18홀,tr_219779150
동서울cc-퍼9,2026-09-19,07:06,89000,golfpang,,,18홀,tr_219671945
동서울cc-퍼9,2026-09-19,13:52,89000,golfpang,,,18홀,tr_219671946
동서울cc-퍼9,2026-09-19,18:17,65000,golfpang,,,18홀,tr_219671947
웰리힐리,2026-09-19,07:18,190000,golfpang,,,18홀,tr_219569874
웰리힐리,2026-09-19,12:14,190000,golfpang,,,18홀,tr_219569876
웰리힐리,2026-09-19,09:42,190000,golfpang,,,18홀,tr_219569875
남한강에스파크,2026-09-19,18:14,109000,golfpang,,,18홀,tr_219570866
남한강에스파크,2026-09-19,18:28,109000,golfpang,,,18홀,tr_219570867
남한강에스파크,2026-09-19,18:00,109000,golfpang,,,18홀,tr_219570865
알프스대영,2026-09-19,12:52,109000,golfpang,,,18홀,tr_219619932
알프스대영,2026-09-19,17:50,69000,golfpang,,,18홀,tr_219619933
알프스대영,2026-09-19,05:51,99000,golfpang,,,18홀,tr_219619931
알프스대영,2026-09-19,18:25,59000,golfpang,,,18홀,tr_219595814
알프스대영,2026-09-19,18:25,59000,golfpang,,,18홀,tr_219595815
알펜시아명문,2026-09-19,06:42,120000,golfpang,,,18홀,tr_219479872
알펜시아명문,2026-09-19,07:10,130000,golfpang,,,18홀,tr_219479873
웰리힐리,2026-09-19,07:34,190000,golfpang,,,18홀,tr_219555729
알펜시아700,2026-09-19,07:50,120000,golfpang,,,18홀,tr_219556350
웰리힐리,2026-09-19,12:06,190000,golfpang,,,18홀,tr_219555730
알펜시아명문,2026-09-19,13:13,170000,golfpang,,,18홀,tr_219479874
웰리힐리,2026-09-19,13:22,190000,golfpang,,,18홀,tr_219555731
알펜시아700,2026-09-19,14:06,130000,golfpang,,,18홀,tr_219556351
알펜시아700,2026-09-19,17:23,100000,golfpang,,,18홀,tr_219556352
벨라스톤,2026-09-19,17:38,100000,golfpang,,,18홀,tr_219443749
벨라스톤,2026-09-19,17:45,100000,golfpang,,,18홀,tr_219443750
벨라스톤,2026-09-19,06:35,160000,golfpang,,,18홀,tr_219443748
오로라,2026-09-19,17:18,120000,golfpang,,,18홀,tr_219471729
오로라,2026-09-19,18:14,110000,golfpang,,,18홀,tr_219471730
벨라스톤,2026-09-19,17:31,110000,golfpang,,,18홀,tr_219428244
남한강에스파크,2026-09-19,18:00,99000,golfpang,,,18홀,tr_219414413
남한강에스파크,2026-09-19,18:28,99000,golfpang,,,18홀,tr_219414414
벨라45 마스터스,2026-09-19,17:31,115000,golfpang,,,18홀,tr_219394094
벨라45 마스터스,2026-09-19,17:52,115000,golfpang,,,18홀,tr_219394095
웰리힐리,2026-09-19,09:02,190000,golfpang,,,18홀,tr_218881339
휘닉스,2026-09-19,11:22,220000,golfpang,,,18홀,tr_218623407
웰리힐리,2026-09-19,10:54,190000,golfpang,,,18홀,tr_218881340
웰리힐리,2026-09-19,12:02,190000,golfpang,,,18홀,tr_218881341
휘닉스,2026-09-19,07:30,220000,golfpang,,,18홀,tr_218623406
파인밸리,2026-09-19,06:17,125000,golfpang,,,18홀,tr_219153568
클럽D 거창,2026-09-19,07:51,90000,golfpang,,,18홀,tr_220261867
클럽D 거창,2026-09-19,13:11,85000,golfpang,,,18홀,tr_220261868
클럽D 거창,2026-09-19,07:44,90000,golfpang,,,18홀,tr_220288354
클럽D 거창,2026-09-19,08:33,95000,golfpang,,,18홀,tr_220288355
클럽D 거창,2026-09-19,13:04,85000,golfpang,,,18홀,tr_220328003
클럽D 거창,2026-09-19,06:55,80000,golfpang,,,18홀,tr_220328002
클럽D 거창,2026-09-19,12:01,95000,golfpang,,,18홀,tr_220347526
클럽D 거창,2026-09-19,08:33,95000,golfpang,,,18홀,tr_220347525
군산,2026-09-19,12:10,170000,golfpang,,,18홀,tr_220347066
군산,2026-09-19,06:30,160000,golfpang,,,18홀,tr_220347065
클럽D 거창,2026-09-19,11:33,95000,golfpang,,,18홀,tr_220290590
클럽D 거창,2026-09-19,08:37,95000,golfpang,,,18홀,tr_220290589
군산,2026-09-19,11:28,170000,golfpang,,,18홀,tr_219889280
웅포,2026-09-19,11:42,140000,golfpang,,,18홀,tr_218502945
골프존 구미,2026-09-19,18:59,73000,golfpang,,,18홀,tr_220325897
엠스클럽 의성,2026-09-19,18:14,81000,golfpang,,,18홀,tr_220325821
엠스클럽 의성,2026-09-19,18:07,81000,golfpang,,,18홀,tr_220325775
파라지오,2026-09-19,18:02,76000,golfpang,,,18홀,tr_220325655
안동 리버힐,2026-09-19,17:05,86000,golfpang,,,18홀,tr_220325573
골프존 순천,2026-09-19,14:23,136000,golfpang,,,18홀,tr_220328279
태인,2026-09-19,14:08,151000,golfpang,,,18홀,tr_220328237
어등산,2026-09-19,14:07,161000,golfpang,,,18홀,tr_220328199
함평엘리체,2026-09-19,14:05,111000,golfpang,,,18홀,tr_220328115
웅포,2026-09-19,14:00,131000,golfpang,,,18홀,tr_220328080
석정힐,2026-09-19,13:55,116000,golfpang,,,18홀,tr_220327973
함평엘리체,2026-09-19,13:30,111000,golfpang,,,18홀,tr_220327818
어등산,2026-09-19,13:11,171000,golfpang,,,18홀,tr_220327781
다산베아체,2026-09-19,13:08,121000,golfpang,,,18홀,tr_220327693
담양레이나,2026-09-19,13:02,146000,golfpang,,,18홀,tr_220327659
전주샹그릴라,2026-09-19,12:51,141000,golfpang,,,18홀,tr_220327592
골프존 드래곤,2026-09-19,12:11,147000,golfpang,,,18홀,tr_220327245
안동 리버힐,2026-09-19,11:51,131000,golfpang,,,18홀,tr_220325474
전주샹그릴라,2026-09-19,08:32,141000,golfpang,,,18홀,tr_220326967
함평엘리체,2026-09-19,08:24,111000,golfpang,,,18홀,tr_220326908
골프존 드래곤,2026-09-19,08:15,132000,golfpang,,,18홀,tr_220326897
담양레이나,2026-09-19,07:57,146000,golfpang,,,18홀,tr_220326718
푸른솔장성,2026-09-19,07:55,161000,golfpang,,,18홀,tr_220326577
화순엘리체,2026-09-19,07:53,136000,golfpang,,,18홀,tr_220326547
안동 리버힐,2026-09-19,07:48,111000,golfpang,,,18홀,tr_220325301
웅포,2026-09-19,07:19,131000,golfpang,,,18홀,tr_220326423
무등산,2026-09-19,07:13,161000,golfpang,,,18홀,tr_220326329
골프존 드래곤,2026-09-19,07:05,122000,golfpang,,,18홀,tr_220326228
담양레이나,2026-09-19,06:47,146000,golfpang,,,18홀,tr_220326108
아크로,2026-09-19,06:21,151000,golfpang,,,18홀,tr_220325769
클럽D 거창,2026-09-19,06:41,80000,golfpang,,,18홀,tr_220210577
클럽D 거창,2026-09-19,13:25,85000,golfpang,,,18홀,tr_220210578
해내다,2026-09-19,06:21,161000,golfpang,,,18홀,tr_220242320
태인,2026-09-19,06:33,156000,golfpang,,,18홀,tr_220242411
포세븐 금강,2026-09-19,06:29,136000,golfpang,,,18홀,tr_220242384
김제스파힐스,2026-09-19,05:54,141000,golfpang,,,18홀,tr_220242005
포세븐 금강,2026-09-19,13:32,155000,golfpang,,,18홀,tr_220001373
골프존 무주,2026-09-19,13:23,137000,golfpang,,,18홀,tr_220239492
군산,2026-09-19,08:15,170000,golfpang,,,18홀,tr_219889279
웅포,2026-09-19,07:18,130000,golfpang,,,18홀,tr_217533403
군산,2026-09-19,06:44,160000,golfpang,,,18홀,tr_220103190
클럽D 거창,2026-09-19,11:33,95000,golfpang,,,18홀,tr_220283169
클럽D 거창,2026-09-19,06:55,80000,golfpang,,,18홀,tr_220283168
클럽D 거창,2026-09-19,07:44,90000,golfpang,,,18홀,tr_218785157
다산베아체,2026-09-19,12:18,121000,golfpang,,,18홀,tr_220085343
다산베아체,2026-09-19,06:59,121000,golfpang,,,18홀,tr_219569830
클럽D 거창,2026-09-19,11:40,95000,golfpang,,,18홀,tr_220260818
클럽D 거창,2026-09-19,07:58,90000,golfpang,,,18홀,tr_220260817
장수,2026-09-19,06:26,98500,golfpang,,,18홀,tr_220260772
클럽D 거창,2026-09-19,11:40,95000,golfpang,,,18홀,tr_220260751
클럽D 거창,2026-09-19,08:33,95000,golfpang,,,18홀,tr_220260750
전주샹그릴라,2026-09-19,08:31,141000,golfpang,,,18홀,tr_220260486
전주샹그릴라,2026-09-19,12:50,141000,golfpang,,,18홀,tr_220260481
파인비치,2026-09-19,11:30,162000,golfpang,,,18홀,tr_220057676
파인비치,2026-09-19,12:30,162000,golfpang,,,18홀,tr_220087680
웅포,2026-09-19,13:31,131000,golfpang,,,18홀,tr_219569600
포세븐 금강,2026-09-19,06:21,136000,golfpang,,,18홀,tr_220259987
웅포,2026-09-19,06:36,131000,golfpang,,,18홀,tr_219569683
무등산,2026-09-19,07:12,161000,golfpang,,,18홀,tr_219569800
골프존 드래곤,2026-09-19,07:25,122000,golfpang,,,18홀,tr_219569989
담양레이나,2026-09-19,07:56,146000,golfpang,,,18홀,tr_219746395
한맥,2026-09-19,11:48,151000,golfpang,,,18홀,tr_220242792
해내다,2026-09-19,11:20,171000,golfpang,,,18홀,tr_220242692
포도,2026-09-19,08:45,121000,golfpang,,,18홀,tr_220242670
한맥,2026-09-19,08:23,161000,golfpang,,,18홀,tr_220242503
진해신항,2026-09-19,07:39,171000,golfpang,,,18홀,tr_220242409
안동 리버힐,2026-09-19,06:38,111000,golfpang,,,18홀,tr_220241800
클럽D 거창,2026-09-19,06:35,81000,golfpang,,,18홀,tr_220241560
해내다,2026-09-19,06:21,161000,golfpang,,,18홀,tr_220241170
포세븐 금강,2026-09-19,12:50,170000,golfpang,,,18홀,tr_220202085
웅포,2026-09-19,11:32,140000,golfpang,,,18홀,tr_219554888
군산,2026-09-19,12:45,170000,golfpang,,,18홀,tr_220180645
군산,2026-09-19,07:41,170000,golfpang,,,18홀,tr_220180644
파인비치,2026-09-19,12:31,162000,golfpang,,,18홀,tr_220029399
파인비치,2026-09-19,11:31,162000,golfpang,,,18홀,tr_220029356
클럽D 거창,2026-09-19,06:55,80000,golfpang,,,18홀,tr_220011256
클럽D 거창,2026-09-19,07:30,90000,golfpang,,,18홀,tr_220011257
클럽D 거창,2026-09-19,11:40,95000,golfpang,,,18홀,tr_219602019
클럽D 거창,2026-09-19,06:55,80000,golfpang,,,18홀,tr_219602018
클럽D 거창,2026-09-19,13:11,85000,golfpang,,,18홀,tr_219619919
클럽D 거창,2026-09-19,07:58,90000,golfpang,,,18홀,tr_219619918
