course_name,play_date,tee_time,green_fee,source,booking_url,slots,hole_info,row_id
해솔리아,2026-09-20,17:15,120000,golfpang,,,18홀,tr_220421459
리베라,2026-09-20,17:28,120000,golfpang,,,18홀,tr_220345237
힐데스하임,2026-09-20,18:11,80000,golfpang,,,18홀,tr_220205214
해솔리아,2026-09-20,17:22,120000,golfpang,,,18홀,tr_220503521
리베라,2026-09-20,17:28,120000,golfpang,,,18홀,tr_220502868
에덴블루,2026-09-20,12:40,150000,golfpang,,,18홀,tr_220328280
몽베르(대중제),2026-09-20,17:35,120000,golfpang,,,18홀,tr_220454843
대영힐스,2026-09-20,12:31,130000,golfpang,,,18홀,tr_220152888
젠스필드,2026-09-20,17:42,90000,golfpang,,,18홀,tr_219795852
신안(병행),2026-09-20,18:10,80000,golfpang,,,18홀,tr_219741877
스타,2026-09-20,13:44,140000,golfpang,,,18홀,tr_220459058
포웰(안성)cc,2026-09-20,12:52,162000,golfpang,,,18홀,tr_220563786
필로스,2026-09-20,17:54,120000,golfpang,,,18홀,tr_219691559
골프존 안성W,2026-09-20,14:06,140000,golfpang,,,18홀,tr_220414741
리베라,2026-09-20,18:31,110000,golfpang,,,18홀,tr_220202000
빅토리아-퍼9,2026-09-20,13:20,114000,golfpang,,,18홀,tr_220375390
스타,2026-09-20,13:58,140000,golfpang,,,18홀,tr_220274519
필로스,2026-09-20,17:27,120000,golfpang,,,18홀,tr_220486367
양지파인,2026-09-20,12:51,160000,golfpang,,,18홀,tr_220486365
해솔리아,2026-09-20,17:01,120000,golfpang,,,18홀,tr_220088801
대영힐스,2026-09-20,18:48,50000,golfpang,,,18홀,tr_220522714
신안,2026-09-20,19:20,80000,golfpang,,,18홀,tr_220278957
리베라,2026-09-20,18:10,120000,golfpang,,,18홀,tr_220207145
대영힐스,2026-09-20,17:31,69000,golfpang,,,18홀,tr_220398419
한림용인,2026-09-20,17:31,125000,golfpang,,,18홀,tr_220563147
한림용인,2026-09-20,14:07,165000,golfpang,,,18홀,tr_220420367
이글몬트,2026-09-20,13:46,170000,golfpang,,,18홀,tr_220260118
몽베르(대중제),2026-09-20,17:42,120000,golfpang,,,18홀,tr_220260979
그린힐,2026-09-20,18:10,90000,golfpang,,,18홀,tr_220345468
양지파인,2026-09-20,12:14,170000,golfpang,,,18홀,tr_220485323
이븐데일,2026-09-20,12:27,85000,golfpang,,,18홀,tr_220547655
아세코밸리-퍼9,2026-09-20,12:37,130000,golfpang,,,18홀,tr_220327560
한림용인,2026-09-20,13:32,170000,golfpang,,,18홀,tr_220420393
감곡,2026-09-20,13:56,150000,golfpang,,,18홀,tr_220339261
양평TPC,2026-09-20,14:04,150000,golfpang,,,18홀,tr_220431299
킹스데일,2026-09-20,14:20,160000,golfpang,,,18홀,tr_220398224
골프존 안성W,2026-09-20,13:24,150000,golfpang,,,18홀,tr_220555760
신안(병행),2026-09-20,17:28,90000,golfpang,,,18홀,tr_220502636
리베라,2026-09-20,18:31,110000,golfpang,,,18홀,tr_220547236
알펜시아700,2026-09-20,08:39,110000,golfpang,,,18홀,tr_220321068
골프존 화랑,2026-09-20,13:41,129000,golfpang,,,18홀,tr_220467794
로얄링스,2026-09-20,13:16,100000,golfpang,,,18홀,tr_220346768
필로스,2026-09-20,17:27,120000,golfpang,,,18홀,tr_219681495
비콘힐스,2026-09-20,18:12,75000,golfpang,,,18홀,tr_220553854
필로스,2026-09-20,18:00,110000,golfpang,,,18홀,tr_220421047
그린힐,2026-09-20,19:13,80000,golfpang,,,18홀,tr_220239432
스타,2026-09-20,17:42,90000,golfpang,,,18홀,tr_219985811
감곡,2026-09-20,18:13,100000,golfpang,,,18홀,tr_220130986
이븐데일,2026-09-20,12:20,85000,golfpang,,,18홀,tr_220548508
신안,2026-09-20,19:13,80000,golfpang,,,18홀,tr_220288879
젠스필드,2026-09-20,18:38,75000,golfpang,,,18홀,tr_220402290
그린힐,2026-09-20,18:24,90000,golfpang,,,18홀,tr_220230629
리베라,2026-09-20,17:56,120000,golfpang,,,18홀,tr_220230785
알프스대영,2026-09-20,18:18,40000,golfpang,,,18홀,tr_220399099
그린힐,2026-09-20,18:45,80000,golfpang,,,18홀,tr_220401982
필로스,2026-09-20,17:34,120000,golfpang,,,18홀,tr_219673887
해솔리아,2026-09-20,17:22,120000,golfpang,,,18홀,tr_220129640
알프스대영,2026-09-20,18:18,40000,golfpang,,,18홀,tr_219595816
보령베이스-퍼9,2026-09-20,17:34,45000,golfpang,,,18홀,tr_220217167
플라밍고,2026-09-20,13:32,140000,golfpang,,,18홀,tr_220420219
가평프리스틴밸리,2026-09-20,08:43,260000,golfpang,,,18홀,tr_220564090
더플레이어스,2026-09-20,07:30,160000,golfpang,,,18홀,tr_220564089
파주,2026-09-20,17:27,150000,golfpang,,,18홀,tr_220564083
골프존 화랑,2026-09-20,07:51,139000,golfpang,,,18홀,tr_220504050
골프존 진천,2026-09-20,11:57,149000,golfpang,,,18홀,tr_218559391
골프존 천안,2026-09-20,12:58,153000,golfpang,,,18홀,tr_220513148
골프존 화랑,2026-09-20,18:14,65000,golfpang,,,18홀,tr_220523284
골프존 드래곤,2026-09-20,06:43,121000,golfpang,,,18홀,tr_218794948
파주,2026-09-20,12:20,200000,golfpang,,,18홀,tr_220305107
파크밸리,2026-09-20,13:21,139000,golfpang,,,18홀,tr_219565973
동서울cc-퍼9,2026-09-20,12:00,79000,golfpang,,,18홀,tr_219564715
동서울cc-퍼9,2026-09-20,17:14,50000,golfpang,,,18홀,tr_219564764
파크밸리,2026-09-20,07:24,159000,golfpang,,,18홀,tr_219565965
동서울cc-퍼9,2026-09-20,07:41,89000,golfpang,,,18홀,tr_219564707
파주,2026-09-20,11:52,200000,golfpang,,,18홀,tr_220305161
킹스데일,2026-09-20,08:40,195000,golfpang,,,18홀,tr_220420329
용인플라자,2026-09-20,13:30,180000,golfpang,,,18홀,tr_220564075
스톤비치,2026-09-20,12:27,110000,golfpang,,,18홀,tr_220420639
오너스,2026-09-20,07:32,150000,golfpang,,,18홀,tr_220179181
일라이트,2026-09-20,18:34,77000,golfpang,,,18홀,tr_220564073
일라이트,2026-09-20,07:17,140000,golfpang,,,18홀,tr_220469858
스톤비치,2026-09-20,07:17,100000,golfpang,,,18홀,tr_220499674
킹즈락,2026-09-20,11:47,140000,golfpang,,,18홀,tr_220536263
대영힐스,2026-09-20,12:31,130000,golfpang,,,18홀,tr_220002271
에스앤-퍼9,2026-09-20,11:49,100000,golfpang,,,18홀,tr_220544504
파주,2026-09-20,16:52,160000,golfpang,,,18홀,tr_220513347
대영힐스,2026-09-20,12:31,130000,golfpang,,,18홀,tr_220152889
파주타이거,2026-09-20,17:47,150000,golfpang,,,18홀,tr_220520706
몽베르(대중제),2026-09-20,17:35,120000,golfpang,,,18홀,tr_220454844
몽베르(대중제),2026-09-20,17:35,120000,golfpang,,,18홀,tr_219785734
그린힐,2026-09-20,18:38,90000,golfpang,,,18홀,tr_220125189
그린힐,2026-09-20,18:38,90000,golfpang,,,18홀,tr_220125190
로얄링스,2026-09-20,12:48,100000,golfpang,,,18홀,tr_220496909
일레븐,2026-09-20,17:20,65000,golfpang,,,18홀,tr_219769309
포천힐스,2026-09-20,13:17,179000,golfpang,,,18홀,tr_219345213
포레스트힐,2026-09-20,13:20,169000,golfpang,,,18홀,tr_216582557
옥스필드,2026-09-20,17:00,69000,golfpang,,,18홀,tr_219694738
코브스윙,2026-09-20,14:00,159000,golfpang,,,18홀,tr_217902139
일레븐,2026-09-20,17:37,55000,golfpang,,,18홀,tr_220564069
더플레이어스,2026-09-20,07:30,160000,golfpang,,,18홀,tr_220499642
용인플라자,2026-09-20,13:40,180000,golfpang,,,18홀,tr_220462921
파주,2026-09-20,17:27,150000,golfpang,,,18홀,tr_220564067
용인플라자,2026-09-20,13:30,180000,golfpang,,,18홀,tr_218970990
더플레이어스,2026-09-20,06:34,150000,golfpang,,,18홀,tr_220202998
블랙스톤벨포레,2026-09-20,18:05,40000,golfpang,,,18홀,tr_220564064
블랙스톤벨포레,2026-09-20,17:16,50000,golfpang,,,18홀,tr_220564062
필로스,2026-09-20,17:27,120000,golfpang,,,18홀,tr_220121361
필로스,2026-09-20,17:27,120000,golfpang,,,18홀,tr_220121362
양지파인,2026-09-20,12:51,160000,golfpang,,,18홀,tr_220349243
파주,2026-09-20,17:27,150000,golfpang,,,18홀,tr_220564061
더크로스비,2026-09-20,13:16,180000,golfpang,,,18홀,tr_220420892
플라밍고,2026-09-20,19:06,67000,golfpang,,,18홀,tr_220564060
솔모로,2026-09-20,13:49,170000,golfpang,,,18홀,tr_219817856
필로스,2026-09-20,17:34,120000,golfpang,,,18홀,tr_219746336
일레븐,2026-09-20,17:23,60000,golfpang,,,18홀,tr_220442293
솔모로,2026-09-20,13:56,170000,golfpang,,,18홀,tr_220442210
필로스,2026-09-20,17:34,120000,golfpang,,,18홀,tr_219719017
경춘(비공개),2026-09-20,13:29,153000,golfpang,,,18홀,tr_220494342
플라밍고,2026-09-20,13:46,137000,golfpang,,,18홀,tr_220564058
용인플라자,2026-09-20,14:00,180000,golfpang,,,18홀,tr_220564057
일라이트,2026-09-20,06:35,130000,golfpang,,,18홀,tr_220469853
스마트KU,2026-09-20,14:10,200000,golfpang,,,18홀,tr_220564056
프린세스,2026-09-20,18:30,80000,golfpang,,,18홀,tr_219444731
센추리21(퍼),2026-09-20,17:25,60000,golfpang,,,18홀,tr_220203367
오로라,2026-09-20,17:30,80000,golfpang,,,18홀,tr_219244438
센추리21,2026-09-20,17:30,80000,golfpang,,,18홀,tr_220203332
센추리21(퍼),2026-09-20,12:30,100000,golfpang,,,18홀,tr_220326410
이천실크밸리,2026-09-20,18:02,75000,golfpang,,,18홀,tr_219340802
그린힐,2026-09-20,19:06,80000,golfpang,,,18홀,tr_220564054
한림용인,2026-09-20,17:24,125000,golfpang,,,18홀,tr_220499753
리베라,2026-09-20,18:45,110000,golfpang,,,18홀,tr_220564034
리베라,2026-09-20,17:56,120000,golfpang,,,18홀,tr_220564033
리베라,2026-09-20,17:49,120000,golfpang,,,18홀,tr_220564032
한림용인,2026-09-20,08:37,270000,golfpang,,,18홀,tr_220564031
그린힐,2026-09-20,14:03,157000,golfpang,,,18홀,tr_220564030
포웰(안성)cc,2026-09-20,19:56,65000,golfpang,,,18홀,tr_220502510
스카이밸리,2026-09-20,14:00,177000,golfpang,,,18홀,tr_220564028
클럽72-오션,2026-09-20,06:09,240000,golfpang,,,18홀,tr_219995481
비에이비스타,2026-09-20,18:06,100000,golfpang,,,18홀,tr_218559283
포웰(안성)cc,2026-09-20,19:45,65000,golfpang,,,18홀,tr_220564024
남이천(비공개),2026-09-20,06:21,200000,golfpang,,,18홀,tr_220400641
포웰(안성)cc,2026-09-20,13:08,152000,golfpang,,,18홀,tr_220564022
에덴블루,2026-09-20,18:56,89900,golfpang,,,18홀,tr_219073934
로얄링스,2026-09-20,18:30,80000,golfpang,,,18홀,tr_220564020
떼제베(동북),2026-09-20,18:51,80000,golfpang,,,18홀,tr_220518585
로얄링스,2026-09-20,12:34,100000,golfpang,,,18홀,tr_220564019
골프존 진천,2026-09-20,07:38,169000,golfpang,,,18홀,tr_220469567
떼제베(동북),2026-09-20,17:20,90000,golfpang,,,18홀,tr_220516139
해솔리아,2026-09-20,13:47,150000,golfpang,,,18홀,tr_220564017
해솔리아,2026-09-20,12:44,160000,golfpang,,,18홀,tr_220564016
옥스필드,2026-09-20,12:13,99000,golfpang,,,18홀,tr_220505402
비에이비스타(퍼),2026-09-20,18:20,110000,golfpang,,,18홀,tr_218558332
비에이비스타,2026-09-20,13:32,160000,golfpang,,,18홀,tr_218336906
블루원용인(퍼),2026-09-20,17:47,90000,golfpang,,,18홀,tr_220504641
비에이비스타(퍼),2026-09-20,12:01,130000,golfpang,,,18홀,tr_218558264
용인(비공개명문),2026-09-20,13:59,210000,golfpang,,,18홀,tr_218747862
블루원용인(퍼),2026-09-20,13:52,140000,golfpang,,,18홀,tr_218778363
블루원용인,2026-09-20,18:15,120000,golfpang,,,18홀,tr_220441281
힐마루 포천,2026-09-20,17:38,140000,golfpang,,,18홀,tr_220209789
골프존 안성W,2026-09-20,17:42,100000,golfpang,,,18홀,tr_220548514
한림광릉,2026-09-20,17:10,130000,golfpang,,,18홀,tr_220503882
골프존 안성H,2026-09-20,14:20,180000,golfpang,,,18홀,tr_220504543
블랙스톤벨포레,2026-09-20,17:02,50000,golfpang,,,18홀,tr_220377141
아리스타,2026-09-20,13:39,100000,golfpang,,,18홀,tr_220548498
골프클럽Q,2026-09-20,13:14,160000,golfpang,,,18홀,tr_220301705
클럽모우,2026-09-20,13:34,160000,golfpang,,,18홀,tr_220301918
샴발라,2026-09-20,12:44,160000,golfpang,,,18홀,tr_220222686
임페리얼레이크,2026-09-20,11:45,139000,golfpang,,,18홀,tr_220562220
로얄링스,2026-09-20,11:45,100000,golfpang,,,18홀,tr_220209724
킹즈락,2026-09-20,11:54,135000,golfpang,,,18홀,tr_220522513
골프존 화랑,2026-09-20,07:23,149000,golfpang,,,18홀,tr_220389673
킹즈락,2026-09-20,07:55,135000,golfpang,,,18홀,tr_220522355
파크밸리,2026-09-20,06:21,129000,golfpang,,,18홀,tr_220387430
샴발라,2026-09-20,06:22,160000,golfpang,,,18홀,tr_220561435
힐데스하임,2026-09-20,06:52,145000,golfpang,,,18홀,tr_220221921
프린세스,2026-09-20,06:41,150000,golfpang,,,18홀,tr_220391926
골프클럽Q,2026-09-20,07:03,170000,golfpang,,,18홀,tr_220523391
필로스,2026-09-20,18:00,110000,golfpang,,,18홀,tr_220504060
감곡,2026-09-20,17:59,100000,golfpang,,,18홀,tr_220389582
그랜드(청주),2026-09-20,18:21,100000,golfpang,,,18홀,tr_220377552
프린세스,2026-09-20,18:23,85000,golfpang,,,18홀,tr_220377632
모나크,2026-09-20,18:23,90000,golfpang,,,18홀,tr_220291319
베르힐(영종),2026-09-20,18:18,160000,golfpang,,,18홀,tr_220209835
아리스타,2026-09-20,07:00,100000,golfpang,,,18홀,tr_220560773
해솔리아,2026-09-20,07:17,170000,golfpang,,,18홀,tr_220502772
임페리얼레이크,2026-09-20,11:31,139000,golfpang,,,18홀,tr_220564013
파주타이거,2026-09-20,17:35,150000,golfpang,,,18홀,tr_220518505
몽베르(대중제),2026-09-20,17:49,120000,golfpang,,,18홀,tr_220209398
감곡,2026-09-20,17:45,100000,golfpang,,,18홀,tr_220494110
골프존 안성W,2026-09-20,17:43,100000,golfpang,,,18홀,tr_220497027
파주타이거,2026-09-20,17:05,160000,golfpang,,,18홀,tr_220209472
파주,2026-09-20,17:20,150000,golfpang,,,18홀,tr_220209444
한림광릉,2026-09-20,17:17,130000,golfpang,,,18홀,tr_220345935
임페리얼레이크,2026-09-20,17:26,89000,golfpang,,,18홀,tr_220222166
라싸,2026-09-20,17:25,129000,golfpang,,,18홀,tr_220209392
리베라,2026-09-20,17:28,120000,golfpang,,,18홀,tr_220502869
스마트KU,2026-09-20,14:03,200000,golfpang,,,18홀,tr_220209411
파주,2026-09-20,16:45,160000,golfpang,,,18홀,tr_220209443
로얄포레,2026-09-20,16:30,99000,golfpang,,,18홀,tr_219996329
남양주(퍼9),2026-09-20,16:14,139000,golfpang,,,18홀,tr_219002126
알프스대영,2026-09-20,17:36,49000,golfpang,,,18홀,tr_220205241
알프스대영,2026-09-20,17:36,49000,golfpang,,,18홀,tr_220205240
클럽72,2026-09-20,17:36,130000,golfpang,,,18홀,tr_220208879
떼제베(동북),2026-09-20,16:59,90000,golfpang,,,18홀,tr_219624096
필로스,2026-09-20,17:14,120000,golfpang,,,18홀,tr_220209324
떼제베,2026-09-20,17:13,110000,golfpang,,,18홀,tr_219623782
클럽모우,2026-09-20,14:16,165000,golfpang,,,18홀,tr_220514420
스마트KU,2026-09-20,13:27,210000,golfpang,,,18홀,tr_220209410
세현,2026-09-20,13:44,200000,golfpang,,,18홀,tr_220497039
파주타이거,2026-09-20,13:50,170000,golfpang,,,18홀,tr_220209471
중원,2026-09-20,12:44,140000,golfpang,,,18홀,tr_220201940
오로라,2026-09-20,12:53,140000,golfpang,,,18홀,tr_220209623
푸른솔포천,2026-09-20,12:52,220000,golfpang,,,18홀,tr_220209517
파주,2026-09-20,13:02,210000,golfpang,,,18홀,tr_220518941
몽베르(대중제),2026-09-20,13:00,190000,golfpang,,,18홀,tr_220209397
클럽모우,2026-09-20,13:00,145000,golfpang,,,18홀,tr_220324948
벨라스톤,2026-09-20,13:00,159000,golfpang,,,18홀,tr_220209631
백제,2026-09-20,13:12,130000,golfpang,,,18홀,tr_220209583
이븐데일,2026-09-20,13:09,100000,golfpang,,,18홀,tr_220209606
대영베이스,2026-09-20,11:59,145000,golfpang,,,18홀,tr_220209552
파주,2026-09-20,12:13,210000,golfpang,,,18홀,tr_220209442
남춘천,2026-09-20,12:13,180000,golfpang,,,18홀,tr_220209379
모카cc,2026-09-20,12:11,140000,golfpang,,,18홀,tr_220209565
스타,2026-09-20,12:20,170000,golfpang,,,18홀,tr_220209595
라싸,2026-09-20,12:46,209000,golfpang,,,18홀,tr_220209391
임페리얼레이크,2026-09-20,11:31,139000,golfpang,,,18홀,tr_220222165
로얄포레,2026-09-20,11:10,139000,golfpang,,,18홀,tr_219996328
유니아일랜드,2026-09-20,11:01,170000,golfpang,,,18홀,tr_218837957
킹즈락,2026-09-20,11:54,140000,golfpang,,,18홀,tr_220209616
이븐데일,2026-09-20,11:52,109000,golfpang,,,18홀,tr_220209605
대영베이스,2026-09-20,07:34,140000,golfpang,,,18홀,tr_220209550
모카cc,2026-09-20,07:29,160000,golfpang,,,18홀,tr_220209564
임페리얼레이크,2026-09-20,07:28,139000,golfpang,,,18홀,tr_220222164
이븐데일,2026-09-20,07:28,129000,golfpang,,,18홀,tr_220209604
킹스데일,2026-09-20,07:44,180000,golfpang,,,18홀,tr_220209609
대영베이스,2026-09-20,08:07,149000,golfpang,,,18홀,tr_220209551
더플레이어스,2026-09-20,08:05,180000,golfpang,,,18홀,tr_220209383
킹즈락,2026-09-20,08:02,140000,golfpang,,,18홀,tr_220209615
양평TPC,2026-09-20,08:16,180000,golfpang,,,18홀,tr_220502601
양지파인,2026-09-20,08:15,199000,golfpang,,,18홀,tr_220499677
360도,2026-09-20,06:22,160000,golfpang,,,18홀,tr_220560363
360도,2026-09-20,06:45,170000,golfpang,,,18홀,tr_220560364
킹스데일,2026-09-20,06:44,170000,golfpang,,,18홀,tr_220209608
양평TPC,2026-09-20,06:38,170000,golfpang,,,18홀,tr_220502602
스타,2026-09-20,06:58,170000,golfpang,,,18홀,tr_220209594
중원,2026-09-20,07:11,140000,golfpang,,,18홀,tr_220201939
벨라스톤,2026-09-20,07:10,159000,golfpang,,,18홀,tr_220209630
속리산cc,2026-09-20,07:08,130000,golfpang,,,18홀,tr_219031139
포천힐스,2026-09-20,07:24,260000,golfpang,,,18홀,tr_220520397
몽베르(대중제),2026-09-20,07:22,220000,golfpang,,,18홀,tr_220209396
로얄포레,2026-09-20,16:40,89000,golfpang,,,18홀,tr_220535118
벨라스톤,2026-09-20,06:49,150000,golfpang,,,18홀,tr_220469357
로얄포레,2026-09-20,17:54,79000,golfpang,,,18홀,tr_220522800
골드,2026-09-20,18:01,119000,golfpang,,,18홀,tr_177733446
코리아,2026-09-20,18:15,129000,golfpang,,,18홀,tr_161835793
대영힐스,2026-09-20,18:30,59000,golfpang,,,18홀,tr_220216488
대영베이스,2026-09-20,17:30,75000,golfpang,,,18홀,tr_219780594
대영힐스,2026-09-20,12:10,129000,golfpang,,,18홀,tr_218426929
프린세스,2026-09-20,14:03,130000,golfpang,,,18홀,tr_220401417
포천힐스,2026-09-20,18:39,130000,golfpang,,,18홀,tr_220560485
라싸,2026-09-20,18:21,129000,golfpang,,,18홀,tr_220560442
벨라스톤,2026-09-20,12:39,130000,golfpang,,,18홀,tr_220497093
골프존 천안,2026-09-20,07:15,161000,golfpang,,,18홀,tr_219994649
용인(비공개),2026-09-20,13:59,210000,golfpang,,,18홀,tr_220563999
골프클럽Q,2026-09-20,13:00,160000,golfpang,,,18홀,tr_220504286
클럽72,2026-09-20,18:18,120000,golfpang,,,18홀,tr_220439691
비에이비스타(퍼),2026-09-20,18:13,110000,golfpang,,,18홀,tr_220437369
솔트베이,2026-09-20,18:43,149000,golfpang,,,18홀,tr_220521553
대영힐스,2026-09-20,18:41,55000,golfpang,,,18홀,tr_220522527
솔라고,2026-09-20,18:41,70000,golfpang,,,18홀,tr_220548145
골프존 화랑,2026-09-20,18:49,65000,golfpang,,,18홀,tr_220522520
파인스톤,2026-09-20,18:46,120000,golfpang,,,18홀,tr_220559500
그린힐,2026-09-20,18:52,80000,golfpang,,,18홀,tr_220521300
베르힐(영종),2026-09-20,18:18,160000,golfpang,,,18홀,tr_220521311
골프존 송도(구.오렌지듄스),2026-09-20,18:17,139000,golfpang,,,18홀,tr_220504710
그랜드(청주),2026-09-20,18:21,100000,golfpang,,,18홀,tr_220522522
벨라스톤,2026-09-20,18:20,80000,golfpang,,,18홀,tr_220563207
킹즈락,2026-09-20,18:27,70000,golfpang,,,18홀,tr_220559451
힐데스하임,2026-09-20,18:26,75000,golfpang,,,18홀,tr_220559535
알프스대영,2026-09-20,18:32,40000,golfpang,,,18홀,tr_220563223
신안(병행),2026-09-20,18:31,80000,golfpang,,,18홀,tr_220521578
떼제베,2026-09-20,18:30,100000,golfpang,,,18홀,tr_220547977
세레니티cc,2026-09-20,17:59,110000,golfpang,,,18홀,tr_220548139
인천그랜드,2026-09-20,18:00,159000,golfpang,,,18홀,tr_220521697
해솔리아,2026-09-20,18:04,110000,golfpang,,,18홀,tr_220522091
써닝포인트,2026-09-20,18:11,135000,golfpang,,,18홀,tr_220521602
대영베이스,2026-09-20,18:08,79000,golfpang,,,18홀,tr_220522525
임페리얼레이크,2026-09-20,18:07,79000,golfpang,,,18홀,tr_220557681
감곡,2026-09-20,18:06,100000,golfpang,,,18홀,tr_220522198
힐마루 포천,2026-09-20,17:45,140000,golfpang,,,18홀,tr_220563254
알펜시아700,2026-09-20,17:44,60000,golfpang,,,18홀,tr_220563217
프린세스,2026-09-20,17:44,80000,golfpang,,,18홀,tr_220559530
떼제베(동북),2026-09-20,17:48,90000,golfpang,,,18홀,tr_220548003
라싸,2026-09-20,17:54,120000,golfpang,,,18홀,tr_220563284
한림광릉,2026-09-20,17:31,130000,golfpang,,,18홀,tr_220563303
한림용인,2026-09-20,17:31,125000,golfpang,,,18홀,tr_220563299
골프존 안성W,2026-09-20,17:35,100000,golfpang,,,18홀,tr_220504594
오로라,2026-09-20,17:42,80000,golfpang,,,18홀,tr_220563230
파주,2026-09-20,17:41,150000,golfpang,,,18홀,tr_220563282
올데이,2026-09-20,17:05,59000,golfpang,,,18홀,tr_220548205
블랙스톤벨포레,2026-09-20,17:02,50000,golfpang,,,18홀,tr_220548124
옥스필드,2026-09-20,17:19,59000,golfpang,,,18홀,tr_220563235
속리산cc,2026-09-20,14:00,110000,golfpang,,,18홀,tr_220548141
프린세스,2026-09-20,14:03,140000,golfpang,,,18홀,tr_220559504
백제,2026-09-20,14:22,120000,golfpang,,,18홀,tr_220548121
알프스대영,2026-09-20,16:54,69000,golfpang,,,18홀,tr_220563219
로얄포레,2026-09-20,16:51,89000,golfpang,,,18홀,tr_220548081
로얄포레,2026-09-20,13:30,109000,golfpang,,,18홀,tr_220548076
아리스타,2026-09-20,13:39,115000,golfpang,,,18홀,tr_220548169
골프클럽Q,2026-09-20,13:00,160000,golfpang,,,18홀,tr_220518897
샴발라,2026-09-20,12:44,160000,golfpang,,,18홀,tr_220563276
중원,2026-09-20,08:35,130000,golfpang,,,18홀,tr_220563210
더플레이어스,2026-09-20,07:58,170000,golfpang,,,18홀,tr_220563198
파크밸리,2026-09-20,06:28,129000,golfpang,,,18홀,tr_220563240
킹스데일,2026-09-20,06:37,170000,golfpang,,,18홀,tr_220559435
골프존 진천,2026-09-20,07:03,159000,golfpang,,,18홀,tr_220522448
아리스타,2026-09-20,07:07,115000,golfpang,,,18홀,tr_220548149
비콘힐스,2026-09-20,18:33,70000,golfpang,,,18홀,tr_220563213
리베라,2026-09-20,18:45,110000,golfpang,,,18홀,tr_220521303
벨라스톤,2026-09-20,13:00,130000,golfpang,,,18홀,tr_220468932
한림용인,2026-09-20,18:13,133000,golfpang,,,18홀,tr_220563173
남이천(비공개),2026-09-20,17:59,100000,golfpang,,,18홀,tr_219555775
필로스,2026-09-20,17:40,120000,golfpang,,,18홀,tr_220437315
양평TPC,2026-09-20,13:57,150000,golfpang,,,18홀,tr_220437227
한림용인,2026-09-20,17:31,135000,golfpang,,,18홀,tr_220504538
한림광릉,2026-09-20,17:20,130000,golfpang,,,18홀,tr_220180277
용인플라자,2026-09-20,17:20,120000,golfpang,,,18홀,tr_220181417
플라밍고,2026-09-20,13:32,140000,golfpang,,,18홀,tr_220563146
빅토리아-퍼9,2026-09-20,17:45,89000,golfpang,,,18홀,tr_220504401
더크로스비,2026-09-20,13:09,180000,golfpang,,,18홀,tr_220563096
몽베르(대중제),2026-09-20,07:22,220000,golfpang,,,18홀,tr_219785221
한림용인,2026-09-20,18:06,125000,golfpang,,,18홀,tr_220504542
비에이비스타(퍼),2026-09-20,12:50,150000,golfpang,,,18홀,tr_220563058
로얄링스,2026-09-20,12:48,100000,golfpang,,,18홀,tr_220563056
세레니티-강촌,2026-09-20,12:42,180000,golfpang,,,18홀,tr_220437091
골프클럽Q,2026-09-20,18:22,110000,golfpang,,,18홀,tr_220504308
킹즈락,2026-09-20,08:02,140000,golfpang,,,18홀,tr_220394655
그린힐,2026-09-20,18:52,80000,golfpang,,,18홀,tr_220563963
그린힐,2026-09-20,19:13,80000,golfpang,,,18홀,tr_220563964
그린힐,2026-09-20,19:20,80000,golfpang,,,18홀,tr_220563965
파주,2026-09-20,11:52,200000,golfpang,,,18홀,tr_220563662
가평프리스틴밸리,2026-09-20,08:43,260000,golfpang,,,18홀,tr_220563014
360도,2026-09-20,13:40,167000,golfpang,,,18홀,tr_219139664
유니아일랜드,2026-09-20,16:20,120000,golfpang,,,18홀,tr_218986126
필로스,2026-09-20,17:44,120000,golfpang,,,18홀,tr_220201974
벨라스톤,2026-09-20,13:40,140000,golfpang,,,18홀,tr_220000623
킹스데일,2026-09-20,08:40,195000,golfpang,,,18홀,tr_220434479
클럽72,2026-09-20,18:39,120000,golfpang,,,18홀,tr_220504498
중원,2026-09-20,07:46,130000,golfpang,,,18홀,tr_220563666
베르힐(영종),2026-09-20,18:18,160000,golfpang,,,18홀,tr_220398887
더플레이어스,2026-09-20,07:30,160000,golfpang,,,18홀,tr_220563052
솔트베이,2026-09-20,18:50,149000,golfpang,,,18홀,tr_220504459
스톤비치,2026-09-20,07:17,100000,golfpang,,,18홀,tr_220563883
골프존 송도(구.오렌지듄스),2026-09-20,18:52,129000,golfpang,,,18홀,tr_220499760
세레니티-강촌,2026-09-20,06:56,200000,golfpang,,,18홀,tr_220437043
리베라,2026-09-20,18:52,110000,golfpang,,,18홀,tr_220504327
더플레이어스,2026-09-20,07:37,170000,golfpang,,,18홀,tr_220548408
스톤비치,2026-09-20,12:27,110000,golfpang,,,18홀,tr_220483524
그린힐,2026-09-20,18:52,80000,golfpang,,,18홀,tr_220504322
젠스필드,2026-09-20,17:42,90000,golfpang,,,18홀,tr_219795970
세현,2026-09-20,13:58,200000,golfpang,,,18홀,tr_220501007
클럽72,2026-09-20,13:28,210000,golfpang,,,18홀,tr_220499053
해솔리아,2026-09-20,13:47,150000,golfpang,,,18홀,tr_220399669
클럽D 보은,2026-09-20,13:44,140000,golfpang,,,18홀,tr_220539330
스타,2026-09-20,13:44,140000,golfpang,,,18홀,tr_220462060
스타,2026-09-20,13:44,140000,golfpang,,,18홀,tr_219551052
스톤비치,2026-09-20,13:44,150000,golfpang,,,18홀,tr_220542686
이븐데일,2026-09-20,13:51,100000,golfpang,,,18홀,tr_220540402
포웰(안성)cc,2026-09-20,12:52,162000,golfpang,,,18홀,tr_220560884
포웰(안성)cc,2026-09-20,12:52,162000,golfpang,,,18홀,tr_220563787
해솔리아,2026-09-20,12:16,160000,golfpang,,,18홀,tr_220470887
해솔리아,2026-09-20,12:16,160000,golfpang,,,18홀,tr_220470885
에덴블루,2026-09-20,12:40,150000,golfpang,,,18홀,tr_220289453
에덴블루,2026-09-20,12:40,150000,golfpang,,,18홀,tr_220328281
대호단양,2026-09-20,11:38,159000,golfpang,,,18홀,tr_220545925
웰리힐리,2026-09-20,07:42,190000,golfpang,,,18홀,tr_220557699
그린힐,2026-09-20,18:38,90000,golfpang,,,18홀,tr_219621920
젠스필드,2026-09-20,17:42,90000,golfpang,,,18홀,tr_219795971
세레니티cc,2026-09-20,18:13,110000,golfpang,,,18홀,tr_220538240
동강시스타,2026-09-20,18:06,171000,golfpang,,,18홀,tr_220557793
빅토리아-퍼9,2026-09-20,18:06,-1,golfpang,,,18홀,tr_220496295
동서울cc-퍼9,2026-09-20,18:38,40000,golfpang,,,18홀,tr_220558480
라싸,2026-09-20,18:21,129000,golfpang,,,18홀,tr_220519195
리베라,2026-09-20,19:06,110000,golfpang,,,18홀,tr_220500829
그린힐,2026-09-20,18:52,80000,golfpang,,,18홀,tr_220498543
동강시스타,2026-09-20,07:47,171000,golfpang,,,18홀,tr_220554114
포천힐스,2026-09-20,06:14,210000,golfpang,,,18홀,tr_220470995
한림광릉,2026-09-20,17:38,130000,golfpang,,,18홀,tr_220547415
인천그랜드,2026-09-20,18:00,159000,golfpang,,,18홀,tr_220494052
양평TPC,2026-09-20,06:52,170000,golfpang,,,18홀,tr_220400097
양평TPC,2026-09-20,12:40,160000,golfpang,,,18홀,tr_220400127
파주,2026-09-20,05:14,190000,golfpang,,,18홀,tr_220400880
한림용인,2026-09-20,17:24,125000,golfpang,,,18홀,tr_220211384
파주,2026-09-20,11:52,200000,golfpang,,,18홀,tr_220523065
한림광릉,2026-09-20,13:58,170000,golfpang,,,18홀,tr_219610901
포천힐스,2026-09-20,14:02,180000,golfpang,,,18홀,tr_220518684
중원,2026-09-20,07:46,130000,golfpang,,,18홀,tr_220032579
파주,2026-09-20,12:48,200000,golfpang,,,18홀,tr_220400897
포천힐스,2026-09-20,13:55,180000,golfpang,,,18홀,tr_220518707
중원,2026-09-20,07:46,130000,golfpang,,,18홀,tr_220032471
포웰(안성)cc,2026-09-20,19:56,65000,golfpang,,,18홀,tr_220504536
스톤비치,2026-09-20,08:40,110000,golfpang,,,18홀,tr_216223818
골든베이,2026-09-20,12:40,130000,golfpang,,,18홀,tr_219564038
스톤비치,2026-09-20,12:40,110000,golfpang,,,18홀,tr_219595488
남양주(퍼9),2026-09-20,13:00,139000,golfpang,,,18홀,tr_220560176
스톤비치,2026-09-20,13:00,110000,golfpang,,,18홀,tr_216223819
스톤비치,2026-09-20,12:27,110000,golfpang,,,18홀,tr_220483420
비에이비스타,2026-09-20,13:32,160000,golfpang,,,18홀,tr_218604096
알펜시아700,2026-09-20,18:26,50000,golfpang,,,18홀,tr_220505165
벨라스톤,2026-09-20,18:27,80000,golfpang,,,18홀,tr_220505080
옥스필드,2026-09-20,17:26,59000,golfpang,,,18홀,tr_220512871
옥스필드,2026-09-20,17:27,59000,golfpang,,,18홀,tr_220563948
올데이,2026-09-20,17:13,59000,golfpang,,,18홀,tr_220563945
파주,2026-09-20,16:52,160000,golfpang,,,18홀,tr_220560480
옥스필드,2026-09-20,12:56,99000,golfpang,,,18홀,tr_220563942
플라밍고,2026-09-20,17:07,90000,golfpang,,,18홀,tr_220469623
양평TPC,2026-09-20,13:57,150000,golfpang,,,18홀,tr_220469137
중원,2026-09-20,14:08,130000,golfpang,,,18홀,tr_220469264
골프존 천안,2026-09-20,14:08,154000,golfpang,,,18홀,tr_220469334
블랙스톤벨포레,2026-09-20,16:55,60000,golfpang,,,18홀,tr_220469559
플라밍고,2026-09-20,13:25,140000,golfpang,,,18홀,tr_220468736
클럽72,2026-09-20,13:40,190000,golfpang,,,18홀,tr_220468899
시그너스,2026-09-20,13:56,160000,golfpang,,,18홀,tr_220469022
로얄링스,2026-09-20,12:48,100000,golfpang,,,18홀,tr_220468463
한림용인,2026-09-20,17:31,138000,golfpang,,,18홀,tr_220469634
필로스,2026-09-20,18:00,110000,golfpang,,,18홀,tr_220469846
필로스,2026-09-20,17:40,120000,golfpang,,,18홀,tr_220469762
스톤비치,2026-09-20,06:42,110000,golfpang,,,18홀,tr_220467674
파주,2026-09-20,06:03,200000,golfpang,,,18홀,tr_220467568
가평프리스틴밸리,2026-09-20,12:56,220000,golfpang,,,18홀,tr_220468606
비에이비스타(퍼),2026-09-20,12:08,150000,golfpang,,,18홀,tr_220468386
골프존 화랑,2026-09-20,12:52,139000,golfpang,,,18홀,tr_220468469
로얄링스,2026-09-20,08:27,100000,golfpang,,,18홀,tr_220467969
중원,2026-09-20,08:35,140000,golfpang,,,18홀,tr_220468029
라싸,2026-09-20,08:40,209000,golfpang,,,18홀,tr_220468031
더크로스비,2026-09-20,11:45,187000,golfpang,,,18홀,tr_220468184
파주,2026-09-20,11:45,210000,golfpang,,,18홀,tr_220468153
가평프리스틴밸리,2026-09-20,11:53,230000,golfpang,,,18홀,tr_220468324
더플레이어스,2026-09-20,07:37,180000,golfpang,,,18홀,tr_220467857
라싸,2026-09-20,07:44,189000,golfpang,,,18홀,tr_220467911
스톤비치,2026-09-20,07:52,130000,golfpang,,,18홀,tr_220467927
임페리얼레이크,2026-09-20,18:14,79000,golfpang,,,18홀,tr_220563941
일레븐,2026-09-20,17:52,55000,golfpang,,,18홀,tr_220563939
솔모로,2026-09-20,13:56,170000,golfpang,,,18홀,tr_220476571
일레븐,2026-09-20,17:23,60000,golfpang,,,18홀,tr_220476665
필로스,2026-09-20,17:40,120000,golfpang,,,18홀,tr_220476555
올데이,2026-09-20,12:00,99000,golfpang,,,18홀,tr_220563937
감곡,2026-09-20,18:19,100000,golfpang,,,18홀,tr_220563936
골프존 천안,2026-09-20,07:22,162000,golfpang,,,18홀,tr_219990895
블루원용인,2026-09-20,18:30,110000,golfpang,,,18홀,tr_219160160
블루원용인,2026-09-20,18:00,120000,golfpang,,,18홀,tr_218113946
웅포,2026-09-20,13:03,120000,golfpang,,,18홀,tr_218503110
웅포,2026-09-20,07:25,110000,golfpang,,,18홀,tr_220032681
골프존 진천,2026-09-20,07:45,169000,golfpang,,,18홀,tr_220193456
블랙스톤벨포레,2026-09-20,18:30,40000,golfpang,,,18홀,tr_220563933
이븐데일,2026-09-20,13:23,85000,golfpang,,,18홀,tr_220563932
에덴블루,2026-09-20,18:49,89900,golfpang,,,18홀,tr_220504464
파인스톤,2026-09-20,18:46,120000,golfpang,,,18홀,tr_220560298
에덴블루,2026-09-20,19:17,79900,golfpang,,,18홀,tr_220504466
힐데스하임,2026-09-20,19:26,65000,golfpang,,,18홀,tr_220560391
써닝포인트,2026-09-20,18:18,145000,golfpang,,,18홀,tr_220504462
골프존 송도(구.오렌지듄스),2026-09-20,18:17,139000,golfpang,,,18홀,tr_220499737
킹즈락,2026-09-20,18:27,70000,golfpang,,,18홀,tr_220560276
힐데스하임,2026-09-20,18:26,75000,golfpang,,,18홀,tr_220560385
파인스톤,2026-09-20,18:25,130000,golfpang,,,18홀,tr_220560283
프린세스,2026-09-20,18:30,85000,golfpang,,,18홀,tr_220560346
떼제베(동북),2026-09-20,18:30,80000,golfpang,,,18홀,tr_220518669
떼제베,2026-09-20,18:30,100000,golfpang,,,18홀,tr_220516098
인천그랜드,2026-09-20,18:00,159000,golfpang,,,18홀,tr_220504494
블랙스톤벨포레,2026-09-20,18:12,40000,golfpang,,,18홀,tr_220467929
알펜시아700,2026-09-20,17:44,60000,golfpang,,,18홀,tr_220505138
베르힐(영종),2026-09-20,17:50,170000,golfpang,,,18홀,tr_220398905
클럽72,2026-09-20,17:50,130000,golfpang,,,18홀,tr_220504497
필로스,2026-09-20,17:54,120000,golfpang,,,18홀,tr_220560487
파주,2026-09-20,17:27,150000,golfpang,,,18홀,tr_220561840
킹즈락,2026-09-20,17:38,80000,golfpang,,,18홀,tr_220560270
한림광릉,2026-09-20,17:38,130000,golfpang,,,18홀,tr_220560497
골프존 안성W,2026-09-20,17:35,100000,golfpang,,,18홀,tr_220502441
블랙스톤벨포레,2026-09-20,17:02,50000,golfpang,,,18홀,tr_220467910
프린세스,2026-09-20,14:03,140000,golfpang,,,18홀,tr_220560341
화성,2026-09-20,16:26,90000,golfpang,,,18홀,tr_220504620
골프존 안성H,2026-09-20,14:20,180000,golfpang,,,18홀,tr_220499776
알펜시아명문,2026-09-20,12:45,130000,golfpang,,,18홀,tr_220505093
킹스데일,2026-09-20,06:58,170000,golfpang,,,18홀,tr_220468895
올데이,2026-09-20,07:07,89000,golfpang,,,18홀,tr_220560797
비콘힐스,2026-09-20,18:33,70000,golfpang,,,18홀,tr_220505091
임페리얼레이크,2026-09-20,11:46,139000,golfpang,,,18홀,tr_220563931
아리스타,2026-09-20,18:47,65000,golfpang,,,18홀,tr_219154518
스타,2026-09-20,18:45,80000,golfpang,,,18홀,tr_220535237
대영베이스,2026-09-20,18:15,79000,golfpang,,,18홀,tr_220515756
프린세스,2026-09-20,18:44,80000,golfpang,,,18홀,tr_220560357
대영힐스,2026-09-20,18:41,55000,golfpang,,,18홀,tr_220515925
솔라고,2026-09-20,18:48,70000,golfpang,,,18홀,tr_220535146
클럽D 보은,2026-09-20,11:52,150000,golfpang,,,18홀,tr_220513161
알프스대영,2026-09-20,18:32,40000,golfpang,,,18홀,tr_220505274
대영베이스,2026-09-20,18:08,89000,golfpang,,,18홀,tr_220515738
임페리얼레이크,2026-09-20,18:15,79000,golfpang,,,18홀,tr_220543170
감곡,2026-09-20,18:13,100000,golfpang,,,18홀,tr_220513261
대영힐스,2026-09-20,17:38,85000,golfpang,,,18홀,tr_220515850
일레븐,2026-09-20,17:44,65000,golfpang,,,18홀,tr_220539229
알프스대영,2026-09-20,17:50,49000,golfpang,,,18홀,tr_220505234
아리스타,2026-09-20,17:51,75000,golfpang,,,18홀,tr_220539096
세레니티cc,2026-09-20,17:59,110000,golfpang,,,18홀,tr_220535114
베르힐(영종),2026-09-20,17:29,180000,golfpang,,,18홀,tr_220504377
임페리얼레이크,2026-09-20,17:26,89000,golfpang,,,18홀,tr_220539239
옥스필드,2026-09-20,17:33,69000,golfpang,,,18홀,tr_220505398
오로라,2026-09-20,17:42,80000,golfpang,,,18홀,tr_220505322
올데이,2026-09-20,17:40,59000,golfpang,,,18홀,tr_220539220
옥스필드,2026-09-20,16:51,79000,golfpang,,,18홀,tr_220505406
속리산cc,2026-09-20,14:14,110000,golfpang,,,18홀,tr_220535120
로얄포레,2026-09-20,16:58,89000,golfpang,,,18홀,tr_220522782
알프스대영,2026-09-20,16:54,69000,golfpang,,,18홀,tr_220505191
올데이,2026-09-20,16:51,69000,golfpang,,,18홀,tr_220539203
백제,2026-09-20,13:19,130000,golfpang,,,18홀,tr_220535108
솔라고,2026-09-20,13:35,140000,golfpang,,,18홀,tr_220535145
클럽D 보은,2026-09-20,12:55,140000,golfpang,,,18홀,tr_220513240
클럽모우,2026-09-20,12:59,165000,golfpang,,,18홀,tr_220513118
로얄링스,2026-09-20,13:02,100000,golfpang,,,18홀,tr_220522770
로얄링스,2026-09-20,12:06,100000,golfpang,,,18홀,tr_220522767
임페리얼레이크,2026-09-20,11:31,139000,golfpang,,,18홀,tr_220539233
한림광릉,2026-09-20,17:00,130000,golfpang,,,18홀,tr_219647020
용인플라자,2026-09-20,17:20,120000,golfpang,,,18홀,tr_220057882
클럽72,2026-09-20,18:20,120000,golfpang,,,18홀,tr_220563924
모카cc,2026-09-20,07:36,150000,golfpang,,,18홀,tr_220394648
스톤비치,2026-09-20,17:30,70000,golfpang,,,18홀,tr_219642638
신안,2026-09-20,18:17,100000,golfpang,,,18홀,tr_219944268
골프존 송도(구.오렌지듄스),2026-09-20,13:22,179000,golfpang,,,18홀,tr_218604244
올림픽,2026-09-20,17:13,130000,golfpang,,,18홀,tr_220056688
골프존 안성W,2026-09-20,12:56,150000,golfpang,,,18홀,tr_220476746
샤인데일,2026-09-20,18:00,70000,golfpang,,,18홀,tr_220563661
샤인데일,2026-09-20,17:40,70000,golfpang,,,18홀,tr_220563664
양지파인,2026-09-20,13:40,150000,golfpang,,,18홀,tr_219348348
아세코밸리-퍼9,2026-09-20,17:00,80000,golfpang,,,18홀,tr_220485098
유니아일랜드,2026-09-20,16:40,120000,golfpang,,,18홀,tr_220205372
스카이밸리,2026-09-20,14:00,177000,golfpang,,,18홀,tr_219807332
그린힐,2026-09-20,14:00,157000,golfpang,,,18홀,tr_218985014
일레븐,2026-09-20,17:37,55000,golfpang,,,18홀,tr_219781314
플라밍고,2026-09-20,18:10,77000,golfpang,,,18홀,tr_219991484
로얄링스,2026-09-20,18:30,80000,golfpang,,,18홀,tr_219526244
로얄링스,2026-09-20,12:27,100000,golfpang,,,18홀,tr_219526160
플라밍고,2026-09-20,13:45,137000,golfpang,,,18홀,tr_218985015
포웰(안성)cc,2026-09-20,13:08,152000,golfpang,,,18홀,tr_220563215
포웰(안성)cc,2026-09-20,19:35,65000,golfpang,,,18홀,tr_220398293
해솔리아,2026-09-20,12:37,160000,golfpang,,,18홀,tr_220562651
스톤비치,2026-09-20,13:09,110000,golfpang,,,18홀,tr_218600572
일레븐,2026-09-20,17:30,55000,golfpang,,,18홀,tr_219765563
블랙스톤벨포레,2026-09-20,17:10,50000,golfpang,,,18홀,tr_220560079
블랙스톤벨포레,2026-09-20,18:00,40000,golfpang,,,18홀,tr_220563911
그린힐,2026-09-20,13:50,157000,golfpang,,,18홀,tr_220522335
해솔리아,2026-09-20,12:37,160000,golfpang,,,18홀,tr_220563909
용인플라자,2026-09-20,17:20,120000,golfpang,,,18홀,tr_220560034
파주,2026-09-20,06:24,200000,golfpang,,,18홀,tr_220505061
로얄링스,2026-09-20,07:52,100000,golfpang,,,18홀,tr_220504892
파주,2026-09-20,11:31,200000,golfpang,,,18홀,tr_220505276
클럽72,2026-09-20,17:50,130000,golfpang,,,18홀,tr_219952354
파주,2026-09-20,16:45,160000,golfpang,,,18홀,tr_220505194
클럽72,2026-09-20,18:25,120000,golfpang,,,18홀,tr_220417702
센테리움,2026-09-20,12:50,149000,golfpang,,,18홀,tr_220326138
로얄링스,2026-09-20,12:34,100000,golfpang,,,18홀,tr_220504906
일레븐,2026-09-20,17:23,70000,golfpang,,,18홀,tr_220210300
필로스,2026-09-20,17:40,120000,golfpang,,,18홀,tr_220561438
솔모로,2026-09-20,13:56,170000,golfpang,,,18홀,tr_220561415
임페리얼레이크,2026-09-20,18:15,79000,golfpang,,,18홀,tr_220562978
대영베이스,2026-09-20,18:15,79000,golfpang,,,18홀,tr_220561915
그랜드(청주),2026-09-20,18:21,100000,golfpang,,,18홀,tr_220561815
벨라스톤,2026-09-20,18:27,80000,golfpang,,,18홀,tr_220563291
동서울cc-퍼9,2026-09-20,18:31,40000,golfpang,,,18홀,tr_220563280
신안(병행),2026-09-20,18:31,80000,golfpang,,,18홀,tr_220561196
세레니티cc,2026-09-20,17:59,110000,golfpang,,,18홀,tr_220562648
클럽72,2026-09-20,17:57,130000,golfpang,,,18홀,tr_220561281
해솔리아,2026-09-20,17:57,120000,golfpang,,,18홀,tr_220561414
라싸,2026-09-20,18:07,129000,golfpang,,,18홀,tr_220563054
감곡,2026-09-20,18:13,100000,golfpang,,,18홀,tr_220561486
한림광릉,2026-09-20,17:38,140000,golfpang,,,18홀,tr_220563183
킹즈락,2026-09-20,17:38,80000,golfpang,,,18홀,tr_220563011
대영힐스,2026-09-20,17:38,85000,golfpang,,,18홀,tr_220561996
아세코밸리-퍼9,2026-09-20,17:45,80000,golfpang,,,18홀,tr_220561236
알펜시아700,2026-09-20,17:44,60000,golfpang,,,18홀,tr_220563305
오로라,2026-09-20,17:42,80000,golfpang,,,18홀,tr_220563386
골프존 안성W,2026-09-20,17:42,100000,golfpang,,,18홀,tr_220561040
필로스,2026-09-20,17:54,120000,golfpang,,,18홀,tr_220563181
일레븐,2026-09-20,17:51,65000,golfpang,,,18홀,tr_220562860
한림용인,2026-09-20,17:24,125000,golfpang,,,18홀,tr_220561392
베르힐(영종),2026-09-20,17:29,180000,golfpang,,,18홀,tr_220561129
떼제베,2026-09-20,17:27,110000,golfpang,,,18홀,tr_220562091
떼제베(동북),2026-09-20,17:27,90000,golfpang,,,18홀,tr_220562143
올데이,2026-09-20,17:05,59000,golfpang,,,18홀,tr_220562802
블랙스톤벨포레,2026-09-20,17:02,50000,golfpang,,,18홀,tr_220562614
옥스필드,2026-09-20,17:26,59000,golfpang,,,18홀,tr_220563406
프린세스,2026-09-20,14:03,140000,golfpang,,,18홀,tr_220563022
골프존 안성W,2026-09-20,14:10,140000,golfpang,,,18홀,tr_220560958
속리산cc,2026-09-20,14:07,110000,golfpang,,,18홀,tr_220562700
백제,2026-09-20,14:22,120000,golfpang,,,18홀,tr_220562598
골프존 안성H,2026-09-20,14:20,180000,golfpang,,,18홀,tr_220560827
알프스대영,2026-09-20,16:54,69000,golfpang,,,18홀,tr_220563369
로얄포레,2026-09-20,16:51,89000,golfpang,,,18홀,tr_220562389
백제,2026-09-20,13:19,130000,golfpang,,,18홀,tr_220562588
아리스타,2026-09-20,13:39,100000,golfpang,,,18홀,tr_220562743
로얄포레,2026-09-20,12:55,109000,golfpang,,,18홀,tr_220562355
클럽모우,2026-09-20,12:59,165000,golfpang,,,18홀,tr_220563250
포웰(안성)cc,2026-09-20,13:08,152000,golfpang,,,18홀,tr_220561365
골프존 진천,2026-09-20,08:27,179000,golfpang,,,18홀,tr_220561661
중원,2026-09-20,08:35,130000,golfpang,,,18홀,tr_220563227
임페리얼레이크,2026-09-20,11:31,139000,golfpang,,,18홀,tr_220562960
로얄링스,2026-09-20,11:31,100000,golfpang,,,18홀,tr_220562343
떼제베(동북),2026-09-20,11:50,120000,golfpang,,,18홀,tr_220562123
옥스필드,2026-09-20,11:59,99000,golfpang,,,18홀,tr_220563393
더플레이어스,2026-09-20,07:58,170000,golfpang,,,18홀,tr_220563197
솔트베이,2026-09-20,05:46,229000,golfpang,,,18홀,tr_220561177
360도,2026-09-20,06:22,160000,golfpang,,,18홀,tr_220560802
벨라스톤,2026-09-20,06:42,150000,golfpang,,,18홀,tr_220563285
킹스데일,2026-09-20,06:37,170000,golfpang,,,18홀,tr_220563008
골프존 진천,2026-09-20,07:03,159000,golfpang,,,18홀,tr_220561539
올데이,2026-09-20,07:00,89000,golfpang,,,18홀,tr_220562757
포레스트힐,2026-09-20,06:58,210000,golfpang,,,18홀,tr_220563143
비콘힐스,2026-09-20,18:33,70000,golfpang,,,18홀,tr_220563202
골프존 화랑,2026-09-20,18:56,65000,golfpang,,,18홀,tr_220561732
더플레이어스,2026-09-20,07:23,160000,golfpang,,,18홀,tr_220502393
써닝포인트,2026-09-20,18:00,135000,golfpang,,,18홀,tr_220563903
모카cc,2026-09-20,12:18,140000,golfpang,,,18홀,tr_220394700
파주,2026-09-20,11:52,200000,golfpang,,,18홀,tr_220499774
가평프리스틴밸리,2026-09-20,12:56,220000,golfpang,,,18홀,tr_219937295
중원,2026-09-20,08:35,140000,golfpang,,,18홀,tr_220502440
클럽72,2026-09-20,17:30,130000,golfpang,,,18홀,tr_220563899
일레븐,2026-09-20,18:05,55000,golfpang,,,18홀,tr_220562981
일레븐,2026-09-20,18:54,55000,golfpang,,,18홀,tr_220562982
일레븐,2026-09-20,17:51,55000,golfpang,,,18홀,tr_220562980
이븐데일,2026-09-20,07:21,99000,golfpang,,,18홀,tr_220559912
이븐데일,2026-09-20,12:20,85000,golfpang,,,18홀,tr_220559913
이븐데일,2026-09-20,17:32,55000,golfpang,,,18홀,tr_220559914
솔모로,2026-09-20,13:49,170000,golfpang,,,18홀,tr_220008721
일레븐,2026-09-20,17:30,55000,golfpang,,,18홀,tr_220283165
로얄포레,2026-09-20,17:12,79000,golfpang,,,18홀,tr_220395160
로얄포레,2026-09-20,11:52,119000,golfpang,,,18홀,tr_220395159
로얄포레,2026-09-20,07:49,119000,golfpang,,,18홀,tr_220395158
올림픽,2026-09-20,17:20,130000,golfpang,,,18홀,tr_220058221
블랙스톤벨포레,2026-09-20,17:23,50000,golfpang,,,18홀,tr_220391933
골프존 송도(구.오렌지듄스),2026-09-20,18:24,139000,golfpang,,,18홀,tr_220195566
필로스,2026-09-20,18:20,110000,golfpang,,,18홀,tr_220200029
오너스,2026-09-20,08:07,145000,golfpang,,,18홀,tr_219552290
비에이비스타,2026-09-20,12:43,160000,golfpang,,,18홀,tr_220563657
벨라스톤,2026-09-20,12:32,130000,golfpang,,,18홀,tr_220484599
로얄링스,2026-09-20,13:02,100000,golfpang,,,18홀,tr_219772513
골프존 안성W,2026-09-20,12:56,150000,golfpang,,,18홀,tr_220441398
골프존 송도(구.오렌지듄스),2026-09-20,13:29,179000,golfpang,,,18홀,tr_220440461
백제,2026-09-20,14:15,120000,golfpang,,,18홀,tr_219822744
클럽모우,2026-09-20,13:41,145000,golfpang,,,18홀,tr_220230701
샤인데일,2026-09-20,07:58,180000,golfpang,,,18홀,tr_220515706
샤인데일,2026-09-20,18:04,70000,golfpang,,,18홀,tr_220515707
비콘힐스,2026-09-20,19:08,70000,golfpang,,,18홀,tr_220560721
비콘힐스,2026-09-20,18:47,70000,golfpang,,,18홀,tr_220560720
포천힐스,2026-09-20,06:14,210000,golfpang,,,18홀,tr_220559966
포천힐스,2026-09-20,08:06,230000,golfpang,,,18홀,tr_220559967
포천힐스,2026-09-20,13:34,180000,golfpang,,,18홀,tr_220559968
클럽모우,2026-09-20,13:41,145000,golfpang,,,18홀,tr_220304336
클럽모우,2026-09-20,14:02,145000,golfpang,,,18홀,tr_220304337
비에이비스타(퍼),2026-09-20,18:13,85000,golfpang,,,18홀,tr_220561512
몽베르(대중제),2026-09-20,06:54,220000,golfpang,,,18홀,tr_220414563
몽베르(대중제),2026-09-20,13:00,190000,golfpang,,,18홀,tr_220414564
몽베르(대중제),2026-09-20,17:56,120000,golfpang,,,18홀,tr_220414565
라싸,2026-09-20,08:12,209000,golfpang,,,18홀,tr_219717070
라싸,2026-09-20,12:46,209000,golfpang,,,18홀,tr_219717071
라싸,2026-09-20,17:25,129000,golfpang,,,18홀,tr_219717072
더플레이어스,2026-09-20,08:08,170000,golfpang,,,18홀,tr_220561131
더플레이어스,2026-09-20,07:16,160000,golfpang,,,18홀,tr_220561130
남춘천,2026-09-20,12:13,180000,golfpang,,,18홀,tr_220403952
남춘천,2026-09-20,12:48,180000,golfpang,,,18홀,tr_220403947
가평베네스트,2026-09-20,13:42,250000,golfpang,,,18홀,tr_220349638
에덴블루,2026-09-20,07:58,209000,golfpang,,,18홀,tr_220502363
에덴블루,2026-09-20,14:00,142500,golfpang,,,18홀,tr_220502364
에덴블루,2026-09-20,17:50,99900,golfpang,,,18홀,tr_220502366
골프존 송도(구.오렌지듄스),2026-09-20,17:30,139000,golfpang,,,18홀,tr_220563893
양평TPC,2026-09-20,14:11,150000,golfpang,,,18홀,tr_220431456
양평TPC,2026-09-20,08:16,180000,golfpang,,,18홀,tr_220431455
경춘(비공개),2026-09-20,13:29,153000,golfpang,,,18홀,tr_219708008
안성베네스트(챌),2026-09-20,13:52,169000,golfpang,,,18홀,tr_220522012
안성베네스트(챌),2026-09-20,07:47,199000,golfpang,,,18홀,tr_220522011
양지파인,2026-09-20,08:15,199000,golfpang,,,18홀,tr_220503684
양지파인,2026-09-20,08:15,199000,golfpang,,,18홀,tr_220503685
클럽72,2026-09-20,18:18,120000,golfpang,,,18홀,tr_220563497
비에이비스타(퍼),2026-09-20,18:13,110000,golfpang,,,18홀,tr_220562864
클럽72,2026-09-20,18:25,120000,golfpang,,,18홀,tr_220521396
클럽72,2026-09-20,19:07,110000,golfpang,,,18홀,tr_220521397
클럽72,2026-09-20,17:57,130000,golfpang,,,18홀,tr_220521395
필로스,2026-09-20,17:47,120000,golfpang,,,18홀,tr_219837144
파주,2026-09-20,17:27,150000,golfpang,,,18홀,tr_220563310
해솔리아,2026-09-20,07:17,170000,golfpang,,,18홀,tr_220393513
해솔리아,2026-09-20,17:22,120000,golfpang,,,18홀,tr_220393515
해솔리아,2026-09-20,11:41,160000,golfpang,,,18홀,tr_220393514
세레니티-강촌,2026-09-20,17:25,120000,golfpang,,,18홀,tr_220563821
이포,2026-09-20,17:38,125000,golfpang,,,18홀,tr_219996939
비에이비스타(퍼),2026-09-20,12:57,150000,golfpang,,,18홀,tr_220561058
로얄링스,2026-09-20,12:27,100000,golfpang,,,18홀,tr_220522354
스카이밸리,2026-09-20,14:00,177000,golfpang,,,18홀,tr_220522358
블랙스톤벨포레,2026-09-20,17:16,50000,golfpang,,,18홀,tr_220522323
일레븐,2026-09-20,17:37,55000,golfpang,,,18홀,tr_220522480
플라밍고,2026-09-20,18:10,77000,golfpang,,,18홀,tr_220522444
블랙스톤벨포레,2026-09-20,18:05,40000,golfpang,,,18홀,tr_220522342
포웰(안성)cc,2026-09-20,19:07,65000,golfpang,,,18홀,tr_220522346
로얄링스,2026-09-20,12:48,100000,golfpang,,,18홀,tr_220563887
세레니티-강촌,2026-09-20,12:42,180000,golfpang,,,18홀,tr_219819270
한림용인,2026-09-20,18:06,135000,golfpang,,,18홀,tr_220559987
한림용인,2026-09-20,17:10,140000,golfpang,,,18홀,tr_220559986
한림용인,2026-09-20,18:34,120000,golfpang,,,18홀,tr_220559988
스톤비치,2026-09-20,12:27,110000,golfpang,,,18홀,tr_220560184
포웰(안성)cc,2026-09-20,18:50,65000,golfpang,,,18홀,tr_220563891
파주,2026-09-20,11:52,200000,golfpang,,,18홀,tr_220562590
중원,2026-09-20,07:46,130000,golfpang,,,18홀,tr_220560185
360도,2026-09-20,06:00,155000,golfpang,,,18홀,tr_220481165
360도,2026-09-20,07:00,170000,golfpang,,,18홀,tr_220481164
더플레이어스,2026-09-20,07:23,160000,golfpang,,,18홀,tr_220561063
올데이,2026-09-20,07:07,89000,golfpang,,,18홀,tr_220503353
해솔리아,2026-09-20,06:00,160000,golfpang,,,18홀,tr_220499575
플라밍고,2026-09-20,19:06,67000,golfpang,,,18홀,tr_220502365
그린힐,2026-09-20,19:06,80000,golfpang,,,18홀,tr_220499757
포웰(안성)cc,2026-09-20,06:04,155000,golfpang,,,18홀,tr_220499640
포웰(안성)cc,2026-09-20,19:07,65000,golfpang,,,18홀,tr_220499641
로얄링스,2026-09-20,12:27,100000,golfpang,,,18홀,tr_220499671
솔라고,2026-09-20,13:35,140000,golfpang,,,18홀,tr_220499779
플라밍고,2026-09-20,13:46,140000,golfpang,,,18홀,tr_220499803
그린힐,2026-09-20,14:03,157000,golfpang,,,18홀,tr_220499755
스카이밸리,2026-09-20,14:00,177000,golfpang,,,18홀,tr_220499676
블랙스톤벨포레,2026-09-20,17:09,50000,golfpang,,,18홀,tr_220499580
일레븐,2026-09-20,17:37,55000,golfpang,,,18홀,tr_220502443
블랙스톤벨포레,2026-09-20,18:05,40000,golfpang,,,18홀,tr_220499614
로얄링스,2026-09-20,11:59,100000,golfpang,,,18홀,tr_220394662
오너스,2026-09-20,08:07,145000,golfpang,,,18홀,tr_220230586
로얄링스,2026-09-20,17:40,65000,golfpang,,,18홀,tr_220563886
포세븐 금강,2026-09-20,14:00,145000,golfpang,,,18홀,tr_219682008
골프존 송도(구.오렌지듄스),2026-09-20,13:29,179000,golfpang,,,18홀,tr_220274763
로얄링스,2026-09-20,13:02,100000,golfpang,,,18홀,tr_219991591
비에이비스타,2026-09-20,12:43,160000,golfpang,,,18홀,tr_220563752
오너스,2026-09-20,08:07,145000,golfpang,,,18홀,tr_219563244
골프존 안성W,2026-09-20,12:56,149000,golfpang,,,18홀,tr_220496963
로얄링스,2026-09-20,12:20,100000,golfpang,,,18홀,tr_219495318
포웰(안성)cc,2026-09-20,13:20,142000,golfpang,,,18홀,tr_220563881
더크로스비,2026-09-20,12:48,180000,golfpang,,,18홀,tr_220306313
플라밍고,2026-09-20,13:08,137000,golfpang,,,18홀,tr_220306604
골프존 화랑,2026-09-20,12:52,139000,golfpang,,,18홀,tr_220423514
가평프리스틴밸리,2026-09-20,12:56,220000,golfpang,,,18홀,tr_220306564
로얄링스,2026-09-20,12:30,100000,golfpang,,,18홀,tr_220306337
스톤비치,2026-09-20,12:00,110000,golfpang,,,18홀,tr_220306474
비에이비스타(퍼),2026-09-20,12:08,125000,golfpang,,,18홀,tr_220423911
로얄링스,2026-09-20,11:56,100000,golfpang,,,18홀,tr_220306387
스톤비치,2026-09-20,08:24,100000,golfpang,,,18홀,tr_220563199
한림용인,2026-09-20,17:31,138000,golfpang,,,18홀,tr_220431258
비에이비스타(퍼),2026-09-20,18:13,85000,golfpang,,,18홀,tr_220423915
더플레이어스,2026-09-20,07:37,160000,golfpang,,,18홀,tr_220306519
필로스,2026-09-20,17:20,120000,golfpang,,,18홀,tr_220431238
파주,2026-09-20,17:00,150000,golfpang,,,18홀,tr_220431134
플라밍고,2026-09-20,16:44,87000,golfpang,,,18홀,tr_220306573
경춘(비공개),2026-09-20,13:29,153000,golfpang,,,18홀,tr_220561430
더크로스비,2026-09-20,13:16,180000,golfpang,,,18홀,tr_220548504
양평TPC,2026-09-20,13:57,150000,golfpang,,,18홀,tr_220306514
골프존 천안,2026-09-20,14:08,154000,golfpang,,,18홀,tr_220423511
솔모로,2026-09-20,13:49,170000,golfpang,,,18홀,tr_219790049
일레븐,2026-09-20,17:23,60000,golfpang,,,18홀,tr_219762526
더플레이어스,2026-09-20,08:12,160000,golfpang,,,18홀,tr_220560799
더플레이어스,2026-09-20,08:12,160000,golfpang,,,18홀,tr_220002365
필로스,2026-09-20,17:34,120000,golfpang,,,18홀,tr_219765049
골프존 송도(구.오렌지듄스),2026-09-20,13:28,179000,golfpang,,,18홀,tr_220181436
비에이비스타(퍼),2026-09-20,18:13,110000,golfpang,,,18홀,tr_220560273
골프존 송도(구.오렌지듄스),2026-09-20,13:30,179000,golfpang,,,18홀,tr_220563879
필로스,2026-09-20,17:40,120000,golfpang,,,18홀,tr_220022716
스톤비치,2026-09-20,17:23,70000,golfpang,,,18홀,tr_220559865
플라밍고,2026-09-20,13:32,140000,golfpang,,,18홀,tr_220559882
비에이비스타(퍼),2026-09-20,13:18,150000,golfpang,,,18홀,tr_220560272
중원,2026-09-20,07:46,130000,golfpang,,,18홀,tr_220560279
포웰(안성)cc,2026-09-20,19:42,65000,golfpang,,,18홀,tr_220562595
올데이,2026-09-20,07:07,89000,golfpang,,,18홀,tr_220548206
더플레이어스,2026-09-20,07:23,160000,golfpang,,,18홀,tr_220560281
로얄링스,2026-09-20,12:30,100000,golfpang,,,18홀,tr_220563877
골프존 진천,2026-09-20,11:57,149000,golfpang,,,18홀,tr_220009892
골프존 천안,2026-09-20,14:08,139000,golfpang,,,18홀,tr_220010042
골프존 화랑,2026-09-20,18:14,65000,golfpang,,,18홀,tr_220010137
골프존 천안,2026-09-20,12:58,149000,golfpang,,,18홀,tr_220010023
골프존 화랑,2026-09-20,07:51,139000,golfpang,,,18홀,tr_220010122
골프존 진천,2026-09-20,13:42,131000,golfpang,,,18홀,tr_220543276
로얄링스,2026-09-20,08:06,100000,golfpang,,,18홀,tr_220394645
골프존 송도(구.오렌지듄스),2026-09-20,13:30,179000,golfpang,,,18홀,tr_220563875
포웰(안성)cc,2026-09-20,18:50,65000,golfpang,,,18홀,tr_220563873
용인플라자,2026-09-20,17:20,120000,golfpang,,,18홀,tr_219777722
블랙스톤벨포레,2026-09-20,17:50,40000,golfpang,,,18홀,tr_220563848
비에이비스타(퍼),2026-09-20,13:04,130000,golfpang,,,18홀,tr_220563837
비에이비스타(퍼),2026-09-20,08:13,160000,golfpang,,,18홀,tr_220563836
포천힐스,2026-09-20,13:48,180000,golfpang,,,18홀,tr_220563519
클럽모우,2026-09-20,14:09,145000,golfpang,,,18홀,tr_220563579
양평TPC,2026-09-20,12:40,160000,golfpang,,,18홀,tr_220563563
이븐데일,2026-09-20,08:30,104000,golfpang,,,18홀,tr_220563580
양평TPC,2026-09-20,13:57,150000,golfpang,,,18홀,tr_220563564
남양주(퍼9),2026-09-20,12:54,139000,golfpang,,,18홀,tr_220563495
이븐데일,2026-09-20,13:16,85000,golfpang,,,18홀,tr_220563581
중원,2026-09-20,07:46,130000,golfpang,,,18홀,tr_220563622
포천힐스,2026-09-20,07:31,240000,golfpang,,,18홀,tr_220563527
남양주(퍼9),2026-09-20,08:14,149000,golfpang,,,18홀,tr_220563491
포웰(안성)cc,2026-09-20,18:50,65000,golfpang,,,18홀,tr_220563830
벨라스톤,2026-09-20,13:20,140000,golfpang,,,18홀,tr_220563828
포웰(안성)cc,2026-09-20,13:20,142000,golfpang,,,18홀,tr_220563825
비에이비스타(퍼),2026-09-20,08:14,160000,golfpang,,,18홀,tr_220559813
비에이비스타(퍼),2026-09-20,12:02,130000,golfpang,,,18홀,tr_220559818
비에이비스타,2026-09-20,13:33,160000,golfpang,,,18홀,tr_220559642
블랙스톤벨포레,2026-09-20,17:00,50000,golfpang,,,18홀,tr_220563823
속초(비공개),2026-09-20,13:38,140000,golfpang,,,18홀,tr_218908677
강릉(비공개),2026-09-20,12:43,150000,golfpang,,,18홀,tr_219870400
스프링베일-퍼9,2026-09-20,17:36,80000,golfpang,,,18홀,tr_220366629
일라이트,2026-09-20,17:52,77000,golfpang,,,18홀,tr_220562600
블랙스톤벨포레,2026-09-20,17:16,50000,golfpang,,,18홀,tr_220562561
플라밍고,2026-09-20,18:17,77000,golfpang,,,18홀,tr_220562557
플라밍고,2026-09-20,13:46,137000,golfpang,,,18홀,tr_220562555
일라이트,2026-09-20,18:34,77000,golfpang,,,18홀,tr_220562605
해솔리아,2026-09-20,13:47,150000,golfpang,,,18홀,tr_220562395
그린힐,2026-09-20,14:03,157000,golfpang,,,18홀,tr_220562503
스카이밸리,2026-09-20,14:00,177000,golfpang,,,18홀,tr_220562500
스마트KU,2026-09-20,14:10,200000,golfpang,,,18홀,tr_220562553
블랙스톤벨포레,2026-09-20,18:05,40000,golfpang,,,18홀,tr_220562562
그린힐,2026-09-20,19:06,80000,golfpang,,,18홀,tr_220562504
스마트KU,2026-09-20,06:30,220000,golfpang,,,18홀,tr_220562506
해솔리아,2026-09-20,12:37,160000,golfpang,,,18홀,tr_220562391
로얄링스,2026-09-20,12:34,100000,golfpang,,,18홀,tr_220562416
일레븐,2026-09-20,17:37,55000,golfpang,,,18홀,tr_220562591
플라밍고,2026-09-20,19:06,67000,golfpang,,,18홀,tr_220562558
해솔리아,2026-09-20,13:30,150000,golfpang,,,18홀,tr_220563820
동전주써미트,2026-09-20,17:56,50000,golfpang,,,18홀,tr_220398674
감곡,2026-09-20,18:10,100000,golfpang,,,18홀,tr_220325833
임페리얼레이크,2026-09-20,17:30,79000,golfpang,,,18홀,tr_220260744
로얄포레,2026-09-20,17:50,79000,golfpang,,,18홀,tr_220260624
알프스대영,2026-09-20,17:10,59000,golfpang,,,18홀,tr_220260832
떼제베,2026-09-20,17:10,110000,golfpang,,,18홀,tr_220326232
옥스필드,2026-09-20,17:20,59000,golfpang,,,18홀,tr_220260866
떼제베(동북),2026-09-20,17:20,90000,golfpang,,,18홀,tr_220326229
올데이,2026-09-20,17:20,59000,golfpang,,,18홀,tr_220260669
일레븐,2026-09-20,17:50,55000,golfpang,,,18홀,tr_220402014
임페리얼레이크,2026-09-20,11:30,139000,golfpang,,,18홀,tr_220201600
올데이,2026-09-20,07:00,89000,golfpang,,,18홀,tr_220201552
이븐데일,2026-09-20,13:00,85000,golfpang,,,18홀,tr_220326025
떼제베(동북),2026-09-20,11:50,120000,golfpang,,,18홀,tr_220561181
올데이,2026-09-20,12:00,99000,golfpang,,,18홀,tr_220201553
옥스필드,2026-09-20,12:20,99000,golfpang,,,18홀,tr_220201731
로얄포레,2026-09-20,12:50,109000,golfpang,,,18홀,tr_220201520
옥스필드,2026-09-20,07:40,79000,golfpang,,,18홀,tr_220201729
대영힐스,2026-09-20,18:40,65000,golfpang,,,18홀,tr_220260512
알프스대영,2026-09-20,12:00,99000,golfpang,,,18홀,tr_220563817
클럽72,2026-09-20,18:25,120000,golfpang,,,18홀,tr_220208152
그린힐,2026-09-20,18:52,80000,golfpang,,,18홀,tr_220008744
클럽72,2026-09-20,17:57,130000,golfpang,,,18홀,tr_220208151
빅토리아-퍼9,2026-09-20,17:38,89000,golfpang,,,18홀,tr_220086086
아세코밸리-퍼9,2026-09-20,17:38,80000,golfpang,,,18홀,tr_220106672
아세코밸리-퍼9,2026-09-20,17:45,80000,golfpang,,,18홀,tr_220512937
한림용인,2026-09-20,17:24,135000,golfpang,,,18홀,tr_220484729
한림용인,2026-09-20,17:24,135000,golfpang,,,18홀,tr_220484728
세현,2026-09-20,13:51,200000,golfpang,,,18홀,tr_220274638
세현,2026-09-20,13:58,200000,golfpang,,,18홀,tr_220274639
유니아일랜드,2026-09-20,12:11,140000,golfpang,,,18홀,tr_220131098
유니아일랜드,2026-09-20,12:11,140000,golfpang,,,18홀,tr_220513026
파주,2026-09-20,16:52,160000,golfpang,,,18홀,tr_220150200
파주,2026-09-20,12:34,210000,golfpang,,,18홀,tr_220150199
남춘천,2026-09-20,12:34,180000,golfpang,,,18홀,tr_220241280
남춘천,2026-09-20,12:27,180000,golfpang,,,18홀,tr_220241279
베스트밸리-퍼9,2026-09-20,18:02,120000,golfpang,,,18홀,tr_220037194
세레니티-강촌,2026-09-20,12:07,180000,golfpang,,,18홀,tr_220086900
몽베르(대중제),2026-09-20,18:10,120000,golfpang,,,18홀,tr_220032159
포천힐스,2026-09-20,13:34,180000,golfpang,,,18홀,tr_220152626
몽베르(대중제),2026-09-20,13:28,190000,golfpang,,,18홀,tr_220032158
한림광릉,2026-09-20,17:31,140000,golfpang,,,18홀,tr_220121283
파주타이거,2026-09-20,17:29,150000,golfpang,,,18홀,tr_220151074
파주타이거,2026-09-20,17:35,150000,golfpang,,,18홀,tr_220214352
세레니티-강촌,2026-09-20,17:32,120000,golfpang,,,18홀,tr_220086901
포천힐스,2026-09-20,13:20,180000,golfpang,,,18홀,tr_220152625
라싸,2026-09-20,17:46,119000,golfpang,,,18홀,tr_220230231
포천힐스,2026-09-20,13:20,180000,golfpang,,,18홀,tr_220152627
푸른솔포천,2026-09-20,13:13,220000,golfpang,,,18홀,tr_220124703
라싸,2026-09-20,17:53,119000,golfpang,,,18홀,tr_220505275
푸른솔포천,2026-09-20,14:02,210000,golfpang,,,18홀,tr_220124704
클럽모우,2026-09-20,13:55,145000,golfpang,,,18홀,tr_220142321
클럽모우,2026-09-20,13:48,145000,golfpang,,,18홀,tr_220142320
한림광릉,2026-09-20,17:10,140000,golfpang,,,18홀,tr_220121284
파주,2026-09-20,17:20,150000,golfpang,,,18홀,tr_220150201
더플레이어스,2026-09-20,07:30,160000,golfpang,,,18홀,tr_220471001
비에이비스타(퍼),2026-09-20,12:50,125000,golfpang,,,18홀,tr_220485129
더크로스비,2026-09-20,12:48,180000,golfpang,,,18홀,tr_220470990
백제,2026-09-20,13:33,130000,golfpang,,,18홀,tr_220505518
대호단양,2026-09-20,11:38,159000,golfpang,,,18홀,tr_220012830
힐데스하임,2026-09-20,18:26,75000,golfpang,,,18홀,tr_220115496
킹즈락,2026-09-20,18:27,70000,golfpang,,,18홀,tr_220148323
이븐데일,2026-09-20,12:41,85000,golfpang,,,18홀,tr_220283446
스타,2026-09-20,18:45,80000,golfpang,,,18홀,tr_220104908
이븐데일,2026-09-20,12:12,85000,golfpang,,,18홀,tr_220283445
힐데스하임,2026-09-20,12:19,135000,golfpang,,,18홀,tr_220515931
킹즈락,2026-09-20,11:54,140000,golfpang,,,18홀,tr_220148325
일레븐,2026-09-20,17:51,60000,golfpang,,,18홀,tr_220138836
이븐데일,2026-09-20,13:16,85000,golfpang,,,18홀,tr_220283447
일레븐,2026-09-20,17:44,60000,golfpang,,,18홀,tr_220138834
감곡,2026-09-20,18:13,100000,golfpang,,,18홀,tr_220470714
백제,2026-09-20,13:19,130000,golfpang,,,18홀,tr_220032750
힐데스하임,2026-09-20,12:04,135000,golfpang,,,18홀,tr_220115494
알펜시아700,2026-09-20,17:44,60000,golfpang,,,18홀,tr_220512976
벨라스톤,2026-09-20,18:20,80000,golfpang,,,18홀,tr_220075323
알펜시아700,2026-09-20,18:19,50000,golfpang,,,18홀,tr_220107315
알펜시아명문,2026-09-20,12:52,130000,golfpang,,,18홀,tr_220512992
알프스대영,2026-09-20,17:15,59000,golfpang,,,18홀,tr_220375318
알프스대영,2026-09-20,18:32,40000,golfpang,,,18홀,tr_220375320
알프스대영,2026-09-20,17:50,49000,golfpang,,,18홀,tr_220375319
알펜시아명문,2026-09-20,12:45,130000,golfpang,,,18홀,tr_220126830
블랙스톤벨포레,2026-09-20,17:02,60000,golfpang,,,18홀,tr_220470055
해솔리아,2026-09-20,12:10,160000,golfpang,,,18홀,tr_220563812
골프존 안성W,2026-09-20,12:56,149000,golfpang,,,18홀,tr_220468467
골프존 송도(구.오렌지듄스),2026-09-20,13:29,179000,golfpang,,,18홀,tr_220288742
포레스트힐,2026-09-20,13:20,170000,golfpang,,,18홀,tr_217164103
샴발라,2026-09-20,08:52,180000,golfpang,,,18홀,tr_220035015
포레스트힐,2026-09-20,17:40,110000,golfpang,,,18홀,tr_217164162
임페리얼레이크,2026-09-20,18:22,79000,golfpang,,,18홀,tr_220563809
임페리얼레이크,2026-09-20,18:15,79000,golfpang,,,18홀,tr_220259466
골프존 화랑,2026-09-20,17:04,69000,golfpang,,,18홀,tr_220348320
이포,2026-09-20,18:13,120000,golfpang,,,18홀,tr_220348933
포웰(안성)cc,2026-09-20,18:32,75000,golfpang,,,18홀,tr_220349017
경춘(비공개),2026-09-20,08:07,168000,golfpang,,,18홀,tr_220348790
스톤비치,2026-09-20,07:59,130000,golfpang,,,18홀,tr_220348895
라싸,2026-09-20,07:58,189000,golfpang,,,18홀,tr_220348419
더플레이어스,2026-09-20,07:37,170000,golfpang,,,18홀,tr_220348964
더크로스비,2026-09-20,11:41,187000,golfpang,,,18홀,tr_220348342
스톤비치,2026-09-20,12:20,110000,golfpang,,,18홀,tr_220348926
클럽모우,2026-09-20,13:20,145000,golfpang,,,18홀,tr_220348967
용인(비공개명문),2026-09-20,13:04,270000,golfpang,,,18홀,tr_220348196
스마트KU,2026-09-20,13:56,200000,golfpang,,,18홀,tr_220348870
골프존 천안,2026-09-20,14:08,134000,golfpang,,,18홀,tr_219792166
골프존 화랑,2026-09-20,07:51,149000,golfpang,,,18홀,tr_220180853
골프존 진천,2026-09-20,13:42,131000,golfpang,,,18홀,tr_219338496
골프존 진천,2026-09-20,11:57,149000,golfpang,,,18홀,tr_219338393
골프존 화랑,2026-09-20,18:14,65000,golfpang,,,18홀,tr_220180905
골프존 화랑,2026-09-20,13:06,129000,golfpang,,,18홀,tr_220180857
골프존 천안,2026-09-20,12:58,153000,golfpang,,,18홀,tr_218384876
임페리얼레이크,2026-09-20,11:45,139000,golfpang,,,18홀,tr_220259465
옥스필드,2026-09-20,07:00,79000,golfpang,,,18홀,tr_220557630
포웰(안성)cc,2026-09-20,19:00,65000,golfpang,,,18홀,tr_220304799
이븐데일,2026-09-20,07:31,99000,golfpang,,,18홀,tr_220547592
골프존 안성W,2026-09-20,12:56,149000,golfpang,,,18홀,tr_220327143
그랜드(청주),2026-09-20,18:14,100000,golfpang,,,18홀,tr_220470006
스프링베일-퍼9,2026-09-20,08:24,110000,golfpang,,,18홀,tr_220219812
스프링베일-퍼9,2026-09-20,17:37,80000,golfpang,,,18홀,tr_220559594
웅포,2026-09-20,12:03,130000,golfpang,,,18홀,tr_218694985
블루원용인(퍼),2026-09-20,13:23,140000,golfpang,,,18홀,tr_218655414
블루원용인,2026-09-20,18:33,110000,golfpang,,,18홀,tr_219324260
블루원용인,2026-09-20,17:52,120000,golfpang,,,18홀,tr_218978593
모카cc,2026-09-20,14:24,120000,golfpang,,,18홀,tr_219971128
블랙스톤벨포레,2026-09-20,17:50,40000,golfpang,,,18홀,tr_220563753
블루원용인(퍼),2026-09-20,18:08,90000,golfpang,,,18홀,tr_220403360
해솔리아,2026-09-20,13:47,149000,golfpang,,,18홀,tr_220274145
블랙스톤벨포레,2026-09-20,17:00,50000,golfpang,,,18홀,tr_220563747
스톤비치,2026-09-20,07:17,100000,golfpang,,,18홀,tr_220563746
해솔리아,2026-09-20,13:30,150000,golfpang,,,18홀,tr_220563744
비에이비스타,2026-09-20,12:42,160000,golfpang,,,18홀,tr_220563715
포천힐스,2026-09-20,13:10,179000,golfpang,,,18홀,tr_220522853
로얄링스,2026-09-20,12:10,100000,golfpang,,,18홀,tr_220563714
용인플라자,2026-09-20,12:51,200000,golfpang,,,18홀,tr_220211102
비에이비스타(퍼),2026-09-20,17:31,90000,golfpang,,,18홀,tr_220563713
오너스,2026-09-20,08:21,145000,golfpang,,,18홀,tr_219556049
오너스,2026-09-20,08:21,145000,golfpang,,,18홀,tr_219556459
떼제베(동북),2026-09-20,16:52,90000,golfpang,,,18홀,tr_219999615
떼제베(동북),2026-09-20,16:52,90000,golfpang,,,18홀,tr_220052441
이븐데일,2026-09-20,12:33,85000,golfpang,,,18홀,tr_220563686
떼제베,2026-09-20,17:13,110000,golfpang,,,18홀,tr_220085519
떼제베,2026-09-20,17:13,110000,golfpang,,,18홀,tr_220085730
떼제베,2026-09-20,18:16,100000,golfpang,,,18홀,tr_220085703
떼제베(동북),2026-09-20,17:13,90000,golfpang,,,18홀,tr_220052484
이븐데일,2026-09-20,08:30,104000,golfpang,,,18홀,tr_220431558
이븐데일,2026-09-20,07:14,99000,golfpang,,,18홀,tr_220431453
라데나,2026-09-20,06:24,190000,golfpang,,,18홀,tr_220055635
해솔리아,2026-09-20,12:10,160000,golfpang,,,18홀,tr_220563687
캐슬렉스,2026-09-20,06:18,240000,golfpang,,,18홀,tr_220326257
신안,2026-09-20,18:24,90000,golfpang,,,18홀,tr_219781424
그랜드(청주),2026-09-20,18:21,90000,golfpang,,,18홀,tr_220315314
백제,2026-09-20,14:15,120000,golfpang,,,18홀,tr_219865598
남춘천,2026-09-20,08:43,190000,golfpang,,,18홀,tr_220417604
백제,2026-09-20,13:12,140000,golfpang,,,18홀,tr_219781412
로얄링스,2026-09-20,13:02,100000,golfpang,,,18홀,tr_220289653
속리산cc,2026-09-20,13:25,110000,golfpang,,,18홀,tr_220468473
알프스대영,2026-09-20,18:11,40000,golfpang,,,18홀,tr_219781416
대영힐스,2026-09-20,18:48,50000,golfpang,,,18홀,tr_219781414
벨라스톤,2026-09-20,18:27,80000,golfpang,,,18홀,tr_219344329
오로라,2026-09-20,17:42,80000,golfpang,,,18홀,tr_220403277
알펜시아700,2026-09-20,17:44,60000,golfpang,,,18홀,tr_220547131
벨라스톤,2026-09-20,06:42,150000,golfpang,,,18홀,tr_220403195
중원,2026-09-20,08:35,130000,golfpang,,,18홀,tr_220484288
베르힐(영종),2026-09-20,18:18,160000,golfpang,,,18홀,tr_220560181
솔트베이,2026-09-20,05:46,229000,golfpang,,,18홀,tr_220559664
윈체스트,2026-09-20,18:25,120000,golfpang,,,18홀,tr_220548492
윈체스트,2026-09-20,17:50,130000,golfpang,,,18홀,tr_220548491
윈체스트,2026-09-20,17:08,130000,golfpang,,,18홀,tr_220548447
그랜드(청주),2026-09-20,18:21,100000,golfpang,,,18홀,tr_219344026
일라이트,2026-09-20,13:32,135000,golfpang,,,18홀,tr_220283243
대영힐스,2026-09-20,18:41,55000,golfpang,,,18홀,tr_220283418
아리스타,2026-09-20,13:39,100000,golfpang,,,18홀,tr_220548497
로얄링스,2026-09-20,13:02,100000,golfpang,,,18홀,tr_220548494
골프존 진천,2026-09-20,08:27,179000,golfpang,,,18홀,tr_220283072
킹스데일,2026-09-20,06:37,170000,golfpang,,,18홀,tr_219551305
중원,2026-09-20,08:42,130000,golfpang,,,18홀,tr_220563669
윈체스트,2026-09-20,17:08,130000,golfpang,,,18홀,tr_220521622
윈체스트,2026-09-20,17:29,130000,golfpang,,,18홀,tr_220562602
포천힐스,2026-09-20,13:10,179000,golfpang,,,18홀,tr_220523443
용인플라자,2026-09-20,17:00,120000,golfpang,,,18홀,tr_220502811
블랙스톤벨포레,2026-09-20,18:19,40000,golfpang,,,18홀,tr_220561418
이천실크밸리,2026-09-20,17:35,90000,golfpang,,,18홀,tr_220562102
대영힐스,2026-09-20,17:38,85000,golfpang,,,18홀,tr_220562803
일레븐,2026-09-20,17:51,55000,golfpang,,,18홀,tr_220561603
베스트밸리-퍼9,2026-09-20,17:55,120000,golfpang,,,18홀,tr_220561519
라싸,2026-09-20,17:53,119000,golfpang,,,18홀,tr_220561395
한림용인,2026-09-20,17:24,140000,golfpang,,,18홀,tr_220562565
떼제베,2026-09-20,17:20,110000,golfpang,,,18홀,tr_220562317
떼제베(동북),2026-09-20,17:27,90000,golfpang,,,18홀,tr_220562169
세레니티-강촌,2026-09-20,17:32,120000,golfpang,,,18홀,tr_220561441
아세코밸리-퍼9,2026-09-20,17:31,80000,golfpang,,,18홀,tr_220562508
아세코밸리-퍼9,2026-09-20,17:38,80000,golfpang,,,18홀,tr_220562509
블랙스톤벨포레,2026-09-20,17:37,50000,golfpang,,,18홀,tr_220561417
파주,2026-09-20,16:52,160000,golfpang,,,18홀,tr_220561598
이븐데일,2026-09-20,17:04,55000,golfpang,,,18홀,tr_220560936
떼제베(동북),2026-09-20,17:20,90000,golfpang,,,18홀,tr_220562168
한림용인,2026-09-20,17:17,140000,golfpang,,,18홀,tr_220562564
푸른솔포천,2026-09-20,14:02,210000,golfpang,,,18홀,tr_220561756
백제,2026-09-20,14:15,120000,golfpang,,,18홀,tr_220562481
안성베네스트(클),2026-09-20,14:13,179000,golfpang,,,18홀,tr_220561905
속리산cc,2026-09-20,14:07,130000,golfpang,,,18홀,tr_220561371
속리산cc,2026-09-20,14:07,130000,golfpang,,,18홀,tr_220561370
속리산cc,2026-09-20,14:07,130000,golfpang,,,18홀,tr_220561369
포천힐스,2026-09-20,13:41,180000,golfpang,,,18홀,tr_220561302
코브스윙,2026-09-20,13:41,170000,golfpang,,,18홀,tr_220562030
코브스윙,2026-09-20,13:48,170000,golfpang,,,18홀,tr_220562031
포웰(안성)cc,2026-09-20,13:08,152000,golfpang,,,18홀,tr_220561272
해솔리아,2026-09-20,13:05,150000,golfpang,,,18홀,tr_220562228
푸른솔포천,2026-09-20,13:13,220000,golfpang,,,18홀,tr_220561755
백제,2026-09-20,13:12,130000,golfpang,,,18홀,tr_220562480
포웰(안성)cc,2026-09-20,13:29,142000,golfpang,,,18홀,tr_220561273
스카이밸리,2026-09-20,12:01,190000,golfpang,,,18홀,tr_220562148
클럽D 거창,2026-09-20,12:01,95000,golfpang,,,18홀,tr_220560808
세레니티-강촌,2026-09-20,12:00,180000,golfpang,,,18홀,tr_220561440
이븐데일,2026-09-20,08:24,104000,golfpang,,,18홀,tr_220560934
킹즈락,2026-09-20,08:23,140000,golfpang,,,18홀,tr_220561161
동촌,2026-09-20,08:40,190000,golfpang,,,18홀,tr_220562472
세레니티-강촌,2026-09-20,08:34,200000,golfpang,,,18홀,tr_220561439
클럽D 거창,2026-09-20,08:33,95000,golfpang,,,18홀,tr_220560807
파주,2026-09-20,11:03,210000,golfpang,,,18홀,tr_220561597
킹즈락,2026-09-20,11:47,135000,golfpang,,,18홀,tr_220561162
이븐데일,2026-09-20,11:31,85000,golfpang,,,18홀,tr_220560935
떼제베(동북),2026-09-20,11:50,120000,golfpang,,,18홀,tr_220562167
킹즈락,2026-09-20,07:48,130000,golfpang,,,18홀,tr_220561160
이천실크밸리,2026-09-20,07:45,180000,golfpang,,,18홀,tr_220562101
스카이밸리,2026-09-20,07:58,190000,golfpang,,,18홀,tr_220562147
포천힐스,2026-09-20,08:06,230000,golfpang,,,18홀,tr_220561301
더플레이어스,2026-09-20,08:05,170000,golfpang,,,18홀,tr_220560868
양평TPC,2026-09-20,08:16,180000,golfpang,,,18홀,tr_220562271
양지파인,2026-09-20,08:15,199000,golfpang,,,18홀,tr_220560458
해솔리아,2026-09-20,06:21,160000,golfpang,,,18홀,tr_220562227
양평TPC,2026-09-20,06:59,170000,golfpang,,,18홀,tr_220562270
더플레이어스,2026-09-20,07:16,160000,golfpang,,,18홀,tr_220560867
파주,2026-09-20,07:27,220000,golfpang,,,18홀,tr_220561596
포천힐스,2026-09-20,06:14,210000,golfpang,,,18홀,tr_220561300
대영힐스,2026-09-20,18:41,65000,golfpang,,,18홀,tr_220562804
비콘힐스,2026-09-20,18:40,70000,golfpang,,,18홀,tr_220562360
떼제베,2026-09-20,18:37,100000,golfpang,,,18홀,tr_220562318
라싸,2026-09-20,18:35,119000,golfpang,,,18홀,tr_220561397
대영힐스,2026-09-20,18:55,59000,golfpang,,,18홀,tr_220562805
비콘힐스,2026-09-20,18:54,70000,golfpang,,,18홀,tr_220562361
포웰(안성)cc,2026-09-20,19:35,65000,golfpang,,,18홀,tr_220561274
베스트밸리-퍼9,2026-09-20,18:16,120000,golfpang,,,18홀,tr_220561518
감곡,2026-09-20,18:20,100000,golfpang,,,18홀,tr_220561999
블랙스톤벨포레,2026-09-20,18:26,40000,golfpang,,,18홀,tr_220561419
일레븐,2026-09-20,18:26,55000,golfpang,,,18홀,tr_220561605
비콘힐스,2026-09-20,18:33,70000,golfpang,,,18홀,tr_220562359
감곡,2026-09-20,17:52,100000,golfpang,,,18홀,tr_220561997
한림용인,2026-09-20,17:59,140000,golfpang,,,18홀,tr_220562566
일레븐,2026-09-20,17:58,55000,golfpang,,,18홀,tr_220561604
아세코밸리-퍼9,2026-09-20,18:06,80000,golfpang,,,18홀,tr_220562510
해솔리아,2026-09-20,18:04,110000,golfpang,,,18홀,tr_220562229
베스트밸리-퍼9,2026-09-20,18:02,120000,golfpang,,,18홀,tr_220561517
이천실크밸리,2026-09-20,18:10,80000,golfpang,,,18홀,tr_220562103
라싸,2026-09-20,18:07,119000,golfpang,,,18홀,tr_220561396
감곡,2026-09-20,18:13,100000,golfpang,,,18홀,tr_220561998
포레스트힐,2026-09-20,13:17,169000,golfpang,,,18홀,tr_217105845
코브스윙,2026-09-20,14:20,159000,golfpang,,,18홀,tr_217105840
클럽모우,2026-09-20,12:35,165000,golfpang,,,18홀,tr_220563640
클럽모우,2026-09-20,06:37,145000,golfpang,,,18홀,tr_219747203
클럽72,2026-09-20,19:07,110000,golfpang,,,18홀,tr_220486108
포웰(안성)cc,2026-09-20,19:21,65000,golfpang,,,18홀,tr_220396867
킹스데일,2026-09-20,06:30,180000,golfpang,,,18홀,tr_220396787
알펜시아700,2026-09-20,07:08,100000,golfpang,,,18홀,tr_220396793
클럽모우,2026-09-20,07:12,175000,golfpang,,,18홀,tr_220563639
비에이비스타,2026-09-20,12:43,160000,golfpang,,,18홀,tr_219781421
이포,2026-09-20,18:13,120000,golfpang,,,18홀,tr_220397484
서원힐스,2026-09-20,17:52,140000,golfpang,,,18홀,tr_220397482
클럽모우,2026-09-20,13:48,145000,golfpang,,,18홀,tr_220560805
프린세스,2026-09-20,13:46,160000,golfpang,,,18홀,tr_220563637
양평TPC,2026-09-20,12:40,160000,golfpang,,,18홀,tr_220561238
스톤비치,2026-09-20,13:16,110000,golfpang,,,18홀,tr_220561509
더크로스비,2026-09-20,12:20,180000,golfpang,,,18홀,tr_220502668
더플레이어스,2026-09-20,07:37,170000,golfpang,,,18홀,tr_220548409
코브스윙,2026-09-20,14:10,159000,golfpang,,,18홀,tr_217163964
코브스윙,2026-09-20,13:30,159000,golfpang,,,18홀,tr_217163970
스톤비치,2026-09-20,12:27,110000,golfpang,,,18홀,tr_220483701
오너스,2026-09-20,07:18,139000,golfpang,,,18홀,tr_220563621
오너스,2026-09-20,07:33,139000,golfpang,,,18홀,tr_220563169
클럽72,2026-09-20,18:39,120000,golfpang,,,18홀,tr_220563605
센추리21(퍼),2026-09-20,12:42,100000,golfpang,,,18홀,tr_220553904
센추리21,2026-09-20,17:26,70000,golfpang,,,18홀,tr_219911699
센추리21(퍼),2026-09-20,17:26,60000,golfpang,,,18홀,tr_219922893
센추리21,2026-09-20,13:00,125000,golfpang,,,18홀,tr_219966661
센추리21(퍼),2026-09-20,08:00,100000,golfpang,,,18홀,tr_218871623
센추리21,2026-09-20,06:30,120000,golfpang,,,18홀,tr_218870022
골프존 안성W,2026-09-20,12:56,149000,golfpang,,,18홀,tr_220504143
해솔리아,2026-09-20,13:47,149000,golfpang,,,18홀,tr_220504147
클럽72,2026-09-20,19:07,120000,golfpang,,,18홀,tr_220563603
포레스트힐,2026-09-20,13:20,170000,golfpang,,,18홀,tr_217102854
포천힐스,2026-09-20,13:10,179000,golfpang,,,18홀,tr_220547161
코브스윙,2026-09-20,13:10,159000,golfpang,,,18홀,tr_219799047
중원,2026-09-20,08:35,140000,golfpang,,,18홀,tr_220321228
라싸,2026-09-20,08:33,189000,golfpang,,,18홀,tr_220206122
로얄링스,2026-09-20,12:48,100000,golfpang,,,18홀,tr_220560630
스톤비치,2026-09-20,12:27,110000,golfpang,,,18홀,tr_220560658
플라밍고,2026-09-20,13:25,140000,golfpang,,,18홀,tr_219982982
더크로스비,2026-09-20,13:09,180000,golfpang,,,18홀,tr_220318563
양평TPC,2026-09-20,13:57,150000,golfpang,,,18홀,tr_220321096
시그너스,2026-09-20,13:56,160000,golfpang,,,18홀,tr_219983129
스톤비치,2026-09-20,17:23,70000,golfpang,,,18홀,tr_220321016
플라밍고,2026-09-20,17:07,90000,golfpang,,,18홀,tr_220400356
필로스,2026-09-20,17:40,120000,golfpang,,,18홀,tr_220400359
한림용인,2026-09-20,18:13,132000,golfpang,,,18홀,tr_220400361
클럽72,2026-09-20,18:18,120000,golfpang,,,18홀,tr_220560698
스톤비치,2026-09-20,06:42,110000,golfpang,,,18홀,tr_219985139
더플레이어스,2026-09-20,07:30,160000,golfpang,,,18홀,tr_220400351
경춘(비공개),2026-09-20,13:15,210000,golfpang,,,18홀,tr_219840511
라데나,2026-09-20,06:30,190000,golfpang,,,18홀,tr_220181669
남춘천,2026-09-20,12:13,180000,golfpang,,,18홀,tr_219280982
필로스,2026-09-20,17:40,120000,golfpang,,,18홀,tr_220484047
솔모로,2026-09-20,13:56,170000,golfpang,,,18홀,tr_220392385
일레븐,2026-09-20,17:23,60000,golfpang,,,18홀,tr_220032887
라데나,2026-09-20,12:56,240000,golfpang,,,18홀,tr_220278585
힐마루 포천,2026-09-20,17:52,140000,golfpang,,,18홀,tr_219344212
한림광릉,2026-09-20,17:31,130000,golfpang,,,18홀,tr_220274609
클럽모우,2026-09-20,12:59,165000,golfpang,,,18홀,tr_219775786
비콘힐스,2026-09-20,18:33,70000,golfpang,,,18홀,tr_219551358
샴발라,2026-09-20,13:05,150000,golfpang,,,18홀,tr_220260969
더플레이어스,2026-09-20,07:58,180000,golfpang,,,18홀,tr_219343321
클럽모우,2026-09-20,06:51,175000,golfpang,,,18홀,tr_219344241
포레스트힐,2026-09-20,06:58,210000,golfpang,,,18홀,tr_219775898
중원,2026-09-20,08:45,130000,golfpang,,,18홀,tr_220563562
클럽72-오션,2026-09-20,06:09,240000,golfpang,,,18홀,tr_219765481
킹스데일,2026-09-20,08:55,200000,golfpang,,,18홀,tr_220563503
킹즈락,2026-09-20,08:00,130000,golfpang,,,18홀,tr_220563493
블랙스톤벨포레,2026-09-20,17:23,50000,golfpang,,,18홀,tr_220396872
파주,2026-09-20,07:27,220000,golfpang,,,18홀,tr_220499739
일라이트,2026-09-20,18:34,77000,golfpang,,,18홀,tr_220563453
킹즈락,2026-09-20,17:13,90000,golfpang,,,18홀,tr_220563449
일라이트,2026-09-20,17:52,77000,golfpang,,,18홀,tr_220563450
포웰(안성)cc,2026-09-20,19:35,65000,golfpang,,,18홀,tr_220563447
스톤비치,2026-09-20,17:23,70000,golfpang,,,18홀,tr_220252962
포웰(안성)cc,2026-09-20,13:08,152000,golfpang,,,18홀,tr_220563444
일레븐,2026-09-20,17:37,55000,golfpang,,,18홀,tr_220563408
비에이비스타,2026-09-20,13:33,160000,golfpang,,,18홀,tr_220402525
블루원용인(퍼),2026-09-20,13:53,140000,golfpang,,,18홀,tr_220402518
비에이비스타(퍼),2026-09-20,12:02,130000,golfpang,,,18홀,tr_220402522
스카이밸리,2026-09-20,12:16,190000,golfpang,,,18홀,tr_220402526
양평TPC,2026-09-20,07:35,180000,golfpang,,,18홀,tr_220402529
골프존 드래곤,2026-09-20,07:33,121000,golfpang,,,18홀,tr_220401074
골든베이,2026-09-20,07:41,150000,golfpang,,,18홀,tr_220411650
골프존 무주,2026-09-20,07:47,127000,golfpang,,,18홀,tr_220401106
비에이비스타(퍼),2026-09-20,08:14,160000,golfpang,,,18홀,tr_220402520
골프존 드래곤,2026-09-20,13:35,126000,golfpang,,,18홀,tr_220411872
마이다스레이크 이천,2026-09-20,14:25,180000,golfpang,,,18홀,tr_220402517
양평TPC,2026-09-20,14:12,150000,golfpang,,,18홀,tr_220402530
용인(비공개),2026-09-20,14:00,210000,golfpang,,,18홀,tr_220402519
동서울cc-퍼9,2026-09-20,17:50,40000,golfpang,,,18홀,tr_220401107
캐슬렉스,2026-09-20,06:26,260000,golfpang,,,18홀,tr_220402532
마이다스레이크 이천,2026-09-20,06:22,200000,golfpang,,,18홀,tr_220402516
킹즈락,2026-09-20,11:35,135000,golfpang,,,18홀,tr_220563405
블랙스톤벨포레,2026-09-20,18:05,40000,golfpang,,,18홀,tr_220563394
플라밍고,2026-09-20,18:10,77000,golfpang,,,18홀,tr_219997224
코브스윙,2026-09-20,13:40,159000,golfpang,,,18홀,tr_217162723
블랙스톤벨포레,2026-09-20,17:16,50000,golfpang,,,18홀,tr_220563392
플라밍고,2026-09-20,13:32,140000,golfpang,,,18홀,tr_220283355
플라밍고,2026-09-20,19:06,67000,golfpang,,,18홀,tr_220563390
스마트KU,2026-09-20,14:10,200000,golfpang,,,18홀,tr_220563389
해솔리아,2026-09-20,13:40,150000,golfpang,,,18홀,tr_220390617
그린힐,2026-09-20,19:06,80000,golfpang,,,18홀,tr_220563388
플라밍고,2026-09-20,13:32,140000,golfpang,,,18홀,tr_220396870
그린힐,2026-09-20,14:03,157000,golfpang,,,18홀,tr_220563387
스카이밸리,2026-09-20,14:00,177000,golfpang,,,18홀,tr_220563385
로얄링스,2026-09-20,18:30,80000,golfpang,,,18홀,tr_220563383
로얄링스,2026-09-20,11:10,100000,golfpang,,,18홀,tr_220563382
블랙스톤벨포레,2026-09-20,18:33,40000,golfpang,,,18홀,tr_220563377
블랙스톤벨포레,2026-09-20,18:54,40000,golfpang,,,18홀,tr_220563378
블랙스톤벨포레,2026-09-20,17:51,50000,golfpang,,,18홀,tr_220563376
비에이비스타,2026-09-20,13:32,160000,golfpang,,,18홀,tr_220210773
비에이비스타(퍼),2026-09-20,17:59,90000,golfpang,,,18홀,tr_219790170
블루원용인,2026-09-20,18:43,110000,golfpang,,,18홀,tr_220402310
골든베이,2026-09-20,13:52,150000,golfpang,,,18홀,tr_219791230
오로라,2026-09-20,06:37,150000,golfpang,,,18홀,tr_220548416
골든베이,2026-09-20,07:40,150000,golfpang,,,18홀,tr_219791152
로얄링스,2026-09-20,12:34,100000,golfpang,,,18홀,tr_220563375
스톤비치,2026-09-20,08:13,110000,golfpang,,,18홀,tr_220252950
해솔리아,2026-09-20,13:47,150000,golfpang,,,18홀,tr_220563372
해솔리아,2026-09-20,12:37,160000,golfpang,,,18홀,tr_220563371
스톤비치,2026-09-20,13:09,110000,golfpang,,,18홀,tr_220252968
용인플라자,2026-09-20,17:20,120000,golfpang,,,18홀,tr_220321592
용인플라자,2026-09-20,13:00,200000,golfpang,,,18홀,tr_217843793
솔트베이,2026-09-20,18:57,149000,golfpang,,,18홀,tr_220190769
솔트베이,2026-09-20,18:50,149000,golfpang,,,18홀,tr_220563311
솔트베이,2026-09-20,18:57,149000,golfpang,,,18홀,tr_220563313
솔트베이,2026-09-20,18:57,149000,golfpang,,,18홀,tr_220563312
솔트베이,2026-09-20,18:50,149000,golfpang,,,18홀,tr_220190768
로제비앙(구.큐로cc),2026-09-20,18:36,140000,golfpang,,,18홀,tr_220521633
솔트베이,2026-09-20,18:50,149000,golfpang,,,18홀,tr_220562440
포웰(안성)cc,2026-09-20,18:53,102000,golfpang,,,18홀,tr_220518735
대영힐스,2026-09-20,18:41,65000,golfpang,,,18홀,tr_220562349
골프존 송도(구.오렌지듄스),2026-09-20,18:38,129000,golfpang,,,18홀,tr_220521388
감곡,2026-09-20,18:13,100000,golfpang,,,18홀,tr_220521378
써닝포인트,2026-09-20,18:11,135000,golfpang,,,18홀,tr_220562507
대영힐스,2026-09-20,17:38,85000,golfpang,,,18홀,tr_220521577
클럽72,2026-09-20,17:50,130000,golfpang,,,18홀,tr_220505193
골프존 송도(구.오렌지듄스),2026-09-20,17:49,139000,golfpang,,,18홀,tr_220217607
일레븐,2026-09-20,17:51,55000,golfpang,,,18홀,tr_220562646
클럽72,2026-09-20,17:50,130000,golfpang,,,18홀,tr_220562698
알프스대영,2026-09-20,17:15,59000,golfpang,,,18홀,tr_220562554
코브스윙,2026-09-20,13:55,170000,golfpang,,,18홀,tr_220562650
클럽모우,2026-09-20,14:09,145000,golfpang,,,18홀,tr_220562701
은화삼,2026-09-20,14:17,230000,golfpang,,,18홀,tr_220562612
골프존 송도(구.오렌지듄스),2026-09-20,13:50,179000,golfpang,,,18홀,tr_220553907
로얄포레,2026-09-20,12:55,109000,golfpang,,,18홀,tr_220521629
올데이,2026-09-20,11:59,99000,golfpang,,,18홀,tr_220562609
골프클럽Q,2026-09-20,08:27,180000,golfpang,,,18홀,tr_220521466
로드힐스,2026-09-20,08:45,210000,golfpang,,,18홀,tr_220521623
샴발라,2026-09-20,11:48,170000,golfpang,,,18홀,tr_220562417
킹즈락,2026-09-20,11:47,135000,golfpang,,,18홀,tr_220562708
샤인데일,2026-09-20,07:44,180000,golfpang,,,18홀,tr_220562397
골든베이,2026-09-20,07:40,150000,golfpang,,,18홀,tr_220521384
옥스필드,2026-09-20,07:35,79000,golfpang,,,18홀,tr_220562596
양평TPC,2026-09-20,08:16,180000,golfpang,,,18홀,tr_220562559
클럽72-오션,2026-09-20,06:09,240000,golfpang,,,18홀,tr_220562694
오로라,2026-09-20,06:37,180000,golfpang,,,18홀,tr_220562563
킹스데일,2026-09-20,06:30,170000,golfpang,,,18홀,tr_220562704
스타,2026-09-20,06:30,170000,golfpang,,,18홀,tr_220562501
360도,2026-09-20,06:22,160000,golfpang,,,18홀,tr_220521356
벨라스톤,2026-09-20,07:03,159000,golfpang,,,18홀,tr_220521667
이븐데일,2026-09-20,07:14,99000,golfpang,,,18홀,tr_220562616
용평,2026-09-20,13:12,160000,golfpang,,,18홀,tr_217357740
더크로스비,2026-09-20,13:09,180000,golfpang,,,18홀,tr_220396876
그린힐,2026-09-20,14:00,157000,golfpang,,,18홀,tr_220423783
스마트KU,2026-09-20,06:30,220000,golfpang,,,18홀,tr_220539224
해솔리아,2026-09-20,12:23,160000,golfpang,,,18홀,tr_220562188
플라밍고,2026-09-20,13:46,137000,golfpang,,,18홀,tr_220126228
해솔리아,2026-09-20,13:47,150000,golfpang,,,18홀,tr_220287978
일레븐,2026-09-20,17:37,55000,golfpang,,,18홀,tr_220236533
클럽72,2026-09-20,14:01,160000,golfpang,,,18홀,tr_220523286
스카이밸리,2026-09-20,14:00,177000,golfpang,,,18홀,tr_220125621
이천실크밸리,2026-09-20,18:17,75000,golfpang,,,18홀,tr_220563256
이천실크밸리,2026-09-20,18:31,75000,golfpang,,,18홀,tr_220563257
이천실크밸리,2026-09-20,18:31,75000,golfpang,,,18홀,tr_220563258
로얄링스,2026-09-20,12:34,100000,golfpang,,,18홀,tr_220126187
떼제베(동북),2026-09-20,17:13,90000,golfpang,,,18홀,tr_220547729
플라밍고,2026-09-20,13:40,137000,golfpang,,,18홀,tr_219997222
한림용인,2026-09-20,17:31,125000,golfpang,,,18홀,tr_220469561
해솔리아,2026-09-20,12:10,160000,golfpang,,,18홀,tr_220289553
스톤비치,2026-09-20,17:30,70000,golfpang,,,18홀,tr_220442618
솔트베이,2026-09-20,18:36,149000,golfpang,,,18홀,tr_220198777
써닝포인트,2026-09-20,18:11,135000,golfpang,,,18홀,tr_220198612
필로스,2026-09-20,18:00,110000,golfpang,,,18홀,tr_220421892
리베라,2026-09-20,18:38,110000,golfpang,,,18홀,tr_220198916
은화삼,2026-09-20,14:17,230000,golfpang,,,18홀,tr_220431442
신안(병행),2026-09-20,18:31,80000,golfpang,,,18홀,tr_220198740
중원,2026-09-20,07:46,130000,golfpang,,,18홀,tr_220399447
스톤비치,2026-09-20,08:20,110000,golfpang,,,18홀,tr_218600520
알프스대영,2026-09-20,16:54,69000,golfpang,,,18홀,tr_220479057
떼제베,2026-09-20,16:52,110000,golfpang,,,18홀,tr_220485404
에스앤-퍼9,2026-09-20,17:10,50000,golfpang,,,18홀,tr_219810747
한림용인,2026-09-20,17:24,135000,golfpang,,,18홀,tr_220469944
떼제베(동북),2026-09-20,17:20,90000,golfpang,,,18홀,tr_220485660
코브스윙,2026-09-20,13:55,170000,golfpang,,,18홀,tr_220470627
클럽모우,2026-09-20,14:02,145000,golfpang,,,18홀,tr_220324926
백제,2026-09-20,14:15,120000,golfpang,,,18홀,tr_220469340
중원,2026-09-20,14:08,130000,golfpang,,,18홀,tr_220470362
속리산cc,2026-09-20,14:07,120000,golfpang,,,18홀,tr_219807367
남양주(퍼9),2026-09-20,16:54,109000,golfpang,,,18홀,tr_220107191
로얄포레,2026-09-20,16:51,89000,golfpang,,,18홀,tr_220555731
대영베이스,2026-09-20,13:26,139000,golfpang,,,18홀,tr_220523318
포천힐스,2026-09-20,13:41,180000,golfpang,,,18홀,tr_220393096
해솔리아,2026-09-20,13:40,150000,golfpang,,,18홀,tr_220502845
클럽모우,2026-09-20,13:48,145000,golfpang,,,18홀,tr_220324925
코브스윙,2026-09-20,13:48,170000,golfpang,,,18홀,tr_220470626
세현,2026-09-20,13:51,200000,golfpang,,,18홀,tr_220497099
옥스필드,2026-09-20,12:55,99000,golfpang,,,18홀,tr_220539097
로얄포레,2026-09-20,12:55,109000,golfpang,,,18홀,tr_220515684
에스앤-퍼9,2026-09-20,12:59,80000,golfpang,,,18홀,tr_219810746
클럽D 거창,2026-09-20,13:04,85000,golfpang,,,18홀,tr_220328005
백제,2026-09-20,13:12,130000,golfpang,,,18홀,tr_220469339
떼제베(동북),2026-09-20,13:07,120000,golfpang,,,18홀,tr_220485659
이븐데일,2026-09-20,12:12,85000,golfpang,,,18홀,tr_220467860
유니아일랜드,2026-09-20,12:11,140000,golfpang,,,18홀,tr_220515851
남춘천,2026-09-20,12:27,180000,golfpang,,,18홀,tr_220393259
알펜시아명문,2026-09-20,12:45,130000,golfpang,,,18홀,tr_220522140
양지파인,2026-09-20,08:15,199000,golfpang,,,18홀,tr_220496824
이븐데일,2026-09-20,08:30,104000,golfpang,,,18홀,tr_220467861
임페리얼레이크,2026-09-20,11:31,139000,golfpang,,,18홀,tr_220518877
킹즈락,2026-09-20,11:47,135000,golfpang,,,18홀,tr_220522777
파주,2026-09-20,11:45,210000,golfpang,,,18홀,tr_220499740
대호단양,2026-09-20,11:38,159000,golfpang,,,18홀,tr_220005470
해솔리아,2026-09-20,11:55,160000,golfpang,,,18홀,tr_220502844
옥스필드,2026-09-20,07:35,89000,golfpang,,,18홀,tr_220521580
프린세스,2026-09-20,07:44,160000,golfpang,,,18홀,tr_219440006
스프링베일-퍼9,2026-09-20,07:41,110000,golfpang,,,18홀,tr_220377313
골든베이,2026-09-20,07:40,150000,golfpang,,,18홀,tr_219112524
알펜시아명문,2026-09-20,07:38,120000,golfpang,,,18홀,tr_220522139
에덴블루,2026-09-20,07:48,209000,golfpang,,,18홀,tr_220496847
킹즈락,2026-09-20,07:55,135000,golfpang,,,18홀,tr_220522776
에스앤-퍼9,2026-09-20,07:52,80000,golfpang,,,18홀,tr_219810745
포천힐스,2026-09-20,08:06,230000,golfpang,,,18홀,tr_220393095
더플레이어스,2026-09-20,08:05,170000,golfpang,,,18홀,tr_220393159
포웰(안성)cc,2026-09-20,08:10,165000,golfpang,,,18홀,tr_220496773
킹즈락,2026-09-20,08:23,145000,golfpang,,,18홀,tr_220522778
양평TPC,2026-09-20,08:16,180000,golfpang,,,18홀,tr_220467892
스타,2026-09-20,06:23,160000,golfpang,,,18홀,tr_220346991
양평TPC,2026-09-20,06:38,170000,golfpang,,,18홀,tr_220467891
360도,2026-09-20,06:45,170000,golfpang,,,18홀,tr_220496802
킹스데일,2026-09-20,06:44,170000,golfpang,,,18홀,tr_220324778
프린세스,2026-09-20,06:41,155000,golfpang,,,18홀,tr_219440005
클럽D 거창,2026-09-20,06:55,80000,golfpang,,,18홀,tr_220328004
올데이,2026-09-20,07:00,99000,golfpang,,,18홀,tr_220518611
센테리움,2026-09-20,07:07,159000,golfpang,,,18홀,tr_220328534
더플레이어스,2026-09-20,07:16,160000,golfpang,,,18홀,tr_220393158
남양주(퍼9),2026-09-20,07:14,149000,golfpang,,,18홀,tr_220107184
360도,2026-09-20,06:07,155000,golfpang,,,18홀,tr_220496801
대호단양,2026-09-20,06:07,139000,golfpang,,,18홀,tr_220005469
스프링베일-퍼9,2026-09-20,06:17,100000,golfpang,,,18홀,tr_220377312
포천힐스,2026-09-20,06:14,210000,golfpang,,,18홀,tr_220393094
오로라,2026-09-20,18:15,80000,golfpang,,,18홀,tr_220307439
옥스필드,2026-09-20,18:22,59000,golfpang,,,18홀,tr_220521582
알펜시아700,2026-09-20,18:19,50000,golfpang,,,18홀,tr_220521840
클럽72,2026-09-20,18:25,120000,golfpang,,,18홀,tr_220539238
알프스대영,2026-09-20,18:25,40000,golfpang,,,18홀,tr_220479059
필로스,2026-09-20,18:00,110000,golfpang,,,18홀,tr_220469377
한림용인,2026-09-20,18:06,130000,golfpang,,,18홀,tr_220469945
일레븐,2026-09-20,18:05,55000,golfpang,,,18홀,tr_220561665
해솔리아,2026-09-20,18:04,110000,golfpang,,,18홀,tr_220502846
베스트밸리-퍼9,2026-09-20,18:02,120000,golfpang,,,18홀,tr_220499648
아세코밸리-퍼9,2026-09-20,18:06,80000,golfpang,,,18홀,tr_220469450
한림광릉,2026-09-20,18:06,130000,golfpang,,,18홀,tr_220469638
대영베이스,2026-09-20,18:08,89000,golfpang,,,18홀,tr_220481262
임페리얼레이크,2026-09-20,18:15,79000,golfpang,,,18홀,tr_220518878
감곡,2026-09-20,18:13,100000,golfpang,,,18홀,tr_219336426
대영힐스,2026-09-20,17:38,85000,golfpang,,,18홀,tr_220483487
알펜시아700,2026-09-20,17:44,60000,golfpang,,,18홀,tr_220521839
블랙스톤벨포레,2026-09-20,17:44,50000,golfpang,,,18홀,tr_220463229
알프스대영,2026-09-20,17:43,49000,golfpang,,,18홀,tr_220479058
오로라,2026-09-20,17:42,80000,golfpang,,,18홀,tr_220307438
올데이,2026-09-20,17:47,59000,golfpang,,,18홀,tr_220518613
아세코밸리-퍼9,2026-09-20,17:45,80000,golfpang,,,18홀,tr_220469449
빅토리아-퍼9,2026-09-20,17:45,89000,golfpang,,,18홀,tr_220496874
일레븐,2026-09-20,17:51,55000,golfpang,,,18홀,tr_220561664
클럽72,2026-09-20,17:50,130000,golfpang,,,18홀,tr_219813363
떼제베(동북),2026-09-20,17:55,90000,golfpang,,,18홀,tr_220485661
필로스,2026-09-20,17:54,110000,golfpang,,,18홀,tr_220469376
로얄포레,2026-09-20,17:54,79000,golfpang,,,18홀,tr_220515685
이븐데일,2026-09-20,17:25,55000,golfpang,,,18홀,tr_220539202
떼제베,2026-09-20,17:27,110000,golfpang,,,18홀,tr_220485405
임페리얼레이크,2026-09-20,17:26,89000,golfpang,,,18홀,tr_220539227
한림광릉,2026-09-20,17:31,130000,golfpang,,,18홀,tr_220469637
스프링베일-퍼9,2026-09-20,17:36,80000,golfpang,,,18홀,tr_220377314
올데이,2026-09-20,16:58,69000,golfpang,,,18홀,tr_220518612
용인플라자,2026-09-20,18:05,140000,golfpang,,,18홀,tr_219535741
한림광릉,2026-09-20,18:03,130000,golfpang,,,18홀,tr_220421104
아세코밸리-퍼9,2026-09-20,18:06,80000,golfpang,,,18홀,tr_220463000
벨라스톤,2026-09-20,18:13,80000,golfpang,,,18홀,tr_220503414
블랙스톤벨포레,2026-09-20,18:12,40000,golfpang,,,18홀,tr_220468673
파주,2026-09-20,17:41,150000,golfpang,,,18홀,tr_220562867
올데이,2026-09-20,17:40,59000,golfpang,,,18홀,tr_220504597
킹즈락,2026-09-20,17:38,80000,golfpang,,,18홀,tr_220560418
프린세스,2026-09-20,17:48,95000,golfpang,,,18홀,tr_220118531
옥스필드,2026-09-20,17:19,59000,golfpang,,,18홀,tr_220559943
센추리21(퍼),2026-09-20,17:26,60000,golfpang,,,18홀,tr_220301872
임페리얼레이크,2026-09-20,17:26,89000,golfpang,,,18홀,tr_220561565
센추리21,2026-09-20,17:26,70000,golfpang,,,18홀,tr_220216709
세레니티-강촌,2026-09-20,17:25,140000,golfpang,,,18홀,tr_219009203
골프존 화랑,2026-09-20,17:25,69000,golfpang,,,18홀,tr_220403601
감곡,2026-09-20,17:24,110000,golfpang,,,18홀,tr_218862263
한림광릉,2026-09-20,17:31,130000,golfpang,,,18홀,tr_220421103
아세코밸리-퍼9,2026-09-20,17:31,80000,golfpang,,,18홀,tr_220462999
알펜시아700,2026-09-20,17:30,90000,golfpang,,,18홀,tr_219888801
블랙스톤벨포레,2026-09-20,17:30,50000,golfpang,,,18홀,tr_220468672
골프존 안성W,2026-09-20,17:28,100000,golfpang,,,18홀,tr_220469706
대영힐스,2026-09-20,17:38,85000,golfpang,,,18홀,tr_220563098
파인스톤,2026-09-20,17:36,130000,golfpang,,,18홀,tr_219562189
스프링베일-퍼9,2026-09-20,17:36,80000,golfpang,,,18홀,tr_219599913
알프스대영,2026-09-20,17:36,49000,golfpang,,,18홀,tr_219779154
오로라,2026-09-20,17:34,80000,golfpang,,,18홀,tr_220304153
용인플라자,2026-09-20,17:02,140000,golfpang,,,18홀,tr_219535740
플라밍고,2026-09-20,17:00,130000,golfpang,,,18홀,tr_220125322
떼제베(동북),2026-09-20,16:59,90000,golfpang,,,18홀,tr_220126015
떼제베,2026-09-20,17:13,110000,golfpang,,,18홀,tr_219993306
파주타이거,2026-09-20,17:05,160000,golfpang,,,18홀,tr_220422487
골프존 송도(구.오렌지듄스),2026-09-20,17:21,149000,golfpang,,,18홀,tr_220201816
에델바이스(가명),2026-09-20,13:54,180000,golfpang,,,18홀,tr_220414504
이글몬트,2026-09-20,14:00,170000,golfpang,,,18홀,tr_220375918
골프존 안성W,2026-09-20,14:13,140000,golfpang,,,18홀,tr_220469705
세레니티cc,2026-09-20,14:09,220000,golfpang,,,18홀,tr_220469397
속리산cc,2026-09-20,14:07,120000,golfpang,,,18홀,tr_220521958
여주,2026-09-20,14:07,220000,golfpang,,,18홀,tr_220023522
세현,2026-09-20,14:05,200000,golfpang,,,18홀,tr_220503381
대호단양,2026-09-20,16:20,119000,golfpang,,,18홀,tr_219788175
남양주(퍼9),2026-09-20,16:14,109000,golfpang,,,18홀,tr_219571243
골프존 안성H,2026-09-20,14:27,180000,golfpang,,,18홀,tr_220505197
리베라,2026-09-20,14:24,240000,golfpang,,,18홀,tr_219870868
솔라고,2026-09-20,14:23,120000,golfpang,,,18홀,tr_220085484
골프존 안성H,2026-09-20,14:20,180000,golfpang,,,18홀,tr_220505196
백제,2026-09-20,14:15,120000,golfpang,,,18홀,tr_219840094
중원,2026-09-20,14:15,130000,golfpang,,,18홀,tr_220420318
빅토리아-퍼9,2026-09-20,17:03,89000,golfpang,,,18홀,tr_219020297
가평(비공개),2026-09-20,13:52,200000,golfpang,,,18홀,tr_218581307
세현,2026-09-20,13:51,200000,golfpang,,,18홀,tr_220503380
파주타이거,2026-09-20,13:50,170000,golfpang,,,18홀,tr_220422486
양주,2026-09-20,13:48,300000,golfpang,,,18홀,tr_218027709
힐데스하임,2026-09-20,18:34,70000,golfpang,,,18홀,tr_220105613
용인플라자,2026-09-20,18:48,140000,golfpang,,,18홀,tr_219535742
그린힐,2026-09-20,18:45,90000,golfpang,,,18홀,tr_220288621
솔트베이,2026-09-20,18:43,149000,golfpang,,,18홀,tr_220470891
대영힐스,2026-09-20,18:41,65000,golfpang,,,18홀,tr_220563099
리베라,2026-09-20,18:59,110000,golfpang,,,18홀,tr_219870870
솔트베이,2026-09-20,18:57,149000,golfpang,,,18홀,tr_220470889
한림광릉,2026-09-20,18:55,130000,golfpang,,,18홀,tr_220421105
대영힐스,2026-09-20,18:55,59000,golfpang,,,18홀,tr_220563100
블랙스톤벨포레,2026-09-20,18:54,40000,golfpang,,,18홀,tr_220468674
신안(병행),2026-09-20,18:52,80000,golfpang,,,18홀,tr_220070366
골프존 안성W,2026-09-20,19:20,100000,golfpang,,,18홀,tr_220469707
그린힐,2026-09-20,19:13,80000,golfpang,,,18홀,tr_220288622
세레니티cc,2026-09-20,19:02,110000,golfpang,,,18홀,tr_220469399
모나크,2026-09-20,18:16,90000,golfpang,,,18홀,tr_220301856
임페리얼레이크,2026-09-20,18:15,79000,golfpang,,,18홀,tr_220561564
신안(병행),2026-09-20,18:24,80000,golfpang,,,18홀,tr_220070365
리베라,2026-09-20,18:24,120000,golfpang,,,18홀,tr_219870869
이천실크밸리,2026-09-20,18:31,75000,golfpang,,,18홀,tr_220502421
필로스,2026-09-20,18:27,110000,golfpang,,,18홀,tr_220422286
파인스톤,2026-09-20,18:39,120000,golfpang,,,18홀,tr_219562190
스타,2026-09-20,18:38,90000,golfpang,,,18홀,tr_220502468
세레니티cc,2026-09-20,17:59,110000,golfpang,,,18홀,tr_220469398
동서울cc-퍼9,2026-09-20,17:56,40000,golfpang,,,18홀,tr_219671950
비에이비스타,2026-09-20,17:59,100000,golfpang,,,18홀,tr_220486016
골프존 안성W,2026-09-20,17:35,100000,golfpang,,,18홀,tr_220522161
남양주(퍼9),2026-09-20,17:00,109000,golfpang,,,18홀,tr_220559654
오너스,2026-09-20,14:11,140000,golfpang,,,18홀,tr_220199342
스톤비치,2026-09-20,17:30,70000,golfpang,,,18홀,tr_218535815
스톤비치,2026-09-20,13:02,110000,golfpang,,,18홀,tr_218535705
남양주(퍼9),2026-09-20,13:00,139000,golfpang,,,18홀,tr_220476494
스프링베일-퍼9,2026-09-20,07:20,100000,golfpang,,,18홀,tr_220467442
스톤비치,2026-09-20,08:20,120000,golfpang,,,18홀,tr_218535651
스프링베일-퍼9,2026-09-20,17:29,80000,golfpang,,,18홀,tr_220402346
오너스,2026-09-20,14:11,135000,golfpang,,,18홀,tr_220240932
스톤비치,2026-09-20,16:48,60000,golfpang,,,18홀,tr_220442596
필로스,2026-09-20,18:27,110000,golfpang,,,18홀,tr_220469378
포웰(안성)cc,2026-09-20,18:46,75000,golfpang,,,18홀,tr_220496774
한림용인,2026-09-20,18:34,120000,golfpang,,,18홀,tr_220469946
비콘힐스,2026-09-20,18:47,70000,golfpang,,,18홀,tr_220468747
스타,2026-09-20,18:45,80000,golfpang,,,18홀,tr_220346993
리베라,2026-09-20,18:45,110000,golfpang,,,18홀,tr_220361780
대영힐스,2026-09-20,18:55,59000,golfpang,,,18홀,tr_220483488
그린힐,2026-09-20,18:52,80000,golfpang,,,18홀,tr_220361518
에덴블루,2026-09-20,19:17,79900,golfpang,,,18홀,tr_220535195
감곡,2026-09-20,18:34,100000,golfpang,,,18홀,tr_220502773
클럽72,2026-09-20,19:07,110000,golfpang,,,18홀,tr_220539252
블랙스톤벨포레,2026-09-20,18:26,40000,golfpang,,,18홀,tr_220463230
에덴블루,2026-09-20,18:49,89900,golfpang,,,18홀,tr_220496849
블랙스톤벨포레,2026-09-20,18:33,40000,golfpang,,,18홀,tr_220463231
그린힐,2026-09-20,19:13,80000,golfpang,,,18홀,tr_220361519
떼제베,2026-09-20,18:30,100000,golfpang,,,18홀,tr_220485406
동서울cc-퍼9,2026-09-20,18:31,40000,golfpang,,,18홀,tr_220006065
골프존 안성W,2026-09-20,17:20,100000,golfpang,,,18홀,tr_220399247
한림광릉,2026-09-20,17:24,140000,golfpang,,,18홀,tr_219784869
대영베이스,2026-09-20,18:15,79000,golfpang,,,18홀,tr_219335015
대영힐스,2026-09-20,17:10,89000,golfpang,,,18홀,tr_219335641
그랜드(청주),2026-09-20,18:21,100000,golfpang,,,18홀,tr_219784342
알프스대영,2026-09-20,18:25,40000,golfpang,,,18홀,tr_219334830
알프스대영,2026-09-20,16:38,69000,golfpang,,,18홀,tr_220563180
오너스,2026-09-20,13:35,135000,golfpang,,,18홀,tr_220563171
오너스,2026-09-20,13:49,135000,golfpang,,,18홀,tr_220563172
스톤비치,2026-09-20,08:20,120000,golfpang,,,18홀,tr_220442553
일레븐,2026-09-20,17:23,60000,golfpang,,,18홀,tr_220548265
필로스,2026-09-20,17:40,120000,golfpang,,,18홀,tr_220548255
솔모로,2026-09-20,13:56,170000,golfpang,,,18홀,tr_220548261
윈체스트,2026-09-20,17:11,120000,golfpang,,,18홀,tr_220563145
남양주(퍼9),2026-09-20,17:00,109000,golfpang,,,18홀,tr_219820061
아크로,2026-09-20,06:21,151000,golfpang,,,18홀,tr_220397889
장수,2026-09-20,06:20,103500,golfpang,,,18홀,tr_220397887
노블레스-퍼9,2026-09-20,06:18,81000,golfpang,,,18홀,tr_220397884
골프존 선운,2026-09-20,06:37,141000,golfpang,,,18홀,tr_220397892
김제스파힐스,2026-09-20,06:29,141000,golfpang,,,18홀,tr_220397890
벨라스톤,2026-09-20,06:55,150000,golfpang,,,18홀,tr_220563097
한림용인,2026-09-20,17:31,125000,golfpang,,,18홀,tr_220563095
오너스,2026-09-20,08:07,145000,golfpang,,,18홀,tr_220561315
포웰(안성)cc,2026-09-20,13:00,152000,golfpang,,,18홀,tr_220563055
더플레이어스,2026-09-20,08:11,170000,golfpang,,,18홀,tr_220563053
더플레이어스,2026-09-20,08:12,180000,golfpang,,,18홀,tr_219994862
솔모로,2026-09-20,13:56,170000,golfpang,,,18홀,tr_219599397
벨라스톤,2026-09-20,13:56,130000,golfpang,,,18홀,tr_220521628
양지파인,2026-09-20,08:15,199000,golfpang,,,18홀,tr_220561242
대영힐스,2026-09-20,17:38,85000,golfpang,,,18홀,tr_220522715
아세코밸리-퍼9,2026-09-20,17:45,80000,golfpang,,,18홀,tr_220561345
아세코밸리-퍼9,2026-09-20,17:52,80000,golfpang,,,18홀,tr_220561346
아세코밸리-퍼9,2026-09-20,18:06,80000,golfpang,,,18홀,tr_220561347
대영힐스,2026-09-20,18:41,65000,golfpang,,,18홀,tr_220522716
양지파인,2026-09-20,08:15,199000,golfpang,,,18홀,tr_220561241
모카cc,2026-09-20,14:24,120000,golfpang,,,18홀,tr_220496770
일레븐,2026-09-20,17:23,60000,golfpang,,,18홀,tr_220165764
한림용인,2026-09-20,17:00,125000,golfpang,,,18홀,tr_220563051
해솔리아,2026-09-20,18:25,110000,golfpang,,,18홀,tr_220563028
해솔리아,2026-09-20,18:46,110000,golfpang,,,18홀,tr_220563029
해솔리아,2026-09-20,18:04,110000,golfpang,,,18홀,tr_220563027
포웰(안성)cc,2026-09-20,12:51,152000,golfpang,,,18홀,tr_220563026
한림용인,2026-09-20,18:13,133000,golfpang,,,18홀,tr_220562742
한림광릉,2026-09-20,17:20,140000,golfpang,,,18홀,tr_220417551
클럽72,2026-09-20,18:00,120000,golfpang,,,18홀,tr_220563023
양양(비공개),2026-09-20,13:31,199000,golfpang,,,18홀,tr_217323420
스톤비치,2026-09-20,07:17,100000,golfpang,,,18홀,tr_218779640
골프존 진천,2026-09-20,08:37,169000,golfpang,,,18홀,tr_220394851
베르힐(영종),2026-09-20,18:00,160000,golfpang,,,18홀,tr_220563012
알프스대영,2026-09-20,17:29,49000,golfpang,,,18홀,tr_220515877
알프스대영,2026-09-20,18:32,40000,golfpang,,,18홀,tr_220518586
알프스대영,2026-09-20,17:15,59000,golfpang,,,18홀,tr_220518584
옥스필드,2026-09-20,18:01,59000,golfpang,,,18홀,tr_220515855
옥스필드,2026-09-20,07:00,119000,golfpang,,,18홀,tr_220515853
옥스필드,2026-09-20,12:34,99000,golfpang,,,18홀,tr_220515854
라데나,2026-09-20,07:06,200000,golfpang,,,18홀,tr_220007546
코리아,2026-09-20,13:21,209000,golfpang,,,18홀,tr_220003707
필로스,2026-09-20,17:38,120000,golfpang,,,18홀,tr_220563009
비에이비스타,2026-09-20,13:32,160000,golfpang,,,18홀,tr_220561799
스톤비치,2026-09-20,13:02,110000,golfpang,,,18홀,tr_219560174
스프링베일-퍼9,2026-09-20,17:06,80000,golfpang,,,18홀,tr_218564347
용인(비공개),2026-09-20,13:59,210000,golfpang,,,18홀,tr_220561816
골프존 안성W,2026-09-20,12:55,150000,golfpang,,,18홀,tr_220441865
용인(비공개),2026-09-20,12:56,285000,golfpang,,,18홀,tr_220561817
블루원용인,2026-09-20,18:50,110000,golfpang,,,18홀,tr_220561838
블루원용인(퍼),2026-09-20,13:59,140000,golfpang,,,18홀,tr_220561847
블루원용인(퍼),2026-09-20,17:47,90000,golfpang,,,18홀,tr_220561848
대영힐스,2026-09-20,17:18,85000,golfpang,,,18홀,tr_220563007
대영베이스,2026-09-20,18:00,79000,golfpang,,,18홀,tr_220563006
골프존 천안,2026-09-20,12:37,167000,golfpang,,,18홀,tr_219161941
센추리21(퍼),2026-09-20,08:34,120000,golfpang,,,18홀,tr_219158835
골프존 진천,2026-09-20,08:48,169000,golfpang,,,18홀,tr_219158819
킹즈락,2026-09-20,11:33,135000,golfpang,,,18홀,tr_219158989
센추리21(퍼),2026-09-20,12:32,100000,golfpang,,,18홀,tr_220400836
스타,2026-09-20,18:00,80000,golfpang,,,18홀,tr_219408676
골프존 진천,2026-09-20,07:45,159000,golfpang,,,18홀,tr_220009475
킹즈락,2026-09-20,07:55,135000,golfpang,,,18홀,tr_219158988
스프링베일-퍼9,2026-09-20,07:21,100000,golfpang,,,18홀,tr_218564358
로얄링스,2026-09-20,18:30,80000,golfpang,,,18홀,tr_219072379
스톤비치,2026-09-20,06:56,100000,golfpang,,,18홀,tr_219414389
신안(병행),2026-09-20,18:15,80000,golfpang,,,18홀,tr_220394861
베르힐(영종),2026-09-20,18:20,160000,golfpang,,,18홀,tr_220239429
블랙스톤벨포레,2026-09-20,18:00,40000,golfpang,,,18홀,tr_220250289
이글몬트,2026-09-20,06:41,190000,golfpang,,,18홀,tr_220202578
대영힐스,2026-09-20,18:29,65000,golfpang,,,18홀,tr_220522135
킹즈락,2026-09-20,08:05,140000,golfpang,,,18홀,tr_220259248
360도,2026-09-20,07:08,170000,golfpang,,,18홀,tr_220239048
360도,2026-09-20,07:10,170000,golfpang,,,18홀,tr_220238985
해솔리아,2026-09-20,11:43,170000,golfpang,,,18홀,tr_220262227
골프존 진천,2026-09-20,08:37,179000,golfpang,,,18홀,tr_220289930
세레니티cc,2026-09-20,17:49,110000,golfpang,,,18홀,tr_220250494
대영베이스,2026-09-20,17:58,79000,golfpang,,,18홀,tr_220241137
감곡,2026-09-20,17:54,100000,golfpang,,,18홀,tr_220238839
블랙스톤벨포레,2026-09-20,16:50,50000,golfpang,,,18홀,tr_220250178
임페리얼레이크,2026-09-20,11:20,139000,golfpang,,,18홀,tr_220522065
임페리얼레이크,2026-09-20,17:12,89000,golfpang,,,18홀,tr_220241729
한림용인,2026-09-20,17:10,140000,golfpang,,,18홀,tr_220274063
대영힐스,2026-09-20,17:09,85000,golfpang,,,18홀,tr_219777834
라싸,2026-09-20,17:07,129000,golfpang,,,18홀,tr_220253149
빅토리아-퍼9,2026-09-20,17:16,89000,golfpang,,,18홀,tr_220503578
한림용인,2026-09-20,17:15,125000,golfpang,,,18홀,tr_220561234
이글몬트,2026-09-20,13:40,170000,golfpang,,,18홀,tr_220202583
중원,2026-09-20,08:45,160000,golfpang,,,18홀,tr_220288898
로얄포레,2026-09-20,11:24,119000,golfpang,,,18홀,tr_220241840
이븐데일,2026-09-20,08:43,104000,golfpang,,,18홀,tr_220562979
스톤비치,2026-09-20,13:02,110000,golfpang,,,18홀,tr_219841401
스톤비치,2026-09-20,17:30,70000,golfpang,,,18홀,tr_219841439
스톤비치,2026-09-20,08:20,120000,golfpang,,,18홀,tr_219841381
이븐데일,2026-09-20,17:13,55000,golfpang,,,18홀,tr_220377109
이븐데일,2026-09-20,13:00,85000,golfpang,,,18홀,tr_220377034
양평TPC,2026-09-20,08:16,180000,golfpang,,,18홀,tr_220562963
양평TPC,2026-09-20,07:34,180000,golfpang,,,18홀,tr_220562962
백제,2026-09-20,13:00,130000,golfpang,,,18홀,tr_220203299
포천힐스,2026-09-20,13:20,180000,golfpang,,,18홀,tr_219637691
센추리21,2026-09-20,06:27,120000,golfpang,,,18홀,tr_220402864
샴발라,2026-09-20,08:42,180000,golfpang,,,18홀,tr_220052487
포레스트힐,2026-09-20,17:50,110000,golfpang,,,18홀,tr_218623469
샴발라,2026-09-20,12:23,170000,golfpang,,,18홀,tr_220215320
포레스트힐,2026-09-20,13:23,169000,golfpang,,,18홀,tr_216874007
일레븐,2026-09-20,17:30,70000,golfpang,,,18홀,tr_220056159
올데이,2026-09-20,16:44,69000,golfpang,,,18홀,tr_220056587
옥스필드,2026-09-20,17:12,69000,golfpang,,,18홀,tr_220075563
임페리얼레이크,2026-09-20,17:20,79000,golfpang,,,18홀,tr_220056680
코브스윙,2026-09-20,13:41,160000,golfpang,,,18홀,tr_220075774
일레븐,2026-09-20,18:05,55000,golfpang,,,18홀,tr_220562928
일레븐,2026-09-20,17:30,55000,golfpang,,,18홀,tr_220562927
일레븐,2026-09-20,18:33,55000,golfpang,,,18홀,tr_220562929
파주,2026-09-20,11:52,200000,golfpang,,,18홀,tr_220562926
파주,2026-09-20,12:20,200000,golfpang,,,18홀,tr_220562906
베르힐(영종),2026-09-20,17:40,170000,golfpang,,,18홀,tr_220203293
파주,2026-09-20,11:52,200000,golfpang,,,18홀,tr_220562905
알펜시아명문,2026-09-20,17:30,60000,golfpang,,,18홀,tr_220376651
파주,2026-09-20,11:03,200000,golfpang,,,18홀,tr_220562866
파주,2026-09-20,07:27,220000,golfpang,,,18홀,tr_220562865
남양주(퍼9),2026-09-20,12:54,139000,golfpang,,,18홀,tr_220399369
양평TPC,2026-09-20,13:57,150000,golfpang,,,18홀,tr_220399371
포천힐스,2026-09-20,06:14,210000,golfpang,,,18홀,tr_220505403
클럽72-오션,2026-09-20,06:09,240000,golfpang,,,18홀,tr_220539188
남양주(퍼9),2026-09-20,08:14,149000,golfpang,,,18홀,tr_220203120
포천힐스,2026-09-20,08:06,230000,golfpang,,,18홀,tr_220505410
골프존 안성W,2026-09-20,12:56,150000,golfpang,,,18홀,tr_220562863
파주,2026-09-20,07:27,220000,golfpang,,,18홀,tr_220504639
알펜시아명문,2026-09-20,12:30,130000,golfpang,,,18홀,tr_220376671
골프존 진천,2026-09-20,08:43,169000,golfpang,,,18홀,tr_220204746
벨라스톤,2026-09-20,12:32,130000,golfpang,,,18홀,tr_220562862
해솔리아,2026-09-20,12:30,160000,golfpang,,,18홀,tr_220259449
속리산cc,2026-09-20,13:47,110000,golfpang,,,18홀,tr_220562859
골프클럽Q,2026-09-20,12:30,170000,golfpang,,,18홀,tr_220562858
블랙스톤벨포레,2026-09-20,17:23,50000,golfpang,,,18홀,tr_220421704
골프클럽Q,2026-09-20,08:40,180000,golfpang,,,18홀,tr_220562857
로얄링스,2026-09-20,13:02,100000,golfpang,,,18홀,tr_220376441
골프존 송도(구.오렌지듄스),2026-09-20,13:22,179000,golfpang,,,18홀,tr_220376503
오너스,2026-09-20,08:07,145000,golfpang,,,18홀,tr_219785225
포레스트힐,2026-09-20,07:08,210000,golfpang,,,18홀,tr_220215509
에덴블루,2026-09-20,18:28,89900,golfpang,,,18홀,tr_220484058
에덴블루,2026-09-20,18:11,89900,golfpang,,,18홀,tr_220484057
에덴블루,2026-09-20,19:03,79900,golfpang,,,18홀,tr_220484059
더플레이어스,2026-09-20,06:34,155000,golfpang,,,18홀,tr_220376342
파주,2026-09-20,17:34,150000,golfpang,,,18홀,tr_220562759
클럽모우,2026-09-20,14:09,145000,golfpang,,,18홀,tr_220400661
파주,2026-09-20,11:52,200000,golfpang,,,18홀,tr_220553873
가평프리스틴밸리,2026-09-20,08:43,260000,golfpang,,,18홀,tr_220562755
가평프리스틴밸리,2026-09-20,08:43,260000,golfpang,,,18홀,tr_220562754
파주,2026-09-20,11:52,200000,golfpang,,,18홀,tr_220504548
포웰(안성)cc,2026-09-20,19:35,65000,golfpang,,,18홀,tr_220261961
벨라스톤,2026-09-20,13:14,130000,golfpang,,,18홀,tr_220417693
알프스대영,2026-09-20,06:47,95000,golfpang,,,18홀,tr_218133183
클럽모우,2026-09-20,06:44,160000,golfpang,,,18홀,tr_218134395
알프스대영,2026-09-20,11:13,105000,golfpang,,,18홀,tr_218133196
오너스,2026-09-20,08:34,150000,golfpang,,,18홀,tr_220400553
옥스필드,2026-09-20,08:04,119000,golfpang,,,18홀,tr_218581157
옥스필드,2026-09-20,13:02,99000,golfpang,,,18홀,tr_218581207
포웰(안성)cc,2026-09-20,13:08,152000,golfpang,,,18홀,tr_220261960
힐데스하임,2026-09-20,18:26,75000,golfpang,,,18홀,tr_220505325
올데이,2026-09-20,12:20,89000,golfpang,,,18홀,tr_218985525
프린세스,2026-09-20,12:27,140000,golfpang,,,18홀,tr_219564267
양평TPC,2026-09-20,12:40,160000,golfpang,,,18홀,tr_220391793
중원,2026-09-20,12:51,140000,golfpang,,,18홀,tr_220274761
킹즈락,2026-09-20,13:17,125000,golfpang,,,18홀,tr_219564611
클럽72,2026-09-20,17:57,130000,golfpang,,,18홀,tr_219769152
윈체스트,2026-09-20,08:06,209000,golfpang,,,18홀,tr_219158344
남춘천,2026-09-20,11:50,180000,golfpang,,,18홀,tr_220236476
스마트KU,2026-09-20,14:00,200000,golfpang,,,18홀,tr_220543283
클럽72-오션,2026-09-20,06:09,240000,golfpang,,,18홀,tr_220562619
올림픽,2026-09-20,16:30,130000,golfpang,,,18홀,tr_220398529
스톤비치,2026-09-20,17:23,70000,golfpang,,,18홀,tr_220562589
샤인데일,2026-09-20,17:57,70000,golfpang,,,18홀,tr_220518825
샤인데일,2026-09-20,07:58,180000,golfpang,,,18홀,tr_220518823
샤인데일,2026-09-20,17:50,70000,golfpang,,,18홀,tr_220518824
필로스,2026-09-20,11:41,190000,golfpang,,,18홀,tr_220212728
아세코밸리-퍼9,2026-09-20,17:31,80000,golfpang,,,18홀,tr_220562535
아세코밸리-퍼9,2026-09-20,18:06,80000,golfpang,,,18홀,tr_220562537
아세코밸리-퍼9,2026-09-20,17:38,80000,golfpang,,,18홀,tr_220562536
비콘힐스,2026-09-20,18:40,70000,golfpang,,,18홀,tr_220547506
비콘힐스,2026-09-20,18:33,70000,golfpang,,,18홀,tr_220547505
비콘힐스,2026-09-20,18:47,70000,golfpang,,,18홀,tr_220547507
양평TPC,2026-09-20,06:59,170000,golfpang,,,18홀,tr_220522529
이븐데일,2026-09-20,08:02,114000,golfpang,,,18홀,tr_220562401
이븐데일,2026-09-20,13:02,95000,golfpang,,,18홀,tr_220562402
이븐데일,2026-09-20,07:14,109000,golfpang,,,18홀,tr_220562400
해솔리아,2026-09-20,06:56,160000,golfpang,,,18홀,tr_220547979
해솔리아,2026-09-20,13:05,150000,golfpang,,,18홀,tr_220547980
해솔리아,2026-09-20,18:03,110000,golfpang,,,18홀,tr_220547981
한림용인,2026-09-20,18:06,130000,golfpang,,,18홀,tr_220543190
한림용인,2026-09-20,18:34,120000,golfpang,,,18홀,tr_220543191
한림용인,2026-09-20,17:10,135000,golfpang,,,18홀,tr_220543189
가평프리스틴밸리,2026-09-20,08:08,220000,golfpang,,,18홀,tr_220562315
일레븐,2026-09-20,18:54,60000,golfpang,,,18홀,tr_220562298
일레븐,2026-09-20,18:19,60000,golfpang,,,18홀,tr_220562297
일레븐,2026-09-20,17:51,60000,golfpang,,,18홀,tr_220562296
모카cc,2026-09-20,07:36,150000,golfpang,,,18홀,tr_220420366
알펜시아700,2026-09-20,18:12,50000,golfpang,,,18홀,tr_220485024
그랜드(청주),2026-09-20,18:21,100000,golfpang,,,18홀,tr_220420362
신안(병행),2026-09-20,18:31,80000,golfpang,,,18홀,tr_220561409
리베라,2026-09-20,18:52,110000,golfpang,,,18홀,tr_220561515
한림용인,2026-09-20,17:24,125000,golfpang,,,18홀,tr_220561283
베르힐(영종),2026-09-20,17:29,180000,golfpang,,,18홀,tr_220561298
떼제베(동북),2026-09-20,17:48,90000,golfpang,,,18홀,tr_220417745
알프스대영,2026-09-20,17:50,49000,golfpang,,,18홀,tr_220484875
해솔리아,2026-09-20,17:50,120000,golfpang,,,18홀,tr_220561368
인천그랜드,2026-09-20,18:00,159000,golfpang,,,18홀,tr_220561589
속리산cc,2026-09-20,14:07,110000,golfpang,,,18홀,tr_220561916
떼제베,2026-09-20,17:13,110000,golfpang,,,18홀,tr_220417481
벨라스톤,2026-09-20,13:00,130000,golfpang,,,18홀,tr_220484972
포웰(안성)cc,2026-09-20,13:08,152000,golfpang,,,18홀,tr_220561484
모나크,2026-09-20,13:38,140000,golfpang,,,18홀,tr_220420215
백제,2026-09-20,13:47,130000,golfpang,,,18홀,tr_220420432
세현,2026-09-20,13:51,200000,golfpang,,,18홀,tr_220561391
라데나,2026-09-20,12:56,240000,golfpang,,,18홀,tr_220055698
양지파인,2026-09-20,08:15,199000,golfpang,,,18홀,tr_220561429
파크밸리,2026-09-20,08:34,139000,golfpang,,,18홀,tr_220485009
중원,2026-09-20,08:28,140000,golfpang,,,18홀,tr_220484120
라데나,2026-09-20,07:06,240000,golfpang,,,18홀,tr_220417503
킹스데일,2026-09-20,07:00,170000,golfpang,,,18홀,tr_220420302
골프존 진천,2026-09-20,07:38,169000,golfpang,,,18홀,tr_220420316
대영베이스,2026-09-20,18:15,79000,golfpang,,,18홀,tr_220420164
솔트베이,2026-09-20,05:46,229000,golfpang,,,18홀,tr_220561363
경춘(비공개),2026-09-20,13:29,153000,golfpang,,,18홀,tr_220562223
푸른솔포천,2026-09-20,14:02,210000,golfpang,,,18홀,tr_220562190
푸른솔포천,2026-09-20,13:13,220000,golfpang,,,18홀,tr_220562189
남춘천,2026-09-20,14:17,160000,golfpang,,,18홀,tr_220562130
남춘천,2026-09-20,14:03,160000,golfpang,,,18홀,tr_220562129
골든베이,2026-09-20,07:20,150000,golfpang,,,18홀,tr_219560446
스톤비치,2026-09-20,17:30,60000,golfpang,,,18홀,tr_216744162
스톤비치,2026-09-20,12:55,110000,golfpang,,,18홀,tr_216744115
양평TPC,2026-09-20,14:04,150000,golfpang,,,18홀,tr_220230696
오너스,2026-09-20,13:40,135000,golfpang,,,18홀,tr_218354169
양평TPC,2026-09-20,12:33,160000,golfpang,,,18홀,tr_220230587
스톤비치,2026-09-20,08:34,110000,golfpang,,,18홀,tr_216744084
베뉴지,2026-09-20,08:08,170000,golfpang,,,18홀,tr_220504495
스톤비치,2026-09-20,12:27,110000,golfpang,,,18홀,tr_220539200
더플레이어스,2026-09-20,08:12,160000,golfpang,,,18홀,tr_219997833
일레븐,2026-09-20,17:23,60000,golfpang,,,18홀,tr_219810073
필로스,2026-09-20,17:40,120000,golfpang,,,18홀,tr_219810108
솔모로,2026-09-20,13:56,170000,golfpang,,,18홀,tr_219807365
클럽D 거창,2026-09-20,07:58,90000,golfpang,,,18홀,tr_220561917
클럽D 거창,2026-09-20,12:01,95000,golfpang,,,18홀,tr_220561918
벨라스톤,2026-09-20,13:56,130000,golfpang,,,18홀,tr_220454385
일레븐,2026-09-20,17:58,55000,golfpang,,,18홀,tr_220561888
일레븐,2026-09-20,17:51,55000,golfpang,,,18홀,tr_220561886
일레븐,2026-09-20,17:51,55000,golfpang,,,18홀,tr_220561887
이천실크밸리,2026-09-20,18:00,75000,golfpang,,,18홀,tr_219338395
오로라,2026-09-20,17:30,80000,golfpang,,,18홀,tr_220297001
클럽모우,2026-09-20,13:30,145000,golfpang,,,18홀,tr_220299514
클럽모우,2026-09-20,07:00,165000,golfpang,,,18홀,tr_219468009
골드,2026-09-20,11:36,199000,golfpang,,,18홀,tr_220535173
파주,2026-09-20,07:34,220000,golfpang,,,18홀,tr_220561829
벨라스톤,2026-09-20,13:49,130000,golfpang,,,18홀,tr_220417479
속리산cc,2026-09-20,14:00,110000,golfpang,,,18홀,tr_220395800
힐마루 포천,2026-09-20,13:21,210000,golfpang,,,18홀,tr_220394998
힐마루 포천,2026-09-20,17:52,140000,golfpang,,,18홀,tr_219892851
클럽72-오션,2026-09-20,12:32,210000,golfpang,,,18홀,tr_220204415
골프존 진천,2026-09-20,07:38,169000,golfpang,,,18홀,tr_220220635
골드,2026-09-20,11:36,199000,golfpang,,,18홀,tr_152034924
골드,2026-09-20,18:22,119000,golfpang,,,18홀,tr_217706482
일레븐,2026-09-20,17:58,55000,golfpang,,,18홀,tr_220561644
일레븐,2026-09-20,18:26,55000,golfpang,,,18홀,tr_220561645
일레븐,2026-09-20,17:51,55000,golfpang,,,18홀,tr_220561643
윈체스트,2026-09-20,07:23,230000,golfpang,,,18홀,tr_220261759
골프존 진천,2026-09-20,07:48,169000,golfpang,,,18홀,tr_218770693
골프존 화랑,2026-09-20,08:42,149000,golfpang,,,18홀,tr_219245022
이븐데일,2026-09-20,08:11,119000,golfpang,,,18홀,tr_220479218
골프존 천안,2026-09-20,12:49,166000,golfpang,,,18홀,tr_219459859
골프존 화랑,2026-09-20,12:42,139000,golfpang,,,18홀,tr_219672922
이븐데일,2026-09-20,12:00,90000,golfpang,,,18홀,tr_220283242
골프존 진천,2026-09-20,13:00,139000,golfpang,,,18홀,tr_219796428
윈체스트,2026-09-20,13:01,200000,golfpang,,,18홀,tr_218716945
스톤비치,2026-09-20,13:16,110000,golfpang,,,18홀,tr_220561592
캐슬렉스,2026-09-20,13:59,280000,golfpang,,,18홀,tr_219524813
캐슬렉스,2026-09-20,08:24,280000,golfpang,,,18홀,tr_219524792
윈체스트,2026-09-20,13:24,209000,golfpang,,,18홀,tr_219158382
임페리얼레이크,2026-09-20,11:31,139000,golfpang,,,18홀,tr_220561563
가평프리스틴밸리,2026-09-20,13:52,200000,golfpang,,,18홀,tr_218621846
가평프리스틴밸리,2026-09-20,11:53,230000,golfpang,,,18홀,tr_220403642
스톤비치,2026-09-20,07:59,100000,golfpang,,,18홀,tr_220561538
속리산cc,2026-09-20,14:14,110000,golfpang,,,18홀,tr_220203819
백제,2026-09-20,13:19,130000,golfpang,,,18홀,tr_220204058
클럽72,2026-09-20,18:18,120000,golfpang,,,18홀,tr_220559596
필로스,2026-09-20,17:40,120000,golfpang,,,18홀,tr_220559593
필로스,2026-09-20,18:07,110000,golfpang,,,18홀,tr_220559597
양평TPC,2026-09-20,13:57,150000,golfpang,,,18홀,tr_220559595
양평TPC,2026-09-20,13:57,150000,golfpang,,,18홀,tr_220559599
시그너스,2026-09-20,13:56,160000,golfpang,,,18홀,tr_220559590
시그너스,2026-09-20,13:56,160000,golfpang,,,18홀,tr_220559585
클럽72,2026-09-20,14:01,160000,golfpang,,,18홀,tr_220559592
한림용인,2026-09-20,18:13,133000,golfpang,,,18홀,tr_220559602
더크로스비,2026-09-20,06:35,180000,golfpang,,,18홀,tr_220559501
비에이비스타(퍼),2026-09-20,18:13,85000,golfpang,,,18홀,tr_220559570
중원,2026-09-20,07:46,140000,golfpang,,,18홀,tr_220559567
더플레이어스,2026-09-20,07:30,160000,golfpang,,,18홀,tr_220559577
세레니티-강촌,2026-09-20,06:56,200000,golfpang,,,18홀,tr_220559508
스톤비치,2026-09-20,06:42,110000,golfpang,,,18홀,tr_220559551
더플레이어스,2026-09-20,06:48,160000,golfpang,,,18홀,tr_220559574
중원,2026-09-20,08:35,140000,golfpang,,,18홀,tr_220559571
블랙스톤벨포레,2026-09-20,16:55,60000,golfpang,,,18홀,tr_220559539
블랙스톤벨포레,2026-09-20,16:55,60000,golfpang,,,18홀,tr_220559566
플라밍고,2026-09-20,17:07,90000,golfpang,,,18홀,tr_220559588
더크로스비,2026-09-20,13:09,180000,golfpang,,,18홀,tr_220559565
플라밍고,2026-09-20,13:25,140000,golfpang,,,18홀,tr_220559584
파주,2026-09-20,11:45,210000,golfpang,,,18홀,tr_220559582
파주,2026-09-20,12:20,210000,golfpang,,,18홀,tr_220559586
스톤비치,2026-09-20,12:27,110000,golfpang,,,18홀,tr_220559575
세레니티-강촌,2026-09-20,12:42,180000,golfpang,,,18홀,tr_220559578
로얄링스,2026-09-20,12:34,100000,golfpang,,,18홀,tr_220559533
비에이비스타(퍼),2026-09-20,12:50,125000,golfpang,,,18홀,tr_220559534
골프존 화랑,2026-09-20,12:52,139000,golfpang,,,18홀,tr_220559537
라싸,2026-09-20,08:33,189000,golfpang,,,18홀,tr_220559506
백제,2026-09-20,14:22,120000,golfpang,,,18홀,tr_220204108
샴발라,2026-09-20,13:20,160000,golfpang,,,18홀,tr_220437134
센추리21,2026-09-20,06:34,120000,golfpang,,,18홀,tr_220399766
샴발라,2026-09-20,06:52,170000,golfpang,,,18홀,tr_220034380
임페리얼레이크,2026-09-20,17:10,89000,golfpang,,,18홀,tr_220535121
올데이,2026-09-20,07:10,99000,golfpang,,,18홀,tr_220535170
올데이,2026-09-20,17:30,59000,golfpang,,,18홀,tr_220535235
써닝포인트,2026-09-20,17:51,125000,golfpang,,,18홀,tr_220561066
써닝포인트,2026-09-20,17:51,125000,golfpang,,,18홀,tr_220561079
리베라,2026-09-20,17:31,120000,golfpang,,,18홀,tr_220561197
리베라,2026-09-20,17:41,120000,golfpang,,,18홀,tr_220561240
리베라,2026-09-20,17:41,120000,golfpang,,,18홀,tr_220561237
이븐데일,2026-09-20,12:27,85000,golfpang,,,18홀,tr_220560118
이븐데일,2026-09-20,12:27,85000,golfpang,,,18홀,tr_220560119
중원,2026-09-20,12:44,140000,golfpang,,,18홀,tr_220561285
감곡,2026-09-20,18:20,100000,golfpang,,,18홀,tr_220560989
감곡,2026-09-20,18:20,100000,golfpang,,,18홀,tr_220560988
감곡,2026-09-20,18:13,100000,golfpang,,,18홀,tr_220560987
중원,2026-09-20,12:44,140000,golfpang,,,18홀,tr_220561284
360도,2026-09-20,06:45,170000,golfpang,,,18홀,tr_220561116
360도,2026-09-20,06:45,170000,golfpang,,,18홀,tr_220561115
킹스데일,2026-09-20,06:37,170000,golfpang,,,18홀,tr_219343412
동강시스타,2026-09-20,06:58,171000,golfpang,,,18홀,tr_220557791
웰리힐리,2026-09-20,06:38,190000,golfpang,,,18홀,tr_220557697
비에이비스타,2026-09-20,13:33,160000,golfpang,,,18홀,tr_220463163
비에이비스타(퍼),2026-09-20,08:13,160000,golfpang,,,18홀,tr_220467394
비에이비스타(퍼),2026-09-20,13:04,130000,golfpang,,,18홀,tr_220467439
비에이비스타(퍼),2026-09-20,12:04,130000,golfpang,,,18홀,tr_220467404
한림용인,2026-09-20,18:34,115000,golfpang,,,18홀,tr_220561223
한림용인,2026-09-20,17:24,125000,golfpang,,,18홀,tr_220561222
한림용인,2026-09-20,18:55,115000,golfpang,,,18홀,tr_220561224
코리아,2026-09-20,18:36,129000,golfpang,,,18홀,tr_218352351
코리아,2026-09-20,18:22,129000,golfpang,,,18홀,tr_219562214
골드,2026-09-20,18:15,119000,golfpang,,,18홀,tr_218127950
골드,2026-09-20,18:36,119000,golfpang,,,18홀,tr_218127796
더플레이어스,2026-09-20,07:30,160000,golfpang,,,18홀,tr_220559693
더크로스비,2026-09-20,06:35,180000,golfpang,,,18홀,tr_220559673
양평TPC,2026-09-20,13:57,150000,golfpang,,,18홀,tr_220559778
시그너스,2026-09-20,13:56,160000,golfpang,,,18홀,tr_220559774
더크로스비,2026-09-20,13:09,180000,golfpang,,,18홀,tr_220559766
경춘(비공개),2026-09-20,13:29,153000,golfpang,,,18홀,tr_220559660
플라밍고,2026-09-20,13:25,140000,golfpang,,,18홀,tr_220559771
스톤비치,2026-09-20,12:27,110000,golfpang,,,18홀,tr_220559730
경춘(비공개),2026-09-20,08:22,150000,golfpang,,,18홀,tr_220204712
라싸,2026-09-20,08:33,189000,golfpang,,,18홀,tr_220559705
파주,2026-09-20,11:52,210000,golfpang,,,18홀,tr_220559721
코리아,2026-09-20,18:29,129000,golfpang,,,18홀,tr_217706744
킹즈락,2026-09-20,11:47,135000,golfpang,,,18홀,tr_220561147
킹즈락,2026-09-20,08:23,140000,golfpang,,,18홀,tr_220561146
360도,2026-09-20,06:22,160000,golfpang,,,18홀,tr_220561144
360도,2026-09-20,06:45,170000,golfpang,,,18홀,tr_219818080
스톤비치,2026-09-20,13:02,110000,golfpang,,,18홀,tr_216232902
스프링베일-퍼9,2026-09-20,07:06,100000,golfpang,,,18홀,tr_220485866
윈체스트,2026-09-20,12:55,210000,golfpang,,,18홀,tr_219254209
윈체스트,2026-09-20,17:14,140000,golfpang,,,18홀,tr_219254212
안성(비공개),2026-09-20,06:14,202000,golfpang,,,18홀,tr_219254186
스톤비치,2026-09-20,08:27,110000,golfpang,,,18홀,tr_216423347
아덴힐(제주),2026-09-20,11:51,145000,golfpang,,,18홀,tr_220561065
360도,2026-09-20,06:07,155000,golfpang,,,18홀,tr_220560962
360도,2026-09-20,06:45,170000,golfpang,,,18홀,tr_220560963
솔라고,2026-09-20,18:40,67000,golfpang,,,18홀,tr_219997676
로얄링스,2026-09-20,18:20,80000,golfpang,,,18홀,tr_220259629
블랙스톤벨포레,2026-09-20,18:00,40000,golfpang,,,18홀,tr_220485812
오너스,2026-09-20,08:28,150000,golfpang,,,18홀,tr_220240272
이천실크밸리,2026-09-20,17:50,75000,golfpang,,,18홀,tr_220454642
포웰(안성)cc,2026-09-20,19:10,65000,golfpang,,,18홀,tr_220393347
옥스필드,2026-09-20,17:30,69000,golfpang,,,18홀,tr_220468596
클럽72,2026-09-20,18:10,120000,golfpang,,,18홀,tr_220079987
플라밍고,2026-09-20,13:32,140000,golfpang,,,18홀,tr_220560853
클럽모우,2026-09-20,13:48,145000,golfpang,,,18홀,tr_220560826
스카이밸리,2026-09-20,13:46,177000,golfpang,,,18홀,tr_219994121
플라밍고,2026-09-20,19:00,67000,golfpang,,,18홀,tr_220560075
플라밍고,2026-09-20,13:32,140000,golfpang,,,18홀,tr_220560824
더크로스비,2026-09-20,13:16,180000,golfpang,,,18홀,tr_220560249
중원,2026-09-20,07:46,140000,golfpang,,,18홀,tr_220559984
더플레이어스,2026-09-20,07:30,160000,golfpang,,,18홀,tr_220559937
스톤비치,2026-09-20,06:42,110000,golfpang,,,18홀,tr_220559893
스톤비치,2026-09-20,12:27,110000,golfpang,,,18홀,tr_220560127
파주,2026-09-20,12:20,210000,golfpang,,,18홀,tr_220560120
파주,2026-09-20,11:45,210000,golfpang,,,18홀,tr_220560084
라싸,2026-09-20,08:33,189000,golfpang,,,18홀,tr_220560071
블랙스톤벨포레,2026-09-20,16:55,60000,golfpang,,,18홀,tr_220560481
양평TPC,2026-09-20,13:57,150000,golfpang,,,18홀,tr_220560361
시그너스,2026-09-20,13:56,160000,golfpang,,,18홀,tr_220560300
필로스,2026-09-20,17:40,120000,golfpang,,,18홀,tr_220560528
로얄링스,2026-09-20,12:48,100000,golfpang,,,18홀,tr_220560177
골프존 화랑,2026-09-20,12:52,139000,golfpang,,,18홀,tr_220560189
비에이비스타(퍼),2026-09-20,12:50,125000,golfpang,,,18홀,tr_220560183
클럽72,2026-09-20,14:01,160000,golfpang,,,18홀,tr_220560393
한림용인,2026-09-20,18:13,133000,golfpang,,,18홀,tr_220560591
클럽72,2026-09-20,18:18,120000,golfpang,,,18홀,tr_220560617
더크로스비,2026-09-20,13:09,180000,golfpang,,,18홀,tr_220560247
비에이비스타(퍼),2026-09-20,18:13,85000,golfpang,,,18홀,tr_220560565
플라밍고,2026-09-20,13:25,140000,golfpang,,,18홀,tr_220560271
스톤비치,2026-09-20,08:20,110000,golfpang,,,18홀,tr_217526129
스톤비치,2026-09-20,13:00,110000,golfpang,,,18홀,tr_217697282
남양주(퍼9),2026-09-20,13:00,139000,golfpang,,,18홀,tr_219158631
남양주(퍼9),2026-09-20,13:00,139000,golfpang,,,18홀,tr_219158634
스톤비치,2026-09-20,17:20,70000,golfpang,,,18홀,tr_217697288
남양주(퍼9),2026-09-20,17:00,109000,golfpang,,,18홀,tr_219158629
오너스,2026-09-20,14:00,140000,golfpang,,,18홀,tr_219617098
오너스,2026-09-20,14:00,140000,golfpang,,,18홀,tr_220046228
스프링베일-퍼9,2026-09-20,07:50,100000,golfpang,,,18홀,tr_219553026
스프링베일-퍼9,2026-09-20,07:50,100000,golfpang,,,18홀,tr_219553023
이포,2026-09-20,17:59,125000,golfpang,,,18홀,tr_220484193
한림용인,2026-09-20,18:13,132000,golfpang,,,18홀,tr_220485050
클럽72,2026-09-20,18:18,120000,golfpang,,,18홀,tr_220484316
시그너스,2026-09-20,13:56,160000,golfpang,,,18홀,tr_220484129
플라밍고,2026-09-20,17:07,90000,golfpang,,,18홀,tr_220484484
세레니티-강촌,2026-09-20,17:25,120000,golfpang,,,18홀,tr_220484046
필로스,2026-09-20,17:40,120000,golfpang,,,18홀,tr_220485023
로얄링스,2026-09-20,12:48,100000,golfpang,,,18홀,tr_220483942
더크로스비,2026-09-20,13:16,180000,golfpang,,,18홀,tr_220483812
플라밍고,2026-09-20,13:25,140000,golfpang,,,18홀,tr_220484446
세레니티-강촌,2026-09-20,13:31,180000,golfpang,,,18홀,tr_220484017
경춘(비공개),2026-09-20,13:29,153000,golfpang,,,18홀,tr_220559779
양평TPC,2026-09-20,13:57,150000,golfpang,,,18홀,tr_220484160
경춘(비공개),2026-09-20,08:22,150000,golfpang,,,18홀,tr_220483824
중원,2026-09-20,08:35,140000,golfpang,,,18홀,tr_220484205
라싸,2026-09-20,08:33,189000,golfpang,,,18홀,tr_220483817
킹스데일,2026-09-20,08:40,195000,golfpang,,,18홀,tr_220484351
파주,2026-09-20,11:52,210000,golfpang,,,18홀,tr_220484358
스톤비치,2026-09-20,12:27,110000,golfpang,,,18홀,tr_220484122
세레니티-강촌,2026-09-20,06:56,200000,golfpang,,,18홀,tr_220484016
더플레이어스,2026-09-20,07:30,160000,golfpang,,,18홀,tr_220484329
스톤비치,2026-09-20,07:52,130000,golfpang,,,18홀,tr_220484055
양평TPC,2026-09-20,13:57,150000,golfpang,,,18홀,tr_220560752
양평TPC,2026-09-20,13:57,150000,golfpang,,,18홀,tr_220560633
양평TPC,2026-09-20,13:57,150000,golfpang,,,18홀,tr_220560629
포천힐스,2026-09-20,13:48,180000,golfpang,,,18홀,tr_220560597
포천힐스,2026-09-20,14:02,180000,golfpang,,,18홀,tr_220560598
포천힐스,2026-09-20,08:06,230000,golfpang,,,18홀,tr_220560596
알펜시아명문,2026-09-20,12:17,140000,golfpang,,,18홀,tr_219470992
오로라,2026-09-20,08:36,180000,golfpang,,,18홀,tr_220201511
동서울cc-퍼9,2026-09-20,12:42,74000,golfpang,,,18홀,tr_220153710
동서울cc-퍼9,2026-09-20,12:42,74000,golfpang,,,18홀,tr_220153711
벨라스톤,2026-09-20,18:20,80000,golfpang,,,18홀,tr_220556227
알펜시아명문,2026-09-20,06:42,120000,golfpang,,,18홀,tr_219470991
알펜시아명문,2026-09-20,12:38,140000,golfpang,,,18홀,tr_219470993
알펜시아700,2026-09-20,17:30,90000,golfpang,,,18홀,tr_219471191
오로라,2026-09-20,12:04,160000,golfpang,,,18홀,tr_220201512
알펜시아700,2026-09-20,12:49,130000,golfpang,,,18홀,tr_219471190
알펜시아700,2026-09-20,06:47,110000,golfpang,,,18홀,tr_219471189
오로라,2026-09-20,18:06,90000,golfpang,,,18홀,tr_220201513
동강시스타,2026-09-20,18:13,171000,golfpang,,,18홀,tr_220554118
로얄링스,2026-09-20,12:41,120000,golfpang,,,18홀,tr_219575413
대영베이스,2026-09-20,12:26,145000,golfpang,,,18홀,tr_219073222
이븐데일,2026-09-20,12:12,85000,golfpang,,,18홀,tr_220547573
예미지,2026-09-20,12:05,175000,golfpang,,,18홀,tr_218104480
킹즈락,2026-09-20,11:47,135000,golfpang,,,18홀,tr_220522670
센테리움,2026-09-20,13:53,149000,golfpang,,,18홀,tr_219671797
예미지,2026-09-20,13:29,170000,golfpang,,,18홀,tr_218104481
이븐데일,2026-09-20,17:25,55000,golfpang,,,18홀,tr_220547574
이븐데일,2026-09-20,17:25,55000,golfpang,,,18홀,tr_220545307
대영베이스,2026-09-20,11:26,149000,golfpang,,,18홀,tr_219073221
일레븐,2026-09-20,18:12,85000,golfpang,,,18홀,tr_220541225
스톤비치,2026-09-20,17:58,120000,golfpang,,,18홀,tr_220542615
에스앤-퍼9,2026-09-20,17:31,50000,golfpang,,,18홀,tr_220540582
세레니티cc,2026-09-20,19:16,120000,golfpang,,,18홀,tr_220546286
킹즈락,2026-09-20,18:41,70000,golfpang,,,18홀,tr_220537176
대영베이스,2026-09-20,06:01,129000,golfpang,,,18홀,tr_219073220
로얄링스,2026-09-20,07:38,120000,golfpang,,,18홀,tr_219575412
이븐데일,2026-09-20,07:21,99000,golfpang,,,18홀,tr_220547572
센테리움,2026-09-20,07:14,179000,golfpang,,,18홀,tr_219671796
동촌,2026-09-20,08:40,200000,golfpang,,,18홀,tr_220546577
킹즈락,2026-09-20,08:23,145000,golfpang,,,18홀,tr_220522671
클럽D 보은,2026-09-20,08:26,160000,golfpang,,,18홀,tr_220539333
파주,2026-09-20,18:30,140000,golfpang,,,18홀,tr_220518944
포천힐스,2026-09-20,06:14,210000,golfpang,,,18홀,tr_220521684
포천힐스,2026-09-20,13:34,180000,golfpang,,,18홀,tr_220521686
필로스,2026-09-20,18:07,120000,golfpang,,,18홀,tr_219681630
포천힐스,2026-09-20,13:55,210000,golfpang,,,18홀,tr_220517217
클럽모우,2026-09-20,13:48,150000,golfpang,,,18홀,tr_220299544
비콘힐스,2026-09-20,18:26,70000,golfpang,,,18홀,tr_220423314
비콘힐스,2026-09-20,18:26,70000,golfpang,,,18홀,tr_220423313
더플레이어스,2026-09-20,07:16,160000,golfpang,,,18홀,tr_220557631
스프링베일-퍼9,2026-09-20,07:20,-1,golfpang,,,18홀,tr_220518273
클럽모우,2026-09-20,13:34,150000,golfpang,,,18홀,tr_220299543
라싸,2026-09-20,18:56,129000,golfpang,,,18홀,tr_220519197
한림광릉,2026-09-20,06:59,230000,golfpang,,,18홀,tr_220559732
한림광릉,2026-09-20,12:27,190000,golfpang,,,18홀,tr_220559733
포천힐스,2026-09-20,08:06,230000,golfpang,,,18홀,tr_220521685
한림광릉,2026-09-20,17:10,150000,golfpang,,,18홀,tr_220559734
필로스,2026-09-20,17:40,120000,golfpang,,,18홀,tr_219681628
더플레이어스,2026-09-20,08:05,170000,golfpang,,,18홀,tr_220557632
필로스,2026-09-20,17:54,120000,golfpang,,,18홀,tr_219681629
비콘힐스,2026-09-20,18:26,70000,golfpang,,,18홀,tr_220423312
빅토리아-퍼9,2026-09-20,17:03,89000,golfpang,,,18홀,tr_219749012
용인플라자,2026-09-20,17:09,140000,golfpang,,,18홀,tr_219770799
용인(비공개),2026-09-20,13:17,180000,golfpang,,,18홀,tr_220236305
골프존 안성W,2026-09-20,13:24,150000,golfpang,,,18홀,tr_220555762
골프존 안성W,2026-09-20,13:24,150000,golfpang,,,18홀,tr_220555761
해솔리아,2026-09-20,13:40,150000,golfpang,,,18홀,tr_220290508
세현,2026-09-20,13:37,200000,golfpang,,,18홀,tr_219820021
양평TPC,2026-09-20,12:19,170000,golfpang,,,18홀,tr_220307221
세현,2026-09-20,12:34,220000,golfpang,,,18홀,tr_219820020
솔트베이,2026-09-20,12:46,230000,golfpang,,,18홀,tr_219245981
솔트베이,2026-09-20,12:46,230000,golfpang,,,18홀,tr_219245979
솔트베이,2026-09-20,12:53,230000,golfpang,,,18홀,tr_219245980
양지파인,2026-09-20,08:15,199000,golfpang,,,18홀,tr_220521931
양지파인,2026-09-20,08:15,199000,golfpang,,,18홀,tr_220521930
빅토리아-퍼9,2026-09-20,11:14,114000,golfpang,,,18홀,tr_219749011
해솔리아,2026-09-20,06:28,160000,golfpang,,,18홀,tr_220290507
빅토리아-퍼9,2026-09-20,06:49,114000,golfpang,,,18홀,tr_219749010
용인(비공개),2026-09-20,06:46,209000,golfpang,,,18홀,tr_220236304
골프존 안성H,2026-09-20,06:44,190000,golfpang,,,18홀,tr_220503242
양평TPC,2026-09-20,06:59,180000,golfpang,,,18홀,tr_220307220
이글몬트,2026-09-20,06:20,180000,golfpang,,,18홀,tr_220514699
이글몬트,2026-09-20,06:20,180000,golfpang,,,18홀,tr_220515668
아세코밸리-퍼9,2026-09-20,05:37,140000,golfpang,,,18홀,tr_220390010
아세코밸리-퍼9,2026-09-20,05:37,140000,golfpang,,,18홀,tr_220390009
이천실크밸리,2026-09-20,18:17,100000,golfpang,,,18홀,tr_219903824
그린힐,2026-09-20,18:31,90000,golfpang,,,18홀,tr_220278874
리베라,2026-09-20,18:38,110000,golfpang,,,18홀,tr_220547237
신안(병행),2026-09-20,18:38,80000,golfpang,,,18홀,tr_220502638
클럽72,2026-09-20,18:46,120000,golfpang,,,18홀,tr_220502344
리베라,2026-09-20,18:52,110000,golfpang,,,18홀,tr_220547238
빅토리아-퍼9,2026-09-20,19:09,-1,golfpang,,,18홀,tr_220499368
해솔리아,2026-09-20,17:29,120000,golfpang,,,18홀,tr_220290509
이천실크밸리,2026-09-20,17:28,115000,golfpang,,,18홀,tr_219903822
신안(병행),2026-09-20,17:35,90000,golfpang,,,18홀,tr_220502637
용인플라자,2026-09-20,17:31,140000,golfpang,,,18홀,tr_219770800
이천실크밸리,2026-09-20,17:42,110000,golfpang,,,18홀,tr_219903823
그린힐,2026-09-20,17:49,100000,golfpang,,,18홀,tr_220278872
용인플라자,2026-09-20,18:05,140000,golfpang,,,18홀,tr_219770801
그린힐,2026-09-20,18:03,90000,golfpang,,,18홀,tr_220278873
세현,2026-09-20,13:58,200000,golfpang,,,18홀,tr_219820022
용인(비공개),2026-09-20,14:06,180000,golfpang,,,18홀,tr_220236306
아세코밸리-퍼9,2026-09-20,16:49,100000,golfpang,,,18홀,tr_220390011
골프존 안성H,2026-09-20,14:27,180000,golfpang,,,18홀,tr_220503244
골프존 안성H,2026-09-20,14:20,180000,golfpang,,,18홀,tr_220503243
클럽72,2026-09-20,13:54,160000,golfpang,,,18홀,tr_220560589
이븐데일,2026-09-20,12:47,85000,golfpang,,,18홀,tr_220560531
이븐데일,2026-09-20,06:32,99000,golfpang,,,18홀,tr_220560530
이븐데일,2026-09-20,18:08,50000,golfpang,,,18홀,tr_220560532
킹스데일,2026-09-20,08:40,195000,golfpang,,,18홀,tr_220423981
양평TPC,2026-09-20,13:57,150000,golfpang,,,18홀,tr_220398685
이븐데일,2026-09-20,11:50,85000,golfpang,,,18홀,tr_220434441
모카cc,2026-09-20,08:50,130000,golfpang,,,18홀,tr_220499758
감곡,2026-09-20,18:00,100000,golfpang,,,18홀,tr_220397199
센추리21,2026-09-20,17:26,70000,golfpang,,,18홀,tr_220502419
킹즈락,2026-09-20,17:38,80000,golfpang,,,18홀,tr_220209546
센추리21(퍼),2026-09-20,12:20,100000,golfpang,,,18홀,tr_219778753
골프존 진천,2026-09-20,07:59,159000,golfpang,,,18홀,tr_219791494
스톤비치,2026-09-20,16:41,70000,golfpang,,,18홀,tr_219158029
스톤비치,2026-09-20,12:55,110000,golfpang,,,18홀,tr_218983495
스톤비치,2026-09-20,08:27,110000,golfpang,,,18홀,tr_220484720
양지파인,2026-09-20,08:30,199000,golfpang,,,18홀,tr_220560459
충주(비공개),2026-09-20,13:56,160000,golfpang,,,18홀,tr_220203024
킹즈락,2026-09-20,11:47,135000,golfpang,,,18홀,tr_220560417
킹즈락,2026-09-20,07:48,130000,golfpang,,,18홀,tr_220560416
일레븐,2026-09-20,17:51,55000,golfpang,,,18홀,tr_220560395
일레븐,2026-09-20,18:54,55000,golfpang,,,18홀,tr_220560397
일레븐,2026-09-20,18:05,55000,golfpang,,,18홀,tr_220560396
더크로스비,2026-09-20,13:16,180000,golfpang,,,18홀,tr_220560347
스카이밸리,2026-09-20,14:00,177000,golfpang,,,18홀,tr_220258770
세현,2026-09-20,13:58,200000,golfpang,,,18홀,tr_220560308
세현,2026-09-20,14:05,200000,golfpang,,,18홀,tr_220560309
세현,2026-09-20,13:51,200000,golfpang,,,18홀,tr_220560307
용평,2026-09-20,13:19,160000,golfpang,,,18홀,tr_219156145
골프존 송도(구.오렌지듄스),2026-09-20,17:40,139000,golfpang,,,18홀,tr_220007936
라데나,2026-09-20,06:30,190000,golfpang,,,18홀,tr_220402245
경춘(비공개),2026-09-20,13:29,153000,golfpang,,,18홀,tr_220560280
더플레이어스,2026-09-20,07:16,160000,golfpang,,,18홀,tr_220560253
더플레이어스,2026-09-20,08:05,170000,golfpang,,,18홀,tr_220560254
더플레이어스,2026-09-20,08:12,180000,golfpang,,,18홀,tr_220392214
오너스,2026-09-20,07:04,150000,golfpang,,,18홀,tr_220207660
필로스,2026-09-20,17:34,120000,golfpang,,,18홀,tr_220207659
솔모로,2026-09-20,13:49,170000,golfpang,,,18홀,tr_220207669
벨라스톤,2026-09-20,13:56,130000,golfpang,,,18홀,tr_220468192
스마트KU,2026-09-20,06:40,220000,golfpang,,,18홀,tr_220493817
남춘천,2026-09-20,12:30,160000,golfpang,,,18홀,tr_220548209
강촌(비공개),2026-09-20,08:29,210000,golfpang,,,18홀,tr_220349859
스마트KU,2026-09-20,13:49,210000,golfpang,,,18홀,tr_220493854
엘레강스(가명),2026-09-20,08:29,210000,golfpang,,,18홀,tr_220349914
리베라,2026-09-20,18:52,110000,golfpang,,,18홀,tr_220560223
리베라,2026-09-20,18:45,110000,golfpang,,,18홀,tr_220560225
리베라,2026-09-20,18:59,110000,golfpang,,,18홀,tr_220560224
올데이,2026-09-20,07:14,99000,golfpang,,,18홀,tr_220283359
올데이,2026-09-20,11:59,99000,golfpang,,,18홀,tr_220283360
올데이,2026-09-20,17:05,59000,golfpang,,,18홀,tr_220283361
그린힐,2026-09-20,19:13,80000,golfpang,,,18홀,tr_220560087
그린힐,2026-09-20,18:52,80000,golfpang,,,18홀,tr_220560086
포웰(안성)cc,2026-09-20,19:00,65000,golfpang,,,18홀,tr_219997206
일라이트,2026-09-20,18:20,77000,golfpang,,,18홀,tr_220288143
중원,2026-09-20,12:51,130000,golfpang,,,18홀,tr_220560059
360도,2026-09-20,06:00,155000,golfpang,,,18홀,tr_220560038
360도,2026-09-20,06:22,160000,golfpang,,,18홀,tr_220560039
옥스필드,2026-09-20,07:07,79000,golfpang,,,18홀,tr_220559941
옥스필드,2026-09-20,12:55,99000,golfpang,,,18홀,tr_220559942
모카cc,2026-09-20,08:39,130000,golfpang,,,18홀,tr_220521482
모카cc,2026-09-20,08:32,130000,golfpang,,,18홀,tr_220521481
대영베이스,2026-09-20,18:08,95000,golfpang,,,18홀,tr_220470207
대영베이스,2026-09-20,18:01,95000,golfpang,,,18홀,tr_220470208
대영힐스,2026-09-20,19:02,59000,golfpang,,,18홀,tr_220539292
대영힐스,2026-09-20,18:55,59000,golfpang,,,18홀,tr_220468476
대영힐스,2026-09-20,17:31,85000,golfpang,,,18홀,tr_220468474
대영힐스,2026-09-20,18:41,65000,golfpang,,,18홀,tr_220468475
임페리얼레이크,2026-09-20,17:26,89000,golfpang,,,18홀,tr_220523350
임페리얼레이크,2026-09-20,18:01,79000,golfpang,,,18홀,tr_220523352
임페리얼레이크,2026-09-20,11:24,129000,golfpang,,,18홀,tr_220523351
올데이,2026-09-20,12:20,89000,golfpang,,,18홀,tr_220535149
올데이,2026-09-20,17:33,59000,golfpang,,,18홀,tr_220535150
올데이,2026-09-20,07:00,99000,golfpang,,,18홀,tr_220535148
로얄포레,2026-09-20,11:10,109000,golfpang,,,18홀,tr_220539168
로얄포레,2026-09-20,12:55,109000,golfpang,,,18홀,tr_220539167
로얄포레,2026-09-20,17:12,79000,golfpang,,,18홀,tr_220539169
클럽D 거창,2026-09-20,08:33,95000,golfpang,,,18홀,tr_220559845
클럽D 거창,2026-09-20,12:01,95000,golfpang,,,18홀,tr_220559846
중원,2026-09-20,12:51,130000,golfpang,,,18홀,tr_220559820
중원,2026-09-20,12:51,130000,golfpang,,,18홀,tr_220559819
시그너스,2026-09-20,13:56,160000,golfpang,,,18홀,tr_220547269
더크로스비,2026-09-20,13:09,180000,golfpang,,,18홀,tr_220557643
비에이비스타(퍼),2026-09-20,12:50,150000,golfpang,,,18홀,tr_220555811
로얄링스,2026-09-20,12:48,100000,golfpang,,,18홀,tr_220557668
블랙스톤벨포레,2026-09-20,17:15,50000,golfpang,,,18홀,tr_220258791
플라밍고,2026-09-20,19:05,67000,golfpang,,,18홀,tr_220260575
그린힐,2026-09-20,19:00,80000,golfpang,,,18홀,tr_220259713
포웰(안성)cc,2026-09-20,19:00,65000,golfpang,,,18홀,tr_220259149
플라밍고,2026-09-20,18:10,77000,golfpang,,,18홀,tr_220260513
그린힐,2026-09-20,14:00,160000,golfpang,,,18홀,tr_219591193
솔라고,2026-09-20,18:45,67000,golfpang,,,18홀,tr_220259775
일레븐,2026-09-20,17:15,65000,golfpang,,,18홀,tr_219776797
스마트KU,2026-09-20,13:50,200000,golfpang,,,18홀,tr_220259718
플라밍고,2026-09-20,13:10,140000,golfpang,,,18홀,tr_220260511
로얄링스,2026-09-20,12:27,100000,golfpang,,,18홀,tr_219591092
파주,2026-09-20,11:52,210000,golfpang,,,18홀,tr_220539253
스마트KU,2026-09-20,06:30,220000,golfpang,,,18홀,tr_220523425
킹스데일,2026-09-20,08:40,195000,golfpang,,,18홀,tr_220543271
중원,2026-09-20,08:35,140000,golfpang,,,18홀,tr_220543273
양평TPC,2026-09-20,12:40,160000,golfpang,,,18홀,tr_220395367
파주,2026-09-20,12:48,210000,golfpang,,,18홀,tr_220559669
남양주(퍼9),2026-09-20,12:54,139000,golfpang,,,18홀,tr_220395349
양평TPC,2026-09-20,13:57,150000,golfpang,,,18홀,tr_220395381
블랙스톤벨포레,2026-09-20,18:20,40000,golfpang,,,18홀,tr_220559775
포레스트힐,2026-09-20,18:52,110000,golfpang,,,18홀,tr_220395416
중원,2026-09-20,07:46,140000,golfpang,,,18홀,tr_220038602
클럽모우,2026-09-20,07:12,180000,golfpang,,,18홀,tr_219556848
파주,2026-09-20,11:52,210000,golfpang,,,18홀,tr_220559667
남양주(퍼9),2026-09-20,08:14,149000,golfpang,,,18홀,tr_220395345
중원,2026-09-20,08:35,140000,golfpang,,,18홀,tr_220421720
블랙스톤벨포레,2026-09-20,16:55,60000,golfpang,,,18홀,tr_220468039
라싸,2026-09-20,08:33,189000,golfpang,,,18홀,tr_220557664
클럽72,2026-09-20,14:01,160000,golfpang,,,18홀,tr_220547568
해솔리아,2026-09-20,17:01,120000,golfpang,,,18홀,tr_220437180
필로스,2026-09-20,17:07,120000,golfpang,,,18홀,tr_219681525
한림광릉,2026-09-20,17:24,130000,golfpang,,,18홀,tr_220420146
한림광릉,2026-09-20,17:24,130000,golfpang,,,18홀,tr_220417743
한림광릉,2026-09-20,17:24,130000,golfpang,,,18홀,tr_220417746
한림용인,2026-09-20,17:31,140000,golfpang,,,18홀,tr_220035818
오로라,2026-09-20,13:21,130000,golfpang,,,18홀,tr_220299597
오로라,2026-09-20,13:21,130000,golfpang,,,18홀,tr_220299596
오로라,2026-09-20,13:21,130000,golfpang,,,18홀,tr_220299595
한림용인,2026-09-20,13:32,185000,golfpang,,,18홀,tr_220035817
한림용인,2026-09-20,13:32,185000,golfpang,,,18홀,tr_220035816
자유로,2026-09-20,13:30,200000,golfpang,,,18홀,tr_220036341
자유로,2026-09-20,13:30,200000,golfpang,,,18홀,tr_220036340
안성베네스트(클),2026-09-20,13:45,199000,golfpang,,,18홀,tr_220241716
안성베네스트(클),2026-09-20,13:45,199000,golfpang,,,18홀,tr_220241715
가평베네스트,2026-09-20,13:42,239000,golfpang,,,18홀,tr_220241049
양평TPC,2026-09-20,13:57,150000,golfpang,,,18홀,tr_220377193
오너스,2026-09-20,14:04,140000,golfpang,,,18홀,tr_219892553
푸른솔포천,2026-09-20,12:52,220000,golfpang,,,18홀,tr_218774742
백제,2026-09-20,12:51,130000,golfpang,,,18홀,tr_220421598
안성베네스트(챌),2026-09-20,12:56,179000,golfpang,,,18홀,tr_220241678
해솔리아,2026-09-20,13:05,150000,golfpang,,,18홀,tr_220437179
힐데스하임,2026-09-20,13:19,150000,golfpang,,,18홀,tr_220032322
젠스필드,2026-09-20,13:18,160000,golfpang,,,18홀,tr_220107197
솔모로,2026-09-20,13:14,180000,golfpang,,,18홀,tr_220010055
솔모로,2026-09-20,13:14,180000,golfpang,,,18홀,tr_220010054
골프존 안성H,2026-09-20,13:24,180000,golfpang,,,18홀,tr_220240235
골프존 안성H,2026-09-20,13:24,180000,golfpang,,,18홀,tr_220240234
골프존 안성H,2026-09-20,13:24,180000,golfpang,,,18홀,tr_220240233
베뉴지,2026-09-20,13:23,160000,golfpang,,,18홀,tr_220070141
베뉴지,2026-09-20,13:23,160000,golfpang,,,18홀,tr_220070143
서산수,2026-09-20,13:22,170000,golfpang,,,18홀,tr_219807460
서산수,2026-09-20,13:22,170000,golfpang,,,18홀,tr_219807459
양평TPC,2026-09-20,12:19,170000,golfpang,,,18홀,tr_220258385
히든밸리,2026-09-20,12:16,160000,golfpang,,,18홀,tr_220034734
360도,2026-09-20,12:15,177000,golfpang,,,18홀,tr_220038477
360도,2026-09-20,12:15,177000,golfpang,,,18홀,tr_220038476
에덴블루,2026-09-20,12:23,150000,golfpang,,,18홀,tr_220422825
에덴블루,2026-09-20,12:23,150000,golfpang,,,18홀,tr_220422824
에덴블루,2026-09-20,12:23,150000,golfpang,,,18홀,tr_220422823
모카cc,2026-09-20,08:39,140000,golfpang,,,18홀,tr_220421754
모카cc,2026-09-20,08:39,140000,golfpang,,,18홀,tr_220421753
가평베네스트,2026-09-20,12:04,255000,golfpang,,,18홀,tr_220241048
오너스,2026-09-20,08:35,165000,golfpang,,,36홀,tr_219892644
히든밸리,2026-09-20,08:34,190000,golfpang,,,18홀,tr_220034733
해솔리아,2026-09-20,07:28,170000,golfpang,,,18홀,tr_220437178
젠스필드,2026-09-20,07:58,180000,golfpang,,,18홀,tr_220107196
젠스필드,2026-09-20,06:48,170000,golfpang,,,18홀,tr_220107195
양평TPC,2026-09-20,06:59,180000,golfpang,,,18홀,tr_220258384
힐데스하임,2026-09-20,06:52,150000,golfpang,,,18홀,tr_220032321
힐데스하임,2026-09-20,18:34,70000,golfpang,,,18홀,tr_220032323
샤인데일,2026-09-20,17:57,70000,golfpang,,,18홀,tr_220102500
샤인데일,2026-09-20,17:57,70000,golfpang,,,18홀,tr_220102502
샤인데일,2026-09-20,17:57,70000,golfpang,,,18홀,tr_220102501
베스트밸리-퍼9,2026-09-20,17:55,120000,golfpang,,,18홀,tr_220085712
베스트밸리-퍼9,2026-09-20,17:55,120000,golfpang,,,18홀,tr_220085711
베스트밸리-퍼9,2026-09-20,17:55,120000,golfpang,,,18홀,tr_220085710
남춘천,2026-09-20,14:03,160000,golfpang,,,18홀,tr_220377530
시그너스,2026-09-20,13:56,160000,golfpang,,,18홀,tr_220250512
플라밍고,2026-09-20,13:25,140000,golfpang,,,18홀,tr_220396116
로얄링스,2026-09-20,12:34,100000,golfpang,,,18홀,tr_220548436
더플레이어스,2026-09-20,07:30,160000,golfpang,,,18홀,tr_220547129
스타,2026-09-20,18:46,80000,golfpang,,,18홀,tr_220559720
오너스,2026-09-20,14:00,135000,golfpang,,,18홀,tr_220468150
클럽72,2026-09-20,17:51,130000,golfpang,,,18홀,tr_220559714
골프존 송도(구.오렌지듄스),2026-09-20,17:50,139000,golfpang,,,18홀,tr_220559708
이븐데일,2026-09-20,18:01,50000,golfpang,,,18홀,tr_220559702
이븐데일,2026-09-20,17:33,55000,golfpang,,,18홀,tr_220559695
로얄포레,2026-09-20,17:55,79000,golfpang,,,18홀,tr_220559691
이븐데일,2026-09-20,17:25,55000,golfpang,,,18홀,tr_220559678
이븐데일,2026-09-20,12:20,85000,golfpang,,,18홀,tr_220559677
이븐데일,2026-09-20,07:21,99000,golfpang,,,18홀,tr_220559676
일레븐,2026-09-20,17:52,55000,golfpang,,,18홀,tr_220559670
필로스,2026-09-20,18:07,110000,golfpang,,,18홀,tr_220548349
필로스,2026-09-20,18:27,110000,golfpang,,,18홀,tr_220548350
필로스,2026-09-20,18:00,110000,golfpang,,,18홀,tr_220548348
로얄포레,2026-09-20,16:52,89000,golfpang,,,18홀,tr_220559666
골프존 송도(구.오렌지듄스),2026-09-20,13:51,179000,golfpang,,,18홀,tr_220559662
로얄포레,2026-09-20,12:56,109000,golfpang,,,18홀,tr_220559658
모나크,2026-09-20,18:30,90000,golfpang,,,18홀,tr_220325831
속리산cc,2026-09-20,13:39,110000,golfpang,,,18홀,tr_220325660
포레스트힐,2026-09-20,13:37,190000,golfpang,,,18홀,tr_220325574
클럽모우,2026-09-20,12:59,165000,golfpang,,,18홀,tr_220324656
비콘힐스,2026-09-20,18:33,70000,golfpang,,,18홀,tr_220325995
킹즈락,2026-09-20,08:02,140000,golfpang,,,18홀,tr_220204307
킹스데일,2026-09-20,06:58,170000,golfpang,,,18홀,tr_220210489
모나크,2026-09-20,13:24,140000,golfpang,,,18홀,tr_220325825
아리스타,2026-09-20,12:50,110000,golfpang,,,18홀,tr_220553954
블랙스톤벨포레,2026-09-20,12:45,80000,golfpang,,,18홀,tr_220325629
라데나,2026-09-20,11:46,240000,golfpang,,,18홀,tr_220204324
일라이트,2026-09-20,11:40,160000,golfpang,,,18홀,tr_220325741
아리스타,2026-09-20,11:54,120000,golfpang,,,18홀,tr_220553947
파크밸리,2026-09-20,08:06,149000,golfpang,,,18홀,tr_220001287
중원,2026-09-20,08:28,160000,golfpang,,,18홀,tr_220204210
라데나,2026-09-20,07:06,240000,golfpang,,,18홀,tr_220204202
클럽D 금강,2026-09-20,07:38,160000,golfpang,,,18홀,tr_220204315
대영베이스,2026-09-20,18:15,79000,golfpang,,,18홀,tr_220398409
이븐데일,2026-09-20,12:56,85000,golfpang,,,18홀,tr_220559656
오로라,2026-09-20,13:35,130000,golfpang,,,18홀,tr_220483630
오로라,2026-09-20,08:15,150000,golfpang,,,18홀,tr_220483629
오로라,2026-09-20,17:34,80000,golfpang,,,18홀,tr_220483631
아세코밸리-퍼9,2026-09-20,17:38,80000,golfpang,,,18홀,tr_220485867
대영베이스,2026-09-20,18:09,89000,golfpang,,,18홀,tr_220503538
한림용인,2026-09-20,18:06,135000,golfpang,,,18홀,tr_220485457
세현,2026-09-20,13:58,200000,golfpang,,,18홀,tr_220496976
세현,2026-09-20,14:05,200000,golfpang,,,18홀,tr_220496977
푸른솔포천,2026-09-20,14:02,210000,golfpang,,,18홀,tr_220315079
감곡,2026-09-20,14:10,150000,golfpang,,,18홀,tr_220130985
대호단양,2026-09-20,16:27,119000,golfpang,,,18홀,tr_219779643
남춘천,2026-09-20,14:17,160000,golfpang,,,18홀,tr_220094591
파주,2026-09-20,16:52,160000,golfpang,,,18홀,tr_220314829
이븐데일,2026-09-20,17:04,55000,golfpang,,,18홀,tr_220283457
대영힐스,2026-09-20,17:03,85000,golfpang,,,18홀,tr_220291211
로얄포레,2026-09-20,17:12,79000,golfpang,,,18홀,tr_220070551
감곡,2026-09-20,17:17,110000,golfpang,,,18홀,tr_220130987
한림용인,2026-09-20,17:24,140000,golfpang,,,18홀,tr_220485455
파주,2026-09-20,17:27,150000,golfpang,,,18홀,tr_220314830
임페리얼레이크,2026-09-20,17:26,79000,golfpang,,,18홀,tr_220304710
한림용인,2026-09-20,17:31,140000,golfpang,,,18홀,tr_220485456
일레븐,2026-09-20,17:30,70000,golfpang,,,18홀,tr_219779107
그린힐,2026-09-20,19:13,80000,golfpang,,,18홀,tr_220486147
리베라,2026-09-20,18:52,110000,golfpang,,,18홀,tr_220493888
360도,2026-09-20,07:00,170000,golfpang,,,18홀,tr_220484290
대영힐스,2026-09-20,06:07,109000,golfpang,,,18홀,tr_220291210
그린힐,2026-09-20,18:52,80000,golfpang,,,18홀,tr_220486146
힐데스하임,2026-09-20,07:00,155000,golfpang,,,18홀,tr_220259127
용인(비공개),2026-09-20,07:07,239000,golfpang,,,18홀,tr_220262262
킹스데일,2026-09-20,06:30,180000,golfpang,,,18홀,tr_219345289
세현,2026-09-20,13:51,200000,golfpang,,,18홀,tr_220496975
모나크,2026-09-20,12:56,140000,golfpang,,,18홀,tr_220222740
골프존 진천,2026-09-20,13:14,189000,golfpang,,,18홀,tr_219480036
골프존 진천,2026-09-20,12:11,199000,golfpang,,,18홀,tr_219480035
용인(비공개),2026-09-20,12:21,199000,golfpang,,,18홀,tr_220262263
양평TPC,2026-09-20,12:26,180000,golfpang,,,18홀,tr_220307280
로얄포레,2026-09-20,12:34,119000,golfpang,,,18홀,tr_220070550
골프존 안성W,2026-09-20,08:43,170000,golfpang,,,18홀,tr_220306395
골프존 화랑,2026-09-20,11:42,175000,golfpang,,,18홀,tr_219471361
이븐데일,2026-09-20,11:52,100000,golfpang,,,18홀,tr_220283456
센테리움,2026-09-20,11:47,169000,golfpang,,,18홀,tr_219372118
임페리얼레이크,2026-09-20,11:59,139000,golfpang,,,18홀,tr_220304709
힐데스하임,2026-09-20,11:57,160000,golfpang,,,18홀,tr_220259128
솔트베이,2026-09-20,11:57,230000,golfpang,,,18홀,tr_220192906
임페리얼레이크,2026-09-20,07:56,159000,golfpang,,,18홀,tr_220304708
포웰(안성)cc,2026-09-20,08:10,231000,golfpang,,,18홀,tr_220094692
로얄포레,2026-09-20,08:10,149000,golfpang,,,18홀,tr_220070549
골프존 진천,2026-09-20,08:20,196000,golfpang,,,18홀,tr_219480034
이천실크밸리,2026-09-20,08:20,190000,golfpang,,,18홀,tr_220283002
양지파인,2026-09-20,08:15,199000,golfpang,,,18홀,tr_220306198
센테리움,2026-09-20,08:31,199000,golfpang,,,18홀,tr_219372117
양지파인,2026-09-20,08:30,199000,golfpang,,,18홀,tr_220306199
이븐데일,2026-09-20,08:23,120000,golfpang,,,18홀,tr_220283455
골프존 화랑,2026-09-20,08:40,185000,golfpang,,,18홀,tr_219471360
해솔리아,2026-09-20,07:17,170000,golfpang,,,18홀,tr_220289086
킹스데일,2026-09-20,07:40,190000,golfpang,,,18홀,tr_219345288
360도,2026-09-20,06:22,160000,golfpang,,,18홀,tr_220484289
모나크,2026-09-20,06:18,150000,golfpang,,,18홀,tr_220222739
골프존 화랑,2026-09-20,06:34,165000,golfpang,,,18홀,tr_219471359
벨라스톤,2026-09-20,13:00,159000,golfpang,,,18홀,tr_220515804
벨라스톤,2026-09-20,06:56,149000,golfpang,,,18홀,tr_220515803
벨라스톤,2026-09-20,18:06,80000,golfpang,,,18홀,tr_220515805
경춘(비공개),2026-09-20,08:07,150000,golfpang,,,18홀,tr_220522163
벨라스톤,2026-09-20,13:43,140000,golfpang,,,18홀,tr_220559648
대영힐스,2026-09-20,18:56,59000,golfpang,,,18홀,tr_220559646
대영힐스,2026-09-20,18:42,65000,golfpang,,,18홀,tr_220559639
블랙스톤벨포레,2026-09-20,17:44,50000,golfpang,,,18홀,tr_220559626
블랙스톤벨포레,2026-09-20,18:33,40000,golfpang,,,18홀,tr_220559628
블랙스톤벨포레,2026-09-20,17:51,50000,golfpang,,,18홀,tr_220559627
대영베이스,2026-09-20,13:27,129000,golfpang,,,18홀,tr_220559621
알프스대영,2026-09-20,12:25,99000,golfpang,,,18홀,tr_220559615
감곡,2026-09-20,18:14,100000,golfpang,,,18홀,tr_220559613
포웰(안성)cc,2026-09-20,19:15,65000,golfpang,,,18홀,tr_220287645
알프스대영,2026-09-20,18:21,40000,golfpang,,,18홀,tr_219553458
클럽72,2026-09-20,13:10,180000,golfpang,,,18홀,tr_219775058
알펜시아명문,2026-09-20,12:40,130000,golfpang,,,18홀,tr_219774354
오너스,2026-09-20,08:28,145000,golfpang,,,18홀,tr_220287577
킹스데일,2026-09-20,07:20,180000,golfpang,,,18홀,tr_220287541
클럽모우,2026-09-20,06:45,145000,golfpang,,,18홀,tr_219367874
한림용인,2026-09-20,18:13,133000,golfpang,,,18홀,tr_220547978
이천실크밸리,2026-09-20,18:00,75000,golfpang,,,18홀,tr_220207720
필로스,2026-09-20,18:00,110000,golfpang,,,18홀,tr_220547940
플라밍고,2026-09-20,17:07,90000,golfpang,,,18홀,tr_220547898
속리산cc,2026-09-20,13:35,130000,golfpang,,,18홀,tr_219976928
플라밍고,2026-09-20,13:25,140000,golfpang,,,18홀,tr_220547889
파주,2026-09-20,11:45,210000,golfpang,,,18홀,tr_220547877
여주(비공개),2026-09-20,12:57,235000,golfpang,,,18홀,tr_220548419
여주(비공개),2026-09-20,12:57,235000,golfpang,,,18홀,tr_220548422
스마트KU,2026-09-20,13:50,200000,golfpang,,,18홀,tr_220521756
더플레이어스,2026-09-20,07:37,160000,golfpang,,,18홀,tr_220547802
포레스트힐,2026-09-20,18:10,110000,golfpang,,,18홀,tr_219330066
포레스트힐,2026-09-20,18:31,110000,golfpang,,,18홀,tr_219330038
포레스트힐,2026-09-20,18:24,110000,golfpang,,,18홀,tr_220036274
블루원용인(퍼),2026-09-20,13:52,140000,golfpang,,,18홀,tr_218121337
골든베이,2026-09-20,13:52,130000,golfpang,,,18홀,tr_220397763
비에이비스타,2026-09-20,13:32,160000,golfpang,,,18홀,tr_218981737
골프존 드래곤,2026-09-20,13:34,126000,golfpang,,,18홀,tr_219772549
세레니티-강촌,2026-09-20,17:32,120000,golfpang,,,18홀,tr_220397766
비에이비스타,2026-09-20,17:45,100000,golfpang,,,18홀,tr_219695418
골든베이,2026-09-20,07:40,150000,golfpang,,,18홀,tr_220397762
골프존 무주,2026-09-20,07:46,127000,golfpang,,,18홀,tr_218568798
비에이비스타(퍼),2026-09-20,12:01,130000,golfpang,,,18홀,tr_218838117
포도,2026-09-20,12:47,140000,golfpang,,,18홀,tr_219719330
포도,2026-09-20,11:44,140000,golfpang,,,18홀,tr_218568814
비에이비스타(퍼),2026-09-20,08:13,160000,golfpang,,,18홀,tr_218981769
골프존 드래곤,2026-09-20,07:32,121000,golfpang,,,18홀,tr_219333499
스카이밸리,2026-09-20,13:50,177000,golfpang,,,18홀,tr_220521857
올데이,2026-09-20,17:20,59000,golfpang,,,18홀,tr_220522192
클럽72,2026-09-20,18:18,120000,golfpang,,,18홀,tr_220547797
더크로스비,2026-09-20,13:09,180000,golfpang,,,18홀,tr_219783415
일라이트,2026-09-20,17:30,77000,golfpang,,,18홀,tr_220522269
일레븐,2026-09-20,17:20,60000,golfpang,,,18홀,tr_220522187
클럽72,2026-09-20,14:01,160000,golfpang,,,18홀,tr_220547792
클럽72,2026-09-20,13:10,160000,golfpang,,,18홀,tr_220521632
중원,2026-09-20,08:35,140000,golfpang,,,18홀,tr_220547764
클럽72,2026-09-20,13:50,160000,golfpang,,,18홀,tr_220521927
더플레이어스,2026-09-20,08:05,170000,golfpang,,,18홀,tr_220559453
더플레이어스,2026-09-20,07:16,160000,golfpang,,,18홀,tr_220559454
솔라고,2026-09-20,18:30,67000,golfpang,,,18홀,tr_220522516
클럽72-오션,2026-09-20,12:20,210000,golfpang,,,18홀,tr_220521552
이포,2026-09-20,17:52,125000,golfpang,,,18홀,tr_220547760
더플레이어스,2026-09-20,07:16,160000,golfpang,,,18홀,tr_220559437
더플레이어스,2026-09-20,08:05,170000,golfpang,,,18홀,tr_220559438
양평TPC,2026-09-20,13:57,150000,golfpang,,,18홀,tr_220547731
동강시스타,2026-09-20,17:52,171000,golfpang,,,18홀,tr_220557789
동강시스타,2026-09-20,18:06,171000,golfpang,,,18홀,tr_220558142
동강시스타,2026-09-20,17:38,171000,golfpang,,,18홀,tr_220558143
벨라스톤,2026-09-20,18:41,80000,golfpang,,,18홀,tr_220558286
동강시스타,2026-09-20,08:22,171000,golfpang,,,18홀,tr_220557787
동강시스타,2026-09-20,17:45,171000,golfpang,,,18홀,tr_220557788
동강시스타,2026-09-20,17:45,171000,golfpang,,,18홀,tr_220557792
벨라스톤,2026-09-20,08:41,169000,golfpang,,,18홀,tr_220558285
웰리힐리,2026-09-20,07:34,190000,golfpang,,,18홀,tr_220558118
동강시스타,2026-09-20,06:44,171000,golfpang,,,18홀,tr_220557790
벨라스톤,2026-09-20,07:03,159000,golfpang,,,18홀,tr_220558102
로얄링스,2026-09-20,12:10,100000,golfpang,,,18홀,tr_220521385
진천(비공개),2026-09-20,13:26,170000,golfpang,,,18홀,tr_220547726
로얄링스,2026-09-20,08:10,100000,golfpang,,,18홀,tr_220521320
로얄링스,2026-09-20,12:48,100000,golfpang,,,18홀,tr_220557679
시그너스,2026-09-20,13:56,160000,golfpang,,,18홀,tr_220547723
솔라고,2026-09-20,13:20,140000,golfpang,,,18홀,tr_220521695
비콘힐스,2026-09-20,18:30,70000,golfpang,,,18홀,tr_220522443
비에이비스타(퍼),2026-09-20,18:13,90000,golfpang,,,18홀,tr_220547694
플라밍고,2026-09-20,13:10,140000,golfpang,,,18홀,tr_220521617
비에이비스타,2026-09-20,17:59,100000,golfpang,,,18홀,tr_220557666
플라밍고,2026-09-20,17:50,80000,golfpang,,,18홀,tr_220522348
비에이비스타(퍼),2026-09-20,12:08,125000,golfpang,,,18홀,tr_220547652
블랙스톤벨포레,2026-09-20,16:55,60000,golfpang,,,18홀,tr_220547648
프린세스,2026-09-20,12:25,140000,golfpang,,,18홀,tr_219446046
예미지,2026-09-20,12:47,175000,golfpang,,,18홀,tr_220205779
로얄링스,2026-09-20,12:41,100000,golfpang,,,18홀,tr_220376301
올데이,2026-09-20,12:41,89000,golfpang,,,18홀,tr_220206837
임페리얼레이크,2026-09-20,11:31,139000,golfpang,,,18홀,tr_220283128
대호단양,2026-09-20,11:59,169000,golfpang,,,18홀,tr_219777426
힐데스하임,2026-09-20,11:57,160000,golfpang,,,18홀,tr_220326206
보령베이스-퍼9,2026-09-20,12:10,109000,golfpang,,,18홀,tr_220200854
로얄포레,2026-09-20,08:10,149000,golfpang,,,18홀,tr_220207952
임페리얼레이크,2026-09-20,08:10,149000,golfpang,,,18홀,tr_220283127
스톤비치,2026-09-20,08:27,140000,golfpang,,,18홀,tr_219372612
센테리움,2026-09-20,08:31,199000,golfpang,,,18홀,tr_220326914
파인스톤,2026-09-20,11:24,220000,golfpang,,,18홀,tr_219332318
올데이,2026-09-20,07:14,109000,golfpang,,,18홀,tr_220206836
스톤비치,2026-09-20,07:10,130000,golfpang,,,18홀,tr_219372611
킹스데일,2026-09-20,07:47,180000,golfpang,,,18홀,tr_220326622
골든베이,2026-09-20,07:47,150000,golfpang,,,18홀,tr_220206310
프린세스,2026-09-20,07:44,160000,golfpang,,,18홀,tr_219446045
로얄링스,2026-09-20,07:38,100000,golfpang,,,18홀,tr_220376300
센테리움,2026-09-20,07:59,159000,golfpang,,,18홀,tr_220326913
로얄포레,2026-09-20,05:57,109000,golfpang,,,18홀,tr_220207951
서산수,2026-09-20,06:36,220000,golfpang,,,18홀,tr_220011926
스톤비치,2026-09-20,06:35,120000,golfpang,,,18홀,tr_219372610
대호단양,2026-09-20,06:35,159000,golfpang,,,18홀,tr_219777425
이글몬트,2026-09-20,06:33,180000,golfpang,,,18홀,tr_220403955
스타,2026-09-20,06:23,160000,golfpang,,,18홀,tr_219778010
킹스데일,2026-09-20,06:44,170000,golfpang,,,18홀,tr_220326621
힐데스하임,2026-09-20,07:00,150000,golfpang,,,18홀,tr_220326205
파인스톤,2026-09-20,06:56,220000,golfpang,,,18홀,tr_219332317
모나크,2026-09-20,06:18,150000,golfpang,,,18홀,tr_220219696
모나크,2026-09-20,18:16,90000,golfpang,,,18홀,tr_220219698
보령베이스-퍼9,2026-09-20,18:33,45000,golfpang,,,18홀,tr_220200855
보령베이스-퍼9,2026-09-20,18:54,40000,golfpang,,,18홀,tr_220200856
힐데스하임,2026-09-20,18:49,65000,golfpang,,,18홀,tr_220326207
파인스톤,2026-09-20,17:43,130000,golfpang,,,18홀,tr_219332319
샤인데일,2026-09-20,17:57,70000,golfpang,,,18홀,tr_220181276
스타,2026-09-20,17:56,90000,golfpang,,,18홀,tr_219778012
샤인데일,2026-09-20,18:04,70000,golfpang,,,18홀,tr_220181277
필로스,2026-09-20,18:00,120000,golfpang,,,18홀,tr_219688799
프린세스,2026-09-20,18:09,85000,golfpang,,,18홀,tr_219446047
올데이,2026-09-20,18:08,50000,golfpang,,,18홀,tr_220206838
임페리얼레이크,2026-09-20,18:08,79000,golfpang,,,18홀,tr_220283129
대호단양,2026-09-20,16:20,119000,golfpang,,,18홀,tr_219777427
서산수,2026-09-20,14:11,220000,golfpang,,,18홀,tr_220011927
클럽모우,2026-09-20,13:41,145000,golfpang,,,18홀,tr_220327947
클럽모우,2026-09-20,13:48,145000,golfpang,,,18홀,tr_220327948
골든베이,2026-09-20,13:45,130000,golfpang,,,18홀,tr_220206311
이글몬트,2026-09-20,13:53,170000,golfpang,,,18홀,tr_220403956
스타,2026-09-20,13:51,140000,golfpang,,,18홀,tr_219778011
모나크,2026-09-20,12:56,140000,golfpang,,,18홀,tr_220219697
로얄포레,2026-09-20,13:02,119000,golfpang,,,18홀,tr_220207953
예미지,2026-09-20,13:22,170000,golfpang,,,18홀,tr_220205780
에델바이스(가명),2026-09-20,13:12,190000,golfpang,,,18홀,tr_220149126
스프링베일-퍼9,2026-09-20,12:22,100000,golfpang,,,18홀,tr_220145488
남양주(퍼9),2026-09-20,12:40,139000,golfpang,,,18홀,tr_220148634
마이다스레이크 이천,2026-09-20,12:32,200000,golfpang,,,18홀,tr_220179320
골프존 송도(구.오렌지듄스),2026-09-20,12:47,179000,golfpang,,,18홀,tr_220150175
솔트베이,2026-09-20,12:46,230000,golfpang,,,18홀,tr_219323528
솔트베이,2026-09-20,12:53,230000,golfpang,,,18홀,tr_219323529
여주,2026-09-20,08:50,250000,golfpang,,,18홀,tr_220174631
캐슬렉스,2026-09-20,08:45,250000,golfpang,,,18홀,tr_220326954
골프존 안성W,2026-09-20,08:43,170000,golfpang,,,18홀,tr_220327495
남양주(퍼9),2026-09-20,11:47,139000,golfpang,,,18홀,tr_220148633
빅토리아-퍼9,2026-09-20,11:42,114000,golfpang,,,18홀,tr_219153724
뉴스프링빌,2026-09-20,11:51,270000,golfpang,,,18홀,tr_220013156
뉴스프링빌,2026-09-20,11:51,270000,golfpang,,,18홀,tr_220013155
남춘천,2026-09-20,12:13,180000,golfpang,,,18홀,tr_220179366
오너스,2026-09-20,12:12,170000,golfpang,,,18홀,tr_220324878
신라,2026-09-20,08:09,200000,golfpang,,,18홀,tr_220118340
마이다스레이크 이천,2026-09-20,08:06,220000,golfpang,,,18홀,tr_220179319
신라,2026-09-20,08:02,200000,golfpang,,,18홀,tr_220118339
에덴블루,2026-09-20,08:19,219000,golfpang,,,18홀,tr_220324233
캐슬렉스,2026-09-20,08:38,250000,golfpang,,,18홀,tr_220326953
히든밸리,2026-09-20,08:34,190000,golfpang,,,18홀,tr_220197899
스프링베일-퍼9,2026-09-20,08:30,115000,golfpang,,,18홀,tr_220145487
자유로,2026-09-20,07:14,230000,golfpang,,,18홀,tr_220209029
신라,2026-09-20,07:34,200000,golfpang,,,18홀,tr_220118338
남양주(퍼9),2026-09-20,07:34,149000,golfpang,,,18홀,tr_220148632
스프링베일-퍼9,2026-09-20,07:34,115000,golfpang,,,18홀,tr_220145486
캐슬렉스,2026-09-20,07:28,250000,golfpang,,,18홀,tr_220326952
몽베르(대중제),2026-09-20,07:36,220000,golfpang,,,18홀,tr_219716433
샤인데일,2026-09-20,07:58,180000,golfpang,,,18홀,tr_220181275
에덴블루,2026-09-20,07:58,209000,golfpang,,,18홀,tr_220324232
빅토리아-퍼9,2026-09-20,07:52,114000,golfpang,,,18홀,tr_219153723
에델바이스(가명),2026-09-20,06:56,180000,golfpang,,,18홀,tr_220149125
한림광릉,2026-09-20,06:17,230000,golfpang,,,18홀,tr_219715718
필로스,2026-09-20,17:47,120000,golfpang,,,18홀,tr_219688797
용인플라자,2026-09-20,17:45,140000,golfpang,,,18홀,tr_219529294
필로스,2026-09-20,17:54,120000,golfpang,,,18홀,tr_219688798
골프존 송도(구.오렌지듄스),2026-09-20,17:56,139000,golfpang,,,18홀,tr_220150176
용인플라자,2026-09-20,18:05,140000,golfpang,,,18홀,tr_219529295
남춘천,2026-09-20,14:03,160000,golfpang,,,18홀,tr_220179367
스마트KU,2026-09-20,14:03,210000,golfpang,,,18홀,tr_219957090
빅토리아-퍼9,2026-09-20,17:03,89000,golfpang,,,18홀,tr_219153725
몽베르(대중제),2026-09-20,17:21,120000,golfpang,,,18홀,tr_219716432
한림광릉,2026-09-20,17:24,140000,golfpang,,,18홀,tr_219715720
용인플라자,2026-09-20,17:24,140000,golfpang,,,18홀,tr_219529296
한림광릉,2026-09-20,17:31,140000,golfpang,,,18홀,tr_220138530
양주,2026-09-20,13:20,300000,golfpang,,,18홀,tr_219370417
자유로,2026-09-20,13:30,200000,golfpang,,,18홀,tr_220209030
스마트KU,2026-09-20,13:28,210000,golfpang,,,18홀,tr_219957089
엘레강스(가명),2026-09-20,13:36,210000,golfpang,,,18홀,tr_220126478
파주타이거,2026-09-20,13:36,170000,golfpang,,,18홀,tr_219325000
여주,2026-09-20,13:53,220000,golfpang,,,18홀,tr_220174632
골프존 안성W,2026-09-20,13:52,140000,golfpang,,,18홀,tr_220327496
에덴블루,2026-09-20,14:00,190000,golfpang,,,18홀,tr_220324234
양주,2026-09-20,13:06,300000,golfpang,,,18홀,tr_219370416
몽베르(대중제),2026-09-20,13:00,190000,golfpang,,,18홀,tr_219716434
엘레강스(가명),2026-09-20,13:15,210000,golfpang,,,18홀,tr_220126477
파주타이거,2026-09-20,12:26,180000,golfpang,,,18홀,tr_219324999
히든밸리,2026-09-20,13:12,150000,golfpang,,,18홀,tr_220197900
그린힐,2026-09-20,13:50,157000,golfpang,,,18홀,tr_220521831
베뉴지,2026-09-20,08:50,160000,golfpang,,,18홀,tr_220547646
라싸,2026-09-20,08:33,189000,golfpang,,,18홀,tr_220486170
웰리힐리,2026-09-20,09:34,190000,golfpang,,,18홀,tr_220555861
동강시스타,2026-09-20,08:57,171000,golfpang,,,18홀,tr_220556261
동강시스타,2026-09-20,08:50,171000,golfpang,,,18홀,tr_220555963
웰리힐리,2026-09-20,08:14,190000,golfpang,,,18홀,tr_220555860
동강시스타,2026-09-20,17:59,171000,golfpang,,,18홀,tr_220556262
동강시스타,2026-09-20,17:59,171000,golfpang,,,18홀,tr_220555960
동강시스타,2026-09-20,06:51,171000,golfpang,,,18홀,tr_220556259
웰리힐리,2026-09-20,08:30,190000,golfpang,,,18홀,tr_220556244
동강시스타,2026-09-20,07:19,171000,golfpang,,,18홀,tr_220556260
동강시스타,2026-09-20,07:12,171000,golfpang,,,18홀,tr_220556322
웰리힐리,2026-09-20,07:10,190000,golfpang,,,18홀,tr_220556243
동강시스타,2026-09-20,07:26,171000,golfpang,,,18홀,tr_220555961
동강시스타,2026-09-20,07:26,171000,golfpang,,,18홀,tr_220555959
동강시스타,2026-09-20,07:47,171000,golfpang,,,18홀,tr_220555962
동강시스타,2026-09-20,06:37,171000,golfpang,,,18홀,tr_220555957
웰리힐리,2026-09-20,06:54,190000,golfpang,,,18홀,tr_220555859
벨라스톤,2026-09-20,18:27,80000,golfpang,,,18홀,tr_220556228
웰리힐리,2026-09-20,06:46,190000,golfpang,,,18홀,tr_220555858
클럽모우,2026-09-20,07:00,145000,golfpang,,,18홀,tr_219765816
골드,2026-09-20,18:01,119000,golfpang,,,18홀,tr_174441008
코리아,2026-09-20,18:15,129000,golfpang,,,18홀,tr_152290139
로얄링스,2026-09-20,12:34,100000,golfpang,,,18홀,tr_220547640
더크로스비,2026-09-20,13:09,180000,golfpang,,,18홀,tr_220485613
로얄링스,2026-09-20,07:59,100000,golfpang,,,18홀,tr_220547621
이븐데일,2026-09-20,08:24,104000,golfpang,,,18홀,tr_220555787
이븐데일,2026-09-20,11:31,85000,golfpang,,,18홀,tr_220555788
이븐데일,2026-09-20,17:04,55000,golfpang,,,18홀,tr_220555789
센테리움,2026-09-20,07:07,159000,golfpang,,,18홀,tr_219872614
더플레이어스,2026-09-20,07:30,160000,golfpang,,,18홀,tr_220521835
이포,2026-09-20,17:52,125000,golfpang,,,18홀,tr_220389626
비에이비스타(퍼),2026-09-20,12:08,125000,golfpang,,,18홀,tr_220394439
라싸,2026-09-20,08:40,189000,golfpang,,,18홀,tr_220547619
중원,2026-09-20,07:46,140000,golfpang,,,18홀,tr_220341997
포천힐스,2026-09-20,06:14,210000,golfpang,,,18홀,tr_220007837
써닝포인트,2026-09-20,18:18,135000,golfpang,,,18홀,tr_220548499
솔트베이,2026-09-20,18:43,149000,golfpang,,,18홀,tr_219791901
그린힐,2026-09-20,18:52,80000,golfpang,,,18홀,tr_220499643
포레스트힐,2026-09-20,18:52,110000,golfpang,,,18홀,tr_220206223
양평TPC,2026-09-20,13:57,150000,golfpang,,,18홀,tr_220401254
한림광릉,2026-09-20,17:24,140000,golfpang,,,18홀,tr_220205947
포천힐스,2026-09-20,13:20,180000,golfpang,,,18홀,tr_220007904
예미지,2026-09-20,13:29,170000,golfpang,,,18홀,tr_219790782
한림안성(퍼9),2026-09-20,13:12,130000,golfpang,,,18홀,tr_220342221
양평TPC,2026-09-20,12:40,160000,golfpang,,,18홀,tr_220401219
솔트베이,2026-09-20,12:32,230000,golfpang,,,18홀,tr_220521858
파주,2026-09-20,12:48,210000,golfpang,,,18홀,tr_220548424
중원,2026-09-20,12:44,140000,golfpang,,,18홀,tr_220342048
남양주(퍼9),2026-09-20,12:54,139000,golfpang,,,18홀,tr_220342493
파주,2026-09-20,11:52,210000,golfpang,,,18홀,tr_220548420
베뉴지,2026-09-20,08:08,170000,golfpang,,,18홀,tr_220207527
남양주(퍼9),2026-09-20,08:14,149000,golfpang,,,18홀,tr_220342379
클럽모우,2026-09-20,07:12,180000,golfpang,,,18홀,tr_220401479
포천힐스,2026-09-20,18:18,130000,golfpang,,,18홀,tr_219623766
더크로스비,2026-09-20,12:48,180000,golfpang,,,18홀,tr_220547586
골프존 화랑,2026-09-20,12:52,139000,golfpang,,,18홀,tr_220547584
동서울cc-퍼9,2026-09-20,18:45,40000,golfpang,,,18홀,tr_220555086
동서울cc-퍼9,2026-09-20,18:31,40000,golfpang,,,18홀,tr_220555085
웰리힐리,2026-09-20,07:02,190000,golfpang,,,18홀,tr_220553986
벨라스톤,2026-09-20,18:41,80000,golfpang,,,18홀,tr_220554403
동강시스타,2026-09-20,17:38,171000,golfpang,,,18홀,tr_220554117
동강시스타,2026-09-20,17:31,171000,golfpang,,,18홀,tr_220554119
동강시스타,2026-09-20,17:31,171000,golfpang,,,18홀,tr_220554116
동강시스타,2026-09-20,08:43,171000,golfpang,,,18홀,tr_220554432
동강시스타,2026-09-20,11:50,171000,golfpang,,,18홀,tr_220554115
웰리힐리,2026-09-20,07:50,190000,golfpang,,,18홀,tr_220554415
웰리힐리,2026-09-20,07:50,190000,golfpang,,,18홀,tr_220553991
웰리힐리,2026-09-20,07:50,190000,golfpang,,,18홀,tr_220553988
웰리힐리,2026-09-20,07:10,190000,golfpang,,,18홀,tr_220553987
웰리힐리,2026-09-20,06:30,190000,golfpang,,,18홀,tr_220553993
웰리힐리,2026-09-20,06:54,190000,golfpang,,,18홀,tr_220553985
동강시스타,2026-09-20,06:51,171000,golfpang,,,18홀,tr_220554480
웰리힐리,2026-09-20,06:46,190000,golfpang,,,18홀,tr_220553989
벨라스톤,2026-09-20,18:27,80000,golfpang,,,18홀,tr_220554562
웰리힐리,2026-09-20,06:22,190000,golfpang,,,18홀,tr_220553992
스마트KU,2026-09-20,13:40,210000,golfpang,,,18홀,tr_220503977
필로스,2026-09-20,17:30,120000,golfpang,,,18홀,tr_219715111
베스트밸리-퍼9,2026-09-20,18:00,120000,golfpang,,,18홀,tr_219337582
스마트KU,2026-09-20,06:40,220000,golfpang,,,18홀,tr_220503934
안성베네스트(챌),2026-09-20,07:47,199000,golfpang,,,18홀,tr_220553936
안성베네스트(챌),2026-09-20,13:52,169000,golfpang,,,18홀,tr_220553937
골프존 드래곤,2026-09-20,13:21,112000,golfpang,,,18홀,tr_220553934
포천힐스,2026-09-20,13:41,180000,golfpang,,,18홀,tr_220553915
포천힐스,2026-09-20,08:06,230000,golfpang,,,18홀,tr_220553914
포천힐스,2026-09-20,06:14,210000,golfpang,,,18홀,tr_220553913
담양레이나,2026-09-20,13:09,126000,golfpang,,,18홀,tr_220553912
함평엘리체,2026-09-20,12:48,111000,golfpang,,,18홀,tr_220553905
대영힐스,2026-09-20,18:55,59000,golfpang,,,18홀,tr_220396467
함평엘리체,2026-09-20,12:27,111000,golfpang,,,18홀,tr_220553899
어등산,2026-09-20,12:24,151000,golfpang,,,18홀,tr_220553895
유니아일랜드,2026-09-20,07:11,160000,golfpang,,,18홀,tr_220553892
중원,2026-09-20,11:50,120000,golfpang,,,18홀,tr_220396640
골프존 드래곤,2026-09-20,08:57,142000,golfpang,,,18홀,tr_220553889
석정힐,2026-09-20,08:47,141000,golfpang,,,18홀,tr_220553886
알펜시아700,2026-09-20,17:44,60000,golfpang,,,18홀,tr_220469323
인천그랜드,2026-09-20,18:00,159000,golfpang,,,18홀,tr_220468471
써닝포인트,2026-09-20,18:11,135000,golfpang,,,18홀,tr_220469026
양평TPC,2026-09-20,13:57,150000,golfpang,,,18홀,tr_220469091
한림광릉,2026-09-20,17:10,130000,golfpang,,,18홀,tr_220468688
아세코밸리-퍼9,2026-09-20,17:31,80000,golfpang,,,18홀,tr_220468436
예미지,2026-09-20,13:29,170000,golfpang,,,18홀,tr_220202956
포천힐스,2026-09-20,13:41,180000,golfpang,,,18홀,tr_220553831
클럽모우,2026-09-20,13:55,145000,golfpang,,,18홀,tr_220469628
한림안성(퍼9),2026-09-20,13:12,130000,golfpang,,,18홀,tr_220203861
솔트베이,2026-09-20,12:32,230000,golfpang,,,18홀,tr_220468922
알펜시아명문,2026-09-20,12:45,130000,golfpang,,,18홀,tr_220469279
중원,2026-09-20,12:44,140000,golfpang,,,18홀,tr_220203840
남양주(퍼9),2026-09-20,12:54,139000,golfpang,,,18홀,tr_220203828
더크로스비,2026-09-20,08:41,247000,golfpang,,,18홀,tr_220468744
샴발라,2026-09-20,11:41,180000,golfpang,,,18홀,tr_220468901
리베라,2026-09-20,18:45,110000,golfpang,,,18홀,tr_220468405
그린힐,2026-09-20,18:52,80000,golfpang,,,18홀,tr_220203876
포레스트힐,2026-09-20,18:52,110000,golfpang,,,18홀,tr_220203849
더크로스비,2026-09-20,06:35,227000,golfpang,,,18홀,tr_220468737
샴발라,2026-09-20,06:43,170000,golfpang,,,18홀,tr_220468779
스카이밸리,2026-09-20,12:15,190000,golfpang,,,18홀,tr_220470054
양평TPC,2026-09-20,08:16,180000,golfpang,,,18홀,tr_220469053
남양주(퍼9),2026-09-20,08:14,149000,golfpang,,,18홀,tr_220203827
중원,2026-09-20,08:35,140000,golfpang,,,18홀,tr_220203839
클럽모우,2026-09-20,07:12,180000,golfpang,,,18홀,tr_220203854
알펜시아700,2026-09-20,07:08,100000,golfpang,,,18홀,tr_220469297
포천힐스,2026-09-20,07:31,230000,golfpang,,,18홀,tr_220469395
클럽72-오션,2026-09-20,06:09,240000,golfpang,,,18홀,tr_220203868
오로라,2026-09-20,06:37,180000,golfpang,,,18홀,tr_220469701
솔트베이,2026-09-20,18:43,149000,golfpang,,,18홀,tr_220468929
일레븐,2026-09-20,17:51,55000,golfpang,,,18홀,tr_220396634
웅포,2026-09-20,08:43,141000,golfpang,,,18홀,tr_220553883
샤인데일,2026-09-20,18:05,70000,golfpang,,,18홀,tr_220002101
이지스카이,2026-09-20,18:29,61000,golfpang,,,18홀,tr_220553881
일레븐,2026-09-20,18:40,80000,golfpang,,,18홀,tr_220545635
전주샹그릴라,2026-09-20,08:39,131000,golfpang,,,18홀,tr_220553880
샤인데일,2026-09-20,07:44,180000,golfpang,,,18홀,tr_220127225
엠스클럽 의성,2026-09-20,17:39,76000,golfpang,,,18홀,tr_220553876
고창,2026-09-20,07:33,136000,golfpang,,,18홀,tr_220553875
남양주(퍼9),2026-09-20,17:00,109000,golfpang,,,18홀,tr_220114688
골프존 청통,2026-09-20,13:44,112999,golfpang,,,18홀,tr_220553874
남양주(퍼9),2026-09-20,07:14,149000,golfpang,,,18홀,tr_219751112
전주샹그릴라,2026-09-20,07:29,131000,golfpang,,,18홀,tr_220553871
남양주(퍼9),2026-09-20,12:00,139000,golfpang,,,18홀,tr_218357913
오로라,2026-09-20,17:42,80000,golfpang,,,18홀,tr_220190220
남안동,2026-09-20,12:57,141000,golfpang,,,18홀,tr_220553834
코리아,2026-09-20,18:22,129000,golfpang,,,18홀,tr_220548127
골드,2026-09-20,18:22,119000,golfpang,,,18홀,tr_220548120
골드,2026-09-20,18:36,119000,golfpang,,,18홀,tr_220548123
코리아,2026-09-20,18:15,129000,golfpang,,,18홀,tr_220010537
골드,2026-09-20,18:15,119000,golfpang,,,18홀,tr_217982806
코리아,2026-09-20,18:36,129000,golfpang,,,18홀,tr_217982847
함평엘리체,2026-09-20,07:07,111000,golfpang,,,18홀,tr_220553829
스톤비치,2026-09-20,17:30,70000,golfpang,,,18홀,tr_218576065
해솔리아,2026-09-20,12:23,160000,golfpang,,,18홀,tr_220396447
한맥,2026-09-20,12:02,141000,golfpang,,,18홀,tr_220553826
비에이비스타(퍼),2026-09-20,12:50,150000,golfpang,,,18홀,tr_220553822
빅토리아-퍼9,2026-09-20,17:45,89000,golfpang,,,18홀,tr_220002097
스톤비치,2026-09-20,12:55,110000,golfpang,,,18홀,tr_218131839
스프링베일-퍼9,2026-09-20,17:43,80000,golfpang,,,18홀,tr_220548517
스톤비치,2026-09-20,08:40,120000,golfpang,,,18홀,tr_217708212
골프존 드래곤,2026-09-20,06:44,122000,golfpang,,,18홀,tr_220548516
석정힐,2026-09-20,06:41,131000,golfpang,,,18홀,tr_220548515
오너스,2026-09-20,14:00,135000,golfpang,,,18홀,tr_218357157
한림용인,2026-09-20,17:38,130000,golfpang,,,18홀,tr_219999574
푸른솔장성,2026-09-20,06:31,151000,golfpang,,,18홀,tr_220548509
프린세스,2026-09-20,13:35,140000,golfpang,,,18홀,tr_220118530
모나크,2026-09-20,12:56,140000,golfpang,,,18홀,tr_220301855
킹스데일,2026-09-20,12:56,170000,golfpang,,,18홀,tr_218999272
솔라고,2026-09-20,13:07,140000,golfpang,,,18홀,tr_220085483
백제,2026-09-20,13:05,130000,golfpang,,,18홀,tr_219840093
힐데스하임,2026-09-20,13:19,150000,golfpang,,,18홀,tr_220105612
예미지,2026-09-20,13:15,170000,golfpang,,,18홀,tr_220395609
골프존 화랑,2026-09-20,13:13,129000,golfpang,,,18홀,tr_220403600
예미지,2026-09-20,12:05,175000,golfpang,,,18홀,tr_220395608
로얄링스,2026-09-20,12:27,160000,golfpang,,,18홀,tr_217828528
올데이,2026-09-20,12:20,89000,golfpang,,,18홀,tr_220504596
떼제베(동북),2026-09-20,12:53,120000,golfpang,,,18홀,tr_220126014
골프존 화랑,2026-09-20,08:40,149000,golfpang,,,18홀,tr_220403599
스타,2026-09-20,11:37,170000,golfpang,,,18홀,tr_220502467
대호단양,2026-09-20,11:59,169000,golfpang,,,18홀,tr_219788174
골든베이,2026-09-20,11:53,130000,golfpang,,,18홀,tr_218960568
감곡,2026-09-20,11:50,180000,golfpang,,,18홀,tr_218862262
로얄링스,2026-09-20,08:27,160000,golfpang,,,18홀,tr_217828527
골든베이,2026-09-20,08:22,150000,golfpang,,,18홀,tr_218960567
센테리움,2026-09-20,08:31,199000,golfpang,,,18홀,tr_220324431
중원,2026-09-20,08:28,140000,golfpang,,,18홀,tr_220420317
대호단양,2026-09-20,07:31,169000,golfpang,,,18홀,tr_219788173
킹스데일,2026-09-20,07:47,180000,golfpang,,,18홀,tr_218999273
골프존 진천,2026-09-20,07:38,159000,golfpang,,,18홀,tr_220217422
떼제베,2026-09-20,07:35,170000,golfpang,,,18홀,tr_219993304
센테리움,2026-09-20,07:56,159000,golfpang,,,18홀,tr_220261185
스타,2026-09-20,06:23,160000,golfpang,,,18홀,tr_220502466
힐데스하임,2026-09-20,06:52,150000,golfpang,,,18홀,tr_220105611
올데이,2026-09-20,07:07,99000,golfpang,,,18홀,tr_220504595
떼제베(동북),2026-09-20,07:00,120000,golfpang,,,18홀,tr_220126013
감곡,2026-09-20,06:58,190000,golfpang,,,18홀,tr_218862261
파인스톤,2026-09-20,06:56,220000,golfpang,,,18홀,tr_219562188
프린세스,2026-09-20,06:55,145000,golfpang,,,18홀,tr_220118529
떼제베,2026-09-20,13:35,160000,golfpang,,,18홀,tr_219993305
플라밍고,2026-09-20,13:32,150000,golfpang,,,18홀,tr_220125321
플라밍고,2026-09-20,06:20,160000,golfpang,,,18홀,tr_220125320
모나크,2026-09-20,06:18,150000,golfpang,,,18홀,tr_220301854
비발디파크W,2026-09-20,06:57,200000,golfpang,,,18홀,tr_218674635
자유로,2026-09-20,13:30,200000,golfpang,,,18홀,tr_220115071
베스트밸리-퍼9,2026-09-20,12:56,160000,golfpang,,,18홀,tr_220106926
엘레강스(가명),2026-09-20,13:15,220000,golfpang,,,18홀,tr_220306995
스프링베일-퍼9,2026-09-20,13:25,95000,golfpang,,,18홀,tr_219599912
가평(비공개),2026-09-20,12:42,230000,golfpang,,,18홀,tr_218581306
푸른솔포천,2026-09-20,12:52,230000,golfpang,,,18홀,tr_219165336
남양주(퍼9),2026-09-20,11:47,139000,golfpang,,,18홀,tr_219571242
엘레강스(가명),2026-09-20,11:30,220000,golfpang,,,18홀,tr_220306994
세레니티-강촌,2026-09-20,11:53,180000,golfpang,,,18홀,tr_219009202
오너스,2026-09-20,12:12,170000,golfpang,,,18홀,tr_220324338
스프링베일-퍼9,2026-09-20,08:23,110000,golfpang,,,18홀,tr_219599911
자유로,2026-09-20,07:14,230000,golfpang,,,18홀,tr_220115070
라데나,2026-09-20,07:13,190000,golfpang,,,18홀,tr_220278786
남양주(퍼9),2026-09-20,07:34,149000,golfpang,,,18홀,tr_219571241
비발디파크W,2026-09-20,07:25,208000,golfpang,,,18홀,tr_218674636
베스트밸리-퍼9,2026-09-20,07:50,170000,golfpang,,,18홀,tr_220106925
서원힐스,2026-09-20,05:39,230000,golfpang,,,18홀,tr_219769604
스마트KU,2026-09-20,06:37,240000,golfpang,,,18홀,tr_220260290
라데나,2026-09-20,06:52,190000,golfpang,,,18홀,tr_220278787
세레니티-강촌,2026-09-20,06:49,200000,golfpang,,,18홀,tr_219009201
파주타이거,2026-09-20,07:03,190000,golfpang,,,18홀,tr_220422485
스마트KU,2026-09-20,13:21,210000,golfpang,,,18홀,tr_220260291
푸른솔포천,2026-09-20,06:21,240000,golfpang,,,18홀,tr_219165335
필로스,2026-09-20,17:40,120000,golfpang,,,18홀,tr_220397963
떼제베,2026-09-20,17:27,110000,golfpang,,,18홀,tr_220003113
떼제베(동북),2026-09-20,11:50,90000,golfpang,,,18홀,tr_220396494
파크밸리,2026-09-20,06:56,139000,golfpang,,,18홀,tr_220485787
골프존 송도(구.오렌지듄스),2026-09-20,13:29,179000,golfpang,,,18홀,tr_220238992
골프존 송도(구.오렌지듄스),2026-09-20,13:29,179000,golfpang,,,18홀,tr_220204020
라데나,2026-09-20,11:11,240000,golfpang,,,18홀,tr_219614078
라데나,2026-09-20,07:48,240000,golfpang,,,18홀,tr_219614068
경춘(비공개),2026-09-20,13:29,153000,golfpang,,,18홀,tr_220493860
포천힐스,2026-09-20,13:48,180000,golfpang,,,18홀,tr_220548392
포천힐스,2026-09-20,13:55,180000,golfpang,,,18홀,tr_220548393
포천힐스,2026-09-20,13:41,180000,golfpang,,,18홀,tr_220548391
일레븐,2026-09-20,17:58,85000,golfpang,,,18홀,tr_220545632
세레니티cc,2026-09-20,18:34,120000,golfpang,,,18홀,tr_220546258
라데나,2026-09-20,06:17,190000,golfpang,,,18홀,tr_220485811
속리산cc,2026-09-20,14:14,110000,golfpang,,,18홀,tr_220305041
클럽모우,2026-09-20,12:59,165000,golfpang,,,18홀,tr_220485864
경춘(비공개),2026-09-20,08:22,150000,golfpang,,,18홀,tr_220493704
일레븐,2026-09-20,18:05,55000,golfpang,,,18홀,tr_220052082
골프존 안성H,2026-09-20,14:20,190000,golfpang,,,18홀,tr_220499763
골프존 안성H,2026-09-20,14:00,180000,golfpang,,,18홀,tr_220218575
골프존 안성H,2026-09-20,14:20,170000,golfpang,,,18홀,tr_220218288
일레븐,2026-09-20,17:58,55000,golfpang,,,18홀,tr_220052083
일레븐,2026-09-20,17:51,55000,golfpang,,,18홀,tr_220052081
이븐데일,2026-09-20,12:13,85000,golfpang,,,18홀,tr_220548356
이븐데일,2026-09-20,18:00,50000,golfpang,,,18홀,tr_220548357
해솔리아,2026-09-20,07:17,170000,golfpang,,,18홀,tr_220483911
유니아일랜드,2026-09-20,07:11,160000,golfpang,,,18홀,tr_220485198
360도,2026-09-20,06:22,160000,golfpang,,,18홀,tr_220398185
유니아일랜드,2026-09-20,06:01,140000,golfpang,,,18홀,tr_220485197
아세코밸리-퍼9,2026-09-20,12:37,130000,golfpang,,,18홀,tr_220327561
아세코밸리-퍼9,2026-09-20,12:37,130000,golfpang,,,18홀,tr_220327562
해솔리아,2026-09-20,12:09,160000,golfpang,,,18홀,tr_220483912
유니아일랜드,2026-09-20,12:11,150000,golfpang,,,18홀,tr_220485199
양지파인,2026-09-20,12:14,170000,golfpang,,,18홀,tr_220485324
한림용인,2026-09-20,13:32,170000,golfpang,,,18홀,tr_220420394
한림용인,2026-09-20,13:32,170000,golfpang,,,18홀,tr_220420395
360도,2026-09-20,12:52,177000,golfpang,,,18홀,tr_220398186
양평TPC,2026-09-20,14:04,150000,golfpang,,,18홀,tr_220431300
그린힐,2026-09-20,18:10,90000,golfpang,,,18홀,tr_220345469
그린힐,2026-09-20,18:10,90000,golfpang,,,18홀,tr_220345470
해솔리아,2026-09-20,18:04,110000,golfpang,,,18홀,tr_220483913
베스트밸리-퍼9,2026-09-20,18:02,120000,golfpang,,,18홀,tr_220236193
필로스,2026-09-20,18:00,110000,golfpang,,,18홀,tr_220422790
파주타이거,2026-09-20,17:59,150000,golfpang,,,18홀,tr_220484760
남춘천,2026-09-20,14:17,160000,golfpang,,,18홀,tr_220383146
클럽모우,2026-09-20,14:16,145000,golfpang,,,18홀,tr_220484860
남양주(퍼9),2026-09-20,16:34,109000,golfpang,,,18홀,tr_220128756
파주타이거,2026-09-20,17:23,150000,golfpang,,,18홀,tr_220484758
코브스윙,2026-09-20,13:41,170000,golfpang,,,18홀,tr_220484318
코브스윙,2026-09-20,13:55,170000,golfpang,,,18홀,tr_220484319
클럽모우,2026-09-20,13:55,145000,golfpang,,,18홀,tr_220484859
더플레이어스,2026-09-20,07:02,180000,golfpang,,,18홀,tr_220152506
스마트KU,2026-09-20,14:03,230000,golfpang,,,18홀,tr_220211816
스프링베일-퍼9,2026-09-20,07:41,110000,golfpang,,,18홀,tr_220117921
포천힐스,2026-09-20,13:13,200000,golfpang,,,18홀,tr_220205384
스프링베일-퍼9,2026-09-20,13:25,95000,golfpang,,,18홀,tr_220117922
스마트KU,2026-09-20,13:21,230000,golfpang,,,18홀,tr_220211815
포천힐스,2026-09-20,13:34,200000,golfpang,,,18홀,tr_220205385
베스트밸리-퍼9,2026-09-20,07:50,170000,golfpang,,,18홀,tr_220236192
더플레이어스,2026-09-20,08:05,180000,golfpang,,,18홀,tr_220152507
푸른솔포천,2026-09-20,06:07,220000,golfpang,,,18홀,tr_219872451
남춘천,2026-09-20,12:13,180000,golfpang,,,18홀,tr_220383145
남양주(퍼9),2026-09-20,07:34,149000,golfpang,,,18홀,tr_220128754
몽베르(대중제),2026-09-20,17:42,120000,golfpang,,,18홀,tr_220260980
몽베르(대중제),2026-09-20,17:42,120000,golfpang,,,18홀,tr_220260981
한림광릉,2026-09-20,17:45,130000,golfpang,,,18홀,tr_220422691
파주타이거,2026-09-20,17:35,150000,golfpang,,,18홀,tr_220484759
스프링베일-퍼9,2026-09-20,17:36,80000,golfpang,,,18홀,tr_220117923
한림광릉,2026-09-20,17:31,130000,golfpang,,,18홀,tr_220422690
베스트밸리-퍼9,2026-09-20,18:30,120000,golfpang,,,18홀,tr_220236194
한림광릉,2026-09-20,18:20,130000,golfpang,,,18홀,tr_220422692
필로스,2026-09-20,18:20,110000,golfpang,,,18홀,tr_220422792
필로스,2026-09-20,18:14,110000,golfpang,,,18홀,tr_220422791
포천힐스,2026-09-20,06:35,220000,golfpang,,,18홀,tr_220205383
남양주(퍼9),2026-09-20,12:40,139000,golfpang,,,18홀,tr_220128755
라싸,2026-09-20,18:07,119000,golfpang,,,18홀,tr_220518671
라싸,2026-09-20,17:46,119000,golfpang,,,18홀,tr_220518670
라싸,2026-09-20,18:35,119000,golfpang,,,18홀,tr_220518672
일레븐,2026-09-20,18:33,65000,golfpang,,,18홀,tr_220422597
파인스톤,2026-09-20,18:39,120000,golfpang,,,18홀,tr_219872783
대영힐스,2026-09-20,19:02,59000,golfpang,,,18홀,tr_220547136
힐데스하임,2026-09-20,18:56,70000,golfpang,,,18홀,tr_220523039
대영힐스,2026-09-20,18:55,59000,golfpang,,,18홀,tr_220547135
힐데스하임,2026-09-20,19:19,60000,golfpang,,,18홀,tr_220523040
모나크,2026-09-20,18:16,90000,golfpang,,,18홀,tr_220233241
임페리얼레이크,2026-09-20,18:15,79000,golfpang,,,18홀,tr_220548006
파인스톤,2026-09-20,18:18,130000,golfpang,,,18홀,tr_219872782
대영힐스,2026-09-20,17:38,85000,golfpang,,,18홀,tr_220547134
블랙스톤벨포레,2026-09-20,17:44,50000,golfpang,,,18홀,tr_220484123
일레븐,2026-09-20,17:44,65000,golfpang,,,18홀,tr_220422595
올데이,2026-09-20,17:47,59000,golfpang,,,18홀,tr_220548104
일레븐,2026-09-20,18:05,65000,golfpang,,,18홀,tr_220422596
킹스데일,2026-09-20,14:20,160000,golfpang,,,18홀,tr_220398225
로얄포레,2026-09-20,16:51,89000,golfpang,,,18홀,tr_220547806
파인스톤,2026-09-20,16:40,140000,golfpang,,,18홀,tr_219872781
임페리얼레이크,2026-09-20,17:26,89000,golfpang,,,18홀,tr_220548005
로얄포레,2026-09-20,17:26,79000,golfpang,,,18홀,tr_220547807
모나크,2026-09-20,13:31,140000,golfpang,,,18홀,tr_220233240
감곡,2026-09-20,13:56,150000,golfpang,,,18홀,tr_220339263
감곡,2026-09-20,13:56,150000,golfpang,,,18홀,tr_220339262
속리산cc,2026-09-20,14:00,120000,golfpang,,,18홀,tr_219985788
백제,2026-09-20,14:15,120000,golfpang,,,18홀,tr_220422917
중원,2026-09-20,12:44,140000,golfpang,,,18홀,tr_220548041
중원,2026-09-20,12:44,140000,golfpang,,,18홀,tr_220548040
로얄포레,2026-09-20,12:55,109000,golfpang,,,18홀,tr_220547805
모나크,2026-09-20,12:56,140000,golfpang,,,18홀,tr_220233239
백제,2026-09-20,13:19,130000,golfpang,,,18홀,tr_220422916
대영베이스,2026-09-20,13:26,139000,golfpang,,,18홀,tr_220543233
대영베이스,2026-09-20,13:26,139000,golfpang,,,18홀,tr_220543235
대영베이스,2026-09-20,13:26,139000,golfpang,,,18홀,tr_220543234
속리산cc,2026-09-20,13:32,130000,golfpang,,,18홀,tr_219985787
임페리얼레이크,2026-09-20,11:31,139000,golfpang,,,18홀,tr_220548004
올데이,2026-09-20,12:20,89000,golfpang,,,18홀,tr_220548103
속리산cc,2026-09-20,12:22,130000,golfpang,,,18홀,tr_219985786
모카cc,2026-09-20,08:39,130000,golfpang,,,18홀,tr_220504895
모카cc,2026-09-20,08:39,130000,golfpang,,,18홀,tr_220504894
올데이,2026-09-20,07:14,99000,golfpang,,,18홀,tr_220548102
힐데스하임,2026-09-20,18:26,75000,golfpang,,,18홀,tr_220523038
블랙스톤벨포레,2026-09-20,18:33,40000,golfpang,,,18홀,tr_220484125
옥스필드,2026-09-20,07:28,89000,golfpang,,,18홀,tr_220547899
알프스대영,2026-09-20,18:32,40000,golfpang,,,18홀,tr_220547595
알펜시아700,2026-09-20,06:54,90000,golfpang,,,18홀,tr_220198657
동서울cc-퍼9,2026-09-20,06:38,69000,golfpang,,,18홀,tr_220387327
알펜시아700,2026-09-20,18:05,50000,golfpang,,,18홀,tr_220198659
벨라스톤,2026-09-20,18:13,80000,golfpang,,,18홀,tr_220206611
동서울cc-퍼9,2026-09-20,18:17,40000,golfpang,,,18홀,tr_220387329
오로라,2026-09-20,18:22,80000,golfpang,,,18홀,tr_220306245
옥스필드,2026-09-20,17:33,69000,golfpang,,,18홀,tr_220547901
알프스대영,2026-09-20,17:50,49000,golfpang,,,18홀,tr_220547594
웰리힐리,2026-09-20,14:30,140000,golfpang,,,18홀,tr_218134995
알프스대영,2026-09-20,17:15,59000,golfpang,,,18홀,tr_220547593
오로라,2026-09-20,17:34,80000,golfpang,,,18홀,tr_220306244
알펜시아700,2026-09-20,13:52,90000,golfpang,,,18홀,tr_220198658
오로라,2026-09-20,13:49,130000,golfpang,,,18홀,tr_220306243
옥스필드,2026-09-20,12:55,99000,golfpang,,,18홀,tr_220547900
벨라스톤,2026-09-20,13:00,159000,golfpang,,,18홀,tr_220206610
알펜시아명문,2026-09-20,12:59,130000,golfpang,,,18홀,tr_220199056
동서울cc-퍼9,2026-09-20,13:10,69000,golfpang,,,18홀,tr_220387328
알펜시아명문,2026-09-20,12:17,130000,golfpang,,,18홀,tr_220199055
알펜시아명문,2026-09-20,06:28,100000,golfpang,,,18홀,tr_220199054
벨라스톤,2026-09-20,06:21,149000,golfpang,,,18홀,tr_220206609
골든베이,2026-09-20,07:35,150000,golfpang,,,18홀,tr_219791488
스프링베일-퍼9,2026-09-20,07:55,110000,golfpang,,,18홀,tr_220548326
스프링베일-퍼9,2026-09-20,06:59,100000,golfpang,,,18홀,tr_220548325
오너스,2026-09-20,08:30,150000,golfpang,,,18홀,tr_220400327
클럽모우,2026-09-20,06:50,155000,golfpang,,,18홀,tr_217463137
킹스데일,2026-09-20,08:40,195000,golfpang,,,18홀,tr_220548312
베뉴지,2026-09-20,13:40,159000,golfpang,,,18홀,tr_219584059
일레븐,2026-09-20,17:58,55000,golfpang,,,18홀,tr_220548285
클럽72,2026-09-20,19:00,110000,golfpang,,,18홀,tr_219591348
클럽72,2026-09-20,13:03,180000,golfpang,,,18홀,tr_219591341
프린세스,2026-09-20,12:20,140000,golfpang,,,18홀,tr_219584722
올데이,2026-09-20,12:20,89000,golfpang,,,18홀,tr_219711336
일레븐,2026-09-20,17:51,55000,golfpang,,,18홀,tr_220548284
일레븐,2026-09-20,18:26,55000,golfpang,,,18홀,tr_220548286
올데이,2026-09-20,18:00,50000,golfpang,,,18홀,tr_220219125
옥스필드,2026-09-20,13:10,99000,golfpang,,,18홀,tr_219933871
클럽모우,2026-09-20,06:50,165000,golfpang,,,18홀,tr_218246525
로얄링스,2026-09-20,12:48,100000,golfpang,,,18홀,tr_220548283
블루원용인(퍼),2026-09-20,13:52,140000,golfpang,,,18홀,tr_220218468
블루원용인(퍼),2026-09-20,17:47,90000,golfpang,,,18홀,tr_220548271
파주,2026-09-20,12:20,210000,golfpang,,,18홀,tr_220396024
파주,2026-09-20,11:45,210000,golfpang,,,18홀,tr_220547570
라싸,2026-09-20,08:40,189000,golfpang,,,18홀,tr_219813345
킹스데일,2026-09-20,08:40,195000,golfpang,,,18홀,tr_220420364
중원,2026-09-20,08:35,140000,golfpang,,,18홀,tr_220396019
스톤비치,2026-09-20,07:52,130000,golfpang,,,18홀,tr_219993783
중원,2026-09-20,07:46,140000,golfpang,,,18홀,tr_220396018
스톤비치,2026-09-20,06:42,110000,golfpang,,,18홀,tr_219968760
더플레이어스,2026-09-20,06:34,160000,golfpang,,,18홀,tr_220396022
킹즈락,2026-09-20,17:38,80000,golfpang,,,18홀,tr_219529718
킹즈락,2026-09-20,11:47,135000,golfpang,,,18홀,tr_219529717
킹즈락,2026-09-20,07:48,135000,golfpang,,,18홀,tr_219529716
일레븐,2026-09-20,18:05,55000,golfpang,,,18홀,tr_220548234
임페리얼레이크,2026-09-20,17:26,89000,golfpang,,,18홀,tr_220548211
임페리얼레이크,2026-09-20,11:31,139000,golfpang,,,18홀,tr_220548210
임페리얼레이크,2026-09-20,18:15,79000,golfpang,,,18홀,tr_220548212
일레븐,2026-09-20,17:51,55000,golfpang,,,18홀,tr_220548208
더플레이어스,2026-09-20,07:37,160000,golfpang,,,18홀,tr_220211312
한림용인,2026-09-20,18:13,133000,golfpang,,,18홀,tr_220486099
남춘천,2026-09-20,08:43,190000,golfpang,,,18홀,tr_220211323
오너스,2026-09-20,08:07,159000,golfpang,,,18홀,tr_220211319
비에이비스타(퍼),2026-09-20,18:13,85000,golfpang,,,18홀,tr_220485790
클럽72,2026-09-20,18:18,120000,golfpang,,,18홀,tr_220485976
신안,2026-09-20,18:17,100000,golfpang,,,18홀,tr_220394070
한림용인,2026-09-20,17:31,138000,golfpang,,,18홀,tr_220486020
필로스,2026-09-20,17:40,120000,golfpang,,,18홀,tr_220496932
블랙스톤벨포레,2026-09-20,16:55,60000,golfpang,,,18홀,tr_220499638
파주,2026-09-20,17:13,150000,golfpang,,,18홀,tr_220494268
블랙스톤벨포레,2026-09-20,17:23,50000,golfpang,,,18홀,tr_220394067
골프존 천안,2026-09-20,13:54,161000,golfpang,,,18홀,tr_220497034
양평TPC,2026-09-20,13:57,150000,golfpang,,,18홀,tr_220485922
시그너스,2026-09-20,13:56,160000,golfpang,,,18홀,tr_220499733
클럽72,2026-09-20,14:01,190000,golfpang,,,18홀,tr_220485953
가평프리스틴밸리,2026-09-20,12:56,220000,golfpang,,,18홀,tr_220494273
골프존 안성W,2026-09-20,12:56,150000,golfpang,,,18홀,tr_220485302
골프존 화랑,2026-09-20,12:52,139000,golfpang,,,18홀,tr_220398079
진천(비공개),2026-09-20,13:26,170000,golfpang,,,18홀,tr_220499837
플라밍고,2026-09-20,13:25,140000,golfpang,,,18홀,tr_220502523
골프존 송도(구.오렌지듄스),2026-09-20,13:22,179000,golfpang,,,18홀,tr_220211289
파주,2026-09-20,12:20,210000,golfpang,,,18홀,tr_220494189
비에이비스타(퍼),2026-09-20,12:15,125000,golfpang,,,18홀,tr_220485676
벨라스톤,2026-09-20,12:32,130000,golfpang,,,18홀,tr_220485254
스톤비치,2026-09-20,12:27,110000,golfpang,,,18홀,tr_220499673
로얄링스,2026-09-20,12:48,100000,golfpang,,,18홀,tr_220394026
스톤비치,2026-09-20,07:52,130000,golfpang,,,18홀,tr_220499667
로얄링스,2026-09-20,07:52,100000,golfpang,,,18홀,tr_220212721
포천힐스,2026-09-20,06:21,210000,golfpang,,,18홀,tr_220548153
포천힐스,2026-09-20,07:31,230000,golfpang,,,18홀,tr_220548154
포천힐스,2026-09-20,13:20,180000,golfpang,,,18홀,tr_220548155
골프존 천안,2026-09-20,14:08,139000,golfpang,,,18홀,tr_220548137
스프링베일-퍼9,2026-09-20,06:38,95000,golfpang,,,18홀,tr_219999826
스톤비치,2026-09-20,08:13,120000,golfpang,,,18홀,tr_219156815
골프존 화랑,2026-09-20,07:51,149000,golfpang,,,18홀,tr_220548144
오너스,2026-09-20,13:43,150000,golfpang,,,18홀,tr_219156713
골프존 진천,2026-09-20,13:42,131000,golfpang,,,18홀,tr_218670110
스톤비치,2026-09-20,13:09,110000,golfpang,,,18홀,tr_220547451
클럽72,2026-09-20,19:00,110000,golfpang,,,18홀,tr_220391864
클럽72,2026-09-20,17:50,130000,golfpang,,,18홀,tr_220391862
클럽72,2026-09-20,18:11,120000,golfpang,,,18홀,tr_220391863
양지파인,2026-09-20,13:50,150000,golfpang,,,18홀,tr_219621244
아세코밸리-퍼9,2026-09-20,17:31,80000,golfpang,,,18홀,tr_220420893
아세코밸리-퍼9,2026-09-20,18:06,80000,golfpang,,,18홀,tr_220327534
아세코밸리-퍼9,2026-09-20,17:03,80000,golfpang,,,18홀,tr_220327535
일레븐,2026-09-20,17:20,55000,golfpang,,,18홀,tr_220548078
더크로스비,2026-09-20,12:48,180000,golfpang,,,18홀,tr_220346765
빅토리아-퍼9,2026-09-20,17:10,89000,golfpang,,,18홀,tr_220548054
빅토리아-퍼9,2026-09-20,12:32,114000,golfpang,,,18홀,tr_220548053
빅토리아-퍼9,2026-09-20,06:00,114000,golfpang,,,18홀,tr_220548052
남춘천,2026-09-20,12:34,180000,golfpang,,,18홀,tr_220548027
남춘천,2026-09-20,12:27,180000,golfpang,,,18홀,tr_220548026
한림광릉,2026-09-20,17:10,130000,golfpang,,,18홀,tr_220547941
한림광릉,2026-09-20,17:31,130000,golfpang,,,18홀,tr_220547942
한림광릉,2026-09-20,18:06,130000,golfpang,,,18홀,tr_220547943
백제,2026-09-20,13:41,130000,golfpang,,,18홀,tr_220462923
백제,2026-09-20,13:51,130000,golfpang,,,18홀,tr_220462969
베르힐(영종),2026-09-20,17:51,170000,golfpang,,,18홀,tr_220463203
코브스윙,2026-09-20,13:41,170000,golfpang,,,18홀,tr_220547879
코브스윙,2026-09-20,13:55,170000,golfpang,,,18홀,tr_220547880
비에이비스타(퍼),2026-09-20,12:01,130000,golfpang,,,18홀,tr_218347010
비에이비스타(퍼),2026-09-20,07:52,160000,golfpang,,,18홀,tr_218335889
블루원용인,2026-09-20,18:08,120000,golfpang,,,18홀,tr_220504289
용인(비공개),2026-09-20,13:52,210000,golfpang,,,18홀,tr_218570035
양평TPC,2026-09-20,07:35,180000,golfpang,,,18홀,tr_220436999
블루원용인,2026-09-20,17:54,120000,golfpang,,,18홀,tr_219671148
베르힐(영종),2026-09-20,18:31,160000,golfpang,,,18홀,tr_220463269
이븐데일,2026-09-20,12:27,85000,golfpang,,,18홀,tr_220547854
이븐데일,2026-09-20,07:21,99000,golfpang,,,18홀,tr_220547852
이븐데일,2026-09-20,08:30,85000,golfpang,,,18홀,tr_220547853
더플레이어스,2026-09-20,08:05,180000,golfpang,,,18홀,tr_220547839
더플레이어스,2026-09-20,07:16,180000,golfpang,,,18홀,tr_220547838
남춘천,2026-09-20,14:10,160000,golfpang,,,18홀,tr_220547824
남춘천,2026-09-20,11:59,180000,golfpang,,,18홀,tr_220547823
속리산cc,2026-09-20,14:11,110000,golfpang,,,18홀,tr_220505192
속리산cc,2026-09-20,14:15,110000,golfpang,,,18홀,tr_220505320
임페리얼레이크,2026-09-20,11:46,139000,golfpang,,,18홀,tr_220262320
떼제베(동북),2026-09-20,06:00,100000,golfpang,,,18홀,tr_220241207
클럽모우,2026-09-20,06:47,165000,golfpang,,,18홀,tr_220241147
알펜시아700,2026-09-20,07:00,90000,golfpang,,,18홀,tr_220241224
알펜시아700,2026-09-20,13:57,90000,golfpang,,,18홀,tr_220241276
클럽모우,2026-09-20,13:28,165000,golfpang,,,18홀,tr_220241481
킹스데일,2026-09-20,07:40,180000,golfpang,,,18홀,tr_220241153
오너스,2026-09-20,08:31,150000,golfpang,,,18홀,tr_220241260
옥스필드,2026-09-20,12:40,99000,golfpang,,,18홀,tr_220262230
포웰(안성)cc,2026-09-20,19:08,65000,golfpang,,,18홀,tr_220241495
알펜시아명문,2026-09-20,12:13,130000,golfpang,,,18홀,tr_220241327
클럽72,2026-09-20,13:04,180000,golfpang,,,18홀,tr_220241415
속리산cc,2026-09-20,14:07,130000,golfpang,,,18홀,tr_220547769
속리산cc,2026-09-20,14:07,130000,golfpang,,,18홀,tr_220547771
속리산cc,2026-09-20,14:07,130000,golfpang,,,18홀,tr_220547770
이븐데일,2026-09-20,12:20,85000,golfpang,,,18홀,tr_220547766
이븐데일,2026-09-20,07:21,99000,golfpang,,,18홀,tr_220547734
이븐데일,2026-09-20,12:27,85000,golfpang,,,18홀,tr_220547735
이븐데일,2026-09-20,17:25,55000,golfpang,,,18홀,tr_220547736
라싸,2026-09-20,17:32,119000,golfpang,,,18홀,tr_220521504
라싸,2026-09-20,18:00,119000,golfpang,,,18홀,tr_220521505
라싸,2026-09-20,13:49,159000,golfpang,,,18홀,tr_220521503
이천실크밸리,2026-09-20,18:31,75000,golfpang,,,18홀,tr_220547701
이천실크밸리,2026-09-20,17:56,75000,golfpang,,,18홀,tr_220547700
라싸,2026-09-20,18:35,119000,golfpang,,,18홀,tr_220547681
라싸,2026-09-20,17:53,119000,golfpang,,,18홀,tr_220547679
라싸,2026-09-20,18:07,119000,golfpang,,,18홀,tr_220547680
아세코밸리-퍼9,2026-09-20,11:48,140000,golfpang,,,18홀,tr_219372414
한림용인,2026-09-20,17:17,140000,golfpang,,,18홀,tr_219468602
힐마루 포천,2026-09-20,17:10,140000,golfpang,,,18홀,tr_220057110
모나크,2026-09-20,12:56,140000,golfpang,,,18홀,tr_220255873
한림용인,2026-09-20,17:00,140000,golfpang,,,18홀,tr_219813507
기흥(비공개),2026-09-20,13:00,260000,golfpang,,,18홀,tr_219149621
용인플라자,2026-09-20,17:00,120000,golfpang,,,18홀,tr_219527150
파인크리크,2026-09-20,13:40,180000,golfpang,,,18홀,tr_219821677
용인플라자,2026-09-20,08:30,260000,golfpang,,,18홀,tr_220306666
용인플라자,2026-09-20,12:50,290000,golfpang,,,18홀,tr_217884136
포레스트힐,2026-09-20,06:51,169000,golfpang,,,18홀,tr_220212392
해솔리아,2026-09-20,12:09,160000,golfpang,,,18홀,tr_220403348
클럽D 거창,2026-09-20,07:44,90000,golfpang,,,18홀,tr_220547624
클럽D 거창,2026-09-20,12:36,95000,golfpang,,,18홀,tr_220547625
블랙스톤벨포레,2026-09-20,18:19,40000,golfpang,,,18홀,tr_220547543
블랙스톤벨포레,2026-09-20,17:37,50000,golfpang,,,18홀,tr_220547542
블랙스톤벨포레,2026-09-20,18:26,40000,golfpang,,,18홀,tr_220547544
스프링베일-퍼9,2026-09-20,17:20,80000,golfpang,,,18홀,tr_219342090
스톤비치,2026-09-20,13:30,150000,golfpang,,,18홀,tr_220542592
대호단양,2026-09-20,07:59,169000,golfpang,,,18홀,tr_220546995
파인스톤,2026-09-20,07:10,200000,golfpang,,,18홀,tr_220546580
로얄링스,2026-09-20,13:16,160000,golfpang,,,18홀,tr_220543575
에스앤-퍼9,2026-09-20,07:52,80000,golfpang,,,18홀,tr_220540940
이븐데일,2026-09-20,11:30,85000,golfpang,,,18홀,tr_220547304
스프링베일-퍼9,2026-09-20,17:22,80000,golfpang,,,18홀,tr_218988263
백제,2026-09-20,14:15,120000,golfpang,,,18홀,tr_220547455
백제,2026-09-20,13:26,130000,golfpang,,,18홀,tr_220547454
플라밍고,2026-09-20,13:04,150000,golfpang,,,18홀,tr_220547418
플라밍고,2026-09-20,18:03,120000,golfpang,,,18홀,tr_220547419
스프링베일-퍼9,2026-09-20,07:55,105000,golfpang,,,18홀,tr_218988248
중원,2026-09-20,12:37,140000,golfpang,,,18홀,tr_220470310
중원,2026-09-20,07:11,140000,golfpang,,,18홀,tr_220470309
속리산cc,2026-09-20,14:07,120000,golfpang,,,18홀,tr_220547365
속리산cc,2026-09-20,14:07,120000,golfpang,,,18홀,tr_220547366
킹즈락,2026-09-20,11:47,135000,golfpang,,,18홀,tr_220547346
킹즈락,2026-09-20,07:55,135000,golfpang,,,18홀,tr_220547345
킹즈락,2026-09-20,07:34,135000,golfpang,,,18홀,tr_220547344
이븐데일,2026-09-20,17:04,55000,golfpang,,,18홀,tr_220547305
킹스데일,2026-09-20,12:56,170000,golfpang,,,18홀,tr_220015259
킹스데일,2026-09-20,06:51,170000,golfpang,,,18홀,tr_220015258
한림용인,2026-09-20,17:24,135000,golfpang,,,18홀,tr_220547205
한림용인,2026-09-20,17:17,135000,golfpang,,,18홀,tr_220547204
한림용인,2026-09-20,18:06,130000,golfpang,,,18홀,tr_220547206
블랙스톤벨포레,2026-09-20,16:55,60000,golfpang,,,18홀,tr_220522757
베뉴지,2026-09-20,08:50,160000,golfpang,,,18홀,tr_220522445
양평TPC,2026-09-20,13:57,150000,golfpang,,,18홀,tr_220523315
시그너스,2026-09-20,13:56,160000,golfpang,,,18홀,tr_220523144
클럽72,2026-09-20,14:01,160000,golfpang,,,18홀,tr_220535083
더크로스비,2026-09-20,12:48,180000,golfpang,,,18홀,tr_220521826
비에이비스타(퍼),2026-09-20,12:50,125000,golfpang,,,18홀,tr_220522781
진천(비공개),2026-09-20,13:26,170000,golfpang,,,18홀,tr_220523268
플라밍고,2026-09-20,13:25,140000,golfpang,,,18홀,tr_220539095
중원,2026-09-20,07:46,140000,golfpang,,,18홀,tr_220523444
스톤비치,2026-09-20,07:52,130000,golfpang,,,18홀,tr_220522888
로얄링스,2026-09-20,07:52,100000,golfpang,,,18홀,tr_220522356
라싸,2026-09-20,08:33,189000,golfpang,,,18홀,tr_220521929
필로스,2026-09-20,17:40,120000,golfpang,,,18홀,tr_220539201
더플레이어스,2026-09-20,07:37,160000,golfpang,,,18홀,tr_220535104
파주,2026-09-20,11:24,210000,golfpang,,,18홀,tr_220547126
세레니티cc,2026-09-20,18:27,110000,golfpang,,,18홀,tr_220546288
이븐데일,2026-09-20,18:21,50000,golfpang,,,18홀,tr_220545308
스톤비치,2026-09-20,14:05,150000,golfpang,,,18홀,tr_220546552
세레니티cc,2026-09-20,18:55,110000,golfpang,,,18홀,tr_220546289
일레븐,2026-09-20,18:33,80000,golfpang,,,18홀,tr_220545634
이븐데일,2026-09-20,07:55,115000,golfpang,,,18홀,tr_220545306
대호단양,2026-09-20,07:45,169000,golfpang,,,18홀,tr_220546994
대호단양,2026-09-20,07:45,169000,golfpang,,,18홀,tr_220546128
세레니티cc,2026-09-20,18:41,110000,golfpang,,,18홀,tr_220546287
대호단양,2026-09-20,11:59,169000,golfpang,,,18홀,tr_220545927
대호단양,2026-09-20,12:06,169000,golfpang,,,18홀,tr_220545928
일레븐,2026-09-20,17:51,85000,golfpang,,,18홀,tr_220545631
스톤비치,2026-09-20,13:37,150000,golfpang,,,18홀,tr_220546522
스톤비치,2026-09-20,17:51,120000,golfpang,,,18홀,tr_220546553
일레븐,2026-09-20,18:05,85000,golfpang,,,18홀,tr_220545633
세레니티cc,2026-09-20,19:02,110000,golfpang,,,18홀,tr_220546032
세레니티cc,2026-09-20,19:09,110000,golfpang,,,18홀,tr_220546061
스톤비치,2026-09-20,13:51,150000,golfpang,,,18홀,tr_220546550
스톤비치,2026-09-20,13:44,150000,golfpang,,,18홀,tr_220546551
솔라고,2026-09-20,13:35,140000,golfpang,,,18홀,tr_220546547
대호단양,2026-09-20,06:07,139000,golfpang,,,18홀,tr_220546127
이븐데일,2026-09-20,18:50,50000,golfpang,,,18홀,tr_220545341
중원,2026-09-20,12:44,140000,golfpang,,,18홀,tr_220544067
이븐데일,2026-09-20,12:54,100000,golfpang,,,18홀,tr_220544248
로얄링스,2026-09-20,13:23,160000,golfpang,,,18홀,tr_220543574
에스앤-퍼9,2026-09-20,11:56,100000,golfpang,,,18홀,tr_220544875
클럽D 보은,2026-09-20,12:13,150000,golfpang,,,18홀,tr_220543771
이븐데일,2026-09-20,08:09,115000,golfpang,,,18홀,tr_220544247
클럽D 보은,2026-09-20,08:26,160000,golfpang,,,18홀,tr_220543773
클럽D 보은,2026-09-20,08:33,160000,golfpang,,,18홀,tr_220543362
에스앤-퍼9,2026-09-20,11:42,100000,golfpang,,,18홀,tr_220544874
에스앤-퍼9,2026-09-20,06:07,80000,golfpang,,,18홀,tr_220544607
클럽D 보은,2026-09-20,13:58,140000,golfpang,,,18홀,tr_220543361
이븐데일,2026-09-20,13:37,100000,golfpang,,,18홀,tr_220544326
에스앤-퍼9,2026-09-20,17:10,50000,golfpang,,,18홀,tr_220544506
에스앤-퍼9,2026-09-20,16:21,60000,golfpang,,,18홀,tr_220544505
일레븐,2026-09-20,17:51,85000,golfpang,,,18홀,tr_220545172
에스앤-퍼9,2026-09-20,17:52,50000,golfpang,,,18홀,tr_220544535
이븐데일,2026-09-20,17:54,55000,golfpang,,,18홀,tr_220544327
에스앤-퍼9,2026-09-20,17:45,50000,golfpang,,,18홀,tr_220544534
이븐데일,2026-09-20,17:46,55000,golfpang,,,18홀,tr_220544249
대영힐스,2026-09-20,17:38,85000,golfpang,,,18홀,tr_220543325
킹즈락,2026-09-20,17:38,80000,golfpang,,,18홀,tr_220545149
에스앤-퍼9,2026-09-20,18:20,50000,golfpang,,,18홀,tr_220544537
에스앤-퍼9,2026-09-20,18:13,50000,golfpang,,,18홀,tr_220544536
이븐데일,2026-09-20,18:08,50000,golfpang,,,18홀,tr_220544328
대영베이스,2026-09-20,18:08,89000,golfpang,,,18홀,tr_220543798
킹즈락,2026-09-20,18:55,70000,golfpang,,,18홀,tr_220544296
일레븐,2026-09-20,18:40,80000,golfpang,,,18홀,tr_220545175
일레븐,2026-09-20,18:47,80000,golfpang,,,18홀,tr_220545176
킹즈락,2026-09-20,18:48,70000,golfpang,,,18홀,tr_220544295
킹즈락,2026-09-20,18:48,70000,golfpang,,,18홀,tr_220545179
이븐데일,2026-09-20,18:36,50000,golfpang,,,18홀,tr_220544330
킹즈락,2026-09-20,18:27,70000,golfpang,,,18홀,tr_220545178
로얄링스,2026-09-20,07:38,160000,golfpang,,,18홀,tr_220543573
클럽D 보은,2026-09-20,06:34,140000,golfpang,,,18홀,tr_220543772
킹스데일,2026-09-20,06:30,180000,golfpang,,,18홀,tr_220543987
이븐데일,2026-09-20,18:29,50000,golfpang,,,18홀,tr_220544329
킹즈락,2026-09-20,07:34,135000,golfpang,,,18홀,tr_220544294
파주,2026-09-20,05:49,190000,golfpang,,,18홀,tr_220543284
스톤비치,2026-09-20,17:00,70000,golfpang,,,18홀,tr_220258850
스프링베일-퍼9,2026-09-20,17:23,80000,golfpang,,,18홀,tr_219584301
스톤비치,2026-09-20,16:30,60000,golfpang,,,18홀,tr_216223546
골프존 송도(구.오렌지듄스),2026-09-20,13:51,179000,golfpang,,,18홀,tr_220403189
파주,2026-09-20,05:14,180000,golfpang,,,18홀,tr_220543280
플라밍고,2026-09-20,18:50,70000,golfpang,,,18홀,tr_220543231
한림용인,2026-09-20,18:06,135000,golfpang,,,18홀,tr_220543217
한림용인,2026-09-20,17:17,140000,golfpang,,,18홀,tr_220543215
한림용인,2026-09-20,17:38,140000,golfpang,,,18홀,tr_220543216
그린힐,2026-09-20,18:50,80000,golfpang,,,18홀,tr_220543213
솔라고,2026-09-20,18:30,67000,golfpang,,,18홀,tr_220543169
일레븐,2026-09-20,18:26,80000,golfpang,,,18홀,tr_220541676
이븐데일,2026-09-20,18:35,50000,golfpang,,,18홀,tr_220540295
킹즈락,2026-09-20,18:34,70000,golfpang,,,18홀,tr_220541227
세레니티cc,2026-09-20,18:41,110000,golfpang,,,18홀,tr_220542133
일레븐,2026-09-20,18:47,80000,golfpang,,,18홀,tr_220541678
대영힐스,2026-09-20,18:55,59000,golfpang,,,18홀,tr_220539291
킹즈락,2026-09-20,18:55,70000,golfpang,,,18홀,tr_220540347
세레니티cc,2026-09-20,19:02,120000,golfpang,,,18홀,tr_220542317
에스앤-퍼9,2026-09-20,18:06,50000,golfpang,,,18홀,tr_220540618
세레니티cc,2026-09-20,18:06,120000,golfpang,,,18홀,tr_220542316
세레니티cc,2026-09-20,18:06,110000,golfpang,,,18홀,tr_220542132
세레니티cc,2026-09-20,18:13,110000,golfpang,,,18홀,tr_220542359
스톤비치,2026-09-20,18:12,120000,golfpang,,,18홀,tr_220542616
일레븐,2026-09-20,18:12,85000,golfpang,,,18홀,tr_220541675
이븐데일,2026-09-20,18:15,50000,golfpang,,,18홀,tr_220541351
세레니티cc,2026-09-20,18:20,120000,golfpang,,,18홀,tr_220542096
스톤비치,2026-09-20,18:19,120000,golfpang,,,18홀,tr_220542617
클럽D 보은,2026-09-20,07:16,150000,golfpang,,,18홀,tr_220539332
이븐데일,2026-09-20,18:00,50000,golfpang,,,18홀,tr_220540294
세레니티cc,2026-09-20,17:59,110000,golfpang,,,18홀,tr_220542358
세레니티cc,2026-09-20,14:37,220000,golfpang,,,18홀,tr_220542357
세레니티cc,2026-09-20,14:16,220000,golfpang,,,18홀,tr_220542360
에스앤-퍼9,2026-09-20,16:49,60000,golfpang,,,18홀,tr_220540581
에스앤-퍼9,2026-09-20,16:56,60000,golfpang,,,18홀,tr_220540941
에스앤-퍼9,2026-09-20,17:24,50000,golfpang,,,18홀,tr_220540942
클럽D 보은,2026-09-20,13:44,140000,golfpang,,,18홀,tr_220539734
스톤비치,2026-09-20,13:58,150000,golfpang,,,18홀,tr_220542614
스톤비치,2026-09-20,13:58,150000,golfpang,,,18홀,tr_220542684
에스앤-퍼9,2026-09-20,12:59,80000,golfpang,,,18홀,tr_220540580
클럽D 보은,2026-09-20,13:02,140000,golfpang,,,18홀,tr_220539331
대영베이스,2026-09-20,13:26,139000,golfpang,,,18홀,tr_220539390
스톤비치,2026-09-20,13:23,150000,golfpang,,,18홀,tr_220542685
클럽D 보은,2026-09-20,11:52,150000,golfpang,,,18홀,tr_220539335
킹즈락,2026-09-20,11:54,140000,golfpang,,,18홀,tr_220540346
이븐데일,2026-09-20,12:27,100000,golfpang,,,18홀,tr_220541350
클럽D 보은,2026-09-20,12:27,150000,golfpang,,,18홀,tr_220539735
대호단양,2026-09-20,07:38,159000,golfpang,,,18홀,tr_220543059
킹즈락,2026-09-20,07:48,140000,golfpang,,,18홀,tr_220541201
로얄링스,2026-09-20,07:59,160000,golfpang,,,18홀,tr_220539563
이븐데일,2026-09-20,07:56,115000,golfpang,,,18홀,tr_220540297
킹즈락,2026-09-20,07:55,140000,golfpang,,,18홀,tr_220540344
클럽D 보은,2026-09-20,08:05,160000,golfpang,,,18홀,tr_220539736
킹즈락,2026-09-20,08:23,150000,golfpang,,,18홀,tr_220541202
이븐데일,2026-09-20,08:30,120000,golfpang,,,18홀,tr_220540293
에스앤-퍼9,2026-09-20,06:00,80000,golfpang,,,18홀,tr_220540578
에스앤-퍼9,2026-09-20,06:14,80000,golfpang,,,18홀,tr_220540579
클럽D 보은,2026-09-20,06:27,140000,golfpang,,,18홀,tr_220539334
대호단양,2026-09-20,06:42,149000,golfpang,,,18홀,tr_220542191
스톤비치,2026-09-20,07:03,130000,golfpang,,,18홀,tr_220542593
클럽D 보은,2026-09-20,07:02,150000,golfpang,,,18홀,tr_220539733
일레븐,2026-09-20,18:26,80000,golfpang,,,18홀,tr_220541677
이븐데일,2026-09-20,07:21,110000,golfpang,,,18홀,tr_220540296
비콘힐스,2026-09-20,18:30,70000,golfpang,,,18홀,tr_220539240
오로라,2026-09-20,06:38,150000,golfpang,,,18홀,tr_220539237
일라이트,2026-09-20,18:20,77000,golfpang,,,18홀,tr_220539235
안성베네스트(챌),2026-09-20,07:41,199000,golfpang,,,18홀,tr_220539234
올데이,2026-09-20,17:20,59000,golfpang,,,18홀,tr_220539199
일레븐,2026-09-20,17:20,60000,golfpang,,,18홀,tr_220539166
스톤비치,2026-09-20,17:20,70000,golfpang,,,18홀,tr_219560186
스톤비치,2026-09-20,07:45,140000,golfpang,,,18홀,tr_220538578
킹즈락,2026-09-20,18:34,70000,golfpang,,,18홀,tr_220536266
대영힐스,2026-09-20,18:41,65000,golfpang,,,18홀,tr_220535290
킹즈락,2026-09-20,18:41,70000,golfpang,,,18홀,tr_220536267
세레니티cc,2026-09-20,18:48,120000,golfpang,,,18홀,tr_220537975
일레븐,2026-09-20,18:54,80000,golfpang,,,18홀,tr_220537596
이븐데일,2026-09-20,19:03,50000,golfpang,,,18홀,tr_220536215
이븐데일,2026-09-20,18:57,50000,golfpang,,,18홀,tr_220536304
대영힐스,2026-09-20,18:55,59000,golfpang,,,18홀,tr_220535291
세레니티cc,2026-09-20,19:23,110000,golfpang,,,18홀,tr_220537976
세레니티cc,2026-09-20,19:16,110000,golfpang,,,18홀,tr_220538241
세레니티cc,2026-09-20,19:09,110000,golfpang,,,18홀,tr_220538238
세레니티cc,2026-09-20,19:09,120000,golfpang,,,18홀,tr_220538235
킹즈락,2026-09-20,18:06,80000,golfpang,,,18홀,tr_220536264
스톤비치,2026-09-20,18:05,120000,golfpang,,,18홀,tr_220538579
스톤비치,2026-09-20,18:05,120000,golfpang,,,18홀,tr_220538512
세레니티cc,2026-09-20,18:13,120000,golfpang,,,18홀,tr_220538204
스톤비치,2026-09-20,18:12,120000,golfpang,,,18홀,tr_220538580
스톤비치,2026-09-20,18:19,120000,golfpang,,,18홀,tr_220538581
일레븐,2026-09-20,18:19,85000,golfpang,,,18홀,tr_220537595
킹즈락,2026-09-20,18:27,70000,golfpang,,,18홀,tr_220536265
에스앤-퍼9,2026-09-20,17:38,50000,golfpang,,,18홀,tr_220536496
일레븐,2026-09-20,17:44,85000,golfpang,,,18홀,tr_220537170
이븐데일,2026-09-20,17:47,55000,golfpang,,,18홀,tr_220536303
에스앤-퍼9,2026-09-20,17:59,50000,golfpang,,,18홀,tr_220536497
스톤비치,2026-09-20,17:58,120000,golfpang,,,18홀,tr_220538511
일레븐,2026-09-20,17:58,85000,golfpang,,,18홀,tr_220537171
세레니티cc,2026-09-20,18:06,110000,golfpang,,,18홀,tr_220538236
세레니티cc,2026-09-20,14:09,220000,golfpang,,,18홀,tr_220538239
에스앤-퍼9,2026-09-20,16:42,60000,golfpang,,,18홀,tr_220536846
스톤비치,2026-09-20,13:51,150000,golfpang,,,18홀,tr_220538509
스톤비치,2026-09-20,14:05,150000,golfpang,,,18홀,tr_220538510
스톤비치,2026-09-20,13:23,150000,golfpang,,,18홀,tr_220538470
클럽D 보은,2026-09-20,13:30,140000,golfpang,,,18홀,tr_220535325
대호단양,2026-09-20,11:38,169000,golfpang,,,18홀,tr_220537877
클럽D 보은,2026-09-20,11:52,150000,golfpang,,,18홀,tr_220535324
클럽D 보은,2026-09-20,11:59,150000,golfpang,,,18홀,tr_220535326
로얄링스,2026-09-20,12:06,160000,golfpang,,,18홀,tr_220535542
로얄링스,2026-09-20,12:20,160000,golfpang,,,18홀,tr_220535848
로얄링스,2026-09-20,12:20,160000,golfpang,,,18홀,tr_220535543
클럽D 보은,2026-09-20,12:13,150000,golfpang,,,18홀,tr_220535322
이븐데일,2026-09-20,12:12,100000,golfpang,,,18홀,tr_220537286
클럽D 보은,2026-09-20,12:20,150000,golfpang,,,18홀,tr_220535323
이븐데일,2026-09-20,12:41,100000,golfpang,,,18홀,tr_220536301
로얄링스,2026-09-20,12:41,160000,golfpang,,,18홀,tr_220535541
스톤비치,2026-09-20,07:52,140000,golfpang,,,18홀,tr_220538469
대호단양,2026-09-20,08:06,169000,golfpang,,,18홀,tr_220537876
파인스톤,2026-09-20,11:17,200000,golfpang,,,18홀,tr_220538419
이븐데일,2026-09-20,06:31,105000,golfpang,,,18홀,tr_220536214
클럽D 보은,2026-09-20,07:09,150000,golfpang,,,18홀,tr_220535702
이븐데일,2026-09-20,07:07,110000,golfpang,,,18홀,tr_220537287
클럽D 보은,2026-09-20,07:23,150000,golfpang,,,18홀,tr_220535701
대호단양,2026-09-20,07:31,159000,golfpang,,,18홀,tr_220538074
스톤비치,2026-09-20,07:31,140000,golfpang,,,18홀,tr_220538468
세레니티cc,2026-09-20,18:34,110000,golfpang,,,18홀,tr_220538237
대호단양,2026-09-20,06:07,139000,golfpang,,,18홀,tr_220538960
클럽72,2026-09-20,13:50,160000,golfpang,,,18홀,tr_220535236
센추리21,2026-09-20,17:00,70000,golfpang,,,18홀,tr_219784621
오너스,2026-09-20,08:30,150000,golfpang,,,18홀,tr_220535203
스카이밸리,2026-09-20,13:50,177000,golfpang,,,18홀,tr_220535202
동서울cc-퍼9,2026-09-20,07:25,79000,golfpang,,,18홀,tr_220481252
백제,2026-09-20,14:15,120000,golfpang,,,18홀,tr_220535175
백제,2026-09-20,14:36,120000,golfpang,,,18홀,tr_220535176
클럽72,2026-09-20,13:00,180000,golfpang,,,18홀,tr_220535174
비콘힐스,2026-09-20,18:47,70000,golfpang,,,18홀,tr_219546817
그린힐,2026-09-20,13:50,157000,golfpang,,,18홀,tr_220535169
클럽72,2026-09-20,13:19,160000,golfpang,,,18홀,tr_219597011
스마트KU,2026-09-20,13:50,200000,golfpang,,,18홀,tr_220535144
킹즈락,2026-09-20,17:38,80000,golfpang,,,18홀,tr_220535125
킹즈락,2026-09-20,11:47,135000,golfpang,,,18홀,tr_220535124
모카cc,2026-09-20,14:24,120000,golfpang,,,18홀,tr_220535111
솔라고,2026-09-20,13:20,140000,golfpang,,,18홀,tr_220535107
모카cc,2026-09-20,08:25,120000,golfpang,,,18홀,tr_220396402
필로스,2026-09-20,18:14,110000,golfpang,,,18홀,tr_220535101
필로스,2026-09-20,18:27,110000,golfpang,,,18홀,tr_220535102
필로스,2026-09-20,18:00,110000,golfpang,,,18홀,tr_220535100
클럽72,2026-09-20,13:10,160000,golfpang,,,18홀,tr_220535081
플라밍고,2026-09-20,13:10,140000,golfpang,,,18홀,tr_220523470
아세코밸리-퍼9,2026-09-20,17:45,80000,golfpang,,,18홀,tr_220523452
아세코밸리-퍼9,2026-09-20,18:06,80000,golfpang,,,18홀,tr_220523454
아세코밸리-퍼9,2026-09-20,17:52,80000,golfpang,,,18홀,tr_220523453
클럽72-오션,2026-09-20,12:20,210000,golfpang,,,18홀,tr_220523429
스톤비치,2026-09-20,13:00,110000,golfpang,,,18홀,tr_216423320
스톤비치,2026-09-20,08:20,120000,golfpang,,,18홀,tr_216232871
한림광릉,2026-09-20,17:10,130000,golfpang,,,18홀,tr_220523392
한림광릉,2026-09-20,18:13,130000,golfpang,,,18홀,tr_220523393
한림광릉,2026-09-20,18:48,130000,golfpang,,,18홀,tr_220523394
스프링베일-퍼9,2026-09-20,17:22,80000,golfpang,,,18홀,tr_220485918
스톤비치,2026-09-20,17:16,70000,golfpang,,,18홀,tr_216231620
오너스,2026-09-20,14:00,140000,golfpang,,,18홀,tr_220493948
포레스트힐,2026-09-20,17:28,110000,golfpang,,,18홀,tr_220003565
모카cc,2026-09-20,14:24,120000,golfpang,,,18홀,tr_220504622
블루원용인(퍼),2026-09-20,17:47,90000,golfpang,,,18홀,tr_220402810
힐마루 포천,2026-09-20,17:31,140000,golfpang,,,18홀,tr_219074846
블루원용인(퍼),2026-09-20,13:52,140000,golfpang,,,18홀,tr_218569168
블루원용인,2026-09-20,18:36,110000,golfpang,,,18홀,tr_219671160
한림용인,2026-09-20,18:06,130000,golfpang,,,18홀,tr_220523324
한림용인,2026-09-20,18:34,120000,golfpang,,,18홀,tr_220523325
한림용인,2026-09-20,17:24,135000,golfpang,,,18홀,tr_220523323
윈체스트,2026-09-20,17:08,130000,golfpang,,,18홀,tr_220523313
이븐데일,2026-09-20,17:25,55000,golfpang,,,18홀,tr_220523291
이븐데일,2026-09-20,12:12,95000,golfpang,,,18홀,tr_220523290
이븐데일,2026-09-20,06:31,104000,golfpang,,,18홀,tr_220523289
센추리21(퍼),2026-09-20,07:10,100000,golfpang,,,18홀,tr_220523265
센추리21(퍼),2026-09-20,13:00,100000,golfpang,,,18홀,tr_219364813
일레븐,2026-09-20,18:05,60000,golfpang,,,18홀,tr_220523185
일레븐,2026-09-20,17:44,60000,golfpang,,,18홀,tr_220523184
일레븐,2026-09-20,18:26,60000,golfpang,,,18홀,tr_220523186
남춘천,2026-09-20,12:27,180000,golfpang,,,18홀,tr_220523091
남춘천,2026-09-20,12:48,180000,golfpang,,,18홀,tr_220523092
라싸,2026-09-20,07:44,179000,golfpang,,,18홀,tr_220004696
더플레이어스,2026-09-20,07:37,160000,golfpang,,,18홀,tr_220004975
진천(비공개),2026-09-20,13:26,170000,golfpang,,,18홀,tr_220004812
가평프리스틴밸리,2026-09-20,12:56,220000,golfpang,,,18홀,tr_220395343
라싸,2026-09-20,08:40,189000,golfpang,,,18홀,tr_220004707
필로스,2026-09-20,17:40,120000,golfpang,,,18홀,tr_220395348
코브스윙,2026-09-20,13:40,170000,golfpang,,,18홀,tr_220403241
킹즈락,2026-09-20,08:23,145000,golfpang,,,18홀,tr_220523035
킹즈락,2026-09-20,07:55,135000,golfpang,,,18홀,tr_220523033
킹즈락,2026-09-20,11:47,135000,golfpang,,,18홀,tr_220523034
클럽72,2026-09-20,13:40,160000,golfpang,,,18홀,tr_220523001
남양주(퍼9),2026-09-20,11:54,139000,golfpang,,,18홀,tr_220401407
클럽모우,2026-09-20,07:12,180000,golfpang,,,18홀,tr_220401433
한림광릉,2026-09-20,17:24,130000,golfpang,,,18홀,tr_220420868
양평TPC,2026-09-20,13:57,150000,golfpang,,,18홀,tr_220401419
한림안성(퍼9),2026-09-20,13:12,130000,golfpang,,,18홀,tr_220401476
양평TPC,2026-09-20,12:40,160000,golfpang,,,18홀,tr_220401416
포천힐스,2026-09-20,12:52,200000,golfpang,,,18홀,tr_220401475
포레스트힐,2026-09-20,18:52,110000,golfpang,,,18홀,tr_220401473
아세코밸리-퍼9,2026-09-20,12:23,130000,golfpang,,,18홀,tr_220401413
베뉴지,2026-09-20,08:08,170000,golfpang,,,18홀,tr_220401411
남양주(퍼9),2026-09-20,07:47,149000,golfpang,,,18홀,tr_220401405
중원,2026-09-20,07:46,140000,golfpang,,,18홀,tr_220401422
중원,2026-09-20,07:04,130000,golfpang,,,18홀,tr_220401420
필로스,2026-09-20,17:40,120000,golfpang,,,18홀,tr_220522834
일레븐,2026-09-20,17:23,60000,golfpang,,,18홀,tr_220522829
솔모로,2026-09-20,13:56,170000,golfpang,,,18홀,tr_220522826
스타,2026-09-20,18:24,80000,golfpang,,,18홀,tr_219662385
대영베이스,2026-09-20,18:28,65000,golfpang,,,18홀,tr_219470402
킹즈락,2026-09-20,11:47,135000,golfpang,,,18홀,tr_220522785
킹즈락,2026-09-20,17:38,80000,golfpang,,,18홀,tr_220522786
킹즈락,2026-09-20,07:55,135000,golfpang,,,18홀,tr_220522784
용인(비공개),2026-09-20,13:59,180000,golfpang,,,18홀,tr_220397081
이글몬트,2026-09-20,13:53,170000,golfpang,,,18홀,tr_220397315
용인(비공개),2026-09-20,14:20,180000,golfpang,,,18홀,tr_220397082
몽베르(대중제),2026-09-20,18:10,120000,golfpang,,,18홀,tr_220397298
몽베르(대중제),2026-09-20,13:14,190000,golfpang,,,18홀,tr_220397297
스타,2026-09-20,13:51,140000,golfpang,,,18홀,tr_220396798
이글몬트,2026-09-20,06:41,180000,golfpang,,,18홀,tr_220397314
스타,2026-09-20,06:23,160000,golfpang,,,18홀,tr_220396796
스타,2026-09-20,06:44,170000,golfpang,,,18홀,tr_220396797
용인(비공개),2026-09-20,06:46,209000,golfpang,,,18홀,tr_220397080
몽베르(대중제),2026-09-20,07:22,220000,golfpang,,,18홀,tr_220397296
양평TPC,2026-09-20,06:52,170000,golfpang,,,18홀,tr_220396118
양평TPC,2026-09-20,07:34,180000,golfpang,,,18홀,tr_220396119
에덴블루,2026-09-20,07:48,209000,golfpang,,,18홀,tr_220396884
예미지,2026-09-20,12:12,175000,golfpang,,,18홀,tr_220396342
에덴블루,2026-09-20,14:00,142500,golfpang,,,18홀,tr_220396885
에덴블루,2026-09-20,18:28,89900,golfpang,,,18홀,tr_220396886
예미지,2026-09-20,13:15,170000,golfpang,,,18홀,tr_220396343
남춘천,2026-09-20,12:13,180000,golfpang,,,18홀,tr_220396537
골프존 송도(구.오렌지듄스),2026-09-20,18:17,139000,golfpang,,,18홀,tr_220348235
오로라,2026-09-20,08:15,150000,golfpang,,,18홀,tr_220391600
골프존 송도(구.오렌지듄스),2026-09-20,17:56,139000,golfpang,,,18홀,tr_220348234
킹즈락,2026-09-20,07:55,135000,golfpang,,,18홀,tr_220522764
골든베이,2026-09-20,07:54,150000,golfpang,,,18홀,tr_218952803
알펜시아명문,2026-09-20,08:06,140000,golfpang,,,18홀,tr_219822383
라싸,2026-09-20,08:05,209000,golfpang,,,18홀,tr_220348913
더플레이어스,2026-09-20,08:05,180000,golfpang,,,18홀,tr_219767868
양지파인,2026-09-20,08:15,199000,golfpang,,,18홀,tr_220345761
감곡,2026-09-20,08:15,180000,golfpang,,,18홀,tr_219765933
라싸,2026-09-20,08:12,209000,golfpang,,,18홀,tr_220348914
킹즈락,2026-09-20,08:23,145000,golfpang,,,18홀,tr_220522766
알펜시아700,2026-09-20,07:36,100000,golfpang,,,18홀,tr_219822884
떼제베,2026-09-20,07:35,160000,golfpang,,,18홀,tr_220139314
양평TPC,2026-09-20,07:34,180000,golfpang,,,18홀,tr_220431241
오너스,2026-09-20,07:32,155000,golfpang,,,18홀,tr_220306716
프린세스,2026-09-20,07:44,160000,golfpang,,,18홀,tr_219443830
샤인데일,2026-09-20,07:44,180000,golfpang,,,18홀,tr_220104351
떼제베(동북),2026-09-20,07:42,140000,golfpang,,,18홀,tr_220142425
로얄포레,2026-09-20,07:42,129000,golfpang,,,18홀,tr_220274587
옥스필드,2026-09-20,07:42,119000,golfpang,,,18홀,tr_220288823
스프링베일-퍼9,2026-09-20,07:41,110000,golfpang,,,18홀,tr_220118379
포천힐스,2026-09-20,07:38,240000,golfpang,,,18홀,tr_220070681
베스트밸리-퍼9,2026-09-20,07:50,170000,golfpang,,,18홀,tr_220150326
킹스데일,2026-09-20,07:47,180000,golfpang,,,18홀,tr_220014025
안성베네스트(챌),2026-09-20,07:47,199000,golfpang,,,18홀,tr_220518632
알펜시아700,2026-09-20,06:54,90000,golfpang,,,18홀,tr_219822883
벨라스톤,2026-09-20,07:10,159000,golfpang,,,18홀,tr_220423986
임페리얼레이크,2026-09-20,07:07,129000,golfpang,,,18홀,tr_220219381
360도,2026-09-20,07:00,170000,golfpang,,,18홀,tr_220469383
더플레이어스,2026-09-20,07:16,180000,golfpang,,,18홀,tr_219767867
모나크,2026-09-20,06:18,150000,golfpang,,,18홀,tr_220241966
한림광릉,2026-09-20,06:24,190000,golfpang,,,18홀,tr_220345875
스타,2026-09-20,06:23,160000,golfpang,,,18홀,tr_220033913
360도,2026-09-20,06:22,160000,golfpang,,,18홀,tr_220469382
알펜시아명문,2026-09-20,06:42,100000,golfpang,,,18홀,tr_219822382
프린세스,2026-09-20,06:41,155000,golfpang,,,18홀,tr_219443829
스프링베일-퍼9,2026-09-20,06:38,100000,golfpang,,,18홀,tr_220118378
양평TPC,2026-09-20,06:38,170000,golfpang,,,18홀,tr_220431240
포천힐스,2026-09-20,06:35,220000,golfpang,,,18홀,tr_220070680
써닝포인트,2026-09-20,06:07,215000,golfpang,,,18홀,tr_220339527
빅토리아-퍼9,2026-09-20,06:21,114000,golfpang,,,18홀,tr_219762809
클럽모우,2026-09-20,13:34,150000,golfpang,,,18홀,tr_220304419
클럽모우,2026-09-20,13:41,150000,golfpang,,,18홀,tr_220304420
해솔리아,2026-09-20,13:47,150000,golfpang,,,18홀,tr_220504739
감곡,2026-09-20,13:42,150000,golfpang,,,18홀,tr_219765935
백제,2026-09-20,13:12,130000,golfpang,,,18홀,tr_219889968
스프링베일-퍼9,2026-09-20,13:25,95000,golfpang,,,18홀,tr_220118380
스마트KU,2026-09-20,13:23,210000,golfpang,,,18홀,tr_219914195
속리산cc,2026-09-20,13:32,130000,golfpang,,,18홀,tr_219970465
올데이,2026-09-20,12:34,89000,golfpang,,,18홀,tr_220278938
떼제베(동북),2026-09-20,12:53,120000,golfpang,,,18홀,tr_220142426
감곡,2026-09-20,12:53,160000,golfpang,,,18홀,tr_219765934
포천힐스,2026-09-20,12:52,200000,golfpang,,,18홀,tr_220070682
푸른솔포천,2026-09-20,12:52,220000,golfpang,,,18홀,tr_220150970
센테리움,2026-09-20,12:50,149000,golfpang,,,18홀,tr_220242197
킹스데일,2026-09-20,12:56,170000,golfpang,,,18홀,tr_220014026
모나크,2026-09-20,12:56,140000,golfpang,,,18홀,tr_220241967
베스트밸리-퍼9,2026-09-20,12:56,160000,golfpang,,,18홀,tr_220150327
옥스필드,2026-09-20,12:55,99000,golfpang,,,18홀,tr_220288824
빅토리아-퍼9,2026-09-20,11:56,114000,golfpang,,,18홀,tr_219762810
킹즈락,2026-09-20,11:54,135000,golfpang,,,18홀,tr_220522765
보령베이스-퍼9,2026-09-20,12:10,119000,golfpang,,,18홀,tr_220150606
파주,2026-09-20,12:06,210000,golfpang,,,18홀,tr_220152589
해솔리아,2026-09-20,12:02,160000,golfpang,,,18홀,tr_220504738
로얄포레,2026-09-20,12:20,119000,golfpang,,,18홀,tr_220274588
파주,2026-09-20,12:27,210000,golfpang,,,18홀,tr_220152590
프린세스,2026-09-20,12:25,140000,golfpang,,,18홀,tr_219443831
빅토리아-퍼9,2026-09-20,12:24,114000,golfpang,,,18홀,tr_219762811
알펜시아명문,2026-09-20,12:24,130000,golfpang,,,18홀,tr_219822384
속리산cc,2026-09-20,12:22,150000,golfpang,,,18홀,tr_219970464
골든베이,2026-09-20,12:21,150000,golfpang,,,18홀,tr_218952804
라싸,2026-09-20,08:33,209000,golfpang,,,18홀,tr_220348915
모카cc,2026-09-20,08:32,130000,golfpang,,,18홀,tr_220485168
양지파인,2026-09-20,08:30,199000,golfpang,,,18홀,tr_220345762
벨라스톤,2026-09-20,08:41,169000,golfpang,,,18홀,tr_220423987
임페리얼레이크,2026-09-20,11:10,139000,golfpang,,,18홀,tr_220219382
파주,2026-09-20,11:10,220000,golfpang,,,18홀,tr_220152588
유니아일랜드,2026-09-20,10:33,160000,golfpang,,,18홀,tr_219951870
속리산cc,2026-09-20,07:57,160000,golfpang,,,18홀,tr_219970463
센테리움,2026-09-20,07:56,159000,golfpang,,,18홀,tr_220242196
올데이,2026-09-20,07:56,119000,golfpang,,,18홀,tr_220278937
보령베이스-퍼9,2026-09-20,18:33,45000,golfpang,,,18홀,tr_220150607
그린힐,2026-09-20,18:31,90000,golfpang,,,18홀,tr_220007998
리베라,2026-09-20,18:31,110000,golfpang,,,18홀,tr_220007638
신안(병행),2026-09-20,18:31,80000,golfpang,,,18홀,tr_219776086
대영베이스,2026-09-20,18:08,89000,golfpang,,,18홀,tr_220521988
벨라스톤,2026-09-20,18:13,80000,golfpang,,,18홀,tr_220423988
클럽72,2026-09-20,18:11,120000,golfpang,,,18홀,tr_220145765
모나크,2026-09-20,18:16,90000,golfpang,,,18홀,tr_220241968
필로스,2026-09-20,17:47,120000,golfpang,,,18홀,tr_219682496
알프스대영,2026-09-20,17:50,49000,golfpang,,,18홀,tr_220522597
샤인데일,2026-09-20,17:57,70000,golfpang,,,18홀,tr_220104352
필로스,2026-09-20,17:54,120000,golfpang,,,18홀,tr_219682497
샤인데일,2026-09-20,18:04,70000,golfpang,,,18홀,tr_220104353
베스트밸리-퍼9,2026-09-20,18:02,120000,golfpang,,,18홀,tr_220150328
필로스,2026-09-20,18:00,120000,golfpang,,,18홀,tr_219682498
오로라,2026-09-20,17:34,80000,golfpang,,,18홀,tr_220297518
떼제베(동북),2026-09-20,17:34,90000,golfpang,,,18홀,tr_220142427
한림용인,2026-09-20,17:31,140000,golfpang,,,18홀,tr_220422617
대영힐스,2026-09-20,17:38,85000,golfpang,,,18홀,tr_220522385
블랙스톤벨포레,2026-09-20,17:44,50000,golfpang,,,18홀,tr_220485294
클럽72,2026-09-20,17:43,130000,golfpang,,,18홀,tr_220145764
떼제베,2026-09-20,17:48,110000,golfpang,,,18홀,tr_220139316
떼제베,2026-09-20,17:13,110000,golfpang,,,18홀,tr_220139315
로얄포레,2026-09-20,17:12,79000,golfpang,,,18홀,tr_220274589
아세코밸리-퍼9,2026-09-20,17:10,100000,golfpang,,,18홀,tr_220336784
한림용인,2026-09-20,17:17,140000,golfpang,,,18홀,tr_220422615
한림광릉,2026-09-20,17:17,140000,golfpang,,,18홀,tr_220345876
알프스대영,2026-09-20,17:15,59000,golfpang,,,18홀,tr_220522596
아세코밸리-퍼9,2026-09-20,17:24,100000,golfpang,,,18홀,tr_220336785
임페리얼레이크,2026-09-20,17:26,89000,golfpang,,,18홀,tr_220219383
옥스필드,2026-09-20,17:26,69000,golfpang,,,18홀,tr_220288825
올데이,2026-09-20,17:26,59000,golfpang,,,18홀,tr_220278939
한림용인,2026-09-20,17:24,140000,golfpang,,,18홀,tr_220422616
한림광릉,2026-09-20,17:24,140000,golfpang,,,18홀,tr_220345877
알펜시아700,2026-09-20,17:30,60000,golfpang,,,18홀,tr_219822885
스마트KU,2026-09-20,14:03,200000,golfpang,,,18홀,tr_219914196
백제,2026-09-20,14:15,120000,golfpang,,,18홀,tr_219889969
오너스,2026-09-20,14:11,140000,golfpang,,,18홀,tr_220306717
알프스대영,2026-09-20,16:54,69000,golfpang,,,18홀,tr_220522595
아세코밸리-퍼9,2026-09-20,16:49,100000,golfpang,,,18홀,tr_220336783
해솔리아,2026-09-20,17:01,120000,golfpang,,,18홀,tr_220504740
파주타이거,2026-09-20,13:50,170000,golfpang,,,18홀,tr_219986832
오로라,2026-09-20,13:49,130000,golfpang,,,18홀,tr_220297516
안성베네스트(챌),2026-09-20,13:52,169000,golfpang,,,18홀,tr_220518633
오로라,2026-09-20,13:56,130000,golfpang,,,18홀,tr_220297517
푸른솔포천,2026-09-20,14:02,210000,golfpang,,,18홀,tr_220150971
그린힐,2026-09-20,18:45,90000,golfpang,,,18홀,tr_220007999
리베라,2026-09-20,18:45,110000,golfpang,,,18홀,tr_220007639
리베라,2026-09-20,18:52,110000,golfpang,,,18홀,tr_220007640
신안(병행),2026-09-20,18:52,80000,golfpang,,,18홀,tr_219776088
클럽72,2026-09-20,19:00,110000,golfpang,,,18홀,tr_220145766
그린힐,2026-09-20,19:13,80000,golfpang,,,18홀,tr_220008000
블랙스톤벨포레,2026-09-20,18:26,40000,golfpang,,,18홀,tr_220485295
플라밍고,2026-09-20,06:20,160000,golfpang,,,18홀,tr_220198499
센테리움,2026-09-20,07:07,159000,golfpang,,,18홀,tr_220377294
골프존 진천,2026-09-20,06:42,149000,golfpang,,,18홀,tr_220366231
킹즈락,2026-09-20,13:11,125000,golfpang,,,18홀,tr_219555157
골프존 화랑,2026-09-20,08:40,149000,golfpang,,,18홀,tr_220349450
프린세스,2026-09-20,13:00,140000,golfpang,,,18홀,tr_219557478
프린세스,2026-09-20,07:23,160000,golfpang,,,18홀,tr_219557477
골프존 진천,2026-09-20,08:34,169000,golfpang,,,18홀,tr_220366233
골프존 진천,2026-09-20,07:31,159000,golfpang,,,18홀,tr_220366232
플라밍고,2026-09-20,13:32,150000,golfpang,,,18홀,tr_220198500
골든베이,2026-09-20,08:22,150000,golfpang,,,18홀,tr_218977348
킹즈락,2026-09-20,07:06,130000,golfpang,,,18홀,tr_219555156
골프존 화랑,2026-09-20,14:02,129000,golfpang,,,18홀,tr_220349451
센테리움,2026-09-20,08:31,199000,golfpang,,,18홀,tr_220377295
골든베이,2026-09-20,12:00,130000,golfpang,,,18홀,tr_218977349
킹스데일,2026-09-20,06:30,170000,golfpang,,,18홀,tr_220376857
스마트KU,2026-09-20,12:46,210000,golfpang,,,18홀,tr_219933633
스프링베일-퍼9,2026-09-20,13:25,95000,golfpang,,,18홀,tr_220209227
엘레강스(가명),2026-09-20,13:15,210000,golfpang,,,18홀,tr_219999139
클럽모우,2026-09-20,13:41,145000,golfpang,,,18홀,tr_220376316
엘레강스(가명),2026-09-20,13:36,210000,golfpang,,,18홀,tr_219999140
스마트KU,2026-09-20,14:03,200000,golfpang,,,18홀,tr_219933634
더플레이어스,2026-09-20,07:16,180000,golfpang,,,18홀,tr_219994105
스프링베일-퍼9,2026-09-20,07:41,110000,golfpang,,,18홀,tr_220209226
세레니티-강촌,2026-09-20,07:34,200000,golfpang,,,18홀,tr_219791383
남양주(퍼9),2026-09-20,07:34,149000,golfpang,,,18홀,tr_220201717
포레스트힐,2026-09-20,18:45,110000,golfpang,,,18홀,tr_220347928
포레스트힐,2026-09-20,18:24,110000,golfpang,,,18홀,tr_220347927
더플레이어스,2026-09-20,08:05,180000,golfpang,,,18홀,tr_219994106
클럽모우,2026-09-20,14:02,145000,golfpang,,,18홀,tr_220376317
남양주(퍼9),2026-09-20,16:20,109000,golfpang,,,18홀,tr_220201719
세레니티-강촌,2026-09-20,17:25,120000,golfpang,,,18홀,tr_219791385
플라밍고,2026-09-20,17:07,130000,golfpang,,,18홀,tr_220198501
남양주(퍼9),2026-09-20,11:47,139000,golfpang,,,18홀,tr_220201718
세레니티-강촌,2026-09-20,12:08,180000,golfpang,,,18홀,tr_219791384
샤인데일,2026-09-20,07:59,180000,golfpang,,,18홀,tr_220190913
프린세스,2026-09-20,18:09,85000,golfpang,,,18홀,tr_219557479
샤인데일,2026-09-20,18:18,70000,golfpang,,,18홀,tr_220190915
샤인데일,2026-09-20,17:57,70000,golfpang,,,18홀,tr_220190914
골프존 화랑,2026-09-20,18:00,65000,golfpang,,,18홀,tr_220349452
스프링베일-퍼9,2026-09-20,17:36,80000,golfpang,,,18홀,tr_220209228
킹즈락,2026-09-20,17:38,80000,golfpang,,,18홀,tr_219555158
캐슬렉스,2026-09-20,06:46,250000,golfpang,,,18홀,tr_220382997
캐슬렉스,2026-09-20,07:28,250000,golfpang,,,18홀,tr_220382998
오로라,2026-09-20,13:35,130000,golfpang,,,18홀,tr_220391601
오로라,2026-09-20,17:50,80000,golfpang,,,18홀,tr_220391602
라싸,2026-09-20,08:12,209000,golfpang,,,18홀,tr_220390418
비에이비스타(퍼),2026-09-20,12:57,150000,golfpang,,,18홀,tr_220522768
해솔리아,2026-09-20,17:29,120000,golfpang,,,18홀,tr_220208973
안성베네스트(클),2026-09-20,14:13,179000,golfpang,,,18홀,tr_220207594
빅토리아-퍼9,2026-09-20,17:03,89000,golfpang,,,18홀,tr_219778169
골프존 안성H,2026-09-20,14:06,180000,golfpang,,,18홀,tr_220149445
히든밸리,2026-09-20,13:40,150000,golfpang,,,18홀,tr_218503695
해솔리아,2026-09-20,13:12,160000,golfpang,,,18홀,tr_220208972
에델바이스(가명),2026-09-20,13:26,170000,golfpang,,,18홀,tr_220014867
골프존 안성H,2026-09-20,13:24,180000,golfpang,,,18홀,tr_220149444
빅토리아-퍼9,2026-09-20,12:24,114000,golfpang,,,18홀,tr_219778168
유니아일랜드,2026-09-20,10:54,160000,golfpang,,,18홀,tr_219997382
유니아일랜드,2026-09-20,10:33,160000,golfpang,,,18홀,tr_219997381
빅토리아-퍼9,2026-09-20,07:52,114000,golfpang,,,18홀,tr_219778167
이천실크밸리,2026-09-20,07:24,160000,golfpang,,,18홀,tr_219922765
신안(오렌지),2026-09-20,07:45,140000,golfpang,,,18홀,tr_219598565
히든밸리,2026-09-20,06:49,170000,golfpang,,,18홀,tr_218503694
해솔리아,2026-09-20,06:28,170000,golfpang,,,18홀,tr_220208971
유니아일랜드,2026-09-20,06:22,160000,golfpang,,,18홀,tr_219997380
에델바이스(가명),2026-09-20,06:35,180000,golfpang,,,18홀,tr_220014866
골프존 안성H,2026-09-20,06:51,200000,golfpang,,,18홀,tr_220149443
마이다스레이크 이천,2026-09-20,06:21,200000,golfpang,,,18홀,tr_220208250
한림안성(퍼9),2026-09-20,06:21,140000,golfpang,,,18홀,tr_220174783
이천실크밸리,2026-09-20,18:17,90000,golfpang,,,18홀,tr_219922767
신안(병행),2026-09-20,18:31,80000,golfpang,,,18홀,tr_219601214
신안(병행),2026-09-20,18:10,80000,golfpang,,,18홀,tr_219601213
이천실크밸리,2026-09-20,17:42,90000,golfpang,,,18홀,tr_219922766
마이다스레이크 이천,2026-09-20,14:24,180000,golfpang,,,18홀,tr_220208251
알펜시아700,2026-09-20,07:29,100000,golfpang,,,18홀,tr_219999485
알펜시아명문,2026-09-20,16:06,230000,golfpang,,,18홀,tr_219999527
파인밸리,2026-09-20,16:02,135000,golfpang,,,18홀,tr_219158509
동강시스타,2026-09-20,13:49,90000,golfpang,,,18홀,tr_219158662
알펜시아700,2026-09-20,12:49,100000,golfpang,,,18홀,tr_219999486
동강시스타,2026-09-20,12:11,100000,golfpang,,,18홀,tr_219158661
알펜시아명문,2026-09-20,12:17,130000,golfpang,,,18홀,tr_219999526
웰리힐리,2026-09-20,08:38,190000,golfpang,,,18홀,tr_218796052
동강시스타,2026-09-20,07:54,110000,golfpang,,,18홀,tr_219158663
360도,2026-09-20,07:00,170000,golfpang,,,18홀,tr_220485485
센추리21,2026-09-20,06:14,120000,golfpang,,,18홀,tr_220484018
알펜시아명문,2026-09-20,06:42,100000,golfpang,,,18홀,tr_219999525
360도,2026-09-20,06:22,160000,golfpang,,,18홀,tr_220485484
벨라45 마스터스,2026-09-20,18:06,85000,golfpang,,,18홀,tr_219558337
센추리21,2026-09-20,17:47,80000,golfpang,,,18홀,tr_220484020
골프존 안성W,2026-09-20,18:03,100000,golfpang,,,18홀,tr_220483771
골프존 안성W,2026-09-20,17:35,100000,golfpang,,,18홀,tr_220483770
벨라45 마스터스,2026-09-20,17:45,85000,golfpang,,,18홀,tr_219558336
알펜시아700,2026-09-20,17:44,60000,golfpang,,,18홀,tr_219999487
골프존 안성W,2026-09-20,14:13,140000,golfpang,,,18홀,tr_220483769
센추리21,2026-09-20,14:10,125000,golfpang,,,18홀,tr_220484019
그린힐,2026-09-20,19:13,80000,golfpang,,,18홀,tr_220485733
그린힐,2026-09-20,18:52,80000,golfpang,,,18홀,tr_220485732
감곡,2026-09-20,19:02,100000,golfpang,,,18홀,tr_220486058
그린힐,2026-09-20,19:20,80000,golfpang,,,18홀,tr_220485734
감곡,2026-09-20,18:34,100000,golfpang,,,18홀,tr_220486057
감곡,2026-09-20,18:13,100000,golfpang,,,18홀,tr_220486056
청평(비공개),2026-09-20,08:41,240000,golfpang,,,18홀,tr_220397582
가평(비공개),2026-09-20,08:41,240000,golfpang,,,18홀,tr_220397581
대영힐스,2026-09-20,19:02,59000,golfpang,,,18홀,tr_220494218
대영베이스,2026-09-20,18:08,89000,golfpang,,,18홀,tr_220493730
대영힐스,2026-09-20,17:38,85000,golfpang,,,18홀,tr_220494216
대영힐스,2026-09-20,18:41,65000,golfpang,,,18홀,tr_220494217
중원,2026-09-20,12:51,140000,golfpang,,,18홀,tr_220496897
로얄포레,2026-09-20,12:55,109000,golfpang,,,18홀,tr_220502445
떼제베,2026-09-20,16:52,110000,golfpang,,,18홀,tr_220496940
떼제베(동북),2026-09-20,17:13,90000,golfpang,,,18홀,tr_220499617
떼제베,2026-09-20,17:27,110000,golfpang,,,18홀,tr_220496941
리베라,2026-09-20,17:28,120000,golfpang,,,18홀,tr_220502726
로얄포레,2026-09-20,17:54,79000,golfpang,,,18홀,tr_220502446
떼제베,2026-09-20,18:30,100000,golfpang,,,18홀,tr_220496942
떼제베(동북),2026-09-20,18:30,80000,golfpang,,,18홀,tr_220499618
리베라,2026-09-20,19:06,110000,golfpang,,,18홀,tr_220502728
리베라,2026-09-20,18:45,110000,golfpang,,,18홀,tr_220502727
중원,2026-09-20,06:29,130000,golfpang,,,18홀,tr_220496896
로얄포레,2026-09-20,11:31,119000,golfpang,,,18홀,tr_220502444
떼제베(동북),2026-09-20,11:43,120000,golfpang,,,18홀,tr_220499616
세현,2026-09-20,13:51,200000,golfpang,,,18홀,tr_220503123
솔트베이,2026-09-20,18:43,149000,golfpang,,,18홀,tr_220503162
세현,2026-09-20,14:05,200000,golfpang,,,18홀,tr_220503125
세현,2026-09-20,13:58,200000,golfpang,,,18홀,tr_220503124
솔트베이,2026-09-20,11:57,230000,golfpang,,,18홀,tr_220503160
블랙스톤벨포레,2026-09-20,17:44,50000,golfpang,,,18홀,tr_220503457
솔트베이,2026-09-20,12:32,230000,golfpang,,,18홀,tr_220503161
블랙스톤벨포레,2026-09-20,18:26,40000,golfpang,,,18홀,tr_220503458
속리산cc,2026-09-20,14:07,120000,golfpang,,,18홀,tr_220503769
알프스대영,2026-09-20,16:54,69000,golfpang,,,18홀,tr_220504335
코브스윙,2026-09-20,13:55,170000,golfpang,,,18홀,tr_220504257
코브스윙,2026-09-20,13:41,170000,golfpang,,,18홀,tr_220504256
알프스대영,2026-09-20,17:50,49000,golfpang,,,18홀,tr_220504336
알프스대영,2026-09-20,18:32,40000,golfpang,,,18홀,tr_220504337
옥스필드,2026-09-20,18:15,59000,golfpang,,,18홀,tr_220504665
포천힐스,2026-09-20,13:06,200000,golfpang,,,18홀,tr_220504552
옥스필드,2026-09-20,06:46,99000,golfpang,,,18홀,tr_220504663
포천힐스,2026-09-20,06:42,220000,golfpang,,,18홀,tr_220504550
포천힐스,2026-09-20,12:24,200000,golfpang,,,18홀,tr_220504551
임페리얼레이크,2026-09-20,18:15,79000,golfpang,,,18홀,tr_220505489
양지파인,2026-09-20,08:15,199000,golfpang,,,18홀,tr_220504500
임페리얼레이크,2026-09-20,07:56,139000,golfpang,,,18홀,tr_220505487
옥스필드,2026-09-20,12:55,99000,golfpang,,,18홀,tr_220504664
임페리얼레이크,2026-09-20,11:31,139000,golfpang,,,18홀,tr_220505488
포웰(안성)cc,2026-09-20,08:10,175000,golfpang,,,18홀,tr_220515670
푸른솔포천,2026-09-20,14:02,210000,golfpang,,,18홀,tr_220515935
클럽72,2026-09-20,17:50,130000,golfpang,,,18홀,tr_220513162
클럽72,2026-09-20,18:25,120000,golfpang,,,18홀,tr_220513163
클럽72,2026-09-20,19:07,110000,golfpang,,,18홀,tr_220513164
푸른솔포천,2026-09-20,13:13,220000,golfpang,,,18홀,tr_220515934
포웰(안성)cc,2026-09-20,18:46,75000,golfpang,,,18홀,tr_220515672
포웰(안성)cc,2026-09-20,05:57,145000,golfpang,,,18홀,tr_220515671
올데이,2026-09-20,07:07,99000,golfpang,,,18홀,tr_220505585
올데이,2026-09-20,18:22,59000,golfpang,,,18홀,tr_220505587
올데이,2026-09-20,12:20,89000,golfpang,,,18홀,tr_220505586
힐데스하임,2026-09-20,19:19,60000,golfpang,,,18홀,tr_220518646
힐데스하임,2026-09-20,18:26,75000,golfpang,,,18홀,tr_220518645
힐데스하임,2026-09-20,12:04,135000,golfpang,,,18홀,tr_220518644
한림용인,2026-09-20,18:06,130000,golfpang,,,18홀,tr_220518591
벨라스톤,2026-09-20,18:13,80000,golfpang,,,18홀,tr_220521861
한림용인,2026-09-20,18:34,120000,golfpang,,,18홀,tr_220518592
한림용인,2026-09-20,17:24,135000,golfpang,,,18홀,tr_220518590
백제,2026-09-20,13:12,130000,golfpang,,,18홀,tr_220522693
벨라스톤,2026-09-20,13:00,159000,golfpang,,,18홀,tr_220521860
한림광릉,2026-09-20,07:38,130000,golfpang,,,18홀,tr_220522023
백제,2026-09-20,14:15,120000,golfpang,,,18홀,tr_220522694
아세코밸리-퍼9,2026-09-20,17:38,80000,golfpang,,,18홀,tr_220522361
필로스,2026-09-20,18:00,110000,golfpang,,,18홀,tr_220522446
한림광릉,2026-09-20,18:13,130000,golfpang,,,18홀,tr_220522024
아세코밸리-퍼9,2026-09-20,18:06,80000,golfpang,,,18홀,tr_220522362
필로스,2026-09-20,18:27,110000,golfpang,,,18홀,tr_220522447
한림광릉,2026-09-20,07:10,130000,golfpang,,,18홀,tr_220522022
벨라스톤,2026-09-20,07:10,159000,golfpang,,,18홀,tr_220521859
솔모로,2026-09-20,06:30,230000,golfpang,,,18홀,tr_220522657
솔모로,2026-09-20,06:51,230000,golfpang,,,18홀,tr_220522658
센테리움,2026-09-20,12:50,169000,golfpang,,,18홀,tr_220522581
센테리움,2026-09-20,07:56,159000,golfpang,,,18홀,tr_220522580
알펜시아명문,2026-09-20,12:10,130000,golfpang,,,18홀,tr_219794930
알펜시아명문,2026-09-20,08:06,140000,golfpang,,,18홀,tr_219794929
알펜시아700,2026-09-20,08:39,110000,golfpang,,,18홀,tr_219795090
알프스대영,2026-09-20,17:43,49000,golfpang,,,18홀,tr_220216274
알프스대영,2026-09-20,11:35,105000,golfpang,,,18홀,tr_220216272
알펜시아명문,2026-09-20,06:42,100000,golfpang,,,18홀,tr_219794928
알펜시아700,2026-09-20,12:49,100000,golfpang,,,18홀,tr_219795091
오로라,2026-09-20,13:49,130000,golfpang,,,18홀,tr_220299735
오로라,2026-09-20,17:34,80000,golfpang,,,18홀,tr_220299736
알프스대영,2026-09-20,16:54,69000,golfpang,,,18홀,tr_220216273
알펜시아700,2026-09-20,06:54,90000,golfpang,,,18홀,tr_219795089
오로라,2026-09-20,08:36,150000,golfpang,,,18홀,tr_220299734
스타,2026-09-20,06:44,170000,golfpang,,,18홀,tr_219985680
이븐데일,2026-09-20,06:52,104000,golfpang,,,18홀,tr_220513216
힐데스하임,2026-09-20,06:52,145000,golfpang,,,18홀,tr_220241090
속리산cc,2026-09-20,06:19,110000,golfpang,,,18홀,tr_219985077
킹스데일,2026-09-20,06:30,180000,golfpang,,,18홀,tr_219569843
중원,2026-09-20,06:29,130000,golfpang,,,18홀,tr_220401738
골프존 화랑,2026-09-20,06:27,165000,golfpang,,,18홀,tr_219957131
스타,2026-09-20,06:23,160000,golfpang,,,18홀,tr_219985679
프린세스,2026-09-20,06:41,155000,golfpang,,,18홀,tr_219426458
골프존 진천,2026-09-20,06:49,149000,golfpang,,,18홀,tr_220328625
대영힐스,2026-09-20,06:07,115000,golfpang,,,18홀,tr_220215752
힐데스하임,2026-09-20,06:00,140000,golfpang,,,18홀,tr_220241092
감곡,2026-09-20,17:59,100000,golfpang,,,18홀,tr_220375801
블랙스톤벨포레,2026-09-20,17:37,50000,golfpang,,,18홀,tr_220505509
감곡,2026-09-20,17:45,100000,golfpang,,,18홀,tr_220375800
일레븐,2026-09-20,17:44,60000,golfpang,,,18홀,tr_220422140
대영베이스,2026-09-20,17:08,99000,golfpang,,,18홀,tr_220215469
이븐데일,2026-09-20,17:19,55000,golfpang,,,18홀,tr_220513218
일레븐,2026-09-20,17:30,60000,golfpang,,,18홀,tr_220422139
솔라고,2026-09-20,14:03,120000,golfpang,,,18홀,tr_219425160
대영힐스,2026-09-20,17:03,85000,golfpang,,,18홀,tr_220215754
골프존 진천,2026-09-20,13:42,131000,golfpang,,,18홀,tr_220328627
스타,2026-09-20,13:51,140000,golfpang,,,18홀,tr_219985681
속리산cc,2026-09-20,13:11,130000,golfpang,,,18홀,tr_219985079
골프존 화랑,2026-09-20,13:27,155000,golfpang,,,18홀,tr_219957133
센테리움,2026-09-20,13:25,139000,golfpang,,,18홀,tr_220278750
골프존 진천,2026-09-20,12:32,141000,golfpang,,,18홀,tr_220328626
센테리움,2026-09-20,06:46,149000,golfpang,,,18홀,tr_220278749
킹스데일,2026-09-20,07:40,190000,golfpang,,,18홀,tr_219569844
프린세스,2026-09-20,07:44,160000,golfpang,,,18홀,tr_219426459
솔라고,2026-09-20,07:24,140000,golfpang,,,18홀,tr_219425159
중원,2026-09-20,08:21,140000,golfpang,,,18홀,tr_220401739
대영베이스,2026-09-20,08:07,149000,golfpang,,,18홀,tr_220215467
골프존 화랑,2026-09-20,11:42,165000,golfpang,,,18홀,tr_219957132
모카cc,2026-09-20,08:39,140000,golfpang,,,18홀,tr_220421894
모카cc,2026-09-20,08:32,140000,golfpang,,,18홀,tr_220421893
대영힐스,2026-09-20,12:18,129000,golfpang,,,18홀,tr_220215753
프린세스,2026-09-20,12:18,140000,golfpang,,,18홀,tr_219426460
일레븐,2026-09-20,18:05,60000,golfpang,,,18홀,tr_220422141
속리산cc,2026-09-20,12:01,150000,golfpang,,,18홀,tr_219985078
대영베이스,2026-09-20,11:59,145000,golfpang,,,18홀,tr_220215468
이븐데일,2026-09-20,11:58,95000,golfpang,,,18홀,tr_220513217
블랙스톤벨포레,2026-09-20,18:54,40000,golfpang,,,18홀,tr_220505511
감곡,2026-09-20,18:20,100000,golfpang,,,18홀,tr_220375802
힐데스하임,2026-09-20,11:57,160000,golfpang,,,18홀,tr_220241091
블랙스톤벨포레,2026-09-20,18:19,40000,golfpang,,,18홀,tr_220505510
라싸,2026-09-20,08:33,209000,golfpang,,,18홀,tr_220348675
코브스윙,2026-09-20,07:55,-1,golfpang,,,18홀,tr_220521019
라싸,2026-09-20,08:05,209000,golfpang,,,18홀,tr_220348673
라싸,2026-09-20,08:12,209000,golfpang,,,18홀,tr_220348674
파주,2026-09-20,07:34,220000,golfpang,,,18홀,tr_220513344
스프링베일-퍼9,2026-09-20,07:41,110000,golfpang,,,18홀,tr_220306991
몽베르(대중제),2026-09-20,06:54,220000,golfpang,,,18홀,tr_220289364
더플레이어스,2026-09-20,07:16,200000,golfpang,,,18홀,tr_219307175
더플레이어스,2026-09-20,06:41,190000,golfpang,,,18홀,tr_219307174
스프링베일-퍼9,2026-09-20,06:38,100000,golfpang,,,18홀,tr_220306990
푸른솔포천,2026-09-20,06:00,220000,golfpang,,,18홀,tr_220348976
포천힐스,2026-09-20,06:21,210000,golfpang,,,18홀,tr_220505607
몽베르(대중제),2026-09-20,18:03,120000,golfpang,,,18홀,tr_220289366
필로스,2026-09-20,18:00,120000,golfpang,,,18홀,tr_219692802
필로스,2026-09-20,17:34,120000,golfpang,,,18홀,tr_219692800
한림광릉,2026-09-20,17:38,130000,golfpang,,,18홀,tr_220417708
파주,2026-09-20,17:41,150000,golfpang,,,18홀,tr_220420209
파주,2026-09-20,17:20,150000,golfpang,,,18홀,tr_220420208
한림광릉,2026-09-20,17:24,130000,golfpang,,,18홀,tr_220417707
남춘천,2026-09-20,14:24,170000,golfpang,,,18홀,tr_220383078
남춘천,2026-09-20,14:17,170000,golfpang,,,18홀,tr_220383077
클럽모우,2026-09-20,14:16,165000,golfpang,,,18홀,tr_220514133
클럽모우,2026-09-20,13:55,145000,golfpang,,,18홀,tr_220325395
코브스윙,2026-09-20,13:55,170000,golfpang,,,18홀,tr_220494369
포천힐스,2026-09-20,13:34,180000,golfpang,,,18홀,tr_220505608
클럽모우,2026-09-20,13:34,145000,golfpang,,,18홀,tr_220325394
코브스윙,2026-09-20,13:41,170000,golfpang,,,18홀,tr_220494368
포천힐스,2026-09-20,13:48,180000,golfpang,,,18홀,tr_220505609
몽베르(대중제),2026-09-20,13:04,190000,golfpang,,,18홀,tr_220289365
푸른솔포천,2026-09-20,13:13,220000,golfpang,,,18홀,tr_220348977
스프링베일-퍼9,2026-09-20,13:25,95000,golfpang,,,18홀,tr_220306992
비콘힐스,2026-09-20,18:40,70000,golfpang,,,18홀,tr_220423468
비콘힐스,2026-09-20,18:54,70000,golfpang,,,18홀,tr_220423469
비콘힐스,2026-09-20,19:08,70000,golfpang,,,18홀,tr_220423470
파주,2026-09-20,18:30,140000,golfpang,,,18홀,tr_220420210
베스트밸리-퍼9,2026-09-20,18:09,120000,golfpang,,,18홀,tr_220514674
한림광릉,2026-09-20,18:20,130000,golfpang,,,18홀,tr_220417709
필로스,2026-09-20,17:47,120000,golfpang,,,18홀,tr_219692801
파주타이거,2026-09-20,17:47,150000,golfpang,,,18홀,tr_220520704
용인플라자,2026-09-20,18:05,140000,golfpang,,,18홀,tr_219527514
양지파인,2026-09-20,08:30,199000,golfpang,,,18홀,tr_220346891
캐슬렉스,2026-09-20,08:38,250000,golfpang,,,18홀,tr_220325335
유니아일랜드,2026-09-20,11:15,150000,golfpang,,,18홀,tr_219933657
캐슬렉스,2026-09-20,08:45,250000,golfpang,,,18홀,tr_220325336
양지파인,2026-09-20,08:07,199000,golfpang,,,18홀,tr_220346890
루트52,2026-09-20,08:02,220000,golfpang,,,18홀,tr_219716364
이천실크밸리,2026-09-20,08:20,180000,golfpang,,,18홀,tr_219914029
이천실크밸리,2026-09-20,07:24,160000,golfpang,,,18홀,tr_219914028
포웰(안성)cc,2026-09-20,06:46,165000,golfpang,,,18홀,tr_220402093
양평TPC,2026-09-20,06:52,170000,golfpang,,,18홀,tr_220391954
포웰(안성)cc,2026-09-20,07:00,165000,golfpang,,,18홀,tr_220402092
포웰(안성)cc,2026-09-20,07:14,165000,golfpang,,,18홀,tr_220402091
유니아일랜드,2026-09-20,07:11,180000,golfpang,,,18홀,tr_219933656
캐슬렉스,2026-09-20,07:28,250000,golfpang,,,18홀,tr_220325334
해솔리아,2026-09-20,06:28,160000,golfpang,,,18홀,tr_220297348
이글몬트,2026-09-20,06:41,180000,golfpang,,,18홀,tr_220375982
골프존 안성H,2026-09-20,06:51,190000,golfpang,,,18홀,tr_220233096
360도,2026-09-20,06:00,155000,golfpang,,,18홀,tr_220422108
360도,2026-09-20,06:22,160000,golfpang,,,18홀,tr_220422109
유니아일랜드,2026-09-20,06:22,160000,golfpang,,,18홀,tr_219933655
골프존 안성W,2026-09-20,18:03,100000,golfpang,,,18홀,tr_220401805
아세코밸리-퍼9,2026-09-20,18:06,80000,golfpang,,,18홀,tr_220420841
아세코밸리-퍼9,2026-09-20,17:31,80000,golfpang,,,18홀,tr_220420839
아세코밸리-퍼9,2026-09-20,17:45,80000,golfpang,,,18홀,tr_220420840
클럽72,2026-09-20,17:43,130000,golfpang,,,18홀,tr_220347393
용인플라자,2026-09-20,17:09,140000,golfpang,,,18홀,tr_219527513
빅토리아-퍼9,2026-09-20,17:17,89000,golfpang,,,18홀,tr_220391638
골프존 안성W,2026-09-20,17:28,100000,golfpang,,,18홀,tr_220401804
골프존 안성W,2026-09-20,14:13,140000,golfpang,,,18홀,tr_220401803
골프존 안성H,2026-09-20,14:27,180000,golfpang,,,18홀,tr_220233098
골프존 안성H,2026-09-20,14:20,180000,golfpang,,,18홀,tr_220233097
세현,2026-09-20,13:52,200000,golfpang,,,18홀,tr_220347167
이글몬트,2026-09-20,14:00,170000,golfpang,,,18홀,tr_220375983
세현,2026-09-20,14:05,200000,golfpang,,,18홀,tr_220347168
양평TPC,2026-09-20,14:04,150000,golfpang,,,18홀,tr_220391955
클럽72-오션,2026-09-20,13:28,230000,golfpang,,,18홀,tr_220414629
빅토리아-퍼9,2026-09-20,13:41,114000,golfpang,,,18홀,tr_220391637
해솔리아,2026-09-20,13:40,150000,golfpang,,,18홀,tr_220297349
세현,2026-09-20,13:44,200000,golfpang,,,18홀,tr_220347166
클럽72-오션,2026-09-20,12:32,250000,golfpang,,,18홀,tr_220414628
스카이밸리,2026-09-20,12:01,190000,golfpang,,,18홀,tr_220289581
스카이밸리,2026-09-20,12:01,190000,golfpang,,,18홀,tr_220289580
그린힐,2026-09-20,19:06,90000,golfpang,,,18홀,tr_219833977
클럽72,2026-09-20,19:00,110000,golfpang,,,18홀,tr_220347395
그린힐,2026-09-20,18:59,90000,golfpang,,,18홀,tr_219833976
이천실크밸리,2026-09-20,18:17,80000,golfpang,,,18홀,tr_219914030
클럽72,2026-09-20,18:25,120000,golfpang,,,18홀,tr_220347394
그린힐,2026-09-20,18:38,90000,golfpang,,,18홀,tr_219833975
용인플라자,2026-09-20,18:34,140000,golfpang,,,18홀,tr_219527515
루트52,2026-09-20,08:16,220000,golfpang,,,18홀,tr_219716365
해솔리아,2026-09-20,18:04,110000,golfpang,,,18홀,tr_220297350
해솔리아,2026-09-20,11:41,160000,golfpang,,,18홀,tr_220305282
360도,2026-09-20,06:07,155000,golfpang,,,18홀,tr_220522458
360도,2026-09-20,06:22,160000,golfpang,,,18홀,tr_220522459
대영힐스,2026-09-20,13:30,129000,golfpang,,,18홀,tr_219870402
클럽72,2026-09-20,12:23,190000,golfpang,,,18홀,tr_219891625
힐마루 포천,2026-09-20,17:38,140000,golfpang,,,18홀,tr_219870358
속리산cc,2026-09-20,07:08,130000,golfpang,,,18홀,tr_219780233
일라이트,2026-09-20,06:35,135000,golfpang,,,18홀,tr_219780283
골프존 진천,2026-09-20,06:35,185000,golfpang,,,18홀,tr_219870438
백제,2026-09-20,14:08,140000,golfpang,,,18홀,tr_219780232
베르힐(영종),2026-09-20,17:36,180000,golfpang,,,18홀,tr_219870655
골프존 화랑,2026-09-20,07:30,175000,golfpang,,,18홀,tr_219870478
모카cc,2026-09-20,14:24,120000,golfpang,,,18홀,tr_220401387
남양주(퍼9),2026-09-20,11:54,139000,golfpang,,,18홀,tr_220207976
양평TPC,2026-09-20,13:57,150000,golfpang,,,18홀,tr_220395458
한림안성(퍼9),2026-09-20,13:12,130000,golfpang,,,18홀,tr_219996660
양평TPC,2026-09-20,12:40,160000,golfpang,,,18홀,tr_220395457
포천힐스,2026-09-20,12:52,200000,golfpang,,,18홀,tr_219777727
포레스트힐,2026-09-20,18:52,110000,golfpang,,,18홀,tr_220395461
베뉴지,2026-09-20,08:08,170000,golfpang,,,18홀,tr_220207981
남양주(퍼9),2026-09-20,07:47,149000,golfpang,,,18홀,tr_220207975
중원,2026-09-20,07:46,140000,golfpang,,,18홀,tr_220346148
중원,2026-09-20,07:04,130000,golfpang,,,18홀,tr_220346164
클럽모우,2026-09-20,07:12,180000,golfpang,,,18홀,tr_219556859
남양주(퍼9),2026-09-20,08:14,149000,golfpang,,,18홀,tr_220398417
프린세스,2026-09-20,14:03,140000,golfpang,,,18홀,tr_220522168
프린세스,2026-09-20,06:48,140000,golfpang,,,18홀,tr_220522166
프린세스,2026-09-20,07:37,150000,golfpang,,,18홀,tr_220522167
포세븐 금강,2026-09-20,14:00,145000,golfpang,,,18홀,tr_220522162
한림용인,2026-09-20,18:13,133000,golfpang,,,18홀,tr_220522138
솔트베이,2026-09-20,16:51,169000,golfpang,,,18홀,tr_220522061
더플레이어스,2026-09-20,07:30,160000,golfpang,,,18홀,tr_220522059
솔트베이,2026-09-20,12:31,230000,golfpang,,,18홀,tr_220521956
스타,2026-09-20,18:31,80000,golfpang,,,18홀,tr_220521759
스타,2026-09-20,06:29,160000,golfpang,,,18홀,tr_220521757
스타,2026-09-20,11:38,170000,golfpang,,,18홀,tr_220521758
떼제베(동북),2026-09-20,17:34,90000,golfpang,,,18홀,tr_220521740
떼제베(동북),2026-09-20,05:57,100000,golfpang,,,18홀,tr_220521738
떼제베(동북),2026-09-20,06:39,110000,golfpang,,,18홀,tr_220521739
감곡,2026-09-20,18:34,100000,golfpang,,,18홀,tr_220521701
감곡,2026-09-20,18:06,100000,golfpang,,,18홀,tr_220521700
감곡,2026-09-20,17:59,100000,golfpang,,,18홀,tr_220521699
안성베네스트(챌),2026-09-20,07:47,199000,golfpang,,,18홀,tr_220513167
안성베네스트(챌),2026-09-20,13:52,169000,golfpang,,,18홀,tr_220513169
블랙스톤벨포레,2026-09-20,18:19,40000,golfpang,,,18홀,tr_220521676
블랙스톤벨포레,2026-09-20,18:33,40000,golfpang,,,18홀,tr_220521677
블랙스톤벨포레,2026-09-20,17:30,50000,golfpang,,,18홀,tr_220521675
클럽72-오션,2026-09-20,12:11,210000,golfpang,,,18홀,tr_220441224
알프스대영,2026-09-20,16:54,69000,golfpang,,,18홀,tr_220399100
아세코밸리-퍼9,2026-09-20,16:49,100000,golfpang,,,18홀,tr_220392130
남양주(퍼9),2026-09-20,16:47,109000,golfpang,,,18홀,tr_220402564
대호단양,2026-09-20,17:02,99000,golfpang,,,18홀,tr_220470544
라싸,2026-09-20,13:49,179100,golfpang,,,18홀,tr_220476497
동서울cc-퍼9,2026-09-20,13:59,79000,golfpang,,,18홀,tr_220174584
골프존 화랑,2026-09-20,14:02,129000,golfpang,,,18홀,tr_220469533
에덴블루,2026-09-20,14:00,142500,golfpang,,,18홀,tr_220392653
속리산cc,2026-09-20,14:07,120000,golfpang,,,18홀,tr_220505520
속리산cc,2026-09-20,14:07,120000,golfpang,,,18홀,tr_220505519
용인(비공개),2026-09-20,14:06,180000,golfpang,,,18홀,tr_219990092
힐데스하임,2026-09-20,14:04,145000,golfpang,,,18홀,tr_219621127
프린세스,2026-09-20,14:03,140000,golfpang,,,18홀,tr_220485344
골프존 안성W,2026-09-20,13:31,140000,golfpang,,,18홀,tr_220411702
예미지,2026-09-20,13:29,170000,golfpang,,,18홀,tr_220483801
자유로,2026-09-20,13:37,200000,golfpang,,,18홀,tr_220261675
힐데스하임,2026-09-20,13:34,150000,golfpang,,,18홀,tr_219621126
플라밍고,2026-09-20,13:32,150000,golfpang,,,18홀,tr_220233182
푸른솔포천,2026-09-20,13:41,210000,golfpang,,,18홀,tr_220148966
해솔리아,2026-09-20,13:40,150000,golfpang,,,18홀,tr_220437110
알펜시아700,2026-09-20,13:38,90000,golfpang,,,18홀,tr_220324838
세현,2026-09-20,13:44,200000,golfpang,,,18홀,tr_220389773
용인(비공개),2026-09-20,13:52,180000,golfpang,,,18홀,tr_219990091
골프존 안성W,2026-09-20,13:51,140000,golfpang,,,18홀,tr_220411703
세현,2026-09-20,13:51,200000,golfpang,,,18홀,tr_220389774
솔라고,2026-09-20,13:00,140000,golfpang,,,18홀,tr_220036017
몽베르(대중제),2026-09-20,13:00,190000,golfpang,,,18홀,tr_219718154
벨라스톤,2026-09-20,13:00,159000,golfpang,,,18홀,tr_220197615
세현,2026-09-20,13:09,230000,golfpang,,,18홀,tr_220389772
센추리21,2026-09-20,13:14,125000,golfpang,,,18홀,tr_220026625
레인보우힐스,2026-09-20,13:13,255000,golfpang,,,18홀,tr_220057210
백제,2026-09-20,13:12,130000,golfpang,,,18홀,tr_220180628
양주,2026-09-20,13:20,300000,golfpang,,,18홀,tr_219749201
빅토리아-퍼9,2026-09-20,13:20,114000,golfpang,,,18홀,tr_220389649
레인보우힐스,2026-09-20,13:20,255000,golfpang,,,18홀,tr_220057209
클럽모우,2026-09-20,13:27,165000,golfpang,,,18홀,tr_220145455
스프링베일-퍼9,2026-09-20,13:25,95000,golfpang,,,18홀,tr_220142447
옥스필드,2026-09-20,12:34,99000,golfpang,,,18홀,tr_220399730
솔트베이,2026-09-20,12:32,230000,golfpang,,,18홀,tr_220390141
플라밍고,2026-09-20,12:29,160000,golfpang,,,18홀,tr_220233181
로얄링스,2026-09-20,12:41,120000,golfpang,,,18홀,tr_220215194
오로라,2026-09-20,12:39,140000,golfpang,,,18홀,tr_220193025
양주,2026-09-20,12:38,300000,golfpang,,,18홀,tr_219749200
골든베이,2026-09-20,12:45,130000,golfpang,,,18홀,tr_219597032
포천힐스,2026-09-20,12:45,200000,golfpang,,,18홀,tr_220148780
예미지,2026-09-20,12:54,175000,golfpang,,,18홀,tr_220483800
베스트밸리-퍼9,2026-09-20,12:56,160000,golfpang,,,18홀,tr_220130400
모나크,2026-09-20,12:56,140000,golfpang,,,18홀,tr_220478924
로얄포레,2026-09-20,13:02,109000,golfpang,,,18홀,tr_220399187
알펜시아명문,2026-09-20,11:56,140000,golfpang,,,18홀,tr_219622627
해솔리아,2026-09-20,11:55,160000,golfpang,,,18홀,tr_220437111
스카이밸리,2026-09-20,12:01,190000,golfpang,,,18홀,tr_220468607
올데이,2026-09-20,12:20,89000,golfpang,,,18홀,tr_220454623
스카이밸리,2026-09-20,12:15,190000,golfpang,,,18홀,tr_220468608
알펜시아명문,2026-09-20,12:24,140000,golfpang,,,18홀,tr_219622628
파주,2026-09-20,12:20,210000,golfpang,,,18홀,tr_220145600
세레니티-강촌,2026-09-20,12:35,180000,golfpang,,,18홀,tr_220139374
파인스톤,2026-09-20,11:10,220000,golfpang,,,18홀,tr_220190289
유니아일랜드,2026-09-20,10:54,160000,golfpang,,,18홀,tr_220392702
대호단양,2026-09-20,11:38,159000,golfpang,,,18홀,tr_220470543
스타,2026-09-20,11:37,170000,golfpang,,,18홀,tr_220483716
올데이,2026-09-20,11:52,109000,golfpang,,,18홀,tr_220454622
솔트베이,2026-09-20,11:50,230000,golfpang,,,18홀,tr_220390140
블랙스톤벨포레,2026-09-20,18:26,40000,golfpang,,,18홀,tr_220481071
용인플라자,2026-09-20,18:26,140000,golfpang,,,18홀,tr_220392685
이천실크밸리,2026-09-20,18:31,75000,golfpang,,,18홀,tr_220442325
포레스트힐,2026-09-20,18:31,110000,golfpang,,,18홀,tr_220148567
떼제베(동북),2026-09-20,18:30,80000,golfpang,,,18홀,tr_220478897
포레스트힐,2026-09-20,18:38,110000,golfpang,,,18홀,tr_220148568
떼제베,2026-09-20,18:37,100000,golfpang,,,18홀,tr_220476853
비콘힐스,2026-09-20,18:33,70000,golfpang,,,18홀,tr_220440188
떼제베(동북),2026-09-20,18:44,80000,golfpang,,,18홀,tr_220478898
한림용인,2026-09-20,18:06,135000,golfpang,,,18홀,tr_220393120
한림광릉,2026-09-20,18:06,140000,golfpang,,,18홀,tr_220361679
파주타이거,2026-09-20,18:05,160000,golfpang,,,18홀,tr_220148348
알펜시아700,2026-09-20,18:05,50000,golfpang,,,18홀,tr_220324839
샤인데일,2026-09-20,18:04,70000,golfpang,,,18홀,tr_220138982
대영베이스,2026-09-20,18:08,95000,golfpang,,,18홀,tr_220469764
감곡,2026-09-20,18:13,100000,golfpang,,,18홀,tr_220399402
아난티중앙(야간),2026-09-20,18:11,100000,golfpang,,,18홀,tr_220149888
모나크,2026-09-20,18:16,90000,golfpang,,,18홀,tr_220478925
옥스필드,2026-09-20,18:15,59000,golfpang,,,18홀,tr_220399731
골프존 화랑,2026-09-20,18:14,65000,golfpang,,,18홀,tr_220469534
오로라,2026-09-20,18:14,80000,golfpang,,,18홀,tr_220193027
감곡,2026-09-20,18:20,100000,golfpang,,,18홀,tr_220399401
용인플라자,2026-09-20,18:20,140000,golfpang,,,18홀,tr_220392684
블랙스톤벨포레,2026-09-20,18:19,40000,golfpang,,,18홀,tr_220481070
플라밍고,2026-09-20,18:17,120000,golfpang,,,18홀,tr_220233183
샤인데일,2026-09-20,17:57,70000,golfpang,,,18홀,tr_220138981
이천실크밸리,2026-09-20,17:56,75000,golfpang,,,18홀,tr_220442324
골프존 송도(구.오렌지듄스),2026-09-20,17:56,139000,golfpang,,,18홀,tr_220393411
베스트밸리-퍼9,2026-09-20,17:55,120000,golfpang,,,18홀,tr_220130401
필로스,2026-09-20,17:54,120000,golfpang,,,18홀,tr_220149119
빅토리아-퍼9,2026-09-20,18:00,89000,golfpang,,,18홀,tr_220389651
세레니티cc,2026-09-20,17:59,130000,golfpang,,,18홀,tr_220483276
감곡,2026-09-20,17:59,100000,golfpang,,,18홀,tr_220399400
해솔리아,2026-09-20,18:04,110000,golfpang,,,18홀,tr_220437112
에덴블루,2026-09-20,18:04,89900,golfpang,,,18홀,tr_220392654
동서울cc-퍼9,2026-09-20,18:03,40000,golfpang,,,18홀,tr_220174585
파주,2026-09-20,18:02,140000,golfpang,,,18홀,tr_220145601
아난티중앙(야간),2026-09-20,18:02,100000,golfpang,,,18홀,tr_220149887
필로스,2026-09-20,18:00,120000,golfpang,,,18홀,tr_220149120
대영힐스,2026-09-20,17:38,85000,golfpang,,,18홀,tr_220470013
블랙스톤벨포레,2026-09-20,17:37,50000,golfpang,,,18홀,tr_220481069
스프링베일-퍼9,2026-09-20,17:36,80000,golfpang,,,18홀,tr_220142448
필로스,2026-09-20,17:40,120000,golfpang,,,18홀,tr_220149118
이천실크밸리,2026-09-20,17:49,75000,golfpang,,,18홀,tr_220442326
프린세스,2026-09-20,17:48,95000,golfpang,,,18홀,tr_220485345
떼제베(동북),2026-09-20,17:13,90000,golfpang,,,18홀,tr_220478896
아세코밸리-퍼9,2026-09-20,17:10,100000,golfpang,,,18홀,tr_220392131
떼제베,2026-09-20,17:20,110000,golfpang,,,18홀,tr_220476851
오로라,2026-09-20,17:18,90000,golfpang,,,18홀,tr_220193026
한림용인,2026-09-20,17:17,140000,golfpang,,,18홀,tr_220393118
빅토리아-퍼9,2026-09-20,17:17,89000,golfpang,,,18홀,tr_220389650
알프스대영,2026-09-20,17:15,59000,golfpang,,,18홀,tr_220399101
남양주(퍼9),2026-09-20,17:14,109000,golfpang,,,18홀,tr_220402565
한림용인,2026-09-20,17:24,140000,golfpang,,,18홀,tr_220393119
한림광릉,2026-09-20,17:24,140000,golfpang,,,18홀,tr_220361678
센추리21,2026-09-20,17:26,70000,golfpang,,,18홀,tr_220026626
세레니티-강촌,2026-09-20,17:25,120000,golfpang,,,18홀,tr_220139375
안성베네스트(클),2026-09-20,14:13,179000,golfpang,,,18홀,tr_220392180
안성베네스트(클),2026-09-20,14:13,179000,golfpang,,,18홀,tr_220392179
세레니티cc,2026-09-20,14:09,260000,golfpang,,,18홀,tr_220483275
솔라고,2026-09-20,14:23,120000,golfpang,,,18홀,tr_220036018
동촌,2026-09-20,14:22,155000,golfpang,,,18홀,tr_220476724
백제,2026-09-20,14:15,120000,golfpang,,,18홀,tr_220180629
중원,2026-09-20,14:15,130000,golfpang,,,18홀,tr_220484738
대영힐스,2026-09-20,18:41,65000,golfpang,,,18홀,tr_220470014
비콘힐스,2026-09-20,18:40,70000,golfpang,,,18홀,tr_220440189
용인플라자,2026-09-20,18:40,140000,golfpang,,,18홀,tr_220392686
골프존 송도(구.오렌지듄스),2026-09-20,18:38,129000,golfpang,,,18홀,tr_220393412
비콘힐스,2026-09-20,18:47,70000,golfpang,,,18홀,tr_220440187
파인스톤,2026-09-20,18:46,120000,golfpang,,,18홀,tr_220190290
스타,2026-09-20,18:45,80000,golfpang,,,18홀,tr_220483717
골프존 송도(구.오렌지듄스),2026-09-20,18:45,129000,golfpang,,,18홀,tr_220393413
리베라,2026-09-20,18:45,110000,golfpang,,,18홀,tr_220494290
그린힐,2026-09-20,18:52,80000,golfpang,,,18홀,tr_220401983
솔트베이,2026-09-20,18:50,149000,golfpang,,,18홀,tr_220390142
리베라,2026-09-20,19:06,110000,golfpang,,,18홀,tr_220494292
에덴블루,2026-09-20,19:03,79900,golfpang,,,18홀,tr_220392655
대영힐스,2026-09-20,19:02,59000,golfpang,,,18홀,tr_220470015
클럽72,2026-09-20,19:00,110000,golfpang,,,18홀,tr_220127340
리베라,2026-09-20,18:59,110000,golfpang,,,18홀,tr_220494291
포웰(안성)cc,2026-09-20,19:21,82000,golfpang,,,18홀,tr_220128012
그린힐,2026-09-20,19:13,80000,golfpang,,,18홀,tr_220401984
포웰(안성)cc,2026-09-20,18:25,92000,golfpang,,,18홀,tr_220128011
포레스트힐,2026-09-20,18:24,110000,golfpang,,,18홀,tr_220148566
떼제베,2026-09-20,18:30,100000,golfpang,,,18홀,tr_220476852
비에이비스타(퍼),2026-09-20,12:50,150000,golfpang,,,18홀,tr_220521619
오너스,2026-09-20,12:12,170000,golfpang,,,18홀,tr_220324498
오너스,2026-09-20,08:28,160000,golfpang,,,18홀,tr_220324497
파주,2026-09-20,17:20,150000,golfpang,,,18홀,tr_220150704
파주,2026-09-20,07:06,220000,golfpang,,,18홀,tr_220513342
파주,2026-09-20,16:31,160000,golfpang,,,18홀,tr_220150703
파주,2026-09-20,18:02,140000,golfpang,,,18홀,tr_220150705
파주타이거,2026-09-20,13:36,170000,golfpang,,,18홀,tr_220221734
파주타이거,2026-09-20,07:03,190000,golfpang,,,18홀,tr_220221733
파주타이거,2026-09-20,18:05,150000,golfpang,,,18홀,tr_220221735
파주타이거,2026-09-20,17:35,150000,golfpang,,,18홀,tr_220515088
클럽모우,2026-09-20,14:02,315000,golfpang,,,18홀,tr_220440179
해솔리아,2026-09-20,13:47,150000,golfpang,,,18홀,tr_220431583
한림광릉,2026-09-20,17:10,130000,golfpang,,,18홀,tr_220439941
골프존 안성H,2026-09-20,14:20,180000,golfpang,,,18홀,tr_220423982
속리산cc,2026-09-20,14:14,110000,golfpang,,,18홀,tr_220437223
골프존 안성W,2026-09-20,17:35,100000,golfpang,,,18홀,tr_220431176
알펜시아명문,2026-09-20,06:14,100000,golfpang,,,18홀,tr_220494001
킹스데일,2026-09-20,06:58,170000,golfpang,,,18홀,tr_220439698
중원,2026-09-20,06:29,140000,golfpang,,,18홀,tr_220439694
라데나,2026-09-20,06:17,190000,golfpang,,,18홀,tr_220431640
해솔리아,2026-09-20,07:17,170000,golfpang,,,18홀,tr_220503665
이븐데일,2026-09-20,07:21,109000,golfpang,,,18홀,tr_220437316
클럽D 보은,2026-09-20,07:23,150000,golfpang,,,18홀,tr_220434434
360도,2026-09-20,07:00,170000,golfpang,,,18홀,tr_220431185
모나크,2026-09-20,13:38,140000,golfpang,,,18홀,tr_220437040
알펜시아명문,2026-09-20,12:45,130000,golfpang,,,18홀,tr_220434096
백제,2026-09-20,13:19,130000,golfpang,,,18홀,tr_220437135
동촌,2026-09-20,08:40,190000,golfpang,,,18홀,tr_220434488
로얄링스,2026-09-20,11:59,100000,golfpang,,,18홀,tr_220436965
프린세스,2026-09-20,07:37,150000,golfpang,,,18홀,tr_220439770
모카cc,2026-09-20,07:36,150000,golfpang,,,18홀,tr_220437081
포웰(안성)cc,2026-09-20,07:49,165000,golfpang,,,18홀,tr_220431485
골프존 화랑,2026-09-20,08:05,149000,golfpang,,,18홀,tr_220431282
킹즈락,2026-09-20,08:02,140000,golfpang,,,18홀,tr_220439714
로얄링스,2026-09-20,07:59,100000,golfpang,,,18홀,tr_220434527
더플레이어스,2026-09-20,07:58,180000,golfpang,,,18홀,tr_220431623
클럽모우,2026-09-20,06:51,175000,golfpang,,,18홀,tr_220434270
벨라스톤,2026-09-20,07:10,159000,golfpang,,,18홀,tr_220431646
알펜시아700,2026-09-20,07:08,100000,golfpang,,,18홀,tr_220434104
스마트KU,2026-09-20,14:03,200000,golfpang,,,18홀,tr_220336664
스마트KU,2026-09-20,13:31,200000,golfpang,,,18홀,tr_220336665
클럽모우,2026-09-20,13:55,165000,golfpang,,,18홀,tr_220519802
클럽모우,2026-09-20,13:55,145000,golfpang,,,18홀,tr_220390225
클럽모우,2026-09-20,13:34,145000,golfpang,,,18홀,tr_220390224
푸른솔포천,2026-09-20,06:07,220000,golfpang,,,18홀,tr_220390104
푸른솔포천,2026-09-20,14:02,210000,golfpang,,,18홀,tr_220390105
클럽모우,2026-09-20,07:47,180000,golfpang,,,18홀,tr_220519801
라싸,2026-09-20,18:49,129000,golfpang,,,18홀,tr_220519546
라싸,2026-09-20,19:03,129000,golfpang,,,18홀,tr_220519548
라싸,2026-09-20,18:56,129000,golfpang,,,18홀,tr_220519547
베스트밸리-퍼9,2026-09-20,18:30,120000,golfpang,,,18홀,tr_220520313
라싸,2026-09-20,18:28,129000,golfpang,,,18홀,tr_220519196
파주,2026-09-20,18:37,140000,golfpang,,,18홀,tr_220518945
라싸,2026-09-20,18:35,129000,golfpang,,,18홀,tr_220519545
파주타이거,2026-09-20,18:11,150000,golfpang,,,18홀,tr_220521210
파주,2026-09-20,17:48,150000,golfpang,,,18홀,tr_220518943
스프링베일-퍼9,2026-09-20,17:43,-1,golfpang,,,18홀,tr_220520987
파주타이거,2026-09-20,17:53,150000,golfpang,,,18홀,tr_220520705
라싸,2026-09-20,17:53,129000,golfpang,,,18홀,tr_220519193
스프링베일-퍼9,2026-09-20,17:50,-1,golfpang,,,18홀,tr_220521245
파주,2026-09-20,16:59,160000,golfpang,,,18홀,tr_220519276
파주,2026-09-20,17:34,150000,golfpang,,,18홀,tr_220518942
파주,2026-09-20,17:27,150000,golfpang,,,18홀,tr_220519277
클럽모우,2026-09-20,14:09,165000,golfpang,,,18홀,tr_220519803
코브스윙,2026-09-20,14:30,-1,golfpang,,,18홀,tr_220521032
푸른솔포천,2026-09-20,14:02,210000,golfpang,,,18홀,tr_220520389
클럽모우,2026-09-20,14:02,165000,golfpang,,,18홀,tr_220519804
포천힐스,2026-09-20,13:34,210000,golfpang,,,18홀,tr_220519995
포천힐스,2026-09-20,13:41,210000,golfpang,,,18홀,tr_220519996
포천힐스,2026-09-20,13:20,210000,golfpang,,,18홀,tr_220519994
포천힐스,2026-09-20,18:32,120000,golfpang,,,18홀,tr_220520398
스프링베일-퍼9,2026-09-20,06:17,-1,golfpang,,,18홀,tr_220520986
남양주(퍼9),2026-09-20,13:00,139000,golfpang,,,18홀,tr_220518791
남양주(퍼9),2026-09-20,16:20,109000,golfpang,,,18홀,tr_220518792
남양주(퍼9),2026-09-20,08:14,149000,golfpang,,,18홀,tr_220518790
몽베르(대중제),2026-09-20,07:36,220000,golfpang,,,18홀,tr_220518744
몽베르(대중제),2026-09-20,13:00,190000,golfpang,,,18홀,tr_220518745
몽베르(대중제),2026-09-20,17:56,120000,golfpang,,,18홀,tr_220518746
포웰(안성)cc,2026-09-20,18:46,75000,golfpang,,,18홀,tr_220518722
포웰(안성)cc,2026-09-20,05:57,145000,golfpang,,,18홀,tr_220518721
포웰(안성)cc,2026-09-20,08:10,175000,golfpang,,,18홀,tr_220518723
젠스필드,2026-09-20,18:44,70000,golfpang,,,18홀,tr_220258881
파주,2026-09-20,10:42,210000,golfpang,,,18홀,tr_220421724
라싸,2026-09-20,18:42,129000,golfpang,,,18홀,tr_220516439
베스트밸리-퍼9,2026-09-20,18:23,120000,golfpang,,,18홀,tr_220517548
파주타이거,2026-09-20,18:17,150000,golfpang,,,18홀,tr_220517976
라싸,2026-09-20,18:35,129000,golfpang,,,18홀,tr_220516438
파주타이거,2026-09-20,17:59,150000,golfpang,,,18홀,tr_220518504
파주타이거,2026-09-20,17:59,150000,golfpang,,,18홀,tr_220517975
베스트밸리-퍼9,2026-09-20,18:16,120000,golfpang,,,18홀,tr_220517547
파주타이거,2026-09-20,18:11,150000,golfpang,,,18홀,tr_220517974
스프링베일-퍼9,2026-09-20,17:36,-1,golfpang,,,18홀,tr_220518274
파주,2026-09-20,17:34,150000,golfpang,,,18홀,tr_220516191
파주,2026-09-20,17:55,150000,golfpang,,,18홀,tr_220516506
라싸,2026-09-20,17:53,129000,golfpang,,,18홀,tr_220516437
파주타이거,2026-09-20,17:53,150000,golfpang,,,18홀,tr_220518506
파주타이거,2026-09-20,17:41,150000,golfpang,,,18홀,tr_220518503
클럽모우,2026-09-20,14:16,165000,golfpang,,,18홀,tr_220517007
클럽모우,2026-09-20,13:48,165000,golfpang,,,18홀,tr_220517006
코브스윙,2026-09-20,13:48,-1,golfpang,,,18홀,tr_220518288
포천힐스,2026-09-20,13:48,210000,golfpang,,,18홀,tr_220517646
스마트KU,2026-09-20,13:56,230000,golfpang,,,18홀,tr_220517786
클럽모우,2026-09-20,13:55,165000,golfpang,,,18홀,tr_220517008
포천힐스,2026-09-20,13:34,210000,golfpang,,,18홀,tr_220517215
파주,2026-09-20,12:34,210000,golfpang,,,18홀,tr_220516190
포천힐스,2026-09-20,08:06,260000,golfpang,,,18홀,tr_220517645
베스트밸리-퍼9,2026-09-20,07:01,170000,golfpang,,,18홀,tr_220517515
포천힐스,2026-09-20,07:31,260000,golfpang,,,18홀,tr_220517216
포천힐스,2026-09-20,07:24,260000,golfpang,,,18홀,tr_220517643
스프링베일-퍼9,2026-09-20,07:41,-1,golfpang,,,18홀,tr_220518531
파주,2026-09-20,18:44,140000,golfpang,,,18홀,tr_220516507
스마트KU,2026-09-20,06:37,240000,golfpang,,,18홀,tr_220517529
파주,2026-09-20,06:24,210000,golfpang,,,18홀,tr_220516189
모나크,2026-09-20,12:56,140000,golfpang,,,18홀,tr_220516124
모나크,2026-09-20,13:31,140000,golfpang,,,18홀,tr_220516125
모나크,2026-09-20,06:18,150000,golfpang,,,18홀,tr_220516123
골프존 송도(구.오렌지듄스),2026-09-20,13:22,179000,golfpang,,,18홀,tr_220259546
골프존 송도(구.오렌지듄스),2026-09-20,12:54,179000,golfpang,,,18홀,tr_220165833
클럽72,2026-09-20,18:18,120000,golfpang,,,18홀,tr_220515734
한림용인,2026-09-20,18:13,133000,golfpang,,,18홀,tr_220515679
스프링베일-퍼9,2026-09-20,06:10,-1,golfpang,,,18홀,tr_220515367
코브스윙,2026-09-20,13:55,-1,golfpang,,,18홀,tr_220515404
스프링베일-퍼9,2026-09-20,06:38,-1,golfpang,,,18홀,tr_220515621
파주타이거,2026-09-20,18:17,150000,golfpang,,,18홀,tr_220515590
포천힐스,2026-09-20,18:39,120000,golfpang,,,18홀,tr_220514339
라싸,2026-09-20,18:07,129000,golfpang,,,18홀,tr_220513608
라싸,2026-09-20,17:46,129000,golfpang,,,18홀,tr_220513685
파주,2026-09-20,17:41,150000,golfpang,,,18홀,tr_220513691
베스트밸리-퍼9,2026-09-20,18:02,120000,golfpang,,,18홀,tr_220514673
파주,2026-09-20,17:20,150000,golfpang,,,18홀,tr_220513348
파주타이거,2026-09-20,17:41,150000,golfpang,,,18홀,tr_220515090
스마트KU,2026-09-20,13:49,230000,golfpang,,,18홀,tr_220514656
포천힐스,2026-09-20,13:27,210000,golfpang,,,18홀,tr_220514757
파주,2026-09-20,13:09,210000,golfpang,,,18홀,tr_220513690
푸른솔포천,2026-09-20,13:13,220000,golfpang,,,18홀,tr_220514706
파주,2026-09-20,11:45,210000,golfpang,,,18홀,tr_220513346
파주,2026-09-20,12:41,210000,golfpang,,,18홀,tr_220513689
베스트밸리-퍼9,2026-09-20,07:50,170000,golfpang,,,18홀,tr_220514672
파주,2026-09-20,07:27,220000,golfpang,,,18홀,tr_220513343
파주,2026-09-20,07:41,220000,golfpang,,,18홀,tr_220513345
스마트KU,2026-09-20,06:30,240000,golfpang,,,18홀,tr_220514899
라싸,2026-09-20,18:21,129000,golfpang,,,18홀,tr_220513610
라싸,2026-09-20,18:56,129000,golfpang,,,18홀,tr_220513612
라싸,2026-09-20,19:03,129000,golfpang,,,18홀,tr_220513613
라싸,2026-09-20,18:49,129000,golfpang,,,18홀,tr_220513611
포천힐스,2026-09-20,06:00,220000,golfpang,,,18홀,tr_220514337
파주,2026-09-20,18:51,140000,golfpang,,,18홀,tr_220513349
파주,2026-09-20,05:14,190000,golfpang,,,18홀,tr_220513341
비에이비스타(퍼),2026-09-20,18:13,110000,golfpang,,,18홀,tr_220513288
필로스,2026-09-20,17:40,120000,golfpang,,,18홀,tr_220513259
프린세스,2026-09-20,06:47,140000,golfpang,,,18홀,tr_220396452
라싸,2026-09-20,17:32,119000,golfpang,,,18홀,tr_220499767
360도,2026-09-20,06:45,170000,golfpang,,,18홀,tr_220513149
360도,2026-09-20,06:22,160000,golfpang,,,18홀,tr_220513150
세레니티-강촌,2026-09-20,17:25,120000,golfpang,,,18홀,tr_220513083
스톤비치,2026-09-20,17:23,70000,golfpang,,,18홀,tr_220513067
동강시스타,2026-09-20,11:50,110000,golfpang,,,18홀,tr_220002495
파주,2026-09-20,17:13,150000,golfpang,,,18홀,tr_220513022
블랙스톤벨포레,2026-09-20,18:19,40000,golfpang,,,18홀,tr_220513010
블랙스톤벨포레,2026-09-20,18:19,40000,golfpang,,,18홀,tr_220513009
블랙스톤벨포레,2026-09-20,17:37,50000,golfpang,,,18홀,tr_220513008
라싸,2026-09-20,17:53,119000,golfpang,,,18홀,tr_220512981
라싸,2026-09-20,17:46,119000,golfpang,,,18홀,tr_220512980
라싸,2026-09-20,17:46,119000,golfpang,,,18홀,tr_220512982
플라밍고,2026-09-20,17:07,90000,golfpang,,,18홀,tr_220512972
포천힐스,2026-09-20,08:06,230000,golfpang,,,18홀,tr_220512964
포천힐스,2026-09-20,13:20,180000,golfpang,,,18홀,tr_220512965
포천힐스,2026-09-20,06:21,210000,golfpang,,,18홀,tr_220512963
속리산cc,2026-09-20,06:19,110000,golfpang,,,18홀,tr_220512938
속리산cc,2026-09-20,13:11,120000,golfpang,,,18홀,tr_220512940
속리산cc,2026-09-20,07:08,130000,golfpang,,,18홀,tr_220512939
포천힐스,2026-09-20,13:34,180000,golfpang,,,18홀,tr_220512921
포천힐스,2026-09-20,13:20,180000,golfpang,,,18홀,tr_220512920
알프스대영,2026-09-20,18:25,40000,golfpang,,,18홀,tr_220279088
벨라스톤,2026-09-20,18:06,80000,golfpang,,,18홀,tr_220423254
옥스필드,2026-09-20,18:15,59000,golfpang,,,18홀,tr_220283426
오로라,2026-09-20,18:14,80000,golfpang,,,18홀,tr_220339364
오로라,2026-09-20,17:34,90000,golfpang,,,18홀,tr_220339363
벨라스톤,2026-09-20,17:45,80000,golfpang,,,18홀,tr_220423253
센추리21,2026-09-20,17:26,70000,golfpang,,,18홀,tr_220420306
센추리21(퍼),2026-09-20,17:26,60000,golfpang,,,18홀,tr_220420644
동서울cc-퍼9,2026-09-20,17:28,50000,golfpang,,,18홀,tr_219331999
센추리21,2026-09-20,14:10,125000,golfpang,,,18홀,tr_220420305
웰리힐리,2026-09-20,14:54,140000,golfpang,,,18홀,tr_219331539
동강시스타,2026-09-20,17:10,60000,golfpang,,,18홀,tr_219331857
벨라스톤,2026-09-20,13:56,140000,golfpang,,,18홀,tr_220423252
알프스대영,2026-09-20,13:27,99000,golfpang,,,18홀,tr_220279087
동서울cc-퍼9,2026-09-20,13:24,79000,golfpang,,,18홀,tr_219331998
파인밸리,2026-09-20,13:02,135000,golfpang,,,18홀,tr_219331597
파인밸리,2026-09-20,13:02,135000,golfpang,,,18홀,tr_219331598
동강시스타,2026-09-20,13:00,90000,golfpang,,,18홀,tr_219331856
알펜시아명문,2026-09-20,12:03,140000,golfpang,,,18홀,tr_219820969
센추리21(퍼),2026-09-20,12:26,100000,golfpang,,,18홀,tr_220420643
오로라,2026-09-20,12:39,140000,golfpang,,,18홀,tr_220339362
옥스필드,2026-09-20,12:34,109000,golfpang,,,18홀,tr_220283425
알펜시아700,2026-09-20,12:49,120000,golfpang,,,18홀,tr_219821114
웰리힐리,2026-09-20,08:30,190000,golfpang,,,18홀,tr_219331537
웰리힐리,2026-09-20,09:42,190000,golfpang,,,18홀,tr_219331538
알펜시아700,2026-09-20,08:46,120000,golfpang,,,18홀,tr_219821113
옥스필드,2026-09-20,07:56,119000,golfpang,,,18홀,tr_220283424
알펜시아명문,2026-09-20,08:06,150000,golfpang,,,18홀,tr_219820968
동강시스타,2026-09-20,08:01,120000,golfpang,,,18홀,tr_219331855
동서울cc-퍼9,2026-09-20,08:16,89000,golfpang,,,18홀,tr_219331997
센추리21(퍼),2026-09-20,06:28,100000,golfpang,,,18홀,tr_220420642
센추리21,2026-09-20,06:49,120000,golfpang,,,18홀,tr_220420304
알펜시아700,2026-09-20,06:47,100000,golfpang,,,18홀,tr_219821112
알펜시아명문,2026-09-20,06:56,110000,golfpang,,,18홀,tr_219820967
알프스대영,2026-09-20,06:05,95000,golfpang,,,18홀,tr_220279086
블랙스톤벨포레,2026-09-20,16:55,60000,golfpang,,,18홀,tr_220512915
감곡,2026-09-20,18:20,100000,golfpang,,,18홀,tr_220375617
떼제베,2026-09-20,18:37,100000,golfpang,,,18홀,tr_220441737
임페리얼레이크,2026-09-20,18:08,79000,golfpang,,,18홀,tr_220283041
모나크,2026-09-20,18:16,90000,golfpang,,,18홀,tr_220236073
떼제베(동북),2026-09-20,17:55,90000,golfpang,,,18홀,tr_220441699
감곡,2026-09-20,17:52,100000,golfpang,,,18홀,tr_220375615
떼제베,2026-09-20,17:20,110000,golfpang,,,18홀,tr_220441734
대영베이스,2026-09-20,17:41,89000,golfpang,,,18홀,tr_220287907
골프존 화랑,2026-09-20,14:02,129000,golfpang,,,18홀,tr_220361712
백제,2026-09-20,14:15,120000,golfpang,,,18홀,tr_220423584
떼제베(동북),2026-09-20,17:13,90000,golfpang,,,18홀,tr_220391411
떼제베,2026-09-20,17:13,110000,golfpang,,,18홀,tr_220342029
골든베이,2026-09-20,13:52,130000,golfpang,,,18홀,tr_219330546
백제,2026-09-20,13:12,130000,golfpang,,,18홀,tr_220423583
플라밍고,2026-09-20,13:32,150000,golfpang,,,18홀,tr_220118286
보령베이스-퍼9,2026-09-20,13:41,89000,golfpang,,,18홀,tr_219331049
스타,2026-09-20,13:51,140000,golfpang,,,18홀,tr_220376450
예미지,2026-09-20,12:47,175000,golfpang,,,18홀,tr_220391528
모나크,2026-09-20,12:56,140000,golfpang,,,18홀,tr_220236072
로얄포레,2026-09-20,13:02,119000,golfpang,,,18홀,tr_220283271
대영힐스,2026-09-20,13:23,129000,golfpang,,,18홀,tr_220287599
예미지,2026-09-20,13:22,170000,golfpang,,,18홀,tr_220391529
대호단양,2026-09-20,12:06,149000,golfpang,,,18홀,tr_219330760
플라밍고,2026-09-20,12:29,160000,golfpang,,,18홀,tr_220118285
프린세스,2026-09-20,12:18,140000,golfpang,,,18홀,tr_219437688
대영힐스,2026-09-20,12:18,130000,golfpang,,,18홀,tr_220287598
골프존 진천,2026-09-20,12:32,141000,golfpang,,,18홀,tr_220347712
로얄포레,2026-09-20,08:10,149000,golfpang,,,18홀,tr_220283270
골프존 화랑,2026-09-20,08:33,149000,golfpang,,,18홀,tr_220361710
스톤비치,2026-09-20,08:27,140000,golfpang,,,18홀,tr_219373063
골든베이,2026-09-20,08:22,150000,golfpang,,,18홀,tr_219330545
킹스데일,2026-09-20,08:43,200000,golfpang,,,18홀,tr_220346003
골프존 화랑,2026-09-20,08:40,149000,golfpang,,,18홀,tr_220361711
임페리얼레이크,2026-09-20,11:31,139000,golfpang,,,18홀,tr_220283040
대호단양,2026-09-20,11:10,169000,golfpang,,,18홀,tr_219330759
힐데스하임,2026-09-20,11:57,160000,golfpang,,,18홀,tr_219929497
힐데스하임,2026-09-20,07:37,165000,golfpang,,,18홀,tr_219929496
대영베이스,2026-09-20,07:34,145000,golfpang,,,18홀,tr_220287905
센테리움,2026-09-20,07:56,159000,golfpang,,,18홀,tr_220345917
보령베이스-퍼9,2026-09-20,07:46,89000,golfpang,,,18홀,tr_219331048
프린세스,2026-09-20,07:44,160000,golfpang,,,18홀,tr_219437687
대영베이스,2026-09-20,08:07,149000,golfpang,,,18홀,tr_220287906
솔라고,2026-09-20,08:20,160000,golfpang,,,18홀,tr_219339921
임페리얼레이크,2026-09-20,08:10,149000,golfpang,,,18홀,tr_220283039
힐데스하임,2026-09-20,06:52,150000,golfpang,,,18홀,tr_219929495
센테리움,2026-09-20,07:14,159000,golfpang,,,18홀,tr_220345918
스톤비치,2026-09-20,07:10,130000,golfpang,,,18홀,tr_219373062
골프존 진천,2026-09-20,07:31,159000,golfpang,,,18홀,tr_220347711
스타,2026-09-20,07:19,170000,golfpang,,,18홀,tr_220376449
플라밍고,2026-09-20,06:20,160000,golfpang,,,18홀,tr_220118284
모나크,2026-09-20,06:18,150000,golfpang,,,18홀,tr_220236071
서산수,2026-09-20,06:36,220000,golfpang,,,18홀,tr_219911153
서산수,2026-09-20,06:36,220000,golfpang,,,18홀,tr_219911154
스톤비치,2026-09-20,06:35,120000,golfpang,,,18홀,tr_219373061
킹스데일,2026-09-20,06:30,170000,golfpang,,,18홀,tr_220346002
프린세스,2026-09-20,06:41,155000,golfpang,,,18홀,tr_219437686
골프존 진천,2026-09-20,06:56,149000,golfpang,,,18홀,tr_220347710
대영힐스,2026-09-20,06:07,119000,golfpang,,,18홀,tr_220287597
로얄포레,2026-09-20,05:57,109000,golfpang,,,18홀,tr_220283269
스타,2026-09-20,06:23,160000,golfpang,,,18홀,tr_220376448
보령베이스-퍼9,2026-09-20,18:33,45000,golfpang,,,18홀,tr_219331050
감곡,2026-09-20,18:59,100000,golfpang,,,18홀,tr_220375616
포천힐스,2026-09-20,08:06,230000,golfpang,,,18홀,tr_220512896
포천힐스,2026-09-20,13:20,180000,golfpang,,,18홀,tr_220512897
포천힐스,2026-09-20,06:21,210000,golfpang,,,18홀,tr_220512895
스마트KU,2026-09-20,13:49,200000,golfpang,,,18홀,tr_219890130
클럽모우,2026-09-20,13:48,145000,golfpang,,,18홀,tr_220346478
코브스윙,2026-09-20,13:55,170000,golfpang,,,18홀,tr_220493690
스프링베일-퍼9,2026-09-20,13:25,95000,golfpang,,,18홀,tr_220217908
엘레강스(가명),2026-09-20,13:36,210000,golfpang,,,18홀,tr_220236243
푸른솔포천,2026-09-20,13:41,210000,golfpang,,,18홀,tr_220009227
클럽모우,2026-09-20,13:41,145000,golfpang,,,18홀,tr_220346477
코브스윙,2026-09-20,13:41,170000,golfpang,,,18홀,tr_220493689
몽베르(대중제),2026-09-20,13:00,190000,golfpang,,,18홀,tr_220261935
엘레강스(가명),2026-09-20,13:15,210000,golfpang,,,18홀,tr_220236242
남양주(퍼9),2026-09-20,11:47,139000,golfpang,,,18홀,tr_220121156
오너스,2026-09-20,12:12,170000,golfpang,,,18홀,tr_220342549
파주,2026-09-20,12:06,210000,golfpang,,,18홀,tr_220129070
남춘천,2026-09-20,12:06,180000,golfpang,,,18홀,tr_220377508
스마트KU,2026-09-20,12:04,210000,golfpang,,,18홀,tr_219890129
오너스,2026-09-20,08:28,160000,golfpang,,,18홀,tr_220342548
세레니티-강촌,2026-09-20,12:00,180000,golfpang,,,18홀,tr_220127779
세레니티-강촌,2026-09-20,07:52,200000,golfpang,,,18홀,tr_220127778
남양주(퍼9),2026-09-20,08:14,149000,golfpang,,,18홀,tr_220121155
몽베르(대중제),2026-09-20,06:54,220000,golfpang,,,18홀,tr_220261934
파주,2026-09-20,07:27,270000,golfpang,,,18홀,tr_220129069
샤인데일,2026-09-20,07:44,180000,golfpang,,,18홀,tr_220103633
스프링베일-퍼9,2026-09-20,06:38,100000,golfpang,,,18홀,tr_220217907
푸른솔포천,2026-09-20,06:21,240000,golfpang,,,18홀,tr_220009226
비콘힐스,2026-09-20,18:19,70000,golfpang,,,18홀,tr_220431146
비콘힐스,2026-09-20,18:26,70000,golfpang,,,18홀,tr_220431147
비콘힐스,2026-09-20,18:33,70000,golfpang,,,18홀,tr_220431148
필로스,2026-09-20,18:00,110000,golfpang,,,18홀,tr_220423578
한림광릉,2026-09-20,18:06,130000,golfpang,,,18홀,tr_220423348
샤인데일,2026-09-20,18:04,70000,golfpang,,,18홀,tr_220103635
필로스,2026-09-20,18:14,110000,golfpang,,,18홀,tr_220423579
샤인데일,2026-09-20,17:57,70000,golfpang,,,18홀,tr_220103634
몽베르(대중제),2026-09-20,17:56,120000,golfpang,,,18홀,tr_220261936
필로스,2026-09-20,17:54,120000,golfpang,,,18홀,tr_220423577
파주,2026-09-20,17:20,150000,golfpang,,,18홀,tr_220129071
한림광릉,2026-09-20,17:17,130000,golfpang,,,18홀,tr_220423350
스프링베일-퍼9,2026-09-20,17:36,80000,golfpang,,,18홀,tr_220217909
남춘천,2026-09-20,14:10,160000,golfpang,,,18홀,tr_220377509
남양주(퍼9),2026-09-20,16:20,109000,golfpang,,,18홀,tr_220121157
한림광릉,2026-09-20,17:10,130000,golfpang,,,18홀,tr_220423349
중원,2026-09-20,14:08,120000,golfpang,,,18홀,tr_220512868
여주,2026-09-20,14:07,220000,golfpang,,,18홀,tr_220015418
여주,2026-09-20,14:07,220000,golfpang,,,18홀,tr_220015417
리베라,2026-09-20,14:03,250000,golfpang,,,18홀,tr_219329197
히든밸리,2026-09-20,13:12,150000,golfpang,,,18홀,tr_220411477
골프존 안성W,2026-09-20,13:31,140000,golfpang,,,18홀,tr_220420152
세현,2026-09-20,13:44,230000,golfpang,,,18홀,tr_219329255
세현,2026-09-20,13:51,230000,golfpang,,,18홀,tr_219329256
빅토리아-퍼9,2026-09-20,12:45,114000,golfpang,,,18홀,tr_219749427
에덴블루,2026-09-20,13:00,142500,golfpang,,,18홀,tr_220481090
크리스밸리,2026-09-20,12:54,180000,golfpang,,,18홀,tr_219791209
크리스밸리,2026-09-20,12:54,180000,golfpang,,,18홀,tr_219791208
해솔리아,2026-09-20,13:05,150000,golfpang,,,18홀,tr_220437230
에델바이스(가명),2026-09-20,13:05,170000,golfpang,,,18홀,tr_220494058
포웰(안성)cc,2026-09-20,11:51,185200,golfpang,,,18홀,tr_219914918
뉴스프링빌,2026-09-20,11:51,270000,golfpang,,,18홀,tr_219937426
포웰(안성)cc,2026-09-20,12:12,172000,golfpang,,,18홀,tr_219914919
스카이밸리,2026-09-20,12:01,190000,golfpang,,,18홀,tr_220437318
세현,2026-09-20,12:34,250000,golfpang,,,18홀,tr_219329254
솔트베이,2026-09-20,12:32,230000,golfpang,,,18홀,tr_220481341
신라,2026-09-20,08:09,200000,golfpang,,,18홀,tr_220121542
히든밸리,2026-09-20,08:34,190000,golfpang,,,18홀,tr_220411476
양지파인,2026-09-20,08:30,199000,golfpang,,,18홀,tr_220328365
해솔리아,2026-09-20,08:27,220000,golfpang,,,18홀,tr_220437229
양지파인,2026-09-20,08:22,199000,golfpang,,,18홀,tr_220328366
골프존 안성W,2026-09-20,08:43,170000,golfpang,,,18홀,tr_220420151
캐슬렉스,2026-09-20,08:38,250000,golfpang,,,18홀,tr_220479161
빅토리아-퍼9,2026-09-20,11:28,114000,golfpang,,,18홀,tr_219749426
신라,2026-09-20,07:34,200000,golfpang,,,18홀,tr_220121544
신라,2026-09-20,08:02,200000,golfpang,,,18홀,tr_220121543
스카이밸리,2026-09-20,07:58,190000,golfpang,,,18홀,tr_220437317
에덴블루,2026-09-20,07:58,209000,golfpang,,,18홀,tr_220481089
포웰(안성)cc,2026-09-20,13:57,152000,golfpang,,,18홀,tr_219914920
뉴스프링빌,2026-09-20,07:15,270000,golfpang,,,18홀,tr_219937425
빅토리아-퍼9,2026-09-20,07:03,114000,golfpang,,,18홀,tr_219749425
캐슬렉스,2026-09-20,07:28,250000,golfpang,,,18홀,tr_220479160
캐슬렉스,2026-09-20,07:21,250000,golfpang,,,18홀,tr_220479159
마이다스레이크 이천,2026-09-20,06:21,200000,golfpang,,,18홀,tr_220389978
에델바이스(가명),2026-09-20,06:28,170000,golfpang,,,18홀,tr_220494057
양평TPC,2026-09-20,06:38,170000,golfpang,,,18홀,tr_220431317
그린힐,2026-09-20,18:52,90000,golfpang,,,18홀,tr_220222839
솔트베이,2026-09-20,18:50,149000,golfpang,,,18홀,tr_220481343
리베라,2026-09-20,18:45,120000,golfpang,,,18홀,tr_219329199
그린힐,2026-09-20,18:45,90000,golfpang,,,18홀,tr_220222838
솔트베이,2026-09-20,18:43,149000,golfpang,,,18홀,tr_220481342
용인플라자,2026-09-20,18:40,140000,golfpang,,,18홀,tr_219536873
에덴블루,2026-09-20,19:03,79900,golfpang,,,18홀,tr_220481091
그린힐,2026-09-20,19:13,80000,golfpang,,,18홀,tr_220222840
리베라,2026-09-20,18:24,130000,golfpang,,,18홀,tr_219329198
신안(병행),2026-09-20,18:24,80000,golfpang,,,18홀,tr_219936815
한림용인,2026-09-20,17:59,140000,golfpang,,,18홀,tr_220423289
용인플라자,2026-09-20,17:58,140000,golfpang,,,18홀,tr_219536874
신안(병행),2026-09-20,18:03,80000,golfpang,,,18홀,tr_219936813
신안(병행),2026-09-20,18:10,80000,golfpang,,,18홀,tr_219936814
이천실크밸리,2026-09-20,17:49,75000,golfpang,,,18홀,tr_220440685
용인플라자,2026-09-20,17:02,140000,golfpang,,,18홀,tr_219536875
해솔리아,2026-09-20,17:01,120000,golfpang,,,18홀,tr_220437231
한림용인,2026-09-20,17:24,140000,golfpang,,,18홀,tr_220423288
골프존 안성W,2026-09-20,17:21,100000,golfpang,,,18홀,tr_220420153
한림용인,2026-09-20,17:17,140000,golfpang,,,18홀,tr_220423287
안성베네스트(클),2026-09-20,14:13,179000,golfpang,,,18홀,tr_220494259
안성베네스트(클),2026-09-20,14:13,179000,golfpang,,,18홀,tr_220494258
양평TPC,2026-09-20,08:16,180000,golfpang,,,18홀,tr_220431318
마이다스레이크 이천,2026-09-20,14:24,200000,golfpang,,,18홀,tr_220389979
클럽72,2026-09-20,14:01,190000,golfpang,,,18홀,tr_220505581
클럽72-오션,2026-09-20,14:03,210000,golfpang,,,18홀,tr_220505570
클럽72-오션,2026-09-20,13:28,210000,golfpang,,,18홀,tr_220505569
양평TPC,2026-09-20,13:57,150000,golfpang,,,18홀,tr_220505508
골프존 안성W,2026-09-20,13:45,140000,golfpang,,,18홀,tr_220505476
골프존 안성W,2026-09-20,13:45,140000,golfpang,,,18홀,tr_220505477
시그너스,2026-09-20,13:56,160000,golfpang,,,18홀,tr_220505471
클럽72,2026-09-20,17:50,130000,golfpang,,,18홀,tr_220505411
클럽72,2026-09-20,18:25,120000,golfpang,,,18홀,tr_220505412
클럽72,2026-09-20,18:39,120000,golfpang,,,18홀,tr_220505413
골프존 천안,2026-09-20,13:54,161000,golfpang,,,18홀,tr_220505408
비에이비스타,2026-09-20,17:52,100000,golfpang,,,18홀,tr_219781909
비에이비스타,2026-09-20,13:32,160000,golfpang,,,18홀,tr_219781914
에스앤-퍼9,2026-09-20,17:11,44000,golfpang,,,18홀,tr_220396490
진천(비공개),2026-09-20,13:26,170000,golfpang,,,18홀,tr_220505195
에스앤-퍼9,2026-09-20,07:52,74000,golfpang,,,18홀,tr_220396473
플라밍고,2026-09-20,13:25,140000,golfpang,,,18홀,tr_220505188
아리스타,2026-09-20,06:39,125000,golfpang,,,18홀,tr_220396468
이븐데일,2026-09-20,18:00,50000,golfpang,,,18홀,tr_220505152
이븐데일,2026-09-20,11:58,95000,golfpang,,,18홀,tr_220505151
스타,2026-09-20,11:38,170000,golfpang,,,18홀,tr_220396466
안성베네스트(클),2026-09-20,14:13,179000,golfpang,,,18홀,tr_220505082
안성베네스트(클),2026-09-20,14:13,179000,golfpang,,,18홀,tr_220505081
비에이비스타(퍼),2026-09-20,12:57,150000,golfpang,,,18홀,tr_220505078
모카cc,2026-09-20,08:39,130000,golfpang,,,18홀,tr_220002567
그린힐,2026-09-20,19:06,80000,golfpang,,,18홀,tr_220505037
그린힐,2026-09-20,18:31,90000,golfpang,,,18홀,tr_220505036
로얄포레,2026-09-20,12:55,109000,golfpang,,,18홀,tr_220396456
골프존 안성W,2026-09-20,13:52,140000,golfpang,,,18홀,tr_220504915
골프존 안성W,2026-09-20,13:31,140000,golfpang,,,18홀,tr_220504914
동촌,2026-09-20,08:40,190000,golfpang,,,18홀,tr_220002580
가평프리스틴밸리,2026-09-20,12:56,220000,golfpang,,,18홀,tr_220504910
스카이밸리,2026-09-20,06:20,170000,golfpang,,,18홀,tr_220467700
스카이밸리,2026-09-20,13:04,180000,golfpang,,,18홀,tr_220467701
골프존 화랑,2026-09-20,12:52,139000,golfpang,,,18홀,tr_220504858
안성베네스트(챌),2026-09-20,07:47,209000,golfpang,,,18홀,tr_220504848
안성베네스트(챌),2026-09-20,13:52,179000,golfpang,,,18홀,tr_220504849
유니아일랜드,2026-09-20,10:33,160000,golfpang,,,18홀,tr_220504791
유니아일랜드,2026-09-20,06:08,160000,golfpang,,,18홀,tr_220504790
써닝포인트,2026-09-20,06:14,215000,golfpang,,,18홀,tr_220349883
써닝포인트,2026-09-20,06:07,215000,golfpang,,,18홀,tr_220349882
더크로스비,2026-09-20,12:48,180000,golfpang,,,18홀,tr_220504750
양지파인,2026-09-20,08:00,199000,golfpang,,,18홀,tr_220420263
양지파인,2026-09-20,08:30,199000,golfpang,,,18홀,tr_220420264
골프클럽Q,2026-09-20,07:59,180000,golfpang,,,18홀,tr_220394389
로얄링스,2026-09-20,12:48,100000,golfpang,,,18홀,tr_220504735
클럽72,2026-09-20,17:50,130000,golfpang,,,18홀,tr_220396441
클럽72-오션,2026-09-20,13:28,210000,golfpang,,,18홀,tr_220002549
한림용인,2026-09-20,17:24,135000,golfpang,,,18홀,tr_220396444
세현,2026-09-20,13:51,200000,golfpang,,,18홀,tr_220241425
세현,2026-09-20,12:34,220000,golfpang,,,18홀,tr_220241423
세현,2026-09-20,13:44,200000,golfpang,,,18홀,tr_220241424
스톤비치,2026-09-20,13:38,110000,golfpang,,,18홀,tr_216420720
오너스,2026-09-20,13:35,140000,golfpang,,,18홀,tr_219279941
골프존 안성H,2026-09-20,14:20,180000,golfpang,,,18홀,tr_220504684
세레니티-강촌,2026-09-20,12:42,180000,golfpang,,,18홀,tr_220504661
스톤비치,2026-09-20,12:27,110000,golfpang,,,18홀,tr_220504652
유니아일랜드,2026-09-20,12:11,150000,golfpang,,,18홀,tr_220396431
블랙스톤벨포레,2026-09-20,17:44,50000,golfpang,,,18홀,tr_220504623
블랙스톤벨포레,2026-09-20,18:26,40000,golfpang,,,18홀,tr_220504625
블랙스톤벨포레,2026-09-20,17:51,50000,golfpang,,,18홀,tr_220504624
양평TPC,2026-09-20,08:16,180000,golfpang,,,18홀,tr_220182570
파주,2026-09-20,12:20,210000,golfpang,,,18홀,tr_220504593
파주,2026-09-20,11:45,210000,golfpang,,,18홀,tr_220396435
베뉴지,2026-09-20,08:50,160000,golfpang,,,18홀,tr_220504537
클럽모우,2026-09-20,13:55,145000,golfpang,,,18홀,tr_220396396
스톤비치,2026-09-20,08:27,120000,golfpang,,,18홀,tr_216420658
스톤비치,2026-09-20,17:30,70000,golfpang,,,18홀,tr_216420646
킹스데일,2026-09-20,08:40,195000,golfpang,,,18홀,tr_220504499
몽베르(대중제),2026-09-20,18:10,120000,golfpang,,,18홀,tr_220184515
라싸,2026-09-20,08:33,189000,golfpang,,,18홀,tr_220504467
샴발라,2026-09-20,06:36,170000,golfpang,,,18홀,tr_220396637
제이퍼블릭,2026-09-20,09:54,95000,golfpang,,,18홀,tr_220127118
제이퍼블릭,2026-09-20,16:28,95000,golfpang,,,18홀,tr_220127316
로얄링스,2026-09-20,07:52,100000,golfpang,,,18홀,tr_220504456
샤인데일,2026-09-20,07:44,180000,golfpang,,,18홀,tr_220182401
중원,2026-09-20,07:46,140000,golfpang,,,18홀,tr_220504399
베스트밸리-퍼9,2026-09-20,18:02,120000,golfpang,,,18홀,tr_220504375
세레니티-강촌,2026-09-20,06:56,200000,golfpang,,,18홀,tr_220504312
솔모로,2026-09-20,13:42,170000,golfpang,,,18홀,tr_220504293
푸른솔포천,2026-09-20,14:02,210000,golfpang,,,18홀,tr_220504263
푸른솔포천,2026-09-20,13:13,220000,golfpang,,,18홀,tr_220504264
파주타이거,2026-09-20,17:29,150000,golfpang,,,18홀,tr_220504016
파주타이거,2026-09-20,18:05,160000,golfpang,,,18홀,tr_220504018
파주타이거,2026-09-20,18:17,150000,golfpang,,,18홀,tr_220504017
포웰(안성)cc,2026-09-20,07:49,165000,golfpang,,,18홀,tr_220504135
포웰(안성)cc,2026-09-20,05:57,145000,golfpang,,,18홀,tr_220504133
포웰(안성)cc,2026-09-20,19:35,65000,golfpang,,,18홀,tr_220504134
진천(비공개),2026-09-20,06:49,180000,golfpang,,,18홀,tr_220504169
포세븐 금강,2026-09-20,13:32,145000,golfpang,,,18홀,tr_220182331
스톤비치,2026-09-20,06:42,110000,golfpang,,,18홀,tr_220504132
포세븐 금강,2026-09-20,06:36,140000,golfpang,,,18홀,tr_218785157
경춘(비공개),2026-09-20,13:37,153000,golfpang,,,18홀,tr_220504070
더플레이어스,2026-09-20,06:34,160000,golfpang,,,18홀,tr_220504059
경춘(비공개),2026-09-20,08:07,168000,golfpang,,,18홀,tr_220504049
블랙스톤벨포레,2026-09-20,18:55,40000,golfpang,,,18홀,tr_220504002
클럽72,2026-09-20,18:40,120000,golfpang,,,18홀,tr_220503991
골프존 송도(구.오렌지듄스),2026-09-20,18:39,129000,golfpang,,,18홀,tr_220503958
블랙스톤벨포레,2026-09-20,18:20,40000,golfpang,,,18홀,tr_220503884
골프존 송도(구.오렌지듄스),2026-09-20,17:57,139000,golfpang,,,18홀,tr_220503881
파주,2026-09-20,05:14,190000,golfpang,,,18홀,tr_220503846
파주,2026-09-20,11:45,210000,golfpang,,,18홀,tr_220503847
파주,2026-09-20,18:30,140000,golfpang,,,18홀,tr_220503848
클럽72,2026-09-20,17:51,130000,golfpang,,,18홀,tr_220503843
골프존 송도(구.오렌지듄스),2026-09-20,17:50,139000,golfpang,,,18홀,tr_220503817
히든밸리,2026-09-20,07:34,190000,golfpang,,,18홀,tr_220503724
히든밸리,2026-09-20,07:17,180000,golfpang,,,18홀,tr_220503723
캐슬렉스,2026-09-20,06:53,250000,golfpang,,,18홀,tr_220503667
캐슬렉스,2026-09-20,07:28,250000,golfpang,,,18홀,tr_220503668
캐슬렉스,2026-09-20,08:45,250000,golfpang,,,18홀,tr_220503669
벨라스톤,2026-09-20,13:43,140000,golfpang,,,18홀,tr_220503642
킹스데일,2026-09-20,06:30,170000,golfpang,,,18홀,tr_220503620
킹스데일,2026-09-20,08:43,200000,golfpang,,,18홀,tr_220503621
클럽모우,2026-09-20,13:27,165000,golfpang,,,18홀,tr_220503465
클럽모우,2026-09-20,13:55,145000,golfpang,,,18홀,tr_220503464
벨라스톤,2026-09-20,07:10,159000,golfpang,,,18홀,tr_220503412
벨라스톤,2026-09-20,08:41,169000,golfpang,,,18홀,tr_220503413
세현,2026-09-20,13:09,220000,golfpang,,,18홀,tr_220503379
감곡,2026-09-20,17:59,100000,golfpang,,,18홀,tr_220503270
감곡,2026-09-20,13:00,150000,golfpang,,,18홀,tr_220503268
감곡,2026-09-20,13:00,150000,golfpang,,,18홀,tr_220503269
해솔리아,2026-09-20,07:17,170000,golfpang,,,18홀,tr_220503267
클럽72-오션,2026-09-20,12:40,210000,golfpang,,,18홀,tr_220503239
클럽72-오션,2026-09-20,13:28,210000,golfpang,,,18홀,tr_220503217
클럽72-오션,2026-09-20,06:09,310000,golfpang,,,18홀,tr_220503216
더크로스비,2026-09-20,12:20,180000,golfpang,,,18홀,tr_220503215
올데이,2026-09-20,12:28,89000,golfpang,,,18홀,tr_220503121
플라밍고,2026-09-20,18:01,80000,golfpang,,,18홀,tr_220149879
솔라고,2026-09-20,13:35,140000,golfpang,,,18홀,tr_220149856
클럽72,2026-09-20,19:00,110000,golfpang,,,18홀,tr_220503021
클럽72,2026-09-20,19:07,110000,golfpang,,,18홀,tr_220503019
클럽72,2026-09-20,12:51,190000,golfpang,,,18홀,tr_220503020
포웰(안성)cc,2026-09-20,19:05,65000,golfpang,,,18홀,tr_220149726
포웰(안성)cc,2026-09-20,07:21,165000,golfpang,,,18홀,tr_220203459
블랙스톤벨포레,2026-09-20,17:05,50000,golfpang,,,18홀,tr_220149599
로얄링스,2026-09-20,12:27,100000,golfpang,,,18홀,tr_220149875
크리스밸리,2026-09-20,11:30,180000,golfpang,,,18홀,tr_220502821
크리스밸리,2026-09-20,08:33,220000,golfpang,,,18홀,tr_220502820
서원힐스,2026-09-20,17:52,140000,golfpang,,,18홀,tr_220502751
리베라,2026-09-20,17:28,120000,golfpang,,,18홀,tr_220183011
골프클럽Q,2026-09-20,13:22,160000,golfpang,,,18홀,tr_220002608
모카cc,2026-09-20,08:39,130000,golfpang,,,18홀,tr_220502666
360도,2026-09-20,06:07,155000,golfpang,,,18홀,tr_220184022
더플레이어스,2026-09-20,07:30,160000,golfpang,,,18홀,tr_220502631
더플레이어스,2026-09-20,07:23,160000,golfpang,,,18홀,tr_220502628
써닝포인트,2026-09-20,18:18,135000,golfpang,,,18홀,tr_220502624
해솔리아,2026-09-20,17:43,120000,golfpang,,,18홀,tr_220441886
해솔리아,2026-09-20,13:47,150000,golfpang,,,18홀,tr_220502597
유니아일랜드,2026-09-20,10:05,180000,golfpang,,,18홀,tr_220502566
유니아일랜드,2026-09-20,06:01,160000,golfpang,,,18홀,tr_220502564
유니아일랜드,2026-09-20,12:11,170000,golfpang,,,18홀,tr_220502565
해솔리아,2026-09-20,12:02,160000,golfpang,,,18홀,tr_220441887
스마트KU,2026-09-20,13:35,210000,golfpang,,,18홀,tr_220502524
골프존 안성W,2026-09-20,17:35,100000,golfpang,,,18홀,tr_220502518
스톤비치,2026-09-20,12:27,110000,golfpang,,,18홀,tr_220502442
골프존 안성W,2026-09-20,14:13,140000,golfpang,,,18홀,tr_220502439
빅토리아-퍼9,2026-09-20,18:55,-1,golfpang,,,18홀,tr_220502136
클럽72,2026-09-20,19:07,110000,golfpang,,,18홀,tr_220501834
리베라,2026-09-20,18:59,110000,golfpang,,,18홀,tr_220500830
그린힐,2026-09-20,19:13,80000,golfpang,,,18홀,tr_220501542
클럽72,2026-09-20,17:50,130000,golfpang,,,18홀,tr_220502340
클럽72,2026-09-20,17:57,130000,golfpang,,,18홀,tr_220502341
빅토리아-퍼9,2026-09-20,18:13,-1,golfpang,,,18홀,tr_220502102
빅토리아-퍼9,2026-09-20,17:31,-1,golfpang,,,18홀,tr_220501830
아세코밸리-퍼9,2026-09-20,17:38,80000,golfpang,,,18홀,tr_220501355
레인보우힐스,2026-09-20,13:12,255000,golfpang,,,18홀,tr_220500667
유니아일랜드,2026-09-20,12:11,170000,golfpang,,,18홀,tr_220500128
빅토리아-퍼9,2026-09-20,18:48,-1,golfpang,,,18홀,tr_220502135
클럽72,2026-09-20,18:39,120000,golfpang,,,18홀,tr_220502343
양지파인,2026-09-20,08:15,199000,golfpang,,,18홀,tr_220500933
클럽72,2026-09-20,18:25,120000,golfpang,,,18홀,tr_220502342
클럽72,2026-09-20,06:09,310000,golfpang,,,18홀,tr_220502339
여주,2026-09-20,14:07,220000,golfpang,,,18홀,tr_220499781
여주,2026-09-20,14:07,220000,golfpang,,,18홀,tr_220499782
라싸,2026-09-20,18:00,119000,golfpang,,,18홀,tr_220499750
양지파인,2026-09-20,08:15,199000,golfpang,,,18홀,tr_220499698
양지파인,2026-09-20,08:15,199000,golfpang,,,18홀,tr_220499699
코리아,2026-09-20,18:15,129000,golfpang,,,18홀,tr_218340230
골드,2026-09-20,18:08,119000,golfpang,,,18홀,tr_218340226
솔트베이,2026-09-20,12:32,230000,golfpang,,,18홀,tr_220184136
대영힐스,2026-09-20,17:38,85000,golfpang,,,18홀,tr_220182365
알프스대영,2026-09-20,05:44,80000,golfpang,,,18홀,tr_220499582
알프스대영,2026-09-20,18:32,40000,golfpang,,,18홀,tr_220499584
알프스대영,2026-09-20,18:32,40000,golfpang,,,18홀,tr_220499583
빅토리아-퍼9,2026-09-20,18:27,-1,golfpang,,,18홀,tr_220499336
리베라,2026-09-20,18:59,110000,golfpang,,,18홀,tr_220499311
리베라,2026-09-20,19:06,110000,golfpang,,,18홀,tr_220499312
빅토리아-퍼9,2026-09-20,17:38,-1,golfpang,,,18홀,tr_220499335
빅토리아-퍼9,2026-09-20,18:41,-1,golfpang,,,18홀,tr_220499367
유니아일랜드,2026-09-20,07:11,180000,golfpang,,,18홀,tr_220497451
360도,2026-09-20,07:00,170000,golfpang,,,18홀,tr_220498782
클럽72,2026-09-20,17:57,130000,golfpang,,,18홀,tr_220499054
아세코밸리-퍼9,2026-09-20,17:52,80000,golfpang,,,18홀,tr_220498588
그린힐,2026-09-20,19:20,80000,golfpang,,,18홀,tr_220498544
클럽72,2026-09-20,18:39,120000,golfpang,,,18홀,tr_220499055
360도,2026-09-20,06:22,160000,golfpang,,,18홀,tr_220498781
360도,2026-09-20,06:45,170000,golfpang,,,18홀,tr_220498812
경춘(비공개),2026-09-20,08:22,168000,golfpang,,,18홀,tr_220437109
아세코밸리-퍼9,2026-09-20,17:38,80000,golfpang,,,18홀,tr_220497060
아세코밸리-퍼9,2026-09-20,12:44,130000,golfpang,,,18홀,tr_220497061
아세코밸리-퍼9,2026-09-20,16:49,100000,golfpang,,,18홀,tr_220497062
옥스필드,2026-09-20,12:55,99000,golfpang,,,18홀,tr_220002563
옥스필드,2026-09-20,07:42,89000,golfpang,,,18홀,tr_220002958
벨라스톤,2026-09-20,13:28,130000,golfpang,,,18홀,tr_220496962
라데나,2026-09-20,12:56,240000,golfpang,,,18홀,tr_220496939
킹스데일,2026-09-20,06:58,170000,golfpang,,,18홀,tr_220496937
해솔리아,2026-09-20,07:17,170000,golfpang,,,18홀,tr_220496913
동서울cc-퍼9,2026-09-20,18:17,40000,golfpang,,,18홀,tr_220026492
알프스대영,2026-09-20,18:25,40000,golfpang,,,18홀,tr_220035435
동서울cc-퍼9,2026-09-20,18:31,40000,golfpang,,,18홀,tr_220026493
골프존 송도(구.오렌지듄스),2026-09-20,18:31,129000,golfpang,,,18홀,tr_220328710
그린힐,2026-09-20,18:31,90000,golfpang,,,18홀,tr_220195306
신안(병행),2026-09-20,18:31,80000,golfpang,,,18홀,tr_220094799
로얄포레,2026-09-20,18:29,59000,golfpang,,,18홀,tr_219989380
한림용인,2026-09-20,18:34,120000,golfpang,,,18홀,tr_220420942
비콘힐스,2026-09-20,18:33,70000,golfpang,,,18홀,tr_220423395
포웰(안성)cc,2026-09-20,18:32,82000,golfpang,,,18홀,tr_220184093
스타,2026-09-20,18:38,80000,golfpang,,,18홀,tr_220029648
그린힐,2026-09-20,18:38,90000,golfpang,,,18홀,tr_220195307
리베라,2026-09-20,18:45,110000,golfpang,,,18홀,tr_220195471
대영힐스,2026-09-20,18:41,55000,golfpang,,,18홀,tr_219971346
비콘힐스,2026-09-20,18:47,70000,golfpang,,,18홀,tr_220423394
비콘힐스,2026-09-20,18:54,70000,golfpang,,,18홀,tr_220423396
리베라,2026-09-20,18:52,110000,golfpang,,,18홀,tr_220195470
포웰(안성)cc,2026-09-20,19:21,72000,golfpang,,,18홀,tr_220184094
그린힐,2026-09-20,19:13,80000,golfpang,,,18홀,tr_220195305
감곡,2026-09-20,17:45,110000,golfpang,,,18홀,tr_220199155
아세코밸리-퍼9,2026-09-20,17:45,80000,golfpang,,,18홀,tr_220423655
이천실크밸리,2026-09-20,17:49,75000,golfpang,,,18홀,tr_220493708
떼제베,2026-09-20,17:48,110000,golfpang,,,18홀,tr_219985717
샤인데일,2026-09-20,17:57,70000,golfpang,,,18홀,tr_220181736
샤인데일,2026-09-20,17:57,70000,golfpang,,,18홀,tr_220181735
리베라,2026-09-20,17:56,120000,golfpang,,,18홀,tr_220195469
골프존 송도(구.오렌지듄스),2026-09-20,17:56,139000,golfpang,,,18홀,tr_220328709
이천실크밸리,2026-09-20,17:56,75000,golfpang,,,18홀,tr_220493709
이천실크밸리,2026-09-20,17:56,75000,golfpang,,,18홀,tr_220493707
골프존 화랑,2026-09-20,18:00,65000,golfpang,,,18홀,tr_220335993
청주(비공개),2026-09-20,17:59,130000,golfpang,,,18홀,tr_220010652
스타,2026-09-20,17:59,90000,golfpang,,,18홀,tr_220029647
벨라45 마스터스,2026-09-20,17:59,85000,golfpang,,,18홀,tr_220023587
해솔리아,2026-09-20,18:04,110000,golfpang,,,18홀,tr_220494089
대영베이스,2026-09-20,18:01,75000,golfpang,,,18홀,tr_219977322
필로스,2026-09-20,18:00,110000,golfpang,,,18홀,tr_220422587
벨라45 마스터스,2026-09-20,18:06,85000,golfpang,,,18홀,tr_220023588
한림용인,2026-09-20,18:06,135000,golfpang,,,18홀,tr_220420941
프린세스,2026-09-20,18:09,85000,golfpang,,,18홀,tr_219489227
임페리얼레이크,2026-09-20,18:08,79000,golfpang,,,18홀,tr_219468880
옥스필드,2026-09-20,18:08,59000,golfpang,,,18홀,tr_219937269
올데이,2026-09-20,18:08,50000,golfpang,,,18홀,tr_219989577
필로스,2026-09-20,18:07,110000,golfpang,,,18홀,tr_220422589
필로스,2026-09-20,18:07,110000,golfpang,,,18홀,tr_220422588
청주(비공개),2026-09-20,18:06,130000,golfpang,,,18홀,tr_220010653
감곡,2026-09-20,18:13,100000,golfpang,,,18홀,tr_220199156
벨라45 마스터스,2026-09-20,18:13,85000,golfpang,,,18홀,tr_220023589
몽베르(대중제),2026-09-20,18:10,120000,golfpang,,,18홀,tr_220347572
모나크,2026-09-20,18:16,90000,golfpang,,,18홀,tr_220219896
킹즈락,2026-09-20,18:13,70000,golfpang,,,18홀,tr_220180050
벨라스톤,2026-09-20,18:13,80000,golfpang,,,18홀,tr_220411529
알펜시아700,2026-09-20,18:19,50000,golfpang,,,18홀,tr_220032541
힐데스하임,2026-09-20,14:04,145000,golfpang,,,18홀,tr_219547064
오너스,2026-09-20,14:04,140000,golfpang,,,18홀,tr_220345742
센추리21,2026-09-20,14:03,125000,golfpang,,,18홀,tr_220153099
중원,2026-09-20,14:15,130000,golfpang,,,18홀,tr_220422865
백제,2026-09-20,14:15,120000,golfpang,,,18홀,tr_220421879
골프존 안성W,2026-09-20,14:13,140000,golfpang,,,18홀,tr_220431570
골프존 안성W,2026-09-20,14:13,140000,golfpang,,,18홀,tr_220431569
남춘천,2026-09-20,14:10,170000,golfpang,,,18홀,tr_219891125
감곡,2026-09-20,14:10,150000,golfpang,,,18홀,tr_220199154
마이다스레이크 이천,2026-09-20,14:10,180000,golfpang,,,18홀,tr_220175050
웰리힐리,2026-09-20,14:54,140000,golfpang,,,18홀,tr_220023224
골프존 진천,2026-09-20,14:24,126000,golfpang,,,18홀,tr_220342537
청주(비공개),2026-09-20,14:16,260000,golfpang,,,18홀,tr_220010651
한림용인,2026-09-20,17:17,140000,golfpang,,,18홀,tr_220420940
빅토리아-퍼9,2026-09-20,17:17,89000,golfpang,,,18홀,tr_220193168
스프링베일-퍼9,2026-09-20,17:15,85000,golfpang,,,18홀,tr_220118582
세레니티-강촌,2026-09-20,17:25,120000,golfpang,,,18홀,tr_219934834
한림광릉,2026-09-20,17:24,140000,golfpang,,,18홀,tr_220128286
일레븐,2026-09-20,17:30,65000,golfpang,,,18홀,tr_220417505
일레븐,2026-09-20,17:30,65000,golfpang,,,18홀,tr_220417506
신안(병행),2026-09-20,17:28,90000,golfpang,,,18홀,tr_220094798
골프존 안성W,2026-09-20,17:28,100000,golfpang,,,18홀,tr_220431571
한림광릉,2026-09-20,17:31,140000,golfpang,,,18홀,tr_220128287
아세코밸리-퍼9,2026-09-20,17:31,80000,golfpang,,,18홀,tr_220423653
일레븐,2026-09-20,17:37,65000,golfpang,,,18홀,tr_220417507
아세코밸리-퍼9,2026-09-20,17:38,80000,golfpang,,,18홀,tr_220423654
오로라,2026-09-20,17:42,80000,golfpang,,,18홀,tr_220345418
떼제베(동북),2026-09-20,17:41,90000,golfpang,,,18홀,tr_219985330
센추리21,2026-09-20,17:40,80000,golfpang,,,18홀,tr_220153101
포레스트힐,2026-09-20,06:58,210000,golfpang,,,18홀,tr_220496908
푸른솔포천,2026-09-20,14:02,210000,golfpang,,,18홀,tr_220198713
킹즈락,2026-09-20,14:00,125000,golfpang,,,18홀,tr_220180049
백제,2026-09-20,13:12,130000,golfpang,,,18홀,tr_220421878
히든밸리,2026-09-20,13:12,150000,golfpang,,,18홀,tr_219694965
속리산cc,2026-09-20,13:11,130000,golfpang,,,18홀,tr_219002241
올데이,2026-09-20,13:09,89000,golfpang,,,18홀,tr_219989576
옥스필드,2026-09-20,13:16,99000,golfpang,,,18홀,tr_219937268
예미지,2026-09-20,13:15,170000,golfpang,,,18홀,tr_218106782
몽베르(대중제),2026-09-20,13:14,190000,golfpang,,,18홀,tr_220347571
대영힐스,2026-09-20,13:23,135000,golfpang,,,18홀,tr_219971345
알프스대영,2026-09-20,13:27,99000,golfpang,,,18홀,tr_220035434
플라밍고,2026-09-20,13:32,150000,golfpang,,,18홀,tr_220181144
자유로,2026-09-20,13:37,200000,golfpang,,,18홀,tr_219891508
오로라,2026-09-20,13:35,130000,golfpang,,,18홀,tr_220345417
힐데스하임,2026-09-20,13:34,150000,golfpang,,,18홀,tr_219547063
클럽모우,2026-09-20,13:41,145000,golfpang,,,18홀,tr_220197971
코브스윙,2026-09-20,13:41,170000,golfpang,,,18홀,tr_220485908
해솔리아,2026-09-20,13:40,150000,golfpang,,,18홀,tr_220494088
플라밍고,2026-09-20,13:39,150000,golfpang,,,18홀,tr_220181145
세현,2026-09-20,13:44,200000,golfpang,,,18홀,tr_220190473
동강시스타,2026-09-20,13:42,90000,golfpang,,,18홀,tr_219072453
동강시스타,2026-09-20,13:49,90000,golfpang,,,18홀,tr_219072454
클럽모우,2026-09-20,13:48,145000,golfpang,,,18홀,tr_220325424
코브스윙,2026-09-20,13:48,170000,golfpang,,,18홀,tr_220485909
알펜시아700,2026-09-20,13:52,90000,golfpang,,,18홀,tr_220032540
세현,2026-09-20,13:51,200000,golfpang,,,18홀,tr_220190474
동서울cc-퍼9,2026-09-20,13:59,79000,golfpang,,,18홀,tr_220026491
세현,2026-09-20,13:58,200000,golfpang,,,18홀,tr_220190475
솔라고,2026-09-20,14:03,120000,golfpang,,,18홀,tr_219010836
스마트KU,2026-09-20,14:03,200000,golfpang,,,18홀,tr_219892307
동강시스타,2026-09-20,11:43,110000,golfpang,,,18홀,tr_219072452
스프링베일-퍼9,2026-09-20,11:40,100000,golfpang,,,18홀,tr_220118581
대호단양,2026-09-20,11:38,159000,golfpang,,,18홀,tr_219986389
남양주(퍼9),2026-09-20,11:47,139000,golfpang,,,18홀,tr_220180717
대영베이스,2026-09-20,11:59,159000,golfpang,,,18홀,tr_219977321
예미지,2026-09-20,12:12,175000,golfpang,,,18홀,tr_218106781
떼제베(동북),2026-09-20,12:39,120000,golfpang,,,18홀,tr_219985329
프린세스,2026-09-20,12:46,140000,golfpang,,,18홀,tr_219489226
로얄링스,2026-09-20,12:41,100000,golfpang,,,18홀,tr_220240812
파인밸리,2026-09-20,12:55,135000,golfpang,,,18홀,tr_219173552
스마트KU,2026-09-20,12:53,210000,golfpang,,,18홀,tr_219892306
빅토리아-퍼9,2026-09-20,12:59,114000,golfpang,,,18홀,tr_220193166
모나크,2026-09-20,12:56,140000,golfpang,,,18홀,tr_220219895
로얄포레,2026-09-20,13:02,119000,golfpang,,,18홀,tr_219989379
임페리얼레이크,2026-09-20,13:02,129000,golfpang,,,18홀,tr_219468879
파인밸리,2026-09-20,13:02,135000,golfpang,,,18홀,tr_219173553
벨라스톤,2026-09-20,13:00,159000,golfpang,,,18홀,tr_220411528
빅토리아-퍼9,2026-09-20,13:06,114000,golfpang,,,18홀,tr_220193167
에델바이스(가명),2026-09-20,13:05,170000,golfpang,,,18홀,tr_220485238
벨라스톤,2026-09-20,06:49,150000,golfpang,,,18홀,tr_220496771
솔트베이,2026-09-20,05:46,239000,golfpang,,,18홀,tr_220390134
그랜드(청주),2026-09-20,18:21,100000,golfpang,,,18홀,tr_220390719
킹즈락,2026-09-20,08:02,140000,golfpang,,,18홀,tr_220390300
중원,2026-09-20,07:53,160000,golfpang,,,18홀,tr_220390257
골프존 진천,2026-09-20,07:38,169000,golfpang,,,18홀,tr_220390137
파크밸리,2026-09-20,07:31,149000,golfpang,,,18홀,tr_220390098
킹스데일,2026-09-20,06:58,170000,golfpang,,,18홀,tr_220390260
로얄링스,2026-09-20,13:02,100000,golfpang,,,18홀,tr_220390329
속리산cc,2026-09-20,12:42,110000,golfpang,,,18홀,tr_220390391
로얄링스,2026-09-20,12:27,100000,golfpang,,,18홀,tr_220390358
솔트베이,2026-09-20,12:32,230000,golfpang,,,18홀,tr_220485010
클럽72-오션,2026-09-20,12:11,210000,golfpang,,,18홀,tr_220390328
일라이트,2026-09-20,13:32,135000,golfpang,,,18홀,tr_220390460
힐마루 포천,2026-09-20,17:31,140000,golfpang,,,18홀,tr_220390522
속리산cc,2026-09-20,14:07,110000,golfpang,,,18홀,tr_220390425
비콘힐스,2026-09-20,18:33,70000,golfpang,,,18홀,tr_220390529
베르힐(영종),2026-09-20,18:25,170000,golfpang,,,18홀,tr_220390597
클럽72,2026-09-20,14:03,210000,golfpang,,,18홀,tr_220496738
빅토리아-퍼9,2026-09-20,18:34,-1,golfpang,,,18홀,tr_220496558
리베라,2026-09-20,18:52,110000,golfpang,,,18홀,tr_220496520
빅토리아-퍼9,2026-09-20,19:02,-1,golfpang,,,18홀,tr_220496559
빅토리아-퍼9,2026-09-20,17:59,-1,golfpang,,,18홀,tr_220496534
양지파인,2026-09-20,08:15,199000,golfpang,,,18홀,tr_220496693
리베라,2026-09-20,18:59,110000,golfpang,,,18홀,tr_220495344
360도,2026-09-20,06:00,155000,golfpang,,,18홀,tr_220496062
아세코밸리-퍼9,2026-09-20,17:45,80000,golfpang,,,18홀,tr_220495810
클럽72,2026-09-20,18:25,120000,golfpang,,,18홀,tr_220496297
리베라,2026-09-20,19:06,110000,golfpang,,,18홀,tr_220495346
그린힐,2026-09-20,18:52,80000,golfpang,,,18홀,tr_220496021
빅토리아-퍼9,2026-09-20,18:20,-1,golfpang,,,18홀,tr_220496329
유니아일랜드,2026-09-20,10:26,180000,golfpang,,,18홀,tr_220494645
세현,2026-09-20,14:05,200000,golfpang,,,18홀,tr_220495142
리베라,2026-09-20,18:45,110000,golfpang,,,18홀,tr_220495345
레인보우힐스,2026-09-20,13:20,255000,golfpang,,,18홀,tr_220495561
세현,2026-09-20,13:51,200000,golfpang,,,18홀,tr_220495141
레인보우힐스,2026-09-20,13:36,255000,golfpang,,,18홀,tr_220495181
신안(병행),2026-09-20,18:38,80000,golfpang,,,18홀,tr_220494346
일레븐,2026-09-20,18:33,65000,golfpang,,,18홀,tr_220374970
골프존 송도(구.오렌지듄스),2026-09-20,18:38,129000,golfpang,,,18홀,tr_219991944
클럽72,2026-09-20,17:50,130000,golfpang,,,18홀,tr_219332074
골프존 송도(구.오렌지듄스),2026-09-20,17:49,139000,golfpang,,,18홀,tr_220370962
클럽72,2026-09-20,18:25,120000,golfpang,,,18홀,tr_219332078
일레븐,2026-09-20,18:05,65000,golfpang,,,18홀,tr_219822442
일레븐,2026-09-20,17:30,65000,golfpang,,,18홀,tr_219822339
골프존 송도(구.오렌지듄스),2026-09-20,13:43,179000,golfpang,,,18홀,tr_219332082
클럽72-오션,2026-09-20,12:32,250000,golfpang,,,18홀,tr_220375072
클럽72-오션,2026-09-20,06:16,310000,golfpang,,,18홀,tr_219998068
힐데스하임,2026-09-20,19:19,60000,golfpang,,,18홀,tr_220484837
신안,2026-09-20,18:31,90000,golfpang,,,18홀,tr_220494134
마이다스레이크 이천,2026-09-20,14:24,180000,golfpang,,,18홀,tr_220402125
라데나,2026-09-20,06:30,190000,golfpang,,,18홀,tr_220283394
경춘비공개(명문),2026-09-20,11:30,220000,golfpang,,,18홀,tr_219798924
경춘비공개(명문),2026-09-20,08:30,210000,golfpang,,,18홀,tr_220485784
양평TPC,2026-09-20,07:00,170000,golfpang,,,18홀,tr_220393966
베스트밸리-퍼9,2026-09-20,18:00,120000,golfpang,,,18홀,tr_220394203
양평TPC,2026-09-20,08:00,180000,golfpang,,,18홀,tr_220393967
신라,2026-09-20,07:41,210000,golfpang,,,18홀,tr_220493957
신라,2026-09-20,14:00,190000,golfpang,,,18홀,tr_220493959
신라,2026-09-20,08:02,220000,golfpang,,,18홀,tr_220493958
한림광릉,2026-09-20,17:03,130000,golfpang,,,18홀,tr_220493867
플라밍고,2026-09-20,17:07,90000,golfpang,,,18홀,tr_220396182
스마트KU,2026-09-20,13:49,200000,golfpang,,,18홀,tr_220493823
스마트KU,2026-09-20,06:37,240000,golfpang,,,18홀,tr_220493822
한림용인,2026-09-20,17:24,140000,golfpang,,,18홀,tr_220493775
한림용인,2026-09-20,18:06,135000,golfpang,,,18홀,tr_220493776
한림용인,2026-09-20,17:24,140000,golfpang,,,18홀,tr_220493774
에델바이스(가명),2026-09-20,06:56,180000,golfpang,,,18홀,tr_220414503
이글몬트,2026-09-20,06:48,180000,golfpang,,,18홀,tr_220375917
더크로스비,2026-09-20,13:44,187000,golfpang,,,18홀,tr_220402049
더크로스비,2026-09-20,12:48,207000,golfpang,,,18홀,tr_220401840
스톤비치,2026-09-20,12:27,110000,golfpang,,,18홀,tr_220486345
세현,2026-09-20,13:51,200000,golfpang,,,18홀,tr_220486295
세현,2026-09-20,13:44,200000,golfpang,,,18홀,tr_220486296
세현,2026-09-20,13:58,230000,golfpang,,,18홀,tr_220486297
클럽D 거창,2026-09-20,11:40,95000,golfpang,,,18홀,tr_220486253
클럽D 거창,2026-09-20,06:55,80000,golfpang,,,18홀,tr_220486252
솔라고,2026-09-20,06:35,120000,golfpang,,,18홀,tr_220486111
솔라고,2026-09-20,12:00,140000,golfpang,,,18홀,tr_220486112
속리산cc,2026-09-20,14:00,120000,golfpang,,,18홀,tr_220485983
속리산cc,2026-09-20,12:22,120000,golfpang,,,18홀,tr_220485982
필로스,2026-09-20,17:40,120000,golfpang,,,18홀,tr_219716110
이포,2026-09-20,18:13,120000,golfpang,,,18홀,tr_220485865
서원힐스,2026-09-20,05:25,230000,golfpang,,,18홀,tr_220485814
서원힐스,2026-09-20,05:32,230000,golfpang,,,18홀,tr_220485815
서원힐스,2026-09-20,05:32,230000,golfpang,,,18홀,tr_220485816
골프존 화랑,2026-09-20,12:52,139000,golfpang,,,18홀,tr_219968479
감곡,2026-09-20,13:42,150000,golfpang,,,18홀,tr_220485794
감곡,2026-09-20,07:54,170000,golfpang,,,18홀,tr_220485793
서산수,2026-09-20,06:36,220000,golfpang,,,18홀,tr_220485710
서산수,2026-09-20,13:50,220000,golfpang,,,18홀,tr_220485711
벨라스톤,2026-09-20,13:56,130000,golfpang,,,18홀,tr_220485650
뉴스프링빌,2026-09-20,11:51,270000,golfpang,,,18홀,tr_220301771
뉴스프링빌,2026-09-20,07:07,270000,golfpang,,,18홀,tr_220301770
샤인데일,2026-09-20,07:44,180000,golfpang,,,18홀,tr_220485616
샤인데일,2026-09-20,18:04,90000,golfpang,,,18홀,tr_220485618
샤인데일,2026-09-20,07:23,180000,golfpang,,,18홀,tr_220485617
로얄포레,2026-09-20,16:51,89000,golfpang,,,18홀,tr_220485605
오너스,2026-09-20,07:04,150000,golfpang,,,18홀,tr_220130792
솔모로,2026-09-20,13:56,170000,golfpang,,,18홀,tr_219715887
로얄포레,2026-09-20,13:30,109000,golfpang,,,18홀,tr_220274741
베스트밸리-퍼9,2026-09-20,18:02,120000,golfpang,,,18홀,tr_220485551
베스트밸리-퍼9,2026-09-20,17:55,120000,golfpang,,,18홀,tr_220485552
베스트밸리-퍼9,2026-09-20,07:50,170000,golfpang,,,18홀,tr_220485550
로얄포레,2026-09-20,11:10,119000,golfpang,,,18홀,tr_220485513
힐마루 포천,2026-09-20,17:38,140000,golfpang,,,18홀,tr_220205954
베르힐(영종),2026-09-20,17:15,190000,golfpang,,,18홀,tr_220204019
베뉴지,2026-09-20,08:36,199000,golfpang,,,18홀,tr_220485431
베뉴지,2026-09-20,13:51,159000,golfpang,,,18홀,tr_220485432
남춘천,2026-09-20,11:52,200000,golfpang,,,18홀,tr_220094592
알프스대영,2026-09-20,06:05,89000,golfpang,,,18홀,tr_220022988
알프스대영,2026-09-20,17:15,59000,golfpang,,,18홀,tr_220022990
골프존 안성W,2026-09-20,17:21,110000,golfpang,,,18홀,tr_220306397
해솔리아,2026-09-20,17:29,120000,golfpang,,,18홀,tr_220289088
동서울cc-퍼9,2026-09-20,17:28,50000,golfpang,,,18홀,tr_218857711
신안(병행),2026-09-20,17:28,90000,golfpang,,,18홀,tr_220029332
이천실크밸리,2026-09-20,17:28,110000,golfpang,,,18홀,tr_220283003
오로라,2026-09-20,17:34,80000,golfpang,,,18홀,tr_220297344
파주,2026-09-20,12:06,210000,golfpang,,,18홀,tr_220314828
한림광릉,2026-09-20,12:13,230000,golfpang,,,18홀,tr_219995625
동서울cc-퍼9,2026-09-20,12:28,79000,golfpang,,,18홀,tr_218857710
솔트베이,2026-09-20,12:33,230000,golfpang,,,18홀,tr_220192907
포천힐스,2026-09-20,12:52,200000,golfpang,,,18홀,tr_220139224
베뉴지,2026-09-20,13:09,179000,golfpang,,,18홀,tr_219780332
골프존 안성W,2026-09-20,13:17,150000,golfpang,,,18홀,tr_220306396
푸른솔포천,2026-09-20,13:13,220000,golfpang,,,18홀,tr_220315078
양평TPC,2026-09-20,13:22,170000,golfpang,,,18홀,tr_220307281
이글몬트,2026-09-20,13:25,180000,golfpang,,,18홀,tr_219841363
오로라,2026-09-20,13:28,130000,golfpang,,,18홀,tr_220297343
클럽모우,2026-09-20,13:34,150000,golfpang,,,18홀,tr_220305781
여주,2026-09-20,13:39,220000,golfpang,,,18홀,tr_219392850
벨라스톤,2026-09-20,13:35,159000,golfpang,,,18홀,tr_220149469
한림광릉,2026-09-20,13:44,210000,golfpang,,,18홀,tr_219995626
파주타이거,2026-09-20,13:50,170000,golfpang,,,18홀,tr_220199489
파주타이거,2026-09-20,13:50,170000,golfpang,,,18홀,tr_220199488
벨라스톤,2026-09-20,06:28,149000,golfpang,,,18홀,tr_220149468
오로라,2026-09-20,06:37,140000,golfpang,,,18홀,tr_220297342
포천힐스,2026-09-20,06:35,220000,golfpang,,,18홀,tr_220139222
라싸,2026-09-20,06:55,179000,golfpang,,,18홀,tr_220305624
파주타이거,2026-09-20,07:03,190000,golfpang,,,18홀,tr_220199487
동서울cc-퍼9,2026-09-20,07:41,89000,golfpang,,,18홀,tr_218857709
포천힐스,2026-09-20,07:52,240000,golfpang,,,18홀,tr_220139223
베스트밸리-퍼9,2026-09-20,07:50,170000,golfpang,,,18홀,tr_220242799
베뉴지,2026-09-20,07:47,199000,golfpang,,,18홀,tr_219780331
라싸,2026-09-20,08:33,209000,golfpang,,,18홀,tr_220305625
알프스대영,2026-09-20,11:07,109000,golfpang,,,18홀,tr_220022989
용인플라자,2026-09-20,17:09,140000,golfpang,,,18홀,tr_219528313
클럽모우,2026-09-20,13:55,145000,golfpang,,,18홀,tr_220209841
클럽모우,2026-09-20,13:55,145000,golfpang,,,18홀,tr_220209842
리베라,2026-09-20,18:52,110000,golfpang,,,18홀,tr_220485367
리베라,2026-09-20,18:45,110000,golfpang,,,18홀,tr_220485366
리베라,2026-09-20,14:24,240000,golfpang,,,18홀,tr_220485365
모카cc,2026-09-20,08:39,130000,golfpang,,,18홀,tr_220485258
레인보우힐스,2026-09-20,13:12,255000,golfpang,,,18홀,tr_220485181
레인보우힐스,2026-09-20,12:40,255000,golfpang,,,18홀,tr_220485180
모카cc,2026-09-20,08:32,130000,golfpang,,,18홀,tr_219595834
모카cc,2026-09-20,08:39,130000,golfpang,,,18홀,tr_219595833
모카cc,2026-09-20,08:39,130000,golfpang,,,18홀,tr_220485026
모카cc,2026-09-20,08:39,130000,golfpang,,,18홀,tr_220485025
코브스윙,2026-09-20,13:41,170000,golfpang,,,18홀,tr_220485013
라싸,2026-09-20,19:03,119000,golfpang,,,18홀,tr_220484977
라싸,2026-09-20,18:07,119000,golfpang,,,18홀,tr_220484975
라싸,2026-09-20,13:49,199000,golfpang,,,18홀,tr_220484976
블랙스톤벨포레,2026-09-20,18:26,40000,golfpang,,,18홀,tr_220484923
블랙스톤벨포레,2026-09-20,17:44,50000,golfpang,,,18홀,tr_220484922
임페리얼레이크,2026-09-20,17:26,89000,golfpang,,,18홀,tr_220484817
임페리얼레이크,2026-09-20,07:56,139000,golfpang,,,18홀,tr_220484815
임페리얼레이크,2026-09-20,11:31,139000,golfpang,,,18홀,tr_220484816
대호단양,2026-09-20,06:07,139000,golfpang,,,18홀,tr_220484778
대호단양,2026-09-20,11:38,159000,golfpang,,,18홀,tr_220484779
대호단양,2026-09-20,16:41,99000,golfpang,,,18홀,tr_220484780
블루원용인,2026-09-20,18:43,110000,golfpang,,,18홀,tr_220484726
대영힐스,2026-09-20,18:55,59000,golfpang,,,18홀,tr_220484644
대영힐스,2026-09-20,19:02,59000,golfpang,,,18홀,tr_220484646
대영힐스,2026-09-20,17:38,85000,golfpang,,,18홀,tr_220484645
올데이,2026-09-20,16:51,69000,golfpang,,,18홀,tr_220484563
올데이,2026-09-20,17:40,59000,golfpang,,,18홀,tr_220484564
올데이,2026-09-20,08:03,109000,golfpang,,,18홀,tr_220484562
용인플라자,2026-09-20,18:20,140000,golfpang,,,18홀,tr_220484471
용인플라자,2026-09-20,18:27,140000,golfpang,,,18홀,tr_220484472
용인플라자,2026-09-20,18:34,140000,golfpang,,,18홀,tr_220484473
가평베네스트,2026-09-20,12:53,239000,golfpang,,,18홀,tr_220484456
가평베네스트,2026-09-20,12:53,239000,golfpang,,,18홀,tr_220484455
그린힐,2026-09-20,13:28,160000,golfpang,,,18홀,tr_218505725
대영베이스,2026-09-20,18:01,75000,golfpang,,,18홀,tr_220484361
대영베이스,2026-09-20,12:59,155000,golfpang,,,18홀,tr_220484360
대영베이스,2026-09-20,06:01,129000,golfpang,,,18홀,tr_220484359
로얄링스,2026-09-20,12:34,100000,golfpang,,,18홀,tr_220241631
옥스필드,2026-09-20,17:33,69000,golfpang,,,18홀,tr_220484332
옥스필드,2026-09-20,16:51,79000,golfpang,,,18홀,tr_220484331
옥스필드,2026-09-20,06:46,99000,golfpang,,,18홀,tr_220484330
포레스트힐,2026-09-20,18:52,110000,golfpang,,,18홀,tr_220484317
중원,2026-09-20,08:35,140000,golfpang,,,18홀,tr_220032601
라싸,2026-09-20,07:37,179000,golfpang,,,18홀,tr_219781562
그린힐,2026-09-20,18:52,80000,golfpang,,,18홀,tr_220484259
그린힐,2026-09-20,18:59,80000,golfpang,,,18홀,tr_220484261
그린힐,2026-09-20,18:38,90000,golfpang,,,18홀,tr_220484260
라싸,2026-09-20,07:37,179000,golfpang,,,18홀,tr_219781565
한림안성(퍼9),2026-09-20,13:12,130000,golfpang,,,18홀,tr_220026441
양평TPC,2026-09-20,13:57,150000,golfpang,,,18홀,tr_220220595
남양주(퍼9),2026-09-20,12:54,139000,golfpang,,,18홀,tr_220203758
남양주(퍼9),2026-09-20,08:14,149000,golfpang,,,18홀,tr_220203757
감곡,2026-09-20,13:42,150000,golfpang,,,18홀,tr_220484088
감곡,2026-09-20,18:13,100000,golfpang,,,18홀,tr_220484089
감곡,2026-09-20,08:50,180000,golfpang,,,18홀,tr_220484087
코브스윙,2026-09-20,13:48,170000,golfpang,,,18홀,tr_220484037
코브스윙,2026-09-20,13:41,170000,golfpang,,,18홀,tr_220484036
블랙스톤벨포레,2026-09-20,17:44,50000,golfpang,,,18홀,tr_220484013
블랙스톤벨포레,2026-09-20,18:26,40000,golfpang,,,18홀,tr_220484014
블랙스톤벨포레,2026-09-20,18:54,40000,golfpang,,,18홀,tr_220484015
360도,2026-09-20,07:00,170000,golfpang,,,18홀,tr_220483947
360도,2026-09-20,06:22,160000,golfpang,,,18홀,tr_220483946
대영베이스,2026-09-20,18:08,95000,golfpang,,,18홀,tr_220483826
중원,2026-09-20,14:01,130000,golfpang,,,18홀,tr_220349516
라싸,2026-09-20,17:25,129000,golfpang,,,18홀,tr_220347524
써닝포인트,2026-09-20,17:36,125000,golfpang,,,18홀,tr_219923429
골프존 화랑,2026-09-20,18:00,79000,golfpang,,,18홀,tr_219997897
속리산cc,2026-09-20,13:11,130000,golfpang,,,18홀,tr_219332295
힐마루 포천,2026-09-20,17:03,140000,golfpang,,,18홀,tr_220190386
라데나,2026-09-20,06:59,190000,golfpang,,,18홀,tr_220207793
골프존 송도(구.오렌지듄스),2026-09-20,11:37,199000,golfpang,,,18홀,tr_219324961
골프존 화랑,2026-09-20,11:35,149000,golfpang,,,18홀,tr_219997892
솔트베이,2026-09-20,11:43,230000,golfpang,,,18홀,tr_220199005
킹즈락,2026-09-20,17:31,80000,golfpang,,,18홀,tr_220483782
킹즈락,2026-09-20,11:33,140000,golfpang,,,18홀,tr_220483712
가평베네스트,2026-09-20,12:53,239000,golfpang,,,18홀,tr_219995347
경춘(비공개),2026-09-20,13:37,153000,golfpang,,,18홀,tr_220483244
마론뉴데이,2026-09-20,08:19,150000,golfpang,,,18홀,tr_220483219
마론뉴데이,2026-09-20,13:13,130000,golfpang,,,18홀,tr_220483220
마론뉴데이,2026-09-20,14:05,130000,golfpang,,,18홀,tr_220483221
유니아일랜드,2026-09-20,12:11,150000,golfpang,,,18홀,tr_220481431
해솔리아,2026-09-20,18:04,110000,golfpang,,,18홀,tr_220476530
블랙스톤벨포레,2026-09-20,17:44,50000,golfpang,,,18홀,tr_220469998
블랙스톤벨포레,2026-09-20,17:37,50000,golfpang,,,18홀,tr_220469997
블랙스톤벨포레,2026-09-20,18:19,40000,golfpang,,,18홀,tr_220469999
이천실크밸리,2026-09-20,18:31,75000,golfpang,,,18홀,tr_220441642
속초(비공개),2026-09-20,07:27,160000,golfpang,,,18홀,tr_218927541
속초(비공개),2026-09-20,11:40,140000,golfpang,,,18홀,tr_218927548
강릉(비공개),2026-09-20,12:29,150000,golfpang,,,18홀,tr_219890618
강릉(비공개),2026-09-20,08:17,130000,golfpang,,,18홀,tr_219890697
클럽72,2026-09-20,14:01,190000,golfpang,,,18홀,tr_220479173
로얄링스,2026-09-20,12:34,100000,golfpang,,,18홀,tr_220479054
경춘(비공개),2026-09-20,08:22,168000,golfpang,,,18홀,tr_220479048
해솔리아,2026-09-20,13:47,150000,golfpang,,,18홀,tr_220476529
이천실크밸리,2026-09-20,17:56,75000,golfpang,,,18홀,tr_220441641
해솔리아,2026-09-20,11:55,160000,golfpang,,,18홀,tr_220476528
솔트베이,2026-09-20,12:30,230000,golfpang,,,18홀,tr_220476997
알펜시아명문,2026-09-20,12:45,130000,golfpang,,,18홀,tr_220476768
알펜시아명문,2026-09-20,12:45,130000,golfpang,,,18홀,tr_220476769
알펜시아명문,2026-09-20,06:14,100000,golfpang,,,18홀,tr_220476767
알펜시아700,2026-09-20,07:01,100000,golfpang,,,18홀,tr_220476581
알펜시아700,2026-09-20,06:33,90000,golfpang,,,18홀,tr_220476579
알펜시아700,2026-09-20,07:08,100000,golfpang,,,18홀,tr_220476580
세레니티-강촌,2026-09-20,06:49,210000,golfpang,,,18홀,tr_220471006
세레니티-강촌,2026-09-20,17:32,130000,golfpang,,,18홀,tr_220471007
세레니티-강촌,2026-09-20,08:34,210000,golfpang,,,18홀,tr_220471005
파인비치,2026-09-20,13:10,142000,golfpang,,,18홀,tr_220087600
담양레이나,2026-09-20,07:14,136000,golfpang,,,18홀,tr_220085302
골프존 드래곤,2026-09-20,13:13,112000,golfpang,,,18홀,tr_219923275
석정힐,2026-09-20,12:37,111000,golfpang,,,18홀,tr_220084990
담양레이나,2026-09-20,13:01,126000,golfpang,,,18홀,tr_220085197
해솔리아,2026-09-20,11:41,160000,golfpang,,,18홀,tr_220289087
솔트베이,2026-09-20,12:32,230000,golfpang,,,18홀,tr_220470890
서산수,2026-09-20,12:47,170000,golfpang,,,18홀,tr_220470812
서산수,2026-09-20,12:47,170000,golfpang,,,18홀,tr_220470813
오로라,2026-09-20,13:56,130000,golfpang,,,18홀,tr_220470748
오로라,2026-09-20,17:42,90000,golfpang,,,18홀,tr_220470749
오로라,2026-09-20,18:22,80000,golfpang,,,18홀,tr_220470750
대영힐스,2026-09-20,18:20,55000,golfpang,,,18홀,tr_220033488
해솔리아,2026-09-20,17:22,120000,golfpang,,,18홀,tr_220129642
그린힐,2026-09-20,18:10,90000,golfpang,,,18홀,tr_220283464
그린힐,2026-09-20,18:10,90000,golfpang,,,18홀,tr_220283462
해솔리아,2026-09-20,17:22,120000,golfpang,,,18홀,tr_220129641
그린힐,2026-09-20,18:10,90000,golfpang,,,18홀,tr_220283463
보령베이스-퍼9,2026-09-20,06:01,69000,golfpang,,,18홀,tr_220470428
보령베이스-퍼9,2026-09-20,11:42,99000,golfpang,,,18홀,tr_220470429
보령베이스-퍼9,2026-09-20,12:10,109000,golfpang,,,18홀,tr_220470430
골프존 진천,2026-09-20,07:10,159000,golfpang,,,18홀,tr_220470385
골프존 진천,2026-09-20,06:49,149000,golfpang,,,18홀,tr_220470384
골프존 진천,2026-09-20,08:34,169000,golfpang,,,18홀,tr_220470386
골프존 화랑,2026-09-20,08:12,149000,golfpang,,,18홀,tr_220470321
클럽72,2026-09-20,13:30,160000,golfpang,,,18홀,tr_218437244
골프존 화랑,2026-09-20,13:06,129000,golfpang,,,18홀,tr_220470322
골프존 화랑,2026-09-20,06:34,139000,golfpang,,,18홀,tr_220470320
에덴블루,2026-09-20,19:17,79900,golfpang,,,18홀,tr_220470163
에덴블루,2026-09-20,18:49,89900,golfpang,,,18홀,tr_220470162
플라밍고,2026-09-20,13:32,140000,golfpang,,,18홀,tr_220470161
로얄링스,2026-09-20,07:59,160000,golfpang,,,18홀,tr_220470094
로얄링스,2026-09-20,11:59,160000,golfpang,,,18홀,tr_220470095
그린힐,2026-09-20,14:00,157000,golfpang,,,18홀,tr_219460009
360도,2026-09-20,07:07,210000,golfpang,,,18홀,tr_220023304
스타,2026-09-20,07:19,170000,golfpang,,,18홀,tr_219966937
대영힐스,2026-09-20,17:38,85000,golfpang,,,18홀,tr_220421839
알프스대영,2026-09-20,17:43,49000,golfpang,,,18홀,tr_220013901
알프스대영,2026-09-20,17:43,49000,golfpang,,,18홀,tr_220013900
대영베이스,2026-09-20,17:48,79000,golfpang,,,18홀,tr_220297122
샤인데일,2026-09-20,17:57,70000,golfpang,,,18홀,tr_220130554
힐데스하임,2026-09-20,18:04,80000,golfpang,,,18홀,tr_220015050
베스트밸리-퍼9,2026-09-20,18:02,120000,golfpang,,,18홀,tr_220383187
힐데스하임,2026-09-20,18:04,80000,golfpang,,,18홀,tr_220015051
리베라,2026-09-20,18:24,110000,golfpang,,,18홀,tr_220345239
리베라,2026-09-20,18:24,110000,golfpang,,,18홀,tr_220345238
모나크,2026-09-20,12:56,140000,golfpang,,,18홀,tr_220220091
파주,2026-09-20,13:02,210000,golfpang,,,18홀,tr_220324770
모나크,2026-09-20,13:24,140000,golfpang,,,18홀,tr_220220090
동촌,2026-09-20,13:26,165000,golfpang,,,18홀,tr_219914870
로얄포레,2026-09-20,13:30,119000,golfpang,,,18홀,tr_220097515
감곡,2026-09-20,13:35,140000,golfpang,,,18홀,tr_220370973
솔모로,2026-09-20,13:35,170000,golfpang,,,18홀,tr_220370951
감곡,2026-09-20,13:35,140000,golfpang,,,18홀,tr_220469626
클럽모우,2026-09-20,13:41,145000,golfpang,,,18홀,tr_220326011
클럽모우,2026-09-20,13:41,145000,golfpang,,,18홀,tr_220326012
양평TPC,2026-09-20,13:50,150000,golfpang,,,18홀,tr_220217688
양평TPC,2026-09-20,13:50,150000,golfpang,,,18홀,tr_220217687
골프존 진천,2026-09-20,14:10,149000,golfpang,,,18홀,tr_219911263
중원,2026-09-20,14:08,130000,golfpang,,,18홀,tr_220347190
해솔리아,2026-09-20,17:08,120000,golfpang,,,18홀,tr_220421460
해솔리아,2026-09-20,17:08,120000,golfpang,,,18홀,tr_220421461
필로스,2026-09-20,17:27,120000,golfpang,,,18홀,tr_220421475
필로스,2026-09-20,17:27,120000,golfpang,,,18홀,tr_220421474
떼제베,2026-09-20,07:35,170000,golfpang,,,18홀,tr_220014203
오너스,2026-09-20,07:32,155000,golfpang,,,18홀,tr_220324980
로얄포레,2026-09-20,07:42,149000,golfpang,,,18홀,tr_220097513
대호단양,2026-09-20,07:38,169000,golfpang,,,18홀,tr_220107285
중원,2026-09-20,07:53,140000,golfpang,,,18홀,tr_220347189
임페리얼레이크,2026-09-20,08:10,159000,golfpang,,,18홀,tr_220022814
캐슬렉스,2026-09-20,08:38,250000,golfpang,,,18홀,tr_220318283
오너스,2026-09-20,08:35,165000,golfpang,,,18홀,tr_220324981
캐슬렉스,2026-09-20,08:45,250000,golfpang,,,18홀,tr_220318282
유니아일랜드,2026-09-20,10:54,160000,golfpang,,,18홀,tr_219933949
대영베이스,2026-09-20,11:59,155000,golfpang,,,18홀,tr_220297121
대호단양,2026-09-20,12:06,169000,golfpang,,,18홀,tr_220107286
신라,2026-09-20,12:20,180000,golfpang,,,18홀,tr_220290990
임페리얼레이크,2026-09-20,12:27,139000,golfpang,,,18홀,tr_220022815
로얄포레,2026-09-20,12:34,119000,golfpang,,,18홀,tr_220097514
떼제베,2026-09-20,05:50,120000,golfpang,,,18홀,tr_220014202
모나크,2026-09-20,06:18,150000,golfpang,,,18홀,tr_220220089
떼제베(동북),2026-09-20,06:39,120000,golfpang,,,18홀,tr_220014242
떼제베(동북),2026-09-20,06:39,120000,golfpang,,,18홀,tr_220014241
골프존 진천,2026-09-20,06:49,179000,golfpang,,,18홀,tr_219911262
스타,2026-09-20,07:05,170000,golfpang,,,18홀,tr_219966936
대영베이스,2026-09-20,07:01,135000,golfpang,,,18홀,tr_220297120
베스트밸리-퍼9,2026-09-20,07:01,170000,golfpang,,,18홀,tr_220383186
유니아일랜드,2026-09-20,07:11,180000,golfpang,,,18홀,tr_219933948
대영힐스,2026-09-20,17:38,85000,golfpang,,,18홀,tr_220421840
스카이밸리,2026-09-20,14:00,177000,golfpang,,,18홀,tr_219970011
스마트KU,2026-09-20,13:49,200000,golfpang,,,18홀,tr_220442633
라싸,2026-09-20,13:49,199000,golfpang,,,18홀,tr_220458860
라싸,2026-09-20,18:07,119000,golfpang,,,18홀,tr_220458862
라싸,2026-09-20,17:39,129000,golfpang,,,18홀,tr_220458861
레인보우힐스,2026-09-20,13:12,255000,golfpang,,,18홀,tr_220469905
레인보우힐스,2026-09-20,13:20,255000,golfpang,,,18홀,tr_220469906
양지파인,2026-09-20,08:15,199000,golfpang,,,18홀,tr_220469864
오너스,2026-09-20,13:08,149000,golfpang,,,18홀,tr_219332936
오너스,2026-09-20,12:54,149000,golfpang,,,18홀,tr_219241896
남양주(퍼9),2026-09-20,12:20,139000,golfpang,,,18홀,tr_219841785
알프스대영,2026-09-20,18:32,40000,golfpang,,,18홀,tr_220469573
알프스대영,2026-09-20,17:50,49000,golfpang,,,18홀,tr_220469572
알프스대영,2026-09-20,17:15,59000,golfpang,,,18홀,tr_220469571
군산,2026-09-20,06:51,160000,golfpang,,,18홀,tr_220469474
군산,2026-09-20,13:48,160000,golfpang,,,18홀,tr_220469475
중원,2026-09-20,14:08,130000,golfpang,,,18홀,tr_220397669
더크로스비,2026-09-20,13:58,167000,golfpang,,,18홀,tr_220439715
양평TPC,2026-09-20,13:57,150000,golfpang,,,18홀,tr_220397665
시그너스,2026-09-20,13:56,160000,golfpang,,,18홀,tr_220397664
골프존 천안,2026-09-20,13:54,161000,golfpang,,,18홀,tr_220397663
경춘(비공개),2026-09-20,13:29,153000,golfpang,,,18홀,tr_220397621
플라밍고,2026-09-20,13:25,140000,golfpang,,,18홀,tr_220469259
진천(비공개),2026-09-20,13:26,170000,golfpang,,,18홀,tr_220397661
플라밍고,2026-09-20,06:20,160000,golfpang,,,18홀,tr_220469171
플라밍고,2026-09-20,13:25,150000,golfpang,,,18홀,tr_220469173
플라밍고,2026-09-20,07:58,170000,golfpang,,,18홀,tr_220469172
플라밍고,2026-09-20,13:25,140000,golfpang,,,18홀,tr_220397660
알펜시아명문,2026-09-20,13:06,130000,golfpang,,,18홀,tr_220469095
알펜시아명문,2026-09-20,12:45,130000,golfpang,,,18홀,tr_220469094
알펜시아명문,2026-09-20,06:14,100000,golfpang,,,18홀,tr_220469093
골프존 화랑,2026-09-20,12:52,139000,golfpang,,,18홀,tr_220397659
가평프리스틴밸리,2026-09-20,11:53,230000,golfpang,,,18홀,tr_220397648
더크로스비,2026-09-20,11:52,187000,golfpang,,,18홀,tr_220437077
파주,2026-09-20,11:52,210000,golfpang,,,18홀,tr_220468061
샤인데일,2026-09-20,17:57,70000,golfpang,,,18홀,tr_220468815
샤인데일,2026-09-20,17:57,70000,golfpang,,,18홀,tr_220468814
샤인데일,2026-09-20,07:44,180000,golfpang,,,18홀,tr_220468816
알펜시아700,2026-09-20,17:44,60000,golfpang,,,18홀,tr_220468781
알펜시아700,2026-09-20,07:08,100000,golfpang,,,18홀,tr_220468780
알펜시아700,2026-09-20,18:19,50000,golfpang,,,18홀,tr_220468782
라싸,2026-09-20,08:40,209000,golfpang,,,18홀,tr_220397649
킹스데일,2026-09-20,08:40,195000,golfpang,,,18홀,tr_220421271
중원,2026-09-20,08:35,140000,golfpang,,,18홀,tr_220399254
로얄링스,2026-09-20,08:27,100000,golfpang,,,18홀,tr_220403089
스톤비치,2026-09-20,07:52,130000,golfpang,,,18홀,tr_220397652
더플레이어스,2026-09-20,07:37,180000,golfpang,,,18홀,tr_220397653
스톤비치,2026-09-20,13:02,110000,golfpang,,,18홀,tr_218109362
진천(비공개),2026-09-20,06:49,180000,golfpang,,,18홀,tr_220397655
스톤비치,2026-09-20,08:27,120000,golfpang,,,18홀,tr_218109357
파주,2026-09-20,06:03,200000,golfpang,,,18홀,tr_220400300
360도,2026-09-20,07:00,170000,golfpang,,,18홀,tr_220468514
360도,2026-09-20,06:00,155000,golfpang,,,18홀,tr_220468515
감곡,2026-09-20,18:13,100000,golfpang,,,18홀,tr_220468343
에덴블루,2026-09-20,19:17,79900,golfpang,,,18홀,tr_220468241
에덴블루,2026-09-20,13:46,142500,golfpang,,,18홀,tr_220468240
에덴블루,2026-09-20,13:46,142500,golfpang,,,18홀,tr_220468239
대호단양,2026-09-20,11:38,159000,golfpang,,,18홀,tr_220468063
대호단양,2026-09-20,08:06,169000,golfpang,,,18홀,tr_220468064
대호단양,2026-09-20,06:07,139000,golfpang,,,18홀,tr_220468062
비에이비스타(퍼),2026-09-20,18:13,110000,golfpang,,,18홀,tr_220468041
그린힐,2026-09-20,18:52,80000,golfpang,,,18홀,tr_220467972
베스트밸리-퍼9,2026-09-20,17:55,120000,golfpang,,,18홀,tr_220242798
포웰(안성)cc,2026-09-20,17:50,105000,golfpang,,,18홀,tr_220094690
모나크,2026-09-20,18:16,90000,golfpang,,,18홀,tr_220222741
베스트밸리-퍼9,2026-09-20,18:02,120000,golfpang,,,18홀,tr_220242800
포웰(안성)cc,2026-09-20,18:25,92000,golfpang,,,18홀,tr_220094691
힐데스하임,2026-09-20,18:34,70000,golfpang,,,18홀,tr_220259129
대영힐스,2026-09-20,18:20,65000,golfpang,,,18홀,tr_220291212
이천실크밸리,2026-09-20,17:35,75000,golfpang,,,18홀,tr_220440824
비콘힐스,2026-09-20,18:47,70000,golfpang,,,18홀,tr_219562059
비콘힐스,2026-09-20,19:08,70000,golfpang,,,18홀,tr_219562060
플라밍고,2026-09-20,18:00,80000,golfpang,,,18홀,tr_219901116
플라밍고,2026-09-20,13:20,140000,golfpang,,,18홀,tr_219425376
블랙스톤벨포레,2026-09-20,06:20,70000,golfpang,,,18홀,tr_219901089
일라이트,2026-09-20,17:50,77000,golfpang,,,18홀,tr_220394801
로얄링스,2026-09-20,07:50,100000,golfpang,,,18홀,tr_219462771
스마트KU,2026-09-20,14:00,200000,golfpang,,,18홀,tr_218977420
일레븐,2026-09-20,17:00,60000,golfpang,,,18홀,tr_219424830
블랙스톤벨포레,2026-09-20,17:00,50000,golfpang,,,18홀,tr_219460081
해솔리아,2026-09-20,13:50,150000,golfpang,,,18홀,tr_220305103
로얄링스,2026-09-20,13:00,100000,golfpang,,,18홀,tr_219462778
솔라고,2026-09-20,13:30,140000,golfpang,,,18홀,tr_218977419
힐데스하임,2026-09-20,19:19,60000,golfpang,,,18홀,tr_220467939
힐데스하임,2026-09-20,06:00,125000,golfpang,,,18홀,tr_220467937
힐데스하임,2026-09-20,11:57,140000,golfpang,,,18홀,tr_220467938
포웰(안성)cc,2026-09-20,06:30,155000,golfpang,,,18홀,tr_220205849
플라밍고,2026-09-20,19:00,70000,golfpang,,,18홀,tr_219819782
포웰(안성)cc,2026-09-20,07:30,165000,golfpang,,,18홀,tr_219466318
솔라고,2026-09-20,18:40,67000,golfpang,,,18홀,tr_218437255
로얄링스,2026-09-20,12:20,100000,golfpang,,,18홀,tr_220437257
그린힐,2026-09-20,19:00,80000,golfpang,,,18홀,tr_218549048
로얄링스,2026-09-20,18:00,65000,golfpang,,,18홀,tr_220394808
해솔리아,2026-09-20,06:10,160000,golfpang,,,18홀,tr_220305052
블랙스톤벨포레,2026-09-20,18:00,40000,golfpang,,,18홀,tr_219393546
포웰(안성)cc,2026-09-20,19:00,65000,golfpang,,,18홀,tr_219466402
이천실크밸리,2026-09-20,18:31,75000,golfpang,,,18홀,tr_220467919
이천실크밸리,2026-09-20,18:31,75000,golfpang,,,18홀,tr_220467917
이천실크밸리,2026-09-20,18:38,75000,golfpang,,,18홀,tr_220467918
블랙스톤벨포레,2026-09-20,17:55,40000,golfpang,,,18홀,tr_219968762
해솔리아,2026-09-20,13:44,150000,golfpang,,,18홀,tr_220291125
포웰(안성)cc,2026-09-20,07:31,165000,golfpang,,,18홀,tr_220307390
알프스대영,2026-09-20,18:25,40000,golfpang,,,18홀,tr_220467810
알프스대영,2026-09-20,17:50,49000,golfpang,,,18홀,tr_220467809
알프스대영,2026-09-20,18:32,40000,golfpang,,,18홀,tr_220467808
블랙스톤벨포레,2026-09-20,06:25,70000,golfpang,,,18홀,tr_220467802
남양주(퍼9),2026-09-20,07:14,149000,golfpang,,,18홀,tr_220467689
남양주(퍼9),2026-09-20,16:47,109000,golfpang,,,18홀,tr_220467690
솔라고,2026-09-20,07:38,140000,golfpang,,,18홀,tr_220467572
솔라고,2026-09-20,14:03,120000,golfpang,,,18홀,tr_220467573
남춘천,2026-09-20,12:27,180000,golfpang,,,18홀,tr_220467518
웅포,2026-09-20,13:45,120000,golfpang,,,18홀,tr_219555582
푸른솔포천,2026-09-20,06:00,220000,golfpang,,,18홀,tr_220467348
푸른솔포천,2026-09-20,14:02,210000,golfpang,,,18홀,tr_220467349
스카이밸리,2026-09-20,12:15,190000,golfpang,,,18홀,tr_220463211
대영베이스,2026-09-20,18:08,95000,golfpang,,,18홀,tr_220463166
포웰(안성)cc,2026-09-20,19:35,65000,golfpang,,,18홀,tr_220463080
포웰(안성)cc,2026-09-20,05:57,155000,golfpang,,,18홀,tr_220463078
포웰(안성)cc,2026-09-20,07:00,165000,golfpang,,,18홀,tr_220463079
파주타이거,2026-09-20,17:11,150000,golfpang,,,18홀,tr_220462925
파주타이거,2026-09-20,18:05,160000,golfpang,,,18홀,tr_220462927
파주타이거,2026-09-20,17:05,150000,golfpang,,,18홀,tr_220462926
대영힐스,2026-09-20,18:41,65000,golfpang,,,18홀,tr_220459017
대영힐스,2026-09-20,17:38,85000,golfpang,,,18홀,tr_220459016
대영힐스,2026-09-20,18:55,59000,golfpang,,,18홀,tr_220459018
파주,2026-09-20,11:24,210000,golfpang,,,18홀,tr_220458906
파주,2026-09-20,11:38,210000,golfpang,,,18홀,tr_220458905
파주,2026-09-20,05:14,190000,golfpang,,,18홀,tr_220458904
마이다스레이크 이천,2026-09-20,06:35,200000,golfpang,,,18홀,tr_220202850
신라,2026-09-20,07:34,210000,golfpang,,,18홀,tr_220104495
유니아일랜드,2026-09-20,10:40,160000,golfpang,,,18홀,tr_219935257
신라,2026-09-20,08:37,220000,golfpang,,,18홀,tr_220104496
빅토리아-퍼9,2026-09-20,11:28,114000,golfpang,,,18홀,tr_219020296
마이다스레이크 이천,2026-09-20,12:32,200000,golfpang,,,18홀,tr_220202851
골프존 송도(구.오렌지듄스),2026-09-20,12:47,179000,golfpang,,,18홀,tr_220201815
유니아일랜드,2026-09-20,07:11,180000,golfpang,,,18홀,tr_219935256
한림안성(퍼9),2026-09-20,07:10,140000,golfpang,,,18홀,tr_219962146
한림안성(퍼9),2026-09-20,07:03,140000,golfpang,,,18홀,tr_219962151
빅토리아-퍼9,2026-09-20,07:03,149000,golfpang,,,18홀,tr_219020295
용인,2026-09-20,07:00,150000,golfpang,,,18홀,tr_220086225
클럽72-오션,2026-09-20,06:09,310000,golfpang,,,18홀,tr_220454874
클럽72-오션,2026-09-20,12:32,210000,golfpang,,,18홀,tr_220454875
모카cc,2026-09-20,08:39,140000,golfpang,,,18홀,tr_220441772
클럽72,2026-09-20,19:00,110000,golfpang,,,18홀,tr_220454788
클럽72,2026-09-20,18:25,120000,golfpang,,,18홀,tr_220454787
클럽72,2026-09-20,08:20,220000,golfpang,,,18홀,tr_220454786
동서울cc-퍼9,2026-09-20,08:37,69000,golfpang,,,18홀,tr_220454669
동서울cc-퍼9,2026-09-20,18:31,40000,golfpang,,,18홀,tr_220454670
파크밸리,2026-09-20,13:21,129000,golfpang,,,18홀,tr_219840210
파크밸리,2026-09-20,07:49,139000,golfpang,,,18홀,tr_219860672
크리스밸리,2026-09-20,06:20,190000,golfpang,,,18홀,tr_220454584
크리스밸리,2026-09-20,13:29,170000,golfpang,,,18홀,tr_220454585
비콘힐스,2026-09-20,06:25,115000,golfpang,,,18홀,tr_220454499
비콘힐스,2026-09-20,06:18,115000,golfpang,,,18홀,tr_220454497
비콘힐스,2026-09-20,06:25,115000,golfpang,,,18홀,tr_220454498
솔트베이,2026-09-20,12:00,230000,golfpang,,,18홀,tr_220454398
솔트베이,2026-09-20,18:01,149000,golfpang,,,18홀,tr_220454397
솔트베이,2026-09-20,12:32,230000,golfpang,,,18홀,tr_220454396
모카cc,2026-09-20,08:32,140000,golfpang,,,18홀,tr_220441771
로얄링스,2026-09-20,07:38,100000,golfpang,,,18홀,tr_220221117
골든베이,2026-09-20,08:08,150000,golfpang,,,18홀,tr_219760433
로얄링스,2026-09-20,12:41,100000,golfpang,,,18홀,tr_220221118
오너스,2026-09-20,08:28,160000,golfpang,,,18홀,tr_220217525
골프존 진천,2026-09-20,06:42,159000,golfpang,,,18홀,tr_220214310
이천실크밸리,2026-09-20,18:31,75000,golfpang,,,18홀,tr_220442353
이천실크밸리,2026-09-20,18:31,75000,golfpang,,,18홀,tr_220442354
이천실크밸리,2026-09-20,18:31,75000,golfpang,,,18홀,tr_220442352
오너스,2026-09-20,08:28,160000,golfpang,,,18홀,tr_220442233
오너스,2026-09-20,14:04,150000,golfpang,,,18홀,tr_220442234
떼제베,2026-09-20,18:30,100000,golfpang,,,18홀,tr_220442176
떼제베,2026-09-20,17:20,110000,golfpang,,,18홀,tr_220442175
블랙스톤벨포레,2026-09-20,18:20,50000,golfpang,,,18홀,tr_220442041
떼제베(동북),2026-09-20,17:13,90000,golfpang,,,18홀,tr_220442019
떼제베(동북),2026-09-20,17:48,90000,golfpang,,,18홀,tr_220442021
떼제베(동북),2026-09-20,18:30,80000,golfpang,,,18홀,tr_220442020
양지파인,2026-09-20,08:15,199000,golfpang,,,18홀,tr_220441935
양지파인,2026-09-20,08:15,199000,golfpang,,,18홀,tr_220441936
클럽72,2026-09-20,17:51,130000,golfpang,,,18홀,tr_220441932
골프존 송도(구.오렌지듄스),2026-09-20,17:50,139000,golfpang,,,18홀,tr_220441923
올데이,2026-09-20,12:28,89000,golfpang,,,18홀,tr_220441918
올데이,2026-09-20,06:33,89000,golfpang,,,18홀,tr_220441915
아세코밸리-퍼9,2026-09-20,16:49,100000,golfpang,,,18홀,tr_220390331
아세코밸리-퍼9,2026-09-20,17:10,100000,golfpang,,,18홀,tr_220390332
아세코밸리-퍼9,2026-09-20,17:17,100000,golfpang,,,18홀,tr_220390333
세현,2026-09-20,13:44,200000,golfpang,,,18홀,tr_220389993
세현,2026-09-20,13:51,200000,golfpang,,,18홀,tr_220389994
그린힐,2026-09-20,18:45,80000,golfpang,,,18홀,tr_220389596
그린힐,2026-09-20,18:45,80000,golfpang,,,18홀,tr_220389597
그린힐,2026-09-20,18:52,80000,golfpang,,,18홀,tr_220389598
세현,2026-09-20,13:09,230000,golfpang,,,18홀,tr_220389992
아세코밸리-퍼9,2026-09-20,18:06,80000,golfpang,,,18홀,tr_220441821
아세코밸리-퍼9,2026-09-20,17:10,120000,golfpang,,,18홀,tr_220441823
아세코밸리-퍼9,2026-09-20,16:49,100000,golfpang,,,18홀,tr_220441822
알프스대영,2026-09-20,17:43,49000,golfpang,,,18홀,tr_220375243
모나크,2026-09-20,13:31,140000,golfpang,,,18홀,tr_220366484
알프스대영,2026-09-20,16:54,69000,golfpang,,,18홀,tr_220375242
동서울cc-퍼9,2026-09-20,13:10,69000,golfpang,,,18홀,tr_220385368
알프스대영,2026-09-20,18:25,40000,golfpang,,,18홀,tr_220375244
동서울cc-퍼9,2026-09-20,18:17,40000,golfpang,,,18홀,tr_220385369
모나크,2026-09-20,13:38,140000,golfpang,,,18홀,tr_220366485
남춘천,2026-09-20,12:13,180000,golfpang,,,18홀,tr_220441808
남춘천,2026-09-20,08:50,190000,golfpang,,,18홀,tr_220441807
한림광릉,2026-09-20,17:24,140000,golfpang,,,18홀,tr_220362265
한림광릉,2026-09-20,18:06,140000,golfpang,,,18홀,tr_220362267
푸른솔포천,2026-09-20,13:13,220000,golfpang,,,18홀,tr_220349326
한림광릉,2026-09-20,17:31,140000,golfpang,,,18홀,tr_220362266
골프존 안성H,2026-09-20,14:20,180000,golfpang,,,18홀,tr_220342002
골프존 화랑,2026-09-20,18:28,65000,golfpang,,,18홀,tr_220336349
골프존 안성H,2026-09-20,14:20,180000,golfpang,,,18홀,tr_220342003
골프존 진천,2026-09-20,14:24,126000,golfpang,,,18홀,tr_220327979
대영힐스,2026-09-20,17:59,65000,golfpang,,,18홀,tr_220321026
대영힐스,2026-09-20,17:45,79000,golfpang,,,18홀,tr_220321025
감곡,2026-09-20,17:52,100000,golfpang,,,18홀,tr_220304763
로얄포레,2026-09-20,17:33,69000,golfpang,,,18홀,tr_220259398
감곡,2026-09-20,17:45,100000,golfpang,,,18홀,tr_220304762
로얄포레,2026-09-20,12:20,119000,golfpang,,,18홀,tr_220259397
감곡,2026-09-20,18:20,100000,golfpang,,,18홀,tr_220304764
일레븐,2026-09-20,17:30,65000,golfpang,,,18홀,tr_220223071
일레븐,2026-09-20,17:37,65000,golfpang,,,18홀,tr_220223073
일레븐,2026-09-20,17:30,65000,golfpang,,,18홀,tr_220223072
떼제베(동북),2026-09-20,17:34,90000,golfpang,,,18홀,tr_220219460
떼제베,2026-09-20,17:48,110000,golfpang,,,18홀,tr_220218991
백제,2026-09-20,13:12,130000,golfpang,,,18홀,tr_220216846
백제,2026-09-20,14:08,120000,golfpang,,,18홀,tr_220216847
떼제베(동북),2026-09-20,11:57,120000,golfpang,,,18홀,tr_220219459
포천힐스,2026-09-20,13:13,200000,golfpang,,,18홀,tr_220219780
이븐데일,2026-09-20,17:04,65000,golfpang,,,18홀,tr_220199403
베스트밸리-퍼9,2026-09-20,12:00,160000,golfpang,,,18홀,tr_219987070
남춘천,2026-09-20,14:17,170000,golfpang,,,18홀,tr_220205656
베스트밸리-퍼9,2026-09-20,17:55,120000,golfpang,,,18홀,tr_219987071
프린세스,2026-09-20,18:16,85000,golfpang,,,18홀,tr_220200090
양평TPC,2026-09-20,13:50,160000,golfpang,,,18홀,tr_220198900
솔트베이,2026-09-20,12:32,230000,golfpang,,,18홀,tr_220198424
솔트베이,2026-09-20,11:57,230000,golfpang,,,18홀,tr_220198423
남양주(퍼9),2026-09-20,16:20,109000,golfpang,,,18홀,tr_220180948
힐데스하임,2026-09-20,18:34,70000,golfpang,,,18홀,tr_220193397
포웰(안성)cc,2026-09-20,18:25,92000,golfpang,,,18홀,tr_220105696
남양주(퍼9),2026-09-20,11:47,139000,golfpang,,,18홀,tr_220180947
이븐데일,2026-09-20,11:31,109000,golfpang,,,18홀,tr_220199402
클럽모우,2026-09-20,13:27,165000,golfpang,,,18홀,tr_220198136
힐데스하임,2026-09-20,13:19,150000,golfpang,,,18홀,tr_220193396
남춘천,2026-09-20,12:13,180000,golfpang,,,18홀,tr_220205655
보령베이스-퍼9,2026-09-20,12:17,119000,golfpang,,,18홀,tr_220086042
오로라,2026-09-20,17:34,90000,golfpang,,,18홀,tr_220174794
로얄링스,2026-09-20,12:41,120000,golfpang,,,18홀,tr_219980047
샤인데일,2026-09-20,17:57,70000,golfpang,,,18홀,tr_220107020
보령베이스-퍼9,2026-09-20,12:10,119000,golfpang,,,18홀,tr_220086041
샤인데일,2026-09-20,18:04,70000,golfpang,,,18홀,tr_220107021
보령베이스-퍼9,2026-09-20,18:33,45000,golfpang,,,18홀,tr_220086043
옥스필드,2026-09-20,18:08,59000,golfpang,,,18홀,tr_220100235
옥스필드,2026-09-20,13:23,99000,golfpang,,,18홀,tr_220100234
오로라,2026-09-20,13:28,140000,golfpang,,,18홀,tr_220174793
레인보우힐스,2026-09-20,13:20,255000,golfpang,,,18홀,tr_219977927
리베라,2026-09-20,17:49,120000,golfpang,,,18홀,tr_220088255
리베라,2026-09-20,18:38,110000,golfpang,,,18홀,tr_220088256
레인보우힐스,2026-09-20,13:12,255000,golfpang,,,18홀,tr_219977926
리베라,2026-09-20,17:49,120000,golfpang,,,18홀,tr_220088254
스프링베일-퍼9,2026-09-20,17:36,85000,golfpang,,,18홀,tr_220015000
벨라스톤,2026-09-20,17:45,80000,golfpang,,,18홀,tr_219968943
비발디파크W,2026-09-20,13:55,176000,golfpang,,,18홀,tr_220013601
솔라고,2026-09-20,14:23,120000,golfpang,,,18홀,tr_219951944
센추리21,2026-09-20,17:26,85000,golfpang,,,18홀,tr_219938221
스프링베일-퍼9,2026-09-20,12:22,100000,golfpang,,,18홀,tr_220014999
골든베이,2026-09-20,13:24,130000,golfpang,,,18홀,tr_220012212
센추리21,2026-09-20,13:14,130000,golfpang,,,18홀,tr_219938220
자유로,2026-09-20,13:30,200000,golfpang,,,18홀,tr_220033377
오너스,2026-09-20,13:36,155000,golfpang,,,18홀,tr_220035108
벨라스톤,2026-09-20,13:35,159000,golfpang,,,18홀,tr_219968942
대호단양,2026-09-20,12:06,169000,golfpang,,,18홀,tr_219966762
센추리21(퍼),2026-09-20,17:26,60000,golfpang,,,18홀,tr_219937923
세레니티-강촌,2026-09-20,12:07,180000,golfpang,,,18홀,tr_219459565
센추리21(퍼),2026-09-20,11:50,110000,golfpang,,,18홀,tr_219937922
몽베르(대중제),2026-09-20,13:00,190000,golfpang,,,18홀,tr_219596226
신라,2026-09-20,12:36,190000,golfpang,,,18홀,tr_219909769
속리산cc,2026-09-20,12:29,130000,golfpang,,,18홀,tr_219747606
빅토리아-퍼9,2026-09-20,12:31,114000,golfpang,,,18홀,tr_219929228
엘레강스(가명),2026-09-20,11:58,220000,golfpang,,,18홀,tr_219682574
대호단양,2026-09-20,17:02,99000,golfpang,,,18홀,tr_219966763
세레니티cc,2026-09-20,14:16,275000,golfpang,,,18홀,tr_219463408
센테리움,2026-09-20,13:53,189000,golfpang,,,18홀,tr_219673458
속리산cc,2026-09-20,13:53,120000,golfpang,,,18홀,tr_219747607
스타,2026-09-20,13:58,140000,golfpang,,,18홀,tr_219757598
스타,2026-09-20,17:56,90000,golfpang,,,18홀,tr_219757599
세레니티cc,2026-09-20,17:59,130000,golfpang,,,18홀,tr_219463409
알펜시아700,2026-09-20,13:31,110000,golfpang,,,18홀,tr_219602164
필로스,2026-09-20,17:27,120000,golfpang,,,18홀,tr_219673650
빅토리아-퍼9,2026-09-20,17:17,89000,golfpang,,,18홀,tr_219929229
엘레강스(가명),2026-09-20,13:15,220000,golfpang,,,18홀,tr_219682575
동강시스타,2026-09-20,17:10,60000,golfpang,,,18홀,tr_217994037
알펜시아명문,2026-09-20,11:49,140000,golfpang,,,18홀,tr_219529496
필로스,2026-09-20,17:27,120000,golfpang,,,18홀,tr_219673649
알펜시아700,2026-09-20,17:30,90000,golfpang,,,18홀,tr_219602165
웰리힐리,2026-09-20,13:54,140000,golfpang,,,18홀,tr_219546361
필로스,2026-09-20,17:34,120000,golfpang,,,18홀,tr_219673651
세레니티-강촌,2026-09-20,17:25,140000,golfpang,,,18홀,tr_219459566
에덴블루,2026-09-20,17:43,105000,golfpang,,,18홀,tr_219872513
양평TPC,2026-09-20,08:16,180000,golfpang,,,18홀,tr_220441549
양평TPC,2026-09-20,06:38,170000,golfpang,,,18홀,tr_220441548
라싸,2026-09-20,17:32,129000,golfpang,,,18홀,tr_220441468
라싸,2026-09-20,18:07,119000,golfpang,,,18홀,tr_220441469
신안(병행),2026-09-20,18:38,80000,golfpang,,,18홀,tr_220441425
신안(병행),2026-09-20,18:31,80000,golfpang,,,18홀,tr_220441424
신안(병행),2026-09-20,18:38,80000,golfpang,,,18홀,tr_220441426
솔라고,2026-09-20,18:48,70000,golfpang,,,18홀,tr_220441275
로얄포레,2026-09-20,06:32,109000,golfpang,,,18홀,tr_220441176
로얄포레,2026-09-20,17:19,79000,golfpang,,,18홀,tr_220441177
로얄포레,2026-09-20,16:51,89000,golfpang,,,18홀,tr_220441178
솔트베이,2026-09-20,05:46,239000,golfpang,,,18홀,tr_220441173
골프존 안성W,2026-09-20,17:35,110000,golfpang,,,18홀,tr_220441079
신라,2026-09-20,06:24,200000,golfpang,,,18홀,tr_220440982
신라,2026-09-20,06:31,200000,golfpang,,,18홀,tr_220440983
신라,2026-09-20,07:27,220000,golfpang,,,18홀,tr_220440984
골프존 안성W,2026-09-20,14:13,140000,golfpang,,,18홀,tr_220440926
골프존 안성H,2026-09-20,14:20,180000,golfpang,,,18홀,tr_220440922
세현,2026-09-20,13:51,200000,golfpang,,,18홀,tr_220440847
세현,2026-09-20,13:44,200000,golfpang,,,18홀,tr_220440849
세현,2026-09-20,13:37,210000,golfpang,,,18홀,tr_220440848
이천실크밸리,2026-09-20,18:31,75000,golfpang,,,18홀,tr_220440825
골프존 안성W,2026-09-20,12:56,150000,golfpang,,,18홀,tr_220440755
스카이밸리,2026-09-20,12:15,190000,golfpang,,,18홀,tr_220440674
해솔리아,2026-09-20,11:55,160000,golfpang,,,18홀,tr_220440610
해솔리아,2026-09-20,13:40,150000,golfpang,,,18홀,tr_220440611
해솔리아,2026-09-20,18:04,110000,golfpang,,,18홀,tr_220440612
서원힐스,2026-09-20,05:25,230000,golfpang,,,18홀,tr_220440546
서원힐스,2026-09-20,05:39,230000,golfpang,,,18홀,tr_220440548
서원힐스,2026-09-20,05:32,230000,golfpang,,,18홀,tr_220440547
힐데스하임,2026-09-20,11:57,140000,golfpang,,,18홀,tr_220440528
힐데스하임,2026-09-20,12:19,140000,golfpang,,,18홀,tr_220440529
힐데스하임,2026-09-20,18:26,75000,golfpang,,,18홀,tr_220440530
동촌,2026-09-20,11:55,170000,golfpang,,,18홀,tr_220348583
동촌,2026-09-20,08:40,190000,golfpang,,,18홀,tr_220348507
일레븐,2026-09-20,13:40,115000,golfpang,,,18홀,tr_219798588
스카이밸리,2026-09-20,12:15,190000,golfpang,,,18홀,tr_220440383
스카이밸리,2026-09-20,12:15,190000,golfpang,,,18홀,tr_220440384
양평TPC,2026-09-20,14:11,150000,golfpang,,,18홀,tr_220222046
라싸,2026-09-20,13:49,199000,golfpang,,,18홀,tr_220376828
리베라,2026-09-20,14:17,250000,golfpang,,,18홀,tr_220440263
리베라,2026-09-20,18:52,110000,golfpang,,,18홀,tr_220440265
리베라,2026-09-20,18:45,110000,golfpang,,,18홀,tr_220440264
해솔리아,2026-09-20,18:04,110000,golfpang,,,18홀,tr_220440226
해솔리아,2026-09-20,11:55,160000,golfpang,,,18홀,tr_220440224
해솔리아,2026-09-20,13:40,150000,golfpang,,,18홀,tr_220440225
동서울cc-퍼9,2026-09-20,18:31,40000,golfpang,,,18홀,tr_220440016
동서울cc-퍼9,2026-09-20,18:17,40000,golfpang,,,18홀,tr_220440018
동서울cc-퍼9,2026-09-20,08:37,69000,golfpang,,,18홀,tr_220440017
이븐데일,2026-09-20,06:52,104000,golfpang,,,18홀,tr_220439990
이븐데일,2026-09-20,08:30,114000,golfpang,,,18홀,tr_220439991
이븐데일,2026-09-20,12:05,90000,golfpang,,,18홀,tr_220439992
양평TPC,2026-09-20,08:16,180000,golfpang,,,18홀,tr_220439971
양평TPC,2026-09-20,06:38,170000,golfpang,,,18홀,tr_220439972
일레븐,2026-09-20,17:44,60000,golfpang,,,18홀,tr_220439862
대영힐스,2026-09-20,12:18,129000,golfpang,,,18홀,tr_220439822
대영힐스,2026-09-20,12:18,129000,golfpang,,,18홀,tr_220439821
대영베이스,2026-09-20,17:08,99000,golfpang,,,18홀,tr_220437273
대영베이스,2026-09-20,17:55,75000,golfpang,,,18홀,tr_220437274
대영베이스,2026-09-20,12:59,155000,golfpang,,,18홀,tr_220437272
백제,2026-09-20,13:19,130000,golfpang,,,18홀,tr_220437203
백제,2026-09-20,14:22,120000,golfpang,,,18홀,tr_220437204
남춘천,2026-09-20,14:17,160000,golfpang,,,18홀,tr_220437092
남춘천,2026-09-20,14:17,160000,golfpang,,,18홀,tr_220437093
그린힐,2026-09-20,14:00,160000,golfpang,,,18홀,tr_219471807
솔라고,2026-09-20,14:00,120000,golfpang,,,18홀,tr_219471616
블랙스톤벨포레,2026-09-20,12:50,80000,golfpang,,,18홀,tr_219798543
블랙스톤벨포레,2026-09-20,17:00,60000,golfpang,,,18홀,tr_219798516
플라밍고,2026-09-20,18:10,70000,golfpang,,,18홀,tr_219471775
로얄링스,2026-09-20,13:00,120000,golfpang,,,18홀,tr_219471654
클럽72,2026-09-20,13:20,180000,golfpang,,,18홀,tr_220121054
솔라고,2026-09-20,13:30,140000,golfpang,,,18홀,tr_219471610
포웰(안성)cc,2026-09-20,13:40,142000,golfpang,,,18홀,tr_219806230
해솔리아,2026-09-20,06:50,160000,golfpang,,,18홀,tr_220274453
로얄링스,2026-09-20,07:10,120000,golfpang,,,18홀,tr_219471691
해솔리아,2026-09-20,07:24,170000,golfpang,,,18홀,tr_220434554
해솔리아,2026-09-20,07:24,170000,golfpang,,,18홀,tr_220434555
아세코밸리-퍼9,2026-09-20,17:31,80000,golfpang,,,18홀,tr_220434530
아세코밸리-퍼9,2026-09-20,18:06,80000,golfpang,,,18홀,tr_220434531
그린힐,2026-09-20,18:45,80000,golfpang,,,18홀,tr_220434489
그린힐,2026-09-20,18:45,80000,golfpang,,,18홀,tr_220434490
그린힐,2026-09-20,19:13,80000,golfpang,,,18홀,tr_220434491
블랙스톤벨포레,2026-09-20,06:15,80000,golfpang,,,18홀,tr_220149582
그린힐,2026-09-20,19:00,80000,golfpang,,,18홀,tr_220149738
일레븐,2026-09-20,17:00,70000,golfpang,,,18홀,tr_220149646
해솔리아,2026-09-20,13:19,160000,golfpang,,,18홀,tr_220149577
일레븐,2026-09-20,13:40,115000,golfpang,,,18홀,tr_220149607
필로스,2026-09-20,17:54,110000,golfpang,,,18홀,tr_220434485
아세코밸리-퍼9,2026-09-20,17:31,80000,golfpang,,,18홀,tr_220434446
한림광릉,2026-09-20,17:10,130000,golfpang,,,18홀,tr_220434394
센추리21(퍼),2026-09-20,12:46,100000,golfpang,,,18홀,tr_220434321
센추리21(퍼),2026-09-20,07:17,100000,golfpang,,,18홀,tr_220434320
센추리21(퍼),2026-09-20,13:21,100000,golfpang,,,18홀,tr_220434322
한림용인,2026-09-20,18:34,120000,golfpang,,,18홀,tr_220434303
한림용인,2026-09-20,17:17,140000,golfpang,,,18홀,tr_220434302
센추리21,2026-09-20,17:33,80000,golfpang,,,18홀,tr_220434143
센추리21,2026-09-20,06:14,120000,golfpang,,,18홀,tr_220434141
센추리21,2026-09-20,14:10,125000,golfpang,,,18홀,tr_220434142
비콘힐스,2026-09-20,18:47,70000,golfpang,,,18홀,tr_220434064
골프존 안성W,2026-09-20,17:28,100000,golfpang,,,18홀,tr_220431627
골프존 안성W,2026-09-20,18:31,100000,golfpang,,,18홀,tr_220431628
골프존 안성W,2026-09-20,14:13,140000,golfpang,,,18홀,tr_220431626
360도,2026-09-20,06:00,155000,golfpang,,,18홀,tr_220431588
360도,2026-09-20,12:52,177000,golfpang,,,18홀,tr_220431589
양평TPC,2026-09-20,06:52,170000,golfpang,,,18홀,tr_220250433
베스트밸리-퍼9,2026-09-20,18:30,120000,golfpang,,,18홀,tr_220423910
베스트밸리-퍼9,2026-09-20,18:02,120000,golfpang,,,18홀,tr_219654711
베스트밸리-퍼9,2026-09-20,07:50,170000,golfpang,,,18홀,tr_219654709
양평TPC,2026-09-20,06:38,170000,golfpang,,,18홀,tr_220423679
양평TPC,2026-09-20,14:11,150000,golfpang,,,18홀,tr_220423680
일레븐,2026-09-20,17:16,60000,golfpang,,,18홀,tr_220401823
프린세스,2026-09-20,08:19,170000,golfpang,,,18홀,tr_220423174
프린세스,2026-09-20,18:37,80000,golfpang,,,18홀,tr_220423173
프린세스,2026-09-20,14:03,150000,golfpang,,,18홀,tr_220423175
떼제베(동북),2026-09-20,18:30,80000,golfpang,,,18홀,tr_220423006
떼제베(동북),2026-09-20,16:52,90000,golfpang,,,18홀,tr_220423007
떼제베(동북),2026-09-20,18:37,80000,golfpang,,,18홀,tr_220423008
이글몬트,2026-09-20,06:20,190000,golfpang,,,18홀,tr_220149191
떼제베,2026-09-20,18:16,100000,golfpang,,,18홀,tr_220422878
떼제베,2026-09-20,17:13,110000,golfpang,,,18홀,tr_220422877
떼제베,2026-09-20,18:30,100000,golfpang,,,18홀,tr_220422876
올림픽,2026-09-20,16:31,130000,golfpang,,,18홀,tr_220326136
일레븐,2026-09-20,17:45,60000,golfpang,,,18홀,tr_220422758
베스트밸리-퍼9,2026-09-20,07:50,170000,golfpang,,,18홀,tr_220422668
베스트밸리-퍼9,2026-09-20,18:09,120000,golfpang,,,18홀,tr_220422670
베스트밸리-퍼9,2026-09-20,18:02,120000,golfpang,,,18홀,tr_220422669
더플레이어스,2026-09-20,06:34,180000,golfpang,,,18홀,tr_220397720
더플레이어스,2026-09-20,06:34,180000,golfpang,,,18홀,tr_220000631
올림픽,2026-09-20,16:31,130000,golfpang,,,18홀,tr_220397767
옥스필드,2026-09-20,12:34,99000,golfpang,,,18홀,tr_220422563
옥스필드,2026-09-20,18:15,59000,golfpang,,,18홀,tr_220422562
옥스필드,2026-09-20,06:53,119000,golfpang,,,18홀,tr_220422561
더플레이어스,2026-09-20,08:19,180000,golfpang,,,18홀,tr_220000656
빅토리아-퍼9,2026-09-20,17:24,89000,golfpang,,,18홀,tr_220422531
블랙스톤벨포레,2026-09-20,17:23,60000,golfpang,,,18홀,tr_220000699
골프존 송도(구.오렌지듄스),2026-09-20,13:29,179000,golfpang,,,18홀,tr_220397764
임페리얼레이크,2026-09-20,18:15,79000,golfpang,,,18홀,tr_220422352
임페리얼레이크,2026-09-20,11:10,139000,golfpang,,,18홀,tr_220422351
임페리얼레이크,2026-09-20,07:56,139000,golfpang,,,18홀,tr_220422350
골프존 송도(구.오렌지듄스),2026-09-20,13:29,179000,golfpang,,,18홀,tr_220397761
남춘천,2026-09-20,08:36,190000,golfpang,,,18홀,tr_220397747
남춘천,2026-09-20,08:43,190000,golfpang,,,18홀,tr_220397751
필로스,2026-09-20,11:48,190000,golfpang,,,18홀,tr_220397754
속리산cc,2026-09-20,13:25,110000,golfpang,,,18홀,tr_220397760
속리산cc,2026-09-20,13:25,110000,golfpang,,,18홀,tr_220325478
샤인데일,2026-09-20,17:57,70000,golfpang,,,18홀,tr_220422208
샤인데일,2026-09-20,07:44,180000,golfpang,,,18홀,tr_220422207
로얄포레,2026-09-20,11:24,129000,golfpang,,,18홀,tr_220422187
로얄포레,2026-09-20,06:25,109000,golfpang,,,18홀,tr_220422186
로얄포레,2026-09-20,07:35,119000,golfpang,,,18홀,tr_220422188
오너스,2026-09-20,08:07,159000,golfpang,,,18홀,tr_220397734
골프존 송도(구.오렌지듄스),2026-09-20,13:22,179000,golfpang,,,18홀,tr_220397758
로얄링스,2026-09-20,13:02,100000,golfpang,,,18홀,tr_220241273
일레븐,2026-09-20,17:23,60000,golfpang,,,18홀,tr_220422005
일레븐,2026-09-20,17:30,60000,golfpang,,,18홀,tr_220422007
일레븐,2026-09-20,17:30,60000,golfpang,,,18홀,tr_220422006
올데이,2026-09-20,12:20,89000,golfpang,,,18홀,tr_220421980
올데이,2026-09-20,07:56,109000,golfpang,,,18홀,tr_220421978
올데이,2026-09-20,07:14,99000,golfpang,,,18홀,tr_220421979
오너스,2026-09-20,08:07,159000,golfpang,,,18홀,tr_220233416
오너스,2026-09-20,08:21,159000,golfpang,,,18홀,tr_220233475
클럽모우,2026-09-20,13:34,145000,golfpang,,,18홀,tr_220325449
제이퍼블릭,2026-09-20,06:47,95000,golfpang,,,12홀,tr_220000634
로얄링스,2026-09-20,13:02,100000,golfpang,,,18홀,tr_220397757
캐슬렉스,2026-09-20,07:28,250000,golfpang,,,18홀,tr_220321205
캐슬렉스,2026-09-20,08:45,250000,golfpang,,,18홀,tr_220321204
캐슬렉스,2026-09-20,08:38,250000,golfpang,,,18홀,tr_220321206
클럽모우,2026-09-20,13:34,150000,golfpang,,,18홀,tr_220299654
클럽모우,2026-09-20,13:34,150000,golfpang,,,18홀,tr_220299653
오로라,2026-09-20,17:34,80000,golfpang,,,18홀,tr_220299698
오로라,2026-09-20,18:11,80000,golfpang,,,18홀,tr_220299699
오로라,2026-09-20,13:28,130000,golfpang,,,18홀,tr_220299697
루트52,2026-09-20,08:09,220000,golfpang,,,18홀,tr_220260945
몽베르(대중제),2026-09-20,18:03,120000,golfpang,,,18홀,tr_220299574
몽베르(대중제),2026-09-20,18:03,120000,golfpang,,,18홀,tr_220299572
몽베르(대중제),2026-09-20,18:03,120000,golfpang,,,18홀,tr_220299573
루트52,2026-09-20,08:02,220000,golfpang,,,18홀,tr_220260944
모나크,2026-09-20,06:18,150000,golfpang,,,18홀,tr_220258754
센테리움,2026-09-20,06:39,149000,golfpang,,,18홀,tr_220258777
골프존 진천,2026-09-20,06:49,159000,golfpang,,,18홀,tr_220259624
골프존 진천,2026-09-20,07:31,169000,golfpang,,,18홀,tr_220259625
이글몬트,2026-09-20,13:39,170000,golfpang,,,18홀,tr_220260119
골프존 진천,2026-09-20,14:17,135000,golfpang,,,18홀,tr_220259626
센테리움,2026-09-20,12:50,149000,golfpang,,,18홀,tr_220258778
모나크,2026-09-20,18:23,90000,golfpang,,,18홀,tr_220258756
모나크,2026-09-20,12:56,140000,golfpang,,,18홀,tr_220258755
골프존 안성H,2026-09-20,14:20,180000,golfpang,,,18홀,tr_220242704
골프존 안성H,2026-09-20,14:20,180000,golfpang,,,18홀,tr_220242703
골프존 송도(구.오렌지듄스),2026-09-20,08:17,189000,golfpang,,,18홀,tr_220250373
더플레이어스,2026-09-20,10:59,180000,golfpang,,,18홀,tr_219990678
골프존 송도(구.오렌지듄스),2026-09-20,12:47,179000,golfpang,,,18홀,tr_220250374
골프존 송도(구.오렌지듄스),2026-09-20,12:47,179000,golfpang,,,18홀,tr_220250375
골프존 안성H,2026-09-20,06:44,190000,golfpang,,,18홀,tr_220242702
킹스데일,2026-09-20,06:44,170000,golfpang,,,18홀,tr_220034006
킹스데일,2026-09-20,07:47,180000,golfpang,,,18홀,tr_220034007
더플레이어스,2026-09-20,08:05,180000,golfpang,,,18홀,tr_219990677
신안,2026-09-20,18:17,100000,golfpang,,,18홀,tr_220421725
웰리힐리,2026-09-20,14:46,140000,golfpang,,,18홀,tr_219778699
웰리힐리,2026-09-20,08:38,190000,golfpang,,,18홀,tr_219778698
웰리힐리,2026-09-20,14:54,140000,golfpang,,,18홀,tr_219778700
빅토리아-퍼9,2026-09-20,11:14,114000,golfpang,,,18홀,tr_219785102
빅토리아-퍼9,2026-09-20,12:10,114000,golfpang,,,18홀,tr_219785103
빅토리아-퍼9,2026-09-20,06:49,114000,golfpang,,,18홀,tr_219785101
유니아일랜드,2026-09-20,10:33,160000,golfpang,,,18홀,tr_220184341
유니아일랜드,2026-09-20,05:47,150000,golfpang,,,18홀,tr_220184340
유니아일랜드,2026-09-20,16:52,120000,golfpang,,,18홀,tr_220184342
스프링베일-퍼9,2026-09-20,13:25,95000,golfpang,,,18홀,tr_220182175
모카cc,2026-09-20,08:39,140000,golfpang,,,18홀,tr_220013580
세레니티-강촌,2026-09-20,12:07,180000,golfpang,,,18홀,tr_220421566
세레니티-강촌,2026-09-20,08:34,200000,golfpang,,,18홀,tr_220421565
세레니티-강촌,2026-09-20,17:32,120000,golfpang,,,18홀,tr_220421567
모카cc,2026-09-20,08:32,140000,golfpang,,,18홀,tr_220013579
세현,2026-09-20,13:51,200000,golfpang,,,18홀,tr_220421361
세현,2026-09-20,13:09,210000,golfpang,,,18홀,tr_220421360
센테리움,2026-09-20,07:07,159000,golfpang,,,18홀,tr_220421164
속리산cc,2026-09-20,14:00,120000,golfpang,,,18홀,tr_220420905
한림광릉,2026-09-20,18:06,130000,golfpang,,,18홀,tr_220420697
필로스,2026-09-20,18:00,110000,golfpang,,,18홀,tr_220420828
필로스,2026-09-20,18:00,110000,golfpang,,,18홀,tr_220420829
필로스,2026-09-20,18:00,110000,golfpang,,,18홀,tr_220420830
벨라스톤,2026-09-20,13:35,130000,golfpang,,,18홀,tr_220420817
벨라45 마스터스,2026-09-20,17:45,85000,golfpang,,,18홀,tr_219347672
벨라스톤,2026-09-20,17:52,80000,golfpang,,,18홀,tr_220149470
신안(병행),2026-09-20,18:31,80000,golfpang,,,18홀,tr_220029333
한림광릉,2026-09-20,17:24,130000,golfpang,,,18홀,tr_220420696
한림광릉,2026-09-20,18:48,130000,golfpang,,,18홀,tr_220420698
골프존 송도(구.오렌지듄스),2026-09-20,11:58,179000,golfpang,,,18홀,tr_220420605
골프존 송도(구.오렌지듄스),2026-09-20,12:47,179000,golfpang,,,18홀,tr_220420606
골프존 송도(구.오렌지듄스),2026-09-20,07:07,189000,golfpang,,,18홀,tr_220420604
벨라스톤,2026-09-20,13:00,130000,golfpang,,,18홀,tr_220420569
한림용인,2026-09-20,14:07,165000,golfpang,,,18홀,tr_220420368
한림용인,2026-09-20,14:07,165000,golfpang,,,18홀,tr_220420369
한림광릉,2026-09-20,17:24,130000,golfpang,,,18홀,tr_220420228
한림광릉,2026-09-20,17:24,130000,golfpang,,,18홀,tr_220420229
한림광릉,2026-09-20,17:24,130000,golfpang,,,18홀,tr_220420227
라데나,2026-09-20,06:24,190000,golfpang,,,18홀,tr_220420195
라데나,2026-09-20,06:24,190000,golfpang,,,18홀,tr_220420196
벨라스톤,2026-09-20,13:14,130000,golfpang,,,18홀,tr_220417674
오너스,2026-09-20,08:35,150000,golfpang,,,18홀,tr_220241888
센추리21(퍼),2026-09-20,11:50,110000,golfpang,,,18홀,tr_218581388
알펜시아명문,2026-09-20,12:10,130000,golfpang,,,18홀,tr_219440084
일레븐,2026-09-20,17:16,65000,golfpang,,,18홀,tr_220362096
알펜시아700,2026-09-20,12:56,90000,golfpang,,,18홀,tr_219750007
알프스대영,2026-09-20,13:06,99000,golfpang,,,18홀,tr_219637833
로얄포레,2026-09-20,12:20,119000,golfpang,,,18홀,tr_219624272
클럽모우,2026-09-20,06:58,165000,golfpang,,,18홀,tr_219428682
스타,2026-09-20,06:23,160000,golfpang,,,18홀,tr_220417576
스타,2026-09-20,18:45,80000,golfpang,,,18홀,tr_220417577
킹스데일,2026-09-20,08:40,195000,golfpang,,,18홀,tr_220417502
중원,2026-09-20,06:29,130000,golfpang,,,18홀,tr_220414887
중원,2026-09-20,14:13,130000,golfpang,,,18홀,tr_220414888
벨라스톤,2026-09-20,18:13,80000,golfpang,,,18홀,tr_220414825
벨라스톤,2026-09-20,13:00,159000,golfpang,,,18홀,tr_220414823
벨라스톤,2026-09-20,07:10,159000,golfpang,,,18홀,tr_220414824
스프링베일-퍼9,2026-09-20,07:41,110000,golfpang,,,18홀,tr_220414527
스프링베일-퍼9,2026-09-20,06:38,100000,golfpang,,,18홀,tr_220414526
벨라스톤,2026-09-20,18:06,80000,golfpang,,,18홀,tr_220411947
벨라스톤,2026-09-20,17:45,80000,golfpang,,,18홀,tr_220411946
윈체스트,2026-09-20,06:25,205000,golfpang,,,18홀,tr_215143603
윈체스트,2026-09-20,12:50,210000,golfpang,,,18홀,tr_215143606
윈체스트,2026-09-20,07:15,230000,golfpang,,,18홀,tr_220289552
대영베이스,2026-09-20,18:15,69000,golfpang,,,18홀,tr_220304836
남춘천,2026-09-20,14:17,160000,golfpang,,,18홀,tr_220124344
필로스,2026-09-20,17:27,120000,golfpang,,,18홀,tr_219673655
감곡,2026-09-20,17:45,110000,golfpang,,,18홀,tr_220306754
대영베이스,2026-09-20,18:01,69000,golfpang,,,18홀,tr_220304835
감곡,2026-09-20,14:10,150000,golfpang,,,18홀,tr_220306753
대영힐스,2026-09-20,07:59,130000,golfpang,,,18홀,tr_219584444
라싸,2026-09-20,08:33,209000,golfpang,,,18홀,tr_219719335
남춘천,2026-09-20,12:13,180000,golfpang,,,18홀,tr_220124343
라싸,2026-09-20,07:37,189000,golfpang,,,18홀,tr_219719334
플라밍고,2026-09-20,13:01,140000,golfpang,,,18홀,tr_219553942
일라이트,2026-09-20,18:24,77000,golfpang,,,18홀,tr_219319905
플라밍고,2026-09-20,18:56,70000,golfpang,,,18홀,tr_219553955
포웰(안성)cc,2026-09-20,18:50,65000,golfpang,,,18홀,tr_220307311
일라이트,2026-09-20,17:42,77000,golfpang,,,18홀,tr_219319899
솔라고,2026-09-20,13:25,140000,golfpang,,,18홀,tr_218468433
솔라고,2026-09-20,14:13,120000,golfpang,,,18홀,tr_218604807
포웰(안성)cc,2026-09-20,06:35,155000,golfpang,,,18홀,tr_220397058
해솔리아,2026-09-20,06:59,160000,golfpang,,,18홀,tr_220291045
벨라스톤,2026-09-20,07:10,159000,golfpang,,,18홀,tr_220403646
벨라스톤,2026-09-20,13:00,159000,golfpang,,,18홀,tr_220403647
벨라스톤,2026-09-20,18:13,80000,golfpang,,,18홀,tr_220403648
루트52,2026-09-20,08:02,220000,golfpang,,,18홀,tr_220193137
남춘천,2026-09-20,12:06,180000,golfpang,,,18홀,tr_220174862
에델바이스(가명),2026-09-20,06:56,180000,golfpang,,,18홀,tr_220403497
에델바이스(가명),2026-09-20,13:54,180000,golfpang,,,18홀,tr_220403498
남춘천,2026-09-20,12:13,180000,golfpang,,,18홀,tr_220401606
킹즈락,2026-09-20,17:38,80000,golfpang,,,18홀,tr_220403388
이븐데일,2026-09-20,17:27,55000,golfpang,,,18홀,tr_220403370
유니아일랜드,2026-09-20,10:48,150000,golfpang,,,18홀,tr_220403352
떼제베(동북),2026-09-20,17:06,90000,golfpang,,,18홀,tr_220200170
떼제베,2026-09-20,17:13,110000,golfpang,,,18홀,tr_220200149
포웰(안성)cc,2026-09-20,17:57,102000,golfpang,,,18홀,tr_220200268
떼제베(동북),2026-09-20,16:59,90000,golfpang,,,18홀,tr_220200169
킹즈락,2026-09-20,08:06,140000,golfpang,,,18홀,tr_220403335
해솔리아,2026-09-20,11:41,170000,golfpang,,,18홀,tr_220201219
올데이,2026-09-20,11:38,109000,golfpang,,,18홀,tr_220199719
올데이,2026-09-20,11:38,109000,golfpang,,,18홀,tr_220199718
동강시스타,2026-09-20,07:47,110000,golfpang,,,18홀,tr_219137880
웰리힐리,2026-09-20,07:42,190000,golfpang,,,18홀,tr_218853096
동서울cc-퍼9,2026-09-20,07:41,109000,golfpang,,,18홀,tr_217703352
알펜시아명문,2026-09-20,08:06,130000,golfpang,,,18홀,tr_219821257
옥스필드,2026-09-20,06:53,119000,golfpang,,,18홀,tr_220401176
웰리힐리,2026-09-20,07:10,190000,golfpang,,,18홀,tr_218853095
동강시스타,2026-09-20,06:58,100000,golfpang,,,18홀,tr_219137879
옥스필드,2026-09-20,07:35,99000,golfpang,,,18홀,tr_220401177
벨라스톤,2026-09-20,06:28,149000,golfpang,,,18홀,tr_219911537
알펜시아명문,2026-09-20,06:42,110000,golfpang,,,18홀,tr_219821256
써닝포인트,2026-09-20,13:33,205000,golfpang,,,18홀,tr_220200605
써닝포인트,2026-09-20,13:33,205000,golfpang,,,18홀,tr_220200604
이글몬트,2026-09-20,13:32,170000,golfpang,,,18홀,tr_220200349
속리산cc,2026-09-20,13:32,120000,golfpang,,,18홀,tr_220200956
오로라,2026-09-20,13:42,130000,golfpang,,,18홀,tr_220326725
골프존 안성W,2026-09-20,13:38,160000,golfpang,,,18홀,tr_220200341
세현,2026-09-20,13:44,200000,golfpang,,,18홀,tr_220199841
골프존 안성H,2026-09-20,13:52,180000,golfpang,,,18홀,tr_220200318
골프존 안성W,2026-09-20,13:52,160000,golfpang,,,18홀,tr_220200342
세현,2026-09-20,14:05,200000,golfpang,,,18홀,tr_220199842
스마트KU,2026-09-20,14:03,200000,golfpang,,,18홀,tr_220201192
푸른솔포천,2026-09-20,14:02,210000,golfpang,,,18홀,tr_220200830
감곡,2026-09-20,14:10,150000,golfpang,,,18홀,tr_220200503
해솔리아,2026-09-20,12:44,170000,golfpang,,,18홀,tr_220201220
옥스필드,2026-09-20,12:41,99000,golfpang,,,18홀,tr_220401178
옥스필드,2026-09-20,12:34,109000,golfpang,,,18홀,tr_220199985
라싸,2026-09-20,12:53,209000,golfpang,,,18홀,tr_220200776
푸른솔포천,2026-09-20,12:52,220000,golfpang,,,18홀,tr_220200829
동서울cc-퍼9,2026-09-20,12:49,99000,golfpang,,,18홀,tr_217703353
알펜시아700,2026-09-20,12:49,100000,golfpang,,,18홀,tr_219820848
세현,2026-09-20,12:48,220000,golfpang,,,18홀,tr_220199840
파주,2026-09-20,12:48,210000,golfpang,,,18홀,tr_220200720
포천힐스,2026-09-20,12:59,200000,golfpang,,,18홀,tr_220200814
킹스데일,2026-09-20,12:56,170000,golfpang,,,18홀,tr_220199776
동강시스타,2026-09-20,13:07,90000,golfpang,,,18홀,tr_219137881
골프존 안성H,2026-09-20,13:24,180000,golfpang,,,18홀,tr_220200317
대영힐스,2026-09-20,13:23,129000,golfpang,,,18홀,tr_220199526
골프존 화랑,2026-09-20,13:20,129000,golfpang,,,18홀,tr_220201055
힐데스하임,2026-09-20,13:19,150000,golfpang,,,18홀,tr_220201141
세레니티-강촌,2026-09-20,13:17,180000,golfpang,,,18홀,tr_220201250
대영힐스,2026-09-20,11:26,135000,golfpang,,,18홀,tr_220199525
로얄포레,2026-09-20,11:24,139000,golfpang,,,18홀,tr_220199625
파주,2026-09-20,11:10,220000,golfpang,,,18홀,tr_220200719
알프스대영,2026-09-20,11:07,105000,golfpang,,,18홀,tr_220199945
힐데스하임,2026-09-20,11:57,160000,golfpang,,,18홀,tr_220201140
벨라스톤,2026-09-20,11:57,169000,golfpang,,,18홀,tr_220200642
임페리얼레이크,2026-09-20,11:52,139000,golfpang,,,18홀,tr_220199604
세레니티-강촌,2026-09-20,12:07,180000,golfpang,,,18홀,tr_220201249
이븐데일,2026-09-20,12:06,109000,golfpang,,,18홀,tr_220200140
모카cc,2026-09-20,12:04,140000,golfpang,,,18홀,tr_220201407
대영베이스,2026-09-20,11:59,145000,golfpang,,,18홀,tr_220199565
속리산cc,2026-09-20,12:22,130000,golfpang,,,18홀,tr_220200955
오너스,2026-09-20,12:19,170000,golfpang,,,18홀,tr_220199811
360도,2026-09-20,12:15,177000,golfpang,,,18홀,tr_220200061
한림용인,2026-09-20,12:29,185000,golfpang,,,18홀,tr_220200398
양평TPC,2026-09-20,12:26,170000,golfpang,,,18홀,tr_220201083
클럽72,2026-09-20,12:25,250000,golfpang,,,18홀,tr_220200450
골프존 진천,2026-09-20,12:25,154000,golfpang,,,18홀,tr_220201023
알펜시아명문,2026-09-20,12:45,130000,golfpang,,,18홀,tr_219821258
웰리힐리,2026-09-20,08:30,190000,golfpang,,,18홀,tr_218853097
알펜시아700,2026-09-20,08:25,110000,golfpang,,,18홀,tr_219820847
알펜시아700,2026-09-20,18:12,50000,golfpang,,,18홀,tr_219820849
오로라,2026-09-20,18:22,80000,golfpang,,,18홀,tr_220326727
알프스대영,2026-09-20,18:32,40000,golfpang,,,18홀,tr_220377469
감곡,2026-09-20,14:10,150000,golfpang,,,18홀,tr_220200502
감곡,2026-09-20,14:10,150000,golfpang,,,18홀,tr_220200501
스마트KU,2026-09-20,14:10,200000,golfpang,,,18홀,tr_220201193
알프스대영,2026-09-20,16:54,69000,golfpang,,,18홀,tr_220377467
동서울cc-퍼9,2026-09-20,17:35,50000,golfpang,,,18홀,tr_217703354
오로라,2026-09-20,17:34,80000,golfpang,,,18홀,tr_220326726
알프스대영,2026-09-20,17:43,49000,golfpang,,,18홀,tr_220377468
벨라스톤,2026-09-20,17:45,80000,golfpang,,,18홀,tr_219911539
알프스대영,2026-09-20,13:27,99000,golfpang,,,18홀,tr_220199946
한림용인,2026-09-20,13:25,180000,golfpang,,,18홀,tr_220200399
벨라스톤,2026-09-20,13:35,159000,golfpang,,,18홀,tr_219911538
프린세스,2026-09-20,13:35,140000,golfpang,,,18홀,tr_220201112
클럽모우,2026-09-20,13:34,165000,golfpang,,,18홀,tr_220200036
포천힐스,2026-09-20,13:34,200000,golfpang,,,18홀,tr_220200815
벨라스톤,2026-09-20,08:41,169000,golfpang,,,18홀,tr_220200641
모카cc,2026-09-20,08:39,155000,golfpang,,,18홀,tr_220201406
신라,2026-09-20,08:37,220000,golfpang,,,18홀,tr_220200099
양지파인,2026-09-20,07:30,200000,golfpang,,,18홀,tr_220200549
이븐데일,2026-09-20,07:28,129000,golfpang,,,18홀,tr_220200138
클럽모우,2026-09-20,07:47,180000,golfpang,,,18홀,tr_220200035
해솔리아,2026-09-20,07:45,180000,golfpang,,,18홀,tr_220201218
샤인데일,2026-09-20,07:44,180000,golfpang,,,18홀,tr_220201374
떼제베(동북),2026-09-20,07:42,140000,golfpang,,,18홀,tr_220200168
클럽72,2026-09-20,07:38,210000,golfpang,,,18홀,tr_220200449
올데이,2026-09-20,07:56,129000,golfpang,,,18홀,tr_220199717
옥스필드,2026-09-20,07:56,119000,golfpang,,,18홀,tr_220199984
포천힐스,2026-09-20,07:52,240000,golfpang,,,18홀,tr_220200813
이글몬트,2026-09-20,07:51,190000,golfpang,,,18홀,tr_220200348
골프존 화랑,2026-09-20,07:51,149000,golfpang,,,18홀,tr_220201053
에덴블루,2026-09-20,07:48,209000,golfpang,,,18홀,tr_220200283
킹스데일,2026-09-20,07:47,180000,golfpang,,,18홀,tr_220199775
포웰(안성)cc,2026-09-20,08:10,231000,golfpang,,,18홀,tr_220200267
신라,2026-09-20,08:09,220000,golfpang,,,18홀,tr_220200098
대영베이스,2026-09-20,08:07,149000,golfpang,,,18홀,tr_220199564
라싸,2026-09-20,08:05,209000,golfpang,,,18홀,tr_220200774
로얄포레,2026-09-20,08:03,149000,golfpang,,,18홀,tr_220199624
떼제베,2026-09-20,08:03,180000,golfpang,,,18홀,tr_220200148
프린세스,2026-09-20,06:55,145000,golfpang,,,18홀,tr_220201110
옥스필드,2026-09-20,06:53,119000,golfpang,,,18홀,tr_220199983
골프존 안성H,2026-09-20,06:51,200000,golfpang,,,18홀,tr_220200316
솔모로,2026-09-20,06:51,270000,golfpang,,,18홀,tr_220200690
세레니티-강촌,2026-09-20,06:49,200000,golfpang,,,18홀,tr_220201248
벨라스톤,2026-09-20,07:10,159000,golfpang,,,18홀,tr_220200640
힐데스하임,2026-09-20,07:00,160000,golfpang,,,18홀,tr_220201139
클럽72,2026-09-20,06:56,200000,golfpang,,,18홀,tr_220200448
파주,2026-09-20,07:27,270000,golfpang,,,18홀,tr_220200718
샤인데일,2026-09-20,07:23,180000,golfpang,,,18홀,tr_220201373
골프존 안성W,2026-09-20,07:19,170000,golfpang,,,18홀,tr_220200340
샤인데일,2026-09-20,07:16,180000,golfpang,,,18홀,tr_220201372
속리산cc,2026-09-20,07:15,160000,golfpang,,,18홀,tr_220200954
포웰(안성)cc,2026-09-20,07:14,211000,golfpang,,,18홀,tr_220200266
골프존 진천,2026-09-20,07:38,175000,golfpang,,,18홀,tr_220201021
임페리얼레이크,2026-09-20,07:35,139000,golfpang,,,18홀,tr_220199602
로얄포레,2026-09-20,07:35,149000,golfpang,,,18홀,tr_220199623
떼제베,2026-09-20,07:35,170000,golfpang,,,18홀,tr_220200147
대영베이스,2026-09-20,07:34,145000,golfpang,,,18홀,tr_220199563
신라,2026-09-20,07:34,210000,golfpang,,,18홀,tr_220200097
한림광릉,2026-09-20,06:10,190000,golfpang,,,18홀,tr_220200409
대영힐스,2026-09-20,06:07,119000,golfpang,,,18홀,tr_220199524
써닝포인트,2026-09-20,06:07,215000,golfpang,,,18홀,tr_220200603
알프스대영,2026-09-20,06:05,95000,golfpang,,,18홀,tr_220199944
한림용인,2026-09-20,06:24,190000,golfpang,,,18홀,tr_220200397
한림광릉,2026-09-20,06:24,190000,golfpang,,,18홀,tr_220200411
한림광릉,2026-09-20,06:17,190000,golfpang,,,18홀,tr_220200410
오너스,2026-09-20,08:21,165000,golfpang,,,18홀,tr_220199810
에덴블루,2026-09-20,08:19,219000,golfpang,,,18홀,tr_220200285
양평TPC,2026-09-20,08:16,220000,golfpang,,,18홀,tr_220201082
360도,2026-09-20,08:15,220000,golfpang,,,18홀,tr_220200060
에덴블루,2026-09-20,08:12,219000,golfpang,,,18홀,tr_220200284
임페리얼레이크,2026-09-20,08:10,159000,golfpang,,,18홀,tr_220199603
양지파인,2026-09-20,08:30,210000,golfpang,,,18홀,tr_220200550
솔모로,2026-09-20,08:29,270000,golfpang,,,18홀,tr_220200691
프린세스,2026-09-20,08:26,165000,golfpang,,,18홀,tr_220201111
이븐데일,2026-09-20,08:23,135000,golfpang,,,18홀,tr_220200139
한림용인,2026-09-20,17:17,140000,golfpang,,,18홀,tr_220403256
한림용인,2026-09-20,18:20,135000,golfpang,,,18홀,tr_220403258
한림용인,2026-09-20,17:45,140000,golfpang,,,18홀,tr_220403257
솔모로,2026-09-20,06:30,230000,golfpang,,,18홀,tr_220403221
골프존 송도(구.오렌지듄스),2026-09-20,17:49,139000,golfpang,,,18홀,tr_220403214
용인플라자,2026-09-20,17:51,140000,golfpang,,,18홀,tr_219554908
그린힐,2026-09-20,18:31,90000,golfpang,,,18홀,tr_220014709
신안(병행),2026-09-20,18:31,80000,golfpang,,,18홀,tr_219998626
용인플라자,2026-09-20,18:40,140000,golfpang,,,18홀,tr_219554909
클럽72,2026-09-20,18:39,120000,golfpang,,,18홀,tr_220179237
그린힐,2026-09-20,18:52,90000,golfpang,,,18홀,tr_220014710
리베라,2026-09-20,18:52,110000,golfpang,,,18홀,tr_220190589
그린힐,2026-09-20,19:13,80000,golfpang,,,18홀,tr_220014711
리베라,2026-09-20,19:06,110000,golfpang,,,18홀,tr_220190590
클럽72,2026-09-20,19:00,110000,golfpang,,,18홀,tr_220179238
골프존 안성H,2026-09-20,14:27,180000,golfpang,,,18홀,tr_220290616
골프존 안성H,2026-09-20,14:20,180000,golfpang,,,18홀,tr_220290615
용인플라자,2026-09-20,17:09,140000,golfpang,,,18홀,tr_219554907
신안(병행),2026-09-20,17:21,90000,golfpang,,,18홀,tr_219998624
신안(병행),2026-09-20,17:28,90000,golfpang,,,18홀,tr_219998625
빅토리아-퍼9,2026-09-20,17:38,89000,golfpang,,,18홀,tr_220007694
클럽72,2026-09-20,17:43,130000,golfpang,,,18홀,tr_220179236
세현,2026-09-20,13:30,240000,golfpang,,,18홀,tr_219184014
이글몬트,2026-09-20,14:00,170000,golfpang,,,18홀,tr_220315054
에덴블루,2026-09-20,14:00,142000,golfpang,,,18홀,tr_220395857
세현,2026-09-20,13:58,230000,golfpang,,,18홀,tr_219184015
골프존 송도(구.오렌지듄스),2026-09-20,12:47,179000,golfpang,,,18홀,tr_220261998
빅토리아-퍼9,2026-09-20,12:45,114000,golfpang,,,18홀,tr_220007693
히든밸리,2026-09-20,12:44,160000,golfpang,,,18홀,tr_218468157
세현,2026-09-20,12:41,250000,golfpang,,,18홀,tr_219184013
360도,2026-09-20,12:52,177000,golfpang,,,18홀,tr_220180231
클럽72-오션,2026-09-20,12:25,250000,golfpang,,,18홀,tr_220179669
에덴블루,2026-09-20,08:19,219000,golfpang,,,18홀,tr_220395856
캐슬렉스,2026-09-20,08:38,250000,golfpang,,,18홀,tr_220348152
캐슬렉스,2026-09-20,07:28,250000,golfpang,,,18홀,tr_220348153
에덴블루,2026-09-20,07:48,209000,golfpang,,,18홀,tr_220395855
360도,2026-09-20,08:15,220000,golfpang,,,18홀,tr_220180230
양지파인,2026-09-20,08:15,210000,golfpang,,,18홀,tr_220022832
골프존 송도(구.오렌지듄스),2026-09-20,08:10,189000,golfpang,,,18홀,tr_220261997
이글몬트,2026-09-20,06:41,180000,golfpang,,,18홀,tr_220315053
골프존 송도(구.오렌지듄스),2026-09-20,07:00,189000,golfpang,,,18홀,tr_220261996
빅토리아-퍼9,2026-09-20,06:56,114000,golfpang,,,18홀,tr_220007692
캐슬렉스,2026-09-20,06:53,250000,golfpang,,,18홀,tr_220348154
히든밸리,2026-09-20,07:17,180000,golfpang,,,18홀,tr_218468156
양지파인,2026-09-20,07:30,200000,golfpang,,,18홀,tr_220022831
클럽72-오션,2026-09-20,06:16,310000,golfpang,,,18홀,tr_220179668
리베라,2026-09-20,17:56,120000,golfpang,,,18홀,tr_220190588
골프존 안성H,2026-09-20,06:44,190000,golfpang,,,18홀,tr_220290614
대영힐스,2026-09-20,18:20,69000,golfpang,,,18홀,tr_220377152
모나크,2026-09-20,18:16,90000,golfpang,,,18홀,tr_220242341
파인스톤,2026-09-20,18:39,120000,golfpang,,,18홀,tr_218361672
대영힐스,2026-09-20,17:03,85000,golfpang,,,18홀,tr_220377151
대호단양,2026-09-20,17:02,99000,golfpang,,,18홀,tr_220184395
파인스톤,2026-09-20,17:01,140000,golfpang,,,18홀,tr_218361671
떼제베(동북),2026-09-20,16:59,90000,golfpang,,,18홀,tr_220198689
임페리얼레이크,2026-09-20,17:26,89000,golfpang,,,18홀,tr_220402018
떼제베(동북),2026-09-20,17:34,90000,golfpang,,,18홀,tr_220198690
스톤비치,2026-09-20,17:44,120000,golfpang,,,18홀,tr_219485879
솔라고,2026-09-20,13:35,140000,golfpang,,,18홀,tr_218046814
힐데스하임,2026-09-20,13:34,150000,golfpang,,,18홀,tr_219155969
플라밍고,2026-09-20,13:32,150000,golfpang,,,18홀,tr_220120976
스타,2026-09-20,13:51,140000,golfpang,,,18홀,tr_220396191
골프존 화랑,2026-09-20,14:02,129000,golfpang,,,18홀,tr_220391466
속리산cc,2026-09-20,12:50,150000,golfpang,,,18홀,tr_219980698
대호단양,2026-09-20,12:48,169000,golfpang,,,18홀,tr_220184394
스톤비치,2026-09-20,12:48,150000,golfpang,,,18홀,tr_219485878
예미지,2026-09-20,12:47,175000,golfpang,,,18홀,tr_220396297
플라밍고,2026-09-20,12:43,160000,golfpang,,,18홀,tr_220120975
골든베이,2026-09-20,12:42,130000,golfpang,,,18홀,tr_218977741
로얄링스,2026-09-20,12:41,160000,golfpang,,,18홀,tr_219246320
프린세스,2026-09-20,13:00,140000,golfpang,,,18홀,tr_219540351
모나크,2026-09-20,12:56,140000,golfpang,,,18홀,tr_220242340
로얄포레,2026-09-20,13:02,109000,golfpang,,,18홀,tr_220402814
감곡,2026-09-20,13:00,170000,golfpang,,,18홀,tr_219989519
예미지,2026-09-20,13:22,170000,golfpang,,,18홀,tr_220396298
올데이,2026-09-20,12:27,99000,golfpang,,,18홀,tr_220402187
킹즈락,2026-09-20,12:22,140000,golfpang,,,18홀,tr_220170161
로얄포레,2026-09-20,12:13,109000,golfpang,,,18홀,tr_220402813
파인스톤,2026-09-20,12:41,220000,golfpang,,,18홀,tr_218361670
골프존 화랑,2026-09-20,08:05,149000,golfpang,,,18홀,tr_220391465
속리산cc,2026-09-20,08:04,140000,golfpang,,,18홀,tr_219980697
골프존 진천,2026-09-20,08:27,169000,golfpang,,,18홀,tr_220390954
임페리얼레이크,2026-09-20,11:24,129000,golfpang,,,18홀,tr_220402017
프린세스,2026-09-20,07:23,160000,golfpang,,,18홀,tr_219540350
떼제베(동북),2026-09-20,07:49,140000,golfpang,,,18홀,tr_220198688
킹스데일,2026-09-20,07:47,180000,golfpang,,,18홀,tr_220348266
대호단양,2026-09-20,07:45,169000,golfpang,,,18홀,tr_220184393
힐데스하임,2026-09-20,07:45,165000,golfpang,,,18홀,tr_219155968
로얄포레,2026-09-20,07:42,119000,golfpang,,,18홀,tr_220402812
솔라고,2026-09-20,07:38,140000,golfpang,,,18홀,tr_218046813
올데이,2026-09-20,08:03,119000,golfpang,,,18홀,tr_220402186
킹즈락,2026-09-20,08:02,140000,golfpang,,,18홀,tr_220170160
골든베이,2026-09-20,08:01,150000,golfpang,,,18홀,tr_218977740
임페리얼레이크,2026-09-20,07:56,139000,golfpang,,,18홀,tr_220402016
센테리움,2026-09-20,07:56,159000,golfpang,,,18홀,tr_220348203
로얄링스,2026-09-20,07:52,160000,golfpang,,,18홀,tr_219246319
감곡,2026-09-20,08:15,170000,golfpang,,,18홀,tr_219989518
프린세스,2026-09-20,08:12,170000,golfpang,,,18홀,tr_219540349
골프존 진천,2026-09-20,06:42,149000,golfpang,,,18홀,tr_220390955
스타,2026-09-20,07:19,170000,golfpang,,,18홀,tr_220396190
스톤비치,2026-09-20,07:17,130000,golfpang,,,18홀,tr_219485877
센테리움,2026-09-20,07:14,159000,golfpang,,,18홀,tr_220348204
올데이,2026-09-20,07:14,109000,golfpang,,,18홀,tr_220402185
힐데스하임,2026-09-20,07:07,160000,golfpang,,,18홀,tr_219155967
떼제베,2026-09-20,07:35,160000,golfpang,,,18홀,tr_220198025
골프존 진천,2026-09-20,07:31,159000,golfpang,,,18홀,tr_220390953
대영힐스,2026-09-20,06:07,109000,golfpang,,,18홀,tr_220377150
플라밍고,2026-09-20,06:20,160000,golfpang,,,18홀,tr_220120974
속리산cc,2026-09-20,06:19,110000,golfpang,,,18홀,tr_219980696
모나크,2026-09-20,06:18,150000,golfpang,,,18홀,tr_220242339
골프존 화랑,2026-09-20,06:34,139000,golfpang,,,18홀,tr_220391464
킹스데일,2026-09-20,06:44,170000,golfpang,,,18홀,tr_220348265
스타,2026-09-20,17:49,90000,golfpang,,,18홀,tr_220396192
떼제베,2026-09-20,17:48,110000,golfpang,,,18홀,tr_220198026
킹즈락,2026-09-20,17:59,80000,golfpang,,,18홀,tr_220170162
감곡,2026-09-20,18:13,100000,golfpang,,,18홀,tr_219989520
대영베이스,2026-09-20,18:08,95000,golfpang,,,18홀,tr_220376768
대영베이스,2026-09-20,18:08,95000,golfpang,,,18홀,tr_220376767
대영베이스,2026-09-20,18:08,95000,golfpang,,,18홀,tr_220376766
떼제베,2026-09-20,18:23,100000,golfpang,,,18홀,tr_220198027
블루원용인(퍼),2026-09-20,18:01,90000,golfpang,,,18홀,tr_220403088
블루원용인,2026-09-20,18:01,120000,golfpang,,,18홀,tr_220403083
솔트베이,2026-09-20,11:51,230000,golfpang,,,18홀,tr_220403061
코브스윙,2026-09-20,13:41,170000,golfpang,,,18홀,tr_220402872
중원,2026-09-20,12:51,140000,golfpang,,,18홀,tr_220402799
필로스,2026-09-20,11:48,190000,golfpang,,,18홀,tr_220201429
골프존 송도(구.오렌지듄스),2026-09-20,13:29,179000,golfpang,,,18홀,tr_220181418
속리산cc,2026-09-20,13:25,110000,golfpang,,,18홀,tr_219769934
코브스윙,2026-09-20,13:41,170000,golfpang,,,18홀,tr_220402776
코브스윙,2026-09-20,13:55,170000,golfpang,,,18홀,tr_220402777
일레븐,2026-09-20,18:26,65000,golfpang,,,18홀,tr_220402599
일레븐,2026-09-20,17:51,65000,golfpang,,,18홀,tr_220402598
일레븐,2026-09-20,17:30,65000,golfpang,,,18홀,tr_220402597
중원,2026-09-20,08:28,140000,golfpang,,,18홀,tr_220402324
중원,2026-09-20,12:51,140000,golfpang,,,18홀,tr_220402325
오너스,2026-09-20,08:07,159000,golfpang,,,18홀,tr_219781119
일레븐,2026-09-20,18:05,65000,golfpang,,,18홀,tr_220236107
모나크,2026-09-20,18:16,90000,golfpang,,,18홀,tr_220219220
대영베이스,2026-09-20,18:08,95000,golfpang,,,18홀,tr_220022640
블랙스톤벨포레,2026-09-20,18:19,50000,golfpang,,,18홀,tr_219786785
보령베이스-퍼9,2026-09-20,18:33,45000,golfpang,,,18홀,tr_220148911
블랙스톤벨포레,2026-09-20,18:54,50000,golfpang,,,18홀,tr_219786786
보령베이스-퍼9,2026-09-20,18:54,40000,golfpang,,,18홀,tr_220148912
일레븐,2026-09-20,18:54,65000,golfpang,,,18홀,tr_220236108
백제,2026-09-20,14:15,120000,golfpang,,,18홀,tr_220006650
떼제베,2026-09-20,17:13,110000,golfpang,,,18홀,tr_220150573
일레븐,2026-09-20,17:30,65000,golfpang,,,18홀,tr_220236106
파인스톤,2026-09-20,17:29,140000,golfpang,,,18홀,tr_217890566
블랙스톤벨포레,2026-09-20,17:30,60000,golfpang,,,18홀,tr_219786784
골프존 화랑,2026-09-20,17:46,69000,golfpang,,,18홀,tr_220262327
감곡,2026-09-20,17:45,110000,golfpang,,,18홀,tr_220010436
플라밍고,2026-09-20,13:32,150000,golfpang,,,18홀,tr_220117972
스타,2026-09-20,13:51,140000,golfpang,,,18홀,tr_220002639
킹즈락,2026-09-20,14:00,125000,golfpang,,,18홀,tr_220180921
감곡,2026-09-20,14:10,150000,golfpang,,,18홀,tr_220010435
중원,2026-09-20,14:08,130000,golfpang,,,18홀,tr_220261773
골든베이,2026-09-20,12:42,130000,golfpang,,,18홀,tr_219559077
모나크,2026-09-20,12:56,140000,golfpang,,,18홀,tr_220219219
떼제베(동북),2026-09-20,12:53,120000,golfpang,,,18홀,tr_220150949
백제,2026-09-20,13:12,130000,golfpang,,,18홀,tr_220006649
감곡,2026-09-20,13:00,170000,golfpang,,,18홀,tr_220010434
힐데스하임,2026-09-20,13:19,150000,golfpang,,,18홀,tr_220170367
서산수,2026-09-20,08:56,220000,golfpang,,,18홀,tr_218786839
골프존 진천,2026-09-20,08:48,179000,golfpang,,,18홀,tr_220215834
힐데스하임,2026-09-20,11:57,160000,golfpang,,,18홀,tr_220170366
스타,2026-09-20,11:52,170000,golfpang,,,18홀,tr_220002638
킹즈락,2026-09-20,11:47,140000,golfpang,,,18홀,tr_220180922
프린세스,2026-09-20,12:11,155000,golfpang,,,18홀,tr_219341853
보령베이스-퍼9,2026-09-20,12:10,119000,golfpang,,,18홀,tr_220148910
로얄링스,2026-09-20,12:06,160000,golfpang,,,18홀,tr_220008533
모카cc,2026-09-20,12:04,150000,golfpang,,,18홀,tr_220057008
서산수,2026-09-20,11:58,220000,golfpang,,,18홀,tr_218786840
대영힐스,2026-09-20,12:18,135000,golfpang,,,18홀,tr_220015669
올데이,2026-09-20,12:34,89000,golfpang,,,18홀,tr_220283335
골프존 진천,2026-09-20,12:32,149000,golfpang,,,18홀,tr_220215835
플라밍고,2026-09-20,12:29,160000,golfpang,,,18홀,tr_220117971
골든베이,2026-09-20,08:08,150000,golfpang,,,18홀,tr_219559075
골프존 화랑,2026-09-20,08:05,149000,golfpang,,,18홀,tr_220262326
이븐데일,2026-09-20,08:23,120000,golfpang,,,18홀,tr_220289387
중원,2026-09-20,08:21,160000,golfpang,,,18홀,tr_220261772
프린세스,2026-09-20,08:40,180000,golfpang,,,18홀,tr_219341852
로얄링스,2026-09-20,08:34,160000,golfpang,,,18홀,tr_220008532
이븐데일,2026-09-20,11:31,100000,golfpang,,,18홀,tr_220289388
파인스톤,2026-09-20,11:31,220000,golfpang,,,18홀,tr_217890565
대영힐스,2026-09-20,11:26,139000,golfpang,,,18홀,tr_220015670
대호단양,2026-09-20,11:10,169000,golfpang,,,18홀,tr_219368835
임페리얼레이크,2026-09-20,11:10,139000,golfpang,,,18홀,tr_220279018
이븐데일,2026-09-20,07:28,115000,golfpang,,,18홀,tr_220289386
떼제베(동북),2026-09-20,07:49,140000,golfpang,,,18홀,tr_220150948
대호단양,2026-09-20,07:45,189000,golfpang,,,18홀,tr_219368834
프린세스,2026-09-20,07:44,170000,golfpang,,,18홀,tr_219341851
올데이,2026-09-20,08:03,119000,golfpang,,,18홀,tr_220283334
킹즈락,2026-09-20,08:02,140000,golfpang,,,18홀,tr_220180920
임페리얼레이크,2026-09-20,07:56,149000,golfpang,,,18홀,tr_220279017
파인스톤,2026-09-20,08:13,220000,golfpang,,,18홀,tr_217890564
떼제베(동북),2026-09-20,07:00,120000,golfpang,,,18홀,tr_220150947
임페리얼레이크,2026-09-20,07:21,139000,golfpang,,,18홀,tr_220279019
올데이,2026-09-20,07:14,109000,golfpang,,,18홀,tr_220283333
모카cc,2026-09-20,07:36,170000,golfpang,,,18홀,tr_220057007
떼제베,2026-09-20,07:35,160000,golfpang,,,18홀,tr_220150572
킹스데일,2026-09-20,07:33,190000,golfpang,,,18홀,tr_219569994
골프존 진천,2026-09-20,07:31,169000,golfpang,,,18홀,tr_220215833
대영힐스,2026-09-20,06:07,119000,golfpang,,,18홀,tr_220015668
플라밍고,2026-09-20,06:20,160000,golfpang,,,18홀,tr_220117970
골프존 화랑,2026-09-20,06:20,139000,golfpang,,,18홀,tr_220262325
모나크,2026-09-20,06:18,150000,golfpang,,,18홀,tr_220219218
떼제베,2026-09-20,06:32,140000,golfpang,,,18홀,tr_220150571
힐데스하임,2026-09-20,06:52,150000,golfpang,,,18홀,tr_220170365
킹스데일,2026-09-20,06:51,180000,golfpang,,,18홀,tr_219569993
대호단양,2026-09-20,06:49,159000,golfpang,,,18홀,tr_219368833
스타,2026-09-20,06:44,170000,golfpang,,,18홀,tr_220002637
알펜시아700,2026-09-20,08:46,130000,golfpang,,,18홀,tr_219583690
옥스필드,2026-09-20,11:45,119000,golfpang,,,18홀,tr_220287652
센추리21(퍼),2026-09-20,11:43,125000,golfpang,,,18홀,tr_218482875
오로라,2026-09-20,12:32,150000,golfpang,,,18홀,tr_220213922
동강시스타,2026-09-20,08:08,120000,golfpang,,,18홀,tr_218134518
알펜시아명문,2026-09-20,08:06,150000,golfpang,,,18홀,tr_219622687
센추리21(퍼),2026-09-20,08:20,120000,golfpang,,,18홀,tr_218482874
벨라스톤,2026-09-20,08:41,169000,golfpang,,,18홀,tr_219822602
오로라,2026-09-20,08:36,160000,golfpang,,,18홀,tr_220213921
알펜시아700,2026-09-20,07:50,120000,golfpang,,,18홀,tr_219583689
옥스필드,2026-09-20,07:42,119000,golfpang,,,18홀,tr_220287651
웰리힐리,2026-09-20,07:50,190000,golfpang,,,18홀,tr_220288906
동강시스타,2026-09-20,06:58,110000,golfpang,,,18홀,tr_218134517
알펜시아명문,2026-09-20,06:56,110000,golfpang,,,18홀,tr_219622686
벨라스톤,2026-09-20,06:56,149000,golfpang,,,18홀,tr_219822603
센추리21(퍼),2026-09-20,06:35,110000,golfpang,,,18홀,tr_218482873
센추리21,2026-09-20,06:28,130000,golfpang,,,18홀,tr_220212068
웰리힐리,2026-09-20,14:54,140000,golfpang,,,18홀,tr_220288905
알프스대영,2026-09-20,16:54,69000,golfpang,,,18홀,tr_220037721
알프스대영,2026-09-20,17:15,65000,golfpang,,,18홀,tr_220258978
오로라,2026-09-20,17:10,100000,golfpang,,,18홀,tr_220213923
센추리21,2026-09-20,17:26,70000,golfpang,,,18홀,tr_220212070
알펜시아700,2026-09-20,12:42,130000,golfpang,,,18홀,tr_219583691
동강시스타,2026-09-20,13:00,90000,golfpang,,,18홀,tr_218134519
옥스필드,2026-09-20,12:55,99000,golfpang,,,18홀,tr_220287653
벨라스톤,2026-09-20,13:00,159000,golfpang,,,18홀,tr_219822601
센추리21,2026-09-20,13:14,125000,golfpang,,,18홀,tr_220212069
웰리힐리,2026-09-20,09:34,190000,golfpang,,,18홀,tr_220288904
알펜시아명문,2026-09-20,11:56,140000,golfpang,,,18홀,tr_219622688
알프스대영,2026-09-20,18:25,40000,golfpang,,,18홀,tr_220258982
세레니티-강촌,2026-09-20,11:53,180000,golfpang,,,18홀,tr_218785362
오너스,2026-09-20,12:12,170000,golfpang,,,18홀,tr_220289305
파주,2026-09-20,12:06,210000,golfpang,,,18홀,tr_220138650
남춘천,2026-09-20,12:06,180000,golfpang,,,18홀,tr_219891715
더플레이어스,2026-09-20,08:05,180000,golfpang,,,18홀,tr_220002173
오너스,2026-09-20,08:28,160000,golfpang,,,18홀,tr_220289304
스프링베일-퍼9,2026-09-20,08:16,110000,golfpang,,,18홀,tr_220212410
라싸,2026-09-20,08:33,209000,golfpang,,,18홀,tr_220012718
엘레강스(가명),2026-09-20,11:30,210000,golfpang,,,18홀,tr_220221171
파주,2026-09-20,07:27,270000,golfpang,,,18홀,tr_220138649
샤인데일,2026-09-20,07:44,180000,golfpang,,,18홀,tr_220103279
포천힐스,2026-09-20,07:52,240000,golfpang,,,18홀,tr_220057411
남양주(퍼9),2026-09-20,07:20,149000,golfpang,,,18홀,tr_220124763
샤인데일,2026-09-20,07:16,180000,golfpang,,,18홀,tr_220103278
더플레이어스,2026-09-20,07:16,180000,golfpang,,,18홀,tr_220002174
몽베르(대중제),2026-09-20,07:29,220000,golfpang,,,18홀,tr_220002229
푸른솔포천,2026-09-20,06:07,240000,golfpang,,,18홀,tr_218783609
서원힐스,2026-09-20,05:39,230000,golfpang,,,18홀,tr_219783130
포천힐스,2026-09-20,06:35,220000,golfpang,,,18홀,tr_220057410
파주,2026-09-20,06:31,240000,golfpang,,,18홀,tr_220138648
세레니티-강촌,2026-09-20,06:49,200000,golfpang,,,18홀,tr_218785361
포레스트힐,2026-09-20,18:52,110000,golfpang,,,18홀,tr_220239726
한림광릉,2026-09-20,18:48,140000,golfpang,,,18홀,tr_220261401
포레스트힐,2026-09-20,18:59,110000,golfpang,,,18홀,tr_220239727
스마트KU,2026-09-20,14:03,200000,golfpang,,,18홀,tr_220026928
클럽모우,2026-09-20,14:16,150000,golfpang,,,18홀,tr_220214199
남양주(퍼9),2026-09-20,16:34,109000,golfpang,,,18홀,tr_220124765
한림광릉,2026-09-20,17:24,140000,golfpang,,,18홀,tr_220261400
스프링베일-퍼9,2026-09-20,17:36,80000,golfpang,,,18홀,tr_220212412
몽베르(대중제),2026-09-20,17:35,120000,golfpang,,,18홀,tr_220002231
스프링베일-퍼9,2026-09-20,13:25,95000,golfpang,,,18홀,tr_220212411
엘레강스(가명),2026-09-20,13:36,210000,golfpang,,,18홀,tr_220221172
클럽모우,2026-09-20,13:34,150000,golfpang,,,18홀,tr_220214198
가평베네스트,2026-09-20,13:42,239000,golfpang,,,18홀,tr_220002356
라싸,2026-09-20,13:42,179100,golfpang,,,18홀,tr_220012720
푸른솔포천,2026-09-20,14:02,210000,golfpang,,,18홀,tr_218783610
남춘천,2026-09-20,14:10,170000,golfpang,,,18홀,tr_219891716
라싸,2026-09-20,12:46,188100,golfpang,,,18홀,tr_220012719
남양주(퍼9),2026-09-20,13:00,139000,golfpang,,,18홀,tr_220124764
몽베르(대중제),2026-09-20,13:00,190000,golfpang,,,18홀,tr_220002230
가평베네스트,2026-09-20,12:53,255000,golfpang,,,18홀,tr_220002355
포천힐스,2026-09-20,12:52,200000,golfpang,,,18홀,tr_220057412
베뉴지,2026-09-20,13:23,160000,golfpang,,,18홀,tr_220057992
스마트KU,2026-09-20,13:21,210000,golfpang,,,18홀,tr_220026927
한림광릉,2026-09-20,17:59,140000,golfpang,,,18홀,tr_220261399
샤인데일,2026-09-20,17:57,70000,golfpang,,,18홀,tr_220103280
클럽72,2026-09-20,18:11,120000,golfpang,,,18홀,tr_220152702
스카이밸리,2026-09-20,12:01,190000,golfpang,,,18홀,tr_220105906
양평TPC,2026-09-20,12:26,160000,golfpang,,,18홀,tr_220241931
히든밸리,2026-09-20,12:16,160000,golfpang,,,18홀,tr_220055887
360도,2026-09-20,12:15,177000,golfpang,,,18홀,tr_220009187
양지파인,2026-09-20,08:07,199000,golfpang,,,18홀,tr_220149512
양지파인,2026-09-20,08:30,199000,golfpang,,,18홀,tr_220149513
에덴블루,2026-09-20,08:19,220000,golfpang,,,18홀,tr_220002007
히든밸리,2026-09-20,08:34,190000,golfpang,,,18홀,tr_220055886
해솔리아,2026-09-20,07:38,180000,golfpang,,,18홀,tr_220289197
한림안성(퍼9),2026-09-20,07:59,140000,golfpang,,,18홀,tr_219957471
스카이밸리,2026-09-20,07:58,190000,golfpang,,,18홀,tr_220105905
360도,2026-09-20,07:52,210000,golfpang,,,18홀,tr_220009186
이글몬트,2026-09-20,06:41,180000,golfpang,,,18홀,tr_220261327
한림안성(퍼9),2026-09-20,07:03,140000,golfpang,,,18홀,tr_219957470
에델바이스(가명),2026-09-20,06:56,180000,golfpang,,,18홀,tr_220213614
써닝포인트,2026-09-20,06:56,265000,golfpang,,,18홀,tr_218901636
캐슬렉스,2026-09-20,06:53,250000,golfpang,,,18홀,tr_220318476
골프존 송도(구.오렌지듄스),2026-09-20,06:53,169000,golfpang,,,18홀,tr_220222754
캐슬렉스,2026-09-20,07:28,250000,golfpang,,,18홀,tr_220318460
한림용인,2026-09-20,06:10,170000,golfpang,,,18홀,tr_220219945
아세코밸리-퍼9,2026-09-20,05:37,140000,golfpang,,,18홀,tr_220032279
클럽72-오션,2026-09-20,06:16,310000,golfpang,,,18홀,tr_220165650
양평TPC,2026-09-20,06:52,180000,golfpang,,,18홀,tr_220241930
골프존 안성H,2026-09-20,06:51,200000,golfpang,,,18홀,tr_220057818
골프존 안성W,2026-09-20,06:44,160000,golfpang,,,18홀,tr_220217220
용인플라자,2026-09-20,18:40,140000,golfpang,,,18홀,tr_219535888
아난티중앙(야간),2026-09-20,18:38,100000,golfpang,,,18홀,tr_220213670
골프존 송도(구.오렌지듄스),2026-09-20,18:38,129000,golfpang,,,18홀,tr_220222756
솔트베이,2026-09-20,18:50,149000,golfpang,,,18홀,tr_220214423
리베라,2026-09-20,19:06,140000,golfpang,,,18홀,tr_218815500
클럽72,2026-09-20,19:00,110000,golfpang,,,18홀,tr_220152703
골프존 안성H,2026-09-20,14:27,180000,golfpang,,,18홀,tr_220057820
안성베네스트(클),2026-09-20,14:13,179000,golfpang,,,18홀,tr_220240433
용인플라자,2026-09-20,17:09,140000,golfpang,,,18홀,tr_219535886
아세코밸리-퍼9,2026-09-20,16:21,100000,golfpang,,,18홀,tr_220032281
해솔리아,2026-09-20,17:22,120000,golfpang,,,18홀,tr_220289199
골프존 안성W,2026-09-20,17:21,120000,golfpang,,,18홀,tr_220217222
한림용인,2026-09-20,17:17,140000,golfpang,,,18홀,tr_220219947
빅토리아-퍼9,2026-09-20,17:17,89000,golfpang,,,18홀,tr_220212955
클럽72,2026-09-20,17:43,130000,golfpang,,,18홀,tr_220152701
골프존 안성H,2026-09-20,13:24,180000,golfpang,,,18홀,tr_220057819
골프존 안성W,2026-09-20,13:31,150000,golfpang,,,18홀,tr_220217221
리베라,2026-09-20,13:42,290000,golfpang,,,18홀,tr_218815498
빅토리아-퍼9,2026-09-20,13:41,114000,golfpang,,,18홀,tr_220212954
에델바이스(가명),2026-09-20,13:40,180000,golfpang,,,18홀,tr_220213615
에덴블루,2026-09-20,13:46,142500,golfpang,,,18홀,tr_220002008
이글몬트,2026-09-20,14:00,170000,golfpang,,,18홀,tr_220261328
한림용인,2026-09-20,12:43,180000,golfpang,,,18홀,tr_220219946
빅토리아-퍼9,2026-09-20,12:59,114000,golfpang,,,18홀,tr_220212953
솔트베이,2026-09-20,12:53,230000,golfpang,,,18홀,tr_220214422
해솔리아,2026-09-20,13:12,150000,golfpang,,,18홀,tr_220289198
클럽72-오션,2026-09-20,13:07,230000,golfpang,,,18홀,tr_220165651
써닝포인트,2026-09-20,13:19,215000,golfpang,,,18홀,tr_218901637
캐슬렉스,2026-09-20,08:45,250000,golfpang,,,18홀,tr_220318473
골프존 송도(구.오렌지듄스),2026-09-20,17:56,139000,golfpang,,,18홀,tr_220222755
용인플라자,2026-09-20,17:58,140000,golfpang,,,18홀,tr_219535887
아세코밸리-퍼9,2026-09-20,18:06,100000,golfpang,,,18홀,tr_220032280
에덴블루,2026-09-20,18:11,95000,golfpang,,,18홀,tr_220002009
솔트베이,2026-09-20,11:43,230000,golfpang,,,18홀,tr_220214421
리베라,2026-09-20,18:10,140000,golfpang,,,18홀,tr_218815499
골프존 안성W,2026-09-20,17:28,100000,golfpang,,,18홀,tr_220401910
골프존 안성W,2026-09-20,14:13,140000,golfpang,,,18홀,tr_220401909
골프존 안성W,2026-09-20,17:35,100000,golfpang,,,18홀,tr_220401911
클럽72,2026-09-20,18:18,120000,golfpang,,,18홀,tr_220401799
비에이비스타(퍼),2026-09-20,18:13,110000,golfpang,,,18홀,tr_220401771
필로스,2026-09-20,17:40,120000,golfpang,,,18홀,tr_220401768
솔라고,2026-09-20,13:30,140000,golfpang,,,18홀,tr_218558397
알펜시아명문,2026-09-20,12:00,130000,golfpang,,,18홀,tr_216891191
알펜시아700,2026-09-20,13:30,90000,golfpang,,,18홀,tr_218612925
오로라,2026-09-20,17:30,80000,golfpang,,,18홀,tr_220139470
클럽D 보은,2026-09-20,07:00,140000,golfpang,,,18홀,tr_217041777
골프존 천안,2026-09-20,07:15,176000,golfpang,,,18홀,tr_220401303
오너스,2026-09-20,08:28,150000,golfpang,,,18홀,tr_220289455
솔모로,2026-09-20,06:51,200000,golfpang,,,18홀,tr_220400659
코브스윙,2026-09-20,13:48,170000,golfpang,,,18홀,tr_220401214
코브스윙,2026-09-20,13:41,170000,golfpang,,,18홀,tr_220401211
이글몬트,2026-09-20,06:41,200000,golfpang,,,18홀,tr_220216701
필로스,2026-09-20,17:47,120000,golfpang,,,18홀,tr_220222634
이븐데일,2026-09-20,13:29,100000,golfpang,,,18홀,tr_220222145
오로라,2026-09-20,12:46,140000,golfpang,,,18홀,tr_220222086
로얄포레,2026-09-20,12:41,119000,golfpang,,,18홀,tr_220220793
킹즈락,2026-09-20,08:02,140000,golfpang,,,18홀,tr_220222497
파인스톤,2026-09-20,17:29,140000,golfpang,,,18홀,tr_220222538
골프존 송도(구.오렌지듄스),2026-09-20,06:53,189000,golfpang,,,18홀,tr_220221572
라싸,2026-09-20,07:37,189000,golfpang,,,18홀,tr_220233507
자유로,2026-09-20,06:25,220000,golfpang,,,18홀,tr_220182005
떼제베,2026-09-20,06:32,140000,golfpang,,,18홀,tr_220222203
골프존 안성H,2026-09-20,06:51,200000,golfpang,,,18홀,tr_220216670
센추리21,2026-09-20,13:35,125000,golfpang,,,18홀,tr_220400988
센추리21,2026-09-20,17:26,70000,golfpang,,,18홀,tr_220400989
센추리21,2026-09-20,06:14,120000,golfpang,,,18홀,tr_220400987
에델바이스(가명),2026-09-20,13:54,180000,golfpang,,,18홀,tr_220400920
포레스트힐,2026-09-20,18:52,110000,golfpang,,,18홀,tr_220400834
양평TPC,2026-09-20,12:40,160000,golfpang,,,18홀,tr_220004521
양평TPC,2026-09-20,06:52,170000,golfpang,,,18홀,tr_220261530
인천그랜드,2026-09-20,18:10,159000,golfpang,,,18홀,tr_219562596
클럽72-오션,2026-09-20,13:28,230000,golfpang,,,18홀,tr_220400653
포천힐스,2026-09-20,06:28,220000,golfpang,,,18홀,tr_220261321
아세코밸리-퍼9,2026-09-20,12:23,130000,golfpang,,,18홀,tr_219444522
클럽72,2026-09-20,17:36,130000,golfpang,,,18홀,tr_219798642
파주,2026-09-20,05:14,190000,golfpang,,,18홀,tr_220004482
남양주(퍼9),2026-09-20,08:20,149000,golfpang,,,18홀,tr_219790323
파주,2026-09-20,11:24,210000,golfpang,,,18홀,tr_220179929
파인크리크,2026-09-20,13:59,180000,golfpang,,,18홀,tr_220220496
신라,2026-09-20,08:37,220000,golfpang,,,18홀,tr_219790869
스마트KU,2026-09-20,12:53,210000,golfpang,,,18홀,tr_219470793
해솔리아,2026-09-20,11:55,170000,golfpang,,,18홀,tr_220104699
알펜시아명문,2026-09-20,12:24,130000,golfpang,,,18홀,tr_220118331
알펜시아700,2026-09-20,08:25,110000,golfpang,,,18홀,tr_220118474
알펜시아700,2026-09-20,13:45,90000,golfpang,,,18홀,tr_220118520
강촌(비공개),2026-09-20,11:30,210000,golfpang,,,18홀,tr_219372149
알펜시아명문,2026-09-20,07:38,130000,golfpang,,,18홀,tr_220118248
신라,2026-09-20,07:34,210000,golfpang,,,18홀,tr_219790799
라데나,2026-09-20,06:24,190000,golfpang,,,18홀,tr_220104235
클럽모우,2026-09-20,06:40,165000,golfpang,,,18홀,tr_217705041
중원,2026-09-20,06:29,130000,golfpang,,,18홀,tr_220400280
에델바이스(가명),2026-09-20,06:56,180000,golfpang,,,18홀,tr_220400198
센추리21(퍼),2026-09-20,17:26,60000,golfpang,,,18홀,tr_220400046
센추리21(퍼),2026-09-20,12:32,100000,golfpang,,,18홀,tr_220400045
센추리21(퍼),2026-09-20,07:52,100000,golfpang,,,18홀,tr_220400044
센추리21,2026-09-20,17:26,70000,golfpang,,,18홀,tr_220400018
센추리21,2026-09-20,13:35,125000,golfpang,,,18홀,tr_220400017
센추리21,2026-09-20,06:14,120000,golfpang,,,18홀,tr_220400019
동강시스타,2026-09-20,12:36,269700,golfpang,,,36홀,tr_206928383
속초(비공개),2026-09-20,12:42,324000,golfpang,,,36홀,tr_208386074
킹즈락,2026-09-20,12:36,308000,golfpang,,,36홀,tr_207256763
골프존 천안,2026-09-20,12:40,320000,golfpang,,,36홀,tr_211065146
솔라고,2026-09-20,12:40,272000,golfpang,,,36홀,tr_210362015
강릉(비공개),2026-09-20,12:15,395000,golfpang,,,36홀,tr_209184902
속초(비공개),2026-09-20,12:42,353000,golfpang,,,36홀,tr_206804574
클럽D 보은,2026-09-20,13:10,280000,golfpang,,,36홀,tr_215165001
블랙밸리,2026-09-20,13:10,265000,golfpang,,,36홀,tr_208979200
파인리즈,2026-09-20,13:04,391000,golfpang,,,36홀,tr_208360190
속리산cc,2026-09-20,13:16,330000,golfpang,,,36홀,tr_216004923
더플레이어스,2026-09-20,08:19,180000,golfpang,,,18홀,tr_220209845
더플레이어스,2026-09-20,06:34,180000,golfpang,,,18홀,tr_219781575
보령베이스-퍼9,2026-09-20,17:34,45000,golfpang,,,18홀,tr_220399238
클럽72-오션,2026-09-20,12:32,250000,golfpang,,,18홀,tr_220004562
자유로,2026-09-20,07:14,230000,golfpang,,,18홀,tr_220398998
자유로,2026-09-20,13:37,200000,golfpang,,,18홀,tr_220398999
이글몬트,2026-09-20,06:34,190000,golfpang,,,18홀,tr_220398950
웅포,2026-09-20,12:35,130000,golfpang,,,18홀,tr_220202030
클럽72,2026-09-20,18:25,120000,golfpang,,,18홀,tr_218177011
캐슬렉스,2026-09-20,06:46,250000,golfpang,,,18홀,tr_220398748
스마트KU,2026-09-20,14:00,200000,golfpang,,,18홀,tr_219368987
로얄링스,2026-09-20,12:27,100000,golfpang,,,18홀,tr_219596873
모카cc,2026-09-20,08:31,150000,golfpang,,,18홀,tr_220396057
베스트밸리-퍼9,2026-09-20,07:51,170000,golfpang,,,18홀,tr_220396058
프린세스,2026-09-20,07:38,150000,golfpang,,,18홀,tr_220396082
골프존 송도(구.오렌지듄스),2026-09-20,17:50,139000,golfpang,,,18홀,tr_220396028
유니아일랜드,2026-09-20,16:53,120000,golfpang,,,18홀,tr_220396027
골프존 송도(구.오렌지듄스),2026-09-20,13:44,179000,golfpang,,,18홀,tr_220396021
한림광릉,2026-09-20,12:42,190000,golfpang,,,18홀,tr_220395984
샴발라,2026-09-20,12:31,170000,golfpang,,,18홀,tr_220396059
알프스대영,2026-09-20,12:38,109000,golfpang,,,18홀,tr_219779153
알펜시아명문,2026-09-20,12:10,130000,golfpang,,,18홀,tr_219841732
센추리21,2026-09-20,13:07,125000,golfpang,,,18홀,tr_220216708
동강시스타,2026-09-20,11:43,110000,golfpang,,,18홀,tr_219555338
파인밸리,2026-09-20,13:02,135000,golfpang,,,18홀,tr_219153569
동서울cc-퍼9,2026-09-20,08:37,69000,golfpang,,,18홀,tr_219671948
오로라,2026-09-20,13:28,130000,golfpang,,,18홀,tr_220304152
알펜시아700,2026-09-20,13:38,90000,golfpang,,,18홀,tr_219888800
알펜시아명문,2026-09-20,08:06,140000,golfpang,,,18홀,tr_219841731
오로라,2026-09-20,08:15,150000,golfpang,,,18홀,tr_220304151
센추리21(퍼),2026-09-20,06:28,110000,golfpang,,,18홀,tr_220301870
동강시스타,2026-09-20,13:42,90000,golfpang,,,18홀,tr_219555339
동강시스타,2026-09-20,07:54,110000,golfpang,,,18홀,tr_219555337
알프스대영,2026-09-20,06:40,105000,golfpang,,,18홀,tr_219779152
알펜시아700,2026-09-20,06:54,90000,golfpang,,,18홀,tr_219888799
센추리21(퍼),2026-09-20,12:04,110000,golfpang,,,18홀,tr_220301871
센추리21,2026-09-20,06:28,130000,golfpang,,,18홀,tr_220216707
동서울cc-퍼9,2026-09-20,12:07,69000,golfpang,,,18홀,tr_219671949
알펜시아명문,2026-09-20,06:42,100000,golfpang,,,18홀,tr_219841730
코리아,2026-09-20,18:36,129000,golfpang,,,18홀,tr_217702810
골드,2026-09-20,18:36,119000,golfpang,,,18홀,tr_217702808
필로스,2026-09-20,18:00,120000,golfpang,,,18홀,tr_219673656
감곡,2026-09-20,18:13,100000,golfpang,,,18홀,tr_220306755
360도,2026-09-20,07:29,170000,golfpang,,,18홀,tr_220375900
클럽72,2026-09-20,18:25,120000,golfpang,,,18홀,tr_219779470
한림광릉,2026-09-20,17:24,140000,golfpang,,,18홀,tr_219790466
리베라,2026-09-20,18:45,110000,golfpang,,,18홀,tr_220261633
남양주(퍼9),2026-09-20,11:54,139000,golfpang,,,18홀,tr_219790316
파주,2026-09-20,16:45,160000,golfpang,,,18홀,tr_219790426
포천힐스,2026-09-20,12:52,200000,golfpang,,,18홀,tr_219790237
클럽72,2026-09-20,18:18,120000,golfpang,,,18홀,tr_220396020
골프존 화랑,2026-09-20,08:40,149000,golfpang,,,18홀,tr_220396726
세레니티-강촌,2026-09-20,12:42,180000,golfpang,,,18홀,tr_220397955
세레니티-강촌,2026-09-20,06:56,200000,golfpang,,,18홀,tr_220397943
인천국제,2026-09-20,13:48,240000,golfpang,,,18홀,tr_219995317
블랙스톤벨포레,2026-09-20,17:30,60000,golfpang,,,18홀,tr_219996466
블랙스톤벨포레,2026-09-20,18:19,50000,golfpang,,,18홀,tr_219996481
벨라스톤,2026-09-20,06:42,150000,golfpang,,,18홀,tr_220397256
리베라,2026-09-20,18:24,130000,golfpang,,,18홀,tr_219470480
자유로,2026-09-20,06:39,220000,golfpang,,,18홀,tr_219623844
진천(비공개),2026-09-20,06:35,180000,golfpang,,,18홀,tr_220103732
알펜시아700,2026-09-20,06:54,110000,golfpang,,,18홀,tr_219149648
알펜시아700,2026-09-20,07:50,120000,golfpang,,,18홀,tr_219149649
서산수,2026-09-20,12:30,170000,golfpang,,,18홀,tr_219393582
서산수,2026-09-20,13:00,170000,golfpang,,,18홀,tr_219393583
엘레강스(가명),2026-09-20,13:15,210000,golfpang,,,18홀,tr_220259678
자유로,2026-09-20,13:30,200000,golfpang,,,18홀,tr_219623845
진천(비공개),2026-09-20,13:26,170000,golfpang,,,18홀,tr_220103733
엘레강스(가명),2026-09-20,13:36,210000,golfpang,,,18홀,tr_220259679
알펜시아700,2026-09-20,13:31,120000,golfpang,,,18홀,tr_219149650
떼제베,2026-09-20,17:06,110000,golfpang,,,18홀,tr_220347682
떼제베,2026-09-20,17:48,110000,golfpang,,,18홀,tr_220347683
리베라,2026-09-20,18:10,130000,golfpang,,,18홀,tr_219470479
떼제베,2026-09-20,06:11,130000,golfpang,,,18홀,tr_220347681
리베라,2026-09-20,18:45,120000,golfpang,,,18홀,tr_219470481
비에이비스타,2026-09-20,13:25,160000,golfpang,,,18홀,tr_220394078
오너스,2026-09-20,12:47,149000,golfpang,,,18홀,tr_220057433
오너스,2026-09-20,12:54,149000,golfpang,,,18홀,tr_219620683
남양주(퍼9),2026-09-20,12:20,139000,golfpang,,,18홀,tr_220057059
골프존 화랑,2026-09-20,06:34,139000,golfpang,,,18홀,tr_220396725
골프존 화랑,2026-09-20,14:02,129000,golfpang,,,18홀,tr_220396727
용인(비공개),2026-09-20,06:46,209000,golfpang,,,18홀,tr_220396671
용인(비공개),2026-09-20,13:52,180000,golfpang,,,18홀,tr_220396672
용인(비공개),2026-09-20,13:59,180000,golfpang,,,18홀,tr_220396673
스타,2026-09-20,13:51,140000,golfpang,,,18홀,tr_220396500
스타,2026-09-20,06:23,160000,golfpang,,,18홀,tr_220396499
스타,2026-09-20,13:51,140000,golfpang,,,18홀,tr_220396501
마이다스레이크 이천,2026-09-20,14:03,180000,golfpang,,,18홀,tr_220396469
골프존 진천,2026-09-20,13:35,131000,golfpang,,,18홀,tr_220392106
남춘천,2026-09-20,12:48,180000,golfpang,,,18홀,tr_220396260
남춘천,2026-09-20,14:17,160000,golfpang,,,18홀,tr_220396261
아난티중앙(야간),2026-09-20,18:38,100000,golfpang,,,18홀,tr_220230681
골프존 안성W,2026-09-20,06:44,160000,golfpang,,,18홀,tr_220327494
파인크리크,2026-09-20,06:27,270000,golfpang,,,18홀,tr_219968856
양평TPC,2026-09-20,12:26,160000,golfpang,,,18홀,tr_220217885
대영힐스,2026-09-20,07:52,130000,golfpang,,,18홀,tr_219584445
크리스밸리,2026-09-20,08:05,220000,golfpang,,,18홀,tr_219529764
스타,2026-09-20,07:05,170000,golfpang,,,18홀,tr_219961697
360도,2026-09-20,07:22,170000,golfpang,,,18홀,tr_220375899
신안(병행),2026-09-20,17:49,80000,golfpang,,,18홀,tr_219654455
신안(병행),2026-09-20,17:56,80000,golfpang,,,18홀,tr_219654454
해솔리아,2026-09-20,17:01,120000,golfpang,,,18홀,tr_220088802
해솔리아,2026-09-20,17:08,120000,golfpang,,,18홀,tr_220088803
에덴블루,2026-09-20,13:29,142500,golfpang,,,18홀,tr_219816875
예미지,2026-09-20,13:29,170000,golfpang,,,18홀,tr_220395973
예미지,2026-09-20,12:54,175000,golfpang,,,18홀,tr_220395972
마이다스레이크 이천,2026-09-20,06:21,200000,golfpang,,,18홀,tr_220395944
마이다스레이크 이천,2026-09-20,14:24,180000,golfpang,,,18홀,tr_220395945
킹즈락,2026-09-20,08:02,140000,golfpang,,,18홀,tr_220395912
킹즈락,2026-09-20,11:47,140000,golfpang,,,18홀,tr_220395913
킹즈락,2026-09-20,17:59,80000,golfpang,,,18홀,tr_220395914
속리산cc,2026-09-20,14:14,110000,golfpang,,,18홀,tr_220395884
모카cc,2026-09-20,12:18,140000,golfpang,,,18홀,tr_220153020
모카cc,2026-09-20,07:36,150000,golfpang,,,18홀,tr_220153017
떼제베(동북),2026-09-20,07:35,120000,golfpang,,,18홀,tr_220395730
베뉴지,2026-09-20,08:08,170000,golfpang,,,18홀,tr_220290317
남양주(퍼9),2026-09-20,11:54,139000,golfpang,,,18홀,tr_220290297
아세코밸리-퍼9,2026-09-20,12:23,130000,golfpang,,,18홀,tr_220290384
남양주(퍼9),2026-09-20,07:47,149000,golfpang,,,18홀,tr_220290281
중원,2026-09-20,07:04,140000,golfpang,,,18홀,tr_220290453
양평TPC,2026-09-20,13:57,150000,golfpang,,,18홀,tr_220290448
포천힐스,2026-09-20,12:52,200000,golfpang,,,18홀,tr_220290582
중원,2026-09-20,12:51,130000,golfpang,,,18홀,tr_220290479
양평TPC,2026-09-20,12:40,160000,golfpang,,,18홀,tr_220290429
한림안성(퍼9),2026-09-20,13:12,130000,golfpang,,,18홀,tr_220290609
클럽모우,2026-09-20,07:12,180000,golfpang,,,18홀,tr_220290502
포레스트힐,2026-09-20,18:52,110000,golfpang,,,18홀,tr_220290553
더플레이어스,2026-09-20,07:16,180000,golfpang,,,18홀,tr_219999041
파주,2026-09-20,07:06,290000,golfpang,,,18홀,tr_219156805
베스트밸리-퍼9,2026-09-20,07:50,170000,golfpang,,,18홀,tr_220190821
샤인데일,2026-09-20,07:44,180000,golfpang,,,18홀,tr_220114614
스프링베일-퍼9,2026-09-20,07:41,110000,golfpang,,,18홀,tr_220125964
남양주(퍼9),2026-09-20,07:34,149000,golfpang,,,18홀,tr_220125383
세레니티-강촌,2026-09-20,07:31,200000,golfpang,,,18홀,tr_218346836
더플레이어스,2026-09-20,08:05,180000,golfpang,,,18홀,tr_219999040
라싸,2026-09-20,08:05,209000,golfpang,,,18홀,tr_220394732
오너스,2026-09-20,08:21,160000,golfpang,,,18홀,tr_220336442
오너스,2026-09-20,08:14,160000,golfpang,,,18홀,tr_220336441
라싸,2026-09-20,08:12,209000,golfpang,,,18홀,tr_220394733
푸른솔포천,2026-09-20,12:52,230000,golfpang,,,18홀,tr_220003570
파주타이거,2026-09-20,12:47,180000,golfpang,,,18홀,tr_219156699
라싸,2026-09-20,12:46,209000,golfpang,,,18홀,tr_220394734
세레니티-강촌,2026-09-20,12:42,180000,golfpang,,,18홀,tr_218346837
파주,2026-09-20,12:41,290000,golfpang,,,18홀,tr_219156806
남양주(퍼9),2026-09-20,12:40,139000,golfpang,,,18홀,tr_220125384
엘레강스(가명),2026-09-20,13:15,210000,golfpang,,,18홀,tr_220241333
스프링베일-퍼9,2026-09-20,13:25,95000,golfpang,,,18홀,tr_220125965
스마트KU,2026-09-20,13:21,210000,golfpang,,,18홀,tr_219937834
클럽모우,2026-09-20,13:41,145000,golfpang,,,18홀,tr_220349820
엘레강스(가명),2026-09-20,13:36,210000,golfpang,,,18홀,tr_220241334
파주타이거,2026-09-20,13:36,170000,golfpang,,,18홀,tr_219156700
스마트KU,2026-09-20,14:10,200000,golfpang,,,18홀,tr_219937835
양주,2026-09-20,14:02,300000,golfpang,,,18홀,tr_218695874
양주,2026-09-20,13:55,300000,golfpang,,,18홀,tr_218695873
클럽모우,2026-09-20,14:16,145000,golfpang,,,18홀,tr_220349821
파주타이거,2026-09-20,17:35,170000,golfpang,,,18홀,tr_219156701
샤인데일,2026-09-20,17:57,70000,golfpang,,,18홀,tr_220114615
베스트밸리-퍼9,2026-09-20,17:55,120000,golfpang,,,18홀,tr_220190822
남양주(퍼9),2026-09-20,17:47,109000,golfpang,,,18홀,tr_220125385
베스트밸리-퍼9,2026-09-20,18:30,120000,golfpang,,,18홀,tr_220190823
파주,2026-09-20,18:23,140000,golfpang,,,18홀,tr_219156807
샤인데일,2026-09-20,18:18,70000,golfpang,,,18홀,tr_220114616
푸른솔포천,2026-09-20,06:00,220000,golfpang,,,18홀,tr_220003569
스프링베일-퍼9,2026-09-20,06:38,100000,golfpang,,,18홀,tr_220125963
옥스필드,2026-09-20,18:15,59000,golfpang,,,18홀,tr_220208021
옥스필드,2026-09-20,12:34,109000,golfpang,,,18홀,tr_220208020
오로라,2026-09-20,13:28,130000,golfpang,,,18홀,tr_220328329
알프스대영,2026-09-20,13:27,99000,golfpang,,,18홀,tr_220208212
오로라,2026-09-20,17:34,80000,golfpang,,,18홀,tr_220328330
동서울cc-퍼9,2026-09-20,17:28,50000,golfpang,,,18홀,tr_219329895
벨라스톤,2026-09-20,17:45,80000,golfpang,,,18홀,tr_219445022
벨라45 마스터스,2026-09-20,17:45,85000,golfpang,,,18홀,tr_219348115
오로라,2026-09-20,18:14,80000,golfpang,,,18홀,tr_220328331
벨라45 마스터스,2026-09-20,18:13,85000,golfpang,,,18홀,tr_219348117
벨라스톤,2026-09-20,18:06,80000,golfpang,,,18홀,tr_219445023
벨라45 마스터스,2026-09-20,18:06,85000,golfpang,,,18홀,tr_219348116
알프스대영,2026-09-20,18:25,40000,golfpang,,,18홀,tr_220208213
옥스필드,2026-09-20,07:56,119000,golfpang,,,18홀,tr_220208019
알프스대영,2026-09-20,06:05,95000,golfpang,,,18홀,tr_220208211
오너스,2026-09-20,08:00,159000,golfpang,,,18홀,tr_220241728
클럽모우,2026-09-20,13:20,145000,golfpang,,,18홀,tr_219347888
킹스데일,2026-09-20,06:50,170000,golfpang,,,18홀,tr_219818818
클럽모우,2026-09-20,06:50,165000,golfpang,,,18홀,tr_219347846
클럽72,2026-09-20,13:00,180000,golfpang,,,18홀,tr_219819374
360도,2026-09-20,06:52,170000,golfpang,,,18홀,tr_220394903
클럽모우,2026-09-20,13:31,165000,golfpang,,,18홀,tr_219091982
대영힐스,2026-09-20,05:55,109000,golfpang,,,18홀,tr_218815787
클럽모우,2026-09-20,06:46,165000,golfpang,,,18홀,tr_218815739
알펜시아700,2026-09-20,07:00,90000,golfpang,,,18홀,tr_220233356
킹스데일,2026-09-20,07:30,180000,golfpang,,,18홀,tr_219936653
오너스,2026-09-20,08:30,159000,golfpang,,,18홀,tr_220242644
떼제베(동북),2026-09-20,06:00,100000,golfpang,,,18홀,tr_220242659
양지파인,2026-09-20,08:15,199000,golfpang,,,18홀,tr_220392620
양지파인,2026-09-20,08:22,199000,golfpang,,,18홀,tr_220392621
양평TPC,2026-09-20,13:57,150000,golfpang,,,18홀,tr_220392020
로얄링스,2026-09-20,12:41,100000,golfpang,,,18홀,tr_219968518
로얄링스,2026-09-20,08:13,100000,golfpang,,,18홀,tr_219968428
마이다스레이크 이천,2026-09-20,14:24,180000,golfpang,,,18홀,tr_220391520
마이다스레이크 이천,2026-09-20,12:32,200000,golfpang,,,18홀,tr_220391519
푸른솔포천,2026-09-20,06:00,220000,golfpang,,,18홀,tr_220391353
푸른솔포천,2026-09-20,14:02,210000,golfpang,,,18홀,tr_220391354
세현,2026-09-20,13:44,200000,golfpang,,,18홀,tr_220391269
세현,2026-09-20,13:51,200000,golfpang,,,18홀,tr_220391270
샤인데일,2026-09-20,17:57,90000,golfpang,,,18홀,tr_220390492
샤인데일,2026-09-20,07:44,180000,golfpang,,,18홀,tr_220390491
샤인데일,2026-09-20,17:57,90000,golfpang,,,18홀,tr_220390493
포웰(안성)cc,2026-09-20,07:00,172000,golfpang,,,18홀,tr_220389910
포웰(안성)cc,2026-09-20,19:35,65000,golfpang,,,18홀,tr_220389912
포웰(안성)cc,2026-09-20,18:39,75000,golfpang,,,18홀,tr_220389911
베스트밸리-퍼9,2026-09-20,18:16,120000,golfpang,,,18홀,tr_220389682
베스트밸리-퍼9,2026-09-20,07:50,170000,golfpang,,,18홀,tr_220389680
베스트밸리-퍼9,2026-09-20,18:02,120000,golfpang,,,18홀,tr_220389681
알프스대영,2026-09-20,16:54,69000,golfpang,,,18홀,tr_220385456
알프스대영,2026-09-20,17:15,59000,golfpang,,,18홀,tr_220385457
알프스대영,2026-09-20,17:43,49000,golfpang,,,18홀,tr_220385458
골프존 안성W,2026-09-20,17:07,110000,golfpang,,,18홀,tr_220385163
해솔리아,2026-09-20,06:21,160000,golfpang,,,18홀,tr_220377574
해솔리아,2026-09-20,13:40,150000,golfpang,,,18홀,tr_220377575
해솔리아,2026-09-20,18:04,110000,golfpang,,,18홀,tr_220377576
한림용인,2026-09-20,18:06,135000,golfpang,,,18홀,tr_220377020
한림용인,2026-09-20,17:31,140000,golfpang,,,18홀,tr_220377019
한림용인,2026-09-20,17:17,140000,golfpang,,,18홀,tr_220377018
대영베이스,2026-09-20,18:15,79000,golfpang,,,18홀,tr_220376810
양지파인,2026-09-20,08:30,199000,golfpang,,,18홀,tr_220376595
베스트밸리-퍼9,2026-09-20,07:50,170000,golfpang,,,18홀,tr_220376356
베스트밸리-퍼9,2026-09-20,18:09,120000,golfpang,,,18홀,tr_220376358
베스트밸리-퍼9,2026-09-20,18:02,120000,golfpang,,,18홀,tr_220376357
그랜드(청주),2026-09-20,18:21,100000,golfpang,,,18홀,tr_220376173
빅토리아-퍼9,2026-09-20,17:10,89000,golfpang,,,18홀,tr_220375392
빅토리아-퍼9,2026-09-20,06:56,114000,golfpang,,,18홀,tr_220375391
힐데스하임,2026-09-20,06:52,145000,golfpang,,,18홀,tr_220274616
골든베이,2026-09-20,07:47,150000,golfpang,,,18홀,tr_218968289
로얄링스,2026-09-20,07:38,120000,golfpang,,,18홀,tr_220179190
더플레이어스,2026-09-20,08:05,180000,golfpang,,,18홀,tr_219990342
클럽D 거창,2026-09-20,07:58,90000,golfpang,,,18홀,tr_220288356
동강시스타,2026-09-20,07:54,110000,golfpang,,,18홀,tr_219956765
포천힐스,2026-09-20,07:52,240000,golfpang,,,18홀,tr_220086025
인터불고원주(P9),2026-09-20,08:44,129000,golfpang,,,18홀,tr_220261281
킹스데일,2026-09-20,08:43,200000,golfpang,,,18홀,tr_220336704
웰리힐리,2026-09-20,08:30,190000,golfpang,,,18홀,tr_219653003
프린세스,2026-09-20,08:19,160000,golfpang,,,18홀,tr_220289231
대호단양,2026-09-20,11:38,169000,golfpang,,,18홀,tr_219873197
파인스톤,2026-09-20,11:10,200000,golfpang,,,18홀,tr_220289790
인터불고원주(P9),2026-09-20,10:36,129000,golfpang,,,18홀,tr_220261282
힐데스하임,2026-09-20,11:57,160000,golfpang,,,18홀,tr_220274617
골든베이,2026-09-20,12:14,130000,golfpang,,,18홀,tr_218968290
엘레강스(가명),2026-09-20,12:12,210000,golfpang,,,18홀,tr_220250089
포천힐스,2026-09-20,12:52,200000,golfpang,,,18홀,tr_220086026
로얄링스,2026-09-20,12:41,120000,golfpang,,,18홀,tr_220179191
엘레강스(가명),2026-09-20,13:15,210000,golfpang,,,18홀,tr_220250090
몽베르(대중제),2026-09-20,13:14,190000,golfpang,,,18홀,tr_220288014
푸른솔포천,2026-09-20,13:13,220000,golfpang,,,18홀,tr_220274148
모나크,2026-09-20,12:56,140000,golfpang,,,18홀,tr_220252939
플라밍고,2026-09-20,13:32,150000,golfpang,,,18홀,tr_220106701
프린세스,2026-09-20,13:21,140000,golfpang,,,18홀,tr_220289232
가평베네스트,2026-09-20,13:42,239000,golfpang,,,18홀,tr_220261085
클럽모우,2026-09-20,13:41,145000,golfpang,,,18홀,tr_220347331
클럽D 거창,2026-09-20,13:39,85000,golfpang,,,18홀,tr_220288357
안성베네스트(클),2026-09-20,14:13,179000,golfpang,,,18홀,tr_220242430
동강시스타,2026-09-20,14:03,90000,golfpang,,,18홀,tr_219956766
스마트KU,2026-09-20,14:03,200000,golfpang,,,18홀,tr_219890051
푸른솔포천,2026-09-20,14:02,210000,golfpang,,,18홀,tr_220274149
플라밍고,2026-09-20,17:07,130000,golfpang,,,18홀,tr_220106702
대호단양,2026-09-20,17:02,99000,golfpang,,,18홀,tr_219873198
웰리힐리,2026-09-20,14:46,140000,golfpang,,,18홀,tr_219653004
클럽72,2026-09-20,17:36,130000,golfpang,,,18홀,tr_220290851
파인스톤,2026-09-20,17:29,140000,golfpang,,,18홀,tr_220289788
용인플라자,2026-09-20,17:10,140000,golfpang,,,18홀,tr_219557071
리베라,2026-09-20,17:56,120000,golfpang,,,18홀,tr_220179414
몽베르(대중제),2026-09-20,17:56,120000,golfpang,,,18홀,tr_220288015
벨라45 마스터스,2026-09-20,17:45,95000,golfpang,,,18홀,tr_219357098
아난티중앙(야간),2026-09-20,18:11,100000,golfpang,,,18홀,tr_220051932
클럽72,2026-09-20,18:04,120000,golfpang,,,18홀,tr_220290852
모나크,2026-09-20,18:16,90000,golfpang,,,18홀,tr_220252940
힐데스하임,2026-09-20,19:11,60000,golfpang,,,18홀,tr_220274618
클럽72,2026-09-20,19:00,110000,golfpang,,,18홀,tr_220290853
리베라,2026-09-20,18:45,110000,golfpang,,,18홀,tr_220179415
킹스데일,2026-09-20,06:30,170000,golfpang,,,18홀,tr_220336703
파인스톤,2026-09-20,06:21,190000,golfpang,,,18홀,tr_220289789
플라밍고,2026-09-20,06:20,160000,golfpang,,,18홀,tr_220106700
모나크,2026-09-20,06:18,150000,golfpang,,,18홀,tr_220252938
프린세스,2026-09-20,06:41,140000,golfpang,,,18홀,tr_220289230
포천힐스,2026-09-20,06:35,220000,golfpang,,,18홀,tr_220086024
몽베르(대중제),2026-09-20,07:22,220000,golfpang,,,18홀,tr_220288013
동강시스타,2026-09-20,06:58,100000,golfpang,,,18홀,tr_219956764
이천실크밸리,2026-09-20,08:20,190000,golfpang,,,18홀,tr_220366203
이천실크밸리,2026-09-20,08:06,190000,golfpang,,,18홀,tr_220366202
이천실크밸리,2026-09-20,08:27,190000,golfpang,,,18홀,tr_220366204
유니아일랜드,2026-09-20,10:26,170000,golfpang,,,18홀,tr_220362333
유니아일랜드,2026-09-20,05:47,150000,golfpang,,,18홀,tr_220362332
유니아일랜드,2026-09-20,10:40,160000,golfpang,,,18홀,tr_220362334
양지파인,2026-09-20,08:30,210000,golfpang,,,18홀,tr_220349546
양지파인,2026-09-20,08:00,210000,golfpang,,,18홀,tr_220349545
필로스,2026-09-20,17:54,120000,golfpang,,,18홀,tr_219685802
아세코밸리-퍼9,2026-09-20,05:37,140000,golfpang,,,18홀,tr_220339445
아세코밸리-퍼9,2026-09-20,17:24,100000,golfpang,,,18홀,tr_220339447
아세코밸리-퍼9,2026-09-20,16:49,100000,golfpang,,,18홀,tr_220339446
라싸,2026-09-20,08:33,209000,golfpang,,,18홀,tr_220336835
올데이,2026-09-20,11:59,99000,golfpang,,,18홀,tr_220336422
올데이,2026-09-20,12:27,99000,golfpang,,,18홀,tr_220336423
올데이,2026-09-20,07:14,109000,golfpang,,,18홀,tr_220336421
에덴블루,2026-09-20,14:00,190000,golfpang,,,18홀,tr_220336244
에덴블루,2026-09-20,07:48,210000,golfpang,,,18홀,tr_220336243
에덴블루,2026-09-20,18:28,89900,golfpang,,,18홀,tr_220336245
임페리얼레이크,2026-09-20,11:52,139000,golfpang,,,18홀,tr_220336115
임페리얼레이크,2026-09-20,11:24,139000,golfpang,,,18홀,tr_220336114
클럽모우,2026-09-20,13:41,145000,golfpang,,,18홀,tr_220328505
클럽모우,2026-09-20,14:16,145000,golfpang,,,18홀,tr_220328506
아세코밸리-퍼9,2026-09-20,17:10,100000,golfpang,,,18홀,tr_220328411
아세코밸리-퍼9,2026-09-20,16:49,100000,golfpang,,,18홀,tr_220328412
아세코밸리-퍼9,2026-09-20,16:49,100000,golfpang,,,18홀,tr_220328410
대영베이스,2026-09-20,18:08,89000,golfpang,,,18홀,tr_220328245
대영베이스,2026-09-20,18:08,89000,golfpang,,,18홀,tr_220328244
대영베이스,2026-09-20,18:08,89000,golfpang,,,18홀,tr_220328246
이글몬트,2026-09-20,06:41,180000,golfpang,,,18홀,tr_220287982
스톤비치,2026-09-20,07:24,130000,golfpang,,,18홀,tr_220075245
파주타이거,2026-09-20,07:03,190000,golfpang,,,18홀,tr_220128797
힐데스하임,2026-09-20,07:00,160000,golfpang,,,18홀,tr_220013303
프린세스,2026-09-20,06:55,145000,golfpang,,,18홀,tr_220038066
골든베이,2026-09-20,07:47,150000,golfpang,,,18홀,tr_220094838
킹스데일,2026-09-20,07:47,180000,golfpang,,,18홀,tr_220015129
동서울cc-퍼9,2026-09-20,07:41,89000,golfpang,,,18홀,tr_219886081
라싸,2026-09-20,07:37,189000,golfpang,,,18홀,tr_220142344
라싸,2026-09-20,07:37,189000,golfpang,,,18홀,tr_220142343
모카cc,2026-09-20,07:36,170000,golfpang,,,18홀,tr_220149153
떼제베,2026-09-20,07:35,160000,golfpang,,,18홀,tr_220088046
더플레이어스,2026-09-20,08:12,210000,golfpang,,,18홀,tr_220304947
포웰(안성)cc,2026-09-20,08:10,231000,golfpang,,,18홀,tr_220102676
킹즈락,2026-09-20,08:09,140000,golfpang,,,18홀,tr_220049476
클럽72,2026-09-20,08:06,210000,golfpang,,,18홀,tr_219983116
더플레이어스,2026-09-20,08:05,210000,golfpang,,,18홀,tr_220304946
센테리움,2026-09-20,07:56,159000,golfpang,,,18홀,tr_220288127
떼제베(동북),2026-09-20,07:56,140000,golfpang,,,18홀,tr_220088233
중원,2026-09-20,07:53,150000,golfpang,,,18홀,tr_220288480
신안(오렌지),2026-09-20,07:52,120000,golfpang,,,18홀,tr_218897925
오너스,2026-09-20,08:35,165000,golfpang,,,18홀,tr_220288956
로얄링스,2026-09-20,08:34,160000,golfpang,,,18홀,tr_219891949
라싸,2026-09-20,08:33,209000,golfpang,,,18홀,tr_220142345
양지파인,2026-09-20,08:30,199000,golfpang,,,18홀,tr_220152605
오너스,2026-09-20,08:28,165000,golfpang,,,18홀,tr_220288955
알펜시아700,2026-09-20,08:25,110000,golfpang,,,18홀,tr_220181874
동서울cc-퍼9,2026-09-20,08:16,89000,golfpang,,,18홀,tr_219886082
스프링베일-퍼9,2026-09-20,08:16,110000,golfpang,,,18홀,tr_220130890
양지파인,2026-09-20,08:15,199000,golfpang,,,18홀,tr_220152606
에스앤-퍼9,2026-09-20,08:13,80000,golfpang,,,18홀,tr_220070851
빅토리아-퍼9,2026-09-20,11:42,114000,golfpang,,,18홀,tr_219424113
해솔리아,2026-09-20,11:41,160000,golfpang,,,18홀,tr_220288392
플라밍고,2026-09-20,11:40,170000,golfpang,,,18홀,tr_220036893
대호단양,2026-09-20,11:38,169000,golfpang,,,18홀,tr_219885943
에스앤-퍼9,2026-09-20,11:21,100000,golfpang,,,18홀,tr_220070852
빅토리아-퍼9,2026-09-20,11:14,114000,golfpang,,,18홀,tr_219424112
알프스대영,2026-09-20,11:07,105000,golfpang,,,18홀,tr_220181390
유니아일랜드,2026-09-20,10:54,160000,golfpang,,,18홀,tr_220102997
유니아일랜드,2026-09-20,10:47,160000,golfpang,,,18홀,tr_220102998
유니아일랜드,2026-09-20,10:26,170000,golfpang,,,18홀,tr_220102999
센테리움,2026-09-20,12:08,149000,golfpang,,,18홀,tr_220288128
로얄링스,2026-09-20,12:06,160000,golfpang,,,18홀,tr_219891950
이븐데일,2026-09-20,12:06,100000,golfpang,,,18홀,tr_220283403
대호단양,2026-09-20,12:06,169000,golfpang,,,18홀,tr_219885944
골프존 진천,2026-09-20,12:04,154000,golfpang,,,18홀,tr_220190396
모카cc,2026-09-20,12:04,150000,golfpang,,,18홀,tr_220149154
이븐데일,2026-09-20,11:58,100000,golfpang,,,18홀,tr_220283402
힐데스하임,2026-09-20,11:57,160000,golfpang,,,18홀,tr_220013304
빅토리아-퍼9,2026-09-20,11:56,114000,golfpang,,,18홀,tr_219424114
해솔리아,2026-09-20,11:55,160000,golfpang,,,18홀,tr_220288394
이븐데일,2026-09-20,11:52,100000,golfpang,,,18홀,tr_220283401
해솔리아,2026-09-20,11:48,160000,golfpang,,,18홀,tr_220288393
킹즈락,2026-09-20,11:47,140000,golfpang,,,18홀,tr_220049477
스톤비치,2026-09-20,11:45,150000,golfpang,,,18홀,tr_220075246
예미지,2026-09-20,12:33,175000,golfpang,,,18홀,tr_218908419
양평TPC,2026-09-20,12:33,160000,golfpang,,,18홀,tr_220288699
에덴블루,2026-09-20,12:30,150000,golfpang,,,18홀,tr_220321188
히든밸리,2026-09-20,12:30,160000,golfpang,,,18홀,tr_220220776
플라밍고,2026-09-20,12:29,160000,golfpang,,,18홀,tr_220036894
알펜시아명문,2026-09-20,12:24,130000,golfpang,,,18홀,tr_220182193
에덴블루,2026-09-20,12:23,150000,golfpang,,,18홀,tr_220321187
한림용인,2026-09-20,12:22,195000,golfpang,,,18홀,tr_220036161
알펜시아명문,2026-09-20,12:17,130000,golfpang,,,18홀,tr_220182192
에스앤-퍼9,2026-09-20,12:17,80000,golfpang,,,18홀,tr_220070853
에덴블루,2026-09-20,12:16,150000,golfpang,,,18홀,tr_220321186
한림용인,2026-09-20,12:15,195000,golfpang,,,18홀,tr_220036160
로얄포레,2026-09-20,12:13,119000,golfpang,,,18홀,tr_220327698
떼제베(동북),2026-09-20,12:53,120000,golfpang,,,18홀,tr_220088234
360도,2026-09-20,12:52,177000,golfpang,,,18홀,tr_219798523
푸른솔포천,2026-09-20,12:52,220000,golfpang,,,18홀,tr_220129789
포천힐스,2026-09-20,12:52,200000,golfpang,,,18홀,tr_220129380
알펜시아명문,2026-09-20,12:45,130000,golfpang,,,18홀,tr_220182194
한림용인,2026-09-20,12:43,195000,golfpang,,,18홀,tr_220036162
대호단양,2026-09-20,12:41,169000,golfpang,,,18홀,tr_219885945
양평TPC,2026-09-20,12:40,160000,golfpang,,,18홀,tr_220288700
신안(오렌지),2026-09-20,12:39,120000,golfpang,,,18홀,tr_218897926
옥스필드,2026-09-20,12:34,109000,golfpang,,,18홀,tr_220181104
히든밸리,2026-09-20,13:19,150000,golfpang,,,18홀,tr_220220777
힐데스하임,2026-09-20,13:19,150000,golfpang,,,18홀,tr_220013305
여주,2026-09-20,13:18,220000,golfpang,,,18홀,tr_220201827
엘레강스(가명),2026-09-20,13:15,220000,golfpang,,,18홀,tr_220220512
몽베르(대중제),2026-09-20,13:14,190000,golfpang,,,18홀,tr_220287728
포천힐스,2026-09-20,13:13,200000,golfpang,,,18홀,tr_220129382
로얄포레,2026-09-20,13:09,119000,golfpang,,,18홀,tr_220327699
예미지,2026-09-20,13:08,170000,golfpang,,,18홀,tr_218908420
프린세스,2026-09-20,13:07,140000,golfpang,,,18홀,tr_220038067
솔라고,2026-09-20,13:07,140000,golfpang,,,18홀,tr_220084964
로얄포레,2026-09-20,13:02,119000,golfpang,,,18홀,tr_220327700
포천힐스,2026-09-20,12:59,200000,golfpang,,,18홀,tr_220129381
모나크,2026-09-20,12:56,140000,golfpang,,,18홀,tr_220218773
킹스데일,2026-09-20,12:56,170000,golfpang,,,18홀,tr_220015128
베스트밸리-퍼9,2026-09-20,12:56,160000,golfpang,,,18홀,tr_220139192
벨라스톤,2026-09-20,13:35,159000,golfpang,,,18홀,tr_219909899
플라밍고,2026-09-20,13:32,150000,golfpang,,,18홀,tr_220036895
모나크,2026-09-20,13:31,140000,golfpang,,,18홀,tr_220218775
골든베이,2026-09-20,13:31,130000,golfpang,,,18홀,tr_220094839
옥스필드,2026-09-20,13:30,99000,golfpang,,,18홀,tr_220181106
프린세스,2026-09-20,13:28,140000,golfpang,,,18홀,tr_220038068
몽베르(대중제),2026-09-20,13:28,190000,golfpang,,,18홀,tr_220287730
알프스대영,2026-09-20,13:27,99000,golfpang,,,18홀,tr_220181391
스프링베일-퍼9,2026-09-20,13:25,95000,golfpang,,,18홀,tr_220130891
모나크,2026-09-20,13:24,140000,golfpang,,,18홀,tr_220218774
스톤비치,2026-09-20,13:23,150000,golfpang,,,18홀,tr_220075247
옥스필드,2026-09-20,13:23,99000,golfpang,,,18홀,tr_220181105
몽베르(대중제),2026-09-20,13:21,190000,golfpang,,,18홀,tr_220287729
스타,2026-09-20,13:51,140000,golfpang,,,18홀,tr_220079745
세현,2026-09-20,13:51,200000,golfpang,,,18홀,tr_220165785
파주타이거,2026-09-20,13:50,170000,golfpang,,,18홀,tr_220128796
동서울cc-퍼9,2026-09-20,13:45,79000,golfpang,,,18홀,tr_219886083
세현,2026-09-20,13:44,200000,golfpang,,,18홀,tr_220165784
골프존 진천,2026-09-20,13:42,144000,golfpang,,,18홀,tr_220190395
벨라스톤,2026-09-20,13:42,159000,golfpang,,,18홀,tr_219909900
여주,2026-09-20,13:39,220000,golfpang,,,18홀,tr_220201828
엘레강스(가명),2026-09-20,13:36,220000,golfpang,,,18홀,tr_220220513
골프존 진천,2026-09-20,13:35,144000,golfpang,,,18홀,tr_220190394
감곡,2026-09-20,14:10,150000,golfpang,,,18홀,tr_220088380
중원,2026-09-20,14:08,130000,golfpang,,,18홀,tr_220288481
푸른솔포천,2026-09-20,14:02,210000,golfpang,,,18홀,tr_220129790
킹즈락,2026-09-20,14:00,125000,golfpang,,,18홀,tr_220049478
이글몬트,2026-09-20,14:00,170000,golfpang,,,18홀,tr_220287981
스타,2026-09-20,13:58,140000,golfpang,,,18홀,tr_220079746
세현,2026-09-20,13:58,200000,golfpang,,,18홀,tr_220165786
스타,2026-09-20,13:58,140000,golfpang,,,18홀,tr_220079747
알펜시아700,2026-09-20,13:52,90000,golfpang,,,18홀,tr_220181875
360도,2026-09-20,13:52,167000,golfpang,,,18홀,tr_219798522
대영힐스,2026-09-20,17:03,85000,golfpang,,,18홀,tr_220326800
윈체스트,2026-09-20,17:01,170000,golfpang,,,18홀,tr_220151154
떼제베(동북),2026-09-20,16:59,90000,golfpang,,,18홀,tr_220088235
아세코밸리-퍼9,2026-09-20,16:56,100000,golfpang,,,18홀,tr_220152831
윈체스트,2026-09-20,16:54,170000,golfpang,,,18홀,tr_220151153
파주타이거,2026-09-20,16:50,170000,golfpang,,,18홀,tr_220128798
아세코밸리-퍼9,2026-09-20,16:49,100000,golfpang,,,18홀,tr_220152830
윈체스트,2026-09-20,16:40,170000,golfpang,,,18홀,tr_220151152
아세코밸리-퍼9,2026-09-20,16:28,100000,golfpang,,,18홀,tr_220152829
골프존 안성H,2026-09-20,14:27,180000,golfpang,,,18홀,tr_220235908
골프존 안성H,2026-09-20,14:27,180000,golfpang,,,18홀,tr_220235907
솔라고,2026-09-20,14:23,120000,golfpang,,,18홀,tr_220084965
골프존 안성H,2026-09-20,14:20,180000,golfpang,,,18홀,tr_220235906
블랙스톤벨포레,2026-09-20,17:44,60000,golfpang,,,18홀,tr_219909998
일레븐,2026-09-20,17:37,70000,golfpang,,,18홀,tr_220055437
블랙스톤벨포레,2026-09-20,17:37,60000,golfpang,,,18홀,tr_219909997
스프링베일-퍼9,2026-09-20,17:36,80000,golfpang,,,18홀,tr_220130892
일레븐,2026-09-20,17:30,70000,golfpang,,,18홀,tr_220055436
떼제베,2026-09-20,17:20,110000,golfpang,,,18홀,tr_220088048
알프스대영,2026-09-20,17:15,59000,golfpang,,,18홀,tr_220181392
떼제베,2026-09-20,17:13,110000,golfpang,,,18홀,tr_220088047
세레니티cc,2026-09-20,17:59,130000,golfpang,,,18홀,tr_220085527
세레니티cc,2026-09-20,17:59,140000,golfpang,,,18홀,tr_220085526
파인스톤,2026-09-20,17:57,130000,golfpang,,,18홀,tr_220049159
샤인데일,2026-09-20,17:57,70000,golfpang,,,18홀,tr_220138849
베스트밸리-퍼9,2026-09-20,17:55,120000,golfpang,,,18홀,tr_220139193
감곡,2026-09-20,17:52,110000,golfpang,,,18홀,tr_220088382
포웰(안성)cc,2026-09-20,17:50,102000,golfpang,,,18홀,tr_220102677
클럽72,2026-09-20,17:50,130000,golfpang,,,18홀,tr_219983117
벨라스톤,2026-09-20,17:45,80000,golfpang,,,18홀,tr_219909901
감곡,2026-09-20,17:45,110000,golfpang,,,18홀,tr_220088381
대영힐스,2026-09-20,17:45,79000,golfpang,,,18홀,tr_220326801
알펜시아700,2026-09-20,17:44,60000,golfpang,,,18홀,tr_220181876
일레븐,2026-09-20,17:44,70000,golfpang,,,18홀,tr_220055438
클럽72,2026-09-20,18:11,120000,golfpang,,,18홀,tr_219983118
샤인데일,2026-09-20,18:11,70000,golfpang,,,18홀,tr_220138851
리베라,2026-09-20,18:10,120000,golfpang,,,18홀,tr_219900514
대영베이스,2026-09-20,18:10,89000,golfpang,,,18홀,tr_220326365
대영베이스,2026-09-20,18:08,89000,golfpang,,,18홀,tr_220326366
대영베이스,2026-09-20,18:08,89000,golfpang,,,18홀,tr_220326364
세레니티cc,2026-09-20,18:06,130000,golfpang,,,18홀,tr_220085528
샤인데일,2026-09-20,18:04,70000,golfpang,,,18홀,tr_220138850
베스트밸리-퍼9,2026-09-20,18:02,120000,golfpang,,,18홀,tr_220139194
파인스톤,2026-09-20,18:25,130000,golfpang,,,18홀,tr_220049161
포웰(안성)cc,2026-09-20,18:25,92000,golfpang,,,18홀,tr_220102678
대영힐스,2026-09-20,18:20,69000,golfpang,,,18홀,tr_220326802
블랙스톤벨포레,2026-09-20,18:19,50000,golfpang,,,18홀,tr_219909999
파인스톤,2026-09-20,18:18,130000,golfpang,,,18홀,tr_220049160
리베라,2026-09-20,18:17,120000,golfpang,,,18홀,tr_219900516
그린힐,2026-09-20,19:13,80000,golfpang,,,18홀,tr_220153609
젠스필드,2026-09-20,18:52,70000,golfpang,,,18홀,tr_220222355
리베라,2026-09-20,18:45,110000,golfpang,,,18홀,tr_219900515
그린힐,2026-09-20,18:45,90000,golfpang,,,18홀,tr_220153608
젠스필드,2026-09-20,18:45,70000,golfpang,,,18홀,tr_220222354
젠스필드,2026-09-20,18:45,70000,golfpang,,,18홀,tr_220222353
그린힐,2026-09-20,18:38,90000,golfpang,,,18홀,tr_220153607
신안(병행),2026-09-20,18:38,80000,golfpang,,,18홀,tr_220233160
신안(병행),2026-09-20,18:38,80000,golfpang,,,18홀,tr_220233159
신안(병행),2026-09-20,18:38,80000,golfpang,,,18홀,tr_220233158
윈체스트,2026-09-20,16:40,170000,golfpang,,,18홀,tr_220327469
윈체스트,2026-09-20,17:15,170000,golfpang,,,18홀,tr_220327470
윈체스트,2026-09-20,17:22,170000,golfpang,,,18홀,tr_220327471
속리산cc,2026-09-20,13:39,110000,golfpang,,,18홀,tr_219672427
에덴블루,2026-09-20,07:48,209000,golfpang,,,18홀,tr_220327148
에덴블루,2026-09-20,18:28,89900,golfpang,,,18홀,tr_220327150
에덴블루,2026-09-20,14:00,190000,golfpang,,,18홀,tr_220327149
오로라,2026-09-20,13:56,130000,golfpang,,,18홀,tr_220326449
오로라,2026-09-20,13:49,130000,golfpang,,,18홀,tr_220326448
오로라,2026-09-20,17:42,80000,golfpang,,,18홀,tr_220326450
골프존 안성W,2026-09-20,13:30,140000,golfpang,,,18홀,tr_220326653
모나크,2026-09-20,13:03,140000,golfpang,,,18홀,tr_220216865
로얄포레,2026-09-20,17:40,69000,golfpang,,,18홀,tr_220325455
로얄포레,2026-09-20,05:50,89000,golfpang,,,18홀,tr_220325453
로얄포레,2026-09-20,12:13,119000,golfpang,,,18홀,tr_220325454
클럽모우,2026-09-20,13:41,145000,golfpang,,,18홀,tr_220199641
클럽모우,2026-09-20,13:41,145000,golfpang,,,18홀,tr_220199642
올데이,2026-09-20,11:59,99000,golfpang,,,18홀,tr_220324523
올데이,2026-09-20,06:32,99000,golfpang,,,18홀,tr_220324522
올데이,2026-09-20,17:26,59000,golfpang,,,18홀,tr_220324524
센테리움,2026-09-20,07:56,159000,golfpang,,,18홀,tr_220324382
센테리움,2026-09-20,07:56,159000,golfpang,,,18홀,tr_220324381
캐슬렉스,2026-09-20,08:45,250000,golfpang,,,18홀,tr_220324124
캐슬렉스,2026-09-20,08:38,250000,golfpang,,,18홀,tr_220324123
로얄포레,2026-09-20,06:46,129000,golfpang,,,18홀,tr_220321320
로얄포레,2026-09-20,17:40,69000,golfpang,,,18홀,tr_220321322
로얄포레,2026-09-20,13:02,119000,golfpang,,,18홀,tr_220321321
클럽72,2026-09-20,18:18,120000,golfpang,,,18홀,tr_220321287
한림용인,2026-09-20,18:13,133000,golfpang,,,18홀,tr_220321222
필로스,2026-09-20,17:47,120000,golfpang,,,18홀,tr_220321094
필로스,2026-09-20,17:40,120000,golfpang,,,18홀,tr_220321063
임페리얼레이크,2026-09-20,11:10,139000,golfpang,,,18홀,tr_220318396
임페리얼레이크,2026-09-20,18:15,79000,golfpang,,,18홀,tr_220318397
임페리얼레이크,2026-09-20,07:21,139000,golfpang,,,18홀,tr_220318395
그린힐,2026-09-20,19:13,80000,golfpang,,,18홀,tr_220307377
그린힐,2026-09-20,19:20,80000,golfpang,,,18홀,tr_220307375
그린힐,2026-09-20,18:45,90000,golfpang,,,18홀,tr_220307376
써닝포인트,2026-09-20,18:11,135000,golfpang,,,18홀,tr_219938829
임페리얼레이크,2026-09-20,18:15,79000,golfpang,,,18홀,tr_220314977
임페리얼레이크,2026-09-20,07:21,139000,golfpang,,,18홀,tr_220314975
임페리얼레이크,2026-09-20,11:52,139000,golfpang,,,18홀,tr_220314976
양평TPC,2026-09-20,12:54,160000,golfpang,,,18홀,tr_220307473
양평TPC,2026-09-20,12:40,160000,golfpang,,,18홀,tr_220307472
이천실크밸리,2026-09-20,07:31,160000,golfpang,,,18홀,tr_220086296
옥스필드,2026-09-20,12:34,109000,golfpang,,,18홀,tr_220035484
옥스필드,2026-09-20,07:49,119000,golfpang,,,18홀,tr_220035485
젠스필드,2026-09-20,07:51,170000,golfpang,,,18홀,tr_220086444
알펜시아명문,2026-09-20,12:24,130000,golfpang,,,18홀,tr_220032781
이천실크밸리,2026-09-20,07:31,160000,golfpang,,,18홀,tr_220086295
유니아일랜드,2026-09-20,15:21,120000,golfpang,,,18홀,tr_219933950
알펜시아명문,2026-09-20,08:06,140000,golfpang,,,18홀,tr_220032780
세현,2026-09-20,13:51,200000,golfpang,,,18홀,tr_220100369
세현,2026-09-20,13:51,200000,golfpang,,,18홀,tr_220100370
양지파인,2026-09-20,08:22,210000,golfpang,,,18홀,tr_220015434
360도,2026-09-20,13:37,167000,golfpang,,,18홀,tr_220023305
양지파인,2026-09-20,08:30,210000,golfpang,,,18홀,tr_220015435
신라,2026-09-20,12:41,180000,golfpang,,,18홀,tr_220290991
세현,2026-09-20,12:41,220000,golfpang,,,18홀,tr_220100371
신라,2026-09-20,13:02,180000,golfpang,,,18홀,tr_220290992
대영힐스,2026-09-20,17:45,79000,golfpang,,,18홀,tr_220307083
대영힐스,2026-09-20,18:20,69000,golfpang,,,18홀,tr_220307084
대영힐스,2026-09-20,17:03,85000,golfpang,,,18홀,tr_220307082
골프존 안성W,2026-09-20,18:03,100000,golfpang,,,18홀,tr_220306282
골프존 안성W,2026-09-20,07:33,160000,golfpang,,,18홀,tr_220306280
골프존 안성W,2026-09-20,13:17,150000,golfpang,,,18홀,tr_220306281
골프존 안성W,2026-09-20,13:31,150000,golfpang,,,18홀,tr_220306144
골프존 안성W,2026-09-20,13:45,150000,golfpang,,,18홀,tr_220306145
포레스트힐,2026-09-20,13:37,190000,golfpang,,,18홀,tr_220305295
라싸,2026-09-20,08:12,209000,golfpang,,,18홀,tr_220304587
라싸,2026-09-20,08:33,209000,golfpang,,,18홀,tr_220304588
라싸,2026-09-20,08:05,209000,golfpang,,,18홀,tr_220304586
라싸,2026-09-20,08:33,209000,golfpang,,,18홀,tr_220304573
라싸,2026-09-20,08:05,209000,golfpang,,,18홀,tr_220304571
라싸,2026-09-20,08:12,209000,golfpang,,,18홀,tr_220304572
모나크,2026-09-20,18:23,90000,golfpang,,,18홀,tr_220304190
벨라45 마스터스,2026-09-20,13:35,170000,golfpang,,,18홀,tr_219771850
벨라45 마스터스,2026-09-20,17:31,85000,golfpang,,,18홀,tr_219771885
베르힐(영종),2026-09-20,12:39,260000,golfpang,,,18홀,tr_219557613
골프존 진천,2026-09-20,13:00,159000,golfpang,,,18홀,tr_220001855
베르힐(영종),2026-09-20,05:57,270000,golfpang,,,18홀,tr_219557611
골프존 진천,2026-09-20,12:25,169000,golfpang,,,18홀,tr_220001848
골프존 진천,2026-09-20,13:00,139000,golfpang,,,18홀,tr_219938107
속리산cc,2026-09-20,13:04,120000,golfpang,,,18홀,tr_220195378
백제,2026-09-20,12:44,150000,golfpang,,,18홀,tr_218908777
솔라고,2026-09-20,12:18,140000,golfpang,,,18홀,tr_218908840
모카cc,2026-09-20,11:57,140000,golfpang,,,18홀,tr_220216753
킹즈락,2026-09-20,08:16,140000,golfpang,,,18홀,tr_220209585
골프존 진천,2026-09-20,07:59,169000,golfpang,,,18홀,tr_220219930
모카cc,2026-09-20,07:43,150000,golfpang,,,18홀,tr_220216679
모나크,2026-09-20,18:02,100000,golfpang,,,18홀,tr_220216931
베르힐(영종),2026-09-20,16:40,190000,golfpang,,,18홀,tr_219557619
킹즈락,2026-09-20,13:53,125000,golfpang,,,18홀,tr_220209597
솔라고,2026-09-20,13:42,120000,golfpang,,,18홀,tr_218908852
베르힐(영종),2026-09-20,13:28,250000,golfpang,,,18홀,tr_219557615
클럽모우,2026-09-20,13:27,150000,golfpang,,,18홀,tr_220197761
이글몬트,2026-09-20,13:51,170000,golfpang,,,18홀,tr_220198894
캐슬렉스,2026-09-20,13:45,290000,golfpang,,,18홀,tr_220198610
비에이비스타,2026-09-20,12:11,160000,golfpang,,,18홀,tr_220205676
비에이비스타,2026-09-20,13:36,160000,golfpang,,,18홀,tr_220239849
비에이비스타(퍼),2026-09-20,07:31,170000,golfpang,,,18홀,tr_220240037
캐슬렉스,2026-09-20,08:25,290000,golfpang,,,18홀,tr_220198611
블루원용인(퍼),2026-09-20,13:41,140000,golfpang,,,18홀,tr_220205858
알프스대영,2026-09-20,18:32,40000,golfpang,,,18홀,tr_220252898
알프스대영,2026-09-20,16:54,69000,golfpang,,,18홀,tr_220252896
알프스대영,2026-09-20,17:43,49000,golfpang,,,18홀,tr_220252897
대영베이스,2026-09-20,17:08,99000,golfpang,,,18홀,tr_220297414
대영베이스,2026-09-20,08:07,145000,golfpang,,,18홀,tr_220297413
대영베이스,2026-09-20,18:08,89000,golfpang,,,18홀,tr_220297415
스카이밸리,2026-09-20,12:01,190000,golfpang,,,18홀,tr_220291068
스카이밸리,2026-09-20,12:15,190000,golfpang,,,18홀,tr_220291069
스카이밸리,2026-09-20,06:27,180000,golfpang,,,18홀,tr_220289872
스카이밸리,2026-09-20,12:01,190000,golfpang,,,18홀,tr_220289873
오너스,2026-09-20,08:28,160000,golfpang,,,18홀,tr_220289836
오너스,2026-09-20,12:12,170000,golfpang,,,18홀,tr_220289837
힐데스하임,2026-09-20,06:52,145000,golfpang,,,18홀,tr_220288499
힐데스하임,2026-09-20,11:57,160000,golfpang,,,18홀,tr_220288501
힐데스하임,2026-09-20,07:00,155000,golfpang,,,18홀,tr_220288500
파인스톤,2026-09-20,11:10,200000,golfpang,,,18홀,tr_220288423
파인스톤,2026-09-20,11:52,200000,golfpang,,,18홀,tr_220288424
파인스톤,2026-09-20,06:21,190000,golfpang,,,18홀,tr_220288422
파주타이거,2026-09-20,17:05,150000,golfpang,,,18홀,tr_220287675
파주타이거,2026-09-20,17:47,150000,golfpang,,,18홀,tr_220287677
파주타이거,2026-09-20,17:29,150000,golfpang,,,18홀,tr_220287676
이븐데일,2026-09-20,11:52,100000,golfpang,,,18홀,tr_220283540
이븐데일,2026-09-20,06:52,109000,golfpang,,,18홀,tr_220283538
이븐데일,2026-09-20,08:23,120000,golfpang,,,18홀,tr_220283539
오너스,2026-09-20,13:22,140000,golfpang,,,18홀,tr_220175153
골프존 진천,2026-09-20,06:49,159000,golfpang,,,18홀,tr_220211760
힐마루 포천,2026-09-20,17:38,140000,golfpang,,,18홀,tr_220208166
골프존 진천,2026-09-20,13:35,139000,golfpang,,,18홀,tr_220211771
골프존 천안,2026-09-20,13:47,161000,golfpang,,,18홀,tr_220208040
신안(병행),2026-09-20,18:38,80000,golfpang,,,18홀,tr_220283074
해솔리아,2026-09-20,06:28,160000,golfpang,,,18홀,tr_220278838
해솔리아,2026-09-20,07:17,170000,golfpang,,,18홀,tr_220278839
해솔리아,2026-09-20,11:41,160000,golfpang,,,18홀,tr_220278840
포레스트힐,2026-09-20,13:23,165000,golfpang,,,18홀,tr_219329995
포레스트힐,2026-09-20,13:23,165000,golfpang,,,18홀,tr_219330035
포레스트힐,2026-09-20,18:10,110000,golfpang,,,18홀,tr_219330039
스타,2026-09-20,18:38,80000,golfpang,,,18홀,tr_220274521
스타,2026-09-20,06:23,160000,golfpang,,,18홀,tr_220274520
세현,2026-09-20,13:51,200000,golfpang,,,18홀,tr_220274363
세현,2026-09-20,13:44,200000,golfpang,,,18홀,tr_220274362
세현,2026-09-20,13:09,230000,golfpang,,,18홀,tr_220274361
빅토리아-퍼9,2026-09-20,13:20,114000,golfpang,,,18홀,tr_220274192
빅토리아-퍼9,2026-09-20,13:27,114000,golfpang,,,18홀,tr_220274193
빅토리아-퍼9,2026-09-20,13:34,114000,golfpang,,,18홀,tr_220274194
리베라,2026-09-20,18:52,110000,golfpang,,,18홀,tr_220274025
리베라,2026-09-20,18:45,110000,golfpang,,,18홀,tr_220274024
리베라,2026-09-20,19:06,110000,golfpang,,,18홀,tr_220274026
레인보우힐스,2026-09-20,13:12,255000,golfpang,,,18홀,tr_220262009
레인보우힐스,2026-09-20,13:36,255000,golfpang,,,18홀,tr_220262010
그린힐,2026-09-20,19:13,80000,golfpang,,,18홀,tr_220261792
그린힐,2026-09-20,18:52,90000,golfpang,,,18홀,tr_220261791
그린힐,2026-09-20,18:45,90000,golfpang,,,18홀,tr_220261790
파주,2026-09-20,06:45,220000,golfpang,,,18홀,tr_220261599
파주,2026-09-20,07:27,230000,golfpang,,,18홀,tr_220261600
파주,2026-09-20,10:49,230000,golfpang,,,18홀,tr_220261601
임페리얼레이크,2026-09-20,11:52,139000,golfpang,,,18홀,tr_220261498
임페리얼레이크,2026-09-20,11:10,139000,golfpang,,,18홀,tr_220261497
임페리얼레이크,2026-09-20,07:56,149000,golfpang,,,18홀,tr_220261496
올데이,2026-09-20,11:31,109000,golfpang,,,18홀,tr_220261356
올데이,2026-09-20,11:38,109000,golfpang,,,18홀,tr_220261357
올데이,2026-09-20,08:03,119000,golfpang,,,18홀,tr_220261355
옥스필드,2026-09-20,06:53,119000,golfpang,,,18홀,tr_220261221
옥스필드,2026-09-20,11:45,119000,golfpang,,,18홀,tr_220261223
옥스필드,2026-09-20,07:42,119000,golfpang,,,18홀,tr_220261222
웰리힐리,2026-09-20,06:54,190000,golfpang,,,18홀,tr_219933352
벨라스톤,2026-09-20,18:13,80000,golfpang,,,18홀,tr_219818138
오로라,2026-09-20,13:49,140000,golfpang,,,18홀,tr_220151044
동서울cc-퍼9,2026-09-20,13:59,79000,golfpang,,,18홀,tr_219787138
웰리힐리,2026-09-20,14:46,140000,golfpang,,,18홀,tr_219933354
알펜시아700,2026-09-20,12:49,100000,golfpang,,,18홀,tr_219795011
동강시스타,2026-09-20,12:46,100000,golfpang,,,18홀,tr_219072254
오로라,2026-09-20,12:39,140000,golfpang,,,18홀,tr_220151042
파인밸리,2026-09-20,13:02,135000,golfpang,,,18홀,tr_219154953
벨라스톤,2026-09-20,13:35,159000,golfpang,,,18홀,tr_219818137
오로라,2026-09-20,13:28,140000,golfpang,,,18홀,tr_220151043
알프스대영,2026-09-20,11:35,105000,golfpang,,,18홀,tr_220214454
웰리힐리,2026-09-20,08:46,190000,golfpang,,,18홀,tr_219933353
알펜시아명문,2026-09-20,12:10,130000,golfpang,,,18홀,tr_219795517
알프스대영,2026-09-20,12:03,99000,golfpang,,,18홀,tr_220214455
동강시스타,2026-09-20,11:57,110000,golfpang,,,18홀,tr_219072253
알펜시아명문,2026-09-20,08:06,140000,golfpang,,,18홀,tr_219795516
동강시스타,2026-09-20,07:54,110000,golfpang,,,18홀,tr_219072252
알펜시아700,2026-09-20,08:39,110000,golfpang,,,18홀,tr_219795010
알프스대영,2026-09-20,06:05,89000,golfpang,,,18홀,tr_220214453
동서울cc-퍼9,2026-09-20,06:52,79000,golfpang,,,18홀,tr_219787137
알펜시아명문,2026-09-20,06:42,100000,golfpang,,,18홀,tr_219795515
알펜시아700,2026-09-20,06:54,90000,golfpang,,,18홀,tr_219795009
동서울cc-퍼9,2026-09-20,17:56,40000,golfpang,,,18홀,tr_219787139
벨라스톤,2026-09-20,06:28,149000,golfpang,,,18홀,tr_219818136
킹즈락,2026-09-20,11:47,140000,golfpang,,,18홀,tr_220169981
골프존 진천,2026-09-20,12:32,149000,golfpang,,,18홀,tr_220214895
플라밍고,2026-09-20,12:29,160000,golfpang,,,18홀,tr_220106555
스타,2026-09-20,12:27,170000,golfpang,,,18홀,tr_220222055
속리산cc,2026-09-20,12:22,130000,golfpang,,,18홀,tr_219969940
대영힐스,2026-09-20,12:18,130000,golfpang,,,18홀,tr_220212443
떼제베,2026-09-20,07:35,160000,golfpang,,,18홀,tr_220212566
대영베이스,2026-09-20,07:34,145000,golfpang,,,18홀,tr_220212344
대영베이스,2026-09-20,08:07,149000,golfpang,,,18홀,tr_220212345
대호단양,2026-09-20,08:06,179000,golfpang,,,18홀,tr_220056171
속리산cc,2026-09-20,08:04,130000,golfpang,,,18홀,tr_219969939
킹스데일,2026-09-20,08:43,200000,golfpang,,,18홀,tr_220012919
킹즈락,2026-09-20,08:30,150000,golfpang,,,18홀,tr_220169980
프린세스,2026-09-20,08:26,165000,golfpang,,,18홀,tr_220013842
모카cc,2026-09-20,08:25,155000,golfpang,,,18홀,tr_220212782
골든베이,2026-09-20,08:22,150000,golfpang,,,18홀,tr_218959210
솔라고,2026-09-20,08:20,160000,golfpang,,,18홀,tr_218623283
에스앤-퍼9,2026-09-20,08:13,80000,golfpang,,,18홀,tr_219865859
보령베이스-퍼9,2026-09-20,11:42,99000,golfpang,,,18홀,tr_219794100
플라밍고,2026-09-20,11:40,170000,golfpang,,,18홀,tr_220106554
골든베이,2026-09-20,11:39,130000,golfpang,,,18홀,tr_218959211
대호단양,2026-09-20,11:38,159000,golfpang,,,18홀,tr_220056172
스타,2026-09-20,11:38,170000,golfpang,,,18홀,tr_220222054
속리산cc,2026-09-20,06:12,110000,golfpang,,,18홀,tr_219969938
대영힐스,2026-09-20,06:07,119000,golfpang,,,18홀,tr_220212441
보령베이스-퍼9,2026-09-20,05:47,59000,golfpang,,,18홀,tr_219794099
스톤비치,2026-09-20,06:42,120000,golfpang,,,18홀,tr_219373147
떼제베(동북),2026-09-20,06:39,110000,golfpang,,,18홀,tr_220212643
서산수,2026-09-20,06:36,220000,golfpang,,,18홀,tr_219810567
대호단양,2026-09-20,06:35,149000,golfpang,,,18홀,tr_220056170
떼제베,2026-09-20,06:32,140000,golfpang,,,18홀,tr_220212565
로얄포레,2026-09-20,06:32,139000,golfpang,,,18홀,tr_220212701
스타,2026-09-20,06:30,170000,golfpang,,,18홀,tr_220222053
킹즈락,2026-09-20,07:27,140000,golfpang,,,18홀,tr_220169979
스톤비치,2026-09-20,07:17,130000,golfpang,,,18홀,tr_219373148
프린세스,2026-09-20,06:55,145000,golfpang,,,18홀,tr_220013841
떼제베(동북),2026-09-20,07:49,140000,golfpang,,,18홀,tr_220212644
로얄포레,2026-09-20,07:42,149000,golfpang,,,18홀,tr_220212702
에스앤-퍼9,2026-09-20,06:21,80000,golfpang,,,18홀,tr_219865858
플라밍고,2026-09-20,06:20,160000,golfpang,,,18홀,tr_220106553
모나크,2026-09-20,06:18,150000,golfpang,,,18홀,tr_220218789
떼제베,2026-09-20,17:13,110000,golfpang,,,18홀,tr_220212567
블랙스톤벨포레,2026-09-20,17:51,60000,golfpang,,,18홀,tr_220118316
감곡,2026-09-20,17:45,110000,golfpang,,,18홀,tr_220212253
감곡,2026-09-20,18:13,100000,golfpang,,,18홀,tr_220212254
블랙스톤벨포레,2026-09-20,18:26,50000,golfpang,,,18홀,tr_220118317
모나크,2026-09-20,13:24,140000,golfpang,,,18홀,tr_220218791
예미지,2026-09-20,13:22,170000,golfpang,,,18홀,tr_220240480
감곡,2026-09-20,14:10,150000,golfpang,,,18홀,tr_220212252
떼제베(동북),2026-09-20,16:59,90000,golfpang,,,18홀,tr_220212645
백제,2026-09-20,14:15,120000,golfpang,,,18홀,tr_220004983
블랙스톤벨포레,2026-09-20,17:37,60000,golfpang,,,18홀,tr_220118315
보령베이스-퍼9,2026-09-20,12:17,119000,golfpang,,,18홀,tr_219794101
킹스데일,2026-09-20,12:56,170000,golfpang,,,18홀,tr_220012920
스톤비치,2026-09-20,12:48,150000,golfpang,,,18홀,tr_219373149
예미지,2026-09-20,12:47,175000,golfpang,,,18홀,tr_220240479
골프존 화랑,2026-09-20,13:13,129000,golfpang,,,18홀,tr_220236150
프린세스,2026-09-20,13:07,140000,golfpang,,,18홀,tr_220013843
모나크,2026-09-20,12:56,140000,golfpang,,,18홀,tr_220218790
백제,2026-09-20,13:33,130000,golfpang,,,18홀,tr_220004982
대영힐스,2026-09-20,11:26,135000,golfpang,,,18홀,tr_220212442
에스앤-퍼9,2026-09-20,11:21,100000,golfpang,,,18홀,tr_219865860
로얄포레,2026-09-20,11:10,139000,golfpang,,,18홀,tr_220212703
모카cc,2026-09-20,08:53,155000,golfpang,,,18홀,tr_220212783
대영베이스,2026-09-20,11:59,145000,golfpang,,,18홀,tr_220212346
솔라고,2026-09-20,11:50,160000,golfpang,,,18홀,tr_218623284
세레니티-강촌,2026-09-20,12:07,180000,golfpang,,,18홀,tr_219892095
남양주(퍼9),2026-09-20,11:47,139000,golfpang,,,18홀,tr_220106884
남춘천,2026-09-20,12:27,180000,golfpang,,,18홀,tr_220179165
남양주(퍼9),2026-09-20,07:34,149000,golfpang,,,18홀,tr_220106883
더플레이어스,2026-09-20,08:05,180000,golfpang,,,18홀,tr_219990444
샤인데일,2026-09-20,07:58,180000,golfpang,,,18홀,tr_220213055
스프링베일-퍼9,2026-09-20,08:23,110000,golfpang,,,18홀,tr_220117873
한림광릉,2026-09-20,06:10,190000,golfpang,,,18홀,tr_220255880
푸른솔포천,2026-09-20,06:00,220000,golfpang,,,18홀,tr_220009689
세레니티-강촌,2026-09-20,06:49,200000,golfpang,,,18홀,tr_219892094
더플레이어스,2026-09-20,06:41,180000,golfpang,,,18홀,tr_219990443
몽베르(대중제),2026-09-20,06:40,220000,golfpang,,,18홀,tr_219932861
스프링베일-퍼9,2026-09-20,06:38,100000,golfpang,,,18홀,tr_220117872
몽베르(대중제),2026-09-20,07:29,220000,golfpang,,,18홀,tr_219932862
샤인데일,2026-09-20,07:16,180000,golfpang,,,18홀,tr_220213054
남양주(퍼9),2026-09-20,07:07,149000,golfpang,,,18홀,tr_220106882
베스트밸리-퍼9,2026-09-20,07:01,170000,golfpang,,,18홀,tr_220212925
포천힐스,2026-09-20,07:52,240000,golfpang,,,18홀,tr_220223087
베스트밸리-퍼9,2026-09-20,07:50,170000,golfpang,,,18홀,tr_220212926
클럽모우,2026-09-20,07:47,180000,golfpang,,,18홀,tr_220197760
포천힐스,2026-09-20,06:28,220000,golfpang,,,18홀,tr_220223086
한림광릉,2026-09-20,17:24,140000,golfpang,,,18홀,tr_220255881
샤인데일,2026-09-20,17:57,70000,golfpang,,,18홀,tr_220213056
필로스,2026-09-20,17:47,120000,golfpang,,,18홀,tr_220013669
한림광릉,2026-09-20,17:45,140000,golfpang,,,18홀,tr_220255882
필로스,2026-09-20,18:07,120000,golfpang,,,18홀,tr_220013670
베스트밸리-퍼9,2026-09-20,18:02,120000,golfpang,,,18홀,tr_220212927
필로스,2026-09-20,18:27,120000,golfpang,,,18홀,tr_220013671
비콘힐스,2026-09-20,18:26,70000,golfpang,,,18홀,tr_219855682
포레스트힐,2026-09-20,18:59,110000,golfpang,,,18홀,tr_220215260
비콘힐스,2026-09-20,18:54,70000,golfpang,,,18홀,tr_219855684
포레스트힐,2026-09-20,18:52,110000,golfpang,,,18홀,tr_220215259
비콘힐스,2026-09-20,18:40,70000,golfpang,,,18홀,tr_219855683
스프링베일-퍼9,2026-09-20,13:25,95000,golfpang,,,18홀,tr_220117874
스마트KU,2026-09-20,13:21,210000,golfpang,,,18홀,tr_219889870
스마트KU,2026-09-20,14:03,200000,golfpang,,,18홀,tr_219889871
남춘천,2026-09-20,14:17,160000,golfpang,,,18홀,tr_220179166
푸른솔포천,2026-09-20,12:52,230000,golfpang,,,18홀,tr_220009690
세레니티-강촌,2026-09-20,13:17,180000,golfpang,,,18홀,tr_219892096
포천힐스,2026-09-20,13:13,200000,golfpang,,,18홀,tr_220223088
몽베르(대중제),2026-09-20,13:00,190000,golfpang,,,18홀,tr_219932863
골프존 송도(구.오렌지듄스),2026-09-20,17:56,139000,golfpang,,,18홀,tr_220221273
용인플라자,2026-09-20,17:52,140000,golfpang,,,18홀,tr_219929392
클럽72,2026-09-20,17:50,130000,golfpang,,,18홀,tr_220221061
포웰(안성)cc,2026-09-20,17:50,102000,golfpang,,,18홀,tr_220014217
리베라,2026-09-20,18:10,120000,golfpang,,,18홀,tr_219787631
그린힐,2026-09-20,18:31,90000,golfpang,,,18홀,tr_219785296
용인플라자,2026-09-20,18:26,140000,golfpang,,,18홀,tr_219929393
클럽72,2026-09-20,18:25,120000,golfpang,,,18홀,tr_220221062
그린힐,2026-09-20,19:06,90000,golfpang,,,18홀,tr_219785298
용인플라자,2026-09-20,18:48,140000,golfpang,,,18홀,tr_219929394
그린힐,2026-09-20,18:45,90000,golfpang,,,18홀,tr_219785297
아난티중앙(야간),2026-09-20,18:38,100000,golfpang,,,18홀,tr_220213517
에덴블루,2026-09-20,13:46,190000,golfpang,,,18홀,tr_220094970
세현,2026-09-20,13:44,200000,golfpang,,,18홀,tr_220213225
세현,2026-09-20,14:05,200000,golfpang,,,18홀,tr_220213226
이글몬트,2026-09-20,14:00,170000,golfpang,,,18홀,tr_220260201
골프존 안성H,2026-09-20,14:27,180000,golfpang,,,18홀,tr_220233396
리베라,2026-09-20,14:24,240000,golfpang,,,18홀,tr_219787630
마이다스레이크 이천,2026-09-20,14:24,180000,golfpang,,,18홀,tr_220242033
골프존 안성H,2026-09-20,14:20,180000,golfpang,,,18홀,tr_220233395
리베라,2026-09-20,14:17,240000,golfpang,,,18홀,tr_219787629
클럽72,2026-09-20,17:36,130000,golfpang,,,18홀,tr_220221060
360도,2026-09-20,12:15,177000,golfpang,,,18홀,tr_220212120
아세코밸리-퍼9,2026-09-20,12:44,130000,golfpang,,,18홀,tr_219892955
세현,2026-09-20,12:41,220000,golfpang,,,18홀,tr_220213224
아세코밸리-퍼9,2026-09-20,13:12,130000,golfpang,,,18홀,tr_219892956
빅토리아-퍼9,2026-09-20,11:14,114000,golfpang,,,18홀,tr_219749325
유니아일랜드,2026-09-20,10:26,170000,golfpang,,,18홀,tr_219933785
양평TPC,2026-09-20,12:26,160000,golfpang,,,18홀,tr_220250434
클럽72-오션,2026-09-20,12:25,250000,golfpang,,,18홀,tr_220129914
포웰(안성)cc,2026-09-20,08:10,231000,golfpang,,,18홀,tr_220014216
양지파인,2026-09-20,08:07,199000,golfpang,,,18홀,tr_220216902
양지파인,2026-09-20,08:30,199000,golfpang,,,18홀,tr_220216903
에덴블루,2026-09-20,08:19,219000,golfpang,,,18홀,tr_220094969
360도,2026-09-20,08:15,220000,golfpang,,,18홀,tr_220212119
빅토리아-퍼9,2026-09-20,11:42,114000,golfpang,,,18홀,tr_219749326
아세코밸리-퍼9,2026-09-20,05:37,140000,golfpang,,,18홀,tr_219892954
골프존 송도(구.오렌지듄스),2026-09-20,06:46,189000,golfpang,,,18홀,tr_220221272
유니아일랜드,2026-09-20,07:11,180000,golfpang,,,18홀,tr_219933784
에덴블루,2026-09-20,07:48,209000,golfpang,,,18홀,tr_220094968
유니아일랜드,2026-09-20,06:22,160000,golfpang,,,18홀,tr_219933783
빅토리아-퍼9,2026-09-20,06:21,114000,golfpang,,,18홀,tr_219749324
마이다스레이크 이천,2026-09-20,06:21,200000,golfpang,,,18홀,tr_220242032
포웰(안성)cc,2026-09-20,06:18,201000,golfpang,,,18홀,tr_220014215
클럽72-오션,2026-09-20,06:16,310000,golfpang,,,18홀,tr_220129913
클럽D 거창,2026-09-20,08:33,95000,golfpang,,,18홀,tr_220260752
클럽D 거창,2026-09-20,11:33,95000,golfpang,,,18홀,tr_220260753
양평TPC,2026-09-20,12:33,160000,golfpang,,,18홀,tr_220259894
양평TPC,2026-09-20,13:43,150000,golfpang,,,18홀,tr_220259895
이글몬트,2026-09-20,06:41,180000,golfpang,,,18홀,tr_220259378
이글몬트,2026-09-20,14:00,170000,golfpang,,,18홀,tr_220259379
이글몬트,2026-09-20,06:41,180000,golfpang,,,18홀,tr_220259036
이글몬트,2026-09-20,14:00,170000,golfpang,,,18홀,tr_220259037
한림용인,2026-09-20,12:15,195000,golfpang,,,18홀,tr_220038564
솔트베이,2026-09-20,12:53,230000,golfpang,,,18홀,tr_220202437
아세코밸리-퍼9,2026-09-20,12:44,130000,golfpang,,,18홀,tr_219912872
해솔리아,2026-09-20,13:05,160000,golfpang,,,18홀,tr_220126452
포웰(안성)cc,2026-09-20,13:01,172000,golfpang,,,18홀,tr_219553906
한림용인,2026-09-20,12:57,195000,golfpang,,,18홀,tr_220038565
안성베네스트(챌),2026-09-20,12:56,189000,golfpang,,,18홀,tr_220202540
골프존 안성W,2026-09-20,13:31,150000,golfpang,,,18홀,tr_220218336
에델바이스(가명),2026-09-20,13:26,170000,golfpang,,,18홀,tr_220003866
해솔리아,2026-09-20,11:27,170000,golfpang,,,18홀,tr_220126451
빅토리아-퍼9,2026-09-20,11:14,114000,golfpang,,,18홀,tr_219749678
아세코밸리-퍼9,2026-09-20,10:52,130000,golfpang,,,18홀,tr_219912871
유니아일랜드,2026-09-20,10:33,160000,golfpang,,,18홀,tr_219934159
포웰(안성)cc,2026-09-20,11:58,192000,golfpang,,,18홀,tr_219553904
솔트베이,2026-09-20,11:57,230000,golfpang,,,18홀,tr_220202435
솔트베이,2026-09-20,12:32,230000,golfpang,,,18홀,tr_220202436
히든밸리,2026-09-20,12:30,160000,golfpang,,,18홀,tr_218785668
신라,2026-09-20,07:34,200000,golfpang,,,18홀,tr_220130223
신라,2026-09-20,08:09,200000,golfpang,,,18홀,tr_220130225
신라,2026-09-20,08:02,200000,golfpang,,,18홀,tr_220130224
에덴블루,2026-09-20,07:58,209000,golfpang,,,18홀,tr_220127286
360도,2026-09-20,06:07,170000,golfpang,,,18홀,tr_220206146
골프존 안성H,2026-09-20,06:51,200000,golfpang,,,18홀,tr_220052447
골프존 안성W,2026-09-20,06:44,160000,golfpang,,,18홀,tr_220218335
에델바이스(가명),2026-09-20,06:35,180000,golfpang,,,18홀,tr_220003865
양지파인,2026-09-20,07:22,200000,golfpang,,,18홀,tr_219554637
히든밸리,2026-09-20,07:17,180000,golfpang,,,18홀,tr_218785667
유니아일랜드,2026-09-20,06:22,160000,golfpang,,,18홀,tr_219934158
빅토리아-퍼9,2026-09-20,06:21,114000,golfpang,,,18홀,tr_219749677
윈체스트,2026-09-20,17:22,170000,golfpang,,,18홀,tr_217891747
골프존 안성W,2026-09-20,17:21,120000,golfpang,,,18홀,tr_220218337
용인플라자,2026-09-20,17:17,140000,golfpang,,,18홀,tr_219553045
빅토리아-퍼9,2026-09-20,17:10,89000,golfpang,,,18홀,tr_219749679
용인플라자,2026-09-20,17:10,140000,golfpang,,,18홀,tr_219553044
아난티중앙(야간),2026-09-20,18:09,100000,golfpang,,,18홀,tr_220046048
아난티중앙(야간),2026-09-20,18:02,100000,golfpang,,,18홀,tr_220046047
리베라,2026-09-20,18:31,120000,golfpang,,,18홀,tr_219716679
그린힐,2026-09-20,18:31,90000,golfpang,,,18홀,tr_219716233
신안(병행),2026-09-20,18:31,80000,golfpang,,,18홀,tr_220037092
리베라,2026-09-20,18:24,120000,golfpang,,,18홀,tr_219716681
그린힐,2026-09-20,18:24,90000,golfpang,,,18홀,tr_219716232
그린힐,2026-09-20,18:24,90000,golfpang,,,18홀,tr_219716234
리베라,2026-09-20,18:38,120000,golfpang,,,18홀,tr_219716680
안성베네스트(챌),2026-09-20,13:24,189000,golfpang,,,18홀,tr_220202541
골프존 안성H,2026-09-20,13:24,180000,golfpang,,,18홀,tr_220052448
세현,2026-09-20,13:51,230000,golfpang,,,18홀,tr_219164127
세현,2026-09-20,13:44,230000,golfpang,,,18홀,tr_219164128
세현,2026-09-20,13:44,230000,golfpang,,,18홀,tr_219164126
안성베네스트(클),2026-09-20,14:13,179000,golfpang,,,18홀,tr_220202593
안성베네스트(클),2026-09-20,14:13,179000,golfpang,,,18홀,tr_220202594
에덴블루,2026-09-20,14:00,142500,golfpang,,,18홀,tr_220127288
에덴블루,2026-09-20,14:00,142500,golfpang,,,18홀,tr_220127287
골프존 안성H,2026-09-20,13:52,180000,golfpang,,,18홀,tr_220052449
용인플라자,2026-09-20,17:09,140000,golfpang,,,18홀,tr_219553043
윈체스트,2026-09-20,17:08,170000,golfpang,,,18홀,tr_217891746
해솔리아,2026-09-20,17:01,120000,golfpang,,,18홀,tr_220126453
아세코밸리-퍼9,2026-09-20,16:42,100000,golfpang,,,18홀,tr_219912873
윈체스트,2026-09-20,17:36,170000,golfpang,,,18홀,tr_217891748
한림용인,2026-09-20,17:31,140000,golfpang,,,18홀,tr_220038566
신안(병행),2026-09-20,17:28,90000,golfpang,,,18홀,tr_220037091
신안(병행),2026-09-20,17:28,90000,golfpang,,,18홀,tr_220037090
360도,2026-09-20,12:15,177000,golfpang,,,18홀,tr_220206147
포웰(안성)cc,2026-09-20,12:12,182000,golfpang,,,18홀,tr_219553905
양지파인,2026-09-20,12:14,180000,golfpang,,,18홀,tr_219554638
오너스,2026-09-20,12:12,170000,golfpang,,,18홀,tr_219834184
스마트KU,2026-09-20,12:46,210000,golfpang,,,18홀,tr_219369555
라싸,2026-09-20,12:46,209000,golfpang,,,18홀,tr_219834102
포레스트힐,2026-09-20,12:41,200000,golfpang,,,18홀,tr_218624397
남양주(퍼9),2026-09-20,12:40,139000,golfpang,,,18홀,tr_220107269
엘레강스(가명),2026-09-20,13:15,220000,golfpang,,,18홀,tr_220222259
강촌(비공개),2026-09-20,13:15,210000,golfpang,,,18홀,tr_220222227
몽베르(대중제),2026-09-20,13:07,190000,golfpang,,,18홀,tr_219584322
베스트밸리-퍼9,2026-09-20,13:03,150000,golfpang,,,18홀,tr_219711160
몽베르(대중제),2026-09-20,13:00,190000,golfpang,,,18홀,tr_219584321
스프링베일-퍼9,2026-09-20,13:32,95000,golfpang,,,18홀,tr_220118464
스프링베일-퍼9,2026-09-20,13:25,95000,golfpang,,,18홀,tr_220118463
포레스트힐(P6),2026-09-20,11:24,80000,golfpang,,,18홀,tr_219338309
포레스트힐(P6),2026-09-20,09:25,80000,golfpang,,,18홀,tr_219338308
세레니티-강촌,2026-09-20,12:07,180000,golfpang,,,18홀,tr_218839998
스마트KU,2026-09-20,12:04,210000,golfpang,,,18홀,tr_219369554
푸른솔포천,2026-09-20,11:49,250000,golfpang,,,18홀,tr_218720237
남양주(퍼9),2026-09-20,11:47,139000,golfpang,,,18홀,tr_220107268
포천힐스,2026-09-20,12:31,200000,golfpang,,,18홀,tr_220127977
베스트밸리-퍼9,2026-09-20,12:28,150000,golfpang,,,18홀,tr_219711159
파주타이거,2026-09-20,12:26,180000,golfpang,,,18홀,tr_219327431
포천힐스,2026-09-20,12:24,200000,golfpang,,,18홀,tr_220127976
스프링베일-퍼9,2026-09-20,07:41,110000,golfpang,,,18홀,tr_220118462
몽베르(대중제),2026-09-20,07:36,220000,golfpang,,,18홀,tr_219584320
남양주(퍼9),2026-09-20,07:34,149000,golfpang,,,18홀,tr_220107267
세레니티-강촌,2026-09-20,07:31,200000,golfpang,,,18홀,tr_218839997
더플레이어스,2026-09-20,08:05,180000,golfpang,,,18홀,tr_219990936
라싸,2026-09-20,08:33,209000,golfpang,,,18홀,tr_219834101
오너스,2026-09-20,08:28,160000,golfpang,,,18홀,tr_219834183
베스트밸리-퍼9,2026-09-20,07:29,170000,golfpang,,,18홀,tr_219711158
더플레이어스,2026-09-20,07:16,180000,golfpang,,,18홀,tr_219990937
라싸,2026-09-20,06:55,179000,golfpang,,,18홀,tr_219834100
포천힐스,2026-09-20,07:52,240000,golfpang,,,18홀,tr_220127975
샤인데일,2026-09-20,07:44,180000,golfpang,,,18홀,tr_220118218
한림광릉,2026-09-20,06:14,190000,golfpang,,,18홀,tr_220125808
한림광릉,2026-09-20,17:24,140000,golfpang,,,18홀,tr_220125809
샤인데일,2026-09-20,17:57,70000,golfpang,,,18홀,tr_220118219
필로스,2026-09-20,17:54,120000,golfpang,,,18홀,tr_219688476
필로스,2026-09-20,17:47,120000,golfpang,,,18홀,tr_219688477
필로스,2026-09-20,17:47,120000,golfpang,,,18홀,tr_219688475
샤인데일,2026-09-20,18:04,70000,golfpang,,,18홀,tr_220118220
비콘힐스,2026-09-20,18:33,70000,golfpang,,,18홀,tr_219870561
비콘힐스,2026-09-20,18:26,70000,golfpang,,,18홀,tr_219870562
포레스트힐,2026-09-20,18:17,110000,golfpang,,,18홀,tr_218624399
비콘힐스,2026-09-20,18:40,70000,golfpang,,,18홀,tr_219870563
파주타이거,2026-09-20,13:36,170000,golfpang,,,18홀,tr_219327432
엘레강스(가명),2026-09-20,13:36,230000,golfpang,,,18홀,tr_220222260
강촌(비공개),2026-09-20,13:36,210000,golfpang,,,18홀,tr_220222228
푸른솔포천,2026-09-20,14:02,210000,golfpang,,,18홀,tr_218720238
포레스트힐,2026-09-20,13:58,190000,golfpang,,,18홀,tr_218624398
파주타이거,2026-09-20,17:05,170000,golfpang,,,18홀,tr_219327433
남춘천,2026-09-20,14:24,160000,golfpang,,,18홀,tr_220127141
남춘천,2026-09-20,14:17,160000,golfpang,,,18홀,tr_220127140
한림광릉,2026-09-20,17:31,140000,golfpang,,,18홀,tr_220125810
세레니티-강촌,2026-09-20,17:25,140000,golfpang,,,18홀,tr_218839999
올데이,2026-09-20,12:34,89000,golfpang,,,18홀,tr_220203346
프린세스,2026-09-20,13:14,140000,golfpang,,,18홀,tr_219427041
백제,2026-09-20,13:12,130000,golfpang,,,18홀,tr_220006710
이븐데일,2026-09-20,13:08,100000,golfpang,,,18홀,tr_220203525
프린세스,2026-09-20,13:07,140000,golfpang,,,18홀,tr_219427040
힐데스하임,2026-09-20,13:04,150000,golfpang,,,18홀,tr_219788571
로얄포레,2026-09-20,13:02,119000,golfpang,,,18홀,tr_220203237
골프존 화랑,2026-09-20,12:59,139000,golfpang,,,18홀,tr_220115523
킹스데일,2026-09-20,12:56,170000,golfpang,,,18홀,tr_220013107
떼제베,2026-09-20,13:35,160000,golfpang,,,18홀,tr_219998185
솔라고,2026-09-20,13:35,140000,golfpang,,,18홀,tr_216646281
올데이,2026-09-20,11:31,109000,golfpang,,,18홀,tr_220203345
이븐데일,2026-09-20,11:31,109000,golfpang,,,18홀,tr_220203524
임페리얼레이크,2026-09-20,11:31,139000,golfpang,,,18홀,tr_220203382
대영힐스,2026-09-20,11:26,135000,golfpang,,,18홀,tr_220202924
대호단양,2026-09-20,11:10,169000,golfpang,,,18홀,tr_218339893
대영베이스,2026-09-20,11:59,145000,golfpang,,,18홀,tr_220202784
힐데스하임,2026-09-20,11:57,160000,golfpang,,,18홀,tr_219788572
골프존 진천,2026-09-20,12:32,149000,golfpang,,,18홀,tr_220218417
킹즈락,2026-09-20,12:29,140000,golfpang,,,18홀,tr_219321578
임페리얼레이크,2026-09-20,12:27,129000,golfpang,,,18홀,tr_220203383
로얄포레,2026-09-20,12:20,129000,golfpang,,,18홀,tr_220203238
대영힐스,2026-09-20,12:18,130000,golfpang,,,18홀,tr_220202925
솔라고,2026-09-20,07:38,140000,golfpang,,,18홀,tr_216646282
떼제베,2026-09-20,07:35,170000,golfpang,,,18홀,tr_219998184
임페리얼레이크,2026-09-20,07:35,139000,golfpang,,,18홀,tr_220203381
대영베이스,2026-09-20,07:34,145000,golfpang,,,18홀,tr_220202782
골프존 진천,2026-09-20,07:31,169000,golfpang,,,18홀,tr_220218416
감곡,2026-09-20,08:08,180000,golfpang,,,18홀,tr_219322505
대영베이스,2026-09-20,08:07,149000,golfpang,,,18홀,tr_220202783
로얄포레,2026-09-20,08:03,149000,golfpang,,,18홀,tr_220203236
킹즈락,2026-09-20,07:55,140000,golfpang,,,18홀,tr_219321577
골프존 화랑,2026-09-20,08:40,149000,golfpang,,,18홀,tr_220115521
중원,2026-09-20,08:35,160000,golfpang,,,18홀,tr_220046247
골든베이,2026-09-20,08:22,150000,golfpang,,,18홀,tr_218952769
골든베이,2026-09-20,11:39,130000,golfpang,,,18홀,tr_218952770
떼제베,2026-09-20,06:11,130000,golfpang,,,18홀,tr_219998183
대영힐스,2026-09-20,06:07,119000,golfpang,,,18홀,tr_220202923
대호단양,2026-09-20,06:49,159000,golfpang,,,18홀,tr_218339892
이븐데일,2026-09-20,07:28,129000,golfpang,,,18홀,tr_220203523
킹즈락,2026-09-20,07:27,135000,golfpang,,,18홀,tr_219321576
올데이,2026-09-20,07:14,109000,golfpang,,,18홀,tr_220203344
킹스데일,2026-09-20,07:47,180000,golfpang,,,18홀,tr_220013106
프린세스,2026-09-20,07:44,160000,golfpang,,,18홀,tr_219427039
떼제베(동북),2026-09-20,07:42,140000,golfpang,,,18홀,tr_219998218
스타,2026-09-20,06:23,160000,golfpang,,,18홀,tr_220029260
힐데스하임,2026-09-20,06:22,145000,golfpang,,,18홀,tr_219788570
세레니티cc,2026-09-20,17:59,130000,golfpang,,,18홀,tr_218839238
세레니티cc,2026-09-20,17:52,140000,golfpang,,,18홀,tr_218839237
스타,2026-09-20,17:49,90000,golfpang,,,18홀,tr_220029262
세레니티cc,2026-09-20,18:06,130000,golfpang,,,18홀,tr_218839239
골프존 진천,2026-09-20,13:49,139000,golfpang,,,18홀,tr_220218418
감곡,2026-09-20,13:49,150000,golfpang,,,18홀,tr_219322507
백제,2026-09-20,13:47,130000,golfpang,,,18홀,tr_220006711
골프존 화랑,2026-09-20,14:02,129000,golfpang,,,18홀,tr_220115522
스타,2026-09-20,13:51,140000,golfpang,,,18홀,tr_220029261
떼제베(동북),2026-09-20,16:59,90000,golfpang,,,18홀,tr_219998220
대호단양,2026-09-20,16:20,119000,golfpang,,,18홀,tr_218339894
중원,2026-09-20,12:44,140000,golfpang,,,18홀,tr_220046248
감곡,2026-09-20,12:39,170000,golfpang,,,18홀,tr_219322506
떼제베(동북),2026-09-20,12:39,120000,golfpang,,,18홀,tr_219998219
웰리힐리,2026-09-20,14:14,140000,golfpang,,,18홀,tr_218784996
벨라스톤,2026-09-20,13:35,159000,golfpang,,,18홀,tr_219822271
알프스대영,2026-09-20,13:27,99000,golfpang,,,18홀,tr_220203130
알프스대영,2026-09-20,11:07,105000,golfpang,,,18홀,tr_220203129
오로라,2026-09-20,12:11,140000,golfpang,,,18홀,tr_219886116
알펜시아명문,2026-09-20,11:56,140000,golfpang,,,18홀,tr_219553728
알펜시아700,2026-09-20,07:36,120000,golfpang,,,18홀,tr_219553692
옥스필드,2026-09-20,07:56,119000,golfpang,,,18홀,tr_220203439
동강시스타,2026-09-20,07:54,110000,golfpang,,,18홀,tr_219094424
웰리힐리,2026-09-20,08:38,190000,golfpang,,,18홀,tr_218784994
오로라,2026-09-20,08:15,150000,golfpang,,,18홀,tr_219886115
알펜시아명문,2026-09-20,08:13,150000,golfpang,,,18홀,tr_219553727
동강시스타,2026-09-20,11:43,110000,golfpang,,,18홀,tr_219094423
알프스대영,2026-09-20,06:05,95000,golfpang,,,18홀,tr_220203128
알펜시아명문,2026-09-20,06:42,120000,golfpang,,,18홀,tr_219553726
알펜시아700,2026-09-20,06:54,110000,golfpang,,,18홀,tr_219553691
벨라스톤,2026-09-20,06:28,149000,golfpang,,,18홀,tr_219822270
오로라,2026-09-20,17:10,90000,golfpang,,,18홀,tr_219886117
벨라45 마스터스,2026-09-20,17:59,85000,golfpang,,,18홀,tr_219347047
벨라45 마스터스,2026-09-20,17:59,85000,golfpang,,,18홀,tr_219347046
벨라스톤,2026-09-20,18:13,80000,golfpang,,,18홀,tr_219822272
벨라45 마스터스,2026-09-20,18:06,85000,golfpang,,,18홀,tr_219347048
옥스필드,2026-09-20,13:23,99000,golfpang,,,18홀,tr_220203441
옥스필드,2026-09-20,12:34,109000,golfpang,,,18홀,tr_220203440
알펜시아700,2026-09-20,12:42,130000,golfpang,,,18홀,tr_219553693
백제,2026-09-20,14:08,120000,golfpang,,,18홀,tr_220258381
용인(비공개),2026-09-20,13:52,180000,golfpang,,,18홀,tr_220240003
용인(비공개),2026-09-20,14:20,180000,golfpang,,,18홀,tr_220240004
용인(비공개),2026-09-20,06:46,209000,golfpang,,,18홀,tr_220240002
자유로,2026-09-20,13:37,200000,golfpang,,,18홀,tr_220002273
블루원용인,2026-09-20,17:54,135000,golfpang,,,18홀,tr_220001630
세현,2026-09-20,12:55,220000,golfpang,,,18홀,tr_220239227
세현,2026-09-20,14:05,200000,golfpang,,,18홀,tr_220239229
세현,2026-09-20,13:44,200000,golfpang,,,18홀,tr_220239228
라싸,2026-09-20,08:05,209000,golfpang,,,18홀,tr_220239002
라싸,2026-09-20,17:32,129000,golfpang,,,18홀,tr_220239004
라싸,2026-09-20,08:33,209000,golfpang,,,18홀,tr_220239003
360도,2026-09-20,12:15,177000,golfpang,,,18홀,tr_220238876
360도,2026-09-20,13:45,167000,golfpang,,,18홀,tr_220238877
골프존 안성H,2026-09-20,06:51,190000,golfpang,,,18홀,tr_220233075
골프존 안성H,2026-09-20,14:20,180000,golfpang,,,18홀,tr_220233076
리베라,2026-09-20,18:45,110000,golfpang,,,18홀,tr_220230787
리베라,2026-09-20,18:45,110000,golfpang,,,18홀,tr_220230786
그린힐,2026-09-20,18:45,90000,golfpang,,,18홀,tr_220230630
그린힐,2026-09-20,19:13,80000,golfpang,,,18홀,tr_220230631
360도,2026-09-20,06:07,170000,golfpang,,,18홀,tr_220230259
360도,2026-09-20,13:45,167000,golfpang,,,18홀,tr_220230260
파인크리크,2026-09-20,12:30,190000,golfpang,,,18홀,tr_219999421
한림용인,2026-09-20,12:30,190000,golfpang,,,18홀,tr_219999548
용인(비공개),2026-09-20,13:50,180000,golfpang,,,18홀,tr_219597682
용인(비공개),2026-09-20,06:50,209000,golfpang,,,18홀,tr_219597581
용인플라자,2026-09-20,16:50,140000,golfpang,,,18홀,tr_218959175
기흥(비공개),2026-09-20,13:00,280000,golfpang,,,18홀,tr_218990730
파인크리크,2026-09-20,13:30,180000,golfpang,,,18홀,tr_219806232
한림용인,2026-09-20,07:00,220000,golfpang,,,18홀,tr_219999518
비콘힐스,2026-09-20,18:33,70000,golfpang,,,18홀,tr_220222541
모나크,2026-09-20,13:24,140000,golfpang,,,18홀,tr_220222026
모나크,2026-09-20,18:16,90000,golfpang,,,18홀,tr_220222027
모나크,2026-09-20,12:56,140000,golfpang,,,18홀,tr_220222025
이글몬트,2026-09-20,14:00,170000,golfpang,,,18홀,tr_220221834
이글몬트,2026-09-20,06:41,190000,golfpang,,,18홀,tr_220221833
골프존 진천,2026-09-20,12:04,149000,golfpang,,,18홀,tr_220211934
골프존 진천,2026-09-20,13:13,139000,golfpang,,,18홀,tr_220211937
더플레이어스,2026-09-20,07:16,180000,golfpang,,,18홀,tr_219998676
임페리얼레이크,2026-09-20,07:00,149000,golfpang,,,18홀,tr_219065229
모카cc,2026-09-20,07:29,160000,golfpang,,,18홀,tr_219776011
올데이,2026-09-20,08:10,109000,golfpang,,,18홀,tr_219064807
알펜시아명문,2026-09-20,08:06,150000,golfpang,,,18홀,tr_219777179
더플레이어스,2026-09-20,08:05,180000,golfpang,,,18홀,tr_219998675
로얄링스,2026-09-20,08:34,160000,golfpang,,,18홀,tr_219775034
보령베이스-퍼9,2026-09-20,11:42,99000,golfpang,,,18홀,tr_219775400
올데이,2026-09-20,11:31,109000,golfpang,,,18홀,tr_219064808
에스앤-퍼9,2026-09-20,11:21,100000,golfpang,,,18홀,tr_219777375
임페리얼레이크,2026-09-20,11:17,149000,golfpang,,,18홀,tr_219065230
옥스필드,2026-09-20,11:10,129000,golfpang,,,18홀,tr_219065314
로얄포레,2026-09-20,11:10,159000,golfpang,,,18홀,tr_219064965
로얄링스,2026-09-20,12:06,160000,golfpang,,,18홀,tr_219775035
스톤비치,2026-09-20,11:45,150000,golfpang,,,18홀,tr_219776753
알펜시아명문,2026-09-20,12:17,130000,golfpang,,,18홀,tr_219777178
에덴블루,2026-09-20,12:16,150000,golfpang,,,18홀,tr_219647206
힐데스하임,2026-09-20,13:19,150000,golfpang,,,18홀,tr_219994455
떼제베,2026-09-20,13:35,170000,golfpang,,,18홀,tr_219067356
센테리움,2026-09-20,13:25,139000,golfpang,,,18홀,tr_219819018
블랙스톤벨포레,2026-09-20,13:20,170000,golfpang,,,18홀,tr_219775585
모카cc,2026-09-20,13:49,140000,golfpang,,,18홀,tr_219776012
알펜시아700,2026-09-20,13:38,90000,golfpang,,,18홀,tr_219777124
이글몬트,2026-09-20,14:00,170000,golfpang,,,18홀,tr_220130787
이글몬트,2026-09-20,13:53,170000,golfpang,,,18홀,tr_220130786
에덴블루,2026-09-20,13:53,148200,golfpang,,,18홀,tr_219647212
에스앤-퍼9,2026-09-20,16:07,60000,golfpang,,,18홀,tr_219777376
마이다스레이크 이천,2026-09-20,14:17,180000,golfpang,,,18홀,tr_220179544
옥스필드,2026-09-20,17:54,69000,golfpang,,,18홀,tr_219065315
올데이,2026-09-20,17:47,79000,golfpang,,,18홀,tr_219064809
스톤비치,2026-09-20,17:44,120000,golfpang,,,18홀,tr_219776754
임페리얼레이크,2026-09-20,18:08,79000,golfpang,,,18홀,tr_219065231
알펜시아700,2026-09-20,18:05,50000,golfpang,,,18홀,tr_219777125
블랙스톤벨포레,2026-09-20,18:05,90000,golfpang,,,18홀,tr_219775586
떼제베,2026-09-20,18:02,100000,golfpang,,,18홀,tr_219067357
로얄포레,2026-09-20,18:01,79000,golfpang,,,18홀,tr_219064966
스타,2026-09-20,18:38,80000,golfpang,,,18홀,tr_220038154
떼제베(동북),2026-09-20,18:16,80000,golfpang,,,18홀,tr_219067485
힐데스하임,2026-09-20,19:04,60000,golfpang,,,18홀,tr_219994454
보령베이스-퍼9,2026-09-20,18:54,40000,golfpang,,,18홀,tr_219775401
떼제베(동북),2026-09-20,06:25,150000,golfpang,,,18홀,tr_219067484
스타,2026-09-20,06:23,160000,golfpang,,,18홀,tr_220038153
에스앤-퍼9,2026-09-20,06:21,80000,golfpang,,,18홀,tr_219777374
보령베이스-퍼9,2026-09-20,06:01,69000,golfpang,,,18홀,tr_219775399
힐데스하임,2026-09-20,06:00,140000,golfpang,,,18홀,tr_219994453
떼제베,2026-09-20,05:57,150000,golfpang,,,18홀,tr_219067358
떼제베(동북),2026-09-20,05:57,130000,golfpang,,,18홀,tr_219067486
알펜시아700,2026-09-20,06:47,90000,golfpang,,,18홀,tr_219777123
센테리움,2026-09-20,06:46,149000,golfpang,,,18홀,tr_219819017
로얄포레,2026-09-20,06:46,159000,golfpang,,,18홀,tr_219064964
블랙스톤벨포레,2026-09-20,06:43,180000,golfpang,,,18홀,tr_219775584
알펜시아명문,2026-09-20,06:42,110000,golfpang,,,18홀,tr_219777177
옥스필드,2026-09-20,06:39,119000,golfpang,,,18홀,tr_219065313
스톤비치,2026-09-20,06:35,120000,golfpang,,,18홀,tr_219776752
골프존 송도(구.오렌지듄스),2026-09-20,17:56,139000,golfpang,,,18홀,tr_220221140
양지파인,2026-09-20,08:07,199000,golfpang,,,18홀,tr_220220102
양지파인,2026-09-20,08:30,199000,golfpang,,,18홀,tr_220220103
알프스대영,2026-09-20,07:57,109000,golfpang,,,18홀,tr_219993197
라데나,2026-09-20,07:55,240000,golfpang,,,18홀,tr_219993111
라데나,2026-09-20,11:04,240000,golfpang,,,18홀,tr_219993114
속리산cc,2026-09-20,08:46,140000,golfpang,,,18홀,tr_219937800
킹스데일,2026-09-20,06:58,180000,golfpang,,,18홀,tr_219552913
골프존 진천,2026-09-20,12:00,149000,golfpang,,,18홀,tr_220219958
알프스대영,2026-09-20,12:52,99000,golfpang,,,18홀,tr_219993206
동촌,2026-09-20,13:26,155000,golfpang,,,18홀,tr_219552891
백제,2026-09-20,14:15,120000,golfpang,,,18홀,tr_219937507
벨라스톤,2026-09-20,17:38,80000,golfpang,,,18홀,tr_219993192
베르힐(영종),2026-09-20,17:36,180000,golfpang,,,18홀,tr_219557641
속리산cc,2026-09-20,07:29,130000,golfpang,,,18홀,tr_219937599
벨라스톤,2026-09-20,06:56,150000,golfpang,,,18홀,tr_219993161
속리산cc,2026-09-20,12:00,130000,golfpang,,,18홀,tr_219552898
알프스대영,2026-09-20,07:22,99000,golfpang,,,18홀,tr_219993195
한림용인,2026-09-20,18:41,120000,golfpang,,,18홀,tr_220219404
골프존 안성W,2026-09-20,07:19,170000,golfpang,,,18홀,tr_220009681
솔트베이,2026-09-20,17:33,159000,golfpang,,,18홀,tr_218362053
포웰(안성)cc,2026-09-20,17:50,92000,golfpang,,,18홀,tr_220198769
한림용인,2026-09-20,18:13,135000,golfpang,,,18홀,tr_220036182
해솔리아,2026-09-20,18:11,110000,golfpang,,,18홀,tr_220139565
아세코밸리-퍼9,2026-09-20,18:06,100000,golfpang,,,18홀,tr_219998035
클럽72,2026-09-20,18:04,120000,golfpang,,,18홀,tr_220198573
솔트베이,2026-09-20,18:01,149000,golfpang,,,18홀,tr_218362054
포웰(안성)cc,2026-09-20,18:32,82000,golfpang,,,18홀,tr_220198770
리베라,2026-09-20,18:31,120000,golfpang,,,18홀,tr_219796196
신안(병행),2026-09-20,18:31,80000,golfpang,,,18홀,tr_219797393
그린힐,2026-09-20,18:31,90000,golfpang,,,18홀,tr_220086170
골프존 안성W,2026-09-20,18:31,120000,golfpang,,,18홀,tr_220009683
클럽72,2026-09-20,18:25,120000,golfpang,,,18홀,tr_220198574
리베라,2026-09-20,18:24,120000,golfpang,,,18홀,tr_219796195
신안(병행),2026-09-20,18:24,80000,golfpang,,,18홀,tr_219797392
그린힐,2026-09-20,19:13,80000,golfpang,,,18홀,tr_220086172
젠스필드,2026-09-20,18:52,70000,golfpang,,,18홀,tr_220198944
젠스필드,2026-09-20,18:52,70000,golfpang,,,18홀,tr_220198943
그린힐,2026-09-20,18:45,90000,golfpang,,,18홀,tr_220086171
젠스필드,2026-09-20,18:45,70000,golfpang,,,18홀,tr_220198942
신안(병행),2026-09-20,18:38,80000,golfpang,,,18홀,tr_219797394
양지파인,2026-09-20,08:22,199000,golfpang,,,18홀,tr_220195509
양지파인,2026-09-20,08:15,199000,golfpang,,,18홀,tr_220195508
유니아일랜드,2026-09-20,10:54,160000,golfpang,,,18홀,tr_219997190
유니아일랜드,2026-09-20,10:40,160000,golfpang,,,18홀,tr_219997189
해솔리아,2026-09-20,12:09,170000,golfpang,,,18홀,tr_220139564
아세코밸리-퍼9,2026-09-20,12:44,130000,golfpang,,,18홀,tr_219998034
한림용인,2026-09-20,12:57,195000,golfpang,,,18홀,tr_220036181
골프존 안성W,2026-09-20,13:31,160000,golfpang,,,18홀,tr_220009682
양평TPC,2026-09-20,13:50,160000,golfpang,,,18홀,tr_220201284
360도,2026-09-20,13:45,167000,golfpang,,,18홀,tr_220195336
이글몬트,2026-09-20,13:53,180000,golfpang,,,18홀,tr_220010360
솔트베이,2026-09-20,16:58,169000,golfpang,,,18홀,tr_218362052
리베라,2026-09-20,14:17,250000,golfpang,,,18홀,tr_219796194
유니아일랜드,2026-09-20,06:22,160000,golfpang,,,18홀,tr_219997188
포웰(안성)cc,2026-09-20,06:18,201000,golfpang,,,18홀,tr_220198768
360도,2026-09-20,06:07,170000,golfpang,,,18홀,tr_220195335
아세코밸리-퍼9,2026-09-20,05:37,140000,golfpang,,,18홀,tr_219998033
양평TPC,2026-09-20,06:52,180000,golfpang,,,18홀,tr_220201283
이글몬트,2026-09-20,06:41,210000,golfpang,,,18홀,tr_220010359
해솔리아,2026-09-20,06:35,180000,golfpang,,,18홀,tr_220139563
클럽72,2026-09-20,17:36,130000,golfpang,,,18홀,tr_220198572
한림용인,2026-09-20,06:52,210000,golfpang,,,18홀,tr_220036180
라싸,2026-09-20,17:32,129000,golfpang,,,18홀,tr_219998400
한림광릉,2026-09-20,17:31,140000,golfpang,,,18홀,tr_220036747
파주타이거,2026-09-20,17:17,170000,golfpang,,,18홀,tr_219998444
세레니티-강촌,2026-09-20,18:00,120000,golfpang,,,18홀,tr_219780417
샤인데일,2026-09-20,17:57,70000,golfpang,,,18홀,tr_220103776
한림광릉,2026-09-20,18:06,140000,golfpang,,,18홀,tr_220036748
파주타이거,2026-09-20,18:05,160000,golfpang,,,18홀,tr_219998445
베스트밸리-퍼9,2026-09-20,18:02,120000,golfpang,,,18홀,tr_219998423
남양주(퍼9),2026-09-20,18:00,109000,golfpang,,,18홀,tr_220107506
라싸,2026-09-20,18:00,119000,golfpang,,,18홀,tr_219998401
비콘힐스,2026-09-20,18:26,90000,golfpang,,,18홀,tr_219998725
파주,2026-09-20,18:23,140000,golfpang,,,18홀,tr_219998530
비콘힐스,2026-09-20,18:54,70000,golfpang,,,18홀,tr_219998727
비콘힐스,2026-09-20,18:40,70000,golfpang,,,18홀,tr_219998726
세레니티-강촌,2026-09-20,07:31,200000,golfpang,,,18홀,tr_219780415
오너스,2026-09-20,08:07,165000,golfpang,,,18홀,tr_220114911
더플레이어스,2026-09-20,08:05,180000,golfpang,,,18홀,tr_220129776
라싸,2026-09-20,08:05,209000,golfpang,,,18홀,tr_219998399
오너스,2026-09-20,08:35,165000,golfpang,,,18홀,tr_220114912
스프링베일-퍼9,2026-09-20,12:01,100000,golfpang,,,18홀,tr_219602121
베스트밸리-퍼9,2026-09-20,12:00,160000,golfpang,,,18홀,tr_219998422
엘레강스(가명),2026-09-20,11:58,220000,golfpang,,,18홀,tr_219746448
남양주(퍼9),2026-09-20,11:47,139000,golfpang,,,18홀,tr_220107505
파주,2026-09-20,12:13,210000,golfpang,,,18홀,tr_219998529
세레니티-강촌,2026-09-20,13:17,180000,golfpang,,,18홀,tr_219780416
엘레강스(가명),2026-09-20,13:15,220000,golfpang,,,18홀,tr_219746449
클럽모우,2026-09-20,13:27,165000,golfpang,,,18홀,tr_220118254
파주타이거,2026-09-20,13:50,170000,golfpang,,,18홀,tr_219998443
푸른솔포천,2026-09-20,13:41,210000,golfpang,,,18홀,tr_219998583
남춘천,2026-09-20,14:24,160000,golfpang,,,18홀,tr_220102615
남춘천,2026-09-20,14:17,160000,golfpang,,,18홀,tr_220102614
스프링베일-퍼9,2026-09-20,17:43,85000,golfpang,,,18홀,tr_219602122
한림광릉,2026-09-20,06:17,190000,golfpang,,,18홀,tr_220036746
푸른솔포천,2026-09-20,06:00,220000,golfpang,,,18홀,tr_219998582
파주,2026-09-20,07:27,290000,golfpang,,,18홀,tr_219998528
남양주(퍼9),2026-09-20,07:20,149000,golfpang,,,18홀,tr_220107484
클럽모우,2026-09-20,07:19,180000,golfpang,,,18홀,tr_220118253
샤인데일,2026-09-20,07:16,180000,golfpang,,,18홀,tr_220103774
베스트밸리-퍼9,2026-09-20,07:08,180000,golfpang,,,18홀,tr_219998421
더플레이어스,2026-09-20,07:02,180000,golfpang,,,18홀,tr_220129775
스프링베일-퍼9,2026-09-20,06:52,105000,golfpang,,,18홀,tr_219602120
샤인데일,2026-09-20,07:44,180000,golfpang,,,18홀,tr_220103775
일레븐,2026-09-20,18:05,70000,golfpang,,,18홀,tr_220165858
일레븐,2026-09-20,18:26,70000,golfpang,,,18홀,tr_220165859
힐데스하임,2026-09-20,18:19,80000,golfpang,,,18홀,tr_220179867
떼제베,2026-09-20,18:16,100000,golfpang,,,18홀,tr_220182031
프린세스,2026-09-20,18:16,85000,golfpang,,,18홀,tr_220170490
골프존 화랑,2026-09-20,18:14,65000,golfpang,,,18홀,tr_220186532
모카cc,2026-09-20,07:29,160000,golfpang,,,18홀,tr_219903731
센테리움,2026-09-20,07:56,159000,golfpang,,,18홀,tr_220037440
감곡,2026-09-20,07:54,170000,golfpang,,,18홀,tr_219969191
스톤비치,2026-09-20,11:45,150000,golfpang,,,18홀,tr_219999000
킹즈락,2026-09-20,12:08,140000,golfpang,,,18홀,tr_220170088
이븐데일,2026-09-20,12:06,109000,golfpang,,,18홀,tr_220175161
모카cc,2026-09-20,12:04,150000,golfpang,,,18홀,tr_219903732
대영베이스,2026-09-20,11:59,145000,golfpang,,,18홀,tr_220180817
대호단양,2026-09-20,11:52,169000,golfpang,,,18홀,tr_220180436
임페리얼레이크,2026-09-20,11:52,149000,golfpang,,,18홀,tr_219987539
센테리움,2026-09-20,12:29,149000,golfpang,,,18홀,tr_220037441
속리산cc,2026-09-20,12:22,130000,golfpang,,,18홀,tr_220179615
대영힐스,2026-09-20,12:18,130000,golfpang,,,18홀,tr_220181312
떼제베(동북),2026-09-20,12:53,120000,golfpang,,,18홀,tr_220182512
로얄링스,2026-09-20,12:34,160000,golfpang,,,18홀,tr_220181649
힐데스하임,2026-09-20,13:19,150000,golfpang,,,18홀,tr_220179866
로얄포레,2026-09-20,13:02,119000,golfpang,,,18홀,tr_219987692
속리산cc,2026-09-20,13:32,120000,golfpang,,,18홀,tr_220179616
골프존 진천,2026-09-20,13:35,144000,golfpang,,,18홀,tr_220183604
골프존 진천,2026-09-20,14:10,140000,golfpang,,,18홀,tr_220183605
프린세스,2026-09-20,14:03,140000,golfpang,,,18홀,tr_220170489
골프존 화랑,2026-09-20,14:02,149000,golfpang,,,18홀,tr_220186531
속리산cc,2026-09-20,14:00,120000,golfpang,,,18홀,tr_220179617
감곡,2026-09-20,13:56,150000,golfpang,,,18홀,tr_219969192
스톤비치,2026-09-20,17:44,120000,golfpang,,,18홀,tr_219999001
대영힐스,2026-09-20,06:07,119000,golfpang,,,18홀,tr_220181311
이븐데일,2026-09-20,06:52,125000,golfpang,,,18홀,tr_220175160
골프존 진천,2026-09-20,06:49,164000,golfpang,,,18홀,tr_220183603
로얄포레,2026-09-20,06:46,149000,golfpang,,,18홀,tr_219987691
킹스데일,2026-09-20,06:44,170000,golfpang,,,18홀,tr_220165549
떼제베(동북),2026-09-20,06:39,110000,golfpang,,,18홀,tr_220182511
스타,2026-09-20,06:37,170000,golfpang,,,18홀,tr_219989048
대호단양,2026-09-20,06:35,149000,golfpang,,,18홀,tr_220180435
스톤비치,2026-09-20,06:35,120000,golfpang,,,18홀,tr_219998999
골프존 화랑,2026-09-20,06:34,165000,golfpang,,,18홀,tr_220186530
프린세스,2026-09-20,06:34,145000,golfpang,,,18홀,tr_220170488
떼제베,2026-09-20,06:32,140000,golfpang,,,18홀,tr_220182029
킹즈락,2026-09-20,07:27,140000,golfpang,,,18홀,tr_220170087
임페리얼레이크,2026-09-20,07:00,139000,golfpang,,,18홀,tr_219987538
힐데스하임,2026-09-20,06:52,145000,golfpang,,,18홀,tr_220179865
킹스데일,2026-09-20,07:47,180000,golfpang,,,18홀,tr_220165550
로얄링스,2026-09-20,07:45,160000,golfpang,,,18홀,tr_220181648
대영베이스,2026-09-20,07:34,145000,golfpang,,,18홀,tr_220180816
대호단양,2026-09-20,17:23,99000,golfpang,,,18홀,tr_220180437
떼제베,2026-09-20,17:13,110000,golfpang,,,18홀,tr_220182030
스타,2026-09-20,17:56,90000,golfpang,,,18홀,tr_219989049
떼제베(동북),2026-09-20,17:55,90000,golfpang,,,18홀,tr_220182513
이븐데일,2026-09-20,17:54,65000,golfpang,,,18홀,tr_220175162
일레븐,2026-09-20,17:44,70000,golfpang,,,18홀,tr_220165857
감곡,2026-09-20,18:13,100000,golfpang,,,18홀,tr_219969193
대영베이스,2026-09-20,18:08,85000,golfpang,,,18홀,tr_220180818
임페리얼레이크,2026-09-20,18:08,69000,golfpang,,,18홀,tr_219987540
대영힐스,2026-09-20,18:06,65000,golfpang,,,18홀,tr_220181313
킹즈락,2026-09-20,18:06,80000,golfpang,,,18홀,tr_220170089
로얄포레,2026-09-20,18:29,59000,golfpang,,,18홀,tr_219987693
스타,2026-09-20,18:38,80000,golfpang,,,18홀,tr_219989050
동서울cc-퍼9,2026-09-20,18:17,40000,golfpang,,,18홀,tr_220104404
오로라,2026-09-20,18:14,80000,golfpang,,,18홀,tr_220193427
웰리힐리,2026-09-20,08:06,190000,golfpang,,,18홀,tr_219588098
알펜시아명문,2026-09-20,12:17,130000,golfpang,,,18홀,tr_220105568
오로라,2026-09-20,12:46,140000,golfpang,,,18홀,tr_220193425
알펜시아명문,2026-09-20,12:45,130000,golfpang,,,18홀,tr_220105569
옥스필드,2026-09-20,12:34,109000,golfpang,,,18홀,tr_219821345
벨라스톤,2026-09-20,13:35,140000,golfpang,,,18홀,tr_219817700
알펜시아700,2026-09-20,13:45,90000,golfpang,,,18홀,tr_220105017
웰리힐리,2026-09-20,13:54,140000,golfpang,,,18홀,tr_219588097
벨라스톤,2026-09-20,06:28,150000,golfpang,,,18홀,tr_219817699
옥스필드,2026-09-20,06:46,119000,golfpang,,,18홀,tr_219821344
알펜시아명문,2026-09-20,06:35,100000,golfpang,,,18홀,tr_220105567
알펜시아700,2026-09-20,07:29,100000,golfpang,,,18홀,tr_220105016
웰리힐리,2026-09-20,06:54,190000,golfpang,,,18홀,tr_219588096
알프스대영,2026-09-20,17:57,40000,golfpang,,,18홀,tr_220013018
오로라,2026-09-20,17:50,90000,golfpang,,,18홀,tr_220193426
벨라스톤,2026-09-20,18:13,80000,golfpang,,,18홀,tr_219817701
알펜시아700,2026-09-20,18:05,50000,golfpang,,,18홀,tr_220105018
옥스필드,2026-09-20,18:01,59000,golfpang,,,18홀,tr_219821346
동서울cc-퍼9,2026-09-20,18:38,40000,golfpang,,,18홀,tr_220104406
동서울cc-퍼9,2026-09-20,18:31,40000,golfpang,,,18홀,tr_220104405
블랙스톤벨포레,2026-09-20,18:55,50000,golfpang,,,18홀,tr_220211466
클럽72,2026-09-20,18:40,120000,golfpang,,,18홀,tr_220211460
블랙스톤벨포레,2026-09-20,18:20,50000,golfpang,,,18홀,tr_220211456
클럽72,2026-09-20,17:51,130000,golfpang,,,18홀,tr_220211452
블랙스톤벨포레,2026-09-20,17:31,60000,golfpang,,,18홀,tr_220211391
클럽72,2026-09-20,17:23,130000,golfpang,,,18홀,tr_220211390
골프존 송도(구.오렌지듄스),2026-09-20,17:15,149000,golfpang,,,18홀,tr_220211385
유니아일랜드,2026-09-20,16:53,120000,golfpang,,,18홀,tr_220211359
골프존 송도(구.오렌지듄스),2026-09-20,13:44,179000,golfpang,,,18홀,tr_220211353
골프존 송도(구.오렌지듄스),2026-09-20,07:08,189000,golfpang,,,18홀,tr_220211322
옥스필드,2026-09-20,07:56,119000,golfpang,,,18홀,tr_220209048
옥스필드,2026-09-20,18:15,59000,golfpang,,,18홀,tr_220209050
옥스필드,2026-09-20,12:34,109000,golfpang,,,18홀,tr_220209049
올데이,2026-09-20,07:14,109000,golfpang,,,18홀,tr_220209000
올데이,2026-09-20,12:20,99000,golfpang,,,18홀,tr_220209001
올데이,2026-09-20,18:08,50000,golfpang,,,18홀,tr_220209002
스타,2026-09-20,18:38,80000,golfpang,,,18홀,tr_219988421
리베라,2026-09-20,18:38,110000,golfpang,,,18홀,tr_220202001
웅포,2026-09-20,07:46,120000,golfpang,,,18홀,tr_219555483
리베라,2026-09-20,19:06,110000,golfpang,,,18홀,tr_220202002
오로라,2026-09-20,17:34,90000,golfpang,,,18홀,tr_220201789
오로라,2026-09-20,12:46,140000,golfpang,,,18홀,tr_220201788
오로라,2026-09-20,08:15,150000,golfpang,,,18홀,tr_220201787
대영베이스,2026-09-20,12:06,145000,golfpang,,,18홀,tr_220150765
남춘천,2026-09-20,14:10,170000,golfpang,,,18홀,tr_220174863
대영베이스,2026-09-20,17:01,89000,golfpang,,,18홀,tr_220150766
용인플라자,2026-09-20,17:31,140000,golfpang,,,18홀,tr_220195562
용인플라자,2026-09-20,17:10,140000,golfpang,,,18홀,tr_220195560
용인플라자,2026-09-20,17:23,140000,golfpang,,,18홀,tr_220195561
안성베네스트(클),2026-09-20,14:13,179000,golfpang,,,18홀,tr_220193295
안성베네스트(클),2026-09-20,14:13,179000,golfpang,,,18홀,tr_220193296
오로라,2026-09-20,17:18,90000,golfpang,,,18홀,tr_220190521
오로라,2026-09-20,13:28,140000,golfpang,,,18홀,tr_220190520
오로라,2026-09-20,12:25,140000,golfpang,,,18홀,tr_220190519
가평베네스트,2026-09-20,13:42,239000,golfpang,,,18홀,tr_220190505
가평베네스트,2026-09-20,12:53,250000,golfpang,,,18홀,tr_220190504
이글몬트,2026-09-20,13:53,170000,golfpang,,,18홀,tr_220190258
이글몬트,2026-09-20,06:41,190000,golfpang,,,18홀,tr_220190257
골프존 안성H,2026-09-20,14:20,180000,golfpang,,,18홀,tr_220184522
골프존 안성H,2026-09-20,06:51,200000,golfpang,,,18홀,tr_220184520
골프존 안성H,2026-09-20,13:24,180000,golfpang,,,18홀,tr_220184521
골프존 안성W,2026-09-20,13:31,160000,golfpang,,,18홀,tr_220183646
골프존 안성W,2026-09-20,07:19,170000,golfpang,,,18홀,tr_220183645
골프존 안성W,2026-09-20,17:14,130000,golfpang,,,18홀,tr_220183647
대호단양,2026-09-20,16:27,109000,golfpang,,,18홀,tr_220182781
대호단양,2026-09-20,06:07,139000,golfpang,,,18홀,tr_220182779
대호단양,2026-09-20,12:48,169000,golfpang,,,18홀,tr_220182780
스프링베일-퍼9,2026-09-20,06:38,100000,golfpang,,,18홀,tr_220182173
스프링베일-퍼9,2026-09-20,08:16,110000,golfpang,,,18홀,tr_220182174
남양주(퍼9),2026-09-20,11:47,139000,golfpang,,,18홀,tr_220182121
남양주(퍼9),2026-09-20,07:03,149000,golfpang,,,18홀,tr_220182120
남양주(퍼9),2026-09-20,13:00,139000,golfpang,,,18홀,tr_220182122
이천실크밸리,2026-09-20,17:49,90000,golfpang,,,18홀,tr_220180912
이천실크밸리,2026-09-20,07:03,160000,golfpang,,,18홀,tr_220180910
이천실크밸리,2026-09-20,08:06,190000,golfpang,,,18홀,tr_220180911
군산,2026-09-20,12:45,170000,golfpang,,,18홀,tr_220180647
군산,2026-09-20,07:40,170000,golfpang,,,18홀,tr_220180646
솔트베이,2026-09-20,18:43,149000,golfpang,,,18홀,tr_219446516
솔트베이,2026-09-20,12:46,230000,golfpang,,,18홀,tr_219446515
솔트베이,2026-09-20,05:46,260000,golfpang,,,18홀,tr_219446517
해솔리아,2026-09-20,06:49,180000,golfpang,,,18홀,tr_220149695
해솔리아,2026-09-20,07:45,180000,golfpang,,,18홀,tr_220149697
해솔리아,2026-09-20,07:24,180000,golfpang,,,18홀,tr_220149696
대영힐스,2026-09-20,12:25,130000,golfpang,,,18홀,tr_220175083
대영힐스,2026-09-20,05:39,109000,golfpang,,,18홀,tr_220175082
대영힐스,2026-09-20,18:06,65000,golfpang,,,18홀,tr_220175084
푸른솔포천,2026-09-20,12:52,220000,golfpang,,,18홀,tr_220130941
푸른솔포천,2026-09-20,13:41,210000,golfpang,,,18홀,tr_220130942
파주,2026-09-20,10:49,230000,golfpang,,,18홀,tr_220138559
파주,2026-09-20,06:17,240000,golfpang,,,18홀,tr_220138558
파주,2026-09-20,05:56,230000,golfpang,,,18홀,tr_220138557
동서울cc-퍼9,2026-09-20,18:45,40000,golfpang,,,18홀,tr_220033680
동서울cc-퍼9,2026-09-20,18:31,40000,golfpang,,,18홀,tr_220033679
동서울cc-퍼9,2026-09-20,13:59,79000,golfpang,,,18홀,tr_220033678
골프존 화랑,2026-09-20,17:39,69000,golfpang,,,18홀,tr_220107145
로얄링스,2026-09-20,12:41,120000,golfpang,,,18홀,tr_220152536
로얄링스,2026-09-20,07:38,120000,golfpang,,,18홀,tr_220152535
알프스대영,2026-09-20,12:59,99000,golfpang,,,18홀,tr_220150676
비콘힐스,2026-09-20,18:26,70000,golfpang,,,18홀,tr_220014749
비콘힐스,2026-09-20,18:33,70000,golfpang,,,18홀,tr_220014750
비콘힐스,2026-09-20,18:54,70000,golfpang,,,18홀,tr_220014751
샤인데일,2026-09-20,17:57,70000,golfpang,,,18홀,tr_220115553
샤인데일,2026-09-20,07:16,180000,golfpang,,,18홀,tr_220115552
샤인데일,2026-09-20,18:11,70000,golfpang,,,18홀,tr_220115554
떼제베,2026-09-20,17:13,110000,golfpang,,,18홀,tr_220148390
떼제베,2026-09-20,17:48,110000,golfpang,,,18홀,tr_220148391
감곡,2026-09-20,18:13,100000,golfpang,,,18홀,tr_220149003
감곡,2026-09-20,17:52,110000,golfpang,,,18홀,tr_220149002
감곡,2026-09-20,14:10,150000,golfpang,,,18홀,tr_220149001
한림광릉,2026-09-20,06:17,230000,golfpang,,,18홀,tr_220149773
한림광릉,2026-09-20,17:45,140000,golfpang,,,18홀,tr_220149775
한림광릉,2026-09-20,17:24,140000,golfpang,,,18홀,tr_220149774
블랙스톤벨포레,2026-09-20,18:26,50000,golfpang,,,18홀,tr_220149084
블랙스톤벨포레,2026-09-20,17:51,60000,golfpang,,,18홀,tr_220149083
블랙스톤벨포레,2026-09-20,17:37,60000,golfpang,,,18홀,tr_220149082
이천실크밸리,2026-09-20,07:31,170000,golfpang,,,18홀,tr_219655495
이글몬트,2026-09-20,07:30,190000,golfpang,,,18홀,tr_220128640
솔라고,2026-09-20,08:27,160000,golfpang,,,18홀,tr_219564797
클럽D 거창,2026-09-20,06:55,80000,golfpang,,,18홀,tr_219602020
킹스데일,2026-09-20,06:30,170000,golfpang,,,18홀,tr_220012848
베스트밸리-퍼9,2026-09-20,06:19,150000,golfpang,,,18홀,tr_219571688
유니아일랜드,2026-09-20,06:08,160000,golfpang,,,18홀,tr_219936969
이글몬트,2026-09-20,13:53,170000,golfpang,,,18홀,tr_220128641
푸른솔포천,2026-09-20,06:00,240000,golfpang,,,18홀,tr_218930915
알펜시아700,2026-09-20,06:54,90000,golfpang,,,18홀,tr_219871325
알펜시아700,2026-09-20,07:22,100000,golfpang,,,18홀,tr_219871326
알펜시아700,2026-09-20,08:25,110000,golfpang,,,18홀,tr_219871327
스프링베일-퍼9,2026-09-20,06:52,100000,golfpang,,,18홀,tr_220142363
스프링베일-퍼9,2026-09-20,17:15,80000,golfpang,,,18홀,tr_220142365
스프링베일-퍼9,2026-09-20,13:25,95000,golfpang,,,18홀,tr_220142364
남춘천,2026-09-20,14:24,160000,golfpang,,,18홀,tr_220130928
남춘천,2026-09-20,14:17,160000,golfpang,,,18홀,tr_220130927
베스트밸리-퍼9,2026-09-20,07:01,180000,golfpang,,,18홀,tr_220130908
베스트밸리-퍼9,2026-09-20,12:28,150000,golfpang,,,18홀,tr_220130909
베스트밸리-퍼9,2026-09-20,13:03,150000,golfpang,,,18홀,tr_220130910
스프링베일-퍼9,2026-09-20,07:41,110000,golfpang,,,18홀,tr_220129342
스프링베일-퍼9,2026-09-20,07:34,110000,golfpang,,,18홀,tr_220129341
스프링베일-퍼9,2026-09-20,06:38,100000,golfpang,,,18홀,tr_220129340
골든베이,2026-09-20,13:31,130000,golfpang,,,18홀,tr_220128999
골든베이,2026-09-20,07:47,150000,golfpang,,,18홀,tr_220128998
남양주(퍼9),2026-09-20,12:34,139000,golfpang,,,18홀,tr_220128877
남양주(퍼9),2026-09-20,13:07,139000,golfpang,,,18홀,tr_220128879
남양주(퍼9),2026-09-20,12:54,139000,golfpang,,,18홀,tr_220128878
플라밍고,2026-09-20,11:54,170000,golfpang,,,18홀,tr_220128619
플라밍고,2026-09-20,12:29,160000,golfpang,,,18홀,tr_220128620
플라밍고,2026-09-20,13:18,150000,golfpang,,,18홀,tr_220128621
오너스,2026-09-20,07:32,155000,golfpang,,,18홀,tr_220128359
오너스,2026-09-20,08:28,165000,golfpang,,,18홀,tr_220128360
감곡,2026-09-20,14:10,150000,golfpang,,,18홀,tr_220121677
감곡,2026-09-20,18:13,100000,golfpang,,,18홀,tr_220121679
감곡,2026-09-20,17:45,110000,golfpang,,,18홀,tr_220121678
파주타이거,2026-09-20,13:50,170000,golfpang,,,18홀,tr_220071012
파주타이거,2026-09-20,17:23,170000,golfpang,,,18홀,tr_220071013
파주타이거,2026-09-20,07:03,190000,golfpang,,,18홀,tr_220071011
킹스데일,2026-09-20,07:47,180000,golfpang,,,18홀,tr_220115280
킹스데일,2026-09-20,06:44,170000,golfpang,,,18홀,tr_220115278
로얄포레,2026-09-20,12:55,129000,golfpang,,,18홀,tr_219160529
골프존 화랑,2026-09-20,08:40,149000,golfpang,,,18홀,tr_220107146
골프존 화랑,2026-09-20,14:02,129000,golfpang,,,18홀,tr_220107147
웰리힐리,2026-09-20,14:54,140000,golfpang,,,18홀,tr_220103214
웰리힐리,2026-09-20,09:34,190000,golfpang,,,18홀,tr_220103213
웰리힐리,2026-09-20,14:54,140000,golfpang,,,18홀,tr_220103215
스타,2026-09-20,18:24,80000,golfpang,,,18홀,tr_219662387
솔모로,2026-09-20,13:14,180000,golfpang,,,18홀,tr_219599370
남춘천,2026-09-20,14:17,160000,golfpang,,,18홀,tr_220095178
남춘천,2026-09-20,14:24,160000,golfpang,,,18홀,tr_220095179
옥스필드,2026-09-20,07:00,119000,golfpang,,,18홀,tr_220033394
옥스필드,2026-09-20,07:49,119000,golfpang,,,18홀,tr_220033395
옥스필드,2026-09-20,06:53,119000,golfpang,,,18홀,tr_220033393
포웰(안성)cc,2026-09-20,18:25,92000,golfpang,,,18홀,tr_220087183
포웰(안성)cc,2026-09-20,08:10,231000,golfpang,,,18홀,tr_220087182
포웰(안성)cc,2026-09-20,07:00,211000,golfpang,,,18홀,tr_220087181
클럽72-오션,2026-09-20,06:16,310000,golfpang,,,18홀,tr_220087048
클럽72-오션,2026-09-20,12:25,250000,golfpang,,,18홀,tr_220087049
클럽72,2026-09-20,07:03,210000,golfpang,,,18홀,tr_220086932
클럽72,2026-09-20,06:49,200000,golfpang,,,18홀,tr_220086931
클럽72,2026-09-20,07:38,210000,golfpang,,,18홀,tr_220086933
유니아일랜드,2026-09-20,07:11,180000,golfpang,,,18홀,tr_219952623
유니아일랜드,2026-09-20,10:54,160000,golfpang,,,18홀,tr_219952625
유니아일랜드,2026-09-20,10:26,170000,golfpang,,,18홀,tr_219952624
젠스필드,2026-09-20,18:45,70000,golfpang,,,18홀,tr_220086527
젠스필드,2026-09-20,18:45,70000,golfpang,,,18홀,tr_220086526
젠스필드,2026-09-20,18:52,70000,golfpang,,,18홀,tr_220086528
모카cc,2026-09-20,07:36,170000,golfpang,,,18홀,tr_220085164
모카cc,2026-09-20,08:32,189000,golfpang,,,18홀,tr_220085165
일레븐,2026-09-20,17:51,85000,golfpang,,,18홀,tr_220084837
일레븐,2026-09-20,17:44,85000,golfpang,,,18홀,tr_220084836
일레븐,2026-09-20,17:30,85000,golfpang,,,18홀,tr_220084835
중원,2026-09-20,06:36,140000,golfpang,,,18홀,tr_220084604
중원,2026-09-20,08:35,160000,golfpang,,,18홀,tr_220084605
오로라,2026-09-20,08:15,160000,golfpang,,,18홀,tr_219871712
오로라,2026-09-20,08:36,160000,golfpang,,,18홀,tr_219871713
오로라,2026-09-20,08:01,160000,golfpang,,,18홀,tr_219871711
에덴블루,2026-09-20,13:39,190000,golfpang,,,18홀,tr_219888691
에덴블루,2026-09-20,13:46,190000,golfpang,,,18홀,tr_219888690
에덴블루,2026-09-20,11:55,210000,golfpang,,,18홀,tr_219888689
필로스,2026-09-20,18:00,120000,golfpang,,,18홀,tr_220070583
필로스,2026-09-20,17:47,120000,golfpang,,,18홀,tr_220070582
필로스,2026-09-20,18:07,120000,golfpang,,,18홀,tr_220070584
옥스필드,2026-09-20,17:19,69000,golfpang,,,18홀,tr_220055826
옥스필드,2026-09-20,05:57,99000,golfpang,,,18홀,tr_220055824
옥스필드,2026-09-20,13:23,99000,golfpang,,,18홀,tr_220055825
벨라스톤,2026-09-20,13:42,159000,golfpang,,,18홀,tr_220007562
벨라스톤,2026-09-20,06:28,149000,golfpang,,,18홀,tr_220007560
벨라스톤,2026-09-20,13:35,159000,golfpang,,,18홀,tr_220007561
알프스대영,2026-09-20,05:37,80000,golfpang,,,18홀,tr_220049395
알프스대영,2026-09-20,13:27,99000,golfpang,,,18홀,tr_220049396
알프스대영,2026-09-20,17:15,59000,golfpang,,,18홀,tr_220049397
남양주(퍼9),2026-09-20,12:40,139000,golfpang,,,18홀,tr_220038616
남양주(퍼9),2026-09-20,08:14,159000,golfpang,,,18홀,tr_220038614
남양주(퍼9),2026-09-20,11:47,139000,golfpang,,,18홀,tr_220038615
올데이,2026-09-20,08:13,129000,golfpang,,,18홀,tr_220038032
올데이,2026-09-20,11:31,109000,golfpang,,,18홀,tr_220038033
올데이,2026-09-20,07:56,129000,golfpang,,,18홀,tr_220038031
센테리움,2026-09-20,07:56,159000,golfpang,,,18홀,tr_220036863
센테리움,2026-09-20,06:46,149000,golfpang,,,18홀,tr_220036862
알펜시아명문,2026-09-20,06:35,100000,golfpang,,,18홀,tr_220036804
알펜시아명문,2026-09-20,12:17,130000,golfpang,,,18홀,tr_220036805
알펜시아명문,2026-09-20,13:06,130000,golfpang,,,18홀,tr_220036806
킹즈락,2026-09-20,07:34,140000,golfpang,,,18홀,tr_220036616
킹즈락,2026-09-20,07:55,140000,golfpang,,,18홀,tr_220036617
킹즈락,2026-09-20,06:17,120000,golfpang,,,18홀,tr_220036615
킹스데일,2026-09-20,07:47,180000,golfpang,,,18홀,tr_220036595
킹스데일,2026-09-20,06:44,170000,golfpang,,,18홀,tr_220036594
알펜시아700,2026-09-20,06:54,90000,golfpang,,,18홀,tr_220035894
알펜시아700,2026-09-20,13:52,90000,golfpang,,,18홀,tr_220035895
알펜시아700,2026-09-20,17:44,60000,golfpang,,,18홀,tr_220035896
킹스데일,2026-09-20,12:56,170000,golfpang,,,18홀,tr_220012849
한림광릉,2026-09-20,08:16,210000,golfpang,,,18홀,tr_219546382
스타,2026-09-20,18:24,80000,golfpang,,,18홀,tr_219662386
솔모로,2026-09-20,13:14,180000,golfpang,,,18홀,tr_219599371
써닝포인트,2026-09-20,08:20,245000,golfpang,,,18홀,tr_220034156
써닝포인트,2026-09-20,06:07,215000,golfpang,,,18홀,tr_220034155
써닝포인트,2026-09-20,13:33,205000,golfpang,,,18홀,tr_220034157
대영힐스,2026-09-20,18:13,55000,golfpang,,,18홀,tr_220033490
대영힐스,2026-09-20,18:13,55000,golfpang,,,18홀,tr_220033489
이븐데일,2026-09-20,08:23,135000,golfpang,,,18홀,tr_219952215
이븐데일,2026-09-20,06:52,125000,golfpang,,,18홀,tr_219952213
이븐데일,2026-09-20,07:28,129000,golfpang,,,18홀,tr_219952214
서산수,2026-09-20,06:36,220000,golfpang,,,18홀,tr_219873462
센테리움,2026-09-20,12:29,149000,golfpang,,,18홀,tr_220029496
센테리움,2026-09-20,07:56,159000,golfpang,,,18홀,tr_220029495
벨라스톤,2026-09-20,13:00,159000,golfpang,,,18홀,tr_220026332
벨라스톤,2026-09-20,18:13,80000,golfpang,,,18홀,tr_220026333
벨라스톤,2026-09-20,06:28,149000,golfpang,,,18홀,tr_220026331
라싸,2026-09-20,18:00,119000,golfpang,,,18홀,tr_220015584
라싸,2026-09-20,08:05,209000,golfpang,,,18홀,tr_220015583
라싸,2026-09-20,18:21,119000,golfpang,,,18홀,tr_220015585
여주,2026-09-20,14:07,220000,golfpang,,,18홀,tr_220015458
백제,2026-09-20,13:54,130000,golfpang,,,18홀,tr_220011695
백제,2026-09-20,14:15,120000,golfpang,,,18홀,tr_220011696
백제,2026-09-20,13:12,130000,golfpang,,,18홀,tr_220011458
백제,2026-09-20,13:47,130000,golfpang,,,18홀,tr_220011459
클럽D 거창,2026-09-20,07:23,90000,golfpang,,,18홀,tr_220011258
클럽D 거창,2026-09-20,08:12,95000,golfpang,,,18홀,tr_220011259
동서울cc-퍼9,2026-09-20,13:59,79000,golfpang,,,18홀,tr_220011181
동서울cc-퍼9,2026-09-20,08:44,79000,golfpang,,,18홀,tr_220011180
동서울cc-퍼9,2026-09-20,18:17,40000,golfpang,,,18홀,tr_220011182
벨라45 마스터스,2026-09-20,18:06,85000,golfpang,,,18홀,tr_220011031
벨라45 마스터스,2026-09-20,17:59,85000,golfpang,,,18홀,tr_220011030
벨라45 마스터스,2026-09-20,18:13,85000,golfpang,,,18홀,tr_220011032
동강시스타,2026-09-20,06:58,100000,golfpang,,,18홀,tr_220009950
동강시스타,2026-09-20,17:24,60000,golfpang,,,18홀,tr_220009952
동강시스타,2026-09-20,14:10,100000,golfpang,,,18홀,tr_220009951
골프존 진천,2026-09-20,14:10,144000,golfpang,,,18홀,tr_220003692
골프존 진천,2026-09-20,12:32,164000,golfpang,,,18홀,tr_220003690
골프존 진천,2026-09-20,13:07,154000,golfpang,,,18홀,tr_220003691
알펜시아700,2026-09-20,07:29,100000,golfpang,,,18홀,tr_219772285
알펜시아700,2026-09-20,13:31,90000,golfpang,,,18홀,tr_219772286
알펜시아명문,2026-09-20,06:42,110000,golfpang,,,18홀,tr_219772187
동서울cc-퍼9,2026-09-20,13:24,79000,golfpang,,,18홀,tr_219329894
벨라스톤,2026-09-20,13:42,140000,golfpang,,,18홀,tr_219445021
알펜시아명문,2026-09-20,08:06,150000,golfpang,,,18홀,tr_219772188
동서울cc-퍼9,2026-09-20,08:16,89000,golfpang,,,18홀,tr_219329893
웰리힐리,2026-09-20,08:30,190000,golfpang,,,18홀,tr_218564479
웰리힐리,2026-09-20,09:42,190000,golfpang,,,18홀,tr_218564477
알펜시아명문,2026-09-20,12:17,130000,golfpang,,,18홀,tr_219772189
알펜시아700,2026-09-20,12:49,100000,golfpang,,,18홀,tr_219772287
파인밸리,2026-09-20,13:02,135000,golfpang,,,18홀,tr_219152136
파인밸리,2026-09-20,13:02,135000,golfpang,,,18홀,tr_219152137
웰리힐리,2026-09-20,13:06,140000,golfpang,,,18홀,tr_218564478
더플레이어스,2026-09-20,07:16,180000,golfpang,,,18홀,tr_219991289
더플레이어스,2026-09-20,06:41,180000,golfpang,,,18홀,tr_219991288
힐데스하임,2026-09-20,06:52,150000,golfpang,,,18홀,tr_219938796
힐데스하임,2026-09-20,07:37,165000,golfpang,,,18홀,tr_219938797
힐데스하임,2026-09-20,06:30,150000,golfpang,,,18홀,tr_219938795
프린세스,2026-09-20,08:12,175000,golfpang,,,18홀,tr_219938668
프린세스,2026-09-20,06:55,160000,golfpang,,,18홀,tr_219938667
프린세스,2026-09-20,13:14,150000,golfpang,,,18홀,tr_219938669
유니아일랜드,2026-09-20,10:33,160000,golfpang,,,18홀,tr_219936970
유니아일랜드,2026-09-20,15:21,120000,golfpang,,,18홀,tr_219936971
클럽모우,2026-09-20,07:19,180000,golfpang,,,18홀,tr_219936715
클럽모우,2026-09-20,13:27,165000,golfpang,,,18홀,tr_219936716
알프스대영,2026-09-20,18:04,45000,golfpang,,,18홀,tr_219914881
알프스대영,2026-09-20,17:36,49000,golfpang,,,18홀,tr_219914880
로얄포레,2026-09-20,06:32,149000,golfpang,,,18홀,tr_219797880
로얄포레,2026-09-20,07:28,139000,golfpang,,,18홀,tr_219797881
로얄포레,2026-09-20,11:10,149000,golfpang,,,18홀,tr_219797882
보령베이스-퍼9,2026-09-20,12:10,119000,golfpang,,,18홀,tr_219797330
보령베이스-퍼9,2026-09-20,18:12,45000,golfpang,,,18홀,tr_219797331
보령베이스-퍼9,2026-09-20,05:47,59000,golfpang,,,18홀,tr_219797329
한림광릉,2026-09-20,12:27,190000,golfpang,,,18홀,tr_219900604
양평TPC,2026-09-20,12:19,170000,golfpang,,,18홀,tr_219892356
양평TPC,2026-09-20,06:59,180000,golfpang,,,18홀,tr_219892355
스마트KU,2026-09-20,14:03,200000,golfpang,,,18홀,tr_219891290
스마트KU,2026-09-20,13:21,210000,golfpang,,,18홀,tr_219891289
백제,2026-09-20,14:15,120000,golfpang,,,18홀,tr_219822585
서산수,2026-09-20,13:22,170000,golfpang,,,18홀,tr_219810627
백제,2026-09-20,12:51,130000,golfpang,,,18홀,tr_219822584
용인(비공개),2026-09-20,06:46,239000,golfpang,,,18홀,tr_219872199
용인(비공개),2026-09-20,07:07,239000,golfpang,,,18홀,tr_219872200
용인(비공개),2026-09-20,13:10,199000,golfpang,,,18홀,tr_219872201
솔라고,2026-09-20,13:14,140000,golfpang,,,18홀,tr_219806459
솔라고,2026-09-20,07:38,140000,golfpang,,,18홀,tr_219806458
알펜시아명문,2026-09-20,08:06,140000,golfpang,,,18홀,tr_219870413
알펜시아명문,2026-09-20,12:59,130000,golfpang,,,18홀,tr_219870414
알펜시아명문,2026-09-20,06:42,100000,golfpang,,,18홀,tr_219870412
임페리얼레이크,2026-09-20,11:24,149000,golfpang,,,18홀,tr_219807528
임페리얼레이크,2026-09-20,07:35,149000,golfpang,,,18홀,tr_219807527
임페리얼레이크,2026-09-20,06:46,139000,golfpang,,,18홀,tr_219807526
빅토리아-퍼9,2026-09-20,17:10,89000,golfpang,,,18홀,tr_219837231
빅토리아-퍼9,2026-09-20,07:17,114000,golfpang,,,18홀,tr_219837229
빅토리아-퍼9,2026-09-20,12:24,114000,golfpang,,,18홀,tr_219837230
필로스,2026-09-20,17:40,120000,golfpang,,,18홀,tr_219820441
필로스,2026-09-20,17:47,120000,golfpang,,,18홀,tr_219820439
필로스,2026-09-20,17:47,120000,golfpang,,,18홀,tr_219820440
서산수,2026-09-20,13:15,170000,golfpang,,,18홀,tr_219810626
벨라스톤,2026-09-20,13:56,140000,golfpang,,,18홀,tr_219817997
벨라스톤,2026-09-20,13:56,140000,golfpang,,,18홀,tr_219817996
벨라스톤,2026-09-20,13:56,140000,golfpang,,,18홀,tr_219817995
대호단양,2026-09-20,12:48,169000,golfpang,,,18홀,tr_219797487
대호단양,2026-09-20,06:35,149000,golfpang,,,18홀,tr_219797485
대호단양,2026-09-20,07:31,169000,golfpang,,,18홀,tr_219797486
엘레강스(가명),2026-09-20,13:15,210000,golfpang,,,18홀,tr_219817033
엘레강스(가명),2026-09-20,13:15,210000,golfpang,,,18홀,tr_219817034
파인스톤,2026-09-20,06:56,220000,golfpang,,,18홀,tr_219816681
파인스톤,2026-09-20,18:25,130000,golfpang,,,18홀,tr_219816683
파인스톤,2026-09-20,12:06,220000,golfpang,,,18홀,tr_219816682
포천힐스,2026-09-20,12:38,200000,golfpang,,,18홀,tr_219807488
포천힐스,2026-09-20,07:52,240000,golfpang,,,18홀,tr_219807487
포천힐스,2026-09-20,06:42,220000,golfpang,,,18홀,tr_219807486
스톤비치,2026-09-20,13:09,150000,golfpang,,,18홀,tr_219806732
스톤비치,2026-09-20,06:42,120000,golfpang,,,18홀,tr_219806730
스톤비치,2026-09-20,07:17,130000,golfpang,,,18홀,tr_219806731
세레니티cc,2026-09-20,18:34,140000,golfpang,,,18홀,tr_219798906
세레니티cc,2026-09-20,17:59,130000,golfpang,,,18홀,tr_219798904
세레니티cc,2026-09-20,18:13,130000,golfpang,,,18홀,tr_219798905
아난티중앙(야간),2026-09-20,18:11,100000,golfpang,,,18홀,tr_219798700
아난티중앙(야간),2026-09-20,17:44,110000,golfpang,,,18홀,tr_219798699
에델바이스(가명),2026-09-20,06:42,190000,golfpang,,,18홀,tr_219798498
에델바이스(가명),2026-09-20,13:05,200000,golfpang,,,18홀,tr_219798499
골든베이,2026-09-20,07:54,150000,golfpang,,,18홀,tr_219797438
골든베이,2026-09-20,07:33,150000,golfpang,,,18홀,tr_219797437
골프존 진천,2026-09-20,13:00,169000,golfpang,,,18홀,tr_219796839
골프존 진천,2026-09-20,12:04,179000,golfpang,,,18홀,tr_219796837
골프존 진천,2026-09-20,06:49,179000,golfpang,,,18홀,tr_219796838
벨라스톤,2026-09-20,13:35,140000,golfpang,,,18홀,tr_219794587
벨라스톤,2026-09-20,06:28,150000,golfpang,,,18홀,tr_219794586
솔모로,2026-09-20,13:07,180000,golfpang,,,18홀,tr_219792294
솔모로,2026-09-20,13:14,180000,golfpang,,,18홀,tr_219792295
신라,2026-09-20,13:46,170000,golfpang,,,18홀,tr_219790630
신라,2026-09-20,12:15,180000,golfpang,,,18홀,tr_219790629
프린세스,2026-09-20,13:00,140000,golfpang,,,18홀,tr_219768407
프린세스,2026-09-20,06:55,150000,golfpang,,,18홀,tr_219768406
프린세스,2026-09-20,18:02,85000,golfpang,,,18홀,tr_219768408
힐데스하임,2026-09-20,14:04,145000,golfpang,,,18홀,tr_219766192
힐데스하임,2026-09-20,18:19,80000,golfpang,,,18홀,tr_219766193
힐데스하임,2026-09-20,06:22,145000,golfpang,,,18홀,tr_219766191
에스앤-퍼9,2026-09-20,06:21,80000,golfpang,,,18홀,tr_219760384
에스앤-퍼9,2026-09-20,12:38,100000,golfpang,,,18홀,tr_219760385
에스앤-퍼9,2026-09-20,16:14,60000,golfpang,,,18홀,tr_219760386
솔라고,2026-09-20,14:03,120000,golfpang,,,18홀,tr_219757843
솔라고,2026-09-20,13:00,140000,golfpang,,,18홀,tr_219757842
속리산cc,2026-09-20,13:53,120000,golfpang,,,18홀,tr_219757687
속리산cc,2026-09-20,12:29,130000,golfpang,,,18홀,tr_219757686
속리산cc,2026-09-20,13:53,120000,golfpang,,,18홀,tr_219757688
센테리움,2026-09-20,07:14,179000,golfpang,,,18홀,tr_219750926
센테리움,2026-09-20,13:39,189000,golfpang,,,18홀,tr_219750927
세레니티cc,2026-09-20,06:23,275000,golfpang,,,18홀,tr_219750434
세레니티cc,2026-09-20,13:41,260000,golfpang,,,18홀,tr_219750435
세레니티cc,2026-09-20,17:59,130000,golfpang,,,18홀,tr_219750436
서산수,2026-09-20,13:50,170000,golfpang,,,18홀,tr_219749836
서산수,2026-09-20,13:57,170000,golfpang,,,18홀,tr_219749837
보령베이스-퍼9,2026-09-20,18:05,45000,golfpang,,,18홀,tr_219749131
보령베이스-퍼9,2026-09-20,12:10,119000,golfpang,,,18홀,tr_219749130
보령베이스-퍼9,2026-09-20,06:01,69000,golfpang,,,18홀,tr_219749129
일레븐,2026-09-20,17:16,70000,golfpang,,,18홀,tr_219747698
일레븐,2026-09-20,17:16,70000,golfpang,,,18홀,tr_219747697
일레븐,2026-09-20,17:16,70000,golfpang,,,18홀,tr_219747699
필로스,2026-09-20,17:27,120000,golfpang,,,18홀,tr_219681514
모카cc,2026-09-20,13:49,140000,golfpang,,,18홀,tr_219748165
모카cc,2026-09-20,07:29,160000,golfpang,,,18홀,tr_219748164
떼제베(동북),2026-09-20,18:09,100000,golfpang,,,18홀,tr_219746518
떼제베(동북),2026-09-20,13:28,150000,golfpang,,,18홀,tr_219746517
떼제베(동북),2026-09-20,05:57,150000,golfpang,,,18홀,tr_219746516
떼제베,2026-09-20,18:09,100000,golfpang,,,18홀,tr_219741725
떼제베,2026-09-20,13:28,150000,golfpang,,,18홀,tr_219741724
떼제베,2026-09-20,05:57,150000,golfpang,,,18홀,tr_219741723
동촌,2026-09-20,12:16,180000,golfpang,,,18홀,tr_219718342
동촌,2026-09-20,12:16,180000,golfpang,,,18홀,tr_219718343
필로스,2026-09-20,18:27,120000,golfpang,,,18홀,tr_219691561
필로스,2026-09-20,17:54,120000,golfpang,,,18홀,tr_219691560
베스트밸리-퍼9,2026-09-20,16:52,120000,golfpang,,,18홀,tr_219571689
클럽D 거창,2026-09-20,13:04,85000,golfpang,,,18홀,tr_219602021
웰리힐리,2026-09-20,07:42,190000,golfpang,,,18홀,tr_219569878
웰리힐리,2026-09-20,08:06,190000,golfpang,,,18홀,tr_219569879
웰리힐리,2026-09-20,07:10,190000,golfpang,,,18홀,tr_219569877
클럽D 거창,2026-09-20,07:58,90000,golfpang,,,18홀,tr_219619920
클럽D 거창,2026-09-20,13:11,85000,golfpang,,,18홀,tr_219619921
한림광릉,2026-09-20,17:10,150000,golfpang,,,18홀,tr_219546381
골든베이,2026-09-20,12:42,130000,golfpang,,,18홀,tr_219554716
골든베이,2026-09-20,08:08,150000,golfpang,,,18홀,tr_219554715
용인플라자,2026-09-20,17:09,140000,golfpang,,,18홀,tr_219527624
용인플라자,2026-09-20,17:17,140000,golfpang,,,18홀,tr_219527625
용인플라자,2026-09-20,17:30,140000,golfpang,,,18홀,tr_219527626
스마트KU,2026-09-20,14:03,200000,golfpang,,,18홀,tr_219368337
스마트KU,2026-09-20,12:04,210000,golfpang,,,18홀,tr_219368336
알프스대영,2026-09-20,18:18,40000,golfpang,,,18홀,tr_219595817
알프스대영,2026-09-20,18:18,40000,golfpang,,,18홀,tr_219595818
웰리힐리,2026-09-20,08:38,190000,golfpang,,,18홀,tr_219555733
웰리힐리,2026-09-20,13:54,140000,golfpang,,,18홀,tr_219555734
웰리힐리,2026-09-20,08:06,190000,golfpang,,,18홀,tr_219555732
힐데스하임,2026-09-20,13:34,150000,golfpang,,,18홀,tr_219444781
힐데스하임,2026-09-20,14:04,145000,golfpang,,,18홀,tr_219444782
힐데스하임,2026-09-20,06:30,150000,golfpang,,,18홀,tr_219444780
자유로,2026-09-20,13:30,200000,golfpang,,,18홀,tr_219546533
세레니티-강촌,2026-09-20,07:45,200000,golfpang,,,18홀,tr_218911595
스프링베일-퍼9,2026-09-20,06:52,105000,golfpang,,,18홀,tr_219588343
자유로,2026-09-20,13:37,200000,golfpang,,,18홀,tr_219546534
파주타이거,2026-09-20,12:26,180000,golfpang,,,18홀,tr_219526306
세레니티-강촌,2026-09-20,11:53,180000,golfpang,,,18홀,tr_218911596
스프링베일-퍼9,2026-09-20,17:15,85000,golfpang,,,18홀,tr_219588345
세레니티-강촌,2026-09-20,17:25,140000,golfpang,,,18홀,tr_218911597
파주타이거,2026-09-20,13:36,170000,golfpang,,,18홀,tr_219526313
스프링베일-퍼9,2026-09-20,11:40,100000,golfpang,,,18홀,tr_219588344
용인플라자,2026-09-20,17:09,140000,golfpang,,,18홀,tr_219527858
빅토리아-퍼9,2026-09-20,17:03,89000,golfpang,,,18홀,tr_219556418
빅토리아-퍼9,2026-09-20,11:14,114000,golfpang,,,18홀,tr_219556417
빅토리아-퍼9,2026-09-20,06:49,114000,golfpang,,,18홀,tr_219556416
용인플라자,2026-09-20,17:30,140000,golfpang,,,18홀,tr_219527860
용인플라자,2026-09-20,17:10,140000,golfpang,,,18홀,tr_219527859
대영베이스,2026-09-20,18:21,65000,golfpang,,,18홀,tr_219470404
대영베이스,2026-09-20,18:21,65000,golfpang,,,18홀,tr_219470403
파주타이거,2026-09-20,12:26,180000,golfpang,,,18홀,tr_219568249
파주타이거,2026-09-20,17:05,170000,golfpang,,,18홀,tr_219568250
파주타이거,2026-09-20,13:43,170000,golfpang,,,18홀,tr_219568248
감곡,2026-09-20,18:06,100000,golfpang,,,18홀,tr_219444552
솔라고,2026-09-20,14:03,120000,golfpang,,,18홀,tr_219564798
감곡,2026-09-20,13:49,150000,golfpang,,,18홀,tr_219444551
속리산cc,2026-09-20,12:15,130000,golfpang,,,18홀,tr_219493333
대영베이스,2026-09-20,18:08,69000,golfpang,,,18홀,tr_219493088
대영베이스,2026-09-20,18:08,69000,golfpang,,,18홀,tr_219493089
대영힐스,2026-09-20,12:05,139000,golfpang,,,18홀,tr_219492020
대영힐스,2026-09-20,06:21,119000,golfpang,,,18홀,tr_219492019
용인플라자,2026-09-20,17:09,140000,golfpang,,,18홀,tr_219527390
용인,2026-09-20,12:07,150000,golfpang,,,18홀,tr_219528003
용인,2026-09-20,08:00,160000,golfpang,,,18홀,tr_219527933
용인플라자,2026-09-20,17:09,140000,golfpang,,,18홀,tr_219527391
용인플라자,2026-09-20,17:09,140000,golfpang,,,18홀,tr_219527389
속리산cc,2026-09-20,13:11,120000,golfpang,,,18홀,tr_219493354
대영베이스,2026-09-20,17:28,79000,golfpang,,,18홀,tr_219493087
대영힐스,2026-09-20,17:24,69000,golfpang,,,18홀,tr_219492021
클럽72,2026-09-20,06:21,220000,golfpang,,,18홀,tr_219493939
클럽72,2026-09-20,17:36,140000,golfpang,,,18홀,tr_219493941
클럽72,2026-09-20,13:19,190000,golfpang,,,18홀,tr_219493940
클럽72-오션,2026-09-20,13:42,250000,golfpang,,,18홀,tr_219493842
클럽72-오션,2026-09-20,06:44,310000,golfpang,,,18홀,tr_219493841
포웰(안성)cc,2026-09-20,13:01,172000,golfpang,,,18홀,tr_219491571
포웰(안성)cc,2026-09-20,18:04,121000,golfpang,,,18홀,tr_219491572
포웰(안성)cc,2026-09-20,12:12,182000,golfpang,,,18홀,tr_219491570
오로라,2026-09-20,17:10,105000,golfpang,,,18홀,tr_219471731
오로라,2026-09-20,18:06,90000,golfpang,,,18홀,tr_219471732
알프스대영,2026-09-20,18:11,40000,golfpang,,,18홀,tr_219447303
벨라스톤,2026-09-20,13:21,140000,golfpang,,,18홀,tr_219428245
알프스대영,2026-09-20,06:26,85000,golfpang,,,18홀,tr_219447297
알프스대영,2026-09-20,12:59,99000,golfpang,,,18홀,tr_219447290
양평TPC,2026-09-20,08:16,220000,golfpang,,,18홀,tr_219470416
양평TPC,2026-09-20,12:05,200000,golfpang,,,18홀,tr_219470417
신안(병행),2026-09-20,17:42,90000,golfpang,,,18홀,tr_219445622
신안(병행),2026-09-20,18:24,80000,golfpang,,,18홀,tr_219445624
신안(병행),2026-09-20,18:10,80000,golfpang,,,18홀,tr_219445623
벨라스톤,2026-09-20,17:17,80000,golfpang,,,18홀,tr_219428247
벨라스톤,2026-09-20,13:21,140000,golfpang,,,18홀,tr_219428246
빅토리아-퍼9,2026-09-20,17:03,89000,golfpang,,,18홀,tr_219395231
빅토리아-퍼9,2026-09-20,11:14,114000,golfpang,,,18홀,tr_219395229
빅토리아-퍼9,2026-09-20,12:03,114000,golfpang,,,18홀,tr_219395230
솔모로,2026-09-20,12:53,270000,golfpang,,,18홀,tr_219394854
솔모로,2026-09-20,08:42,270000,golfpang,,,18홀,tr_219394853
벨라45 마스터스,2026-09-20,17:59,85000,golfpang,,,18홀,tr_219394097
벨라45 마스터스,2026-09-20,17:45,85000,golfpang,,,18홀,tr_219394096
벨라45 마스터스,2026-09-20,18:13,85000,golfpang,,,18홀,tr_219394098
킹스데일,2026-09-20,07:33,190000,golfpang,,,18홀,tr_219344978
킹스데일,2026-09-20,06:37,180000,golfpang,,,18홀,tr_219344977
푸른솔포천,2026-09-20,14:02,210000,golfpang,,,18홀,tr_218930916
파인스톤,2026-09-20,17:43,130000,golfpang,,,18홀,tr_218930232
파인스톤,2026-09-20,17:08,140000,golfpang,,,18홀,tr_218930230
파인스톤,2026-09-20,18:39,120000,golfpang,,,18홀,tr_218930231
예미지,2026-09-20,12:47,175000,golfpang,,,18홀,tr_219327357
예미지,2026-09-20,13:22,170000,golfpang,,,18홀,tr_219327358
속리산cc,2026-09-20,13:11,130000,golfpang,,,18홀,tr_219008820
