course_name,play_date,tee_time,green_fee,source,booking_url,slots,hole_info,row_id
해솔리아,2026-09-20,17:15,120000,golfpang,,,18홀,tr_220421459
리베라,2026-09-20,17:28,120000,golfpang,,,18홀,tr_220345237
리베라,2026-09-20,17:28,120000,golfpang,,,18홀,tr_220502868
해솔리아,2026-09-20,17:22,120000,golfpang,,,18홀,tr_220503521
골프존 안성W,2026-09-20,14:06,140000,golfpang,,,18홀,tr_220414741
빅토리아-퍼9,2026-09-20,13:20,114000,golfpang,,,18홀,tr_220375390
리베라,2026-09-20,18:31,110000,golfpang,,,18홀,tr_220202000
에덴블루,2026-09-20,12:40,150000,golfpang,,,18홀,tr_220328280
신안(병행),2026-09-20,18:10,80000,golfpang,,,18홀,tr_219741877
포웰(안성)cc,2026-09-20,12:52,162000,golfpang,,,18홀,tr_220563786
젠스필드,2026-09-20,17:42,90000,golfpang,,,18홀,tr_219795852
해솔리아,2026-09-20,17:01,120000,golfpang,,,18홀,tr_220088801
양지파인,2026-09-20,12:51,160000,golfpang,,,18홀,tr_220486365
신안,2026-09-20,19:20,80000,golfpang,,,18홀,tr_220278957
한림용인,2026-09-20,17:31,125000,golfpang,,,18홀,tr_220563147
리베라,2026-09-20,18:10,120000,golfpang,,,18홀,tr_220207145
한림용인,2026-09-20,14:07,165000,golfpang,,,18홀,tr_220420367
이글몬트,2026-09-20,13:46,170000,golfpang,,,18홀,tr_220260118
그린힐,2026-09-20,18:10,90000,golfpang,,,18홀,tr_220345468
양지파인,2026-09-20,12:14,170000,golfpang,,,18홀,tr_220485323
아세코밸리-퍼9,2026-09-20,12:37,130000,golfpang,,,18홀,tr_220327560
양평TPC,2026-09-20,14:04,150000,golfpang,,,18홀,tr_220431299
한림용인,2026-09-20,13:32,170000,golfpang,,,18홀,tr_220420393
리베라,2026-09-20,18:31,110000,golfpang,,,18홀,tr_220547236
신안(병행),2026-09-20,17:28,90000,golfpang,,,18홀,tr_220502636
골프존 안성W,2026-09-20,13:24,150000,golfpang,,,18홀,tr_220555760
그린힐,2026-09-20,19:13,80000,golfpang,,,18홀,tr_220239432
젠스필드,2026-09-20,18:38,75000,golfpang,,,18홀,tr_220402290
신안,2026-09-20,19:13,80000,golfpang,,,18홀,tr_220288879
리베라,2026-09-20,17:56,120000,golfpang,,,18홀,tr_220230785
그린힐,2026-09-20,18:24,90000,golfpang,,,18홀,tr_220230629
그린힐,2026-09-20,18:45,80000,golfpang,,,18홀,tr_220401982
해솔리아,2026-09-20,17:22,120000,golfpang,,,18홀,tr_220129640
비에이비스타(퍼),2026-09-20,12:01,130000,golfpang,,,18홀,tr_218558264
비에이비스타(퍼),2026-09-20,18:20,110000,golfpang,,,18홀,tr_218558332
블루원용인(퍼),2026-09-20,17:47,90000,golfpang,,,18홀,tr_220504641
블루원용인(퍼),2026-09-20,13:52,140000,golfpang,,,18홀,tr_218778363
용인(비공개명문),2026-09-20,13:59,210000,golfpang,,,18홀,tr_218747862
비에이비스타,2026-09-20,13:32,160000,golfpang,,,18홀,tr_218336906
비에이비스타,2026-09-20,17:59,100000,golfpang,,,18홀,tr_218559283
블루원용인,2026-09-20,18:15,120000,golfpang,,,18홀,tr_220441281
골프클럽Q,2026-09-20,07:03,170000,golfpang,,,18홀,tr_220523391
해솔리아,2026-09-20,07:17,170000,golfpang,,,18홀,tr_220502772
골프존 안성W,2026-09-20,17:42,100000,golfpang,,,18홀,tr_220548514
골프존 안성H,2026-09-20,14:20,180000,golfpang,,,18홀,tr_220504543
베르힐(영종),2026-09-20,18:18,160000,golfpang,,,18홀,tr_220209835
골프클럽Q,2026-09-20,13:14,160000,golfpang,,,18홀,tr_220301705
유니아일랜드,2026-09-20,11:01,170000,golfpang,,,18홀,tr_218837957
그린힐,2026-09-20,18:31,90000,golfpang,,,18홀,tr_220219361
써닝포인트,2026-09-20,18:18,135000,golfpang,,,18홀,tr_219327293
포웰(안성)cc,2026-09-20,18:46,75000,golfpang,,,18홀,tr_220502510
솔트베이,2026-09-20,18:43,149000,golfpang,,,18홀,tr_220085425
골프존 송도(구.오렌지듄스),2026-09-20,18:38,129000,golfpang,,,18홀,tr_220496965
포웰(안성)cc,2026-09-20,19:35,65000,golfpang,,,18홀,tr_220502511
에덴블루,2026-09-20,17:29,150000,golfpang,,,18홀,tr_219073934
리베라,2026-09-20,17:28,120000,golfpang,,,18홀,tr_220502869
한림용인,2026-09-20,17:24,135000,golfpang,,,18홀,tr_220499753
골프존 안성W,2026-09-20,17:43,100000,golfpang,,,18홀,tr_220497027
클럽72,2026-09-20,17:36,130000,golfpang,,,18홀,tr_220208879
아난티중앙(야간),2026-09-20,18:02,100000,golfpang,,,18홀,tr_220497131
이천실크밸리,2026-09-20,17:56,75000,golfpang,,,18홀,tr_220502525
클럽72-오션,2026-09-20,12:11,250000,golfpang,,,18홀,tr_219995480
아세코밸리-퍼9,2026-09-20,12:51,130000,golfpang,,,18홀,tr_220497141
세현,2026-09-20,13:44,200000,golfpang,,,18홀,tr_220497039
아세코밸리-퍼9,2026-09-20,16:28,100000,golfpang,,,18홀,tr_220497142
360도,2026-09-20,06:45,170000,golfpang,,,18홀,tr_220560364
양평TPC,2026-09-20,06:38,170000,golfpang,,,18홀,tr_220502602
360도,2026-09-20,06:22,160000,golfpang,,,18홀,tr_220560363
클럽72-오션,2026-09-20,06:09,310000,golfpang,,,18홀,tr_219995481
양지파인,2026-09-20,08:15,199000,golfpang,,,18홀,tr_220499677
포웰(안성)cc,2026-09-20,07:49,165000,golfpang,,,18홀,tr_220502509
아세코밸리-퍼9,2026-09-20,06:54,140000,golfpang,,,18홀,tr_220497140
골프존 송도(구.오렌지듄스),2026-09-20,18:17,139000,golfpang,,,18홀,tr_220496964
양평TPC,2026-09-20,08:16,180000,golfpang,,,18홀,tr_220502601
골드,2026-09-20,18:01,119000,golfpang,,,18홀,tr_177733446
코리아,2026-09-20,18:15,129000,golfpang,,,18홀,tr_161835793
골프클럽Q,2026-09-20,13:00,160000,golfpang,,,18홀,tr_220504286
용인(비공개),2026-09-20,13:59,210000,golfpang,,,18홀,tr_220563999
클럽72,2026-09-20,18:18,120000,golfpang,,,18홀,tr_220439691
비에이비스타(퍼),2026-09-20,18:13,110000,golfpang,,,18홀,tr_220437369
해솔리아,2026-09-20,18:04,110000,golfpang,,,18홀,tr_220522091
인천그랜드,2026-09-20,18:00,159000,golfpang,,,18홀,tr_220521697
한림용인,2026-09-20,17:31,125000,golfpang,,,18홀,tr_220563299
골프존 안성W,2026-09-20,17:35,100000,golfpang,,,18홀,tr_220504594
골프클럽Q,2026-09-20,13:00,160000,golfpang,,,18홀,tr_220518897
써닝포인트,2026-09-20,18:11,135000,golfpang,,,18홀,tr_220521602
신안(병행),2026-09-20,18:31,80000,golfpang,,,18홀,tr_220521578
베르힐(영종),2026-09-20,18:18,160000,golfpang,,,18홀,tr_220521311
그린힐,2026-09-20,18:52,80000,golfpang,,,18홀,tr_220521300
리베라,2026-09-20,18:45,110000,golfpang,,,18홀,tr_220521303
솔트베이,2026-09-20,18:43,149000,golfpang,,,18홀,tr_220521553
골프존 송도(구.오렌지듄스),2026-09-20,18:17,139000,golfpang,,,18홀,tr_220504710
한림용인,2026-09-20,18:13,133000,golfpang,,,18홀,tr_220563173
남이천(비공개),2026-09-20,17:59,100000,golfpang,,,18홀,tr_219555775
양평TPC,2026-09-20,13:57,150000,golfpang,,,18홀,tr_220437227
한림용인,2026-09-20,17:31,135000,golfpang,,,18홀,tr_220504538
용인플라자,2026-09-20,17:20,120000,golfpang,,,18홀,tr_220181417
빅토리아-퍼9,2026-09-20,17:45,89000,golfpang,,,18홀,tr_220504401
더크로스비,2026-09-20,13:09,180000,golfpang,,,18홀,tr_220563096
한림용인,2026-09-20,18:06,125000,golfpang,,,18홀,tr_220504542
비에이비스타(퍼),2026-09-20,12:50,150000,golfpang,,,18홀,tr_220563058
골프클럽Q,2026-09-20,18:22,110000,golfpang,,,18홀,tr_220504308
그린힐,2026-09-20,18:52,80000,golfpang,,,18홀,tr_220563963
그린힐,2026-09-20,19:20,80000,golfpang,,,18홀,tr_220563965
그린힐,2026-09-20,19:13,80000,golfpang,,,18홀,tr_220563964
유니아일랜드,2026-09-20,16:20,120000,golfpang,,,18홀,tr_218986126
360도,2026-09-20,13:40,167000,golfpang,,,18홀,tr_219139664
클럽72,2026-09-20,18:39,120000,golfpang,,,18홀,tr_220504498
베르힐(영종),2026-09-20,18:18,160000,golfpang,,,18홀,tr_220398887
솔트베이,2026-09-20,18:50,149000,golfpang,,,18홀,tr_220504459
골프존 송도(구.오렌지듄스),2026-09-20,18:52,129000,golfpang,,,18홀,tr_220499760
리베라,2026-09-20,18:52,110000,golfpang,,,18홀,tr_220504327
그린힐,2026-09-20,18:52,80000,golfpang,,,18홀,tr_220504322
해솔리아,2026-09-20,13:47,150000,golfpang,,,18홀,tr_220399669
그린힐,2026-09-20,18:38,90000,golfpang,,,18홀,tr_219621920
그린힐,2026-09-20,18:38,90000,golfpang,,,18홀,tr_220125190
그린힐,2026-09-20,18:38,90000,golfpang,,,18홀,tr_220125189
리베라,2026-09-20,19:06,110000,golfpang,,,18홀,tr_220500829
젠스필드,2026-09-20,17:42,90000,golfpang,,,18홀,tr_219795971
젠스필드,2026-09-20,17:42,90000,golfpang,,,18홀,tr_219795970
빅토리아-퍼9,2026-09-20,18:06,-1,golfpang,,,18홀,tr_220496295
에덴블루,2026-09-20,12:40,150000,golfpang,,,18홀,tr_220289453
에덴블루,2026-09-20,12:40,150000,golfpang,,,18홀,tr_220328281
해솔리아,2026-09-20,12:16,160000,golfpang,,,18홀,tr_220470887
해솔리아,2026-09-20,12:16,160000,golfpang,,,18홀,tr_220470885
포웰(안성)cc,2026-09-20,12:52,162000,golfpang,,,18홀,tr_220560884
포웰(안성)cc,2026-09-20,12:52,162000,golfpang,,,18홀,tr_220563787
클럽72,2026-09-20,13:28,210000,golfpang,,,18홀,tr_220499053
그린힐,2026-09-20,18:52,80000,golfpang,,,18홀,tr_220498543
세현,2026-09-20,13:58,200000,golfpang,,,18홀,tr_220501007
양평TPC,2026-09-20,12:40,160000,golfpang,,,18홀,tr_220400127
양평TPC,2026-09-20,06:52,170000,golfpang,,,18홀,tr_220400097
인천그랜드,2026-09-20,18:00,159000,golfpang,,,18홀,tr_220494052
한림용인,2026-09-20,17:24,125000,golfpang,,,18홀,tr_220211384
포웰(안성)cc,2026-09-20,19:56,65000,golfpang,,,18홀,tr_220504536
비에이비스타,2026-09-20,13:32,160000,golfpang,,,18홀,tr_218604096
양평TPC,2026-09-20,13:57,150000,golfpang,,,18홀,tr_220469137
클럽72,2026-09-20,13:40,190000,golfpang,,,18홀,tr_220468899
한림용인,2026-09-20,17:31,138000,golfpang,,,18홀,tr_220469634
비에이비스타(퍼),2026-09-20,12:08,150000,golfpang,,,18홀,tr_220468386
더크로스비,2026-09-20,11:45,187000,golfpang,,,18홀,tr_220468184
솔모로,2026-09-20,13:56,170000,golfpang,,,18홀,tr_220476571
블루원용인,2026-09-20,18:00,120000,golfpang,,,18홀,tr_218113946
블루원용인,2026-09-20,18:30,110000,golfpang,,,18홀,tr_219160160
솔모로,2026-09-20,13:49,170000,golfpang,,,18홀,tr_219817856
골프존 안성H,2026-09-20,14:20,180000,golfpang,,,18홀,tr_220499776
화성,2026-09-20,16:26,90000,golfpang,,,18홀,tr_220504620
써닝포인트,2026-09-20,18:18,145000,golfpang,,,18홀,tr_220504462
에덴블루,2026-09-20,18:49,89900,golfpang,,,18홀,tr_220504464
에덴블루,2026-09-20,19:17,79900,golfpang,,,18홀,tr_220504466
인천그랜드,2026-09-20,18:00,159000,golfpang,,,18홀,tr_220504494
골프존 송도(구.오렌지듄스),2026-09-20,18:17,139000,golfpang,,,18홀,tr_220499737
베르힐(영종),2026-09-20,17:50,170000,golfpang,,,18홀,tr_220398905
클럽72,2026-09-20,17:50,130000,golfpang,,,18홀,tr_220504497
골프존 안성W,2026-09-20,17:35,100000,golfpang,,,18홀,tr_220502441
베르힐(영종),2026-09-20,17:29,180000,golfpang,,,18홀,tr_220504377
용인플라자,2026-09-20,17:20,120000,golfpang,,,18홀,tr_220057882
클럽72,2026-09-20,18:20,120000,golfpang,,,18홀,tr_220563924
골프존 안성W,2026-09-20,12:56,150000,golfpang,,,18홀,tr_220476746
신안,2026-09-20,18:17,100000,golfpang,,,18홀,tr_219944268
골프존 송도(구.오렌지듄스),2026-09-20,13:22,179000,golfpang,,,18홀,tr_218604244
유니아일랜드,2026-09-20,16:40,120000,golfpang,,,18홀,tr_220205372
양지파인,2026-09-20,13:40,150000,golfpang,,,18홀,tr_219348348
아세코밸리-퍼9,2026-09-20,17:00,80000,golfpang,,,18홀,tr_220485098
포웰(안성)cc,2026-09-20,19:35,65000,golfpang,,,18홀,tr_220398293
포웰(안성)cc,2026-09-20,13:08,152000,golfpang,,,18홀,tr_220563215
그린힐,2026-09-20,14:00,157000,golfpang,,,18홀,tr_218985014
스카이밸리,2026-09-20,14:00,177000,golfpang,,,18홀,tr_219807332
해솔리아,2026-09-20,12:37,160000,golfpang,,,18홀,tr_220562651
그린힐,2026-09-20,13:50,157000,golfpang,,,18홀,tr_220522335
해솔리아,2026-09-20,12:37,160000,golfpang,,,18홀,tr_220563909
용인플라자,2026-09-20,17:20,120000,golfpang,,,18홀,tr_220560034
양지파인,2026-09-20,12:51,160000,golfpang,,,18홀,tr_220349243
클럽72,2026-09-20,18:25,120000,golfpang,,,18홀,tr_220417702
클럽72,2026-09-20,17:50,130000,golfpang,,,18홀,tr_219952354
솔모로,2026-09-20,13:56,170000,golfpang,,,18홀,tr_220561415
한림용인,2026-09-20,17:24,125000,golfpang,,,18홀,tr_220561392
아세코밸리-퍼9,2026-09-20,17:45,80000,golfpang,,,18홀,tr_220561236
골프존 안성W,2026-09-20,17:42,100000,golfpang,,,18홀,tr_220561040
클럽72,2026-09-20,17:57,130000,golfpang,,,18홀,tr_220561281
해솔리아,2026-09-20,17:57,120000,golfpang,,,18홀,tr_220561414
포웰(안성)cc,2026-09-20,13:08,152000,golfpang,,,18홀,tr_220561365
베르힐(영종),2026-09-20,17:29,180000,golfpang,,,18홀,tr_220561129
골프존 안성W,2026-09-20,14:10,140000,golfpang,,,18홀,tr_220560958
골프존 안성H,2026-09-20,14:20,180000,golfpang,,,18홀,tr_220560827
360도,2026-09-20,06:22,160000,golfpang,,,18홀,tr_220560802
신안(병행),2026-09-20,18:31,80000,golfpang,,,18홀,tr_220561196
솔트베이,2026-09-20,05:46,229000,golfpang,,,18홀,tr_220561177
남이천(비공개),2026-09-20,06:21,200000,golfpang,,,18홀,tr_220400641
써닝포인트,2026-09-20,18:00,135000,golfpang,,,18홀,tr_220563903
클럽72,2026-09-20,17:30,130000,golfpang,,,18홀,tr_220563899
솔모로,2026-09-20,13:49,170000,golfpang,,,18홀,tr_220008721
골프존 송도(구.오렌지듄스),2026-09-20,18:24,139000,golfpang,,,18홀,tr_220195566
골프존 안성W,2026-09-20,12:56,150000,golfpang,,,18홀,tr_220441398
비에이비스타,2026-09-20,12:43,160000,golfpang,,,18홀,tr_220563657
골프존 송도(구.오렌지듄스),2026-09-20,13:29,179000,golfpang,,,18홀,tr_220440461
비에이비스타(퍼),2026-09-20,18:13,85000,golfpang,,,18홀,tr_220561512
에덴블루,2026-09-20,14:00,142500,golfpang,,,18홀,tr_220502364
에덴블루,2026-09-20,07:58,209000,golfpang,,,18홀,tr_220502363
에덴블루,2026-09-20,17:50,99900,golfpang,,,18홀,tr_220502366
골프존 송도(구.오렌지듄스),2026-09-20,17:30,139000,golfpang,,,18홀,tr_220563893
양평TPC,2026-09-20,08:16,180000,golfpang,,,18홀,tr_220431455
양평TPC,2026-09-20,14:11,150000,golfpang,,,18홀,tr_220431456
안성베네스트(챌),2026-09-20,13:52,169000,golfpang,,,18홀,tr_220522012
안성베네스트(챌),2026-09-20,07:47,199000,golfpang,,,18홀,tr_220522011
양지파인,2026-09-20,08:15,199000,golfpang,,,18홀,tr_220503684
양지파인,2026-09-20,08:15,199000,golfpang,,,18홀,tr_220503685
클럽72,2026-09-20,18:18,120000,golfpang,,,18홀,tr_220563497
비에이비스타(퍼),2026-09-20,18:13,110000,golfpang,,,18홀,tr_220562864
클럽72,2026-09-20,18:25,120000,golfpang,,,18홀,tr_220521396
클럽72,2026-09-20,17:57,130000,golfpang,,,18홀,tr_220521395
클럽72,2026-09-20,19:07,110000,golfpang,,,18홀,tr_220521397
해솔리아,2026-09-20,07:17,170000,golfpang,,,18홀,tr_220393513
해솔리아,2026-09-20,17:22,120000,golfpang,,,18홀,tr_220393515
해솔리아,2026-09-20,11:41,160000,golfpang,,,18홀,tr_220393514
이포,2026-09-20,17:38,125000,golfpang,,,18홀,tr_219996939
비에이비스타(퍼),2026-09-20,12:57,150000,golfpang,,,18홀,tr_220561058
스카이밸리,2026-09-20,14:00,177000,golfpang,,,18홀,tr_220522358
그린힐,2026-09-20,14:03,157000,golfpang,,,18홀,tr_220522384
포웰(안성)cc,2026-09-20,19:07,65000,golfpang,,,18홀,tr_220522346
한림용인,2026-09-20,18:34,120000,golfpang,,,18홀,tr_220559988
한림용인,2026-09-20,18:06,135000,golfpang,,,18홀,tr_220559987
한림용인,2026-09-20,17:10,140000,golfpang,,,18홀,tr_220559986
포웰(안성)cc,2026-09-20,18:50,65000,golfpang,,,18홀,tr_220563891
360도,2026-09-20,07:00,170000,golfpang,,,18홀,tr_220481164
360도,2026-09-20,06:00,155000,golfpang,,,18홀,tr_220481165
포웰(안성)cc,2026-09-20,13:00,152000,golfpang,,,18홀,tr_220563496
포웰(안성)cc,2026-09-20,06:04,155000,golfpang,,,18홀,tr_220499640
해솔리아,2026-09-20,06:00,160000,golfpang,,,18홀,tr_220499575
그린힐,2026-09-20,14:03,157000,golfpang,,,18홀,tr_220499755
그린힐,2026-09-20,19:06,80000,golfpang,,,18홀,tr_220499757
포웰(안성)cc,2026-09-20,19:07,65000,golfpang,,,18홀,tr_220499641
스카이밸리,2026-09-20,14:00,177000,golfpang,,,18홀,tr_220499676
골프존 송도(구.오렌지듄스),2026-09-20,13:29,179000,golfpang,,,18홀,tr_220274763
비에이비스타,2026-09-20,12:43,160000,golfpang,,,18홀,tr_220563752
골프존 안성W,2026-09-20,12:56,149000,golfpang,,,18홀,tr_220496963
포웰(안성)cc,2026-09-20,13:20,142000,golfpang,,,18홀,tr_220563881
더크로스비,2026-09-20,12:48,180000,golfpang,,,18홀,tr_220306313
비에이비스타(퍼),2026-09-20,18:13,85000,golfpang,,,18홀,tr_220423915
더크로스비,2026-09-20,13:16,180000,golfpang,,,18홀,tr_220548504
양평TPC,2026-09-20,13:57,150000,golfpang,,,18홀,tr_220306514
비에이비스타(퍼),2026-09-20,12:08,125000,golfpang,,,18홀,tr_220423911
한림용인,2026-09-20,17:31,138000,golfpang,,,18홀,tr_220431258
솔모로,2026-09-20,13:49,170000,golfpang,,,18홀,tr_219790049
골프존 송도(구.오렌지듄스),2026-09-20,13:28,179000,golfpang,,,18홀,tr_220181436
비에이비스타(퍼),2026-09-20,18:13,110000,golfpang,,,18홀,tr_220560273
골프존 송도(구.오렌지듄스),2026-09-20,13:30,179000,golfpang,,,18홀,tr_220563879
비에이비스타(퍼),2026-09-20,13:18,150000,golfpang,,,18홀,tr_220560272
포웰(안성)cc,2026-09-20,19:42,65000,golfpang,,,18홀,tr_220562595
골프존 송도(구.오렌지듄스),2026-09-20,13:30,179000,golfpang,,,18홀,tr_220563875
포웰(안성)cc,2026-09-20,18:50,65000,golfpang,,,18홀,tr_220563873
용인플라자,2026-09-20,17:20,120000,golfpang,,,18홀,tr_219777722
용인플라자,2026-09-20,13:00,180000,golfpang,,,18홀,tr_220462921
비에이비스타(퍼),2026-09-20,13:04,130000,golfpang,,,18홀,tr_220563837
비에이비스타(퍼),2026-09-20,08:13,160000,golfpang,,,18홀,tr_220563836
양평TPC,2026-09-20,12:40,160000,golfpang,,,18홀,tr_220563563
양평TPC,2026-09-20,13:57,150000,golfpang,,,18홀,tr_220563564
포웰(안성)cc,2026-09-20,18:50,65000,golfpang,,,18홀,tr_220563830
포웰(안성)cc,2026-09-20,13:20,142000,golfpang,,,18홀,tr_220563825
비에이비스타(퍼),2026-09-20,12:02,130000,golfpang,,,18홀,tr_220559818
비에이비스타(퍼),2026-09-20,08:14,160000,golfpang,,,18홀,tr_220559813
비에이비스타,2026-09-20,13:33,160000,golfpang,,,18홀,tr_220559642
그린힐,2026-09-20,19:06,80000,golfpang,,,18홀,tr_220562504
해솔리아,2026-09-20,13:47,150000,golfpang,,,18홀,tr_220562395
해솔리아,2026-09-20,12:37,160000,golfpang,,,18홀,tr_220562391
그린힐,2026-09-20,14:03,157000,golfpang,,,18홀,tr_220562503
스카이밸리,2026-09-20,14:00,177000,golfpang,,,18홀,tr_220562500
포웰(안성)cc,2026-09-20,13:08,152000,golfpang,,,18홀,tr_220563024
해솔리아,2026-09-20,13:30,150000,golfpang,,,18홀,tr_220563820
한림용인,2026-09-20,17:24,135000,golfpang,,,18홀,tr_220484729
세현,2026-09-20,13:51,200000,golfpang,,,18홀,tr_220274638
유니아일랜드,2026-09-20,12:11,140000,golfpang,,,18홀,tr_220513026
그린힐,2026-09-20,18:52,80000,golfpang,,,18홀,tr_220008744
아세코밸리-퍼9,2026-09-20,17:45,80000,golfpang,,,18홀,tr_220512937
빅토리아-퍼9,2026-09-20,17:38,89000,golfpang,,,18홀,tr_220086086
아세코밸리-퍼9,2026-09-20,17:38,80000,golfpang,,,18홀,tr_220106672
클럽72,2026-09-20,17:57,130000,golfpang,,,18홀,tr_220208151
세현,2026-09-20,13:58,200000,golfpang,,,18홀,tr_220274639
클럽72,2026-09-20,18:25,120000,golfpang,,,18홀,tr_220208152
한림용인,2026-09-20,17:24,135000,golfpang,,,18홀,tr_220484728
유니아일랜드,2026-09-20,12:11,140000,golfpang,,,18홀,tr_220131098
더크로스비,2026-09-20,12:48,180000,golfpang,,,18홀,tr_220470990
비에이비스타(퍼),2026-09-20,12:50,125000,golfpang,,,18홀,tr_220485129
리베라,2026-09-20,17:49,120000,golfpang,,,18홀,tr_220399363
리베라,2026-09-20,17:56,120000,golfpang,,,18홀,tr_220209674
리베라,2026-09-20,17:56,120000,golfpang,,,18홀,tr_220485977
해솔리아,2026-09-20,12:10,160000,golfpang,,,18홀,tr_220563812
골프존 안성W,2026-09-20,12:56,149000,golfpang,,,18홀,tr_220468467
골프존 송도(구.오렌지듄스),2026-09-20,13:29,179000,golfpang,,,18홀,tr_220288742
용인(비공개명문),2026-09-20,13:04,270000,golfpang,,,18홀,tr_220348196
이포,2026-09-20,18:13,120000,golfpang,,,18홀,tr_220348933
포웰(안성)cc,2026-09-20,18:32,75000,golfpang,,,18홀,tr_220349017
더크로스비,2026-09-20,11:41,187000,golfpang,,,18홀,tr_220348342
포웰(안성)cc,2026-09-20,19:00,65000,golfpang,,,18홀,tr_220304799
골프존 안성W,2026-09-20,12:56,149000,golfpang,,,18홀,tr_220327143
블루원용인,2026-09-20,17:52,120000,golfpang,,,18홀,tr_218978593
블루원용인,2026-09-20,18:33,110000,golfpang,,,18홀,tr_219324260
블루원용인(퍼),2026-09-20,13:23,140000,golfpang,,,18홀,tr_218655414
해솔리아,2026-09-20,18:04,110000,golfpang,,,18홀,tr_220563756
해솔리아,2026-09-20,17:50,120000,golfpang,,,18홀,tr_220563755
해솔리아,2026-09-20,13:47,149000,golfpang,,,18홀,tr_220274145
블루원용인(퍼),2026-09-20,18:08,90000,golfpang,,,18홀,tr_220403360
해솔리아,2026-09-20,13:30,150000,golfpang,,,18홀,tr_220563744
비에이비스타,2026-09-20,12:42,160000,golfpang,,,18홀,tr_220563715
솔모로,2026-09-20,13:56,170000,golfpang,,,18홀,tr_220442210
용인플라자,2026-09-20,12:51,200000,golfpang,,,18홀,tr_220211102
비에이비스타(퍼),2026-09-20,17:31,90000,golfpang,,,18홀,tr_220563713
해솔리아,2026-09-20,12:10,160000,golfpang,,,18홀,tr_220563687
캐슬렉스,2026-09-20,06:18,240000,golfpang,,,18홀,tr_220326257
신안,2026-09-20,18:24,90000,golfpang,,,18홀,tr_219781424
솔트베이,2026-09-20,05:46,229000,golfpang,,,18홀,tr_220559664
베르힐(영종),2026-09-20,18:18,160000,golfpang,,,18홀,tr_220560181
윈체스트,2026-09-20,18:25,120000,golfpang,,,18홀,tr_220548492
윈체스트,2026-09-20,17:50,130000,golfpang,,,18홀,tr_220548491
윈체스트,2026-09-20,17:08,130000,golfpang,,,18홀,tr_220548447
윈체스트,2026-09-20,17:08,130000,golfpang,,,18홀,tr_220521622
윈체스트,2026-09-20,17:29,130000,golfpang,,,18홀,tr_220562602
용인플라자,2026-09-20,17:00,120000,golfpang,,,18홀,tr_220502811
용인플라자,2026-09-20,17:30,120000,golfpang,,,18홀,tr_218970990
아세코밸리-퍼9,2026-09-20,17:31,80000,golfpang,,,18홀,tr_220562508
한림용인,2026-09-20,17:59,140000,golfpang,,,18홀,tr_220562566
이천실크밸리,2026-09-20,18:10,80000,golfpang,,,18홀,tr_220562103
아세코밸리-퍼9,2026-09-20,18:06,80000,golfpang,,,18홀,tr_220562510
해솔리아,2026-09-20,18:04,110000,golfpang,,,18홀,tr_220562229
이천실크밸리,2026-09-20,17:35,90000,golfpang,,,18홀,tr_220562102
양평TPC,2026-09-20,08:16,180000,golfpang,,,18홀,tr_220562271
양지파인,2026-09-20,08:15,199000,golfpang,,,18홀,tr_220560458
아세코밸리-퍼9,2026-09-20,17:38,80000,golfpang,,,18홀,tr_220562509
스카이밸리,2026-09-20,12:01,190000,golfpang,,,18홀,tr_220562148
포웰(안성)cc,2026-09-20,19:35,65000,golfpang,,,18홀,tr_220561274
포웰(안성)cc,2026-09-20,13:08,152000,golfpang,,,18홀,tr_220561272
해솔리아,2026-09-20,13:05,150000,golfpang,,,18홀,tr_220562228
포웰(안성)cc,2026-09-20,13:29,142000,golfpang,,,18홀,tr_220561273
안성베네스트(클),2026-09-20,14:13,179000,golfpang,,,18홀,tr_220561905
한림용인,2026-09-20,17:24,140000,golfpang,,,18홀,tr_220562565
한림용인,2026-09-20,17:17,140000,golfpang,,,18홀,tr_220562564
해솔리아,2026-09-20,06:21,160000,golfpang,,,18홀,tr_220562227
스카이밸리,2026-09-20,07:58,190000,golfpang,,,18홀,tr_220562147
이천실크밸리,2026-09-20,07:45,180000,golfpang,,,18홀,tr_220562101
양평TPC,2026-09-20,06:59,170000,golfpang,,,18홀,tr_220562270
포웰(안성)cc,2026-09-20,19:21,65000,golfpang,,,18홀,tr_220396867
클럽72,2026-09-20,19:07,110000,golfpang,,,18홀,tr_220486108
비에이비스타,2026-09-20,12:43,160000,golfpang,,,18홀,tr_219781421
이포,2026-09-20,18:13,120000,golfpang,,,18홀,tr_220397484
양평TPC,2026-09-20,12:40,160000,golfpang,,,18홀,tr_220561238
더크로스비,2026-09-20,12:20,180000,golfpang,,,18홀,tr_220502668
블루원용인,2026-09-20,18:22,100000,golfpang,,,18홀,tr_220563624
비에이비스타,2026-09-20,18:06,100000,golfpang,,,18홀,tr_220006290
비에이비스타(퍼),2026-09-20,17:59,90000,golfpang,,,18홀,tr_220004269
비에이비스타,2026-09-20,13:32,160000,golfpang,,,18홀,tr_220006289
비에이비스타(퍼),2026-09-20,13:03,130000,golfpang,,,18홀,tr_220004267
클럽72,2026-09-20,18:39,120000,golfpang,,,18홀,tr_220563605
골프존 송도(구.오렌지듄스),2026-09-20,17:49,139000,golfpang,,,18홀,tr_220563500
골프존 안성W,2026-09-20,12:56,149000,golfpang,,,18홀,tr_220504143
해솔리아,2026-09-20,13:47,149000,golfpang,,,18홀,tr_220504147
클럽72,2026-09-20,19:07,120000,golfpang,,,18홀,tr_220563603
한림용인,2026-09-20,18:13,132000,golfpang,,,18홀,tr_220400361
더크로스비,2026-09-20,13:09,180000,golfpang,,,18홀,tr_220318563
양평TPC,2026-09-20,13:57,150000,golfpang,,,18홀,tr_220321096
클럽72,2026-09-20,18:18,120000,golfpang,,,18홀,tr_220560698
솔모로,2026-09-20,13:56,170000,golfpang,,,18홀,tr_220392385
클럽72-오션,2026-09-20,06:09,240000,golfpang,,,18홀,tr_219765481
클럽72,2026-09-20,18:40,120000,golfpang,,,18홀,tr_220563515
써닝포인트,2026-09-20,18:12,135000,golfpang,,,18홀,tr_220563492
양지파인,2026-09-20,08:15,199000,golfpang,,,18홀,tr_220563473
양지파인,2026-09-20,08:15,199000,golfpang,,,18홀,tr_220563474
골프존 송도(구.오렌지듄스),2026-09-20,13:43,179000,golfpang,,,18홀,tr_220563448
포웰(안성)cc,2026-09-20,19:35,65000,golfpang,,,18홀,tr_220563447
포웰(안성)cc,2026-09-20,13:08,152000,golfpang,,,18홀,tr_220563444
마이다스레이크 이천,2026-09-20,14:25,180000,golfpang,,,18홀,tr_220402517
양평TPC,2026-09-20,14:12,150000,golfpang,,,18홀,tr_220402530
블루원용인(퍼),2026-09-20,13:53,140000,golfpang,,,18홀,tr_220402518
비에이비스타,2026-09-20,13:33,160000,golfpang,,,18홀,tr_220402525
용인(비공개),2026-09-20,14:00,210000,golfpang,,,18홀,tr_220402519
캐슬렉스,2026-09-20,06:26,260000,golfpang,,,18홀,tr_220402532
마이다스레이크 이천,2026-09-20,06:22,200000,golfpang,,,18홀,tr_220402516
양평TPC,2026-09-20,07:35,180000,golfpang,,,18홀,tr_220402529
비에이비스타(퍼),2026-09-20,08:14,160000,golfpang,,,18홀,tr_220402520
스카이밸리,2026-09-20,12:16,190000,golfpang,,,18홀,tr_220402526
비에이비스타(퍼),2026-09-20,12:02,130000,golfpang,,,18홀,tr_220402522
해솔리아,2026-09-20,13:40,150000,golfpang,,,18홀,tr_220390617
그린힐,2026-09-20,19:06,80000,golfpang,,,18홀,tr_220563388
그린힐,2026-09-20,14:03,157000,golfpang,,,18홀,tr_220563387
스카이밸리,2026-09-20,14:00,177000,golfpang,,,18홀,tr_220563385
비에이비스타(퍼),2026-09-20,17:59,90000,golfpang,,,18홀,tr_219790170
블루원용인,2026-09-20,18:43,110000,golfpang,,,18홀,tr_220402310
비에이비스타,2026-09-20,13:32,160000,golfpang,,,18홀,tr_220210773
골프존 안성W,2026-09-20,17:28,100000,golfpang,,,18홀,tr_220399708
리베라,2026-09-20,18:10,120000,golfpang,,,18홀,tr_220391919
리베라,2026-09-20,18:10,120000,golfpang,,,18홀,tr_220391917
이천실크밸리,2026-09-20,18:20,80000,golfpang,,,18홀,tr_220521735
이천실크밸리,2026-09-20,18:20,80000,golfpang,,,18홀,tr_220521734
포웰(안성)cc,2026-09-20,18:39,75000,golfpang,,,18홀,tr_220376108
한림용인,2026-09-20,18:34,115000,golfpang,,,18홀,tr_220563149
그린힐,2026-09-20,18:31,90000,golfpang,,,18홀,tr_220086612
그린힐,2026-09-20,19:13,80000,golfpang,,,18홀,tr_220086613
아세코밸리-퍼9,2026-09-20,12:51,130000,golfpang,,,18홀,tr_220179894
골프존 송도(구.오렌지듄스),2026-09-20,13:36,179000,golfpang,,,18홀,tr_220207170
골프존 송도(구.오렌지듄스),2026-09-20,13:36,179000,golfpang,,,18홀,tr_220207169
안성베네스트(클),2026-09-20,13:52,179000,golfpang,,,18홀,tr_220207130
마이다스레이크 이천,2026-09-20,14:24,180000,golfpang,,,18홀,tr_220385386
골프존 안성H,2026-09-20,14:20,180000,golfpang,,,18홀,tr_220250475
양평TPC,2026-09-20,14:11,150000,golfpang,,,18홀,tr_220314810
골프존 안성W,2026-09-20,13:59,140000,golfpang,,,18홀,tr_220399707
한림용인,2026-09-20,17:24,125000,golfpang,,,18홀,tr_220563148
아세코밸리-퍼9,2026-09-20,16:28,100000,golfpang,,,18홀,tr_220179895
골프존 안성H,2026-09-20,06:44,190000,golfpang,,,18홀,tr_220250474
360도,2026-09-20,06:22,160000,golfpang,,,18홀,tr_220485766
마이다스레이크 이천,2026-09-20,06:21,200000,golfpang,,,18홀,tr_220385385
스카이밸리,2026-09-20,06:20,180000,golfpang,,,18홀,tr_220130505
아세코밸리-퍼9,2026-09-20,05:58,140000,golfpang,,,18홀,tr_220179893
포웰(안성)cc,2026-09-20,05:57,162000,golfpang,,,18홀,tr_220376106
신라,2026-09-20,08:02,200000,golfpang,,,18홀,tr_220207206
신라,2026-09-20,08:02,200000,golfpang,,,18홀,tr_220207205
용인(비공개),2026-09-20,07:07,239000,golfpang,,,18홀,tr_219797720
360도,2026-09-20,07:00,170000,golfpang,,,18홀,tr_220485767
포웰(안성)cc,2026-09-20,07:00,172000,golfpang,,,18홀,tr_220376107
양평TPC,2026-09-20,06:52,170000,golfpang,,,18홀,tr_220314809
솔모로,2026-09-20,06:51,230000,golfpang,,,18홀,tr_220400031
스카이밸리,2026-09-20,12:01,190000,golfpang,,,18홀,tr_220130506
골프존 안성W,2026-09-20,08:43,170000,golfpang,,,18홀,tr_220399706
용인(비공개),2026-09-20,12:21,199000,golfpang,,,18홀,tr_219797721
용인(비공개),2026-09-20,13:03,199000,golfpang,,,18홀,tr_219797722
해솔리아,2026-09-20,13:47,150000,golfpang,,,18홀,tr_220563372
해솔리아,2026-09-20,12:37,160000,golfpang,,,18홀,tr_220563371
용인플라자,2026-09-20,13:00,200000,golfpang,,,18홀,tr_217843793
용인플라자,2026-09-20,17:20,120000,golfpang,,,18홀,tr_220321592
솔트베이,2026-09-20,18:57,149000,golfpang,,,18홀,tr_220190769
솔트베이,2026-09-20,18:57,149000,golfpang,,,18홀,tr_220563312
솔트베이,2026-09-20,18:50,149000,golfpang,,,18홀,tr_220563311
솔트베이,2026-09-20,18:57,149000,golfpang,,,18홀,tr_220563313
솔트베이,2026-09-20,18:50,149000,golfpang,,,18홀,tr_220190768
360도,2026-09-20,06:22,160000,golfpang,,,18홀,tr_220521356
클럽72-오션,2026-09-20,06:09,240000,golfpang,,,18홀,tr_220562694
골프클럽Q,2026-09-20,08:27,180000,golfpang,,,18홀,tr_220521466
양평TPC,2026-09-20,08:16,180000,golfpang,,,18홀,tr_220562559
골프존 송도(구.오렌지듄스),2026-09-20,13:50,179000,golfpang,,,18홀,tr_220553907
은화삼,2026-09-20,14:17,230000,golfpang,,,18홀,tr_220562612
클럽72,2026-09-20,17:50,130000,golfpang,,,18홀,tr_220562698
클럽72,2026-09-20,17:50,130000,golfpang,,,18홀,tr_220505193
골프존 송도(구.오렌지듄스),2026-09-20,17:49,139000,golfpang,,,18홀,tr_220217607
써닝포인트,2026-09-20,18:11,135000,golfpang,,,18홀,tr_220562507
골프존 송도(구.오렌지듄스),2026-09-20,18:38,129000,golfpang,,,18홀,tr_220521388
로제비앙(구.큐로cc),2026-09-20,18:36,140000,golfpang,,,18홀,tr_220521633
포웰(안성)cc,2026-09-20,18:53,102000,golfpang,,,18홀,tr_220518735
솔트베이,2026-09-20,18:50,149000,golfpang,,,18홀,tr_220562440
더크로스비,2026-09-20,13:09,180000,golfpang,,,18홀,tr_220396876
해솔리아,2026-09-20,13:47,150000,golfpang,,,18홀,tr_220287978
그린힐,2026-09-20,14:00,157000,golfpang,,,18홀,tr_220423783
스카이밸리,2026-09-20,14:00,177000,golfpang,,,18홀,tr_220125621
클럽72,2026-09-20,14:01,160000,golfpang,,,18홀,tr_220523286
해솔리아,2026-09-20,12:23,160000,golfpang,,,18홀,tr_220562188
이천실크밸리,2026-09-20,18:17,75000,golfpang,,,18홀,tr_220563256
이천실크밸리,2026-09-20,18:31,75000,golfpang,,,18홀,tr_220563257
이천실크밸리,2026-09-20,18:31,75000,golfpang,,,18홀,tr_220563258
한림용인,2026-09-20,17:31,125000,golfpang,,,18홀,tr_220469561
해솔리아,2026-09-20,12:10,160000,golfpang,,,18홀,tr_220289553
은화삼,2026-09-20,14:17,230000,golfpang,,,18홀,tr_220431442
리베라,2026-09-20,18:38,110000,golfpang,,,18홀,tr_220198916
써닝포인트,2026-09-20,18:11,135000,golfpang,,,18홀,tr_220198612
신안(병행),2026-09-20,18:31,80000,golfpang,,,18홀,tr_220198740
솔트베이,2026-09-20,18:36,149000,golfpang,,,18홀,tr_220198777
해솔리아,2026-09-20,18:04,110000,golfpang,,,18홀,tr_220502846
클럽72,2026-09-20,18:25,120000,golfpang,,,18홀,tr_220539238
360도,2026-09-20,06:45,170000,golfpang,,,18홀,tr_220496802
아세코밸리-퍼9,2026-09-20,17:45,80000,golfpang,,,18홀,tr_220469449
360도,2026-09-20,06:07,155000,golfpang,,,18홀,tr_220496801
포웰(안성)cc,2026-09-20,08:10,165000,golfpang,,,18홀,tr_220496773
에덴블루,2026-09-20,07:48,209000,golfpang,,,18홀,tr_220496847
해솔리아,2026-09-20,11:55,160000,golfpang,,,18홀,tr_220502844
양평TPC,2026-09-20,08:16,180000,golfpang,,,18홀,tr_220467892
양지파인,2026-09-20,08:15,199000,golfpang,,,18홀,tr_220496824
유니아일랜드,2026-09-20,12:11,140000,golfpang,,,18홀,tr_220515851
해솔리아,2026-09-20,13:40,150000,golfpang,,,18홀,tr_220502845
세현,2026-09-20,13:51,200000,golfpang,,,18홀,tr_220497099
한림용인,2026-09-20,18:06,130000,golfpang,,,18홀,tr_220469945
아세코밸리-퍼9,2026-09-20,18:06,80000,golfpang,,,18홀,tr_220469450
클럽72,2026-09-20,17:50,130000,golfpang,,,18홀,tr_219813363
빅토리아-퍼9,2026-09-20,17:45,89000,golfpang,,,18홀,tr_220496874
양평TPC,2026-09-20,06:38,170000,golfpang,,,18홀,tr_220467891
한림용인,2026-09-20,17:24,135000,golfpang,,,18홀,tr_220469944
골프존 안성W,2026-09-20,17:28,100000,golfpang,,,18홀,tr_220469706
골프존 송도(구.오렌지듄스),2026-09-20,17:21,149000,golfpang,,,18홀,tr_220201816
빅토리아-퍼9,2026-09-20,17:03,89000,golfpang,,,18홀,tr_219020297
용인플라자,2026-09-20,17:02,140000,golfpang,,,18홀,tr_219535740
골프존 안성H,2026-09-20,14:27,180000,golfpang,,,18홀,tr_220505197
아세코밸리-퍼9,2026-09-20,17:31,80000,golfpang,,,18홀,tr_220462999
아세코밸리-퍼9,2026-09-20,18:06,80000,golfpang,,,18홀,tr_220463000
용인플라자,2026-09-20,18:05,140000,golfpang,,,18홀,tr_219535741
이천실크밸리,2026-09-20,18:31,75000,golfpang,,,18홀,tr_220502421
신안(병행),2026-09-20,18:24,80000,golfpang,,,18홀,tr_220070365
리베라,2026-09-20,18:24,120000,golfpang,,,18홀,tr_219870869
용인플라자,2026-09-20,18:48,140000,golfpang,,,18홀,tr_219535742
그린힐,2026-09-20,18:45,90000,golfpang,,,18홀,tr_220288621
솔트베이,2026-09-20,18:43,149000,golfpang,,,18홀,tr_220470891
리베라,2026-09-20,18:59,110000,golfpang,,,18홀,tr_219870870
솔트베이,2026-09-20,18:57,149000,golfpang,,,18홀,tr_220470889
신안(병행),2026-09-20,18:52,80000,golfpang,,,18홀,tr_220070366
골프존 안성W,2026-09-20,19:20,100000,golfpang,,,18홀,tr_220469707
그린힐,2026-09-20,19:13,80000,golfpang,,,18홀,tr_220288622
에델바이스(가명),2026-09-20,13:54,180000,golfpang,,,18홀,tr_220414504
세현,2026-09-20,13:51,200000,golfpang,,,18홀,tr_220503380
리베라,2026-09-20,14:24,240000,golfpang,,,18홀,tr_219870868
골프존 안성H,2026-09-20,14:20,180000,golfpang,,,18홀,tr_220505196
골프존 안성W,2026-09-20,14:13,140000,golfpang,,,18홀,tr_220469705
여주,2026-09-20,14:07,220000,golfpang,,,18홀,tr_220023522
세현,2026-09-20,14:05,200000,golfpang,,,18홀,tr_220503381
이글몬트,2026-09-20,14:00,170000,golfpang,,,18홀,tr_220375918
비에이비스타,2026-09-20,17:59,100000,golfpang,,,18홀,tr_220486016
골프존 안성W,2026-09-20,17:35,100000,golfpang,,,18홀,tr_220522161
한림용인,2026-09-20,18:34,120000,golfpang,,,18홀,tr_220469946
포웰(안성)cc,2026-09-20,18:46,75000,golfpang,,,18홀,tr_220496774
리베라,2026-09-20,18:45,110000,golfpang,,,18홀,tr_220361780
그린힐,2026-09-20,19:13,80000,golfpang,,,18홀,tr_220361519
에덴블루,2026-09-20,19:17,79900,golfpang,,,18홀,tr_220535195
에덴블루,2026-09-20,18:49,89900,golfpang,,,18홀,tr_220496849
클럽72,2026-09-20,19:07,110000,golfpang,,,18홀,tr_220539252
그린힐,2026-09-20,18:52,80000,golfpang,,,18홀,tr_220361518
골프존 안성W,2026-09-20,17:20,100000,golfpang,,,18홀,tr_220399247
솔모로,2026-09-20,13:56,170000,golfpang,,,18홀,tr_220548261
윈체스트,2026-09-20,17:11,120000,golfpang,,,18홀,tr_220563145
한림용인,2026-09-20,17:31,125000,golfpang,,,18홀,tr_220563095
포웰(안성)cc,2026-09-20,13:00,152000,golfpang,,,18홀,tr_220563055
솔모로,2026-09-20,13:56,170000,golfpang,,,18홀,tr_219599397
양지파인,2026-09-20,08:15,199000,golfpang,,,18홀,tr_220561241
양지파인,2026-09-20,08:15,199000,golfpang,,,18홀,tr_220561242
아세코밸리-퍼9,2026-09-20,18:06,80000,golfpang,,,18홀,tr_220561347
아세코밸리-퍼9,2026-09-20,17:45,80000,golfpang,,,18홀,tr_220561345
아세코밸리-퍼9,2026-09-20,17:52,80000,golfpang,,,18홀,tr_220561346
한림용인,2026-09-20,17:00,125000,golfpang,,,18홀,tr_220563051
해솔리아,2026-09-20,18:46,110000,golfpang,,,18홀,tr_220563029
해솔리아,2026-09-20,18:04,110000,golfpang,,,18홀,tr_220563027
해솔리아,2026-09-20,18:25,110000,golfpang,,,18홀,tr_220563028
포웰(안성)cc,2026-09-20,12:51,152000,golfpang,,,18홀,tr_220563026
한림용인,2026-09-20,18:13,133000,golfpang,,,18홀,tr_220562742
클럽72,2026-09-20,18:00,120000,golfpang,,,18홀,tr_220563023
베르힐(영종),2026-09-20,18:00,160000,golfpang,,,18홀,tr_220563012
코리아,2026-09-20,13:21,209000,golfpang,,,18홀,tr_220003707
비에이비스타,2026-09-20,13:32,160000,golfpang,,,18홀,tr_220561799
용인(비공개),2026-09-20,13:59,210000,golfpang,,,18홀,tr_220561816
골프존 안성W,2026-09-20,12:55,150000,golfpang,,,18홀,tr_220441865
용인(비공개),2026-09-20,12:56,285000,golfpang,,,18홀,tr_220561817
블루원용인,2026-09-20,18:50,110000,golfpang,,,18홀,tr_220561838
블루원용인(퍼),2026-09-20,13:59,140000,golfpang,,,18홀,tr_220561847
블루원용인(퍼),2026-09-20,17:47,90000,golfpang,,,18홀,tr_220561848
한림용인,2026-09-20,17:15,125000,golfpang,,,18홀,tr_220561234
한림용인,2026-09-20,17:10,140000,golfpang,,,18홀,tr_220274063
베르힐(영종),2026-09-20,18:20,160000,golfpang,,,18홀,tr_220239429
신안(병행),2026-09-20,18:15,80000,golfpang,,,18홀,tr_220394861
이글몬트,2026-09-20,06:41,190000,golfpang,,,18홀,tr_220202578
360도,2026-09-20,07:10,170000,golfpang,,,18홀,tr_220238985
360도,2026-09-20,07:08,170000,golfpang,,,18홀,tr_220239048
해솔리아,2026-09-20,11:43,170000,golfpang,,,18홀,tr_220262227
이글몬트,2026-09-20,13:40,170000,golfpang,,,18홀,tr_220202583
빅토리아-퍼9,2026-09-20,17:16,89000,golfpang,,,18홀,tr_220503578
양평TPC,2026-09-20,07:34,180000,golfpang,,,18홀,tr_220562962
양평TPC,2026-09-20,08:16,180000,golfpang,,,18홀,tr_220562963
베르힐(영종),2026-09-20,17:40,170000,golfpang,,,18홀,tr_220203293
양평TPC,2026-09-20,13:57,150000,golfpang,,,18홀,tr_220399371
클럽72-오션,2026-09-20,06:09,240000,golfpang,,,18홀,tr_220539188
골프존 안성W,2026-09-20,12:56,150000,golfpang,,,18홀,tr_220562863
해솔리아,2026-09-20,12:30,160000,golfpang,,,18홀,tr_220259449
해솔리아,2026-09-20,12:10,160000,golfpang,,,18홀,tr_220287944
해솔리아,2026-09-20,12:10,160000,golfpang,,,18홀,tr_220287815
골프클럽Q,2026-09-20,12:30,170000,golfpang,,,18홀,tr_220562858
골프클럽Q,2026-09-20,08:40,180000,golfpang,,,18홀,tr_220562857
골프존 송도(구.오렌지듄스),2026-09-20,13:22,179000,golfpang,,,18홀,tr_220376503
에덴블루,2026-09-20,19:03,79900,golfpang,,,18홀,tr_220484059
에덴블루,2026-09-20,18:28,89900,golfpang,,,18홀,tr_220484058
에덴블루,2026-09-20,18:11,89900,golfpang,,,18홀,tr_220484057
포웰(안성)cc,2026-09-20,19:35,65000,golfpang,,,18홀,tr_220261961
포웰(안성)cc,2026-09-20,13:08,152000,golfpang,,,18홀,tr_220261960
클럽72,2026-09-20,18:32,120000,golfpang,,,18홀,tr_220562705
클럽72,2026-09-20,18:25,120000,golfpang,,,18홀,tr_220562703
양평TPC,2026-09-20,13:57,150000,golfpang,,,18홀,tr_220391797
양평TPC,2026-09-20,12:40,160000,golfpang,,,18홀,tr_220391793
한림안성(퍼9),2026-09-20,13:12,130000,golfpang,,,18홀,tr_220001924
클럽72,2026-09-20,17:57,130000,golfpang,,,18홀,tr_219769152
윈체스트,2026-09-20,08:06,209000,golfpang,,,18홀,tr_219158344
클럽72-오션,2026-09-20,06:09,240000,golfpang,,,18홀,tr_220562619
아세코밸리-퍼9,2026-09-20,17:31,80000,golfpang,,,18홀,tr_220562535
아세코밸리-퍼9,2026-09-20,17:38,80000,golfpang,,,18홀,tr_220562536
아세코밸리-퍼9,2026-09-20,18:06,80000,golfpang,,,18홀,tr_220562537
양평TPC,2026-09-20,06:59,170000,golfpang,,,18홀,tr_220522529
해솔리아,2026-09-20,13:05,150000,golfpang,,,18홀,tr_220547980
해솔리아,2026-09-20,06:56,160000,golfpang,,,18홀,tr_220547979
해솔리아,2026-09-20,18:03,110000,golfpang,,,18홀,tr_220547981
한림용인,2026-09-20,18:06,130000,golfpang,,,18홀,tr_220543190
한림용인,2026-09-20,18:34,120000,golfpang,,,18홀,tr_220543191
한림용인,2026-09-20,17:10,135000,golfpang,,,18홀,tr_220543189
포웰(안성)cc,2026-09-20,13:08,152000,golfpang,,,18홀,tr_220561484
인천그랜드,2026-09-20,18:00,159000,golfpang,,,18홀,tr_220561589
해솔리아,2026-09-20,17:50,120000,golfpang,,,18홀,tr_220561368
신안(병행),2026-09-20,18:31,80000,golfpang,,,18홀,tr_220561409
리베라,2026-09-20,18:52,110000,golfpang,,,18홀,tr_220561515
베르힐(영종),2026-09-20,17:29,180000,golfpang,,,18홀,tr_220561298
세현,2026-09-20,13:51,200000,golfpang,,,18홀,tr_220561391
한림용인,2026-09-20,17:24,125000,golfpang,,,18홀,tr_220561283
솔트베이,2026-09-20,05:46,229000,golfpang,,,18홀,tr_220561363
양지파인,2026-09-20,08:15,199000,golfpang,,,18홀,tr_220561429
양평TPC,2026-09-20,14:04,150000,golfpang,,,18홀,tr_220230696
양평TPC,2026-09-20,12:33,160000,golfpang,,,18홀,tr_220230587
솔모로,2026-09-20,13:56,170000,golfpang,,,18홀,tr_219807365
이천실크밸리,2026-09-20,18:00,75000,golfpang,,,18홀,tr_219338395
골드,2026-09-20,11:36,199000,golfpang,,,18홀,tr_220535173
클럽72-오션,2026-09-20,12:32,210000,golfpang,,,18홀,tr_220204415
골드,2026-09-20,11:36,199000,golfpang,,,18홀,tr_152034924
골드,2026-09-20,18:22,119000,golfpang,,,18홀,tr_217706482
윈체스트,2026-09-20,07:23,230000,golfpang,,,18홀,tr_220261759
윈체스트,2026-09-20,13:01,200000,golfpang,,,18홀,tr_218716945
윈체스트,2026-09-20,13:24,209000,golfpang,,,18홀,tr_219158382
캐슬렉스,2026-09-20,13:59,280000,golfpang,,,18홀,tr_219524813
캐슬렉스,2026-09-20,08:24,280000,golfpang,,,18홀,tr_219524792
더크로스비,2026-09-20,13:09,180000,golfpang,,,18홀,tr_220559565
한림용인,2026-09-20,18:13,133000,golfpang,,,18홀,tr_220559602
클럽72,2026-09-20,18:18,120000,golfpang,,,18홀,tr_220559596
비에이비스타(퍼),2026-09-20,12:50,125000,golfpang,,,18홀,tr_220559534
비에이비스타(퍼),2026-09-20,18:13,85000,golfpang,,,18홀,tr_220559570
양평TPC,2026-09-20,13:57,150000,golfpang,,,18홀,tr_220559595
양평TPC,2026-09-20,13:57,150000,golfpang,,,18홀,tr_220559599
클럽72,2026-09-20,14:01,160000,golfpang,,,18홀,tr_220559592
더크로스비,2026-09-20,06:35,180000,golfpang,,,18홀,tr_220559501
리베라,2026-09-20,17:31,120000,golfpang,,,18홀,tr_220561197
리베라,2026-09-20,17:41,120000,golfpang,,,18홀,tr_220561237
리베라,2026-09-20,17:41,120000,golfpang,,,18홀,tr_220561240
써닝포인트,2026-09-20,17:51,125000,golfpang,,,18홀,tr_220561066
써닝포인트,2026-09-20,17:51,125000,golfpang,,,18홀,tr_220561079
360도,2026-09-20,06:45,170000,golfpang,,,18홀,tr_220561115
360도,2026-09-20,06:45,170000,golfpang,,,18홀,tr_220561116
비에이비스타(퍼),2026-09-20,13:04,130000,golfpang,,,18홀,tr_220467439
비에이비스타(퍼),2026-09-20,08:13,160000,golfpang,,,18홀,tr_220467394
비에이비스타,2026-09-20,13:33,160000,golfpang,,,18홀,tr_220463163
비에이비스타(퍼),2026-09-20,12:04,130000,golfpang,,,18홀,tr_220467404
한림용인,2026-09-20,18:34,115000,golfpang,,,18홀,tr_220561223
한림용인,2026-09-20,17:24,125000,golfpang,,,18홀,tr_220561222
한림용인,2026-09-20,18:55,115000,golfpang,,,18홀,tr_220561224
코리아,2026-09-20,18:36,129000,golfpang,,,18홀,tr_218352351
골드,2026-09-20,18:36,119000,golfpang,,,18홀,tr_218127796
골드,2026-09-20,18:15,119000,golfpang,,,18홀,tr_218127950
코리아,2026-09-20,18:22,129000,golfpang,,,18홀,tr_219562214
더크로스비,2026-09-20,06:35,180000,golfpang,,,18홀,tr_220559673
양평TPC,2026-09-20,13:57,150000,golfpang,,,18홀,tr_220559778
더크로스비,2026-09-20,13:09,180000,golfpang,,,18홀,tr_220559766
코리아,2026-09-20,18:29,129000,golfpang,,,18홀,tr_217706744
360도,2026-09-20,06:22,160000,golfpang,,,18홀,tr_220561144
360도,2026-09-20,06:45,170000,golfpang,,,18홀,tr_219818080
윈체스트,2026-09-20,17:14,140000,golfpang,,,18홀,tr_219254212
윈체스트,2026-09-20,12:55,210000,golfpang,,,18홀,tr_219254209
안성(비공개),2026-09-20,06:14,202000,golfpang,,,18홀,tr_219254186
360도,2026-09-20,06:07,155000,golfpang,,,18홀,tr_220560962
360도,2026-09-20,06:45,170000,golfpang,,,18홀,tr_220560963
클럽72,2026-09-20,18:10,120000,golfpang,,,18홀,tr_220079987
이천실크밸리,2026-09-20,17:50,75000,golfpang,,,18홀,tr_220454642
포웰(안성)cc,2026-09-20,19:10,65000,golfpang,,,18홀,tr_220393347
스카이밸리,2026-09-20,13:46,177000,golfpang,,,18홀,tr_219994121
더크로스비,2026-09-20,13:16,180000,golfpang,,,18홀,tr_220560249
한림용인,2026-09-20,18:13,133000,golfpang,,,18홀,tr_220560591
클럽72,2026-09-20,18:18,120000,golfpang,,,18홀,tr_220560617
비에이비스타(퍼),2026-09-20,12:50,125000,golfpang,,,18홀,tr_220560183
비에이비스타(퍼),2026-09-20,18:13,85000,golfpang,,,18홀,tr_220560565
더크로스비,2026-09-20,13:09,180000,golfpang,,,18홀,tr_220560247
양평TPC,2026-09-20,13:57,150000,golfpang,,,18홀,tr_220560361
클럽72,2026-09-20,14:01,160000,golfpang,,,18홀,tr_220560393
한림용인,2026-09-20,18:13,132000,golfpang,,,18홀,tr_220485050
클럽72,2026-09-20,18:18,120000,golfpang,,,18홀,tr_220484316
이포,2026-09-20,17:59,125000,golfpang,,,18홀,tr_220484193
더크로스비,2026-09-20,13:16,180000,golfpang,,,18홀,tr_220483812
양평TPC,2026-09-20,13:57,150000,golfpang,,,18홀,tr_220484160
양평TPC,2026-09-20,13:57,150000,golfpang,,,18홀,tr_220560752
양평TPC,2026-09-20,13:57,150000,golfpang,,,18홀,tr_220560633
양평TPC,2026-09-20,13:57,150000,golfpang,,,18홀,tr_220560629
용인플라자,2026-09-20,17:09,140000,golfpang,,,18홀,tr_219770799
빅토리아-퍼9,2026-09-20,17:03,89000,golfpang,,,18홀,tr_219749012
아세코밸리-퍼9,2026-09-20,16:49,100000,golfpang,,,18홀,tr_220390011
골프존 안성H,2026-09-20,14:27,180000,golfpang,,,18홀,tr_220503244
이천실크밸리,2026-09-20,17:42,110000,golfpang,,,18홀,tr_219903823
신안(병행),2026-09-20,17:35,90000,golfpang,,,18홀,tr_220502637
용인플라자,2026-09-20,17:31,140000,golfpang,,,18홀,tr_219770800
해솔리아,2026-09-20,17:29,120000,golfpang,,,18홀,tr_220290509
이천실크밸리,2026-09-20,17:28,115000,golfpang,,,18홀,tr_219903822
그린힐,2026-09-20,17:49,100000,golfpang,,,18홀,tr_220278872
용인플라자,2026-09-20,18:05,140000,golfpang,,,18홀,tr_219770801
그린힐,2026-09-20,18:03,90000,golfpang,,,18홀,tr_220278873
이천실크밸리,2026-09-20,18:17,100000,golfpang,,,18홀,tr_219903824
클럽72,2026-09-20,18:46,120000,golfpang,,,18홀,tr_220502344
리베라,2026-09-20,18:38,110000,golfpang,,,18홀,tr_220547237
신안(병행),2026-09-20,18:38,80000,golfpang,,,18홀,tr_220502638
그린힐,2026-09-20,18:31,90000,golfpang,,,18홀,tr_220278874
빅토리아-퍼9,2026-09-20,19:09,-1,golfpang,,,18홀,tr_220499368
리베라,2026-09-20,18:52,110000,golfpang,,,18홀,tr_220547238
양평TPC,2026-09-20,12:19,170000,golfpang,,,18홀,tr_220307221
솔트베이,2026-09-20,12:53,230000,golfpang,,,18홀,tr_219245980
솔트베이,2026-09-20,12:46,230000,golfpang,,,18홀,tr_219245981
솔트베이,2026-09-20,12:46,230000,golfpang,,,18홀,tr_219245979
골프존 안성W,2026-09-20,13:24,150000,golfpang,,,18홀,tr_220555762
골프존 안성W,2026-09-20,13:24,150000,golfpang,,,18홀,tr_220555761
용인(비공개),2026-09-20,13:17,180000,golfpang,,,18홀,tr_220236305
해솔리아,2026-09-20,13:40,150000,golfpang,,,18홀,tr_220290508
세현,2026-09-20,13:37,200000,golfpang,,,18홀,tr_219820021
세현,2026-09-20,13:58,200000,golfpang,,,18홀,tr_219820022
골프존 안성H,2026-09-20,14:20,180000,golfpang,,,18홀,tr_220503243
용인(비공개),2026-09-20,14:06,180000,golfpang,,,18홀,tr_220236306
용인(비공개),2026-09-20,06:46,209000,golfpang,,,18홀,tr_220236304
골프존 안성H,2026-09-20,06:44,190000,golfpang,,,18홀,tr_220503242
해솔리아,2026-09-20,06:28,160000,golfpang,,,18홀,tr_220290507
이글몬트,2026-09-20,06:20,180000,golfpang,,,18홀,tr_220514699
이글몬트,2026-09-20,06:20,180000,golfpang,,,18홀,tr_220515668
아세코밸리-퍼9,2026-09-20,05:37,140000,golfpang,,,18홀,tr_220390010
아세코밸리-퍼9,2026-09-20,05:37,140000,golfpang,,,18홀,tr_220390009
양평TPC,2026-09-20,06:59,180000,golfpang,,,18홀,tr_220307220
빅토리아-퍼9,2026-09-20,06:49,114000,golfpang,,,18홀,tr_219749010
빅토리아-퍼9,2026-09-20,11:14,114000,golfpang,,,18홀,tr_219749011
양지파인,2026-09-20,08:15,199000,golfpang,,,18홀,tr_220521931
양지파인,2026-09-20,08:15,199000,golfpang,,,18홀,tr_220521930
세현,2026-09-20,12:34,220000,golfpang,,,18홀,tr_219820020
클럽72,2026-09-20,13:54,160000,golfpang,,,18홀,tr_220560589
비에이비스타(퍼),2026-09-20,12:08,150000,golfpang,,,18홀,tr_220431283
클럽72,2026-09-20,14:01,190000,golfpang,,,18홀,tr_220468151
양평TPC,2026-09-20,13:57,150000,golfpang,,,18홀,tr_220398685
더크로스비,2026-09-20,11:52,187000,golfpang,,,18홀,tr_220423696
양지파인,2026-09-20,08:30,199000,golfpang,,,18홀,tr_220560459
양평TPC,2026-09-20,13:57,150000,golfpang,,,18홀,tr_220305039
더크로스비,2026-09-20,13:16,180000,golfpang,,,18홀,tr_220560347
스카이밸리,2026-09-20,14:00,177000,golfpang,,,18홀,tr_220258770
더크로스비,2026-09-20,13:16,180000,golfpang,,,18홀,tr_220420892
세현,2026-09-20,13:58,200000,golfpang,,,18홀,tr_220560308
세현,2026-09-20,14:05,200000,golfpang,,,18홀,tr_220560309
세현,2026-09-20,13:51,200000,golfpang,,,18홀,tr_220560307
골프존 송도(구.오렌지듄스),2026-09-20,17:40,139000,golfpang,,,18홀,tr_220007936
솔모로,2026-09-20,13:49,170000,golfpang,,,18홀,tr_220207669
리베라,2026-09-20,18:59,110000,golfpang,,,18홀,tr_220560224
리베라,2026-09-20,18:45,110000,golfpang,,,18홀,tr_220560225
리베라,2026-09-20,18:52,110000,golfpang,,,18홀,tr_220560223
더크로스비,2026-09-20,13:09,180000,golfpang,,,18홀,tr_220560182
그린힐,2026-09-20,18:52,80000,golfpang,,,18홀,tr_220560086
그린힐,2026-09-20,19:13,80000,golfpang,,,18홀,tr_220560087
포웰(안성)cc,2026-09-20,19:00,65000,golfpang,,,18홀,tr_219997206
360도,2026-09-20,06:00,155000,golfpang,,,18홀,tr_220560038
360도,2026-09-20,06:22,160000,golfpang,,,18홀,tr_220560039
더크로스비,2026-09-20,13:09,180000,golfpang,,,18홀,tr_220557643
비에이비스타(퍼),2026-09-20,12:50,150000,golfpang,,,18홀,tr_220555811
그린힐,2026-09-20,19:00,80000,golfpang,,,18홀,tr_219393235
그린힐,2026-09-20,13:40,160000,golfpang,,,18홀,tr_219393326
클럽72,2026-09-20,13:21,160000,golfpang,,,18홀,tr_218985186
클럽72-오션,2026-09-20,12:10,210000,golfpang,,,18홀,tr_220502664
포웰(안성)cc,2026-09-20,19:00,65000,golfpang,,,18홀,tr_219560178
포웰(안성)cc,2026-09-20,19:00,65000,golfpang,,,18홀,tr_220259149
그린힐,2026-09-20,14:00,160000,golfpang,,,18홀,tr_219591193
그린힐,2026-09-20,19:00,80000,golfpang,,,18홀,tr_220259713
양평TPC,2026-09-20,12:40,160000,golfpang,,,18홀,tr_220395367
양평TPC,2026-09-20,13:57,150000,golfpang,,,18홀,tr_220395381
클럽72,2026-09-20,14:01,160000,golfpang,,,18홀,tr_220547568
에덴블루,2026-09-20,12:23,150000,golfpang,,,18홀,tr_220422825
에덴블루,2026-09-20,12:23,150000,golfpang,,,18홀,tr_220422824
에덴블루,2026-09-20,12:23,150000,golfpang,,,18홀,tr_220422823
양평TPC,2026-09-20,12:19,170000,golfpang,,,18홀,tr_220258385
히든밸리,2026-09-20,12:16,160000,golfpang,,,18홀,tr_220034734
360도,2026-09-20,12:15,177000,golfpang,,,18홀,tr_220038477
360도,2026-09-20,12:15,177000,golfpang,,,18홀,tr_220038476
안성베네스트(챌),2026-09-20,12:56,179000,golfpang,,,18홀,tr_220241678
골프존 안성H,2026-09-20,13:24,180000,golfpang,,,18홀,tr_220240235
골프존 안성H,2026-09-20,13:24,180000,golfpang,,,18홀,tr_220240234
골프존 안성H,2026-09-20,13:24,180000,golfpang,,,18홀,tr_220240233
젠스필드,2026-09-20,13:18,160000,golfpang,,,18홀,tr_220107197
솔모로,2026-09-20,13:14,180000,golfpang,,,18홀,tr_220010055
솔모로,2026-09-20,13:14,180000,golfpang,,,18홀,tr_220010054
해솔리아,2026-09-20,13:05,150000,golfpang,,,18홀,tr_220437179
안성베네스트(클),2026-09-20,13:45,199000,golfpang,,,18홀,tr_220241716
안성베네스트(클),2026-09-20,13:45,199000,golfpang,,,18홀,tr_220241715
한림용인,2026-09-20,13:32,185000,golfpang,,,18홀,tr_220035817
한림용인,2026-09-20,13:32,185000,golfpang,,,18홀,tr_220035816
양평TPC,2026-09-20,13:57,150000,golfpang,,,18홀,tr_220377193
젠스필드,2026-09-20,07:58,180000,golfpang,,,18홀,tr_220107196
해솔리아,2026-09-20,07:28,170000,golfpang,,,18홀,tr_220437178
양평TPC,2026-09-20,06:59,180000,golfpang,,,18홀,tr_220258384
젠스필드,2026-09-20,06:48,170000,golfpang,,,18홀,tr_220107195
한림용인,2026-09-20,17:31,140000,golfpang,,,18홀,tr_220035818
해솔리아,2026-09-20,17:01,120000,golfpang,,,18홀,tr_220437180
히든밸리,2026-09-20,08:34,190000,golfpang,,,18홀,tr_220034733
클럽72,2026-09-20,17:51,130000,golfpang,,,18홀,tr_220559714
골프존 송도(구.오렌지듄스),2026-09-20,17:50,139000,golfpang,,,18홀,tr_220559708
골프존 송도(구.오렌지듄스),2026-09-20,13:51,179000,golfpang,,,18홀,tr_220559662
이천실크밸리,2026-09-20,08:20,190000,golfpang,,,18홀,tr_220283002
세현,2026-09-20,14:05,200000,golfpang,,,18홀,tr_220496977
한림용인,2026-09-20,17:24,140000,golfpang,,,18홀,tr_220485455
리베라,2026-09-20,17:42,120000,golfpang,,,18홀,tr_220493887
아세코밸리-퍼9,2026-09-20,17:38,80000,golfpang,,,18홀,tr_220485867
한림용인,2026-09-20,17:31,140000,golfpang,,,18홀,tr_220485456
한림용인,2026-09-20,18:06,135000,golfpang,,,18홀,tr_220485457
그린힐,2026-09-20,18:52,80000,golfpang,,,18홀,tr_220486146
리베라,2026-09-20,18:52,110000,golfpang,,,18홀,tr_220493888
그린힐,2026-09-20,19:13,80000,golfpang,,,18홀,tr_220486147
양평TPC,2026-09-20,12:26,180000,golfpang,,,18홀,tr_220307280
용인(비공개),2026-09-20,12:21,199000,golfpang,,,18홀,tr_220262263
세현,2026-09-20,13:58,200000,golfpang,,,18홀,tr_220496976
360도,2026-09-20,06:22,160000,golfpang,,,18홀,tr_220484289
포웰(안성)cc,2026-09-20,08:10,231000,golfpang,,,18홀,tr_220094692
해솔리아,2026-09-20,07:17,170000,golfpang,,,18홀,tr_220289086
용인(비공개),2026-09-20,07:07,239000,golfpang,,,18홀,tr_220262262
360도,2026-09-20,07:00,170000,golfpang,,,18홀,tr_220484290
솔트베이,2026-09-20,11:57,230000,golfpang,,,18홀,tr_220192906
골프존 안성W,2026-09-20,08:43,170000,golfpang,,,18홀,tr_220306395
양지파인,2026-09-20,08:30,199000,golfpang,,,18홀,tr_220306199
세현,2026-09-20,13:51,200000,golfpang,,,18홀,tr_220496975
양지파인,2026-09-20,08:15,199000,golfpang,,,18홀,tr_220306198
한림용인,2026-09-20,18:13,133000,golfpang,,,18홀,tr_220494178
포웰(안성)cc,2026-09-20,19:15,65000,golfpang,,,18홀,tr_220287645
클럽72,2026-09-20,13:10,180000,golfpang,,,18홀,tr_219775058
더크로스비,2026-09-20,06:35,180000,golfpang,,,18홀,tr_220420889
한림용인,2026-09-20,18:13,133000,golfpang,,,18홀,tr_220547978
이천실크밸리,2026-09-20,18:00,75000,golfpang,,,18홀,tr_220207720
여주(비공개),2026-09-20,12:57,235000,golfpang,,,18홀,tr_220548419
여주(비공개),2026-09-20,12:57,235000,golfpang,,,18홀,tr_220548422
블루원용인(퍼),2026-09-20,13:52,140000,golfpang,,,18홀,tr_218121337
비에이비스타,2026-09-20,17:45,100000,golfpang,,,18홀,tr_219695418
비에이비스타,2026-09-20,13:32,160000,golfpang,,,18홀,tr_218981737
비에이비스타(퍼),2026-09-20,08:13,160000,golfpang,,,18홀,tr_218981769
비에이비스타(퍼),2026-09-20,12:01,130000,golfpang,,,18홀,tr_218838117
스카이밸리,2026-09-20,13:50,177000,golfpang,,,18홀,tr_220521857
클럽72,2026-09-20,18:18,120000,golfpang,,,18홀,tr_220547797
더크로스비,2026-09-20,13:09,180000,golfpang,,,18홀,tr_219783415
클럽72,2026-09-20,14:01,160000,golfpang,,,18홀,tr_220547792
클럽72,2026-09-20,13:10,160000,golfpang,,,18홀,tr_220521632
클럽72,2026-09-20,13:50,160000,golfpang,,,18홀,tr_220521927
클럽72-오션,2026-09-20,12:20,210000,golfpang,,,18홀,tr_220521552
이포,2026-09-20,17:52,125000,golfpang,,,18홀,tr_220547760
양평TPC,2026-09-20,13:57,150000,golfpang,,,18홀,tr_220547731
더크로스비,2026-09-20,06:35,180000,golfpang,,,18홀,tr_220559433
더크로스비,2026-09-20,13:06,180000,golfpang,,,18홀,tr_220503462
비에이비스타(퍼),2026-09-20,18:13,90000,golfpang,,,18홀,tr_220547694
더크로스비,2026-09-20,13:09,180000,golfpang,,,18홀,tr_220557669
비에이비스타,2026-09-20,17:59,100000,golfpang,,,18홀,tr_220557666
비에이비스타(퍼),2026-09-20,12:08,125000,golfpang,,,18홀,tr_220547652
이글몬트,2026-09-20,06:33,180000,golfpang,,,18홀,tr_220403955
이글몬트,2026-09-20,13:53,170000,golfpang,,,18홀,tr_220403956
용인플라자,2026-09-20,17:24,140000,golfpang,,,18홀,tr_219529296
빅토리아-퍼9,2026-09-20,17:03,89000,golfpang,,,18홀,tr_219153725
골프존 송도(구.오렌지듄스),2026-09-20,17:56,139000,golfpang,,,18홀,tr_220150176
용인플라자,2026-09-20,17:45,140000,golfpang,,,18홀,tr_219529294
용인플라자,2026-09-20,18:05,140000,golfpang,,,18홀,tr_219529295
솔트베이,2026-09-20,12:53,230000,golfpang,,,18홀,tr_219323529
골프존 송도(구.오렌지듄스),2026-09-20,12:47,179000,golfpang,,,18홀,tr_220150175
솔트베이,2026-09-20,12:46,230000,golfpang,,,18홀,tr_219323528
에델바이스(가명),2026-09-20,13:12,190000,golfpang,,,18홀,tr_220149126
히든밸리,2026-09-20,13:12,150000,golfpang,,,18홀,tr_220197900
여주,2026-09-20,13:53,220000,golfpang,,,18홀,tr_220174632
에덴블루,2026-09-20,14:00,190000,golfpang,,,18홀,tr_220324234
에덴블루,2026-09-20,08:19,219000,golfpang,,,18홀,tr_220324233
신라,2026-09-20,08:09,200000,golfpang,,,18홀,tr_220118340
마이다스레이크 이천,2026-09-20,08:06,220000,golfpang,,,18홀,tr_220179319
신라,2026-09-20,08:02,200000,golfpang,,,18홀,tr_220118339
에덴블루,2026-09-20,07:58,209000,golfpang,,,18홀,tr_220324232
빅토리아-퍼9,2026-09-20,07:52,114000,golfpang,,,18홀,tr_219153723
신라,2026-09-20,07:34,200000,golfpang,,,18홀,tr_220118338
캐슬렉스,2026-09-20,07:28,250000,golfpang,,,18홀,tr_220326952
에델바이스(가명),2026-09-20,06:56,180000,golfpang,,,18홀,tr_220149125
뉴스프링빌,2026-09-20,11:51,270000,golfpang,,,18홀,tr_220013156
뉴스프링빌,2026-09-20,11:51,270000,golfpang,,,18홀,tr_220013155
빅토리아-퍼9,2026-09-20,11:42,114000,golfpang,,,18홀,tr_219153724
여주,2026-09-20,08:50,250000,golfpang,,,18홀,tr_220174631
캐슬렉스,2026-09-20,08:45,250000,golfpang,,,18홀,tr_220326954
골프존 안성W,2026-09-20,08:43,170000,golfpang,,,18홀,tr_220327495
캐슬렉스,2026-09-20,08:38,250000,golfpang,,,18홀,tr_220326953
히든밸리,2026-09-20,08:34,190000,golfpang,,,18홀,tr_220197899
골프존 안성W,2026-09-20,13:52,140000,golfpang,,,18홀,tr_220327496
마이다스레이크 이천,2026-09-20,12:32,200000,golfpang,,,18홀,tr_220179320
그린힐,2026-09-20,13:50,157000,golfpang,,,18홀,tr_220521831
코리아,2026-09-20,18:15,129000,golfpang,,,18홀,tr_152290139
골드,2026-09-20,18:01,119000,golfpang,,,18홀,tr_174441008
더크로스비,2026-09-20,13:09,180000,golfpang,,,18홀,tr_220485613
비에이비스타(퍼),2026-09-20,12:08,125000,golfpang,,,18홀,tr_220394439
이포,2026-09-20,17:52,125000,golfpang,,,18홀,tr_220389626
클럽72,2026-09-20,13:21,180000,golfpang,,,18홀,tr_219332343
스카이밸리,2026-09-20,13:40,180000,golfpang,,,18홀,tr_220001509
그린힐,2026-09-20,14:00,160000,golfpang,,,18홀,tr_220399252
포웰(안성)cc,2026-09-20,19:00,65000,golfpang,,,18홀,tr_220399181
그린힐,2026-09-20,18:52,80000,golfpang,,,18홀,tr_220499643
양평TPC,2026-09-20,12:40,160000,golfpang,,,18홀,tr_220401219
한림안성(퍼9),2026-09-20,13:12,130000,golfpang,,,18홀,tr_220342221
솔트베이,2026-09-20,12:32,230000,golfpang,,,18홀,tr_220521858
양평TPC,2026-09-20,13:57,150000,golfpang,,,18홀,tr_220401254
솔트베이,2026-09-20,18:43,149000,golfpang,,,18홀,tr_219791901
써닝포인트,2026-09-20,18:18,135000,golfpang,,,18홀,tr_220548499
더크로스비,2026-09-20,12:48,180000,golfpang,,,18홀,tr_220547586
안성베네스트(챌),2026-09-20,07:47,199000,golfpang,,,18홀,tr_220553936
안성베네스트(챌),2026-09-20,13:52,169000,golfpang,,,18홀,tr_220553937
유니아일랜드,2026-09-20,07:11,160000,golfpang,,,18홀,tr_220553892
인천그랜드,2026-09-20,18:00,159000,golfpang,,,18홀,tr_220468471
써닝포인트,2026-09-20,18:11,135000,golfpang,,,18홀,tr_220469026
리베라,2026-09-20,18:45,110000,golfpang,,,18홀,tr_220468405
솔트베이,2026-09-20,18:43,149000,golfpang,,,18홀,tr_220468929
그린힐,2026-09-20,18:52,80000,golfpang,,,18홀,tr_220203876
솔트베이,2026-09-20,12:32,230000,golfpang,,,18홀,tr_220468922
스카이밸리,2026-09-20,12:15,190000,golfpang,,,18홀,tr_220470054
한림안성(퍼9),2026-09-20,13:12,130000,golfpang,,,18홀,tr_220203861
양평TPC,2026-09-20,13:57,150000,golfpang,,,18홀,tr_220469091
더크로스비,2026-09-20,06:35,227000,golfpang,,,18홀,tr_220468737
클럽72-오션,2026-09-20,06:09,240000,golfpang,,,18홀,tr_220203868
더크로스비,2026-09-20,08:41,247000,golfpang,,,18홀,tr_220468744
아세코밸리-퍼9,2026-09-20,17:31,80000,golfpang,,,18홀,tr_220468436
양평TPC,2026-09-20,08:16,180000,golfpang,,,18홀,tr_220469053
골드,2026-09-20,18:15,119000,golfpang,,,18홀,tr_217982806
코리아,2026-09-20,18:36,129000,golfpang,,,18홀,tr_217982847
골드,2026-09-20,18:22,119000,golfpang,,,18홀,tr_220548120
코리아,2026-09-20,18:15,129000,golfpang,,,18홀,tr_220010537
코리아,2026-09-20,18:22,129000,golfpang,,,18홀,tr_220548127
골드,2026-09-20,18:36,119000,golfpang,,,18홀,tr_220548123
해솔리아,2026-09-20,12:23,160000,golfpang,,,18홀,tr_220396447
비에이비스타(퍼),2026-09-20,12:50,150000,golfpang,,,18홀,tr_220553822
빅토리아-퍼9,2026-09-20,17:45,89000,golfpang,,,18홀,tr_220002097
한림용인,2026-09-20,17:38,130000,golfpang,,,18홀,tr_219999574
골프존 송도(구.오렌지듄스),2026-09-20,13:29,179000,golfpang,,,18홀,tr_220204020
골프존 송도(구.오렌지듄스),2026-09-20,13:29,179000,golfpang,,,18홀,tr_220238992
골프존 안성H,2026-09-20,14:20,170000,golfpang,,,18홀,tr_220218288
골프존 안성H,2026-09-20,14:20,190000,golfpang,,,18홀,tr_220499763
골프존 안성H,2026-09-20,14:00,180000,golfpang,,,18홀,tr_220218575
양평TPC,2026-09-20,14:04,150000,golfpang,,,18홀,tr_220431300
한림용인,2026-09-20,13:32,170000,golfpang,,,18홀,tr_220420394
한림용인,2026-09-20,13:32,170000,golfpang,,,18홀,tr_220420395
360도,2026-09-20,12:52,177000,golfpang,,,18홀,tr_220398186
해솔리아,2026-09-20,12:09,160000,golfpang,,,18홀,tr_220483912
그린힐,2026-09-20,18:10,90000,golfpang,,,18홀,tr_220345470
그린힐,2026-09-20,18:10,90000,golfpang,,,18홀,tr_220345469
해솔리아,2026-09-20,18:04,110000,golfpang,,,18홀,tr_220483913
360도,2026-09-20,06:22,160000,golfpang,,,18홀,tr_220398185
유니아일랜드,2026-09-20,06:01,140000,golfpang,,,18홀,tr_220485197
해솔리아,2026-09-20,07:17,170000,golfpang,,,18홀,tr_220483911
유니아일랜드,2026-09-20,07:11,160000,golfpang,,,18홀,tr_220485198
아세코밸리-퍼9,2026-09-20,12:37,130000,golfpang,,,18홀,tr_220327562
아세코밸리-퍼9,2026-09-20,12:37,130000,golfpang,,,18홀,tr_220327561
양지파인,2026-09-20,12:14,170000,golfpang,,,18홀,tr_220485324
유니아일랜드,2026-09-20,12:11,150000,golfpang,,,18홀,tr_220485199
클럽72,2026-09-20,19:00,110000,golfpang,,,18홀,tr_219591348
클럽72,2026-09-20,13:03,180000,golfpang,,,18홀,tr_219591341
블루원용인(퍼),2026-09-20,13:52,140000,golfpang,,,18홀,tr_220218468
블루원용인(퍼),2026-09-20,17:47,90000,golfpang,,,18홀,tr_220548271
클럽72,2026-09-20,14:01,190000,golfpang,,,18홀,tr_220485953
한림용인,2026-09-20,17:31,138000,golfpang,,,18홀,tr_220486020
클럽72,2026-09-20,18:18,120000,golfpang,,,18홀,tr_220485976
신안,2026-09-20,18:17,100000,golfpang,,,18홀,tr_220394070
한림용인,2026-09-20,18:13,133000,golfpang,,,18홀,tr_220486099
비에이비스타(퍼),2026-09-20,18:13,85000,golfpang,,,18홀,tr_220485790
비에이비스타(퍼),2026-09-20,12:15,125000,golfpang,,,18홀,tr_220485676
골프존 안성W,2026-09-20,12:56,150000,golfpang,,,18홀,tr_220485302
골프존 송도(구.오렌지듄스),2026-09-20,13:22,179000,golfpang,,,18홀,tr_220211289
양평TPC,2026-09-20,13:57,150000,golfpang,,,18홀,tr_220485922
클럽72,2026-09-20,18:11,120000,golfpang,,,18홀,tr_220391863
클럽72,2026-09-20,17:50,130000,golfpang,,,18홀,tr_220391862
클럽72,2026-09-20,19:00,110000,golfpang,,,18홀,tr_220391864
양지파인,2026-09-20,13:50,150000,golfpang,,,18홀,tr_219621244
아세코밸리-퍼9,2026-09-20,17:31,80000,golfpang,,,18홀,tr_220420893
아세코밸리-퍼9,2026-09-20,17:03,80000,golfpang,,,18홀,tr_220327535
아세코밸리-퍼9,2026-09-20,18:06,80000,golfpang,,,18홀,tr_220327534
더크로스비,2026-09-20,12:48,180000,golfpang,,,18홀,tr_220346765
빅토리아-퍼9,2026-09-20,06:00,114000,golfpang,,,18홀,tr_220548052
빅토리아-퍼9,2026-09-20,17:10,89000,golfpang,,,18홀,tr_220548054
빅토리아-퍼9,2026-09-20,12:32,114000,golfpang,,,18홀,tr_220548053
베르힐(영종),2026-09-20,17:51,170000,golfpang,,,18홀,tr_220463203
비에이비스타(퍼),2026-09-20,12:01,130000,golfpang,,,18홀,tr_218347010
블루원용인,2026-09-20,18:08,120000,golfpang,,,18홀,tr_220504289
용인(비공개),2026-09-20,13:52,210000,golfpang,,,18홀,tr_218570035
비에이비스타(퍼),2026-09-20,07:52,160000,golfpang,,,18홀,tr_218335889
양평TPC,2026-09-20,07:35,180000,golfpang,,,18홀,tr_220436999
블루원용인,2026-09-20,17:54,120000,golfpang,,,18홀,tr_219671148
베르힐(영종),2026-09-20,18:31,160000,golfpang,,,18홀,tr_220463269
포웰(안성)cc,2026-09-20,19:08,65000,golfpang,,,18홀,tr_220241495
클럽72,2026-09-20,13:04,180000,golfpang,,,18홀,tr_220241415
이천실크밸리,2026-09-20,18:31,75000,golfpang,,,18홀,tr_220547701
이천실크밸리,2026-09-20,17:56,75000,golfpang,,,18홀,tr_220547700
한림용인,2026-09-20,17:17,140000,golfpang,,,18홀,tr_219468602
아세코밸리-퍼9,2026-09-20,11:48,140000,golfpang,,,18홀,tr_219372414
용인플라자,2026-09-20,17:00,120000,golfpang,,,18홀,tr_219527150
한림용인,2026-09-20,17:00,140000,golfpang,,,18홀,tr_219813507
용인플라자,2026-09-20,08:30,260000,golfpang,,,18홀,tr_220306666
파인크리크,2026-09-20,13:40,180000,golfpang,,,18홀,tr_219821677
기흥(비공개),2026-09-20,13:00,260000,golfpang,,,18홀,tr_219149621
용인플라자,2026-09-20,12:50,290000,golfpang,,,18홀,tr_217884136
해솔리아,2026-09-20,12:09,160000,golfpang,,,18홀,tr_220403348
신안,2026-09-20,19:13,80000,golfpang,,,18홀,tr_220547480
젠스필드,2026-09-20,18:38,75000,golfpang,,,18홀,tr_220547501
젠스필드,2026-09-20,18:38,75000,golfpang,,,18홀,tr_220547503
신안,2026-09-20,19:13,80000,golfpang,,,18홀,tr_220547482
한림용인,2026-09-20,18:06,130000,golfpang,,,18홀,tr_220547206
한림용인,2026-09-20,17:17,135000,golfpang,,,18홀,tr_220547204
한림용인,2026-09-20,17:24,135000,golfpang,,,18홀,tr_220547205
클럽72,2026-09-20,14:01,160000,golfpang,,,18홀,tr_220535083
비에이비스타(퍼),2026-09-20,12:50,125000,golfpang,,,18홀,tr_220522781
양평TPC,2026-09-20,13:57,150000,golfpang,,,18홀,tr_220523315
더크로스비,2026-09-20,12:48,180000,golfpang,,,18홀,tr_220521826
골프존 송도(구.오렌지듄스),2026-09-20,13:51,179000,golfpang,,,18홀,tr_220403189
한림용인,2026-09-20,18:06,135000,golfpang,,,18홀,tr_220543217
한림용인,2026-09-20,17:17,140000,golfpang,,,18홀,tr_220543215
한림용인,2026-09-20,17:38,140000,golfpang,,,18홀,tr_220543216
클럽72,2026-09-20,14:01,190000,golfpang,,,18홀,tr_220503534
한림용인,2026-09-20,18:13,133000,golfpang,,,18홀,tr_220503575
그린힐,2026-09-20,18:50,80000,golfpang,,,18홀,tr_220543213
안성베네스트(챌),2026-09-20,07:41,199000,golfpang,,,18홀,tr_220539234
클럽72,2026-09-20,13:50,160000,golfpang,,,18홀,tr_220535236
스카이밸리,2026-09-20,13:50,177000,golfpang,,,18홀,tr_220535202
클럽72,2026-09-20,13:00,180000,golfpang,,,18홀,tr_220535174
그린힐,2026-09-20,13:50,157000,golfpang,,,18홀,tr_220535169
클럽72,2026-09-20,13:19,160000,golfpang,,,18홀,tr_219597011
클럽72,2026-09-20,13:10,160000,golfpang,,,18홀,tr_220535081
이천실크밸리,2026-09-20,17:30,75000,golfpang,,,18홀,tr_219340802
아세코밸리-퍼9,2026-09-20,17:45,80000,golfpang,,,18홀,tr_220523452
아세코밸리-퍼9,2026-09-20,17:52,80000,golfpang,,,18홀,tr_220523453
아세코밸리-퍼9,2026-09-20,18:06,80000,golfpang,,,18홀,tr_220523454
클럽72-오션,2026-09-20,12:20,210000,golfpang,,,18홀,tr_220523429
블루원용인,2026-09-20,18:36,110000,golfpang,,,18홀,tr_219671160
블루원용인(퍼),2026-09-20,13:52,140000,golfpang,,,18홀,tr_218569168
블루원용인(퍼),2026-09-20,17:47,90000,golfpang,,,18홀,tr_220402810
한림용인,2026-09-20,17:24,135000,golfpang,,,18홀,tr_220523323
한림용인,2026-09-20,18:06,130000,golfpang,,,18홀,tr_220523324
한림용인,2026-09-20,18:34,120000,golfpang,,,18홀,tr_220523325
윈체스트,2026-09-20,17:08,130000,golfpang,,,18홀,tr_220523313
클럽72,2026-09-20,13:20,160000,golfpang,,,18홀,tr_218348818
그린힐,2026-09-20,18:50,80000,golfpang,,,18홀,tr_219393561
해솔리아,2026-09-20,06:20,160000,golfpang,,,18홀,tr_220288145
클럽72-오션,2026-09-20,12:10,210000,golfpang,,,18홀,tr_220494161
포웰(안성)cc,2026-09-20,19:00,65000,golfpang,,,18홀,tr_220211932
해솔리아,2026-09-20,13:10,150000,golfpang,,,18홀,tr_220288141
스카이밸리,2026-09-20,13:40,180000,golfpang,,,18홀,tr_220001496
그린힐,2026-09-20,13:40,160000,golfpang,,,18홀,tr_219393444
클럽72,2026-09-20,13:40,160000,golfpang,,,18홀,tr_220523001
한림안성(퍼9),2026-09-20,13:12,130000,golfpang,,,18홀,tr_220401476
양평TPC,2026-09-20,13:57,150000,golfpang,,,18홀,tr_220401419
아세코밸리-퍼9,2026-09-20,12:23,130000,golfpang,,,18홀,tr_220401413
양평TPC,2026-09-20,12:40,160000,golfpang,,,18홀,tr_220401416
솔모로,2026-09-20,13:56,170000,golfpang,,,18홀,tr_220522826
이글몬트,2026-09-20,06:41,180000,golfpang,,,18홀,tr_220397314
용인(비공개),2026-09-20,06:46,209000,golfpang,,,18홀,tr_220397080
용인(비공개),2026-09-20,14:20,180000,golfpang,,,18홀,tr_220397082
용인(비공개),2026-09-20,13:59,180000,golfpang,,,18홀,tr_220397081
이글몬트,2026-09-20,13:53,170000,golfpang,,,18홀,tr_220397315
에덴블루,2026-09-20,18:28,89900,golfpang,,,18홀,tr_220396886
양평TPC,2026-09-20,06:52,170000,golfpang,,,18홀,tr_220396118
에덴블루,2026-09-20,14:00,142500,golfpang,,,18홀,tr_220396885
양평TPC,2026-09-20,07:34,180000,golfpang,,,18홀,tr_220396119
에덴블루,2026-09-20,07:48,209000,golfpang,,,18홀,tr_220396884
골프존 송도(구.오렌지듄스),2026-09-20,17:56,139000,golfpang,,,18홀,tr_220348234
골프존 송도(구.오렌지듄스),2026-09-20,18:17,139000,golfpang,,,18홀,tr_220348235
한림용인,2026-09-20,17:17,140000,golfpang,,,18홀,tr_220422615
아세코밸리-퍼9,2026-09-20,17:10,100000,golfpang,,,18홀,tr_220336784
해솔리아,2026-09-20,17:01,120000,golfpang,,,18홀,tr_220504740
아세코밸리-퍼9,2026-09-20,16:49,100000,golfpang,,,18홀,tr_220336783
클럽72,2026-09-20,17:43,130000,golfpang,,,18홀,tr_220145764
한림용인,2026-09-20,17:31,140000,golfpang,,,18홀,tr_220422617
클럽72,2026-09-20,18:11,120000,golfpang,,,18홀,tr_220145765
신안(병행),2026-09-20,18:31,80000,golfpang,,,18홀,tr_219776086
그린힐,2026-09-20,18:45,90000,golfpang,,,18홀,tr_220007999
리베라,2026-09-20,18:45,110000,golfpang,,,18홀,tr_220007639
그린힐,2026-09-20,18:31,90000,golfpang,,,18홀,tr_220007998
리베라,2026-09-20,18:31,110000,golfpang,,,18홀,tr_220007638
그린힐,2026-09-20,19:13,80000,golfpang,,,18홀,tr_220008000
클럽72,2026-09-20,19:00,110000,golfpang,,,18홀,tr_220145766
아세코밸리-퍼9,2026-09-20,17:24,100000,golfpang,,,18홀,tr_220336785
한림용인,2026-09-20,17:24,140000,golfpang,,,18홀,tr_220422616
안성베네스트(챌),2026-09-20,13:52,169000,golfpang,,,18홀,tr_220518633
해솔리아,2026-09-20,13:47,150000,golfpang,,,18홀,tr_220504739
빅토리아-퍼9,2026-09-20,12:24,114000,golfpang,,,18홀,tr_219762811
양지파인,2026-09-20,08:15,199000,golfpang,,,18홀,tr_220345761
양지파인,2026-09-20,08:30,199000,golfpang,,,18홀,tr_220345762
유니아일랜드,2026-09-20,10:33,160000,golfpang,,,18홀,tr_219951870
빅토리아-퍼9,2026-09-20,11:56,114000,golfpang,,,18홀,tr_219762810
해솔리아,2026-09-20,12:02,160000,golfpang,,,18홀,tr_220504738
360도,2026-09-20,07:00,170000,golfpang,,,18홀,tr_220469383
양평TPC,2026-09-20,07:34,180000,golfpang,,,18홀,tr_220431241
안성베네스트(챌),2026-09-20,07:47,199000,golfpang,,,18홀,tr_220518632
써닝포인트,2026-09-20,06:07,215000,golfpang,,,18홀,tr_220339527
빅토리아-퍼9,2026-09-20,06:21,114000,golfpang,,,18홀,tr_219762809
360도,2026-09-20,06:22,160000,golfpang,,,18홀,tr_220469382
양평TPC,2026-09-20,06:38,170000,golfpang,,,18홀,tr_220431240
리베라,2026-09-20,18:52,110000,golfpang,,,18홀,tr_220007640
신안(병행),2026-09-20,18:52,80000,golfpang,,,18홀,tr_219776088
캐슬렉스,2026-09-20,07:28,250000,golfpang,,,18홀,tr_220382998
캐슬렉스,2026-09-20,06:46,250000,golfpang,,,18홀,tr_220382997
비에이비스타(퍼),2026-09-20,12:57,150000,golfpang,,,18홀,tr_220522768
한림안성(퍼9),2026-09-20,06:21,140000,golfpang,,,18홀,tr_220174783
신안(병행),2026-09-20,18:10,80000,golfpang,,,18홀,tr_219601213
마이다스레이크 이천,2026-09-20,06:21,200000,golfpang,,,18홀,tr_220208250
유니아일랜드,2026-09-20,06:22,160000,golfpang,,,18홀,tr_219997380
해솔리아,2026-09-20,06:28,170000,golfpang,,,18홀,tr_220208971
에델바이스(가명),2026-09-20,06:35,180000,golfpang,,,18홀,tr_220014866
빅토리아-퍼9,2026-09-20,12:24,114000,golfpang,,,18홀,tr_219778168
유니아일랜드,2026-09-20,10:33,160000,golfpang,,,18홀,tr_219997381
이천실크밸리,2026-09-20,07:24,160000,golfpang,,,18홀,tr_219922765
신안(오렌지),2026-09-20,07:45,140000,golfpang,,,18홀,tr_219598565
빅토리아-퍼9,2026-09-20,07:52,114000,golfpang,,,18홀,tr_219778167
히든밸리,2026-09-20,06:49,170000,golfpang,,,18홀,tr_218503694
골프존 안성H,2026-09-20,06:51,200000,golfpang,,,18홀,tr_220149443
마이다스레이크 이천,2026-09-20,14:24,180000,golfpang,,,18홀,tr_220208251
해솔리아,2026-09-20,13:12,160000,golfpang,,,18홀,tr_220208972
골프존 안성H,2026-09-20,13:24,180000,golfpang,,,18홀,tr_220149444
에델바이스(가명),2026-09-20,13:26,170000,golfpang,,,18홀,tr_220014867
히든밸리,2026-09-20,13:40,150000,golfpang,,,18홀,tr_218503695
유니아일랜드,2026-09-20,10:54,160000,golfpang,,,18홀,tr_219997382
이천실크밸리,2026-09-20,18:17,90000,golfpang,,,18홀,tr_219922767
이천실크밸리,2026-09-20,17:42,90000,golfpang,,,18홀,tr_219922766
빅토리아-퍼9,2026-09-20,17:03,89000,golfpang,,,18홀,tr_219778169
해솔리아,2026-09-20,17:29,120000,golfpang,,,18홀,tr_220208973
골프존 안성H,2026-09-20,14:06,180000,golfpang,,,18홀,tr_220149445
안성베네스트(클),2026-09-20,14:13,179000,golfpang,,,18홀,tr_220207594
신안(병행),2026-09-20,18:31,80000,golfpang,,,18홀,tr_219601214
360도,2026-09-20,06:22,160000,golfpang,,,18홀,tr_220485484
골프존 안성W,2026-09-20,14:13,140000,golfpang,,,18홀,tr_220483769
골프존 안성W,2026-09-20,18:03,100000,golfpang,,,18홀,tr_220483771
골프존 안성W,2026-09-20,17:35,100000,golfpang,,,18홀,tr_220483770
360도,2026-09-20,07:00,170000,golfpang,,,18홀,tr_220485485
그린힐,2026-09-20,19:20,80000,golfpang,,,18홀,tr_220485734
그린힐,2026-09-20,19:13,80000,golfpang,,,18홀,tr_220485733
그린힐,2026-09-20,18:52,80000,golfpang,,,18홀,tr_220485732
리베라,2026-09-20,19:06,110000,golfpang,,,18홀,tr_220502728
리베라,2026-09-20,18:45,110000,golfpang,,,18홀,tr_220502727
리베라,2026-09-20,17:28,120000,golfpang,,,18홀,tr_220502726
세현,2026-09-20,13:58,200000,golfpang,,,18홀,tr_220503124
세현,2026-09-20,14:05,200000,golfpang,,,18홀,tr_220503125
솔트베이,2026-09-20,11:57,230000,golfpang,,,18홀,tr_220503160
솔트베이,2026-09-20,18:43,149000,golfpang,,,18홀,tr_220503162
세현,2026-09-20,13:51,200000,golfpang,,,18홀,tr_220503123
솔트베이,2026-09-20,12:32,230000,golfpang,,,18홀,tr_220503161
양지파인,2026-09-20,08:15,199000,golfpang,,,18홀,tr_220504500
클럽72,2026-09-20,19:07,110000,golfpang,,,18홀,tr_220513164
포웰(안성)cc,2026-09-20,18:46,75000,golfpang,,,18홀,tr_220515672
포웰(안성)cc,2026-09-20,08:10,175000,golfpang,,,18홀,tr_220515670
클럽72,2026-09-20,18:25,120000,golfpang,,,18홀,tr_220513163
포웰(안성)cc,2026-09-20,05:57,145000,golfpang,,,18홀,tr_220515671
클럽72,2026-09-20,17:50,130000,golfpang,,,18홀,tr_220513162
한림용인,2026-09-20,18:34,120000,golfpang,,,18홀,tr_220518592
한림용인,2026-09-20,17:24,135000,golfpang,,,18홀,tr_220518590
한림용인,2026-09-20,18:06,130000,golfpang,,,18홀,tr_220518591
아세코밸리-퍼9,2026-09-20,18:06,80000,golfpang,,,18홀,tr_220522362
아세코밸리-퍼9,2026-09-20,17:38,80000,golfpang,,,18홀,tr_220522361
솔모로,2026-09-20,06:30,230000,golfpang,,,18홀,tr_220522657
솔모로,2026-09-20,06:51,230000,golfpang,,,18홀,tr_220522658
360도,2026-09-20,06:00,155000,golfpang,,,18홀,tr_220422108
용인플라자,2026-09-20,18:05,140000,golfpang,,,18홀,tr_219527514
해솔리아,2026-09-20,18:04,110000,golfpang,,,18홀,tr_220297350
골프존 안성W,2026-09-20,18:03,100000,golfpang,,,18홀,tr_220401805
그린힐,2026-09-20,18:38,90000,golfpang,,,18홀,tr_219833975
용인플라자,2026-09-20,18:34,140000,golfpang,,,18홀,tr_219527515
클럽72,2026-09-20,18:25,120000,golfpang,,,18홀,tr_220347394
클럽72,2026-09-20,19:00,110000,golfpang,,,18홀,tr_220347395
그린힐,2026-09-20,18:59,90000,golfpang,,,18홀,tr_219833976
그린힐,2026-09-20,19:06,90000,golfpang,,,18홀,tr_219833977
골프존 안성H,2026-09-20,14:20,180000,golfpang,,,18홀,tr_220233097
골프존 안성W,2026-09-20,14:13,140000,golfpang,,,18홀,tr_220401803
세현,2026-09-20,14:05,200000,golfpang,,,18홀,tr_220347168
양평TPC,2026-09-20,14:04,150000,golfpang,,,18홀,tr_220391955
이글몬트,2026-09-20,14:00,170000,golfpang,,,18홀,tr_220375983
아세코밸리-퍼9,2026-09-20,17:31,80000,golfpang,,,18홀,tr_220420839
골프존 안성W,2026-09-20,17:28,100000,golfpang,,,18홀,tr_220401804
빅토리아-퍼9,2026-09-20,17:17,89000,golfpang,,,18홀,tr_220391638
용인플라자,2026-09-20,17:09,140000,golfpang,,,18홀,tr_219527513
아세코밸리-퍼9,2026-09-20,17:45,80000,golfpang,,,18홀,tr_220420840
클럽72,2026-09-20,17:43,130000,golfpang,,,18홀,tr_220347393
이천실크밸리,2026-09-20,18:17,80000,golfpang,,,18홀,tr_219914030
유니아일랜드,2026-09-20,11:15,150000,golfpang,,,18홀,tr_219933657
클럽72-오션,2026-09-20,12:32,250000,golfpang,,,18홀,tr_220414628
해솔리아,2026-09-20,13:40,150000,golfpang,,,18홀,tr_220297349
클럽72-오션,2026-09-20,13:28,230000,golfpang,,,18홀,tr_220414629
세현,2026-09-20,13:52,200000,golfpang,,,18홀,tr_220347167
세현,2026-09-20,13:44,200000,golfpang,,,18홀,tr_220347166
빅토리아-퍼9,2026-09-20,13:41,114000,golfpang,,,18홀,tr_220391637
골프존 안성H,2026-09-20,14:27,180000,golfpang,,,18홀,tr_220233098
포웰(안성)cc,2026-09-20,07:00,165000,golfpang,,,18홀,tr_220402092
양평TPC,2026-09-20,06:52,170000,golfpang,,,18홀,tr_220391954
골프존 안성H,2026-09-20,06:51,190000,golfpang,,,18홀,tr_220233096
포웰(안성)cc,2026-09-20,06:46,165000,golfpang,,,18홀,tr_220402093
이글몬트,2026-09-20,06:41,180000,golfpang,,,18홀,tr_220375982
양지파인,2026-09-20,08:07,199000,golfpang,,,18홀,tr_220346890
루트52,2026-09-20,08:02,220000,golfpang,,,18홀,tr_219716364
캐슬렉스,2026-09-20,07:28,250000,golfpang,,,18홀,tr_220325334
이천실크밸리,2026-09-20,07:24,160000,golfpang,,,18홀,tr_219914028
포웰(안성)cc,2026-09-20,07:14,165000,golfpang,,,18홀,tr_220402091
캐슬렉스,2026-09-20,08:45,250000,golfpang,,,18홀,tr_220325336
캐슬렉스,2026-09-20,08:38,250000,golfpang,,,18홀,tr_220325335
양지파인,2026-09-20,08:30,199000,golfpang,,,18홀,tr_220346891
이천실크밸리,2026-09-20,08:20,180000,golfpang,,,18홀,tr_219914029
루트52,2026-09-20,08:16,220000,golfpang,,,18홀,tr_219716365
스카이밸리,2026-09-20,12:01,190000,golfpang,,,18홀,tr_220289581
스카이밸리,2026-09-20,12:01,190000,golfpang,,,18홀,tr_220289580
해솔리아,2026-09-20,06:28,160000,golfpang,,,18홀,tr_220297348
360도,2026-09-20,06:22,160000,golfpang,,,18홀,tr_220422109
유니아일랜드,2026-09-20,06:22,160000,golfpang,,,18홀,tr_219933655
아세코밸리-퍼9,2026-09-20,18:06,80000,golfpang,,,18홀,tr_220420841
유니아일랜드,2026-09-20,07:11,180000,golfpang,,,18홀,tr_219933656
해솔리아,2026-09-20,11:41,160000,golfpang,,,18홀,tr_220305282
스카이밸리,2026-09-20,13:40,180000,golfpang,,,18홀,tr_220001501
포웰(안성)cc,2026-09-20,18:50,65000,golfpang,,,18홀,tr_220001745
360도,2026-09-20,06:07,155000,golfpang,,,18홀,tr_220522458
360도,2026-09-20,06:22,160000,golfpang,,,18홀,tr_220522459
클럽72,2026-09-20,12:23,190000,golfpang,,,18홀,tr_219891625
베르힐(영종),2026-09-20,17:36,180000,golfpang,,,18홀,tr_219870655
양평TPC,2026-09-20,12:40,160000,golfpang,,,18홀,tr_220395457
한림안성(퍼9),2026-09-20,13:12,130000,golfpang,,,18홀,tr_219996660
양평TPC,2026-09-20,13:57,150000,golfpang,,,18홀,tr_220395458
한림용인,2026-09-20,18:13,133000,golfpang,,,18홀,tr_220522138
솔트베이,2026-09-20,16:51,169000,golfpang,,,18홀,tr_220522061
솔트베이,2026-09-20,12:31,230000,golfpang,,,18홀,tr_220521956
안성베네스트(챌),2026-09-20,07:47,199000,golfpang,,,18홀,tr_220513167
안성베네스트(챌),2026-09-20,13:52,169000,golfpang,,,18홀,tr_220513169
클럽72-오션,2026-09-20,12:11,210000,golfpang,,,18홀,tr_220441224
한림용인,2026-09-20,18:06,135000,golfpang,,,18홀,tr_220393120
해솔리아,2026-09-20,18:04,110000,golfpang,,,18홀,tr_220437112
에덴블루,2026-09-20,18:04,89900,golfpang,,,18홀,tr_220392654
아난티중앙(야간),2026-09-20,18:02,100000,golfpang,,,18홀,tr_220149887
빅토리아-퍼9,2026-09-20,18:00,89000,golfpang,,,18홀,tr_220389651
용인플라자,2026-09-20,18:40,140000,golfpang,,,18홀,tr_220392686
골프존 송도(구.오렌지듄스),2026-09-20,18:38,129000,golfpang,,,18홀,tr_220393412
이천실크밸리,2026-09-20,18:31,75000,golfpang,,,18홀,tr_220442325
용인플라자,2026-09-20,18:26,140000,golfpang,,,18홀,tr_220392685
포웰(안성)cc,2026-09-20,18:25,92000,golfpang,,,18홀,tr_220128011
에덴블루,2026-09-20,19:03,79900,golfpang,,,18홀,tr_220392655
클럽72,2026-09-20,19:00,110000,golfpang,,,18홀,tr_220127340
리베라,2026-09-20,18:59,110000,golfpang,,,18홀,tr_220494291
그린힐,2026-09-20,18:52,80000,golfpang,,,18홀,tr_220401983
솔트베이,2026-09-20,18:50,149000,golfpang,,,18홀,tr_220390142
골프존 송도(구.오렌지듄스),2026-09-20,18:45,129000,golfpang,,,18홀,tr_220393413
리베라,2026-09-20,18:45,110000,golfpang,,,18홀,tr_220494290
포웰(안성)cc,2026-09-20,19:21,82000,golfpang,,,18홀,tr_220128012
그린힐,2026-09-20,19:13,80000,golfpang,,,18홀,tr_220401984
리베라,2026-09-20,19:06,110000,golfpang,,,18홀,tr_220494292
안성베네스트(클),2026-09-20,14:13,179000,golfpang,,,18홀,tr_220392180
안성베네스트(클),2026-09-20,14:13,179000,golfpang,,,18홀,tr_220392179
용인(비공개),2026-09-20,14:06,180000,golfpang,,,18홀,tr_219990092
한림용인,2026-09-20,17:24,140000,golfpang,,,18홀,tr_220393119
한림용인,2026-09-20,17:17,140000,golfpang,,,18홀,tr_220393118
빅토리아-퍼9,2026-09-20,17:17,89000,golfpang,,,18홀,tr_220389650
아세코밸리-퍼9,2026-09-20,17:10,100000,golfpang,,,18홀,tr_220392131
아세코밸리-퍼9,2026-09-20,16:49,100000,golfpang,,,18홀,tr_220392130
이천실크밸리,2026-09-20,17:56,75000,golfpang,,,18홀,tr_220442324
골프존 송도(구.오렌지듄스),2026-09-20,17:56,139000,golfpang,,,18홀,tr_220393411
이천실크밸리,2026-09-20,17:49,75000,golfpang,,,18홀,tr_220442326
용인플라자,2026-09-20,18:20,140000,golfpang,,,18홀,tr_220392684
해솔리아,2026-09-20,11:55,160000,golfpang,,,18홀,tr_220437111
솔트베이,2026-09-20,11:50,230000,golfpang,,,18홀,tr_220390140
유니아일랜드,2026-09-20,10:54,160000,golfpang,,,18홀,tr_220392702
세현,2026-09-20,13:09,230000,golfpang,,,18홀,tr_220389772
솔트베이,2026-09-20,12:32,230000,golfpang,,,18홀,tr_220390141
해솔리아,2026-09-20,13:40,150000,golfpang,,,18홀,tr_220437110
골프존 안성W,2026-09-20,13:31,140000,golfpang,,,18홀,tr_220411702
빅토리아-퍼9,2026-09-20,13:20,114000,golfpang,,,18홀,tr_220389649
레인보우힐스,2026-09-20,13:20,255000,golfpang,,,18홀,tr_220057209
레인보우힐스,2026-09-20,13:13,255000,golfpang,,,18홀,tr_220057210
에덴블루,2026-09-20,14:00,142500,golfpang,,,18홀,tr_220392653
용인(비공개),2026-09-20,13:52,180000,golfpang,,,18홀,tr_219990091
골프존 안성W,2026-09-20,13:51,140000,golfpang,,,18홀,tr_220411703
세현,2026-09-20,13:51,200000,golfpang,,,18홀,tr_220389774
세현,2026-09-20,13:44,200000,golfpang,,,18홀,tr_220389773
360도,2026-09-20,07:00,170000,golfpang,,,18홀,tr_220468691
용인(비공개),2026-09-20,06:46,209000,golfpang,,,18홀,tr_219990090
양평TPC,2026-09-20,06:38,170000,golfpang,,,18홀,tr_220431259
양평TPC,2026-09-20,08:06,180000,golfpang,,,18홀,tr_220431260
양지파인,2026-09-20,08:22,199000,golfpang,,,18홀,tr_220392242
양지파인,2026-09-20,08:15,199000,golfpang,,,18홀,tr_220392241
스카이밸리,2026-09-20,12:15,190000,golfpang,,,18홀,tr_220468608
유니아일랜드,2026-09-20,05:47,150000,golfpang,,,18홀,tr_220392700
스카이밸리,2026-09-20,12:01,190000,golfpang,,,18홀,tr_220468607
유니아일랜드,2026-09-20,06:08,160000,golfpang,,,18홀,tr_220392701
포웰(안성)cc,2026-09-20,06:04,191000,golfpang,,,18홀,tr_220128010
360도,2026-09-20,06:00,155000,golfpang,,,18홀,tr_220468690
아난티중앙(야간),2026-09-20,18:11,100000,golfpang,,,18홀,tr_220149888
아세코밸리-퍼9,2026-09-20,05:37,140000,golfpang,,,18홀,tr_220392129
비에이비스타(퍼),2026-09-20,12:50,150000,golfpang,,,18홀,tr_220521619
360도,2026-09-20,07:00,170000,golfpang,,,18홀,tr_220431185
골프존 안성W,2026-09-20,17:35,100000,golfpang,,,18홀,tr_220431176
해솔리아,2026-09-20,13:47,150000,golfpang,,,18홀,tr_220431583
골프존 안성H,2026-09-20,14:20,180000,golfpang,,,18홀,tr_220423982
포웰(안성)cc,2026-09-20,07:49,165000,golfpang,,,18홀,tr_220431485
해솔리아,2026-09-20,07:17,170000,golfpang,,,18홀,tr_220503665
포웰(안성)cc,2026-09-20,08:10,175000,golfpang,,,18홀,tr_220518723
포웰(안성)cc,2026-09-20,18:46,75000,golfpang,,,18홀,tr_220518722
포웰(안성)cc,2026-09-20,05:57,145000,golfpang,,,18홀,tr_220518721
젠스필드,2026-09-20,18:44,70000,golfpang,,,18홀,tr_220258881
골프존 송도(구.오렌지듄스),2026-09-20,13:22,179000,golfpang,,,18홀,tr_220259546
골프존 송도(구.오렌지듄스),2026-09-20,12:54,179000,golfpang,,,18홀,tr_220165833
클럽72,2026-09-20,18:18,120000,golfpang,,,18홀,tr_220515734
한림용인,2026-09-20,18:13,133000,golfpang,,,18홀,tr_220515679
비에이비스타(퍼),2026-09-20,18:13,110000,golfpang,,,18홀,tr_220513288
360도,2026-09-20,06:22,160000,golfpang,,,18홀,tr_220513150
360도,2026-09-20,06:45,170000,golfpang,,,18홀,tr_220513149
에델바이스(가명),2026-09-20,06:28,170000,golfpang,,,18홀,tr_220494057
신안(병행),2026-09-20,18:03,80000,golfpang,,,18홀,tr_219936813
한림용인,2026-09-20,17:59,140000,golfpang,,,18홀,tr_220423289
에덴블루,2026-09-20,19:03,79900,golfpang,,,18홀,tr_220481091
그린힐,2026-09-20,18:52,90000,golfpang,,,18홀,tr_220222839
솔트베이,2026-09-20,18:50,149000,golfpang,,,18홀,tr_220481343
리베라,2026-09-20,18:45,120000,golfpang,,,18홀,tr_219329199
그린힐,2026-09-20,18:45,90000,golfpang,,,18홀,tr_220222838
솔트베이,2026-09-20,18:43,149000,golfpang,,,18홀,tr_220481342
용인플라자,2026-09-20,18:40,140000,golfpang,,,18홀,tr_219536873
그린힐,2026-09-20,19:13,80000,golfpang,,,18홀,tr_220222840
마이다스레이크 이천,2026-09-20,14:24,200000,golfpang,,,18홀,tr_220389979
안성베네스트(클),2026-09-20,14:13,179000,golfpang,,,18홀,tr_220494259
안성베네스트(클),2026-09-20,14:13,179000,golfpang,,,18홀,tr_220494258
여주,2026-09-20,14:07,220000,golfpang,,,18홀,tr_220015418
여주,2026-09-20,14:07,220000,golfpang,,,18홀,tr_220015417
리베라,2026-09-20,14:03,250000,golfpang,,,18홀,tr_219329197
한림용인,2026-09-20,17:24,140000,golfpang,,,18홀,tr_220423288
양지파인,2026-09-20,08:30,199000,golfpang,,,18홀,tr_220328365
포웰(안성)cc,2026-09-20,12:12,172000,golfpang,,,18홀,tr_219914919
스카이밸리,2026-09-20,12:01,190000,golfpang,,,18홀,tr_220437318
포웰(안성)cc,2026-09-20,11:51,185200,golfpang,,,18홀,tr_219914918
뉴스프링빌,2026-09-20,11:51,270000,golfpang,,,18홀,tr_219937426
세현,2026-09-20,12:34,250000,golfpang,,,18홀,tr_219329254
솔트베이,2026-09-20,12:32,230000,golfpang,,,18홀,tr_220481341
해솔리아,2026-09-20,13:05,150000,golfpang,,,18홀,tr_220437230
에델바이스(가명),2026-09-20,13:05,170000,golfpang,,,18홀,tr_220494058
에덴블루,2026-09-20,13:00,142500,golfpang,,,18홀,tr_220481090
크리스밸리,2026-09-20,12:54,180000,golfpang,,,18홀,tr_219791209
크리스밸리,2026-09-20,12:54,180000,golfpang,,,18홀,tr_219791208
빅토리아-퍼9,2026-09-20,12:45,114000,golfpang,,,18홀,tr_219749427
히든밸리,2026-09-20,13:12,150000,golfpang,,,18홀,tr_220411477
골프존 안성W,2026-09-20,13:31,140000,golfpang,,,18홀,tr_220420152
세현,2026-09-20,13:51,230000,golfpang,,,18홀,tr_219329256
세현,2026-09-20,13:44,230000,golfpang,,,18홀,tr_219329255
포웰(안성)cc,2026-09-20,13:57,152000,golfpang,,,18홀,tr_219914920
용인플라자,2026-09-20,17:02,140000,golfpang,,,18홀,tr_219536875
해솔리아,2026-09-20,17:01,120000,golfpang,,,18홀,tr_220437231
마이다스레이크 이천,2026-09-20,06:21,200000,golfpang,,,18홀,tr_220389978
양평TPC,2026-09-20,06:38,170000,golfpang,,,18홀,tr_220431317
뉴스프링빌,2026-09-20,07:15,270000,golfpang,,,18홀,tr_219937425
빅토리아-퍼9,2026-09-20,07:03,114000,golfpang,,,18홀,tr_219749425
스카이밸리,2026-09-20,07:58,190000,golfpang,,,18홀,tr_220437317
에덴블루,2026-09-20,07:58,209000,golfpang,,,18홀,tr_220481089
신라,2026-09-20,07:34,200000,golfpang,,,18홀,tr_220121544
캐슬렉스,2026-09-20,07:28,250000,golfpang,,,18홀,tr_220479160
캐슬렉스,2026-09-20,07:21,250000,golfpang,,,18홀,tr_220479159
해솔리아,2026-09-20,08:27,220000,golfpang,,,18홀,tr_220437229
양지파인,2026-09-20,08:22,199000,golfpang,,,18홀,tr_220328366
양평TPC,2026-09-20,08:16,180000,golfpang,,,18홀,tr_220431318
신라,2026-09-20,08:09,200000,golfpang,,,18홀,tr_220121542
신라,2026-09-20,08:02,200000,golfpang,,,18홀,tr_220121543
빅토리아-퍼9,2026-09-20,11:28,114000,golfpang,,,18홀,tr_219749426
골프존 안성W,2026-09-20,08:43,170000,golfpang,,,18홀,tr_220420151
히든밸리,2026-09-20,08:34,190000,golfpang,,,18홀,tr_220411476
클럽72,2026-09-20,14:01,190000,golfpang,,,18홀,tr_220505581
클럽72-오션,2026-09-20,13:28,210000,golfpang,,,18홀,tr_220505569
클럽72-오션,2026-09-20,14:03,210000,golfpang,,,18홀,tr_220505570
양평TPC,2026-09-20,13:57,150000,golfpang,,,18홀,tr_220505508
골프존 안성W,2026-09-20,13:45,140000,golfpang,,,18홀,tr_220505477
골프존 안성W,2026-09-20,13:45,140000,golfpang,,,18홀,tr_220505476
클럽72,2026-09-20,18:25,120000,golfpang,,,18홀,tr_220505412
클럽72,2026-09-20,17:50,130000,golfpang,,,18홀,tr_220505411
클럽72,2026-09-20,18:39,120000,golfpang,,,18홀,tr_220505413
비에이비스타,2026-09-20,17:52,100000,golfpang,,,18홀,tr_219781909
비에이비스타,2026-09-20,13:32,160000,golfpang,,,18홀,tr_219781914
안성베네스트(클),2026-09-20,14:13,179000,golfpang,,,18홀,tr_220505081
안성베네스트(클),2026-09-20,14:13,179000,golfpang,,,18홀,tr_220505082
비에이비스타(퍼),2026-09-20,12:57,150000,golfpang,,,18홀,tr_220505078
여주,2026-09-20,14:07,220000,golfpang,,,18홀,tr_220505063
여주,2026-09-20,14:07,220000,golfpang,,,18홀,tr_220505062
그린힐,2026-09-20,18:31,90000,golfpang,,,18홀,tr_220505036
그린힐,2026-09-20,18:31,90000,golfpang,,,18홀,tr_220505035
그린힐,2026-09-20,19:06,80000,golfpang,,,18홀,tr_220505037
골프존 안성W,2026-09-20,13:31,140000,golfpang,,,18홀,tr_220504914
골프존 안성W,2026-09-20,13:52,140000,golfpang,,,18홀,tr_220504915
스카이밸리,2026-09-20,06:20,170000,golfpang,,,18홀,tr_220467700
스카이밸리,2026-09-20,13:04,180000,golfpang,,,18홀,tr_220467701
안성베네스트(챌),2026-09-20,07:47,209000,golfpang,,,18홀,tr_220504848
안성베네스트(챌),2026-09-20,13:52,179000,golfpang,,,18홀,tr_220504849
유니아일랜드,2026-09-20,10:33,160000,golfpang,,,18홀,tr_220504791
유니아일랜드,2026-09-20,06:08,160000,golfpang,,,18홀,tr_220504790
써닝포인트,2026-09-20,06:07,215000,golfpang,,,18홀,tr_220349882
써닝포인트,2026-09-20,06:14,215000,golfpang,,,18홀,tr_220349883
더크로스비,2026-09-20,12:48,180000,golfpang,,,18홀,tr_220504750
양지파인,2026-09-20,08:30,199000,golfpang,,,18홀,tr_220420264
양지파인,2026-09-20,08:00,199000,golfpang,,,18홀,tr_220420263
골프클럽Q,2026-09-20,07:59,180000,golfpang,,,18홀,tr_220394389
클럽72,2026-09-20,17:50,130000,golfpang,,,18홀,tr_220396441
클럽72-오션,2026-09-20,13:28,210000,golfpang,,,18홀,tr_220002549
한림용인,2026-09-20,17:24,135000,golfpang,,,18홀,tr_220396444
세현,2026-09-20,12:34,220000,golfpang,,,18홀,tr_220241423
세현,2026-09-20,13:44,200000,golfpang,,,18홀,tr_220241424
세현,2026-09-20,13:51,200000,golfpang,,,18홀,tr_220241425
골프존 안성H,2026-09-20,14:20,180000,golfpang,,,18홀,tr_220504684
유니아일랜드,2026-09-20,12:11,150000,golfpang,,,18홀,tr_220396431
양평TPC,2026-09-20,08:16,180000,golfpang,,,18홀,tr_220182570
솔모로,2026-09-20,13:42,170000,golfpang,,,18홀,tr_220504293
포웰(안성)cc,2026-09-20,05:57,145000,golfpang,,,18홀,tr_220504133
포웰(안성)cc,2026-09-20,19:35,65000,golfpang,,,18홀,tr_220504134
포웰(안성)cc,2026-09-20,07:49,165000,golfpang,,,18홀,tr_220504135
클럽72,2026-09-20,18:40,120000,golfpang,,,18홀,tr_220503991
골프존 송도(구.오렌지듄스),2026-09-20,18:39,129000,golfpang,,,18홀,tr_220503958
골프존 송도(구.오렌지듄스),2026-09-20,17:57,139000,golfpang,,,18홀,tr_220503881
클럽72,2026-09-20,17:51,130000,golfpang,,,18홀,tr_220503843
골프존 송도(구.오렌지듄스),2026-09-20,17:50,139000,golfpang,,,18홀,tr_220503817
히든밸리,2026-09-20,07:34,190000,golfpang,,,18홀,tr_220503724
히든밸리,2026-09-20,07:17,180000,golfpang,,,18홀,tr_220503723
캐슬렉스,2026-09-20,08:45,250000,golfpang,,,18홀,tr_220503669
캐슬렉스,2026-09-20,07:28,250000,golfpang,,,18홀,tr_220503668
캐슬렉스,2026-09-20,06:53,250000,golfpang,,,18홀,tr_220503667
세현,2026-09-20,13:09,220000,golfpang,,,18홀,tr_220503379
해솔리아,2026-09-20,07:17,170000,golfpang,,,18홀,tr_220503267
클럽72-오션,2026-09-20,12:40,210000,golfpang,,,18홀,tr_220503239
클럽72-오션,2026-09-20,06:09,310000,golfpang,,,18홀,tr_220503216
클럽72-오션,2026-09-20,13:28,210000,golfpang,,,18홀,tr_220503217
더크로스비,2026-09-20,12:20,180000,golfpang,,,18홀,tr_220503215
클럽72,2026-09-20,12:51,190000,golfpang,,,18홀,tr_220503020
클럽72,2026-09-20,19:07,110000,golfpang,,,18홀,tr_220503019
클럽72,2026-09-20,19:00,110000,golfpang,,,18홀,tr_220503021
포웰(안성)cc,2026-09-20,19:05,65000,golfpang,,,18홀,tr_220149726
포웰(안성)cc,2026-09-20,07:21,165000,golfpang,,,18홀,tr_220203459
크리스밸리,2026-09-20,08:33,220000,golfpang,,,18홀,tr_220502820
크리스밸리,2026-09-20,11:30,180000,golfpang,,,18홀,tr_220502821
리베라,2026-09-20,17:28,120000,golfpang,,,18홀,tr_220183011
골프클럽Q,2026-09-20,13:22,160000,golfpang,,,18홀,tr_220002608
360도,2026-09-20,06:07,155000,golfpang,,,18홀,tr_220184022
써닝포인트,2026-09-20,18:18,135000,golfpang,,,18홀,tr_220502624
해솔리아,2026-09-20,17:43,120000,golfpang,,,18홀,tr_220441886
해솔리아,2026-09-20,13:47,150000,golfpang,,,18홀,tr_220502597
유니아일랜드,2026-09-20,06:01,160000,golfpang,,,18홀,tr_220502564
유니아일랜드,2026-09-20,12:11,170000,golfpang,,,18홀,tr_220502565
유니아일랜드,2026-09-20,10:05,180000,golfpang,,,18홀,tr_220502566
해솔리아,2026-09-20,12:02,160000,golfpang,,,18홀,tr_220441887
골프존 안성W,2026-09-20,17:35,100000,golfpang,,,18홀,tr_220502518
골프존 안성W,2026-09-20,14:13,140000,golfpang,,,18홀,tr_220502439
클럽72,2026-09-20,18:25,120000,golfpang,,,18홀,tr_220502342
빅토리아-퍼9,2026-09-20,18:48,-1,golfpang,,,18홀,tr_220502135
클럽72,2026-09-20,18:39,120000,golfpang,,,18홀,tr_220502343
리베라,2026-09-20,18:59,110000,golfpang,,,18홀,tr_220500830
빅토리아-퍼9,2026-09-20,18:55,-1,golfpang,,,18홀,tr_220502136
그린힐,2026-09-20,19:13,80000,golfpang,,,18홀,tr_220501542
클럽72,2026-09-20,19:07,110000,golfpang,,,18홀,tr_220501834
레인보우힐스,2026-09-20,13:12,255000,golfpang,,,18홀,tr_220500667
아세코밸리-퍼9,2026-09-20,17:38,80000,golfpang,,,18홀,tr_220501355
빅토리아-퍼9,2026-09-20,18:13,-1,golfpang,,,18홀,tr_220502102
양지파인,2026-09-20,08:15,199000,golfpang,,,18홀,tr_220500933
빅토리아-퍼9,2026-09-20,17:31,-1,golfpang,,,18홀,tr_220501830
클럽72,2026-09-20,17:57,130000,golfpang,,,18홀,tr_220502341
클럽72,2026-09-20,06:09,310000,golfpang,,,18홀,tr_220502339
클럽72,2026-09-20,17:50,130000,golfpang,,,18홀,tr_220502340
유니아일랜드,2026-09-20,12:11,170000,golfpang,,,18홀,tr_220500128
여주,2026-09-20,14:07,220000,golfpang,,,18홀,tr_220499781
여주,2026-09-20,14:07,220000,golfpang,,,18홀,tr_220499782
양지파인,2026-09-20,08:15,199000,golfpang,,,18홀,tr_220499699
양지파인,2026-09-20,08:15,199000,golfpang,,,18홀,tr_220499698
골드,2026-09-20,18:08,119000,golfpang,,,18홀,tr_218340226
코리아,2026-09-20,18:15,129000,golfpang,,,18홀,tr_218340230
솔트베이,2026-09-20,12:32,230000,golfpang,,,18홀,tr_220184136
리베라,2026-09-20,19:06,110000,golfpang,,,18홀,tr_220499312
빅토리아-퍼9,2026-09-20,17:38,-1,golfpang,,,18홀,tr_220499335
리베라,2026-09-20,18:59,110000,golfpang,,,18홀,tr_220499311
빅토리아-퍼9,2026-09-20,18:41,-1,golfpang,,,18홀,tr_220499367
빅토리아-퍼9,2026-09-20,18:27,-1,golfpang,,,18홀,tr_220499336
그린힐,2026-09-20,19:20,80000,golfpang,,,18홀,tr_220498544
아세코밸리-퍼9,2026-09-20,17:52,80000,golfpang,,,18홀,tr_220498588
360도,2026-09-20,07:00,170000,golfpang,,,18홀,tr_220498782
클럽72,2026-09-20,17:57,130000,golfpang,,,18홀,tr_220499054
유니아일랜드,2026-09-20,07:11,180000,golfpang,,,18홀,tr_220497451
클럽72,2026-09-20,18:39,120000,golfpang,,,18홀,tr_220499055
360도,2026-09-20,06:45,170000,golfpang,,,18홀,tr_220498812
360도,2026-09-20,06:22,160000,golfpang,,,18홀,tr_220498781
아세코밸리-퍼9,2026-09-20,17:38,80000,golfpang,,,18홀,tr_220497060
아세코밸리-퍼9,2026-09-20,16:49,100000,golfpang,,,18홀,tr_220497062
아세코밸리-퍼9,2026-09-20,12:44,130000,golfpang,,,18홀,tr_220497061
해솔리아,2026-09-20,07:17,170000,golfpang,,,18홀,tr_220496913
골프존 안성W,2026-09-20,17:28,100000,golfpang,,,18홀,tr_220431571
한림용인,2026-09-20,18:34,120000,golfpang,,,18홀,tr_220420942
리베라,2026-09-20,17:56,120000,golfpang,,,18홀,tr_220195469
아세코밸리-퍼9,2026-09-20,17:31,80000,golfpang,,,18홀,tr_220423653
아세코밸리-퍼9,2026-09-20,17:38,80000,golfpang,,,18홀,tr_220423654
아세코밸리-퍼9,2026-09-20,17:45,80000,golfpang,,,18홀,tr_220423655
빅토리아-퍼9,2026-09-20,17:17,89000,golfpang,,,18홀,tr_220193168
포웰(안성)cc,2026-09-20,18:32,82000,golfpang,,,18홀,tr_220184093
골프존 송도(구.오렌지듄스),2026-09-20,18:31,129000,golfpang,,,18홀,tr_220328710
그린힐,2026-09-20,18:31,90000,golfpang,,,18홀,tr_220195306
신안(병행),2026-09-20,18:31,80000,golfpang,,,18홀,tr_220094799
리베라,2026-09-20,18:45,110000,golfpang,,,18홀,tr_220195471
그린힐,2026-09-20,18:38,90000,golfpang,,,18홀,tr_220195307
리베라,2026-09-20,18:52,110000,golfpang,,,18홀,tr_220195470
포웰(안성)cc,2026-09-20,19:21,72000,golfpang,,,18홀,tr_220184094
그린힐,2026-09-20,19:13,80000,golfpang,,,18홀,tr_220195305
이천실크밸리,2026-09-20,17:56,75000,golfpang,,,18홀,tr_220493709
이천실크밸리,2026-09-20,17:56,75000,golfpang,,,18홀,tr_220493707
이천실크밸리,2026-09-20,17:49,75000,golfpang,,,18홀,tr_220493708
한림용인,2026-09-20,18:06,135000,golfpang,,,18홀,tr_220420941
해솔리아,2026-09-20,18:04,110000,golfpang,,,18홀,tr_220494089
골프존 안성W,2026-09-20,14:13,140000,golfpang,,,18홀,tr_220431570
골프존 안성W,2026-09-20,14:13,140000,golfpang,,,18홀,tr_220431569
마이다스레이크 이천,2026-09-20,14:10,180000,golfpang,,,18홀,tr_220175050
신안(병행),2026-09-20,17:28,90000,golfpang,,,18홀,tr_220094798
골프존 송도(구.오렌지듄스),2026-09-20,17:56,139000,golfpang,,,18홀,tr_220328709
한림용인,2026-09-20,17:17,140000,golfpang,,,18홀,tr_220420940
빅토리아-퍼9,2026-09-20,13:06,114000,golfpang,,,18홀,tr_220193167
세현,2026-09-20,13:58,200000,golfpang,,,18홀,tr_220190475
세현,2026-09-20,13:44,200000,golfpang,,,18홀,tr_220190473
세현,2026-09-20,13:51,200000,golfpang,,,18홀,tr_220190474
해솔리아,2026-09-20,13:40,150000,golfpang,,,18홀,tr_220494088
히든밸리,2026-09-20,13:12,150000,golfpang,,,18홀,tr_219694965
에델바이스(가명),2026-09-20,13:05,170000,golfpang,,,18홀,tr_220485238
빅토리아-퍼9,2026-09-20,12:59,114000,golfpang,,,18홀,tr_220193166
베르힐(영종),2026-09-20,18:25,170000,golfpang,,,18홀,tr_220390597
솔트베이,2026-09-20,12:32,230000,golfpang,,,18홀,tr_220485010
솔트베이,2026-09-20,05:46,239000,golfpang,,,18홀,tr_220390134
클럽72-오션,2026-09-20,12:11,210000,golfpang,,,18홀,tr_220390328
클럽72,2026-09-20,14:03,210000,golfpang,,,18홀,tr_220496738
빅토리아-퍼9,2026-09-20,19:02,-1,golfpang,,,18홀,tr_220496559
빅토리아-퍼9,2026-09-20,17:59,-1,golfpang,,,18홀,tr_220496534
양지파인,2026-09-20,08:15,199000,golfpang,,,18홀,tr_220496693
빅토리아-퍼9,2026-09-20,18:34,-1,golfpang,,,18홀,tr_220496558
리베라,2026-09-20,18:52,110000,golfpang,,,18홀,tr_220496520
아세코밸리-퍼9,2026-09-20,17:45,80000,golfpang,,,18홀,tr_220495810
360도,2026-09-20,06:00,155000,golfpang,,,18홀,tr_220496062
유니아일랜드,2026-09-20,10:26,180000,golfpang,,,18홀,tr_220494645
세현,2026-09-20,14:05,200000,golfpang,,,18홀,tr_220495142
세현,2026-09-20,13:51,200000,golfpang,,,18홀,tr_220495141
레인보우힐스,2026-09-20,13:20,255000,golfpang,,,18홀,tr_220495561
리베라,2026-09-20,19:06,110000,golfpang,,,18홀,tr_220495346
그린힐,2026-09-20,18:52,80000,golfpang,,,18홀,tr_220496021
리베라,2026-09-20,18:59,110000,golfpang,,,18홀,tr_220495344
리베라,2026-09-20,18:45,110000,golfpang,,,18홀,tr_220495345
클럽72,2026-09-20,18:25,120000,golfpang,,,18홀,tr_220496297
빅토리아-퍼9,2026-09-20,18:20,-1,golfpang,,,18홀,tr_220496329
레인보우힐스,2026-09-20,13:36,255000,golfpang,,,18홀,tr_220495181
신안(병행),2026-09-20,18:38,80000,golfpang,,,18홀,tr_220494346
골프존 송도(구.오렌지듄스),2026-09-20,17:49,139000,golfpang,,,18홀,tr_220370962
클럽72,2026-09-20,18:25,120000,golfpang,,,18홀,tr_219332078
골프존 송도(구.오렌지듄스),2026-09-20,18:38,129000,golfpang,,,18홀,tr_219991944
클럽72,2026-09-20,17:50,130000,golfpang,,,18홀,tr_219332074
골프존 송도(구.오렌지듄스),2026-09-20,13:43,179000,golfpang,,,18홀,tr_219332082
클럽72-오션,2026-09-20,06:16,310000,golfpang,,,18홀,tr_219998068
클럽72-오션,2026-09-20,12:32,250000,golfpang,,,18홀,tr_220375072
신안,2026-09-20,18:31,90000,golfpang,,,18홀,tr_220494134
마이다스레이크 이천,2026-09-20,14:24,180000,golfpang,,,18홀,tr_220402125
양평TPC,2026-09-20,08:00,180000,golfpang,,,18홀,tr_220393967
양평TPC,2026-09-20,07:00,170000,golfpang,,,18홀,tr_220393966
신라,2026-09-20,14:00,190000,golfpang,,,18홀,tr_220493959
신라,2026-09-20,07:41,210000,golfpang,,,18홀,tr_220493957
신라,2026-09-20,08:02,220000,golfpang,,,18홀,tr_220493958
한림용인,2026-09-20,17:24,140000,golfpang,,,18홀,tr_220493775
한림용인,2026-09-20,18:06,135000,golfpang,,,18홀,tr_220493776
한림용인,2026-09-20,17:24,140000,golfpang,,,18홀,tr_220493774
에델바이스(가명),2026-09-20,06:56,180000,golfpang,,,18홀,tr_220414503
이글몬트,2026-09-20,06:48,180000,golfpang,,,18홀,tr_220375917
더크로스비,2026-09-20,13:44,187000,golfpang,,,18홀,tr_220402049
더크로스비,2026-09-20,12:48,207000,golfpang,,,18홀,tr_220401840
세현,2026-09-20,13:44,200000,golfpang,,,18홀,tr_220486296
세현,2026-09-20,13:51,200000,golfpang,,,18홀,tr_220486295
세현,2026-09-20,13:58,230000,golfpang,,,18홀,tr_220486297
이포,2026-09-20,18:13,120000,golfpang,,,18홀,tr_220485865
뉴스프링빌,2026-09-20,11:51,270000,golfpang,,,18홀,tr_220301771
뉴스프링빌,2026-09-20,07:07,270000,golfpang,,,18홀,tr_220301770
솔모로,2026-09-20,13:56,170000,golfpang,,,18홀,tr_219715887
베르힐(영종),2026-09-20,17:15,190000,golfpang,,,18홀,tr_220204019
용인플라자,2026-09-20,17:09,140000,golfpang,,,18홀,tr_219528313
해솔리아,2026-09-20,17:29,120000,golfpang,,,18홀,tr_220289088
신안(병행),2026-09-20,17:28,90000,golfpang,,,18홀,tr_220029332
이천실크밸리,2026-09-20,17:28,110000,golfpang,,,18홀,tr_220283003
골프존 안성W,2026-09-20,17:21,110000,golfpang,,,18홀,tr_220306397
여주,2026-09-20,13:39,220000,golfpang,,,18홀,tr_219392850
솔트베이,2026-09-20,12:33,230000,golfpang,,,18홀,tr_220192907
이글몬트,2026-09-20,13:25,180000,golfpang,,,18홀,tr_219841363
골프존 안성W,2026-09-20,13:17,150000,golfpang,,,18홀,tr_220306396
양평TPC,2026-09-20,13:22,170000,golfpang,,,18홀,tr_220307281
리베라,2026-09-20,18:52,110000,golfpang,,,18홀,tr_220485367
리베라,2026-09-20,18:45,110000,golfpang,,,18홀,tr_220485366
리베라,2026-09-20,14:24,240000,golfpang,,,18홀,tr_220485365
레인보우힐스,2026-09-20,12:40,255000,golfpang,,,18홀,tr_220485180
레인보우힐스,2026-09-20,13:12,255000,golfpang,,,18홀,tr_220485181
블루원용인,2026-09-20,18:43,110000,golfpang,,,18홀,tr_220484726
용인플라자,2026-09-20,18:20,140000,golfpang,,,18홀,tr_220484471
용인플라자,2026-09-20,18:34,140000,golfpang,,,18홀,tr_220484473
용인플라자,2026-09-20,18:27,140000,golfpang,,,18홀,tr_220484472
그린힐,2026-09-20,13:28,160000,golfpang,,,18홀,tr_218505725
그린힐,2026-09-20,18:38,90000,golfpang,,,18홀,tr_220484260
그린힐,2026-09-20,18:52,80000,golfpang,,,18홀,tr_220484259
그린힐,2026-09-20,18:59,80000,golfpang,,,18홀,tr_220484261
한림안성(퍼9),2026-09-20,13:12,130000,golfpang,,,18홀,tr_220026441
양평TPC,2026-09-20,13:57,150000,golfpang,,,18홀,tr_220220595
360도,2026-09-20,07:00,170000,golfpang,,,18홀,tr_220483947
360도,2026-09-20,06:22,160000,golfpang,,,18홀,tr_220483946
솔트베이,2026-09-20,11:43,230000,golfpang,,,18홀,tr_220199005
골프존 송도(구.오렌지듄스),2026-09-20,11:37,199000,golfpang,,,18홀,tr_219324961
써닝포인트,2026-09-20,17:36,125000,golfpang,,,18홀,tr_219923429
마론뉴데이,2026-09-20,14:05,130000,golfpang,,,18홀,tr_220483221
마론뉴데이,2026-09-20,08:19,150000,golfpang,,,18홀,tr_220483219
마론뉴데이,2026-09-20,13:13,130000,golfpang,,,18홀,tr_220483220
유니아일랜드,2026-09-20,12:11,150000,golfpang,,,18홀,tr_220481431
이천실크밸리,2026-09-20,18:31,75000,golfpang,,,18홀,tr_220441642
해솔리아,2026-09-20,18:04,110000,golfpang,,,18홀,tr_220476530
클럽72,2026-09-20,14:01,190000,golfpang,,,18홀,tr_220479173
이천실크밸리,2026-09-20,17:56,75000,golfpang,,,18홀,tr_220441641
해솔리아,2026-09-20,13:47,150000,golfpang,,,18홀,tr_220476529
해솔리아,2026-09-20,11:55,160000,golfpang,,,18홀,tr_220476528
솔트베이,2026-09-20,12:30,230000,golfpang,,,18홀,tr_220476997
해솔리아,2026-09-20,11:41,160000,golfpang,,,18홀,tr_220289087
솔트베이,2026-09-20,12:32,230000,golfpang,,,18홀,tr_220470890
해솔리아,2026-09-20,17:22,120000,golfpang,,,18홀,tr_220129642
해솔리아,2026-09-20,17:22,120000,golfpang,,,18홀,tr_220129641
클럽72,2026-09-20,13:30,160000,golfpang,,,18홀,tr_218437244
에덴블루,2026-09-20,19:17,79900,golfpang,,,18홀,tr_220470163
에덴블루,2026-09-20,18:49,89900,golfpang,,,18홀,tr_220470162
그린힐,2026-09-20,14:00,157000,golfpang,,,18홀,tr_219460009
리베라,2026-09-20,18:24,110000,golfpang,,,18홀,tr_220345239
리베라,2026-09-20,18:24,110000,golfpang,,,18홀,tr_220345238
유니아일랜드,2026-09-20,10:54,160000,golfpang,,,18홀,tr_219933949
해솔리아,2026-09-20,17:08,120000,golfpang,,,18홀,tr_220421461
캐슬렉스,2026-09-20,08:45,250000,golfpang,,,18홀,tr_220318282
캐슬렉스,2026-09-20,08:38,250000,golfpang,,,18홀,tr_220318283
솔모로,2026-09-20,13:35,170000,golfpang,,,18홀,tr_220370951
신라,2026-09-20,12:20,180000,golfpang,,,18홀,tr_220290990
유니아일랜드,2026-09-20,07:11,180000,golfpang,,,18홀,tr_219933948
360도,2026-09-20,07:07,210000,golfpang,,,18홀,tr_220023304
양평TPC,2026-09-20,13:50,150000,golfpang,,,18홀,tr_220217688
양평TPC,2026-09-20,13:50,150000,golfpang,,,18홀,tr_220217687
해솔리아,2026-09-20,17:08,120000,golfpang,,,18홀,tr_220421460
스카이밸리,2026-09-20,14:00,177000,golfpang,,,18홀,tr_219970011
레인보우힐스,2026-09-20,13:12,255000,golfpang,,,18홀,tr_220469905
레인보우힐스,2026-09-20,13:20,255000,golfpang,,,18홀,tr_220469906
양지파인,2026-09-20,08:15,199000,golfpang,,,18홀,tr_220469864
더크로스비,2026-09-20,13:58,167000,golfpang,,,18홀,tr_220439715
양평TPC,2026-09-20,13:57,150000,golfpang,,,18홀,tr_220397665
더크로스비,2026-09-20,11:52,187000,golfpang,,,18홀,tr_220437077
360도,2026-09-20,06:00,155000,golfpang,,,18홀,tr_220468515
360도,2026-09-20,07:00,170000,golfpang,,,18홀,tr_220468514
에덴블루,2026-09-20,19:17,79900,golfpang,,,18홀,tr_220468241
에덴블루,2026-09-20,13:46,142500,golfpang,,,18홀,tr_220468239
에덴블루,2026-09-20,13:46,142500,golfpang,,,18홀,tr_220468240
비에이비스타(퍼),2026-09-20,18:13,110000,golfpang,,,18홀,tr_220468041
그린힐,2026-09-20,18:52,80000,golfpang,,,18홀,tr_220467972
포웰(안성)cc,2026-09-20,18:25,92000,golfpang,,,18홀,tr_220094691
포웰(안성)cc,2026-09-20,17:50,105000,golfpang,,,18홀,tr_220094690
이천실크밸리,2026-09-20,17:35,75000,golfpang,,,18홀,tr_220440824
해솔리아,2026-09-20,13:50,150000,golfpang,,,18홀,tr_220305103
포웰(안성)cc,2026-09-20,19:00,65000,golfpang,,,18홀,tr_219466402
포웰(안성)cc,2026-09-20,07:30,165000,golfpang,,,18홀,tr_219466318
포웰(안성)cc,2026-09-20,06:30,155000,golfpang,,,18홀,tr_220205849
그린힐,2026-09-20,19:00,80000,golfpang,,,18홀,tr_218549048
해솔리아,2026-09-20,06:10,160000,golfpang,,,18홀,tr_220305052
이천실크밸리,2026-09-20,18:31,75000,golfpang,,,18홀,tr_220467917
이천실크밸리,2026-09-20,18:38,75000,golfpang,,,18홀,tr_220467918
이천실크밸리,2026-09-20,18:31,75000,golfpang,,,18홀,tr_220467919
해솔리아,2026-09-20,13:44,150000,golfpang,,,18홀,tr_220291125
포웰(안성)cc,2026-09-20,07:31,165000,golfpang,,,18홀,tr_220307390
스카이밸리,2026-09-20,12:15,190000,golfpang,,,18홀,tr_220463211
포웰(안성)cc,2026-09-20,19:35,65000,golfpang,,,18홀,tr_220463080
포웰(안성)cc,2026-09-20,07:00,165000,golfpang,,,18홀,tr_220463079
포웰(안성)cc,2026-09-20,05:57,155000,golfpang,,,18홀,tr_220463078
빅토리아-퍼9,2026-09-20,11:28,114000,golfpang,,,18홀,tr_219020296
유니아일랜드,2026-09-20,10:40,160000,golfpang,,,18홀,tr_219935257
골프존 송도(구.오렌지듄스),2026-09-20,12:47,179000,golfpang,,,18홀,tr_220201815
마이다스레이크 이천,2026-09-20,12:32,200000,golfpang,,,18홀,tr_220202851
유니아일랜드,2026-09-20,07:11,180000,golfpang,,,18홀,tr_219935256
한림안성(퍼9),2026-09-20,07:10,140000,golfpang,,,18홀,tr_219962146
신라,2026-09-20,07:34,210000,golfpang,,,18홀,tr_220104495
한림안성(퍼9),2026-09-20,07:03,140000,golfpang,,,18홀,tr_219962151
빅토리아-퍼9,2026-09-20,07:03,149000,golfpang,,,18홀,tr_219020295
용인,2026-09-20,07:00,150000,golfpang,,,18홀,tr_220086225
마이다스레이크 이천,2026-09-20,06:35,200000,golfpang,,,18홀,tr_220202850
신라,2026-09-20,08:37,220000,golfpang,,,18홀,tr_220104496
클럽72-오션,2026-09-20,06:09,310000,golfpang,,,18홀,tr_220454874
클럽72-오션,2026-09-20,12:32,210000,golfpang,,,18홀,tr_220454875
클럽72,2026-09-20,19:00,110000,golfpang,,,18홀,tr_220454788
클럽72,2026-09-20,08:20,220000,golfpang,,,18홀,tr_220454786
클럽72,2026-09-20,18:25,120000,golfpang,,,18홀,tr_220454787
크리스밸리,2026-09-20,06:20,190000,golfpang,,,18홀,tr_220454584
크리스밸리,2026-09-20,13:29,170000,golfpang,,,18홀,tr_220454585
솔트베이,2026-09-20,18:01,149000,golfpang,,,18홀,tr_220454397
솔트베이,2026-09-20,12:00,230000,golfpang,,,18홀,tr_220454398
솔트베이,2026-09-20,12:32,230000,golfpang,,,18홀,tr_220454396
이천실크밸리,2026-09-20,18:31,75000,golfpang,,,18홀,tr_220442352
이천실크밸리,2026-09-20,18:31,75000,golfpang,,,18홀,tr_220442353
이천실크밸리,2026-09-20,18:31,75000,golfpang,,,18홀,tr_220442354
양지파인,2026-09-20,08:15,199000,golfpang,,,18홀,tr_220441935
양지파인,2026-09-20,08:15,199000,golfpang,,,18홀,tr_220441936
클럽72,2026-09-20,17:51,130000,golfpang,,,18홀,tr_220441932
골프존 송도(구.오렌지듄스),2026-09-20,17:50,139000,golfpang,,,18홀,tr_220441923
아세코밸리-퍼9,2026-09-20,17:10,100000,golfpang,,,18홀,tr_220390332
세현,2026-09-20,13:51,200000,golfpang,,,18홀,tr_220389994
그린힐,2026-09-20,18:45,80000,golfpang,,,18홀,tr_220389597
아세코밸리-퍼9,2026-09-20,17:17,100000,golfpang,,,18홀,tr_220390333
그린힐,2026-09-20,18:52,80000,golfpang,,,18홀,tr_220389598
세현,2026-09-20,13:44,200000,golfpang,,,18홀,tr_220389993
아세코밸리-퍼9,2026-09-20,16:49,100000,golfpang,,,18홀,tr_220390331
세현,2026-09-20,13:09,230000,golfpang,,,18홀,tr_220389992
그린힐,2026-09-20,18:45,80000,golfpang,,,18홀,tr_220389596
아세코밸리-퍼9,2026-09-20,18:06,80000,golfpang,,,18홀,tr_220441821
아세코밸리-퍼9,2026-09-20,17:10,120000,golfpang,,,18홀,tr_220441823
아세코밸리-퍼9,2026-09-20,16:49,100000,golfpang,,,18홀,tr_220441822
골프존 안성H,2026-09-20,14:20,180000,golfpang,,,18홀,tr_220342002
골프존 안성H,2026-09-20,14:20,180000,golfpang,,,18홀,tr_220342003
양평TPC,2026-09-20,13:50,160000,golfpang,,,18홀,tr_220198900
솔트베이,2026-09-20,12:32,230000,golfpang,,,18홀,tr_220198424
솔트베이,2026-09-20,11:57,230000,golfpang,,,18홀,tr_220198423
포웰(안성)cc,2026-09-20,18:25,92000,golfpang,,,18홀,tr_220105696
레인보우힐스,2026-09-20,13:20,255000,golfpang,,,18홀,tr_219977927
리베라,2026-09-20,17:49,120000,golfpang,,,18홀,tr_220088255
리베라,2026-09-20,18:38,110000,golfpang,,,18홀,tr_220088256
리베라,2026-09-20,17:49,120000,golfpang,,,18홀,tr_220088254
레인보우힐스,2026-09-20,13:12,255000,golfpang,,,18홀,tr_219977926
빅토리아-퍼9,2026-09-20,12:31,114000,golfpang,,,18홀,tr_219929228
신라,2026-09-20,12:36,190000,golfpang,,,18홀,tr_219909769
빅토리아-퍼9,2026-09-20,17:17,89000,golfpang,,,18홀,tr_219929229
에덴블루,2026-09-20,17:43,105000,golfpang,,,18홀,tr_219872513
양평TPC,2026-09-20,08:16,180000,golfpang,,,18홀,tr_220441549
양평TPC,2026-09-20,06:38,170000,golfpang,,,18홀,tr_220441548
신안(병행),2026-09-20,18:38,80000,golfpang,,,18홀,tr_220441426
신안(병행),2026-09-20,18:31,80000,golfpang,,,18홀,tr_220441424
신안(병행),2026-09-20,18:38,80000,golfpang,,,18홀,tr_220441425
솔트베이,2026-09-20,05:46,239000,golfpang,,,18홀,tr_220441173
골프존 안성W,2026-09-20,17:35,110000,golfpang,,,18홀,tr_220441079
신라,2026-09-20,06:31,200000,golfpang,,,18홀,tr_220440983
신라,2026-09-20,06:24,200000,golfpang,,,18홀,tr_220440982
신라,2026-09-20,07:27,220000,golfpang,,,18홀,tr_220440984
골프존 안성W,2026-09-20,14:13,140000,golfpang,,,18홀,tr_220440926
골프존 안성H,2026-09-20,14:20,180000,golfpang,,,18홀,tr_220440922
세현,2026-09-20,13:51,200000,golfpang,,,18홀,tr_220440847
세현,2026-09-20,13:44,200000,golfpang,,,18홀,tr_220440849
세현,2026-09-20,13:37,210000,golfpang,,,18홀,tr_220440848
이천실크밸리,2026-09-20,18:31,75000,golfpang,,,18홀,tr_220440825
골프존 안성W,2026-09-20,12:56,150000,golfpang,,,18홀,tr_220440755
스카이밸리,2026-09-20,12:15,190000,golfpang,,,18홀,tr_220440674
해솔리아,2026-09-20,18:04,110000,golfpang,,,18홀,tr_220440612
해솔리아,2026-09-20,13:40,150000,golfpang,,,18홀,tr_220440611
해솔리아,2026-09-20,11:55,160000,golfpang,,,18홀,tr_220440610
스카이밸리,2026-09-20,12:15,190000,golfpang,,,18홀,tr_220440383
스카이밸리,2026-09-20,12:15,190000,golfpang,,,18홀,tr_220440384
양평TPC,2026-09-20,14:11,150000,golfpang,,,18홀,tr_220222046
리베라,2026-09-20,18:52,110000,golfpang,,,18홀,tr_220440265
리베라,2026-09-20,18:45,110000,golfpang,,,18홀,tr_220440264
리베라,2026-09-20,14:17,250000,golfpang,,,18홀,tr_220440263
해솔리아,2026-09-20,13:40,150000,golfpang,,,18홀,tr_220440225
해솔리아,2026-09-20,18:04,110000,golfpang,,,18홀,tr_220440226
해솔리아,2026-09-20,11:55,160000,golfpang,,,18홀,tr_220440224
양평TPC,2026-09-20,08:16,180000,golfpang,,,18홀,tr_220439971
양평TPC,2026-09-20,06:38,170000,golfpang,,,18홀,tr_220439972
그린힐,2026-09-20,14:00,160000,golfpang,,,18홀,tr_219471807
클럽72,2026-09-20,13:20,180000,golfpang,,,18홀,tr_220121054
포웰(안성)cc,2026-09-20,13:40,142000,golfpang,,,18홀,tr_219806230
해솔리아,2026-09-20,06:50,160000,golfpang,,,18홀,tr_220274453
해솔리아,2026-09-20,07:24,170000,golfpang,,,18홀,tr_220434554
해솔리아,2026-09-20,07:24,170000,golfpang,,,18홀,tr_220434555
아세코밸리-퍼9,2026-09-20,18:06,80000,golfpang,,,18홀,tr_220434531
아세코밸리-퍼9,2026-09-20,17:31,80000,golfpang,,,18홀,tr_220434530
그린힐,2026-09-20,19:13,80000,golfpang,,,18홀,tr_220434491
그린힐,2026-09-20,18:45,80000,golfpang,,,18홀,tr_220434490
그린힐,2026-09-20,18:45,80000,golfpang,,,18홀,tr_220434489
해솔리아,2026-09-20,13:19,160000,golfpang,,,18홀,tr_220149577
그린힐,2026-09-20,19:00,80000,golfpang,,,18홀,tr_220149738
아세코밸리-퍼9,2026-09-20,17:31,80000,golfpang,,,18홀,tr_220434446
한림용인,2026-09-20,17:17,140000,golfpang,,,18홀,tr_220434302
한림용인,2026-09-20,18:34,120000,golfpang,,,18홀,tr_220434303
골프존 안성W,2026-09-20,17:28,100000,golfpang,,,18홀,tr_220431627
골프존 안성W,2026-09-20,18:31,100000,golfpang,,,18홀,tr_220431628
골프존 안성W,2026-09-20,14:13,140000,golfpang,,,18홀,tr_220431626
360도,2026-09-20,06:00,155000,golfpang,,,18홀,tr_220431588
360도,2026-09-20,12:52,177000,golfpang,,,18홀,tr_220431589
양평TPC,2026-09-20,06:52,170000,golfpang,,,18홀,tr_220250433
양평TPC,2026-09-20,14:11,150000,golfpang,,,18홀,tr_220423680
양평TPC,2026-09-20,06:38,170000,golfpang,,,18홀,tr_220423679
이글몬트,2026-09-20,06:20,190000,golfpang,,,18홀,tr_220149191
빅토리아-퍼9,2026-09-20,17:24,89000,golfpang,,,18홀,tr_220422531
골프존 송도(구.오렌지듄스),2026-09-20,13:29,179000,golfpang,,,18홀,tr_220397764
골프존 송도(구.오렌지듄스),2026-09-20,13:29,179000,golfpang,,,18홀,tr_220397761
골프존 송도(구.오렌지듄스),2026-09-20,13:22,179000,golfpang,,,18홀,tr_220397758
캐슬렉스,2026-09-20,08:45,250000,golfpang,,,18홀,tr_220321204
캐슬렉스,2026-09-20,08:38,250000,golfpang,,,18홀,tr_220321206
캐슬렉스,2026-09-20,07:28,250000,golfpang,,,18홀,tr_220321205
루트52,2026-09-20,08:02,220000,golfpang,,,18홀,tr_220260944
루트52,2026-09-20,08:09,220000,golfpang,,,18홀,tr_220260945
이글몬트,2026-09-20,13:39,170000,golfpang,,,18홀,tr_220260119
골프존 송도(구.오렌지듄스),2026-09-20,12:47,179000,golfpang,,,18홀,tr_220250374
골프존 송도(구.오렌지듄스),2026-09-20,08:17,189000,golfpang,,,18홀,tr_220250373
골프존 안성H,2026-09-20,14:20,180000,golfpang,,,18홀,tr_220242704
골프존 안성H,2026-09-20,14:20,180000,golfpang,,,18홀,tr_220242703
골프존 안성H,2026-09-20,06:44,190000,golfpang,,,18홀,tr_220242702
골프존 송도(구.오렌지듄스),2026-09-20,12:47,179000,golfpang,,,18홀,tr_220250375
신안,2026-09-20,18:17,100000,golfpang,,,18홀,tr_220421725
빅토리아-퍼9,2026-09-20,12:10,114000,golfpang,,,18홀,tr_219785103
빅토리아-퍼9,2026-09-20,06:49,114000,golfpang,,,18홀,tr_219785101
빅토리아-퍼9,2026-09-20,11:14,114000,golfpang,,,18홀,tr_219785102
유니아일랜드,2026-09-20,10:33,160000,golfpang,,,18홀,tr_220184341
유니아일랜드,2026-09-20,16:52,120000,golfpang,,,18홀,tr_220184342
유니아일랜드,2026-09-20,05:47,150000,golfpang,,,18홀,tr_220184340
세현,2026-09-20,13:09,210000,golfpang,,,18홀,tr_220421360
세현,2026-09-20,13:51,200000,golfpang,,,18홀,tr_220421361
신안(병행),2026-09-20,18:31,80000,golfpang,,,18홀,tr_220029333
골프존 송도(구.오렌지듄스),2026-09-20,12:47,179000,golfpang,,,18홀,tr_220420606
골프존 송도(구.오렌지듄스),2026-09-20,07:07,189000,golfpang,,,18홀,tr_220420604
골프존 송도(구.오렌지듄스),2026-09-20,11:58,179000,golfpang,,,18홀,tr_220420605
한림용인,2026-09-20,14:07,165000,golfpang,,,18홀,tr_220420368
한림용인,2026-09-20,14:07,165000,golfpang,,,18홀,tr_220420369
윈체스트,2026-09-20,12:50,210000,golfpang,,,18홀,tr_215143606
윈체스트,2026-09-20,06:25,205000,golfpang,,,18홀,tr_215143603
윈체스트,2026-09-20,07:15,230000,golfpang,,,18홀,tr_220289552
포웰(안성)cc,2026-09-20,18:50,65000,golfpang,,,18홀,tr_220307311
해솔리아,2026-09-20,06:59,160000,golfpang,,,18홀,tr_220291045
포웰(안성)cc,2026-09-20,06:35,155000,golfpang,,,18홀,tr_220397058
루트52,2026-09-20,08:02,220000,golfpang,,,18홀,tr_220193137
에델바이스(가명),2026-09-20,13:54,180000,golfpang,,,18홀,tr_220403498
에델바이스(가명),2026-09-20,06:56,180000,golfpang,,,18홀,tr_220403497
유니아일랜드,2026-09-20,10:48,150000,golfpang,,,18홀,tr_220403352
포웰(안성)cc,2026-09-20,17:57,102000,golfpang,,,18홀,tr_220200268
세현,2026-09-20,14:05,200000,golfpang,,,18홀,tr_220199842
세현,2026-09-20,13:44,200000,golfpang,,,18홀,tr_220199841
골프존 안성W,2026-09-20,13:52,160000,golfpang,,,18홀,tr_220200342
골프존 안성H,2026-09-20,13:52,180000,golfpang,,,18홀,tr_220200318
360도,2026-09-20,12:15,177000,golfpang,,,18홀,tr_220200061
골프존 안성H,2026-09-20,13:24,180000,golfpang,,,18홀,tr_220200317
한림용인,2026-09-20,13:25,180000,golfpang,,,18홀,tr_220200399
이글몬트,2026-09-20,13:32,170000,golfpang,,,18홀,tr_220200349
써닝포인트,2026-09-20,13:33,205000,golfpang,,,18홀,tr_220200604
써닝포인트,2026-09-20,13:33,205000,golfpang,,,18홀,tr_220200605
골프존 안성W,2026-09-20,13:38,160000,golfpang,,,18홀,tr_220200341
클럽72,2026-09-20,12:25,250000,golfpang,,,18홀,tr_220200450
양평TPC,2026-09-20,12:26,170000,golfpang,,,18홀,tr_220201083
한림용인,2026-09-20,12:29,185000,golfpang,,,18홀,tr_220200398
해솔리아,2026-09-20,12:44,170000,golfpang,,,18홀,tr_220201220
세현,2026-09-20,12:48,220000,golfpang,,,18홀,tr_220199840
해솔리아,2026-09-20,11:41,170000,golfpang,,,18홀,tr_220201219
에덴블루,2026-09-20,07:48,209000,golfpang,,,18홀,tr_220200283
이글몬트,2026-09-20,07:51,190000,golfpang,,,18홀,tr_220200348
솔모로,2026-09-20,06:51,270000,golfpang,,,18홀,tr_220200690
해솔리아,2026-09-20,07:45,180000,golfpang,,,18홀,tr_220201218
클럽72,2026-09-20,07:38,210000,golfpang,,,18홀,tr_220200449
솔모로,2026-09-20,08:29,270000,golfpang,,,18홀,tr_220200691
에덴블루,2026-09-20,08:19,219000,golfpang,,,18홀,tr_220200285
양평TPC,2026-09-20,08:16,220000,golfpang,,,18홀,tr_220201082
360도,2026-09-20,08:15,220000,golfpang,,,18홀,tr_220200060
에덴블루,2026-09-20,08:12,219000,golfpang,,,18홀,tr_220200284
포웰(안성)cc,2026-09-20,08:10,231000,golfpang,,,18홀,tr_220200267
신라,2026-09-20,08:09,220000,golfpang,,,18홀,tr_220200098
한림용인,2026-09-20,06:24,190000,golfpang,,,18홀,tr_220200397
써닝포인트,2026-09-20,06:07,215000,golfpang,,,18홀,tr_220200603
양지파인,2026-09-20,07:30,200000,golfpang,,,18홀,tr_220200549
골프존 안성W,2026-09-20,07:19,170000,golfpang,,,18홀,tr_220200340
골프존 안성H,2026-09-20,06:51,200000,golfpang,,,18홀,tr_220200316
클럽72,2026-09-20,06:56,200000,golfpang,,,18홀,tr_220200448
양지파인,2026-09-20,08:30,210000,golfpang,,,18홀,tr_220200550
신라,2026-09-20,08:37,220000,golfpang,,,18홀,tr_220200099
포웰(안성)cc,2026-09-20,07:14,211000,golfpang,,,18홀,tr_220200266
신라,2026-09-20,07:34,210000,golfpang,,,18홀,tr_220200097
한림용인,2026-09-20,18:20,135000,golfpang,,,18홀,tr_220403258
한림용인,2026-09-20,17:17,140000,golfpang,,,18홀,tr_220403256
한림용인,2026-09-20,17:45,140000,golfpang,,,18홀,tr_220403257
솔모로,2026-09-20,06:30,230000,golfpang,,,18홀,tr_220403221
골프존 송도(구.오렌지듄스),2026-09-20,17:49,139000,golfpang,,,18홀,tr_220403214
양지파인,2026-09-20,08:15,210000,golfpang,,,18홀,tr_220022832
골프존 안성H,2026-09-20,14:27,180000,golfpang,,,18홀,tr_220290616
골프존 안성H,2026-09-20,14:20,180000,golfpang,,,18홀,tr_220290615
클럽72,2026-09-20,17:43,130000,golfpang,,,18홀,tr_220179236
빅토리아-퍼9,2026-09-20,17:38,89000,golfpang,,,18홀,tr_220007694
신안(병행),2026-09-20,17:28,90000,golfpang,,,18홀,tr_219998625
신안(병행),2026-09-20,17:21,90000,golfpang,,,18홀,tr_219998624
리베라,2026-09-20,17:56,120000,golfpang,,,18홀,tr_220190588
용인플라자,2026-09-20,17:51,140000,golfpang,,,18홀,tr_219554908
그린힐,2026-09-20,18:31,90000,golfpang,,,18홀,tr_220014709
신안(병행),2026-09-20,18:31,80000,golfpang,,,18홀,tr_219998626
그린힐,2026-09-20,18:52,90000,golfpang,,,18홀,tr_220014710
리베라,2026-09-20,18:52,110000,golfpang,,,18홀,tr_220190589
용인플라자,2026-09-20,18:40,140000,golfpang,,,18홀,tr_219554909
클럽72,2026-09-20,18:39,120000,golfpang,,,18홀,tr_220179237
그린힐,2026-09-20,19:13,80000,golfpang,,,18홀,tr_220014711
리베라,2026-09-20,19:06,110000,golfpang,,,18홀,tr_220190590
클럽72,2026-09-20,19:00,110000,golfpang,,,18홀,tr_220179238
에덴블루,2026-09-20,07:48,209000,golfpang,,,18홀,tr_220395855
캐슬렉스,2026-09-20,08:38,250000,golfpang,,,18홀,tr_220348152
360도,2026-09-20,12:52,177000,golfpang,,,18홀,tr_220180231
골프존 송도(구.오렌지듄스),2026-09-20,12:47,179000,golfpang,,,18홀,tr_220261998
빅토리아-퍼9,2026-09-20,12:45,114000,golfpang,,,18홀,tr_220007693
히든밸리,2026-09-20,12:44,160000,golfpang,,,18홀,tr_218468157
세현,2026-09-20,12:41,250000,golfpang,,,18홀,tr_219184013
클럽72-오션,2026-09-20,12:25,250000,golfpang,,,18홀,tr_220179669
세현,2026-09-20,13:30,240000,golfpang,,,18홀,tr_219184014
이글몬트,2026-09-20,14:00,170000,golfpang,,,18홀,tr_220315054
에덴블루,2026-09-20,14:00,142000,golfpang,,,18홀,tr_220395857
세현,2026-09-20,13:58,230000,golfpang,,,18홀,tr_219184015
골프존 안성H,2026-09-20,06:44,190000,golfpang,,,18홀,tr_220290614
이글몬트,2026-09-20,06:41,180000,golfpang,,,18홀,tr_220315053
클럽72-오션,2026-09-20,06:16,310000,golfpang,,,18홀,tr_220179668
양지파인,2026-09-20,07:30,200000,golfpang,,,18홀,tr_220022831
캐슬렉스,2026-09-20,07:28,250000,golfpang,,,18홀,tr_220348153
히든밸리,2026-09-20,07:17,180000,golfpang,,,18홀,tr_218468156
골프존 송도(구.오렌지듄스),2026-09-20,07:00,189000,golfpang,,,18홀,tr_220261996
빅토리아-퍼9,2026-09-20,06:56,114000,golfpang,,,18홀,tr_220007692
캐슬렉스,2026-09-20,06:53,250000,golfpang,,,18홀,tr_220348154
에덴블루,2026-09-20,08:19,219000,golfpang,,,18홀,tr_220395856
360도,2026-09-20,08:15,220000,golfpang,,,18홀,tr_220180230
용인플라자,2026-09-20,17:09,140000,golfpang,,,18홀,tr_219554907
골프존 송도(구.오렌지듄스),2026-09-20,08:10,189000,golfpang,,,18홀,tr_220261997
블루원용인(퍼),2026-09-20,18:01,90000,golfpang,,,18홀,tr_220403088
블루원용인,2026-09-20,18:01,120000,golfpang,,,18홀,tr_220403083
솔트베이,2026-09-20,11:51,230000,golfpang,,,18홀,tr_220403061
골프존 송도(구.오렌지듄스),2026-09-20,13:29,179000,golfpang,,,18홀,tr_220181418
에덴블루,2026-09-20,08:19,220000,golfpang,,,18홀,tr_220002007
리베라,2026-09-20,13:42,290000,golfpang,,,18홀,tr_218815498
빅토리아-퍼9,2026-09-20,13:41,114000,golfpang,,,18홀,tr_220212954
에델바이스(가명),2026-09-20,13:40,180000,golfpang,,,18홀,tr_220213615
용인플라자,2026-09-20,17:09,140000,golfpang,,,18홀,tr_219535886
아세코밸리-퍼9,2026-09-20,16:21,100000,golfpang,,,18홀,tr_220032281
골프존 안성H,2026-09-20,14:27,180000,golfpang,,,18홀,tr_220057820
안성베네스트(클),2026-09-20,14:13,179000,golfpang,,,18홀,tr_220240433
클럽72,2026-09-20,17:43,130000,golfpang,,,18홀,tr_220152701
해솔리아,2026-09-20,17:22,120000,golfpang,,,18홀,tr_220289199
골프존 안성W,2026-09-20,17:21,120000,golfpang,,,18홀,tr_220217222
한림용인,2026-09-20,17:17,140000,golfpang,,,18홀,tr_220219947
빅토리아-퍼9,2026-09-20,17:17,89000,golfpang,,,18홀,tr_220212955
에덴블루,2026-09-20,18:11,95000,golfpang,,,18홀,tr_220002009
클럽72,2026-09-20,18:11,120000,golfpang,,,18홀,tr_220152702
리베라,2026-09-20,18:10,140000,golfpang,,,18홀,tr_218815499
아세코밸리-퍼9,2026-09-20,18:06,100000,golfpang,,,18홀,tr_220032280
용인플라자,2026-09-20,17:58,140000,golfpang,,,18홀,tr_219535887
골프존 송도(구.오렌지듄스),2026-09-20,17:56,139000,golfpang,,,18홀,tr_220222755
솔트베이,2026-09-20,18:50,149000,golfpang,,,18홀,tr_220214423
용인플라자,2026-09-20,18:40,140000,golfpang,,,18홀,tr_219535888
아난티중앙(야간),2026-09-20,18:38,100000,golfpang,,,18홀,tr_220213670
골프존 송도(구.오렌지듄스),2026-09-20,18:38,129000,golfpang,,,18홀,tr_220222756
리베라,2026-09-20,19:06,140000,golfpang,,,18홀,tr_218815500
클럽72,2026-09-20,19:00,110000,golfpang,,,18홀,tr_220152703
한림안성(퍼9),2026-09-20,07:59,140000,golfpang,,,18홀,tr_219957471
스카이밸리,2026-09-20,07:58,190000,golfpang,,,18홀,tr_220105905
360도,2026-09-20,07:52,210000,golfpang,,,18홀,tr_220009186
해솔리아,2026-09-20,07:38,180000,golfpang,,,18홀,tr_220289197
360도,2026-09-20,12:15,177000,golfpang,,,18홀,tr_220009187
스카이밸리,2026-09-20,12:01,190000,golfpang,,,18홀,tr_220105906
솔트베이,2026-09-20,11:43,230000,golfpang,,,18홀,tr_220214421
캐슬렉스,2026-09-20,08:45,250000,golfpang,,,18홀,tr_220318473
히든밸리,2026-09-20,08:34,190000,golfpang,,,18홀,tr_220055886
빅토리아-퍼9,2026-09-20,12:59,114000,golfpang,,,18홀,tr_220212953
솔트베이,2026-09-20,12:53,230000,golfpang,,,18홀,tr_220214422
한림용인,2026-09-20,12:43,180000,golfpang,,,18홀,tr_220219946
양평TPC,2026-09-20,12:26,160000,golfpang,,,18홀,tr_220241931
히든밸리,2026-09-20,12:16,160000,golfpang,,,18홀,tr_220055887
골프존 안성W,2026-09-20,13:31,150000,golfpang,,,18홀,tr_220217221
골프존 안성H,2026-09-20,13:24,180000,golfpang,,,18홀,tr_220057819
써닝포인트,2026-09-20,13:19,215000,golfpang,,,18홀,tr_218901637
해솔리아,2026-09-20,13:12,150000,golfpang,,,18홀,tr_220289198
클럽72-오션,2026-09-20,13:07,230000,golfpang,,,18홀,tr_220165651
이글몬트,2026-09-20,14:00,170000,golfpang,,,18홀,tr_220261328
골프존 안성W,2026-09-20,06:44,160000,golfpang,,,18홀,tr_220217220
이글몬트,2026-09-20,06:41,180000,golfpang,,,18홀,tr_220261327
클럽72-오션,2026-09-20,06:16,310000,golfpang,,,18홀,tr_220165650
한림용인,2026-09-20,06:10,170000,golfpang,,,18홀,tr_220219945
아세코밸리-퍼9,2026-09-20,05:37,140000,golfpang,,,18홀,tr_220032279
캐슬렉스,2026-09-20,07:28,250000,golfpang,,,18홀,tr_220318460
한림안성(퍼9),2026-09-20,07:03,140000,golfpang,,,18홀,tr_219957470
에델바이스(가명),2026-09-20,06:56,180000,golfpang,,,18홀,tr_220213614
써닝포인트,2026-09-20,06:56,265000,golfpang,,,18홀,tr_218901636
캐슬렉스,2026-09-20,06:53,250000,golfpang,,,18홀,tr_220318476
골프존 송도(구.오렌지듄스),2026-09-20,06:53,169000,golfpang,,,18홀,tr_220222754
양평TPC,2026-09-20,06:52,180000,golfpang,,,18홀,tr_220241930
골프존 안성H,2026-09-20,06:51,200000,golfpang,,,18홀,tr_220057818
양지파인,2026-09-20,08:30,199000,golfpang,,,18홀,tr_220149513
에덴블루,2026-09-20,13:46,142500,golfpang,,,18홀,tr_220002008
양지파인,2026-09-20,08:07,199000,golfpang,,,18홀,tr_220149512
골프존 안성W,2026-09-20,17:35,100000,golfpang,,,18홀,tr_220401911
골프존 안성W,2026-09-20,14:13,140000,golfpang,,,18홀,tr_220401909
골프존 안성W,2026-09-20,17:28,100000,golfpang,,,18홀,tr_220401910
클럽72,2026-09-20,18:18,120000,golfpang,,,18홀,tr_220401799
비에이비스타(퍼),2026-09-20,18:13,110000,golfpang,,,18홀,tr_220401771
골드,2026-09-20,18:22,119000,golfpang,,,18홀,tr_217898287
코리아,2026-09-20,18:29,129000,golfpang,,,18홀,tr_217898211
솔모로,2026-09-20,06:51,200000,golfpang,,,18홀,tr_220400659
골프존 송도(구.오렌지듄스),2026-09-20,06:53,189000,golfpang,,,18홀,tr_220221572
이글몬트,2026-09-20,06:41,200000,golfpang,,,18홀,tr_220216701
골프존 안성H,2026-09-20,06:51,200000,golfpang,,,18홀,tr_220216670
에델바이스(가명),2026-09-20,13:54,180000,golfpang,,,18홀,tr_220400920
양평TPC,2026-09-20,06:52,170000,golfpang,,,18홀,tr_220261530
양평TPC,2026-09-20,12:40,160000,golfpang,,,18홀,tr_220004521
인천그랜드,2026-09-20,18:10,159000,golfpang,,,18홀,tr_219562596
클럽72-오션,2026-09-20,13:28,230000,golfpang,,,18홀,tr_220400653
아세코밸리-퍼9,2026-09-20,12:23,130000,golfpang,,,18홀,tr_219444522
클럽72,2026-09-20,17:36,130000,golfpang,,,18홀,tr_219798642
파인크리크,2026-09-20,13:59,180000,golfpang,,,18홀,tr_220220496
해솔리아,2026-09-20,11:55,170000,golfpang,,,18홀,tr_220104699
신라,2026-09-20,07:34,210000,golfpang,,,18홀,tr_219790799
신라,2026-09-20,08:37,220000,golfpang,,,18홀,tr_219790869
에델바이스(가명),2026-09-20,06:56,180000,golfpang,,,18홀,tr_220400198
클럽72-오션,2026-09-20,12:32,250000,golfpang,,,18홀,tr_220004562
이글몬트,2026-09-20,06:34,190000,golfpang,,,18홀,tr_220398950
클럽72,2026-09-20,18:25,120000,golfpang,,,18홀,tr_218177011
캐슬렉스,2026-09-20,06:46,250000,golfpang,,,18홀,tr_220398748
골프존 송도(구.오렌지듄스),2026-09-20,17:50,139000,golfpang,,,18홀,tr_220396028
유니아일랜드,2026-09-20,16:53,120000,golfpang,,,18홀,tr_220396027
골프존 송도(구.오렌지듄스),2026-09-20,13:44,179000,golfpang,,,18홀,tr_220396021
골드,2026-09-20,18:36,119000,golfpang,,,18홀,tr_217702808
코리아,2026-09-20,18:36,129000,golfpang,,,18홀,tr_217702810
360도,2026-09-20,07:29,170000,golfpang,,,18홀,tr_220375900
클럽72,2026-09-20,18:25,120000,golfpang,,,18홀,tr_219779470
용인플라자,2026-09-20,17:40,120000,golfpang,,,18홀,tr_220324336
용인플라자,2026-09-20,17:00,120000,golfpang,,,18홀,tr_217811006
리베라,2026-09-20,18:45,110000,golfpang,,,18홀,tr_220261633
클럽72,2026-09-20,18:18,120000,golfpang,,,18홀,tr_220396020
인천국제,2026-09-20,13:48,240000,golfpang,,,18홀,tr_219995317
리베라,2026-09-20,18:24,130000,golfpang,,,18홀,tr_219470480
리베라,2026-09-20,18:10,130000,golfpang,,,18홀,tr_219470479
리베라,2026-09-20,18:45,120000,golfpang,,,18홀,tr_219470481
비에이비스타,2026-09-20,13:25,160000,golfpang,,,18홀,tr_220394078
용인(비공개),2026-09-20,13:52,180000,golfpang,,,18홀,tr_220396672
용인(비공개),2026-09-20,06:46,209000,golfpang,,,18홀,tr_220396671
용인(비공개),2026-09-20,13:59,180000,golfpang,,,18홀,tr_220396673
마이다스레이크 이천,2026-09-20,14:03,180000,golfpang,,,18홀,tr_220396469
아난티중앙(야간),2026-09-20,18:38,100000,golfpang,,,18홀,tr_220230681
파인크리크,2026-09-20,06:27,270000,golfpang,,,18홀,tr_219968856
골프존 안성W,2026-09-20,06:44,160000,golfpang,,,18홀,tr_220327494
360도,2026-09-20,07:22,170000,golfpang,,,18홀,tr_220375899
양평TPC,2026-09-20,12:26,160000,golfpang,,,18홀,tr_220217885
해솔리아,2026-09-20,17:01,120000,golfpang,,,18홀,tr_220088802
해솔리아,2026-09-20,17:08,120000,golfpang,,,18홀,tr_220088803
에덴블루,2026-09-20,13:29,142500,golfpang,,,18홀,tr_219816875
크리스밸리,2026-09-20,08:05,220000,golfpang,,,18홀,tr_219529764
신안(병행),2026-09-20,17:56,80000,golfpang,,,18홀,tr_219654454
신안(병행),2026-09-20,17:49,80000,golfpang,,,18홀,tr_219654455
마이다스레이크 이천,2026-09-20,06:21,200000,golfpang,,,18홀,tr_220395944
마이다스레이크 이천,2026-09-20,14:24,180000,golfpang,,,18홀,tr_220395945
아세코밸리-퍼9,2026-09-20,12:23,130000,golfpang,,,18홀,tr_220290384
양평TPC,2026-09-20,12:40,160000,golfpang,,,18홀,tr_220290429
한림안성(퍼9),2026-09-20,13:12,130000,golfpang,,,18홀,tr_220290609
양평TPC,2026-09-20,13:57,150000,golfpang,,,18홀,tr_220290448
클럽72,2026-09-20,13:00,180000,golfpang,,,18홀,tr_219819374
360도,2026-09-20,06:52,170000,golfpang,,,18홀,tr_220394903
양지파인,2026-09-20,08:15,199000,golfpang,,,18홀,tr_220392620
양지파인,2026-09-20,08:22,199000,golfpang,,,18홀,tr_220392621
양평TPC,2026-09-20,13:57,150000,golfpang,,,18홀,tr_220392020
마이다스레이크 이천,2026-09-20,12:32,200000,golfpang,,,18홀,tr_220391519
마이다스레이크 이천,2026-09-20,14:24,180000,golfpang,,,18홀,tr_220391520
세현,2026-09-20,13:51,200000,golfpang,,,18홀,tr_220391270
세현,2026-09-20,13:44,200000,golfpang,,,18홀,tr_220391269
포웰(안성)cc,2026-09-20,07:00,172000,golfpang,,,18홀,tr_220389910
포웰(안성)cc,2026-09-20,19:35,65000,golfpang,,,18홀,tr_220389912
포웰(안성)cc,2026-09-20,18:39,75000,golfpang,,,18홀,tr_220389911
골프존 안성W,2026-09-20,17:07,110000,golfpang,,,18홀,tr_220385163
해솔리아,2026-09-20,06:21,160000,golfpang,,,18홀,tr_220377574
해솔리아,2026-09-20,18:04,110000,golfpang,,,18홀,tr_220377576
해솔리아,2026-09-20,13:40,150000,golfpang,,,18홀,tr_220377575
한림용인,2026-09-20,18:06,135000,golfpang,,,18홀,tr_220377020
한림용인,2026-09-20,17:17,140000,golfpang,,,18홀,tr_220377018
한림용인,2026-09-20,17:31,140000,golfpang,,,18홀,tr_220377019
양지파인,2026-09-20,08:30,199000,golfpang,,,18홀,tr_220376595
빅토리아-퍼9,2026-09-20,06:56,114000,golfpang,,,18홀,tr_220375391
빅토리아-퍼9,2026-09-20,17:10,89000,golfpang,,,18홀,tr_220375392
클럽72,2026-09-20,18:04,120000,golfpang,,,18홀,tr_220290852
클럽72,2026-09-20,19:00,110000,golfpang,,,18홀,tr_220290853
아난티중앙(야간),2026-09-20,18:11,100000,golfpang,,,18홀,tr_220051932
리베라,2026-09-20,18:45,110000,golfpang,,,18홀,tr_220179415
용인플라자,2026-09-20,17:10,140000,golfpang,,,18홀,tr_219557071
클럽72,2026-09-20,17:36,130000,golfpang,,,18홀,tr_220290851
리베라,2026-09-20,17:56,120000,golfpang,,,18홀,tr_220179414
안성베네스트(클),2026-09-20,14:13,179000,golfpang,,,18홀,tr_220242430
이천실크밸리,2026-09-20,08:06,190000,golfpang,,,18홀,tr_220366202
이천실크밸리,2026-09-20,08:20,190000,golfpang,,,18홀,tr_220366203
이천실크밸리,2026-09-20,08:27,190000,golfpang,,,18홀,tr_220366204
유니아일랜드,2026-09-20,10:26,170000,golfpang,,,18홀,tr_220362333
유니아일랜드,2026-09-20,05:47,150000,golfpang,,,18홀,tr_220362332
유니아일랜드,2026-09-20,10:40,160000,golfpang,,,18홀,tr_220362334
양지파인,2026-09-20,08:30,210000,golfpang,,,18홀,tr_220349546
양지파인,2026-09-20,08:00,210000,golfpang,,,18홀,tr_220349545
아세코밸리-퍼9,2026-09-20,05:37,140000,golfpang,,,18홀,tr_220339445
아세코밸리-퍼9,2026-09-20,17:24,100000,golfpang,,,18홀,tr_220339447
아세코밸리-퍼9,2026-09-20,16:49,100000,golfpang,,,18홀,tr_220339446
에덴블루,2026-09-20,07:48,210000,golfpang,,,18홀,tr_220336243
에덴블루,2026-09-20,18:28,89900,golfpang,,,18홀,tr_220336245
에덴블루,2026-09-20,14:00,190000,golfpang,,,18홀,tr_220336244
아세코밸리-퍼9,2026-09-20,16:49,100000,golfpang,,,18홀,tr_220328410
아세코밸리-퍼9,2026-09-20,17:10,100000,golfpang,,,18홀,tr_220328411
아세코밸리-퍼9,2026-09-20,16:49,100000,golfpang,,,18홀,tr_220328412
한림용인,2026-09-20,12:22,195000,golfpang,,,18홀,tr_220036161
에덴블루,2026-09-20,12:16,150000,golfpang,,,18홀,tr_220321186
한림용인,2026-09-20,12:15,195000,golfpang,,,18홀,tr_220036160
빅토리아-퍼9,2026-09-20,11:56,114000,golfpang,,,18홀,tr_219424114
해솔리아,2026-09-20,11:55,160000,golfpang,,,18홀,tr_220288394
해솔리아,2026-09-20,11:48,160000,golfpang,,,18홀,tr_220288393
빅토리아-퍼9,2026-09-20,11:42,114000,golfpang,,,18홀,tr_219424113
해솔리아,2026-09-20,11:41,160000,golfpang,,,18홀,tr_220288392
빅토리아-퍼9,2026-09-20,11:14,114000,golfpang,,,18홀,tr_219424112
유니아일랜드,2026-09-20,10:54,160000,golfpang,,,18홀,tr_220102997
유니아일랜드,2026-09-20,10:47,160000,golfpang,,,18홀,tr_220102998
유니아일랜드,2026-09-20,10:26,170000,golfpang,,,18홀,tr_220102999
양지파인,2026-09-20,08:30,199000,golfpang,,,18홀,tr_220152605
양지파인,2026-09-20,08:15,199000,golfpang,,,18홀,tr_220152606
포웰(안성)cc,2026-09-20,08:10,231000,golfpang,,,18홀,tr_220102676
클럽72,2026-09-20,08:06,210000,golfpang,,,18홀,tr_219983116
여주,2026-09-20,13:39,220000,golfpang,,,18홀,tr_220201828
히든밸리,2026-09-20,13:19,150000,golfpang,,,18홀,tr_220220777
여주,2026-09-20,13:18,220000,golfpang,,,18홀,tr_220201827
360도,2026-09-20,12:52,177000,golfpang,,,18홀,tr_219798523
한림용인,2026-09-20,12:43,195000,golfpang,,,18홀,tr_220036162
양평TPC,2026-09-20,12:40,160000,golfpang,,,18홀,tr_220288700
신안(오렌지),2026-09-20,12:39,120000,golfpang,,,18홀,tr_218897926
양평TPC,2026-09-20,12:33,160000,golfpang,,,18홀,tr_220288699
에덴블루,2026-09-20,12:30,150000,golfpang,,,18홀,tr_220321188
히든밸리,2026-09-20,12:30,160000,golfpang,,,18홀,tr_220220776
에덴블루,2026-09-20,12:23,150000,golfpang,,,18홀,tr_220321187
골프존 안성H,2026-09-20,14:27,180000,golfpang,,,18홀,tr_220235907
골프존 안성H,2026-09-20,14:20,180000,golfpang,,,18홀,tr_220235906
이글몬트,2026-09-20,14:00,170000,golfpang,,,18홀,tr_220287981
세현,2026-09-20,13:58,200000,golfpang,,,18홀,tr_220165786
360도,2026-09-20,13:52,167000,golfpang,,,18홀,tr_219798522
세현,2026-09-20,13:51,200000,golfpang,,,18홀,tr_220165785
세현,2026-09-20,13:44,200000,golfpang,,,18홀,tr_220165784
포웰(안성)cc,2026-09-20,17:50,102000,golfpang,,,18홀,tr_220102677
클럽72,2026-09-20,17:50,130000,golfpang,,,18홀,tr_219983117
윈체스트,2026-09-20,17:01,170000,golfpang,,,18홀,tr_220151154
아세코밸리-퍼9,2026-09-20,16:56,100000,golfpang,,,18홀,tr_220152831
윈체스트,2026-09-20,16:54,170000,golfpang,,,18홀,tr_220151153
아세코밸리-퍼9,2026-09-20,16:49,100000,golfpang,,,18홀,tr_220152830
윈체스트,2026-09-20,16:40,170000,golfpang,,,18홀,tr_220151152
아세코밸리-퍼9,2026-09-20,16:28,100000,golfpang,,,18홀,tr_220152829
골프존 안성H,2026-09-20,14:27,180000,golfpang,,,18홀,tr_220235908
리베라,2026-09-20,18:45,110000,golfpang,,,18홀,tr_219900515
그린힐,2026-09-20,18:45,90000,golfpang,,,18홀,tr_220153608
젠스필드,2026-09-20,18:45,70000,golfpang,,,18홀,tr_220222354
젠스필드,2026-09-20,18:45,70000,golfpang,,,18홀,tr_220222353
그린힐,2026-09-20,18:38,90000,golfpang,,,18홀,tr_220153607
신안(병행),2026-09-20,18:38,80000,golfpang,,,18홀,tr_220233160
신안(병행),2026-09-20,18:38,80000,golfpang,,,18홀,tr_220233159
신안(병행),2026-09-20,18:38,80000,golfpang,,,18홀,tr_220233158
포웰(안성)cc,2026-09-20,18:25,92000,golfpang,,,18홀,tr_220102678
리베라,2026-09-20,18:17,120000,golfpang,,,18홀,tr_219900516
클럽72,2026-09-20,18:11,120000,golfpang,,,18홀,tr_219983118
리베라,2026-09-20,18:10,120000,golfpang,,,18홀,tr_219900514
그린힐,2026-09-20,19:13,80000,golfpang,,,18홀,tr_220153609
젠스필드,2026-09-20,18:52,70000,golfpang,,,18홀,tr_220222355
신안(오렌지),2026-09-20,07:52,120000,golfpang,,,18홀,tr_218897925
이글몬트,2026-09-20,06:41,180000,golfpang,,,18홀,tr_220287982
윈체스트,2026-09-20,17:15,170000,golfpang,,,18홀,tr_220327470
윈체스트,2026-09-20,16:40,170000,golfpang,,,18홀,tr_220327469
윈체스트,2026-09-20,17:22,170000,golfpang,,,18홀,tr_220327471
에덴블루,2026-09-20,07:48,209000,golfpang,,,18홀,tr_220327148
에덴블루,2026-09-20,14:00,190000,golfpang,,,18홀,tr_220327149
에덴블루,2026-09-20,18:28,89900,golfpang,,,18홀,tr_220327150
골프존 안성W,2026-09-20,13:30,140000,golfpang,,,18홀,tr_220326653
캐슬렉스,2026-09-20,08:45,250000,golfpang,,,18홀,tr_220324124
캐슬렉스,2026-09-20,08:38,250000,golfpang,,,18홀,tr_220324123
클럽72,2026-09-20,18:18,120000,golfpang,,,18홀,tr_220321287
한림용인,2026-09-20,18:13,133000,golfpang,,,18홀,tr_220321222
그린힐,2026-09-20,19:20,80000,golfpang,,,18홀,tr_220307375
그린힐,2026-09-20,19:13,80000,golfpang,,,18홀,tr_220307377
그린힐,2026-09-20,18:45,90000,golfpang,,,18홀,tr_220307376
써닝포인트,2026-09-20,18:11,135000,golfpang,,,18홀,tr_219938829
양평TPC,2026-09-20,12:40,160000,golfpang,,,18홀,tr_220307472
양평TPC,2026-09-20,12:54,160000,golfpang,,,18홀,tr_220307473
신라,2026-09-20,13:02,180000,golfpang,,,18홀,tr_220290992
360도,2026-09-20,13:37,167000,golfpang,,,18홀,tr_220023305
양지파인,2026-09-20,08:22,210000,golfpang,,,18홀,tr_220015434
유니아일랜드,2026-09-20,15:21,120000,golfpang,,,18홀,tr_219933950
젠스필드,2026-09-20,07:51,170000,golfpang,,,18홀,tr_220086444
양지파인,2026-09-20,08:30,210000,golfpang,,,18홀,tr_220015435
이천실크밸리,2026-09-20,07:31,160000,golfpang,,,18홀,tr_220086295
이천실크밸리,2026-09-20,07:31,160000,golfpang,,,18홀,tr_220086296
세현,2026-09-20,13:51,200000,golfpang,,,18홀,tr_220100369
세현,2026-09-20,13:51,200000,golfpang,,,18홀,tr_220100370
신라,2026-09-20,12:41,180000,golfpang,,,18홀,tr_220290991
세현,2026-09-20,12:41,220000,golfpang,,,18홀,tr_220100371
골프존 안성W,2026-09-20,18:03,100000,golfpang,,,18홀,tr_220306282
골프존 안성W,2026-09-20,13:17,150000,golfpang,,,18홀,tr_220306281
골프존 안성W,2026-09-20,07:33,160000,golfpang,,,18홀,tr_220306280
골프존 안성W,2026-09-20,13:31,150000,golfpang,,,18홀,tr_220306144
골프존 안성W,2026-09-20,13:45,150000,golfpang,,,18홀,tr_220306145
베르힐(영종),2026-09-20,05:57,270000,golfpang,,,18홀,tr_219557611
베르힐(영종),2026-09-20,12:39,260000,golfpang,,,18홀,tr_219557613
베르힐(영종),2026-09-20,13:28,250000,golfpang,,,18홀,tr_219557615
베르힐(영종),2026-09-20,16:40,190000,golfpang,,,18홀,tr_219557619
캐슬렉스,2026-09-20,13:45,290000,golfpang,,,18홀,tr_220198610
비에이비스타,2026-09-20,13:36,160000,golfpang,,,18홀,tr_220239849
비에이비스타(퍼),2026-09-20,07:31,170000,golfpang,,,18홀,tr_220240037
비에이비스타,2026-09-20,12:11,160000,golfpang,,,18홀,tr_220205676
이글몬트,2026-09-20,13:51,170000,golfpang,,,18홀,tr_220198894
캐슬렉스,2026-09-20,08:25,290000,golfpang,,,18홀,tr_220198611
블루원용인(퍼),2026-09-20,13:41,140000,golfpang,,,18홀,tr_220205858
스카이밸리,2026-09-20,12:15,190000,golfpang,,,18홀,tr_220291069
스카이밸리,2026-09-20,12:01,190000,golfpang,,,18홀,tr_220291068
스카이밸리,2026-09-20,06:27,180000,golfpang,,,18홀,tr_220289872
스카이밸리,2026-09-20,12:01,190000,golfpang,,,18홀,tr_220289873
신안(병행),2026-09-20,18:38,80000,golfpang,,,18홀,tr_220283074
해솔리아,2026-09-20,07:17,170000,golfpang,,,18홀,tr_220278839
해솔리아,2026-09-20,06:28,160000,golfpang,,,18홀,tr_220278838
해솔리아,2026-09-20,11:41,160000,golfpang,,,18홀,tr_220278840
세현,2026-09-20,13:09,230000,golfpang,,,18홀,tr_220274361
세현,2026-09-20,13:44,200000,golfpang,,,18홀,tr_220274362
세현,2026-09-20,13:51,200000,golfpang,,,18홀,tr_220274363
빅토리아-퍼9,2026-09-20,13:27,114000,golfpang,,,18홀,tr_220274193
빅토리아-퍼9,2026-09-20,13:20,114000,golfpang,,,18홀,tr_220274192
빅토리아-퍼9,2026-09-20,13:34,114000,golfpang,,,18홀,tr_220274194
리베라,2026-09-20,19:06,110000,golfpang,,,18홀,tr_220274026
리베라,2026-09-20,18:45,110000,golfpang,,,18홀,tr_220274024
리베라,2026-09-20,18:52,110000,golfpang,,,18홀,tr_220274025
레인보우힐스,2026-09-20,13:12,255000,golfpang,,,18홀,tr_220262009
레인보우힐스,2026-09-20,13:36,255000,golfpang,,,18홀,tr_220262010
그린힐,2026-09-20,19:13,80000,golfpang,,,18홀,tr_220261792
그린힐,2026-09-20,18:52,90000,golfpang,,,18홀,tr_220261791
그린힐,2026-09-20,18:45,90000,golfpang,,,18홀,tr_220261790
에덴블루,2026-09-20,07:48,209000,golfpang,,,18홀,tr_220094968
유니아일랜드,2026-09-20,07:11,180000,golfpang,,,18홀,tr_219933784
골프존 송도(구.오렌지듄스),2026-09-20,06:46,189000,golfpang,,,18홀,tr_220221272
유니아일랜드,2026-09-20,06:22,160000,golfpang,,,18홀,tr_219933783
빅토리아-퍼9,2026-09-20,06:21,114000,golfpang,,,18홀,tr_219749324
마이다스레이크 이천,2026-09-20,06:21,200000,golfpang,,,18홀,tr_220242032
포웰(안성)cc,2026-09-20,06:18,201000,golfpang,,,18홀,tr_220014215
클럽72-오션,2026-09-20,06:16,310000,golfpang,,,18홀,tr_220129913
아세코밸리-퍼9,2026-09-20,05:37,140000,golfpang,,,18홀,tr_219892954
360도,2026-09-20,12:15,177000,golfpang,,,18홀,tr_220212120
빅토리아-퍼9,2026-09-20,11:42,114000,golfpang,,,18홀,tr_219749326
빅토리아-퍼9,2026-09-20,11:14,114000,golfpang,,,18홀,tr_219749325
유니아일랜드,2026-09-20,10:26,170000,golfpang,,,18홀,tr_219933785
양지파인,2026-09-20,08:30,199000,golfpang,,,18홀,tr_220216903
에덴블루,2026-09-20,08:19,219000,golfpang,,,18홀,tr_220094969
360도,2026-09-20,08:15,220000,golfpang,,,18홀,tr_220212119
포웰(안성)cc,2026-09-20,08:10,231000,golfpang,,,18홀,tr_220014216
양지파인,2026-09-20,08:07,199000,golfpang,,,18홀,tr_220216902
아세코밸리-퍼9,2026-09-20,13:12,130000,golfpang,,,18홀,tr_219892956
아세코밸리-퍼9,2026-09-20,12:44,130000,golfpang,,,18홀,tr_219892955
세현,2026-09-20,12:41,220000,golfpang,,,18홀,tr_220213224
양평TPC,2026-09-20,12:26,160000,golfpang,,,18홀,tr_220250434
클럽72-오션,2026-09-20,12:25,250000,golfpang,,,18홀,tr_220129914
리베라,2026-09-20,14:24,240000,golfpang,,,18홀,tr_219787630
마이다스레이크 이천,2026-09-20,14:24,180000,golfpang,,,18홀,tr_220242033
골프존 안성H,2026-09-20,14:20,180000,golfpang,,,18홀,tr_220233395
리베라,2026-09-20,14:17,240000,golfpang,,,18홀,tr_219787629
세현,2026-09-20,14:05,200000,golfpang,,,18홀,tr_220213226
이글몬트,2026-09-20,14:00,170000,golfpang,,,18홀,tr_220260201
에덴블루,2026-09-20,13:46,190000,golfpang,,,18홀,tr_220094970
세현,2026-09-20,13:44,200000,golfpang,,,18홀,tr_220213225
골프존 송도(구.오렌지듄스),2026-09-20,17:56,139000,golfpang,,,18홀,tr_220221273
용인플라자,2026-09-20,17:52,140000,golfpang,,,18홀,tr_219929392
클럽72,2026-09-20,17:50,130000,golfpang,,,18홀,tr_220221061
포웰(안성)cc,2026-09-20,17:50,102000,golfpang,,,18홀,tr_220014217
클럽72,2026-09-20,17:36,130000,golfpang,,,18홀,tr_220221060
골프존 안성H,2026-09-20,14:27,180000,golfpang,,,18홀,tr_220233396
용인플라자,2026-09-20,18:48,140000,golfpang,,,18홀,tr_219929394
그린힐,2026-09-20,18:45,90000,golfpang,,,18홀,tr_219785297
아난티중앙(야간),2026-09-20,18:38,100000,golfpang,,,18홀,tr_220213517
그린힐,2026-09-20,18:31,90000,golfpang,,,18홀,tr_219785296
용인플라자,2026-09-20,18:26,140000,golfpang,,,18홀,tr_219929393
클럽72,2026-09-20,18:25,120000,golfpang,,,18홀,tr_220221062
리베라,2026-09-20,18:10,120000,golfpang,,,18홀,tr_219787631
그린힐,2026-09-20,19:06,90000,golfpang,,,18홀,tr_219785298
양평TPC,2026-09-20,13:43,150000,golfpang,,,18홀,tr_220259895
양평TPC,2026-09-20,12:33,160000,golfpang,,,18홀,tr_220259894
이글몬트,2026-09-20,14:00,170000,golfpang,,,18홀,tr_220259379
이글몬트,2026-09-20,06:41,180000,golfpang,,,18홀,tr_220259378
이글몬트,2026-09-20,06:41,180000,golfpang,,,18홀,tr_220259036
이글몬트,2026-09-20,14:00,170000,golfpang,,,18홀,tr_220259037
골프존 안성W,2026-09-20,06:44,160000,golfpang,,,18홀,tr_220218335
에델바이스(가명),2026-09-20,06:35,180000,golfpang,,,18홀,tr_220003865
유니아일랜드,2026-09-20,06:22,160000,golfpang,,,18홀,tr_219934158
빅토리아-퍼9,2026-09-20,06:21,114000,golfpang,,,18홀,tr_219749677
360도,2026-09-20,06:07,170000,golfpang,,,18홀,tr_220206146
360도,2026-09-20,12:15,177000,golfpang,,,18홀,tr_220206147
한림용인,2026-09-20,12:15,195000,golfpang,,,18홀,tr_220038564
양지파인,2026-09-20,12:14,180000,golfpang,,,18홀,tr_219554638
포웰(안성)cc,2026-09-20,12:12,182000,golfpang,,,18홀,tr_219553905
포웰(안성)cc,2026-09-20,11:58,192000,golfpang,,,18홀,tr_219553904
솔트베이,2026-09-20,11:57,230000,golfpang,,,18홀,tr_220202435
해솔리아,2026-09-20,11:27,170000,golfpang,,,18홀,tr_220126451
빅토리아-퍼9,2026-09-20,11:14,114000,golfpang,,,18홀,tr_219749678
아세코밸리-퍼9,2026-09-20,10:52,130000,golfpang,,,18홀,tr_219912871
유니아일랜드,2026-09-20,10:33,160000,golfpang,,,18홀,tr_219934159
신라,2026-09-20,08:09,200000,golfpang,,,18홀,tr_220130225
골프존 안성W,2026-09-20,13:31,150000,golfpang,,,18홀,tr_220218336
에델바이스(가명),2026-09-20,13:26,170000,golfpang,,,18홀,tr_220003866
안성베네스트(챌),2026-09-20,13:24,189000,golfpang,,,18홀,tr_220202541
골프존 안성H,2026-09-20,13:24,180000,golfpang,,,18홀,tr_220052448
해솔리아,2026-09-20,13:05,160000,golfpang,,,18홀,tr_220126452
포웰(안성)cc,2026-09-20,13:01,172000,golfpang,,,18홀,tr_219553906
한림용인,2026-09-20,12:57,195000,golfpang,,,18홀,tr_220038565
안성베네스트(챌),2026-09-20,12:56,189000,golfpang,,,18홀,tr_220202540
솔트베이,2026-09-20,12:53,230000,golfpang,,,18홀,tr_220202437
아세코밸리-퍼9,2026-09-20,12:44,130000,golfpang,,,18홀,tr_219912872
솔트베이,2026-09-20,12:32,230000,golfpang,,,18홀,tr_220202436
히든밸리,2026-09-20,12:30,160000,golfpang,,,18홀,tr_218785668
안성베네스트(클),2026-09-20,14:13,179000,golfpang,,,18홀,tr_220202593
안성베네스트(클),2026-09-20,14:13,179000,golfpang,,,18홀,tr_220202594
에덴블루,2026-09-20,14:00,142500,golfpang,,,18홀,tr_220127288
에덴블루,2026-09-20,14:00,142500,golfpang,,,18홀,tr_220127287
골프존 안성H,2026-09-20,13:52,180000,golfpang,,,18홀,tr_220052449
세현,2026-09-20,13:51,230000,golfpang,,,18홀,tr_219164127
세현,2026-09-20,13:44,230000,golfpang,,,18홀,tr_219164128
세현,2026-09-20,13:44,230000,golfpang,,,18홀,tr_219164126
아난티중앙(야간),2026-09-20,18:02,100000,golfpang,,,18홀,tr_220046047
윈체스트,2026-09-20,17:36,170000,golfpang,,,18홀,tr_217891748
한림용인,2026-09-20,17:31,140000,golfpang,,,18홀,tr_220038566
신안(병행),2026-09-20,17:28,90000,golfpang,,,18홀,tr_220037091
신안(병행),2026-09-20,17:28,90000,golfpang,,,18홀,tr_220037090
윈체스트,2026-09-20,17:22,170000,golfpang,,,18홀,tr_217891747
골프존 안성W,2026-09-20,17:21,120000,golfpang,,,18홀,tr_220218337
용인플라자,2026-09-20,17:17,140000,golfpang,,,18홀,tr_219553045
빅토리아-퍼9,2026-09-20,17:10,89000,golfpang,,,18홀,tr_219749679
용인플라자,2026-09-20,17:10,140000,golfpang,,,18홀,tr_219553044
용인플라자,2026-09-20,17:09,140000,golfpang,,,18홀,tr_219553043
윈체스트,2026-09-20,17:08,170000,golfpang,,,18홀,tr_217891746
해솔리아,2026-09-20,17:01,120000,golfpang,,,18홀,tr_220126453
아세코밸리-퍼9,2026-09-20,16:42,100000,golfpang,,,18홀,tr_219912873
리베라,2026-09-20,18:38,120000,golfpang,,,18홀,tr_219716680
리베라,2026-09-20,18:31,120000,golfpang,,,18홀,tr_219716679
그린힐,2026-09-20,18:31,90000,golfpang,,,18홀,tr_219716233
신안(병행),2026-09-20,18:31,80000,golfpang,,,18홀,tr_220037092
리베라,2026-09-20,18:24,120000,golfpang,,,18홀,tr_219716681
그린힐,2026-09-20,18:24,90000,golfpang,,,18홀,tr_219716232
그린힐,2026-09-20,18:24,90000,golfpang,,,18홀,tr_219716234
아난티중앙(야간),2026-09-20,18:09,100000,golfpang,,,18홀,tr_220046048
신라,2026-09-20,08:02,200000,golfpang,,,18홀,tr_220130224
에덴블루,2026-09-20,07:58,209000,golfpang,,,18홀,tr_220127286
신라,2026-09-20,07:34,200000,golfpang,,,18홀,tr_220130223
양지파인,2026-09-20,07:22,200000,golfpang,,,18홀,tr_219554637
히든밸리,2026-09-20,07:17,180000,golfpang,,,18홀,tr_218785667
골프존 안성H,2026-09-20,06:51,200000,golfpang,,,18홀,tr_220052447
용인(비공개),2026-09-20,13:52,180000,golfpang,,,18홀,tr_220240003
용인(비공개),2026-09-20,14:20,180000,golfpang,,,18홀,tr_220240004
용인(비공개),2026-09-20,06:46,209000,golfpang,,,18홀,tr_220240002
블루원용인,2026-09-20,17:54,135000,golfpang,,,18홀,tr_220001630
세현,2026-09-20,14:05,200000,golfpang,,,18홀,tr_220239229
세현,2026-09-20,13:44,200000,golfpang,,,18홀,tr_220239228
세현,2026-09-20,12:55,220000,golfpang,,,18홀,tr_220239227
360도,2026-09-20,12:15,177000,golfpang,,,18홀,tr_220238876
360도,2026-09-20,13:45,167000,golfpang,,,18홀,tr_220238877
골프존 안성H,2026-09-20,06:51,190000,golfpang,,,18홀,tr_220233075
골프존 안성H,2026-09-20,14:20,180000,golfpang,,,18홀,tr_220233076
리베라,2026-09-20,18:45,110000,golfpang,,,18홀,tr_220230786
리베라,2026-09-20,18:45,110000,golfpang,,,18홀,tr_220230787
그린힐,2026-09-20,18:45,90000,golfpang,,,18홀,tr_220230630
그린힐,2026-09-20,19:13,80000,golfpang,,,18홀,tr_220230631
360도,2026-09-20,06:07,170000,golfpang,,,18홀,tr_220230259
360도,2026-09-20,13:45,167000,golfpang,,,18홀,tr_220230260
한림용인,2026-09-20,07:00,220000,golfpang,,,18홀,tr_219999518
파인크리크,2026-09-20,12:30,190000,golfpang,,,18홀,tr_219999421
용인(비공개),2026-09-20,06:50,209000,golfpang,,,18홀,tr_219597581
용인플라자,2026-09-20,16:50,140000,golfpang,,,18홀,tr_218959175
용인(비공개),2026-09-20,13:50,180000,golfpang,,,18홀,tr_219597682
기흥(비공개),2026-09-20,13:00,280000,golfpang,,,18홀,tr_218990730
한림용인,2026-09-20,12:30,190000,golfpang,,,18홀,tr_219999548
파인크리크,2026-09-20,13:30,180000,golfpang,,,18홀,tr_219806232
이글몬트,2026-09-20,14:00,170000,golfpang,,,18홀,tr_220221834
이글몬트,2026-09-20,06:41,190000,golfpang,,,18홀,tr_220221833
이글몬트,2026-09-20,13:53,170000,golfpang,,,18홀,tr_220130786
에덴블루,2026-09-20,12:16,150000,golfpang,,,18홀,tr_219647206
에덴블루,2026-09-20,13:53,148200,golfpang,,,18홀,tr_219647212
이글몬트,2026-09-20,14:00,170000,golfpang,,,18홀,tr_220130787
마이다스레이크 이천,2026-09-20,14:17,180000,golfpang,,,18홀,tr_220179544
골프존 송도(구.오렌지듄스),2026-09-20,17:56,139000,golfpang,,,18홀,tr_220221140
양지파인,2026-09-20,08:30,199000,golfpang,,,18홀,tr_220220103
양지파인,2026-09-20,08:07,199000,golfpang,,,18홀,tr_220220102
베르힐(영종),2026-09-20,17:36,180000,golfpang,,,18홀,tr_219557641
한림용인,2026-09-20,18:41,120000,golfpang,,,18홀,tr_220219404
그린힐,2026-09-20,19:13,80000,golfpang,,,18홀,tr_220086172
한림용인,2026-09-20,06:52,210000,golfpang,,,18홀,tr_220036180
양평TPC,2026-09-20,06:52,180000,golfpang,,,18홀,tr_220201283
이글몬트,2026-09-20,06:41,210000,golfpang,,,18홀,tr_220010359
해솔리아,2026-09-20,06:35,180000,golfpang,,,18홀,tr_220139563
유니아일랜드,2026-09-20,06:22,160000,golfpang,,,18홀,tr_219997188
포웰(안성)cc,2026-09-20,06:18,201000,golfpang,,,18홀,tr_220198768
360도,2026-09-20,06:07,170000,golfpang,,,18홀,tr_220195335
아세코밸리-퍼9,2026-09-20,05:37,140000,golfpang,,,18홀,tr_219998033
해솔리아,2026-09-20,12:09,170000,golfpang,,,18홀,tr_220139564
유니아일랜드,2026-09-20,10:54,160000,golfpang,,,18홀,tr_219997190
유니아일랜드,2026-09-20,10:40,160000,golfpang,,,18홀,tr_219997189
양지파인,2026-09-20,08:22,199000,golfpang,,,18홀,tr_220195509
양지파인,2026-09-20,08:15,199000,golfpang,,,18홀,tr_220195508
골프존 안성W,2026-09-20,13:31,160000,golfpang,,,18홀,tr_220009682
한림용인,2026-09-20,12:57,195000,golfpang,,,18홀,tr_220036181
아세코밸리-퍼9,2026-09-20,12:44,130000,golfpang,,,18홀,tr_219998034
리베라,2026-09-20,14:17,250000,golfpang,,,18홀,tr_219796194
이글몬트,2026-09-20,13:53,180000,golfpang,,,18홀,tr_220010360
양평TPC,2026-09-20,13:50,160000,golfpang,,,18홀,tr_220201284
360도,2026-09-20,13:45,167000,golfpang,,,18홀,tr_220195336
솔트베이,2026-09-20,18:01,149000,golfpang,,,18홀,tr_218362054
포웰(안성)cc,2026-09-20,17:50,92000,golfpang,,,18홀,tr_220198769
클럽72,2026-09-20,17:36,130000,golfpang,,,18홀,tr_220198572
솔트베이,2026-09-20,17:33,159000,golfpang,,,18홀,tr_218362053
솔트베이,2026-09-20,16:58,169000,golfpang,,,18홀,tr_218362052
젠스필드,2026-09-20,18:52,70000,golfpang,,,18홀,tr_220198943
그린힐,2026-09-20,18:45,90000,golfpang,,,18홀,tr_220086171
젠스필드,2026-09-20,18:45,70000,golfpang,,,18홀,tr_220198942
신안(병행),2026-09-20,18:38,80000,golfpang,,,18홀,tr_219797394
포웰(안성)cc,2026-09-20,18:32,82000,golfpang,,,18홀,tr_220198770
리베라,2026-09-20,18:31,120000,golfpang,,,18홀,tr_219796196
신안(병행),2026-09-20,18:31,80000,golfpang,,,18홀,tr_219797393
그린힐,2026-09-20,18:31,90000,golfpang,,,18홀,tr_220086170
골프존 안성W,2026-09-20,18:31,120000,golfpang,,,18홀,tr_220009683
클럽72,2026-09-20,18:25,120000,golfpang,,,18홀,tr_220198574
리베라,2026-09-20,18:24,120000,golfpang,,,18홀,tr_219796195
신안(병행),2026-09-20,18:24,80000,golfpang,,,18홀,tr_219797392
한림용인,2026-09-20,18:13,135000,golfpang,,,18홀,tr_220036182
해솔리아,2026-09-20,18:11,110000,golfpang,,,18홀,tr_220139565
아세코밸리-퍼9,2026-09-20,18:06,100000,golfpang,,,18홀,tr_219998035
클럽72,2026-09-20,18:04,120000,golfpang,,,18홀,tr_220198573
골프존 안성W,2026-09-20,07:19,170000,golfpang,,,18홀,tr_220009681
젠스필드,2026-09-20,18:52,70000,golfpang,,,18홀,tr_220198944
클럽72,2026-09-20,18:40,120000,golfpang,,,18홀,tr_220211460
클럽72,2026-09-20,17:51,130000,golfpang,,,18홀,tr_220211452
클럽72,2026-09-20,17:23,130000,golfpang,,,18홀,tr_220211390
골프존 송도(구.오렌지듄스),2026-09-20,17:15,149000,golfpang,,,18홀,tr_220211385
유니아일랜드,2026-09-20,16:53,120000,golfpang,,,18홀,tr_220211359
골프존 송도(구.오렌지듄스),2026-09-20,13:44,179000,golfpang,,,18홀,tr_220211353
골프존 송도(구.오렌지듄스),2026-09-20,07:08,189000,golfpang,,,18홀,tr_220211322
리베라,2026-09-20,18:38,110000,golfpang,,,18홀,tr_220202001
리베라,2026-09-20,19:06,110000,golfpang,,,18홀,tr_220202002
용인플라자,2026-09-20,17:31,140000,golfpang,,,18홀,tr_220195562
용인플라자,2026-09-20,17:23,140000,golfpang,,,18홀,tr_220195561
용인플라자,2026-09-20,17:10,140000,golfpang,,,18홀,tr_220195560
안성베네스트(클),2026-09-20,14:13,179000,golfpang,,,18홀,tr_220193295
안성베네스트(클),2026-09-20,14:13,179000,golfpang,,,18홀,tr_220193296
이글몬트,2026-09-20,06:41,190000,golfpang,,,18홀,tr_220190257
이글몬트,2026-09-20,13:53,170000,golfpang,,,18홀,tr_220190258
골프존 안성H,2026-09-20,13:24,180000,golfpang,,,18홀,tr_220184521
골프존 안성H,2026-09-20,06:51,200000,golfpang,,,18홀,tr_220184520
골프존 안성H,2026-09-20,14:20,180000,golfpang,,,18홀,tr_220184522
골프존 안성W,2026-09-20,17:14,130000,golfpang,,,18홀,tr_220183647
골프존 안성W,2026-09-20,07:19,170000,golfpang,,,18홀,tr_220183645
골프존 안성W,2026-09-20,13:31,160000,golfpang,,,18홀,tr_220183646
이천실크밸리,2026-09-20,07:03,160000,golfpang,,,18홀,tr_220180910
이천실크밸리,2026-09-20,08:06,190000,golfpang,,,18홀,tr_220180911
이천실크밸리,2026-09-20,17:49,90000,golfpang,,,18홀,tr_220180912
솔트베이,2026-09-20,18:43,149000,golfpang,,,18홀,tr_219446516
솔트베이,2026-09-20,12:46,230000,golfpang,,,18홀,tr_219446515
솔트베이,2026-09-20,05:46,260000,golfpang,,,18홀,tr_219446517
해솔리아,2026-09-20,06:49,180000,golfpang,,,18홀,tr_220149695
해솔리아,2026-09-20,07:45,180000,golfpang,,,18홀,tr_220149697
해솔리아,2026-09-20,07:24,180000,golfpang,,,18홀,tr_220149696
이글몬트,2026-09-20,07:30,190000,golfpang,,,18홀,tr_220128640
이글몬트,2026-09-20,13:53,170000,golfpang,,,18홀,tr_220128641
유니아일랜드,2026-09-20,06:08,160000,golfpang,,,18홀,tr_219936969
이천실크밸리,2026-09-20,07:31,170000,golfpang,,,18홀,tr_219655495
솔모로,2026-09-20,13:14,180000,golfpang,,,18홀,tr_219599370
포웰(안성)cc,2026-09-20,18:25,92000,golfpang,,,18홀,tr_220087183
포웰(안성)cc,2026-09-20,07:00,211000,golfpang,,,18홀,tr_220087181
포웰(안성)cc,2026-09-20,08:10,231000,golfpang,,,18홀,tr_220087182
클럽72-오션,2026-09-20,12:25,250000,golfpang,,,18홀,tr_220087049
클럽72-오션,2026-09-20,06:16,310000,golfpang,,,18홀,tr_220087048
클럽72,2026-09-20,07:03,210000,golfpang,,,18홀,tr_220086932
클럽72,2026-09-20,07:38,210000,golfpang,,,18홀,tr_220086933
클럽72,2026-09-20,06:49,200000,golfpang,,,18홀,tr_220086931
유니아일랜드,2026-09-20,10:26,170000,golfpang,,,18홀,tr_219952624
유니아일랜드,2026-09-20,10:54,160000,golfpang,,,18홀,tr_219952625
유니아일랜드,2026-09-20,07:11,180000,golfpang,,,18홀,tr_219952623
젠스필드,2026-09-20,18:45,70000,golfpang,,,18홀,tr_220086526
젠스필드,2026-09-20,18:45,70000,golfpang,,,18홀,tr_220086527
젠스필드,2026-09-20,18:52,70000,golfpang,,,18홀,tr_220086528
에덴블루,2026-09-20,11:55,210000,golfpang,,,18홀,tr_219888689
에덴블루,2026-09-20,13:39,190000,golfpang,,,18홀,tr_219888691
에덴블루,2026-09-20,13:46,190000,golfpang,,,18홀,tr_219888690
솔모로,2026-09-20,13:14,180000,golfpang,,,18홀,tr_219599371
써닝포인트,2026-09-20,08:20,245000,golfpang,,,18홀,tr_220034156
써닝포인트,2026-09-20,13:33,205000,golfpang,,,18홀,tr_220034157
써닝포인트,2026-09-20,06:07,215000,golfpang,,,18홀,tr_220034155
여주,2026-09-20,14:07,220000,golfpang,,,18홀,tr_220015458
유니아일랜드,2026-09-20,10:33,160000,golfpang,,,18홀,tr_219936970
유니아일랜드,2026-09-20,15:21,120000,golfpang,,,18홀,tr_219936971
양평TPC,2026-09-20,12:19,170000,golfpang,,,18홀,tr_219892356
양평TPC,2026-09-20,06:59,180000,golfpang,,,18홀,tr_219892355
용인(비공개),2026-09-20,06:46,239000,golfpang,,,18홀,tr_219872199
용인(비공개),2026-09-20,07:07,239000,golfpang,,,18홀,tr_219872200
용인(비공개),2026-09-20,13:10,199000,golfpang,,,18홀,tr_219872201
빅토리아-퍼9,2026-09-20,17:10,89000,golfpang,,,18홀,tr_219837231
빅토리아-퍼9,2026-09-20,12:24,114000,golfpang,,,18홀,tr_219837230
빅토리아-퍼9,2026-09-20,07:17,114000,golfpang,,,18홀,tr_219837229
아난티중앙(야간),2026-09-20,17:44,110000,golfpang,,,18홀,tr_219798699
아난티중앙(야간),2026-09-20,18:11,100000,golfpang,,,18홀,tr_219798700
에델바이스(가명),2026-09-20,13:05,200000,golfpang,,,18홀,tr_219798499
에델바이스(가명),2026-09-20,06:42,190000,golfpang,,,18홀,tr_219798498
솔모로,2026-09-20,13:07,180000,golfpang,,,18홀,tr_219792294
솔모로,2026-09-20,13:14,180000,golfpang,,,18홀,tr_219792295
신라,2026-09-20,12:15,180000,golfpang,,,18홀,tr_219790629
신라,2026-09-20,13:46,170000,golfpang,,,18홀,tr_219790630
용인플라자,2026-09-20,17:09,140000,golfpang,,,18홀,tr_219527624
용인플라자,2026-09-20,17:17,140000,golfpang,,,18홀,tr_219527625
용인플라자,2026-09-20,17:30,140000,golfpang,,,18홀,tr_219527626
용인플라자,2026-09-20,17:30,140000,golfpang,,,18홀,tr_219527860
용인플라자,2026-09-20,17:10,140000,golfpang,,,18홀,tr_219527859
용인플라자,2026-09-20,17:09,140000,golfpang,,,18홀,tr_219527858
빅토리아-퍼9,2026-09-20,17:03,89000,golfpang,,,18홀,tr_219556418
빅토리아-퍼9,2026-09-20,11:14,114000,golfpang,,,18홀,tr_219556417
빅토리아-퍼9,2026-09-20,06:49,114000,golfpang,,,18홀,tr_219556416
용인플라자,2026-09-20,17:09,140000,golfpang,,,18홀,tr_219527391
용인,2026-09-20,08:00,160000,golfpang,,,18홀,tr_219527933
용인플라자,2026-09-20,17:09,140000,golfpang,,,18홀,tr_219527389
용인플라자,2026-09-20,17:09,140000,golfpang,,,18홀,tr_219527390
용인,2026-09-20,12:07,150000,golfpang,,,18홀,tr_219528003
클럽72,2026-09-20,17:36,140000,golfpang,,,18홀,tr_219493941
클럽72,2026-09-20,06:21,220000,golfpang,,,18홀,tr_219493939
클럽72,2026-09-20,13:19,190000,golfpang,,,18홀,tr_219493940
클럽72-오션,2026-09-20,13:42,250000,golfpang,,,18홀,tr_219493842
클럽72-오션,2026-09-20,06:44,310000,golfpang,,,18홀,tr_219493841
포웰(안성)cc,2026-09-20,18:04,121000,golfpang,,,18홀,tr_219491572
포웰(안성)cc,2026-09-20,13:01,172000,golfpang,,,18홀,tr_219491571
포웰(안성)cc,2026-09-20,12:12,182000,golfpang,,,18홀,tr_219491570
양평TPC,2026-09-20,12:05,200000,golfpang,,,18홀,tr_219470417
양평TPC,2026-09-20,08:16,220000,golfpang,,,18홀,tr_219470416
신안(병행),2026-09-20,17:42,90000,golfpang,,,18홀,tr_219445622
신안(병행),2026-09-20,18:24,80000,golfpang,,,18홀,tr_219445624
신안(병행),2026-09-20,18:10,80000,golfpang,,,18홀,tr_219445623
빅토리아-퍼9,2026-09-20,12:03,114000,golfpang,,,18홀,tr_219395230
빅토리아-퍼9,2026-09-20,11:14,114000,golfpang,,,18홀,tr_219395229
빅토리아-퍼9,2026-09-20,17:03,89000,golfpang,,,18홀,tr_219395231
솔모로,2026-09-20,08:42,270000,golfpang,,,18홀,tr_219394853
솔모로,2026-09-20,12:53,270000,golfpang,,,18홀,tr_219394854
필로스,2026-09-20,17:54,120000,golfpang,,,18홀,tr_219691559
몽베르(대중제),2026-09-20,17:35,120000,golfpang,,,18홀,tr_220454843
필로스,2026-09-20,17:27,120000,golfpang,,,18홀,tr_220486367
몽베르(대중제),2026-09-20,17:42,120000,golfpang,,,18홀,tr_220260979
필로스,2026-09-20,17:27,120000,golfpang,,,18홀,tr_219681495
필로스,2026-09-20,18:00,110000,golfpang,,,18홀,tr_220421047
비콘힐스,2026-09-20,18:12,75000,golfpang,,,18홀,tr_220553854
필로스,2026-09-20,17:34,120000,golfpang,,,18홀,tr_219673887
샴발라,2026-09-20,12:44,160000,golfpang,,,18홀,tr_220222686
힐마루 포천,2026-09-20,17:38,140000,golfpang,,,18홀,tr_220209789
필로스,2026-09-20,18:00,110000,golfpang,,,18홀,tr_220504060
한림광릉,2026-09-20,17:10,130000,golfpang,,,18홀,tr_220503882
클럽모우,2026-09-20,13:34,160000,golfpang,,,18홀,tr_220301918
샴발라,2026-09-20,06:22,160000,golfpang,,,18홀,tr_220561435
포천힐스,2026-09-20,07:24,260000,golfpang,,,18홀,tr_220520397
파주,2026-09-20,17:20,150000,golfpang,,,18홀,tr_220209444
한림광릉,2026-09-20,17:17,130000,golfpang,,,18홀,tr_220345935
필로스,2026-09-20,17:14,120000,golfpang,,,18홀,tr_220209324
파주타이거,2026-09-20,17:05,160000,golfpang,,,18홀,tr_220209472
몽베르(대중제),2026-09-20,17:49,120000,golfpang,,,18홀,tr_220209398
파주타이거,2026-09-20,17:35,150000,golfpang,,,18홀,tr_220518505
비콘힐스,2026-09-20,18:26,70000,golfpang,,,18홀,tr_220209405
라싸,2026-09-20,18:14,129000,golfpang,,,18홀,tr_220519194
포레스트힐,2026-09-20,18:10,110000,golfpang,,,18홀,tr_219622220
베스트밸리-퍼9,2026-09-20,17:55,120000,golfpang,,,18홀,tr_220209403
포레스트힐,2026-09-20,18:59,110000,golfpang,,,18홀,tr_219622222
포레스트힐,2026-09-20,18:31,110000,golfpang,,,18홀,tr_219622221
더플레이어스,2026-09-20,08:05,180000,golfpang,,,18홀,tr_220209383
푸른솔포천,2026-09-20,12:52,220000,golfpang,,,18홀,tr_220209517
라싸,2026-09-20,12:46,209000,golfpang,,,18홀,tr_220209391
파주,2026-09-20,12:13,210000,golfpang,,,18홀,tr_220209442
남춘천,2026-09-20,12:13,180000,golfpang,,,18홀,tr_220209379
스마트KU,2026-09-20,13:27,210000,golfpang,,,18홀,tr_220209410
파주,2026-09-20,13:02,210000,golfpang,,,18홀,tr_220518941
몽베르(대중제),2026-09-20,13:00,190000,golfpang,,,18홀,tr_220209397
클럽모우,2026-09-20,13:00,145000,golfpang,,,18홀,tr_220324948
파주,2026-09-20,16:45,160000,golfpang,,,18홀,tr_220209443
남양주(퍼9),2026-09-20,16:14,139000,golfpang,,,18홀,tr_219002126
클럽모우,2026-09-20,14:16,165000,golfpang,,,18홀,tr_220514420
스마트KU,2026-09-20,14:03,200000,golfpang,,,18홀,tr_220209411
파주타이거,2026-09-20,13:50,170000,golfpang,,,18홀,tr_220209471
라싸,2026-09-20,17:25,129000,golfpang,,,18홀,tr_220209392
몽베르(대중제),2026-09-20,07:22,220000,golfpang,,,18홀,tr_220209396
포천힐스,2026-09-20,18:39,130000,golfpang,,,18홀,tr_220560485
라싸,2026-09-20,18:21,129000,golfpang,,,18홀,tr_220560442
더플레이어스,2026-09-20,07:58,170000,golfpang,,,18홀,tr_220563198
샴발라,2026-09-20,12:44,160000,golfpang,,,18홀,tr_220563276
라싸,2026-09-20,17:54,120000,golfpang,,,18홀,tr_220563284
힐마루 포천,2026-09-20,17:45,140000,golfpang,,,18홀,tr_220563254
파주,2026-09-20,17:41,150000,golfpang,,,18홀,tr_220563282
한림광릉,2026-09-20,17:31,130000,golfpang,,,18홀,tr_220563303
비콘힐스,2026-09-20,18:33,70000,golfpang,,,18홀,tr_220563213
필로스,2026-09-20,17:40,120000,golfpang,,,18홀,tr_220437315
한림광릉,2026-09-20,17:20,130000,golfpang,,,18홀,tr_220180277
경춘(비공개),2026-09-20,13:29,153000,golfpang,,,18홀,tr_220563144
몽베르(대중제),2026-09-20,07:22,220000,golfpang,,,18홀,tr_219785221
세레니티-강촌,2026-09-20,12:42,180000,golfpang,,,18홀,tr_220437091
파주,2026-09-20,11:52,200000,golfpang,,,18홀,tr_220563662
가평프리스틴밸리,2026-09-20,08:43,260000,golfpang,,,18홀,tr_220563014
필로스,2026-09-20,17:44,120000,golfpang,,,18홀,tr_220201974
파주,2026-09-20,07:34,220000,golfpang,,,18홀,tr_220563025
더플레이어스,2026-09-20,07:30,160000,golfpang,,,18홀,tr_220563052
세레니티-강촌,2026-09-20,06:56,200000,golfpang,,,18홀,tr_220437043
더플레이어스,2026-09-20,07:37,170000,golfpang,,,18홀,tr_220548408
라싸,2026-09-20,18:21,129000,golfpang,,,18홀,tr_220519195
파주타이거,2026-09-20,17:47,150000,golfpang,,,18홀,tr_220520706
몽베르(대중제),2026-09-20,17:35,120000,golfpang,,,18홀,tr_220454844
몽베르(대중제),2026-09-20,17:35,120000,golfpang,,,18홀,tr_219785734
파주,2026-09-20,16:52,160000,golfpang,,,18홀,tr_220513347
포천힐스,2026-09-20,06:14,210000,golfpang,,,18홀,tr_220470995
파주,2026-09-20,12:48,200000,golfpang,,,18홀,tr_220400897
파주,2026-09-20,11:52,200000,golfpang,,,18홀,tr_220523065
한림광릉,2026-09-20,13:58,170000,golfpang,,,18홀,tr_219610901
파주,2026-09-20,05:14,190000,golfpang,,,18홀,tr_220400880
포천힐스,2026-09-20,13:55,180000,golfpang,,,18홀,tr_220518707
포천힐스,2026-09-20,14:02,180000,golfpang,,,18홀,tr_220518684
한림광릉,2026-09-20,17:38,130000,golfpang,,,18홀,tr_220547415
오너스,2026-09-20,07:32,150000,golfpang,,,18홀,tr_220179181
남양주(퍼9),2026-09-20,13:00,139000,golfpang,,,18홀,tr_220560176
파주,2026-09-20,16:52,160000,golfpang,,,18홀,tr_220560480
필로스,2026-09-20,18:00,110000,golfpang,,,18홀,tr_220469846
라싸,2026-09-20,07:44,189000,golfpang,,,18홀,tr_220467911
더플레이어스,2026-09-20,07:37,180000,golfpang,,,18홀,tr_220467857
파주,2026-09-20,11:45,210000,golfpang,,,18홀,tr_220468153
필로스,2026-09-20,17:40,120000,golfpang,,,18홀,tr_220469762
가평프리스틴밸리,2026-09-20,11:53,230000,golfpang,,,18홀,tr_220468324
가평프리스틴밸리,2026-09-20,12:56,220000,golfpang,,,18홀,tr_220468606
라싸,2026-09-20,08:40,209000,golfpang,,,18홀,tr_220468031
파주,2026-09-20,06:03,200000,golfpang,,,18홀,tr_220467568
필로스,2026-09-20,17:40,120000,golfpang,,,18홀,tr_220476555
필로스,2026-09-20,17:34,120000,golfpang,,,18홀,tr_219746336
한림광릉,2026-09-20,17:38,130000,golfpang,,,18홀,tr_220560497
비콘힐스,2026-09-20,18:33,70000,golfpang,,,18홀,tr_220505091
파주,2026-09-20,17:27,150000,golfpang,,,18홀,tr_220561840
필로스,2026-09-20,17:54,120000,golfpang,,,18홀,tr_220560487
클럽모우,2026-09-20,12:59,165000,golfpang,,,18홀,tr_220513118
한림광릉,2026-09-20,17:00,130000,golfpang,,,18홀,tr_219647020
올림픽,2026-09-20,17:13,130000,golfpang,,,18홀,tr_220056688
샤인데일,2026-09-20,18:00,70000,golfpang,,,18홀,tr_220563661
샤인데일,2026-09-20,17:40,70000,golfpang,,,18홀,tr_220563664
필로스,2026-09-20,17:27,120000,golfpang,,,18홀,tr_220121361
필로스,2026-09-20,17:27,120000,golfpang,,,18홀,tr_220121362
파주,2026-09-20,06:24,200000,golfpang,,,18홀,tr_220505061
파주,2026-09-20,11:31,200000,golfpang,,,18홀,tr_220505276
파주,2026-09-20,16:45,160000,golfpang,,,18홀,tr_220505194
필로스,2026-09-20,17:40,120000,golfpang,,,18홀,tr_220561438
필로스,2026-09-20,17:54,120000,golfpang,,,18홀,tr_220563181
클럽모우,2026-09-20,12:59,165000,golfpang,,,18홀,tr_220563250
포레스트힐,2026-09-20,06:58,210000,golfpang,,,18홀,tr_220563143
비콘힐스,2026-09-20,18:33,70000,golfpang,,,18홀,tr_220563202
라싸,2026-09-20,18:07,129000,golfpang,,,18홀,tr_220563054
한림광릉,2026-09-20,17:38,140000,golfpang,,,18홀,tr_220563183
더플레이어스,2026-09-20,07:58,170000,golfpang,,,18홀,tr_220563197
더플레이어스,2026-09-20,07:23,160000,golfpang,,,18홀,tr_220502393
파주,2026-09-20,11:52,200000,golfpang,,,18홀,tr_220499774
가평프리스틴밸리,2026-09-20,12:56,220000,golfpang,,,18홀,tr_219937295
올림픽,2026-09-20,17:20,130000,golfpang,,,18홀,tr_220058221
필로스,2026-09-20,18:20,110000,golfpang,,,18홀,tr_220200029
오너스,2026-09-20,08:07,145000,golfpang,,,18홀,tr_219552290
클럽모우,2026-09-20,13:41,145000,golfpang,,,18홀,tr_220230701
샤인데일,2026-09-20,18:04,70000,golfpang,,,18홀,tr_220515707
샤인데일,2026-09-20,07:58,180000,golfpang,,,18홀,tr_220515706
비콘힐스,2026-09-20,18:47,70000,golfpang,,,18홀,tr_220560720
비콘힐스,2026-09-20,19:08,70000,golfpang,,,18홀,tr_220560721
포천힐스,2026-09-20,08:06,230000,golfpang,,,18홀,tr_220559967
포천힐스,2026-09-20,13:34,180000,golfpang,,,18홀,tr_220559968
포천힐스,2026-09-20,06:14,210000,golfpang,,,18홀,tr_220559966
클럽모우,2026-09-20,13:41,145000,golfpang,,,18홀,tr_220304336
클럽모우,2026-09-20,14:02,145000,golfpang,,,18홀,tr_220304337
몽베르(대중제),2026-09-20,13:00,190000,golfpang,,,18홀,tr_220414564
몽베르(대중제),2026-09-20,06:54,220000,golfpang,,,18홀,tr_220414563
몽베르(대중제),2026-09-20,17:56,120000,golfpang,,,18홀,tr_220414565
라싸,2026-09-20,17:25,129000,golfpang,,,18홀,tr_219717072
라싸,2026-09-20,08:12,209000,golfpang,,,18홀,tr_219717070
라싸,2026-09-20,12:46,209000,golfpang,,,18홀,tr_219717071
더플레이어스,2026-09-20,08:08,170000,golfpang,,,18홀,tr_220561131
더플레이어스,2026-09-20,07:16,160000,golfpang,,,18홀,tr_220561130
남춘천,2026-09-20,12:48,180000,golfpang,,,18홀,tr_220403947
남춘천,2026-09-20,12:13,180000,golfpang,,,18홀,tr_220403952
가평베네스트,2026-09-20,13:42,250000,golfpang,,,18홀,tr_220349638
경춘(비공개),2026-09-20,13:29,153000,golfpang,,,18홀,tr_219708008
필로스,2026-09-20,17:47,120000,golfpang,,,18홀,tr_219837144
파주,2026-09-20,17:27,150000,golfpang,,,18홀,tr_220563310
세레니티-강촌,2026-09-20,17:25,120000,golfpang,,,18홀,tr_220563821
세레니티-강촌,2026-09-20,12:42,180000,golfpang,,,18홀,tr_219819270
파주,2026-09-20,11:52,200000,golfpang,,,18홀,tr_220562590
더플레이어스,2026-09-20,07:23,160000,golfpang,,,18홀,tr_220561063
오너스,2026-09-20,08:07,145000,golfpang,,,18홀,tr_220230586
오너스,2026-09-20,08:07,145000,golfpang,,,18홀,tr_219563244
필로스,2026-09-20,17:20,120000,golfpang,,,18홀,tr_220431238
파주,2026-09-20,17:00,150000,golfpang,,,18홀,tr_220431134
가평프리스틴밸리,2026-09-20,12:56,220000,golfpang,,,18홀,tr_220306564
더플레이어스,2026-09-20,07:37,160000,golfpang,,,18홀,tr_220306519
경춘(비공개),2026-09-20,13:29,153000,golfpang,,,18홀,tr_220561430
더플레이어스,2026-09-20,08:12,160000,golfpang,,,18홀,tr_220002365
더플레이어스,2026-09-20,08:12,160000,golfpang,,,18홀,tr_220560799
필로스,2026-09-20,17:34,120000,golfpang,,,18홀,tr_219765049
필로스,2026-09-20,17:40,120000,golfpang,,,18홀,tr_220022716
더플레이어스,2026-09-20,07:23,160000,golfpang,,,18홀,tr_220560281
클럽모우,2026-09-20,14:09,145000,golfpang,,,18홀,tr_220563579
포천힐스,2026-09-20,13:48,180000,golfpang,,,18홀,tr_220563519
남양주(퍼9),2026-09-20,12:54,139000,golfpang,,,18홀,tr_220563495
포천힐스,2026-09-20,07:31,240000,golfpang,,,18홀,tr_220563527
남양주(퍼9),2026-09-20,08:14,149000,golfpang,,,18홀,tr_220563491
스프링베일-퍼9,2026-09-20,17:36,80000,golfpang,,,18홀,tr_220366629
스마트KU,2026-09-20,14:10,200000,golfpang,,,18홀,tr_220562553
스마트KU,2026-09-20,06:30,220000,golfpang,,,18홀,tr_220562506
세레니티-강촌,2026-09-20,12:07,180000,golfpang,,,18홀,tr_220086900
한림광릉,2026-09-20,17:31,140000,golfpang,,,18홀,tr_220121283
파주타이거,2026-09-20,17:29,150000,golfpang,,,18홀,tr_220151074
파주,2026-09-20,17:20,150000,golfpang,,,18홀,tr_220150201
한림광릉,2026-09-20,17:10,140000,golfpang,,,18홀,tr_220121284
라싸,2026-09-20,17:53,119000,golfpang,,,18홀,tr_220505275
라싸,2026-09-20,17:46,119000,golfpang,,,18홀,tr_220230231
파주타이거,2026-09-20,17:35,150000,golfpang,,,18홀,tr_220214352
몽베르(대중제),2026-09-20,18:10,120000,golfpang,,,18홀,tr_220032159
베스트밸리-퍼9,2026-09-20,18:02,120000,golfpang,,,18홀,tr_220037194
포천힐스,2026-09-20,13:20,180000,golfpang,,,18홀,tr_220152627
포천힐스,2026-09-20,13:20,180000,golfpang,,,18홀,tr_220152625
푸른솔포천,2026-09-20,13:13,220000,golfpang,,,18홀,tr_220124703
클럽모우,2026-09-20,13:48,145000,golfpang,,,18홀,tr_220142320
포천힐스,2026-09-20,13:34,180000,golfpang,,,18홀,tr_220152626
몽베르(대중제),2026-09-20,13:28,190000,golfpang,,,18홀,tr_220032158
파주,2026-09-20,16:52,160000,golfpang,,,18홀,tr_220150200
푸른솔포천,2026-09-20,14:02,210000,golfpang,,,18홀,tr_220124704
클럽모우,2026-09-20,13:55,145000,golfpang,,,18홀,tr_220142321
세레니티-강촌,2026-09-20,17:32,120000,golfpang,,,18홀,tr_220086901
남춘천,2026-09-20,12:34,180000,golfpang,,,18홀,tr_220241280
파주,2026-09-20,12:34,210000,golfpang,,,18홀,tr_220150199
남춘천,2026-09-20,12:27,180000,golfpang,,,18홀,tr_220241279
더플레이어스,2026-09-20,07:30,160000,golfpang,,,18홀,tr_220471001
샴발라,2026-09-20,08:52,180000,golfpang,,,18홀,tr_220035015
포레스트힐,2026-09-20,13:20,170000,golfpang,,,18홀,tr_217164103
포레스트힐,2026-09-20,17:40,110000,golfpang,,,18홀,tr_217164162
라싸,2026-09-20,07:58,189000,golfpang,,,18홀,tr_220348419
스마트KU,2026-09-20,13:56,200000,golfpang,,,18홀,tr_220348870
클럽모우,2026-09-20,13:20,145000,golfpang,,,18홀,tr_220348967
경춘(비공개),2026-09-20,08:07,168000,golfpang,,,18홀,tr_220348790
더플레이어스,2026-09-20,07:37,170000,golfpang,,,18홀,tr_220348964
스프링베일-퍼9,2026-09-20,08:24,110000,golfpang,,,18홀,tr_220219812
스프링베일-퍼9,2026-09-20,17:37,80000,golfpang,,,18홀,tr_220559594
포천힐스,2026-09-20,13:17,179000,golfpang,,,18홀,tr_219345213
필로스,2026-09-20,17:34,120000,golfpang,,,18홀,tr_219719017
포천힐스,2026-09-20,13:10,179000,golfpang,,,18홀,tr_220522853
오너스,2026-09-20,08:21,145000,golfpang,,,18홀,tr_219556459
오너스,2026-09-20,08:21,145000,golfpang,,,18홀,tr_219556049
라데나,2026-09-20,06:24,190000,golfpang,,,18홀,tr_220055635
남춘천,2026-09-20,08:43,190000,golfpang,,,18홀,tr_220417604
코브스윙,2026-09-20,14:00,159000,golfpang,,,18홀,tr_217902139
포천힐스,2026-09-20,13:10,179000,golfpang,,,18홀,tr_220523443
파주,2026-09-20,16:52,160000,golfpang,,,18홀,tr_220561598
포천힐스,2026-09-20,06:14,210000,golfpang,,,18홀,tr_220561300
세레니티-강촌,2026-09-20,12:00,180000,golfpang,,,18홀,tr_220561440
세레니티-강촌,2026-09-20,08:34,200000,golfpang,,,18홀,tr_220561439
파주,2026-09-20,11:03,210000,golfpang,,,18홀,tr_220561597
더플레이어스,2026-09-20,08:05,170000,golfpang,,,18홀,tr_220560868
라싸,2026-09-20,17:53,119000,golfpang,,,18홀,tr_220561395
베스트밸리-퍼9,2026-09-20,18:16,120000,golfpang,,,18홀,tr_220561518
라싸,2026-09-20,18:07,119000,golfpang,,,18홀,tr_220561396
베스트밸리-퍼9,2026-09-20,18:02,120000,golfpang,,,18홀,tr_220561517
비콘힐스,2026-09-20,18:54,70000,golfpang,,,18홀,tr_220562361
비콘힐스,2026-09-20,18:40,70000,golfpang,,,18홀,tr_220562360
라싸,2026-09-20,18:35,119000,golfpang,,,18홀,tr_220561397
비콘힐스,2026-09-20,18:33,70000,golfpang,,,18홀,tr_220562359
푸른솔포천,2026-09-20,13:13,220000,golfpang,,,18홀,tr_220561755
코브스윙,2026-09-20,13:48,170000,golfpang,,,18홀,tr_220562031
포천힐스,2026-09-20,13:41,180000,golfpang,,,18홀,tr_220561302
코브스윙,2026-09-20,13:41,170000,golfpang,,,18홀,tr_220562030
베스트밸리-퍼9,2026-09-20,17:55,120000,golfpang,,,18홀,tr_220561519
푸른솔포천,2026-09-20,14:02,210000,golfpang,,,18홀,tr_220561756
세레니티-강촌,2026-09-20,17:32,120000,golfpang,,,18홀,tr_220561441
파주,2026-09-20,07:27,220000,golfpang,,,18홀,tr_220561596
더플레이어스,2026-09-20,07:16,160000,golfpang,,,18홀,tr_220560867
포천힐스,2026-09-20,08:06,230000,golfpang,,,18홀,tr_220561301
포레스트힐,2026-09-20,13:17,169000,golfpang,,,18홀,tr_217105845
코브스윙,2026-09-20,14:20,159000,golfpang,,,18홀,tr_217105840
클럽모우,2026-09-20,12:35,165000,golfpang,,,18홀,tr_220563640
클럽모우,2026-09-20,06:37,145000,golfpang,,,18홀,tr_219747203
클럽모우,2026-09-20,07:12,175000,golfpang,,,18홀,tr_220563639
포레스트힐,2026-09-20,13:20,169000,golfpang,,,18홀,tr_216582557
서원힐스,2026-09-20,17:52,140000,golfpang,,,18홀,tr_220397482
클럽모우,2026-09-20,13:48,145000,golfpang,,,18홀,tr_220560805
더플레이어스,2026-09-20,07:37,170000,golfpang,,,18홀,tr_220548409
코브스윙,2026-09-20,14:10,159000,golfpang,,,18홀,tr_217163964
코브스윙,2026-09-20,13:30,159000,golfpang,,,18홀,tr_217163970
오너스,2026-09-20,07:18,139000,golfpang,,,18홀,tr_220563621
오너스,2026-09-20,07:33,139000,golfpang,,,18홀,tr_220563169
클럽모우,2026-09-20,06:40,145000,golfpang,,,18홀,tr_220563020
포레스트힐,2026-09-20,13:20,170000,golfpang,,,18홀,tr_217102854
포천힐스,2026-09-20,13:10,179000,golfpang,,,18홀,tr_220547161
코브스윙,2026-09-20,13:10,159000,golfpang,,,18홀,tr_219799047
라싸,2026-09-20,08:33,189000,golfpang,,,18홀,tr_220206122
필로스,2026-09-20,17:40,120000,golfpang,,,18홀,tr_220400359
더플레이어스,2026-09-20,07:30,160000,golfpang,,,18홀,tr_220400351
남춘천,2026-09-20,12:13,180000,golfpang,,,18홀,tr_219280982
라데나,2026-09-20,06:30,190000,golfpang,,,18홀,tr_220181669
경춘(비공개),2026-09-20,13:15,210000,golfpang,,,18홀,tr_219840511
필로스,2026-09-20,17:40,120000,golfpang,,,18홀,tr_220484047
라데나,2026-09-20,12:56,240000,golfpang,,,18홀,tr_220278585
클럽모우,2026-09-20,06:51,175000,golfpang,,,18홀,tr_219344241
포레스트힐,2026-09-20,06:58,210000,golfpang,,,18홀,tr_219775898
힐마루 포천,2026-09-20,17:52,140000,golfpang,,,18홀,tr_219344212
비콘힐스,2026-09-20,18:33,70000,golfpang,,,18홀,tr_219551358
샴발라,2026-09-20,13:05,150000,golfpang,,,18홀,tr_220260969
클럽모우,2026-09-20,12:59,165000,golfpang,,,18홀,tr_219775786
한림광릉,2026-09-20,17:31,130000,golfpang,,,18홀,tr_220274609
더플레이어스,2026-09-20,07:58,180000,golfpang,,,18홀,tr_219343321
더플레이어스,2026-09-20,07:16,160000,golfpang,,,18홀,tr_220563565
더플레이어스,2026-09-20,08:05,170000,golfpang,,,18홀,tr_220563566
파주,2026-09-20,07:27,220000,golfpang,,,18홀,tr_220499739
코브스윙,2026-09-20,13:40,159000,golfpang,,,18홀,tr_217162723
스마트KU,2026-09-20,14:10,200000,golfpang,,,18홀,tr_220563389
한림광릉,2026-09-20,17:17,140000,golfpang,,,18홀,tr_220391923
한림광릉,2026-09-20,17:17,140000,golfpang,,,18홀,tr_220391922
몽베르(대중제),2026-09-20,17:00,130000,golfpang,,,18홀,tr_219575358
한림광릉,2026-09-20,17:38,130000,golfpang,,,18홀,tr_220345243
샤인데일,2026-09-20,17:57,70000,golfpang,,,18홀,tr_220203558
샤인데일,2026-09-20,17:57,70000,golfpang,,,18홀,tr_220203556
비콘힐스,2026-09-20,18:47,70000,golfpang,,,18홀,tr_220493913
비콘힐스,2026-09-20,18:47,70000,golfpang,,,18홀,tr_220493912
몽베르(대중제),2026-09-20,13:00,190000,golfpang,,,18홀,tr_219575359
샤인데일,2026-09-20,07:58,180000,golfpang,,,18홀,tr_220203557
클럽모우,2026-09-20,07:47,180000,golfpang,,,18홀,tr_220079997
남춘천,2026-09-20,08:50,190000,golfpang,,,18홀,tr_220377379
남춘천,2026-09-20,12:13,180000,golfpang,,,18홀,tr_220377378
오너스,2026-09-20,12:12,170000,golfpang,,,18홀,tr_220218364
클럽모우,2026-09-20,13:27,165000,golfpang,,,18홀,tr_220079996
몽베르(대중제),2026-09-20,06:40,220000,golfpang,,,18홀,tr_219575357
샤인데일,2026-09-20,07:44,180000,golfpang,,,18홀,tr_220562397
코브스윙,2026-09-20,13:55,170000,golfpang,,,18홀,tr_220562650
클럽모우,2026-09-20,14:09,145000,golfpang,,,18홀,tr_220562701
샴발라,2026-09-20,11:48,170000,golfpang,,,18홀,tr_220562417
로드힐스,2026-09-20,08:45,210000,golfpang,,,18홀,tr_220521623
스마트KU,2026-09-20,06:30,220000,golfpang,,,18홀,tr_220539224
필로스,2026-09-20,18:00,110000,golfpang,,,18홀,tr_220421892
필로스,2026-09-20,17:54,110000,golfpang,,,18홀,tr_220469376
스프링베일-퍼9,2026-09-20,17:36,80000,golfpang,,,18홀,tr_220377314
한림광릉,2026-09-20,18:06,130000,golfpang,,,18홀,tr_220469638
베스트밸리-퍼9,2026-09-20,18:02,120000,golfpang,,,18홀,tr_220499648
스프링베일-퍼9,2026-09-20,06:17,100000,golfpang,,,18홀,tr_220377312
필로스,2026-09-20,18:00,110000,golfpang,,,18홀,tr_220469377
클럽모우,2026-09-20,13:48,145000,golfpang,,,18홀,tr_220324925
코브스윙,2026-09-20,13:48,170000,golfpang,,,18홀,tr_220470626
포천힐스,2026-09-20,13:41,180000,golfpang,,,18홀,tr_220393096
남양주(퍼9),2026-09-20,16:54,109000,golfpang,,,18홀,tr_220107191
클럽모우,2026-09-20,14:02,145000,golfpang,,,18홀,tr_220324926
코브스윙,2026-09-20,13:55,170000,golfpang,,,18홀,tr_220470627
더플레이어스,2026-09-20,07:16,160000,golfpang,,,18홀,tr_220393158
남양주(퍼9),2026-09-20,07:14,149000,golfpang,,,18홀,tr_220107184
포천힐스,2026-09-20,08:06,230000,golfpang,,,18홀,tr_220393095
더플레이어스,2026-09-20,08:05,170000,golfpang,,,18홀,tr_220393159
스프링베일-퍼9,2026-09-20,07:41,110000,golfpang,,,18홀,tr_220377313
파주,2026-09-20,11:45,210000,golfpang,,,18홀,tr_220499740
남춘천,2026-09-20,12:27,180000,golfpang,,,18홀,tr_220393259
한림광릉,2026-09-20,17:31,130000,golfpang,,,18홀,tr_220469637
포천힐스,2026-09-20,06:14,210000,golfpang,,,18홀,tr_220393094
파주타이거,2026-09-20,13:50,170000,golfpang,,,18홀,tr_220422486
한림광릉,2026-09-20,17:31,130000,golfpang,,,18홀,tr_220421103
가평(비공개),2026-09-20,13:52,200000,golfpang,,,18홀,tr_218581307
남양주(퍼9),2026-09-20,16:14,109000,golfpang,,,18홀,tr_219571243
양주,2026-09-20,13:48,300000,golfpang,,,18홀,tr_218027709
한림광릉,2026-09-20,18:55,130000,golfpang,,,18홀,tr_220421105
베스트밸리-퍼9,2026-09-20,17:55,120000,golfpang,,,18홀,tr_220106927
세레니티-강촌,2026-09-20,17:25,140000,golfpang,,,18홀,tr_219009203
파주타이거,2026-09-20,17:05,160000,golfpang,,,18홀,tr_220422487
파주,2026-09-20,17:41,150000,golfpang,,,18홀,tr_220562867
스프링베일-퍼9,2026-09-20,17:36,80000,golfpang,,,18홀,tr_219599913
필로스,2026-09-20,18:27,110000,golfpang,,,18홀,tr_220422286
한림광릉,2026-09-20,18:03,130000,golfpang,,,18홀,tr_220421104
필로스,2026-09-20,18:00,110000,golfpang,,,18홀,tr_220422285
스프링베일-퍼9,2026-09-20,07:20,100000,golfpang,,,18홀,tr_220467442
오너스,2026-09-20,14:11,135000,golfpang,,,18홀,tr_220240932
남양주(퍼9),2026-09-20,17:00,109000,golfpang,,,18홀,tr_220559654
남양주(퍼9),2026-09-20,13:00,139000,golfpang,,,18홀,tr_220476494
오너스,2026-09-20,14:11,140000,golfpang,,,18홀,tr_220199342
스프링베일-퍼9,2026-09-20,17:29,80000,golfpang,,,18홀,tr_220402346
필로스,2026-09-20,18:27,110000,golfpang,,,18홀,tr_220469378
비콘힐스,2026-09-20,18:47,70000,golfpang,,,18홀,tr_220468747
한림광릉,2026-09-20,17:24,140000,golfpang,,,18홀,tr_219784869
오너스,2026-09-20,13:35,135000,golfpang,,,18홀,tr_220563171
오너스,2026-09-20,13:49,135000,golfpang,,,18홀,tr_220563172
필로스,2026-09-20,17:40,120000,golfpang,,,18홀,tr_220548255
남양주(퍼9),2026-09-20,17:00,109000,golfpang,,,18홀,tr_219820061
오너스,2026-09-20,08:07,145000,golfpang,,,18홀,tr_220561315
더플레이어스,2026-09-20,08:11,170000,golfpang,,,18홀,tr_220563053
더플레이어스,2026-09-20,08:12,180000,golfpang,,,18홀,tr_219994862
한림광릉,2026-09-20,17:20,140000,golfpang,,,18홀,tr_220417551
라데나,2026-09-20,07:06,200000,golfpang,,,18홀,tr_220007546
필로스,2026-09-20,17:38,120000,golfpang,,,18홀,tr_220563009
스프링베일-퍼9,2026-09-20,17:06,80000,golfpang,,,18홀,tr_218564347
스프링베일-퍼9,2026-09-20,07:21,100000,golfpang,,,18홀,tr_218564358
라싸,2026-09-20,17:07,129000,golfpang,,,18홀,tr_220253149
샴발라,2026-09-20,12:23,170000,golfpang,,,18홀,tr_220215320
포레스트힐,2026-09-20,13:23,169000,golfpang,,,18홀,tr_216874007
포레스트힐,2026-09-20,17:50,110000,golfpang,,,18홀,tr_218623469
포천힐스,2026-09-20,13:20,180000,golfpang,,,18홀,tr_219637691
코브스윙,2026-09-20,13:41,160000,golfpang,,,18홀,tr_220075774
샴발라,2026-09-20,08:42,180000,golfpang,,,18홀,tr_220052487
파주,2026-09-20,11:52,200000,golfpang,,,18홀,tr_220562926
파주,2026-09-20,12:20,200000,golfpang,,,18홀,tr_220562906
파주,2026-09-20,11:52,200000,golfpang,,,18홀,tr_220562905
파주,2026-09-20,07:27,220000,golfpang,,,18홀,tr_220562865
파주,2026-09-20,11:03,200000,golfpang,,,18홀,tr_220562866
포천힐스,2026-09-20,08:06,230000,golfpang,,,18홀,tr_220505410
남양주(퍼9),2026-09-20,12:54,139000,golfpang,,,18홀,tr_220399369
남양주(퍼9),2026-09-20,08:14,149000,golfpang,,,18홀,tr_220203120
포천힐스,2026-09-20,06:14,210000,golfpang,,,18홀,tr_220505403
파주,2026-09-20,07:27,220000,golfpang,,,18홀,tr_220504639
오너스,2026-09-20,08:07,145000,golfpang,,,18홀,tr_219785225
포레스트힐,2026-09-20,07:08,210000,golfpang,,,18홀,tr_220215509
더플레이어스,2026-09-20,06:34,155000,golfpang,,,18홀,tr_220376342
파주,2026-09-20,17:34,150000,golfpang,,,18홀,tr_220562759
클럽모우,2026-09-20,14:09,145000,golfpang,,,18홀,tr_220400661
파주,2026-09-20,11:52,200000,golfpang,,,18홀,tr_220553873
가평프리스틴밸리,2026-09-20,08:43,260000,golfpang,,,18홀,tr_220562755
가평프리스틴밸리,2026-09-20,08:43,260000,golfpang,,,18홀,tr_220562754
파주,2026-09-20,11:52,200000,golfpang,,,18홀,tr_220504548
오너스,2026-09-20,08:34,150000,golfpang,,,18홀,tr_220400553
클럽모우,2026-09-20,06:44,160000,golfpang,,,18홀,tr_218134395
클럽모우,2026-09-20,06:45,145000,golfpang,,,18홀,tr_219564228
남양주(퍼9),2026-09-20,07:47,149000,golfpang,,,18홀,tr_220240719
클럽모우,2026-09-20,07:12,180000,golfpang,,,18홀,tr_219459382
남양주(퍼9),2026-09-20,12:54,139000,golfpang,,,18홀,tr_220240755
포레스트힐,2026-09-20,18:52,110000,golfpang,,,18홀,tr_220441868
스마트KU,2026-09-20,14:00,200000,golfpang,,,18홀,tr_220543283
남춘천,2026-09-20,11:50,180000,golfpang,,,18홀,tr_220236476
올림픽,2026-09-20,16:30,130000,golfpang,,,18홀,tr_220398529
샤인데일,2026-09-20,07:58,180000,golfpang,,,18홀,tr_220518823
샤인데일,2026-09-20,17:50,70000,golfpang,,,18홀,tr_220518824
샤인데일,2026-09-20,17:57,70000,golfpang,,,18홀,tr_220518825
필로스,2026-09-20,11:41,190000,golfpang,,,18홀,tr_220212728
비콘힐스,2026-09-20,18:47,70000,golfpang,,,18홀,tr_220547507
비콘힐스,2026-09-20,18:40,70000,golfpang,,,18홀,tr_220547506
비콘힐스,2026-09-20,18:33,70000,golfpang,,,18홀,tr_220547505
가평프리스틴밸리,2026-09-20,08:08,220000,golfpang,,,18홀,tr_220562315
라데나,2026-09-20,12:56,240000,golfpang,,,18홀,tr_220055698
라데나,2026-09-20,07:06,240000,golfpang,,,18홀,tr_220417503
경춘(비공개),2026-09-20,13:29,153000,golfpang,,,18홀,tr_220562223
푸른솔포천,2026-09-20,13:13,220000,golfpang,,,18홀,tr_220562189
푸른솔포천,2026-09-20,14:02,210000,golfpang,,,18홀,tr_220562190
남춘천,2026-09-20,14:17,160000,golfpang,,,18홀,tr_220562130
남춘천,2026-09-20,14:03,160000,golfpang,,,18홀,tr_220562129
오너스,2026-09-20,13:40,135000,golfpang,,,18홀,tr_218354169
베뉴지,2026-09-20,08:08,170000,golfpang,,,18홀,tr_220504495
더플레이어스,2026-09-20,08:12,160000,golfpang,,,18홀,tr_219997833
필로스,2026-09-20,17:40,120000,golfpang,,,18홀,tr_219810108
클럽모우,2026-09-20,07:00,165000,golfpang,,,18홀,tr_219468009
클럽모우,2026-09-20,13:30,145000,golfpang,,,18홀,tr_220299514
파주,2026-09-20,07:34,220000,golfpang,,,18홀,tr_220561829
파주,2026-09-20,07:34,220000,golfpang,,,18홀,tr_220561730
힐마루 포천,2026-09-20,13:21,210000,golfpang,,,18홀,tr_220394998
힐마루 포천,2026-09-20,17:52,140000,golfpang,,,18홀,tr_219892851
가평프리스틴밸리,2026-09-20,11:53,230000,golfpang,,,18홀,tr_220403642
가평프리스틴밸리,2026-09-20,13:52,200000,golfpang,,,18홀,tr_218621846
더플레이어스,2026-09-20,07:30,160000,golfpang,,,18홀,tr_220559577
라싸,2026-09-20,08:33,189000,golfpang,,,18홀,tr_220559506
필로스,2026-09-20,17:40,120000,golfpang,,,18홀,tr_220559593
필로스,2026-09-20,18:07,110000,golfpang,,,18홀,tr_220559597
세레니티-강촌,2026-09-20,06:56,200000,golfpang,,,18홀,tr_220559508
파주,2026-09-20,11:45,210000,golfpang,,,18홀,tr_220559582
더플레이어스,2026-09-20,06:48,160000,golfpang,,,18홀,tr_220559574
파주,2026-09-20,12:20,210000,golfpang,,,18홀,tr_220559586
세레니티-강촌,2026-09-20,12:42,180000,golfpang,,,18홀,tr_220559578
샴발라,2026-09-20,06:52,170000,golfpang,,,18홀,tr_220034380
샴발라,2026-09-20,13:20,160000,golfpang,,,18홀,tr_220437134
경춘(비공개),2026-09-20,08:22,150000,golfpang,,,18홀,tr_220204712
경춘(비공개),2026-09-20,13:29,153000,golfpang,,,18홀,tr_220559660
더플레이어스,2026-09-20,07:30,160000,golfpang,,,18홀,tr_220559693
파주,2026-09-20,11:52,210000,golfpang,,,18홀,tr_220559721
라싸,2026-09-20,08:33,189000,golfpang,,,18홀,tr_220559705
스프링베일-퍼9,2026-09-20,07:06,100000,golfpang,,,18홀,tr_220485866
오너스,2026-09-20,08:28,150000,golfpang,,,18홀,tr_220240272
클럽모우,2026-09-20,13:48,145000,golfpang,,,18홀,tr_220560826
파주,2026-09-20,11:45,210000,golfpang,,,18홀,tr_220560084
파주,2026-09-20,12:20,210000,golfpang,,,18홀,tr_220560120
라싸,2026-09-20,08:33,189000,golfpang,,,18홀,tr_220560071
더플레이어스,2026-09-20,07:30,160000,golfpang,,,18홀,tr_220559937
필로스,2026-09-20,17:40,120000,golfpang,,,18홀,tr_220560528
남양주(퍼9),2026-09-20,13:00,139000,golfpang,,,18홀,tr_219158631
오너스,2026-09-20,14:00,140000,golfpang,,,18홀,tr_220046228
스프링베일-퍼9,2026-09-20,07:50,100000,golfpang,,,18홀,tr_219553026
남양주(퍼9),2026-09-20,13:00,139000,golfpang,,,18홀,tr_219158634
스프링베일-퍼9,2026-09-20,07:50,100000,golfpang,,,18홀,tr_219553023
오너스,2026-09-20,14:00,140000,golfpang,,,18홀,tr_219617098
남양주(퍼9),2026-09-20,17:00,109000,golfpang,,,18홀,tr_219158629
세레니티-강촌,2026-09-20,06:56,200000,golfpang,,,18홀,tr_220484016
더플레이어스,2026-09-20,07:30,160000,golfpang,,,18홀,tr_220484329
라싸,2026-09-20,08:33,189000,golfpang,,,18홀,tr_220483817
경춘(비공개),2026-09-20,08:22,150000,golfpang,,,18홀,tr_220483824
파주,2026-09-20,11:52,210000,golfpang,,,18홀,tr_220484358
세레니티-강촌,2026-09-20,13:31,180000,golfpang,,,18홀,tr_220484017
경춘(비공개),2026-09-20,13:29,153000,golfpang,,,18홀,tr_220559779
세레니티-강촌,2026-09-20,17:25,120000,golfpang,,,18홀,tr_220484046
필로스,2026-09-20,17:40,120000,golfpang,,,18홀,tr_220485023
포천힐스,2026-09-20,08:06,230000,golfpang,,,18홀,tr_220560596
포천힐스,2026-09-20,13:48,180000,golfpang,,,18홀,tr_220560597
포천힐스,2026-09-20,14:02,180000,golfpang,,,18홀,tr_220560598
한림광릉,2026-09-20,06:59,230000,golfpang,,,18홀,tr_220559732
필로스,2026-09-20,18:07,120000,golfpang,,,18홀,tr_219681630
라싸,2026-09-20,18:56,129000,golfpang,,,18홀,tr_220519197
비콘힐스,2026-09-20,18:26,70000,golfpang,,,18홀,tr_220423312
비콘힐스,2026-09-20,18:26,70000,golfpang,,,18홀,tr_220423313
비콘힐스,2026-09-20,18:26,70000,golfpang,,,18홀,tr_220423314
파주,2026-09-20,18:30,140000,golfpang,,,18홀,tr_220518944
필로스,2026-09-20,17:40,120000,golfpang,,,18홀,tr_219681628
필로스,2026-09-20,17:54,120000,golfpang,,,18홀,tr_219681629
한림광릉,2026-09-20,17:10,150000,golfpang,,,18홀,tr_220559734
포천힐스,2026-09-20,13:55,210000,golfpang,,,18홀,tr_220517217
포천힐스,2026-09-20,13:34,180000,golfpang,,,18홀,tr_220521686
클럽모우,2026-09-20,13:34,150000,golfpang,,,18홀,tr_220299543
클럽모우,2026-09-20,13:48,150000,golfpang,,,18홀,tr_220299544
한림광릉,2026-09-20,12:27,190000,golfpang,,,18홀,tr_220559733
더플레이어스,2026-09-20,08:05,170000,golfpang,,,18홀,tr_220557632
포천힐스,2026-09-20,08:06,230000,golfpang,,,18홀,tr_220521685
더플레이어스,2026-09-20,07:16,160000,golfpang,,,18홀,tr_220557631
스프링베일-퍼9,2026-09-20,07:20,-1,golfpang,,,18홀,tr_220518273
포천힐스,2026-09-20,06:14,210000,golfpang,,,18홀,tr_220521684
파주,2026-09-20,06:03,200000,golfpang,,,18홀,tr_220423827
경춘(비공개),2026-09-20,08:22,168000,golfpang,,,18홀,tr_220431136
경춘(비공개),2026-09-20,13:37,153000,golfpang,,,18홀,tr_220468713
더플레이어스,2026-09-20,07:37,180000,golfpang,,,18홀,tr_220398654
파주,2026-09-20,11:52,210000,golfpang,,,18홀,tr_220454921
라싸,2026-09-20,08:40,209000,golfpang,,,18홀,tr_220398631
가평프리스틴밸리,2026-09-20,11:53,230000,golfpang,,,18홀,tr_220398612
파주,2026-09-20,12:20,210000,golfpang,,,18홀,tr_220305107
파주,2026-09-20,11:52,210000,golfpang,,,18홀,tr_220305161
라싸,2026-09-20,08:33,189000,golfpang,,,18홀,tr_220496872
더플레이어스,2026-09-20,06:48,160000,golfpang,,,18홀,tr_220202998
더플레이어스,2026-09-20,07:30,160000,golfpang,,,18홀,tr_220499642
경춘(비공개),2026-09-20,08:22,150000,golfpang,,,18홀,tr_220420832
라데나,2026-09-20,06:30,190000,golfpang,,,18홀,tr_220402245
경춘(비공개),2026-09-20,13:29,153000,golfpang,,,18홀,tr_220560280
더플레이어스,2026-09-20,07:16,160000,golfpang,,,18홀,tr_220560253
더플레이어스,2026-09-20,08:05,170000,golfpang,,,18홀,tr_220560254
오너스,2026-09-20,07:04,150000,golfpang,,,18홀,tr_220207660
더플레이어스,2026-09-20,08:12,180000,golfpang,,,18홀,tr_220392214
필로스,2026-09-20,17:34,120000,golfpang,,,18홀,tr_220207659
스마트KU,2026-09-20,13:49,210000,golfpang,,,18홀,tr_220493854
스마트KU,2026-09-20,06:40,220000,golfpang,,,18홀,tr_220493817
엘레강스(가명),2026-09-20,08:29,210000,golfpang,,,18홀,tr_220349914
강촌(비공개),2026-09-20,08:29,210000,golfpang,,,18홀,tr_220349859
남춘천,2026-09-20,12:30,160000,golfpang,,,18홀,tr_220548209
경춘(비공개),2026-09-20,13:29,153000,golfpang,,,18홀,tr_220559791
경춘(비공개),2026-09-20,13:29,153000,golfpang,,,18홀,tr_220559789
스마트KU,2026-09-20,13:40,200000,golfpang,,,18홀,tr_219393433
비콘힐스,2026-09-20,18:10,70000,golfpang,,,18홀,tr_219160197
스마트KU,2026-09-20,13:50,200000,golfpang,,,18홀,tr_220259718
파주,2026-09-20,11:52,210000,golfpang,,,18홀,tr_220539253
스마트KU,2026-09-20,06:30,220000,golfpang,,,18홀,tr_220523425
남양주(퍼9),2026-09-20,08:14,149000,golfpang,,,18홀,tr_220395345
클럽모우,2026-09-20,07:12,180000,golfpang,,,18홀,tr_219556848
남양주(퍼9),2026-09-20,12:54,139000,golfpang,,,18홀,tr_220395349
파주,2026-09-20,12:48,210000,golfpang,,,18홀,tr_220559669
포레스트힐,2026-09-20,18:52,110000,golfpang,,,18홀,tr_220395416
파주,2026-09-20,11:52,210000,golfpang,,,18홀,tr_220559667
라싸,2026-09-20,08:33,189000,golfpang,,,18홀,tr_220557664
필로스,2026-09-20,17:07,120000,golfpang,,,18홀,tr_219681525
베스트밸리-퍼9,2026-09-20,17:55,120000,golfpang,,,18홀,tr_220085711
베스트밸리-퍼9,2026-09-20,17:55,120000,golfpang,,,18홀,tr_220085710
샤인데일,2026-09-20,17:57,70000,golfpang,,,18홀,tr_220102500
샤인데일,2026-09-20,17:57,70000,golfpang,,,18홀,tr_220102502
샤인데일,2026-09-20,17:57,70000,golfpang,,,18홀,tr_220102501
자유로,2026-09-20,13:30,200000,golfpang,,,18홀,tr_220036341
오너스,2026-09-20,08:35,165000,golfpang,,,36홀,tr_219892644
푸른솔포천,2026-09-20,12:52,220000,golfpang,,,18홀,tr_218774742
가평베네스트,2026-09-20,12:04,255000,golfpang,,,18홀,tr_220241048
베뉴지,2026-09-20,13:23,160000,golfpang,,,18홀,tr_220070141
베뉴지,2026-09-20,13:23,160000,golfpang,,,18홀,tr_220070143
가평베네스트,2026-09-20,13:42,239000,golfpang,,,18홀,tr_220241049
한림광릉,2026-09-20,17:24,130000,golfpang,,,18홀,tr_220417746
한림광릉,2026-09-20,17:24,130000,golfpang,,,18홀,tr_220417743
한림광릉,2026-09-20,17:24,130000,golfpang,,,18홀,tr_220420146
남춘천,2026-09-20,14:03,160000,golfpang,,,18홀,tr_220377530
오너스,2026-09-20,14:04,140000,golfpang,,,18홀,tr_219892553
자유로,2026-09-20,13:30,200000,golfpang,,,18홀,tr_220036340
베스트밸리-퍼9,2026-09-20,17:55,120000,golfpang,,,18홀,tr_220085712
더플레이어스,2026-09-20,07:30,160000,golfpang,,,18홀,tr_220547129
오너스,2026-09-20,14:00,135000,golfpang,,,18홀,tr_220468150
필로스,2026-09-20,18:07,110000,golfpang,,,18홀,tr_220548349
필로스,2026-09-20,18:27,110000,golfpang,,,18홀,tr_220548350
필로스,2026-09-20,18:00,110000,golfpang,,,18홀,tr_220548348
클럽모우,2026-09-20,12:59,165000,golfpang,,,18홀,tr_220324656
라데나,2026-09-20,11:46,240000,golfpang,,,18홀,tr_220204324
비콘힐스,2026-09-20,18:33,70000,golfpang,,,18홀,tr_220325995
포레스트힐,2026-09-20,13:37,190000,golfpang,,,18홀,tr_220325574
라데나,2026-09-20,07:06,240000,golfpang,,,18홀,tr_220204202
푸른솔포천,2026-09-20,14:02,210000,golfpang,,,18홀,tr_220315079
파주,2026-09-20,17:27,150000,golfpang,,,18홀,tr_220314830
남춘천,2026-09-20,14:17,160000,golfpang,,,18홀,tr_220094591
파주,2026-09-20,16:52,160000,golfpang,,,18홀,tr_220314829
경춘(비공개),2026-09-20,08:07,150000,golfpang,,,18홀,tr_220522163
필로스,2026-09-20,17:40,120000,golfpang,,,18홀,tr_220420194
필로스,2026-09-20,18:07,110000,golfpang,,,18홀,tr_220494255
오너스,2026-09-20,08:28,145000,golfpang,,,18홀,tr_220287577
클럽모우,2026-09-20,06:45,145000,golfpang,,,18홀,tr_219367874
경춘(비공개),2026-09-20,13:29,153000,golfpang,,,18홀,tr_220494342
필로스,2026-09-20,18:00,110000,golfpang,,,18홀,tr_220547940
파주,2026-09-20,11:45,210000,golfpang,,,18홀,tr_220547877
스마트KU,2026-09-20,13:50,200000,golfpang,,,18홀,tr_220521756
더플레이어스,2026-09-20,07:37,160000,golfpang,,,18홀,tr_220547802
포레스트힐,2026-09-20,18:31,110000,golfpang,,,18홀,tr_219330038
포레스트힐,2026-09-20,18:24,110000,golfpang,,,18홀,tr_220036274
포레스트힐,2026-09-20,18:10,110000,golfpang,,,18홀,tr_219330066
세레니티-강촌,2026-09-20,17:32,120000,golfpang,,,18홀,tr_220397766
더플레이어스,2026-09-20,07:16,160000,golfpang,,,18홀,tr_220559454
더플레이어스,2026-09-20,08:05,170000,golfpang,,,18홀,tr_220559453
더플레이어스,2026-09-20,07:16,160000,golfpang,,,18홀,tr_220559437
더플레이어스,2026-09-20,08:05,170000,golfpang,,,18홀,tr_220559438
비콘힐스,2026-09-20,18:30,70000,golfpang,,,18홀,tr_220522443
클럽모우,2026-09-20,13:41,145000,golfpang,,,18홀,tr_220327947
클럽모우,2026-09-20,13:48,145000,golfpang,,,18홀,tr_220327948
샤인데일,2026-09-20,17:57,70000,golfpang,,,18홀,tr_220181276
필로스,2026-09-20,18:00,120000,golfpang,,,18홀,tr_219688799
샤인데일,2026-09-20,18:04,70000,golfpang,,,18홀,tr_220181277
한림광릉,2026-09-20,17:24,140000,golfpang,,,18홀,tr_219715720
몽베르(대중제),2026-09-20,17:21,120000,golfpang,,,18홀,tr_219716432
필로스,2026-09-20,17:54,120000,golfpang,,,18홀,tr_219688798
필로스,2026-09-20,17:47,120000,golfpang,,,18홀,tr_219688797
샤인데일,2026-09-20,07:58,180000,golfpang,,,18홀,tr_220181275
남양주(퍼9),2026-09-20,11:47,139000,golfpang,,,18홀,tr_220148633
스프링베일-퍼9,2026-09-20,08:30,115000,golfpang,,,18홀,tr_220145487
남양주(퍼9),2026-09-20,12:40,139000,golfpang,,,18홀,tr_220148634
파주타이거,2026-09-20,12:26,180000,golfpang,,,18홀,tr_219324999
스프링베일-퍼9,2026-09-20,12:22,100000,golfpang,,,18홀,tr_220145488
남춘천,2026-09-20,12:13,180000,golfpang,,,18홀,tr_220179366
오너스,2026-09-20,12:12,170000,golfpang,,,18홀,tr_220324878
양주,2026-09-20,13:20,300000,golfpang,,,18홀,tr_219370417
엘레강스(가명),2026-09-20,13:15,210000,golfpang,,,18홀,tr_220126477
양주,2026-09-20,13:06,300000,golfpang,,,18홀,tr_219370416
몽베르(대중제),2026-09-20,13:00,190000,golfpang,,,18홀,tr_219716434
한림광릉,2026-09-20,17:31,140000,golfpang,,,18홀,tr_220138530
스마트KU,2026-09-20,14:03,210000,golfpang,,,18홀,tr_219957090
남춘천,2026-09-20,14:03,160000,golfpang,,,18홀,tr_220179367
스마트KU,2026-09-20,13:28,210000,golfpang,,,18홀,tr_219957089
스프링베일-퍼9,2026-09-20,07:34,115000,golfpang,,,18홀,tr_220145486
엘레강스(가명),2026-09-20,13:36,210000,golfpang,,,18홀,tr_220126478
파주타이거,2026-09-20,13:36,170000,golfpang,,,18홀,tr_219325000
한림광릉,2026-09-20,06:17,230000,golfpang,,,18홀,tr_219715718
몽베르(대중제),2026-09-20,07:36,220000,golfpang,,,18홀,tr_219716433
남양주(퍼9),2026-09-20,07:34,149000,golfpang,,,18홀,tr_220148632
자유로,2026-09-20,13:30,200000,golfpang,,,18홀,tr_220209030
자유로,2026-09-20,07:14,230000,golfpang,,,18홀,tr_220209029
베뉴지,2026-09-20,08:50,160000,golfpang,,,18홀,tr_220547646
라싸,2026-09-20,08:33,189000,golfpang,,,18홀,tr_220486170
클럽모우,2026-09-20,07:00,145000,golfpang,,,18홀,tr_219765816
더플레이어스,2026-09-20,07:30,160000,golfpang,,,18홀,tr_220521835
라싸,2026-09-20,08:40,189000,golfpang,,,18홀,tr_220547619
포천힐스,2026-09-20,13:20,180000,golfpang,,,18홀,tr_220007904
포천힐스,2026-09-20,18:18,130000,golfpang,,,18홀,tr_219623766
포레스트힐,2026-09-20,18:52,110000,golfpang,,,18홀,tr_220206223
파주,2026-09-20,12:48,210000,golfpang,,,18홀,tr_220548424
파주,2026-09-20,11:52,210000,golfpang,,,18홀,tr_220548420
한림광릉,2026-09-20,17:24,140000,golfpang,,,18홀,tr_220205947
남양주(퍼9),2026-09-20,12:54,139000,golfpang,,,18홀,tr_220342493
포천힐스,2026-09-20,06:14,210000,golfpang,,,18홀,tr_220007837
클럽모우,2026-09-20,07:12,180000,golfpang,,,18홀,tr_220401479
남양주(퍼9),2026-09-20,08:14,149000,golfpang,,,18홀,tr_220342379
베뉴지,2026-09-20,08:08,170000,golfpang,,,18홀,tr_220207527
스마트KU,2026-09-20,13:40,210000,golfpang,,,18홀,tr_220503977
베스트밸리-퍼9,2026-09-20,18:00,120000,golfpang,,,18홀,tr_219337582
필로스,2026-09-20,17:30,120000,golfpang,,,18홀,tr_219715111
스마트KU,2026-09-20,06:40,220000,golfpang,,,18홀,tr_220503934
포천힐스,2026-09-20,13:41,180000,golfpang,,,18홀,tr_220553915
포천힐스,2026-09-20,06:14,210000,golfpang,,,18홀,tr_220553913
포천힐스,2026-09-20,08:06,230000,golfpang,,,18홀,tr_220553914
남양주(퍼9),2026-09-20,08:14,149000,golfpang,,,18홀,tr_220203827
클럽모우,2026-09-20,13:55,145000,golfpang,,,18홀,tr_220469628
남양주(퍼9),2026-09-20,12:54,139000,golfpang,,,18홀,tr_220203828
포천힐스,2026-09-20,13:41,180000,golfpang,,,18홀,tr_220553831
포레스트힐,2026-09-20,18:52,110000,golfpang,,,18홀,tr_220203849
클럽모우,2026-09-20,07:12,180000,golfpang,,,18홀,tr_220203854
포천힐스,2026-09-20,07:31,230000,golfpang,,,18홀,tr_220469395
샴발라,2026-09-20,06:43,170000,golfpang,,,18홀,tr_220468779
한림광릉,2026-09-20,17:10,130000,golfpang,,,18홀,tr_220468688
샴발라,2026-09-20,11:41,180000,golfpang,,,18홀,tr_220468901
샤인데일,2026-09-20,18:05,70000,golfpang,,,18홀,tr_220002101
샤인데일,2026-09-20,07:44,180000,golfpang,,,18홀,tr_220127225
남양주(퍼9),2026-09-20,17:00,109000,golfpang,,,18홀,tr_220114688
남양주(퍼9),2026-09-20,07:14,149000,golfpang,,,18홀,tr_219751112
남양주(퍼9),2026-09-20,12:00,139000,golfpang,,,18홀,tr_218357913
스프링베일-퍼9,2026-09-20,17:43,80000,golfpang,,,18홀,tr_220548517
오너스,2026-09-20,14:00,135000,golfpang,,,18홀,tr_218357157
스마트KU,2026-09-20,06:37,240000,golfpang,,,18홀,tr_220260290
푸른솔포천,2026-09-20,06:21,240000,golfpang,,,18홀,tr_219165335
서원힐스,2026-09-20,05:39,230000,golfpang,,,18홀,tr_219769604
남양주(퍼9),2026-09-20,07:34,149000,golfpang,,,18홀,tr_219571241
세레니티-강촌,2026-09-20,06:49,200000,golfpang,,,18홀,tr_219009201
라데나,2026-09-20,06:52,190000,golfpang,,,18홀,tr_220278787
비발디파크W,2026-09-20,06:57,200000,golfpang,,,18홀,tr_218674635
파주타이거,2026-09-20,07:03,190000,golfpang,,,18홀,tr_220422485
베스트밸리-퍼9,2026-09-20,12:56,160000,golfpang,,,18홀,tr_220106926
엘레강스(가명),2026-09-20,13:15,220000,golfpang,,,18홀,tr_220306995
스마트KU,2026-09-20,13:21,210000,golfpang,,,18홀,tr_220260291
스프링베일-퍼9,2026-09-20,13:25,95000,golfpang,,,18홀,tr_219599912
세레니티-강촌,2026-09-20,11:53,180000,golfpang,,,18홀,tr_219009202
오너스,2026-09-20,12:12,170000,golfpang,,,18홀,tr_220324338
가평(비공개),2026-09-20,12:42,230000,golfpang,,,18홀,tr_218581306
푸른솔포천,2026-09-20,12:52,230000,golfpang,,,18홀,tr_219165336
스프링베일-퍼9,2026-09-20,08:23,110000,golfpang,,,18홀,tr_219599911
엘레강스(가명),2026-09-20,11:30,220000,golfpang,,,18홀,tr_220306994
남양주(퍼9),2026-09-20,11:47,139000,golfpang,,,18홀,tr_219571242
베스트밸리-퍼9,2026-09-20,07:50,170000,golfpang,,,18홀,tr_220106925
라데나,2026-09-20,07:13,190000,golfpang,,,18홀,tr_220278786
자유로,2026-09-20,13:30,200000,golfpang,,,18홀,tr_220115071
자유로,2026-09-20,07:14,230000,golfpang,,,18홀,tr_220115070
비발디파크W,2026-09-20,07:25,208000,golfpang,,,18홀,tr_218674636
필로스,2026-09-20,17:40,120000,golfpang,,,18홀,tr_220397963
더플레이어스,2026-09-20,07:16,180000,golfpang,,,18홀,tr_220548478
더플레이어스,2026-09-20,08:05,180000,golfpang,,,18홀,tr_220548477
라데나,2026-09-20,11:11,240000,golfpang,,,18홀,tr_219614078
라데나,2026-09-20,07:48,240000,golfpang,,,18홀,tr_219614068
경춘(비공개),2026-09-20,13:29,153000,golfpang,,,18홀,tr_220493860
포천힐스,2026-09-20,13:41,180000,golfpang,,,18홀,tr_220548391
포천힐스,2026-09-20,13:55,180000,golfpang,,,18홀,tr_220548393
포천힐스,2026-09-20,13:48,180000,golfpang,,,18홀,tr_220548392
라데나,2026-09-20,06:17,190000,golfpang,,,18홀,tr_220485811
클럽모우,2026-09-20,12:59,165000,golfpang,,,18홀,tr_220485864
경춘(비공개),2026-09-20,08:22,150000,golfpang,,,18홀,tr_220493704
푸른솔포천,2026-09-20,06:07,220000,golfpang,,,18홀,tr_219872451
남양주(퍼9),2026-09-20,07:34,149000,golfpang,,,18홀,tr_220128754
더플레이어스,2026-09-20,08:05,180000,golfpang,,,18홀,tr_220152507
베스트밸리-퍼9,2026-09-20,07:50,170000,golfpang,,,18홀,tr_220236192
스프링베일-퍼9,2026-09-20,07:41,110000,golfpang,,,18홀,tr_220117921
남양주(퍼9),2026-09-20,12:40,139000,golfpang,,,18홀,tr_220128755
남춘천,2026-09-20,12:13,180000,golfpang,,,18홀,tr_220383145
스프링베일-퍼9,2026-09-20,13:25,95000,golfpang,,,18홀,tr_220117922
스마트KU,2026-09-20,13:21,230000,golfpang,,,18홀,tr_220211815
포천힐스,2026-09-20,13:13,200000,golfpang,,,18홀,tr_220205384
코브스윙,2026-09-20,13:41,170000,golfpang,,,18홀,tr_220484318
포천힐스,2026-09-20,13:34,200000,golfpang,,,18홀,tr_220205385
남양주(퍼9),2026-09-20,16:34,109000,golfpang,,,18홀,tr_220128756
남춘천,2026-09-20,14:17,160000,golfpang,,,18홀,tr_220383146
클럽모우,2026-09-20,14:16,145000,golfpang,,,18홀,tr_220484860
스마트KU,2026-09-20,14:03,230000,golfpang,,,18홀,tr_220211816
코브스윙,2026-09-20,13:55,170000,golfpang,,,18홀,tr_220484319
클럽모우,2026-09-20,13:55,145000,golfpang,,,18홀,tr_220484859
한림광릉,2026-09-20,17:31,130000,golfpang,,,18홀,tr_220422690
파주타이거,2026-09-20,17:23,150000,golfpang,,,18홀,tr_220484758
라싸,2026-09-20,17:46,119000,golfpang,,,18홀,tr_220518670
한림광릉,2026-09-20,17:45,130000,golfpang,,,18홀,tr_220422691
몽베르(대중제),2026-09-20,17:42,120000,golfpang,,,18홀,tr_220260981
몽베르(대중제),2026-09-20,17:42,120000,golfpang,,,18홀,tr_220260980
스프링베일-퍼9,2026-09-20,17:36,80000,golfpang,,,18홀,tr_220117923
파주타이거,2026-09-20,17:35,150000,golfpang,,,18홀,tr_220484759
베스트밸리-퍼9,2026-09-20,18:30,120000,golfpang,,,18홀,tr_220236194
필로스,2026-09-20,18:20,110000,golfpang,,,18홀,tr_220422792
한림광릉,2026-09-20,18:20,130000,golfpang,,,18홀,tr_220422692
필로스,2026-09-20,18:14,110000,golfpang,,,18홀,tr_220422791
라싸,2026-09-20,18:07,119000,golfpang,,,18홀,tr_220518671
베스트밸리-퍼9,2026-09-20,18:02,120000,golfpang,,,18홀,tr_220236193
필로스,2026-09-20,18:00,110000,golfpang,,,18홀,tr_220422790
파주타이거,2026-09-20,17:59,150000,golfpang,,,18홀,tr_220484760
라싸,2026-09-20,18:35,119000,golfpang,,,18홀,tr_220518672
더플레이어스,2026-09-20,07:02,180000,golfpang,,,18홀,tr_220152506
포천힐스,2026-09-20,06:35,220000,golfpang,,,18홀,tr_220205383
스프링베일-퍼9,2026-09-20,06:59,100000,golfpang,,,18홀,tr_220548325
스프링베일-퍼9,2026-09-20,07:55,110000,golfpang,,,18홀,tr_220548326
오너스,2026-09-20,08:30,150000,golfpang,,,18홀,tr_220400327
클럽모우,2026-09-20,06:50,155000,golfpang,,,18홀,tr_217463137
베뉴지,2026-09-20,13:40,159000,golfpang,,,18홀,tr_219584059
클럽모우,2026-09-20,06:50,165000,golfpang,,,18홀,tr_218246525
파주,2026-09-20,12:20,210000,golfpang,,,18홀,tr_220396024
파주,2026-09-20,11:45,210000,golfpang,,,18홀,tr_220547570
라싸,2026-09-20,08:40,189000,golfpang,,,18홀,tr_219813345
더플레이어스,2026-09-20,06:34,160000,golfpang,,,18홀,tr_220396022
가평프리스틴밸리,2026-09-20,12:56,220000,golfpang,,,18홀,tr_220494273
오너스,2026-09-20,08:07,159000,golfpang,,,18홀,tr_220211319
필로스,2026-09-20,17:40,120000,golfpang,,,18홀,tr_220496932
파주,2026-09-20,17:13,150000,golfpang,,,18홀,tr_220494268
더플레이어스,2026-09-20,07:37,160000,golfpang,,,18홀,tr_220211312
남춘천,2026-09-20,08:43,190000,golfpang,,,18홀,tr_220211323
파주,2026-09-20,12:20,210000,golfpang,,,18홀,tr_220494189
포천힐스,2026-09-20,06:21,210000,golfpang,,,18홀,tr_220548153
포천힐스,2026-09-20,13:20,180000,golfpang,,,18홀,tr_220548155
포천힐스,2026-09-20,07:31,230000,golfpang,,,18홀,tr_220548154
스프링베일-퍼9,2026-09-20,06:38,95000,golfpang,,,18홀,tr_219999826
오너스,2026-09-20,13:43,150000,golfpang,,,18홀,tr_219156713
남춘천,2026-09-20,12:34,180000,golfpang,,,18홀,tr_220548027
남춘천,2026-09-20,12:27,180000,golfpang,,,18홀,tr_220548026
한림광릉,2026-09-20,18:06,130000,golfpang,,,18홀,tr_220547943
한림광릉,2026-09-20,17:31,130000,golfpang,,,18홀,tr_220547942
한림광릉,2026-09-20,17:10,130000,golfpang,,,18홀,tr_220547941
코브스윙,2026-09-20,13:55,170000,golfpang,,,18홀,tr_220547880
코브스윙,2026-09-20,13:41,170000,golfpang,,,18홀,tr_220547879
더플레이어스,2026-09-20,07:16,180000,golfpang,,,18홀,tr_220547838
더플레이어스,2026-09-20,08:05,180000,golfpang,,,18홀,tr_220547839
남춘천,2026-09-20,14:10,160000,golfpang,,,18홀,tr_220547824
남춘천,2026-09-20,11:59,180000,golfpang,,,18홀,tr_220547823
오너스,2026-09-20,08:31,150000,golfpang,,,18홀,tr_220241260
클럽모우,2026-09-20,13:28,165000,golfpang,,,18홀,tr_220241481
클럽모우,2026-09-20,06:47,165000,golfpang,,,18홀,tr_220241147
라싸,2026-09-20,13:49,159000,golfpang,,,18홀,tr_220521503
라싸,2026-09-20,18:00,119000,golfpang,,,18홀,tr_220521505
라싸,2026-09-20,17:32,119000,golfpang,,,18홀,tr_220521504
라싸,2026-09-20,17:53,119000,golfpang,,,18홀,tr_220547679
라싸,2026-09-20,18:35,119000,golfpang,,,18홀,tr_220547681
라싸,2026-09-20,18:07,119000,golfpang,,,18홀,tr_220547680
힐마루 포천,2026-09-20,17:10,140000,golfpang,,,18홀,tr_220057110
포레스트힐,2026-09-20,06:51,169000,golfpang,,,18홀,tr_220212392
스프링베일-퍼9,2026-09-20,17:20,80000,golfpang,,,18홀,tr_219342090
스프링베일-퍼9,2026-09-20,17:22,80000,golfpang,,,18홀,tr_218988263
스프링베일-퍼9,2026-09-20,07:55,105000,golfpang,,,18홀,tr_218988248
라싸,2026-09-20,08:33,189000,golfpang,,,18홀,tr_220521929
베뉴지,2026-09-20,08:50,160000,golfpang,,,18홀,tr_220522445
필로스,2026-09-20,17:40,120000,golfpang,,,18홀,tr_220539201
더플레이어스,2026-09-20,07:37,160000,golfpang,,,18홀,tr_220535104
파주,2026-09-20,11:24,210000,golfpang,,,18홀,tr_220547126
파주,2026-09-20,05:49,190000,golfpang,,,18홀,tr_220543284
스프링베일-퍼9,2026-09-20,17:23,80000,golfpang,,,18홀,tr_219584301
파주,2026-09-20,05:14,180000,golfpang,,,18홀,tr_220543280
더플레이어스,2026-09-20,07:37,160000,golfpang,,,18홀,tr_220503263
라싸,2026-09-20,08:40,189000,golfpang,,,18홀,tr_220503352
비콘힐스,2026-09-20,18:30,70000,golfpang,,,18홀,tr_220539240
오너스,2026-09-20,08:30,150000,golfpang,,,18홀,tr_220535203
비콘힐스,2026-09-20,18:47,70000,golfpang,,,18홀,tr_219546817
스마트KU,2026-09-20,13:50,200000,golfpang,,,18홀,tr_220535144
필로스,2026-09-20,18:00,110000,golfpang,,,18홀,tr_220535100
필로스,2026-09-20,18:27,110000,golfpang,,,18홀,tr_220535102
필로스,2026-09-20,18:14,110000,golfpang,,,18홀,tr_220535101
한림광릉,2026-09-20,18:48,130000,golfpang,,,18홀,tr_220523394
한림광릉,2026-09-20,17:10,130000,golfpang,,,18홀,tr_220523392
한림광릉,2026-09-20,18:13,130000,golfpang,,,18홀,tr_220523393
스프링베일-퍼9,2026-09-20,17:22,80000,golfpang,,,18홀,tr_220485918
오너스,2026-09-20,14:00,140000,golfpang,,,18홀,tr_220493948
포레스트힐,2026-09-20,17:28,110000,golfpang,,,18홀,tr_220003565
힐마루 포천,2026-09-20,17:31,140000,golfpang,,,18홀,tr_219074846
스마트KU,2026-09-20,13:40,200000,golfpang,,,18홀,tr_219393440
남춘천,2026-09-20,12:48,180000,golfpang,,,18홀,tr_220523092
남춘천,2026-09-20,12:27,180000,golfpang,,,18홀,tr_220523091
라싸,2026-09-20,07:44,179000,golfpang,,,18홀,tr_220004696
라싸,2026-09-20,08:40,189000,golfpang,,,18홀,tr_220004707
가평프리스틴밸리,2026-09-20,12:56,220000,golfpang,,,18홀,tr_220395343
필로스,2026-09-20,17:40,120000,golfpang,,,18홀,tr_220395348
더플레이어스,2026-09-20,07:37,160000,golfpang,,,18홀,tr_220004975
코브스윙,2026-09-20,13:40,170000,golfpang,,,18홀,tr_220403241
남양주(퍼9),2026-09-20,11:54,139000,golfpang,,,18홀,tr_220401407
남양주(퍼9),2026-09-20,07:47,149000,golfpang,,,18홀,tr_220401405
한림광릉,2026-09-20,17:24,130000,golfpang,,,18홀,tr_220420868
베뉴지,2026-09-20,08:08,170000,golfpang,,,18홀,tr_220401411
포레스트힐,2026-09-20,18:52,110000,golfpang,,,18홀,tr_220401473
포천힐스,2026-09-20,12:52,200000,golfpang,,,18홀,tr_220401475
클럽모우,2026-09-20,07:12,180000,golfpang,,,18홀,tr_220401433
필로스,2026-09-20,17:40,120000,golfpang,,,18홀,tr_220522834
몽베르(대중제),2026-09-20,13:14,190000,golfpang,,,18홀,tr_220397297
몽베르(대중제),2026-09-20,07:22,220000,golfpang,,,18홀,tr_220397296
몽베르(대중제),2026-09-20,18:10,120000,golfpang,,,18홀,tr_220397298
남춘천,2026-09-20,12:13,180000,golfpang,,,18홀,tr_220396537
포천힐스,2026-09-20,06:35,220000,golfpang,,,18홀,tr_220070680
스프링베일-퍼9,2026-09-20,06:38,100000,golfpang,,,18홀,tr_220118378
더플레이어스,2026-09-20,07:16,180000,golfpang,,,18홀,tr_219767867
라싸,2026-09-20,08:12,209000,golfpang,,,18홀,tr_220348914
라싸,2026-09-20,08:33,209000,golfpang,,,18홀,tr_220348915
파주,2026-09-20,11:10,220000,golfpang,,,18홀,tr_220152588
포천힐스,2026-09-20,07:38,240000,golfpang,,,18홀,tr_220070681
스마트KU,2026-09-20,14:03,200000,golfpang,,,18홀,tr_219914196
스프링베일-퍼9,2026-09-20,07:41,110000,golfpang,,,18홀,tr_220118379
샤인데일,2026-09-20,07:44,180000,golfpang,,,18홀,tr_220104351
베스트밸리-퍼9,2026-09-20,07:50,170000,golfpang,,,18홀,tr_220150326
필로스,2026-09-20,17:47,120000,golfpang,,,18홀,tr_219682496
더플레이어스,2026-09-20,08:05,180000,golfpang,,,18홀,tr_219767868
라싸,2026-09-20,08:05,209000,golfpang,,,18홀,tr_220348913
스프링베일-퍼9,2026-09-20,13:25,95000,golfpang,,,18홀,tr_220118380
클럽모우,2026-09-20,13:41,150000,golfpang,,,18홀,tr_220304420
파주타이거,2026-09-20,13:50,170000,golfpang,,,18홀,tr_219986832
한림광릉,2026-09-20,17:24,140000,golfpang,,,18홀,tr_220345877
한림광릉,2026-09-20,17:17,140000,golfpang,,,18홀,tr_220345876
파주,2026-09-20,12:27,210000,golfpang,,,18홀,tr_220152590
필로스,2026-09-20,17:54,120000,golfpang,,,18홀,tr_219682497
파주,2026-09-20,12:06,210000,golfpang,,,18홀,tr_220152589
샤인데일,2026-09-20,18:04,70000,golfpang,,,18홀,tr_220104353
베스트밸리-퍼9,2026-09-20,18:02,120000,golfpang,,,18홀,tr_220150328
스마트KU,2026-09-20,13:23,210000,golfpang,,,18홀,tr_219914195
필로스,2026-09-20,18:00,120000,golfpang,,,18홀,tr_219682498
한림광릉,2026-09-20,06:24,190000,golfpang,,,18홀,tr_220345875
푸른솔포천,2026-09-20,14:02,210000,golfpang,,,18홀,tr_220150971
오너스,2026-09-20,07:32,155000,golfpang,,,18홀,tr_220306716
오너스,2026-09-20,14:11,140000,golfpang,,,18홀,tr_220306717
베스트밸리-퍼9,2026-09-20,12:56,160000,golfpang,,,18홀,tr_220150327
포천힐스,2026-09-20,12:52,200000,golfpang,,,18홀,tr_220070682
푸른솔포천,2026-09-20,12:52,220000,golfpang,,,18홀,tr_220150970
샤인데일,2026-09-20,17:57,70000,golfpang,,,18홀,tr_220104352
클럽모우,2026-09-20,13:34,150000,golfpang,,,18홀,tr_220304419
세레니티-강촌,2026-09-20,07:34,200000,golfpang,,,18홀,tr_219791383
남양주(퍼9),2026-09-20,07:34,149000,golfpang,,,18홀,tr_220201717
스프링베일-퍼9,2026-09-20,07:41,110000,golfpang,,,18홀,tr_220209226
샤인데일,2026-09-20,07:59,180000,golfpang,,,18홀,tr_220190913
더플레이어스,2026-09-20,08:05,180000,golfpang,,,18홀,tr_219994106
클럽모우,2026-09-20,13:41,145000,golfpang,,,18홀,tr_220376316
스마트KU,2026-09-20,12:46,210000,golfpang,,,18홀,tr_219933633
엘레강스(가명),2026-09-20,13:15,210000,golfpang,,,18홀,tr_219999139
스프링베일-퍼9,2026-09-20,13:25,95000,golfpang,,,18홀,tr_220209227
남양주(퍼9),2026-09-20,11:47,139000,golfpang,,,18홀,tr_220201718
세레니티-강촌,2026-09-20,12:08,180000,golfpang,,,18홀,tr_219791384
클럽모우,2026-09-20,14:02,145000,golfpang,,,18홀,tr_220376317
스마트KU,2026-09-20,14:03,200000,golfpang,,,18홀,tr_219933634
엘레강스(가명),2026-09-20,13:36,210000,golfpang,,,18홀,tr_219999140
세레니티-강촌,2026-09-20,17:25,120000,golfpang,,,18홀,tr_219791385
스프링베일-퍼9,2026-09-20,17:36,80000,golfpang,,,18홀,tr_220209228
남양주(퍼9),2026-09-20,16:20,109000,golfpang,,,18홀,tr_220201719
샤인데일,2026-09-20,18:18,70000,golfpang,,,18홀,tr_220190915
포레스트힐,2026-09-20,18:24,110000,golfpang,,,18홀,tr_220347927
포레스트힐,2026-09-20,18:45,110000,golfpang,,,18홀,tr_220347928
샤인데일,2026-09-20,17:57,70000,golfpang,,,18홀,tr_220190914
더플레이어스,2026-09-20,07:16,180000,golfpang,,,18홀,tr_219994105
라싸,2026-09-20,08:12,209000,golfpang,,,18홀,tr_220390418
청평(비공개),2026-09-20,08:41,240000,golfpang,,,18홀,tr_220397582
가평(비공개),2026-09-20,08:41,240000,golfpang,,,18홀,tr_220397581
코브스윙,2026-09-20,13:41,170000,golfpang,,,18홀,tr_220504256
코브스윙,2026-09-20,13:55,170000,golfpang,,,18홀,tr_220504257
포천힐스,2026-09-20,12:24,200000,golfpang,,,18홀,tr_220504551
포천힐스,2026-09-20,13:06,200000,golfpang,,,18홀,tr_220504552
포천힐스,2026-09-20,06:42,220000,golfpang,,,18홀,tr_220504550
푸른솔포천,2026-09-20,14:02,210000,golfpang,,,18홀,tr_220515935
푸른솔포천,2026-09-20,13:13,220000,golfpang,,,18홀,tr_220515934
필로스,2026-09-20,18:00,110000,golfpang,,,18홀,tr_220522446
한림광릉,2026-09-20,18:13,130000,golfpang,,,18홀,tr_220522024
필로스,2026-09-20,18:27,110000,golfpang,,,18홀,tr_220522447
한림광릉,2026-09-20,07:10,130000,golfpang,,,18홀,tr_220522022
한림광릉,2026-09-20,07:38,130000,golfpang,,,18홀,tr_220522023
비콘힐스,2026-09-20,18:40,70000,golfpang,,,18홀,tr_220423468
파주,2026-09-20,18:30,140000,golfpang,,,18홀,tr_220420210
한림광릉,2026-09-20,18:20,130000,golfpang,,,18홀,tr_220417709
베스트밸리-퍼9,2026-09-20,18:09,120000,golfpang,,,18홀,tr_220514674
비콘힐스,2026-09-20,19:08,70000,golfpang,,,18홀,tr_220423470
비콘힐스,2026-09-20,18:54,70000,golfpang,,,18홀,tr_220423469
남춘천,2026-09-20,14:24,170000,golfpang,,,18홀,tr_220383078
남춘천,2026-09-20,14:17,170000,golfpang,,,18홀,tr_220383077
클럽모우,2026-09-20,14:16,165000,golfpang,,,18홀,tr_220514133
필로스,2026-09-20,17:47,120000,golfpang,,,18홀,tr_219692801
파주타이거,2026-09-20,17:47,150000,golfpang,,,18홀,tr_220520704
파주,2026-09-20,17:41,150000,golfpang,,,18홀,tr_220420209
한림광릉,2026-09-20,17:38,130000,golfpang,,,18홀,tr_220417708
필로스,2026-09-20,17:34,120000,golfpang,,,18홀,tr_219692800
몽베르(대중제),2026-09-20,18:03,120000,golfpang,,,18홀,tr_220289366
필로스,2026-09-20,18:00,120000,golfpang,,,18홀,tr_219692802
포천힐스,2026-09-20,13:34,180000,golfpang,,,18홀,tr_220505608
클럽모우,2026-09-20,13:34,145000,golfpang,,,18홀,tr_220325394
스프링베일-퍼9,2026-09-20,13:25,95000,golfpang,,,18홀,tr_220306992
클럽모우,2026-09-20,13:55,145000,golfpang,,,18홀,tr_220325395
코브스윙,2026-09-20,13:55,170000,golfpang,,,18홀,tr_220494369
포천힐스,2026-09-20,13:48,180000,golfpang,,,18홀,tr_220505609
몽베르(대중제),2026-09-20,06:54,220000,golfpang,,,18홀,tr_220289364
스프링베일-퍼9,2026-09-20,07:41,110000,golfpang,,,18홀,tr_220306991
파주,2026-09-20,07:34,220000,golfpang,,,18홀,tr_220513344
라싸,2026-09-20,08:05,209000,golfpang,,,18홀,tr_220348673
코브스윙,2026-09-20,07:55,-1,golfpang,,,18홀,tr_220521019
라싸,2026-09-20,08:33,209000,golfpang,,,18홀,tr_220348675
라싸,2026-09-20,08:12,209000,golfpang,,,18홀,tr_220348674
더플레이어스,2026-09-20,06:41,190000,golfpang,,,18홀,tr_219307174
스프링베일-퍼9,2026-09-20,06:38,100000,golfpang,,,18홀,tr_220306990
포천힐스,2026-09-20,06:21,210000,golfpang,,,18홀,tr_220505607
한림광릉,2026-09-20,17:24,130000,golfpang,,,18홀,tr_220417707
더플레이어스,2026-09-20,07:16,200000,golfpang,,,18홀,tr_219307175
비콘힐스,2026-09-20,18:10,70000,golfpang,,,18홀,tr_218566190
스마트KU,2026-09-20,13:40,200000,golfpang,,,18홀,tr_219560230
힐마루 포천,2026-09-20,17:38,140000,golfpang,,,18홀,tr_219870358
남양주(퍼9),2026-09-20,07:47,149000,golfpang,,,18홀,tr_220207975
클럽모우,2026-09-20,07:12,180000,golfpang,,,18홀,tr_219556859
베뉴지,2026-09-20,08:08,170000,golfpang,,,18홀,tr_220207981
포레스트힐,2026-09-20,18:52,110000,golfpang,,,18홀,tr_220395461
남양주(퍼9),2026-09-20,11:54,139000,golfpang,,,18홀,tr_220207976
포천힐스,2026-09-20,12:52,200000,golfpang,,,18홀,tr_219777727
남양주(퍼9),2026-09-20,08:14,149000,golfpang,,,18홀,tr_220398417
더플레이어스,2026-09-20,07:30,160000,golfpang,,,18홀,tr_220522059
클럽모우,2026-09-20,07:19,180000,golfpang,,,18홀,tr_220145454
한림광릉,2026-09-20,17:24,140000,golfpang,,,18홀,tr_220361678
남양주(퍼9),2026-09-20,17:14,109000,golfpang,,,18홀,tr_220402565
필로스,2026-09-20,17:40,120000,golfpang,,,18홀,tr_220149118
스프링베일-퍼9,2026-09-20,17:36,80000,golfpang,,,18홀,tr_220142448
파주,2026-09-20,18:02,140000,golfpang,,,18홀,tr_220145601
필로스,2026-09-20,18:00,120000,golfpang,,,18홀,tr_220149120
샤인데일,2026-09-20,17:57,70000,golfpang,,,18홀,tr_220138981
베스트밸리-퍼9,2026-09-20,17:55,120000,golfpang,,,18홀,tr_220130401
필로스,2026-09-20,17:54,120000,golfpang,,,18홀,tr_220149119
포레스트힐,2026-09-20,18:31,110000,golfpang,,,18홀,tr_220148567
포레스트힐,2026-09-20,18:24,110000,golfpang,,,18홀,tr_220148566
한림광릉,2026-09-20,18:06,140000,golfpang,,,18홀,tr_220361679
파주타이거,2026-09-20,18:05,160000,golfpang,,,18홀,tr_220148348
샤인데일,2026-09-20,18:04,70000,golfpang,,,18홀,tr_220138982
비콘힐스,2026-09-20,18:47,70000,golfpang,,,18홀,tr_220440187
비콘힐스,2026-09-20,18:40,70000,golfpang,,,18홀,tr_220440189
포레스트힐,2026-09-20,18:38,110000,golfpang,,,18홀,tr_220148568
비콘힐스,2026-09-20,18:33,70000,golfpang,,,18홀,tr_220440188
포천힐스,2026-09-20,12:45,200000,golfpang,,,18홀,tr_220148780
양주,2026-09-20,12:38,300000,golfpang,,,18홀,tr_219749200
세레니티-강촌,2026-09-20,12:35,180000,golfpang,,,18홀,tr_220139374
파주,2026-09-20,12:20,210000,golfpang,,,18홀,tr_220145600
클럽모우,2026-09-20,13:27,165000,golfpang,,,18홀,tr_220145455
스프링베일-퍼9,2026-09-20,13:25,95000,golfpang,,,18홀,tr_220142447
양주,2026-09-20,13:20,300000,golfpang,,,18홀,tr_219749201
몽베르(대중제),2026-09-20,13:00,190000,golfpang,,,18홀,tr_219718154
푸른솔포천,2026-09-20,13:41,210000,golfpang,,,18홀,tr_220148966
자유로,2026-09-20,13:37,200000,golfpang,,,18홀,tr_220261675
라싸,2026-09-20,13:49,179100,golfpang,,,18홀,tr_220476497
남양주(퍼9),2026-09-20,16:47,109000,golfpang,,,18홀,tr_220402564
라싸,2026-09-20,06:55,179000,golfpang,,,18홀,tr_220476495
세레니티-강촌,2026-09-20,06:49,200000,golfpang,,,18홀,tr_220139373
샤인데일,2026-09-20,07:44,180000,golfpang,,,18홀,tr_220138980
몽베르(대중제),2026-09-20,07:36,220000,golfpang,,,18홀,tr_219718153
오너스,2026-09-20,07:32,155000,golfpang,,,18홀,tr_220306853
포천힐스,2026-09-20,07:52,240000,golfpang,,,18홀,tr_220148779
베스트밸리-퍼9,2026-09-20,07:50,170000,golfpang,,,18홀,tr_220130399
오너스,2026-09-20,08:35,165000,golfpang,,,18홀,tr_220306854
라싸,2026-09-20,08:33,209000,golfpang,,,18홀,tr_220476496
베스트밸리-퍼9,2026-09-20,12:56,160000,golfpang,,,18홀,tr_220130400
포천힐스,2026-09-20,06:42,220000,golfpang,,,18홀,tr_220148778
몽베르(대중제),2026-09-20,06:40,220000,golfpang,,,18홀,tr_219718152
스프링베일-퍼9,2026-09-20,06:38,100000,golfpang,,,18홀,tr_220142446
자유로,2026-09-20,06:32,220000,golfpang,,,18홀,tr_220261674
한림광릉,2026-09-20,06:17,190000,golfpang,,,18홀,tr_220361677
푸른솔포천,2026-09-20,06:00,220000,golfpang,,,18홀,tr_220148965
서원힐스,2026-09-20,05:32,230000,golfpang,,,18홀,tr_220036926
파주,2026-09-20,05:28,200000,golfpang,,,18홀,tr_220145599
서원힐스,2026-09-20,05:25,230000,golfpang,,,18홀,tr_220036925
세레니티-강촌,2026-09-20,17:25,120000,golfpang,,,18홀,tr_220139375
남양주(퍼9),2026-09-20,07:14,149000,golfpang,,,18홀,tr_220402563
오너스,2026-09-20,12:12,170000,golfpang,,,18홀,tr_220324498
오너스,2026-09-20,08:28,160000,golfpang,,,18홀,tr_220324497
파주,2026-09-20,07:06,220000,golfpang,,,18홀,tr_220513342
파주,2026-09-20,16:31,160000,golfpang,,,18홀,tr_220150703
파주,2026-09-20,17:20,150000,golfpang,,,18홀,tr_220150704
파주,2026-09-20,18:02,140000,golfpang,,,18홀,tr_220150705
파주타이거,2026-09-20,18:05,150000,golfpang,,,18홀,tr_220221735
파주타이거,2026-09-20,17:35,150000,golfpang,,,18홀,tr_220515088
파주타이거,2026-09-20,13:36,170000,golfpang,,,18홀,tr_220221734
파주타이거,2026-09-20,07:03,190000,golfpang,,,18홀,tr_220221733
클럽모우,2026-09-20,14:02,315000,golfpang,,,18홀,tr_220440179
한림광릉,2026-09-20,17:10,130000,golfpang,,,18홀,tr_220439941
클럽모우,2026-09-20,06:51,175000,golfpang,,,18홀,tr_220434270
더플레이어스,2026-09-20,07:58,180000,golfpang,,,18홀,tr_220431623
라데나,2026-09-20,06:17,190000,golfpang,,,18홀,tr_220431640
스마트KU,2026-09-20,14:03,200000,golfpang,,,18홀,tr_220336664
스마트KU,2026-09-20,13:31,200000,golfpang,,,18홀,tr_220336665
클럽모우,2026-09-20,13:55,165000,golfpang,,,18홀,tr_220519802
클럽모우,2026-09-20,13:55,145000,golfpang,,,18홀,tr_220390225
클럽모우,2026-09-20,13:34,145000,golfpang,,,18홀,tr_220390224
푸른솔포천,2026-09-20,06:07,220000,golfpang,,,18홀,tr_220390104
푸른솔포천,2026-09-20,14:02,210000,golfpang,,,18홀,tr_220390105
라싸,2026-09-20,19:03,129000,golfpang,,,18홀,tr_220519548
라싸,2026-09-20,18:56,129000,golfpang,,,18홀,tr_220519547
라싸,2026-09-20,18:49,129000,golfpang,,,18홀,tr_220519546
파주,2026-09-20,18:37,140000,golfpang,,,18홀,tr_220518945
라싸,2026-09-20,18:35,129000,golfpang,,,18홀,tr_220519545
포천힐스,2026-09-20,18:32,120000,golfpang,,,18홀,tr_220520398
베스트밸리-퍼9,2026-09-20,18:30,120000,golfpang,,,18홀,tr_220520313
라싸,2026-09-20,18:28,129000,golfpang,,,18홀,tr_220519196
파주타이거,2026-09-20,18:11,150000,golfpang,,,18홀,tr_220521210
파주타이거,2026-09-20,17:53,150000,golfpang,,,18홀,tr_220520705
라싸,2026-09-20,17:53,129000,golfpang,,,18홀,tr_220519193
스프링베일-퍼9,2026-09-20,17:50,-1,golfpang,,,18홀,tr_220521245
파주,2026-09-20,17:48,150000,golfpang,,,18홀,tr_220518943
스프링베일-퍼9,2026-09-20,17:43,-1,golfpang,,,18홀,tr_220520987
파주,2026-09-20,17:34,150000,golfpang,,,18홀,tr_220518942
파주,2026-09-20,17:27,150000,golfpang,,,18홀,tr_220519277
파주,2026-09-20,16:59,160000,golfpang,,,18홀,tr_220519276
코브스윙,2026-09-20,14:30,-1,golfpang,,,18홀,tr_220521032
클럽모우,2026-09-20,14:09,165000,golfpang,,,18홀,tr_220519803
푸른솔포천,2026-09-20,14:02,210000,golfpang,,,18홀,tr_220520389
클럽모우,2026-09-20,14:02,165000,golfpang,,,18홀,tr_220519804
포천힐스,2026-09-20,13:41,210000,golfpang,,,18홀,tr_220519996
포천힐스,2026-09-20,13:34,210000,golfpang,,,18홀,tr_220519995
포천힐스,2026-09-20,13:20,210000,golfpang,,,18홀,tr_220519994
클럽모우,2026-09-20,07:47,180000,golfpang,,,18홀,tr_220519801
스프링베일-퍼9,2026-09-20,06:17,-1,golfpang,,,18홀,tr_220520986
남양주(퍼9),2026-09-20,13:00,139000,golfpang,,,18홀,tr_220518791
남양주(퍼9),2026-09-20,16:20,109000,golfpang,,,18홀,tr_220518792
남양주(퍼9),2026-09-20,08:14,149000,golfpang,,,18홀,tr_220518790
몽베르(대중제),2026-09-20,17:56,120000,golfpang,,,18홀,tr_220518746
몽베르(대중제),2026-09-20,07:36,220000,golfpang,,,18홀,tr_220518744
몽베르(대중제),2026-09-20,13:00,190000,golfpang,,,18홀,tr_220518745
파주,2026-09-20,10:42,210000,golfpang,,,18홀,tr_220421724
포천힐스,2026-09-20,13:48,210000,golfpang,,,18홀,tr_220517646
포천힐스,2026-09-20,13:34,210000,golfpang,,,18홀,tr_220517215
클럽모우,2026-09-20,14:16,165000,golfpang,,,18홀,tr_220517007
스마트KU,2026-09-20,13:56,230000,golfpang,,,18홀,tr_220517786
파주타이거,2026-09-20,17:59,150000,golfpang,,,18홀,tr_220518504
파주타이거,2026-09-20,17:59,150000,golfpang,,,18홀,tr_220517975
파주,2026-09-20,17:55,150000,golfpang,,,18홀,tr_220516506
라싸,2026-09-20,17:53,129000,golfpang,,,18홀,tr_220516437
파주타이거,2026-09-20,17:53,150000,golfpang,,,18홀,tr_220518506
파주타이거,2026-09-20,17:41,150000,golfpang,,,18홀,tr_220518503
스프링베일-퍼9,2026-09-20,17:36,-1,golfpang,,,18홀,tr_220518274
파주,2026-09-20,17:34,150000,golfpang,,,18홀,tr_220516191
파주,2026-09-20,18:44,140000,golfpang,,,18홀,tr_220516507
라싸,2026-09-20,18:42,129000,golfpang,,,18홀,tr_220516439
라싸,2026-09-20,18:35,129000,golfpang,,,18홀,tr_220516438
베스트밸리-퍼9,2026-09-20,18:23,120000,golfpang,,,18홀,tr_220517548
파주타이거,2026-09-20,18:17,150000,golfpang,,,18홀,tr_220517976
베스트밸리-퍼9,2026-09-20,18:16,120000,golfpang,,,18홀,tr_220517547
파주타이거,2026-09-20,18:11,150000,golfpang,,,18홀,tr_220517974
베스트밸리-퍼9,2026-09-20,07:01,170000,golfpang,,,18홀,tr_220517515
스마트KU,2026-09-20,06:37,240000,golfpang,,,18홀,tr_220517529
파주,2026-09-20,06:24,210000,golfpang,,,18홀,tr_220516189
포천힐스,2026-09-20,08:06,260000,golfpang,,,18홀,tr_220517645
스프링베일-퍼9,2026-09-20,07:41,-1,golfpang,,,18홀,tr_220518531
포천힐스,2026-09-20,07:31,260000,golfpang,,,18홀,tr_220517216
포천힐스,2026-09-20,07:24,260000,golfpang,,,18홀,tr_220517643
파주,2026-09-20,12:34,210000,golfpang,,,18홀,tr_220516190
클럽모우,2026-09-20,13:55,165000,golfpang,,,18홀,tr_220517008
클럽모우,2026-09-20,13:48,165000,golfpang,,,18홀,tr_220517006
코브스윙,2026-09-20,13:48,-1,golfpang,,,18홀,tr_220518288
코브스윙,2026-09-20,13:55,-1,golfpang,,,18홀,tr_220515404
스프링베일-퍼9,2026-09-20,06:10,-1,golfpang,,,18홀,tr_220515367
스프링베일-퍼9,2026-09-20,06:38,-1,golfpang,,,18홀,tr_220515621
파주타이거,2026-09-20,18:17,150000,golfpang,,,18홀,tr_220515590
라싸,2026-09-20,17:46,129000,golfpang,,,18홀,tr_220513685
라싸,2026-09-20,19:03,129000,golfpang,,,18홀,tr_220513613
라싸,2026-09-20,18:56,129000,golfpang,,,18홀,tr_220513612
파주,2026-09-20,18:51,140000,golfpang,,,18홀,tr_220513349
라싸,2026-09-20,18:49,129000,golfpang,,,18홀,tr_220513611
포천힐스,2026-09-20,18:39,120000,golfpang,,,18홀,tr_220514339
라싸,2026-09-20,18:21,129000,golfpang,,,18홀,tr_220513610
파주,2026-09-20,12:41,210000,golfpang,,,18홀,tr_220513689
라싸,2026-09-20,18:07,129000,golfpang,,,18홀,tr_220513608
베스트밸리-퍼9,2026-09-20,18:02,120000,golfpang,,,18홀,tr_220514673
포천힐스,2026-09-20,13:27,210000,golfpang,,,18홀,tr_220514757
스마트KU,2026-09-20,06:30,240000,golfpang,,,18홀,tr_220514899
스마트KU,2026-09-20,13:49,230000,golfpang,,,18홀,tr_220514656
포천힐스,2026-09-20,06:00,220000,golfpang,,,18홀,tr_220514337
파주,2026-09-20,05:14,190000,golfpang,,,18홀,tr_220513341
베스트밸리-퍼9,2026-09-20,07:50,170000,golfpang,,,18홀,tr_220514672
파주,2026-09-20,07:41,220000,golfpang,,,18홀,tr_220513345
파주,2026-09-20,07:27,220000,golfpang,,,18홀,tr_220513343
포천힐스,2026-09-20,07:24,260000,golfpang,,,18홀,tr_220514338
파주,2026-09-20,11:45,210000,golfpang,,,18홀,tr_220513346
푸른솔포천,2026-09-20,13:13,220000,golfpang,,,18홀,tr_220514706
파주,2026-09-20,13:09,210000,golfpang,,,18홀,tr_220513690
파주,2026-09-20,17:41,150000,golfpang,,,18홀,tr_220513691
파주타이거,2026-09-20,17:41,150000,golfpang,,,18홀,tr_220515090
파주,2026-09-20,17:20,150000,golfpang,,,18홀,tr_220513348
필로스,2026-09-20,17:40,120000,golfpang,,,18홀,tr_220513259
라싸,2026-09-20,17:32,119000,golfpang,,,18홀,tr_220499767
세레니티-강촌,2026-09-20,17:25,120000,golfpang,,,18홀,tr_220513083
파주,2026-09-20,17:13,150000,golfpang,,,18홀,tr_220513022
라싸,2026-09-20,17:46,119000,golfpang,,,18홀,tr_220512980
라싸,2026-09-20,17:53,119000,golfpang,,,18홀,tr_220512981
라싸,2026-09-20,17:46,119000,golfpang,,,18홀,tr_220512982
포천힐스,2026-09-20,06:21,210000,golfpang,,,18홀,tr_220512963
포천힐스,2026-09-20,13:20,180000,golfpang,,,18홀,tr_220512965
포천힐스,2026-09-20,08:06,230000,golfpang,,,18홀,tr_220512964
포천힐스,2026-09-20,13:20,180000,golfpang,,,18홀,tr_220512920
포천힐스,2026-09-20,13:34,180000,golfpang,,,18홀,tr_220512921
포천힐스,2026-09-20,08:06,230000,golfpang,,,18홀,tr_220512896
포천힐스,2026-09-20,06:21,210000,golfpang,,,18홀,tr_220512895
포천힐스,2026-09-20,13:20,180000,golfpang,,,18홀,tr_220512897
스마트KU,2026-09-20,13:49,200000,golfpang,,,18홀,tr_219890130
클럽모우,2026-09-20,13:41,145000,golfpang,,,18홀,tr_220346477
코브스윙,2026-09-20,13:41,170000,golfpang,,,18홀,tr_220493689
엘레강스(가명),2026-09-20,13:36,210000,golfpang,,,18홀,tr_220236243
파주,2026-09-20,17:20,150000,golfpang,,,18홀,tr_220129071
한림광릉,2026-09-20,17:17,130000,golfpang,,,18홀,tr_220423350
한림광릉,2026-09-20,17:10,130000,golfpang,,,18홀,tr_220423349
남양주(퍼9),2026-09-20,16:20,109000,golfpang,,,18홀,tr_220121157
남춘천,2026-09-20,14:10,160000,golfpang,,,18홀,tr_220377509
코브스윙,2026-09-20,13:55,170000,golfpang,,,18홀,tr_220493690
필로스,2026-09-20,18:00,110000,golfpang,,,18홀,tr_220423578
샤인데일,2026-09-20,17:57,70000,golfpang,,,18홀,tr_220103634
몽베르(대중제),2026-09-20,17:56,120000,golfpang,,,18홀,tr_220261936
필로스,2026-09-20,17:54,120000,golfpang,,,18홀,tr_220423577
스프링베일-퍼9,2026-09-20,17:36,80000,golfpang,,,18홀,tr_220217909
비콘힐스,2026-09-20,18:33,70000,golfpang,,,18홀,tr_220431148
비콘힐스,2026-09-20,18:26,70000,golfpang,,,18홀,tr_220431147
비콘힐스,2026-09-20,18:19,70000,golfpang,,,18홀,tr_220431146
필로스,2026-09-20,18:14,110000,golfpang,,,18홀,tr_220423579
한림광릉,2026-09-20,18:06,130000,golfpang,,,18홀,tr_220423348
샤인데일,2026-09-20,18:04,70000,golfpang,,,18홀,tr_220103635
몽베르(대중제),2026-09-20,06:54,220000,golfpang,,,18홀,tr_220261934
스프링베일-퍼9,2026-09-20,06:38,100000,golfpang,,,18홀,tr_220217907
푸른솔포천,2026-09-20,06:21,240000,golfpang,,,18홀,tr_220009226
남양주(퍼9),2026-09-20,08:14,149000,golfpang,,,18홀,tr_220121155
세레니티-강촌,2026-09-20,07:52,200000,golfpang,,,18홀,tr_220127778
샤인데일,2026-09-20,07:44,180000,golfpang,,,18홀,tr_220103633
파주,2026-09-20,07:27,270000,golfpang,,,18홀,tr_220129069
오너스,2026-09-20,12:12,170000,golfpang,,,18홀,tr_220342549
파주,2026-09-20,12:06,210000,golfpang,,,18홀,tr_220129070
남춘천,2026-09-20,12:06,180000,golfpang,,,18홀,tr_220377508
스마트KU,2026-09-20,12:04,210000,golfpang,,,18홀,tr_219890129
세레니티-강촌,2026-09-20,12:00,180000,golfpang,,,18홀,tr_220127779
남양주(퍼9),2026-09-20,11:47,139000,golfpang,,,18홀,tr_220121156
오너스,2026-09-20,08:28,160000,golfpang,,,18홀,tr_220342548
스프링베일-퍼9,2026-09-20,13:25,95000,golfpang,,,18홀,tr_220217908
엘레강스(가명),2026-09-20,13:15,210000,golfpang,,,18홀,tr_220236242
몽베르(대중제),2026-09-20,13:00,190000,golfpang,,,18홀,tr_220261935
푸른솔포천,2026-09-20,13:41,210000,golfpang,,,18홀,tr_220009227
클럽모우,2026-09-20,13:48,145000,golfpang,,,18홀,tr_220346478
가평프리스틴밸리,2026-09-20,12:56,220000,golfpang,,,18홀,tr_220504910
오너스,2026-09-20,13:35,140000,golfpang,,,18홀,tr_219279941
세레니티-강촌,2026-09-20,12:42,180000,golfpang,,,18홀,tr_220504661
파주,2026-09-20,12:20,210000,golfpang,,,18홀,tr_220504593
파주,2026-09-20,11:45,210000,golfpang,,,18홀,tr_220396435
베뉴지,2026-09-20,08:50,160000,golfpang,,,18홀,tr_220504537
클럽모우,2026-09-20,13:55,145000,golfpang,,,18홀,tr_220396396
몽베르(대중제),2026-09-20,18:10,120000,golfpang,,,18홀,tr_220184515
라싸,2026-09-20,08:33,189000,golfpang,,,18홀,tr_220504467
샴발라,2026-09-20,06:36,170000,golfpang,,,18홀,tr_220396637
제이퍼블릭,2026-09-20,09:54,95000,golfpang,,,18홀,tr_220127118
제이퍼블릭,2026-09-20,16:28,95000,golfpang,,,18홀,tr_220127316
샤인데일,2026-09-20,07:44,180000,golfpang,,,18홀,tr_220182401
베스트밸리-퍼9,2026-09-20,18:02,120000,golfpang,,,18홀,tr_220504375
세레니티-강촌,2026-09-20,06:56,200000,golfpang,,,18홀,tr_220504312
푸른솔포천,2026-09-20,13:13,220000,golfpang,,,18홀,tr_220504264
푸른솔포천,2026-09-20,14:02,210000,golfpang,,,18홀,tr_220504263
파주타이거,2026-09-20,18:05,160000,golfpang,,,18홀,tr_220504018
파주타이거,2026-09-20,18:17,150000,golfpang,,,18홀,tr_220504017
파주타이거,2026-09-20,17:29,150000,golfpang,,,18홀,tr_220504016
경춘(비공개),2026-09-20,13:37,153000,golfpang,,,18홀,tr_220504070
더플레이어스,2026-09-20,06:34,160000,golfpang,,,18홀,tr_220504059
경춘(비공개),2026-09-20,08:07,168000,golfpang,,,18홀,tr_220504049
파주,2026-09-20,05:14,190000,golfpang,,,18홀,tr_220503846
파주,2026-09-20,11:45,210000,golfpang,,,18홀,tr_220503847
파주,2026-09-20,18:30,140000,golfpang,,,18홀,tr_220503848
클럽모우,2026-09-20,13:27,165000,golfpang,,,18홀,tr_220503465
클럽모우,2026-09-20,13:55,145000,golfpang,,,18홀,tr_220503464
서원힐스,2026-09-20,17:52,140000,golfpang,,,18홀,tr_220502751
더플레이어스,2026-09-20,07:30,160000,golfpang,,,18홀,tr_220502631
더플레이어스,2026-09-20,07:23,160000,golfpang,,,18홀,tr_220502628
스마트KU,2026-09-20,13:35,210000,golfpang,,,18홀,tr_220502524
라싸,2026-09-20,18:00,119000,golfpang,,,18홀,tr_220499750
경춘(비공개),2026-09-20,08:22,168000,golfpang,,,18홀,tr_220437109
라데나,2026-09-20,12:56,240000,golfpang,,,18홀,tr_220496939
샤인데일,2026-09-20,17:57,70000,golfpang,,,18홀,tr_220181736
필로스,2026-09-20,18:00,110000,golfpang,,,18홀,tr_220422587
몽베르(대중제),2026-09-20,18:10,120000,golfpang,,,18홀,tr_220347572
필로스,2026-09-20,18:07,110000,golfpang,,,18홀,tr_220422589
한림광릉,2026-09-20,17:31,140000,golfpang,,,18홀,tr_220128287
오너스,2026-09-20,14:04,140000,golfpang,,,18홀,tr_220345742
남춘천,2026-09-20,14:10,170000,golfpang,,,18홀,tr_219891125
스프링베일-퍼9,2026-09-20,17:15,85000,golfpang,,,18홀,tr_220118582
한림광릉,2026-09-20,17:24,140000,golfpang,,,18홀,tr_220128286
세레니티-강촌,2026-09-20,17:25,120000,golfpang,,,18홀,tr_219934834
비콘힐스,2026-09-20,18:33,70000,golfpang,,,18홀,tr_220423395
비콘힐스,2026-09-20,18:47,70000,golfpang,,,18홀,tr_220423394
비콘힐스,2026-09-20,18:54,70000,golfpang,,,18홀,tr_220423396
샤인데일,2026-09-20,17:57,70000,golfpang,,,18홀,tr_220181735
필로스,2026-09-20,18:07,110000,golfpang,,,18홀,tr_220422588
포레스트힐,2026-09-20,06:58,210000,golfpang,,,18홀,tr_220496908
남춘천,2026-09-20,12:06,180000,golfpang,,,18홀,tr_219891124
남양주(퍼9),2026-09-20,11:47,139000,golfpang,,,18홀,tr_220180717
스프링베일-퍼9,2026-09-20,11:40,100000,golfpang,,,18홀,tr_220118581
몽베르(대중제),2026-09-20,13:14,190000,golfpang,,,18홀,tr_220347571
스마트KU,2026-09-20,12:53,210000,golfpang,,,18홀,tr_219892306
남양주(퍼9),2026-09-20,12:40,139000,golfpang,,,18홀,tr_220180718
엘레강스(가명),2026-09-20,12:40,220000,golfpang,,,18홀,tr_219692633
클럽모우,2026-09-20,13:48,145000,golfpang,,,18홀,tr_220325424
코브스윙,2026-09-20,13:48,170000,golfpang,,,18홀,tr_220485909
클럽모우,2026-09-20,13:41,145000,golfpang,,,18홀,tr_220197971
코브스윙,2026-09-20,13:41,170000,golfpang,,,18홀,tr_220485908
자유로,2026-09-20,13:37,200000,golfpang,,,18홀,tr_219891508
스마트KU,2026-09-20,14:03,200000,golfpang,,,18홀,tr_219892307
푸른솔포천,2026-09-20,14:02,210000,golfpang,,,18홀,tr_220198713
세레니티-강촌,2026-09-20,12:07,180000,golfpang,,,18홀,tr_219934833
힐마루 포천,2026-09-20,17:31,140000,golfpang,,,18홀,tr_220390522
비콘힐스,2026-09-20,18:33,70000,golfpang,,,18홀,tr_220390529
경춘비공개(명문),2026-09-20,08:30,210000,golfpang,,,18홀,tr_220485784
베스트밸리-퍼9,2026-09-20,18:00,120000,golfpang,,,18홀,tr_220394203
경춘비공개(명문),2026-09-20,11:30,220000,golfpang,,,18홀,tr_219798924
라데나,2026-09-20,06:30,190000,golfpang,,,18홀,tr_220283394
한림광릉,2026-09-20,17:03,130000,golfpang,,,18홀,tr_220493867
스마트KU,2026-09-20,06:37,240000,golfpang,,,18홀,tr_220493822
스마트KU,2026-09-20,13:49,200000,golfpang,,,18홀,tr_220493823
필로스,2026-09-20,17:40,120000,golfpang,,,18홀,tr_219716110
서원힐스,2026-09-20,05:32,230000,golfpang,,,18홀,tr_220485816
서원힐스,2026-09-20,05:25,230000,golfpang,,,18홀,tr_220485814
서원힐스,2026-09-20,05:32,230000,golfpang,,,18홀,tr_220485815
샤인데일,2026-09-20,07:44,180000,golfpang,,,18홀,tr_220485616
샤인데일,2026-09-20,07:23,180000,golfpang,,,18홀,tr_220485617
샤인데일,2026-09-20,18:04,90000,golfpang,,,18홀,tr_220485618
오너스,2026-09-20,07:04,150000,golfpang,,,18홀,tr_220130792
베스트밸리-퍼9,2026-09-20,18:02,120000,golfpang,,,18홀,tr_220485551
베스트밸리-퍼9,2026-09-20,17:55,120000,golfpang,,,18홀,tr_220485552
베스트밸리-퍼9,2026-09-20,07:50,170000,golfpang,,,18홀,tr_220485550
힐마루 포천,2026-09-20,17:38,140000,golfpang,,,18홀,tr_220205954
베뉴지,2026-09-20,13:51,159000,golfpang,,,18홀,tr_220485432
베뉴지,2026-09-20,08:36,199000,golfpang,,,18홀,tr_220485431
남춘천,2026-09-20,11:52,200000,golfpang,,,18홀,tr_220094592
파주,2026-09-20,12:06,210000,golfpang,,,18홀,tr_220314828
베뉴지,2026-09-20,07:47,199000,golfpang,,,18홀,tr_219780331
베스트밸리-퍼9,2026-09-20,07:50,170000,golfpang,,,18홀,tr_220242799
포천힐스,2026-09-20,07:52,240000,golfpang,,,18홀,tr_220139223
포천힐스,2026-09-20,06:35,220000,golfpang,,,18홀,tr_220139222
라싸,2026-09-20,06:55,179000,golfpang,,,18홀,tr_220305624
파주타이거,2026-09-20,07:03,190000,golfpang,,,18홀,tr_220199487
한림광릉,2026-09-20,12:13,230000,golfpang,,,18홀,tr_219995625
파주타이거,2026-09-20,13:50,170000,golfpang,,,18홀,tr_220199489
포천힐스,2026-09-20,12:52,200000,golfpang,,,18홀,tr_220139224
파주타이거,2026-09-20,13:50,170000,golfpang,,,18홀,tr_220199488
라싸,2026-09-20,08:33,209000,golfpang,,,18홀,tr_220305625
푸른솔포천,2026-09-20,13:13,220000,golfpang,,,18홀,tr_220315078
베뉴지,2026-09-20,13:09,179000,golfpang,,,18홀,tr_219780332
클럽모우,2026-09-20,13:34,150000,golfpang,,,18홀,tr_220305781
한림광릉,2026-09-20,13:44,210000,golfpang,,,18홀,tr_219995626
클럽모우,2026-09-20,13:55,145000,golfpang,,,18홀,tr_220209841
클럽모우,2026-09-20,13:55,145000,golfpang,,,18홀,tr_220209842
코브스윙,2026-09-20,13:41,170000,golfpang,,,18홀,tr_220485013
라싸,2026-09-20,18:07,119000,golfpang,,,18홀,tr_220484975
라싸,2026-09-20,19:03,119000,golfpang,,,18홀,tr_220484977
라싸,2026-09-20,13:49,199000,golfpang,,,18홀,tr_220484976
가평베네스트,2026-09-20,12:53,239000,golfpang,,,18홀,tr_220484455
가평베네스트,2026-09-20,12:53,239000,golfpang,,,18홀,tr_220484456
포레스트힐,2026-09-20,18:52,110000,golfpang,,,18홀,tr_220484317
라싸,2026-09-20,07:37,179000,golfpang,,,18홀,tr_219781562
라싸,2026-09-20,07:37,179000,golfpang,,,18홀,tr_219781565
남양주(퍼9),2026-09-20,12:54,139000,golfpang,,,18홀,tr_220203758
남양주(퍼9),2026-09-20,08:14,149000,golfpang,,,18홀,tr_220203757
코브스윙,2026-09-20,13:41,170000,golfpang,,,18홀,tr_220484036
코브스윙,2026-09-20,13:48,170000,golfpang,,,18홀,tr_220484037
힐마루 포천,2026-09-20,17:03,140000,golfpang,,,18홀,tr_220190386
라싸,2026-09-20,17:25,129000,golfpang,,,18홀,tr_220347524
라데나,2026-09-20,06:59,190000,golfpang,,,18홀,tr_220207793
가평베네스트,2026-09-20,12:53,239000,golfpang,,,18홀,tr_219995347
경춘(비공개),2026-09-20,13:37,153000,golfpang,,,18홀,tr_220483244
경춘(비공개),2026-09-20,08:22,168000,golfpang,,,18홀,tr_220479048
세레니티-강촌,2026-09-20,17:32,130000,golfpang,,,18홀,tr_220471007
세레니티-강촌,2026-09-20,08:34,210000,golfpang,,,18홀,tr_220471005
세레니티-강촌,2026-09-20,06:49,210000,golfpang,,,18홀,tr_220471006
필로스,2026-09-20,17:27,120000,golfpang,,,18홀,tr_220421474
베스트밸리-퍼9,2026-09-20,07:01,170000,golfpang,,,18홀,tr_220383186
샤인데일,2026-09-20,17:57,70000,golfpang,,,18홀,tr_220130554
베스트밸리-퍼9,2026-09-20,18:02,120000,golfpang,,,18홀,tr_220383187
오너스,2026-09-20,07:32,155000,golfpang,,,18홀,tr_220324980
파주,2026-09-20,13:02,210000,golfpang,,,18홀,tr_220324770
필로스,2026-09-20,17:27,120000,golfpang,,,18홀,tr_220421475
클럽모우,2026-09-20,13:41,145000,golfpang,,,18홀,tr_220326012
오너스,2026-09-20,08:35,165000,golfpang,,,18홀,tr_220324981
클럽모우,2026-09-20,13:41,145000,golfpang,,,18홀,tr_220326011
라싸,2026-09-20,18:07,119000,golfpang,,,18홀,tr_220458862
라싸,2026-09-20,17:39,129000,golfpang,,,18홀,tr_220458861
스마트KU,2026-09-20,13:49,200000,golfpang,,,18홀,tr_220442633
라싸,2026-09-20,13:49,199000,golfpang,,,18홀,tr_220458860
남양주(퍼9),2026-09-20,12:20,139000,golfpang,,,18홀,tr_219841785
오너스,2026-09-20,12:54,149000,golfpang,,,18홀,tr_219241896
오너스,2026-09-20,13:08,149000,golfpang,,,18홀,tr_219332936
경춘(비공개),2026-09-20,13:29,153000,golfpang,,,18홀,tr_220397621
가평프리스틴밸리,2026-09-20,11:53,230000,golfpang,,,18홀,tr_220397648
파주,2026-09-20,11:52,210000,golfpang,,,18홀,tr_220468061
샤인데일,2026-09-20,07:44,180000,golfpang,,,18홀,tr_220468816
샤인데일,2026-09-20,17:57,70000,golfpang,,,18홀,tr_220468814
샤인데일,2026-09-20,17:57,70000,golfpang,,,18홀,tr_220468815
라싸,2026-09-20,08:40,209000,golfpang,,,18홀,tr_220397649
더플레이어스,2026-09-20,07:37,180000,golfpang,,,18홀,tr_220397653
파주,2026-09-20,06:03,200000,golfpang,,,18홀,tr_220400300
베스트밸리-퍼9,2026-09-20,17:55,120000,golfpang,,,18홀,tr_220242798
베스트밸리-퍼9,2026-09-20,18:02,120000,golfpang,,,18홀,tr_220242800
비콘힐스,2026-09-20,19:08,70000,golfpang,,,18홀,tr_219562060
비콘힐스,2026-09-20,18:47,70000,golfpang,,,18홀,tr_219562059
스마트KU,2026-09-20,14:00,200000,golfpang,,,18홀,tr_218977420
남양주(퍼9),2026-09-20,07:14,149000,golfpang,,,18홀,tr_220467689
남양주(퍼9),2026-09-20,16:47,109000,golfpang,,,18홀,tr_220467690
남춘천,2026-09-20,12:27,180000,golfpang,,,18홀,tr_220467518
푸른솔포천,2026-09-20,14:02,210000,golfpang,,,18홀,tr_220467349
푸른솔포천,2026-09-20,06:00,220000,golfpang,,,18홀,tr_220467348
파주타이거,2026-09-20,17:05,150000,golfpang,,,18홀,tr_220462926
파주타이거,2026-09-20,18:05,160000,golfpang,,,18홀,tr_220462927
파주타이거,2026-09-20,17:11,150000,golfpang,,,18홀,tr_220462925
파주,2026-09-20,11:24,210000,golfpang,,,18홀,tr_220458906
파주,2026-09-20,05:14,190000,golfpang,,,18홀,tr_220458904
파주,2026-09-20,11:38,210000,golfpang,,,18홀,tr_220458905
비콘힐스,2026-09-20,06:18,115000,golfpang,,,18홀,tr_220454497
비콘힐스,2026-09-20,06:25,115000,golfpang,,,18홀,tr_220454499
비콘힐스,2026-09-20,06:25,115000,golfpang,,,18홀,tr_220454498
오너스,2026-09-20,08:28,160000,golfpang,,,18홀,tr_220217525
오너스,2026-09-20,14:04,150000,golfpang,,,18홀,tr_220442234
오너스,2026-09-20,08:28,160000,golfpang,,,18홀,tr_220442233
남춘천,2026-09-20,12:13,180000,golfpang,,,18홀,tr_220441808
남춘천,2026-09-20,08:50,190000,golfpang,,,18홀,tr_220441807
푸른솔포천,2026-09-20,13:13,220000,golfpang,,,18홀,tr_220349326
한림광릉,2026-09-20,17:31,140000,golfpang,,,18홀,tr_220362266
한림광릉,2026-09-20,18:06,140000,golfpang,,,18홀,tr_220362267
한림광릉,2026-09-20,17:24,140000,golfpang,,,18홀,tr_220362265
남춘천,2026-09-20,14:17,170000,golfpang,,,18홀,tr_220205656
베스트밸리-퍼9,2026-09-20,17:55,120000,golfpang,,,18홀,tr_219987071
포천힐스,2026-09-20,13:13,200000,golfpang,,,18홀,tr_220219780
베스트밸리-퍼9,2026-09-20,12:00,160000,golfpang,,,18홀,tr_219987070
클럽모우,2026-09-20,13:27,165000,golfpang,,,18홀,tr_220198136
남양주(퍼9),2026-09-20,11:47,139000,golfpang,,,18홀,tr_220180947
남양주(퍼9),2026-09-20,16:20,109000,golfpang,,,18홀,tr_220180948
남춘천,2026-09-20,12:13,180000,golfpang,,,18홀,tr_220205655
샤인데일,2026-09-20,17:57,70000,golfpang,,,18홀,tr_220107020
샤인데일,2026-09-20,18:04,70000,golfpang,,,18홀,tr_220107021
자유로,2026-09-20,13:30,200000,golfpang,,,18홀,tr_220033377
오너스,2026-09-20,13:36,155000,golfpang,,,18홀,tr_220035108
스프링베일-퍼9,2026-09-20,17:36,85000,golfpang,,,18홀,tr_220015000
스프링베일-퍼9,2026-09-20,12:22,100000,golfpang,,,18홀,tr_220014999
비발디파크W,2026-09-20,13:55,176000,golfpang,,,18홀,tr_220013601
몽베르(대중제),2026-09-20,13:00,190000,golfpang,,,18홀,tr_219596226
엘레강스(가명),2026-09-20,11:58,220000,golfpang,,,18홀,tr_219682574
세레니티-강촌,2026-09-20,12:07,180000,golfpang,,,18홀,tr_219459565
세레니티-강촌,2026-09-20,17:25,140000,golfpang,,,18홀,tr_219459566
필로스,2026-09-20,17:27,120000,golfpang,,,18홀,tr_219673650
엘레강스(가명),2026-09-20,13:15,220000,golfpang,,,18홀,tr_219682575
필로스,2026-09-20,17:27,120000,golfpang,,,18홀,tr_219673649
필로스,2026-09-20,17:34,120000,golfpang,,,18홀,tr_219673651
라싸,2026-09-20,17:32,129000,golfpang,,,18홀,tr_220441468
라싸,2026-09-20,18:07,119000,golfpang,,,18홀,tr_220441469
서원힐스,2026-09-20,05:32,230000,golfpang,,,18홀,tr_220440547
서원힐스,2026-09-20,05:39,230000,golfpang,,,18홀,tr_220440548
서원힐스,2026-09-20,05:25,230000,golfpang,,,18홀,tr_220440546
라싸,2026-09-20,13:49,199000,golfpang,,,18홀,tr_220376828
남춘천,2026-09-20,14:17,160000,golfpang,,,18홀,tr_220437093
남춘천,2026-09-20,14:17,160000,golfpang,,,18홀,tr_220437092
필로스,2026-09-20,17:54,110000,golfpang,,,18홀,tr_220434485
한림광릉,2026-09-20,17:10,130000,golfpang,,,18홀,tr_220434394
비콘힐스,2026-09-20,18:47,70000,golfpang,,,18홀,tr_220434064
베스트밸리-퍼9,2026-09-20,18:30,120000,golfpang,,,18홀,tr_220423910
베스트밸리-퍼9,2026-09-20,18:02,120000,golfpang,,,18홀,tr_219654711
베스트밸리-퍼9,2026-09-20,07:50,170000,golfpang,,,18홀,tr_219654709
올림픽,2026-09-20,16:31,130000,golfpang,,,18홀,tr_220326136
베스트밸리-퍼9,2026-09-20,18:09,120000,golfpang,,,18홀,tr_220422670
베스트밸리-퍼9,2026-09-20,07:50,170000,golfpang,,,18홀,tr_220422668
베스트밸리-퍼9,2026-09-20,18:02,120000,golfpang,,,18홀,tr_220422669
더플레이어스,2026-09-20,06:34,180000,golfpang,,,18홀,tr_220397720
더플레이어스,2026-09-20,06:34,180000,golfpang,,,18홀,tr_220000631
올림픽,2026-09-20,16:31,130000,golfpang,,,18홀,tr_220397767
더플레이어스,2026-09-20,08:19,180000,golfpang,,,18홀,tr_220000656
남춘천,2026-09-20,08:36,190000,golfpang,,,18홀,tr_220397747
남춘천,2026-09-20,08:43,190000,golfpang,,,18홀,tr_220397751
필로스,2026-09-20,11:48,190000,golfpang,,,18홀,tr_220397754
샤인데일,2026-09-20,17:57,70000,golfpang,,,18홀,tr_220422208
샤인데일,2026-09-20,07:44,180000,golfpang,,,18홀,tr_220422207
오너스,2026-09-20,08:07,159000,golfpang,,,18홀,tr_220397734
오너스,2026-09-20,08:07,159000,golfpang,,,18홀,tr_220233416
오너스,2026-09-20,08:21,159000,golfpang,,,18홀,tr_220233475
클럽모우,2026-09-20,13:34,145000,golfpang,,,18홀,tr_220325449
제이퍼블릭,2026-09-20,06:47,95000,golfpang,,,12홀,tr_220000634
클럽모우,2026-09-20,13:34,150000,golfpang,,,18홀,tr_220299654
클럽모우,2026-09-20,13:34,150000,golfpang,,,18홀,tr_220299653
몽베르(대중제),2026-09-20,18:03,120000,golfpang,,,18홀,tr_220299573
몽베르(대중제),2026-09-20,18:03,120000,golfpang,,,18홀,tr_220299572
몽베르(대중제),2026-09-20,18:03,120000,golfpang,,,18홀,tr_220299574
더플레이어스,2026-09-20,08:05,180000,golfpang,,,18홀,tr_219990677
더플레이어스,2026-09-20,10:59,180000,golfpang,,,18홀,tr_219990678
스프링베일-퍼9,2026-09-20,13:25,95000,golfpang,,,18홀,tr_220182175
세레니티-강촌,2026-09-20,08:34,200000,golfpang,,,18홀,tr_220421565
세레니티-강촌,2026-09-20,17:32,120000,golfpang,,,18홀,tr_220421567
세레니티-강촌,2026-09-20,12:07,180000,golfpang,,,18홀,tr_220421566
한림광릉,2026-09-20,18:06,130000,golfpang,,,18홀,tr_220420697
필로스,2026-09-20,18:00,110000,golfpang,,,18홀,tr_220420830
필로스,2026-09-20,18:00,110000,golfpang,,,18홀,tr_220420828
필로스,2026-09-20,18:00,110000,golfpang,,,18홀,tr_220420829
한림광릉,2026-09-20,17:24,130000,golfpang,,,18홀,tr_220420696
한림광릉,2026-09-20,18:48,130000,golfpang,,,18홀,tr_220420698
한림광릉,2026-09-20,17:24,130000,golfpang,,,18홀,tr_220420229
한림광릉,2026-09-20,17:24,130000,golfpang,,,18홀,tr_220420227
한림광릉,2026-09-20,17:24,130000,golfpang,,,18홀,tr_220420228
라데나,2026-09-20,06:24,190000,golfpang,,,18홀,tr_220420196
라데나,2026-09-20,06:24,190000,golfpang,,,18홀,tr_220420195
클럽모우,2026-09-20,06:58,165000,golfpang,,,18홀,tr_219428682
오너스,2026-09-20,08:35,150000,golfpang,,,18홀,tr_220241888
스프링베일-퍼9,2026-09-20,07:41,110000,golfpang,,,18홀,tr_220414527
스프링베일-퍼9,2026-09-20,06:38,100000,golfpang,,,18홀,tr_220414526
라싸,2026-09-20,08:33,209000,golfpang,,,18홀,tr_219719335
필로스,2026-09-20,17:27,120000,golfpang,,,18홀,tr_219673655
라싸,2026-09-20,07:37,189000,golfpang,,,18홀,tr_219719334
남춘천,2026-09-20,12:13,180000,golfpang,,,18홀,tr_220124343
남춘천,2026-09-20,14:17,160000,golfpang,,,18홀,tr_220124344
남춘천,2026-09-20,12:06,180000,golfpang,,,18홀,tr_220174862
남춘천,2026-09-20,12:13,180000,golfpang,,,18홀,tr_220401606
클럽모우,2026-09-20,13:34,165000,golfpang,,,18홀,tr_220200036
푸른솔포천,2026-09-20,14:02,210000,golfpang,,,18홀,tr_220200830
스마트KU,2026-09-20,14:03,200000,golfpang,,,18홀,tr_220201192
스마트KU,2026-09-20,14:10,200000,golfpang,,,18홀,tr_220201193
포천힐스,2026-09-20,13:34,200000,golfpang,,,18홀,tr_220200815
세레니티-강촌,2026-09-20,12:07,180000,golfpang,,,18홀,tr_220201249
오너스,2026-09-20,12:19,170000,golfpang,,,18홀,tr_220199811
파주,2026-09-20,12:48,210000,golfpang,,,18홀,tr_220200720
푸른솔포천,2026-09-20,12:52,220000,golfpang,,,18홀,tr_220200829
라싸,2026-09-20,12:53,209000,golfpang,,,18홀,tr_220200776
포천힐스,2026-09-20,12:59,200000,golfpang,,,18홀,tr_220200814
세레니티-강촌,2026-09-20,13:17,180000,golfpang,,,18홀,tr_220201250
파주,2026-09-20,11:10,220000,golfpang,,,18홀,tr_220200719
라싸,2026-09-20,08:33,209000,golfpang,,,18홀,tr_220200775
세레니티-강촌,2026-09-20,06:49,200000,golfpang,,,18홀,tr_220201248
오너스,2026-09-20,08:21,165000,golfpang,,,18홀,tr_220199810
한림광릉,2026-09-20,06:24,190000,golfpang,,,18홀,tr_220200411
한림광릉,2026-09-20,06:17,190000,golfpang,,,18홀,tr_220200410
한림광릉,2026-09-20,06:10,190000,golfpang,,,18홀,tr_220200409
클럽모우,2026-09-20,07:47,180000,golfpang,,,18홀,tr_220200035
샤인데일,2026-09-20,07:44,180000,golfpang,,,18홀,tr_220201374
파주,2026-09-20,07:27,270000,golfpang,,,18홀,tr_220200718
샤인데일,2026-09-20,07:23,180000,golfpang,,,18홀,tr_220201373
샤인데일,2026-09-20,07:16,180000,golfpang,,,18홀,tr_220201372
포천힐스,2026-09-20,07:52,240000,golfpang,,,18홀,tr_220200813
라싸,2026-09-20,08:05,209000,golfpang,,,18홀,tr_220200774
코브스윙,2026-09-20,13:41,170000,golfpang,,,18홀,tr_220402872
필로스,2026-09-20,11:48,190000,golfpang,,,18홀,tr_220201429
코브스윙,2026-09-20,13:55,170000,golfpang,,,18홀,tr_220402777
코브스윙,2026-09-20,13:41,170000,golfpang,,,18홀,tr_220402776
오너스,2026-09-20,08:07,159000,golfpang,,,18홀,tr_219781119
샤인데일,2026-09-20,07:16,180000,golfpang,,,18홀,tr_220103278
더플레이어스,2026-09-20,07:16,180000,golfpang,,,18홀,tr_220002174
파주,2026-09-20,12:06,210000,golfpang,,,18홀,tr_220138650
남춘천,2026-09-20,12:06,180000,golfpang,,,18홀,tr_219891715
세레니티-강촌,2026-09-20,11:53,180000,golfpang,,,18홀,tr_218785362
엘레강스(가명),2026-09-20,11:30,210000,golfpang,,,18홀,tr_220221171
라싸,2026-09-20,08:33,209000,golfpang,,,18홀,tr_220012718
오너스,2026-09-20,08:28,160000,golfpang,,,18홀,tr_220289304
스프링베일-퍼9,2026-09-20,13:25,95000,golfpang,,,18홀,tr_220212411
베뉴지,2026-09-20,13:23,160000,golfpang,,,18홀,tr_220057992
스마트KU,2026-09-20,13:21,210000,golfpang,,,18홀,tr_220026927
남양주(퍼9),2026-09-20,13:00,139000,golfpang,,,18홀,tr_220124764
몽베르(대중제),2026-09-20,13:00,190000,golfpang,,,18홀,tr_220002230
가평베네스트,2026-09-20,12:53,255000,golfpang,,,18홀,tr_220002355
포천힐스,2026-09-20,12:52,200000,golfpang,,,18홀,tr_220057412
라싸,2026-09-20,12:46,188100,golfpang,,,18홀,tr_220012719
오너스,2026-09-20,12:12,170000,golfpang,,,18홀,tr_220289305
가평베네스트,2026-09-20,13:42,239000,golfpang,,,18홀,tr_220002356
라싸,2026-09-20,13:42,179100,golfpang,,,18홀,tr_220012720
엘레강스(가명),2026-09-20,13:36,210000,golfpang,,,18홀,tr_220221172
클럽모우,2026-09-20,13:34,150000,golfpang,,,18홀,tr_220214198
한림광릉,2026-09-20,17:24,140000,golfpang,,,18홀,tr_220261400
남양주(퍼9),2026-09-20,16:34,109000,golfpang,,,18홀,tr_220124765
클럽모우,2026-09-20,14:16,150000,golfpang,,,18홀,tr_220214199
남춘천,2026-09-20,14:10,170000,golfpang,,,18홀,tr_219891716
스마트KU,2026-09-20,14:03,200000,golfpang,,,18홀,tr_220026928
푸른솔포천,2026-09-20,14:02,210000,golfpang,,,18홀,tr_218783610
한림광릉,2026-09-20,17:59,140000,golfpang,,,18홀,tr_220261399
샤인데일,2026-09-20,17:57,70000,golfpang,,,18홀,tr_220103280
스프링베일-퍼9,2026-09-20,17:36,80000,golfpang,,,18홀,tr_220212412
몽베르(대중제),2026-09-20,17:35,120000,golfpang,,,18홀,tr_220002231
포레스트힐,2026-09-20,18:59,110000,golfpang,,,18홀,tr_220239727
포레스트힐,2026-09-20,18:52,110000,golfpang,,,18홀,tr_220239726
한림광릉,2026-09-20,18:48,140000,golfpang,,,18홀,tr_220261401
세레니티-강촌,2026-09-20,06:49,200000,golfpang,,,18홀,tr_218785361
포천힐스,2026-09-20,06:35,220000,golfpang,,,18홀,tr_220057410
파주,2026-09-20,06:31,240000,golfpang,,,18홀,tr_220138648
푸른솔포천,2026-09-20,06:07,240000,golfpang,,,18홀,tr_218783609
서원힐스,2026-09-20,05:39,230000,golfpang,,,18홀,tr_219783130
스프링베일-퍼9,2026-09-20,08:16,110000,golfpang,,,18홀,tr_220212410
더플레이어스,2026-09-20,08:05,180000,golfpang,,,18홀,tr_220002173
포천힐스,2026-09-20,07:52,240000,golfpang,,,18홀,tr_220057411
샤인데일,2026-09-20,07:44,180000,golfpang,,,18홀,tr_220103279
몽베르(대중제),2026-09-20,07:29,220000,golfpang,,,18홀,tr_220002229
파주,2026-09-20,07:27,270000,golfpang,,,18홀,tr_220138649
남양주(퍼9),2026-09-20,07:20,149000,golfpang,,,18홀,tr_220124763
필로스,2026-09-20,17:40,120000,golfpang,,,18홀,tr_220401768
오너스,2026-09-20,08:28,150000,golfpang,,,18홀,tr_220289455
코브스윙,2026-09-20,13:48,170000,golfpang,,,18홀,tr_220401214
코브스윙,2026-09-20,13:41,170000,golfpang,,,18홀,tr_220401211
필로스,2026-09-20,17:47,120000,golfpang,,,18홀,tr_220222634
라싸,2026-09-20,07:37,189000,golfpang,,,18홀,tr_220233507
자유로,2026-09-20,06:25,220000,golfpang,,,18홀,tr_220182005
포레스트힐,2026-09-20,18:52,110000,golfpang,,,18홀,tr_220400834
포천힐스,2026-09-20,06:28,220000,golfpang,,,18홀,tr_220261321
파주,2026-09-20,05:14,190000,golfpang,,,18홀,tr_220004482
파주,2026-09-20,11:24,210000,golfpang,,,18홀,tr_220179929
남양주(퍼9),2026-09-20,08:20,149000,golfpang,,,18홀,tr_219790323
라데나,2026-09-20,06:24,190000,golfpang,,,18홀,tr_220104235
강촌(비공개),2026-09-20,11:30,210000,golfpang,,,18홀,tr_219372149
스마트KU,2026-09-20,12:53,210000,golfpang,,,18홀,tr_219470793
클럽모우,2026-09-20,06:40,165000,golfpang,,,18홀,tr_217705041
더플레이어스,2026-09-20,08:19,180000,golfpang,,,18홀,tr_220209845
더플레이어스,2026-09-20,06:34,180000,golfpang,,,18홀,tr_219781575
자유로,2026-09-20,13:37,200000,golfpang,,,18홀,tr_220398999
자유로,2026-09-20,07:14,230000,golfpang,,,18홀,tr_220398998
스마트KU,2026-09-20,14:00,200000,golfpang,,,18홀,tr_219368987
샴발라,2026-09-20,12:31,170000,golfpang,,,18홀,tr_220396059
베스트밸리-퍼9,2026-09-20,07:51,170000,golfpang,,,18홀,tr_220396058
한림광릉,2026-09-20,12:42,190000,golfpang,,,18홀,tr_220395984
필로스,2026-09-20,18:00,120000,golfpang,,,18홀,tr_219673656
남양주(퍼9),2026-09-20,11:54,139000,golfpang,,,18홀,tr_219790316
포천힐스,2026-09-20,12:52,200000,golfpang,,,18홀,tr_219790237
파주,2026-09-20,16:45,160000,golfpang,,,18홀,tr_219790426
한림광릉,2026-09-20,17:24,140000,golfpang,,,18홀,tr_219790466
세레니티-강촌,2026-09-20,12:42,180000,golfpang,,,18홀,tr_220397955
세레니티-강촌,2026-09-20,06:56,200000,golfpang,,,18홀,tr_220397943
자유로,2026-09-20,13:30,200000,golfpang,,,18홀,tr_219623845
엘레강스(가명),2026-09-20,13:36,210000,golfpang,,,18홀,tr_220259679
자유로,2026-09-20,06:39,220000,golfpang,,,18홀,tr_219623844
엘레강스(가명),2026-09-20,13:15,210000,golfpang,,,18홀,tr_220259678
오너스,2026-09-20,12:54,149000,golfpang,,,18홀,tr_219620683
남양주(퍼9),2026-09-20,12:20,139000,golfpang,,,18홀,tr_220057059
오너스,2026-09-20,12:47,149000,golfpang,,,18홀,tr_220057433
남춘천,2026-09-20,14:17,160000,golfpang,,,18홀,tr_220396261
남춘천,2026-09-20,12:48,180000,golfpang,,,18홀,tr_220396260
포레스트힐,2026-09-20,18:52,110000,golfpang,,,18홀,tr_220290553
남양주(퍼9),2026-09-20,07:47,149000,golfpang,,,18홀,tr_220290281
클럽모우,2026-09-20,07:12,180000,golfpang,,,18홀,tr_220290502
포천힐스,2026-09-20,12:52,200000,golfpang,,,18홀,tr_220290582
베뉴지,2026-09-20,08:08,170000,golfpang,,,18홀,tr_220290317
남양주(퍼9),2026-09-20,11:54,139000,golfpang,,,18홀,tr_220290297
파주,2026-09-20,07:06,290000,golfpang,,,18홀,tr_219156805
스프링베일-퍼9,2026-09-20,06:38,100000,golfpang,,,18홀,tr_220125963
푸른솔포천,2026-09-20,06:00,220000,golfpang,,,18홀,tr_220003569
파주,2026-09-20,12:41,290000,golfpang,,,18홀,tr_219156806
남양주(퍼9),2026-09-20,12:40,139000,golfpang,,,18홀,tr_220125384
오너스,2026-09-20,08:21,160000,golfpang,,,18홀,tr_220336442
오너스,2026-09-20,08:14,160000,golfpang,,,18홀,tr_220336441
라싸,2026-09-20,08:12,209000,golfpang,,,18홀,tr_220394733
더플레이어스,2026-09-20,08:05,180000,golfpang,,,18홀,tr_219999040
라싸,2026-09-20,08:05,209000,golfpang,,,18홀,tr_220394732
클럽모우,2026-09-20,13:41,145000,golfpang,,,18홀,tr_220349820
엘레강스(가명),2026-09-20,13:36,210000,golfpang,,,18홀,tr_220241334
파주타이거,2026-09-20,13:36,170000,golfpang,,,18홀,tr_219156700
스프링베일-퍼9,2026-09-20,13:25,95000,golfpang,,,18홀,tr_220125965
스마트KU,2026-09-20,13:21,210000,golfpang,,,18홀,tr_219937834
엘레강스(가명),2026-09-20,13:15,210000,golfpang,,,18홀,tr_220241333
푸른솔포천,2026-09-20,12:52,230000,golfpang,,,18홀,tr_220003570
파주타이거,2026-09-20,12:47,180000,golfpang,,,18홀,tr_219156699
라싸,2026-09-20,12:46,209000,golfpang,,,18홀,tr_220394734
세레니티-강촌,2026-09-20,12:42,180000,golfpang,,,18홀,tr_218346837
샤인데일,2026-09-20,17:57,70000,golfpang,,,18홀,tr_220114615
베스트밸리-퍼9,2026-09-20,17:55,120000,golfpang,,,18홀,tr_220190822
남양주(퍼9),2026-09-20,17:47,109000,golfpang,,,18홀,tr_220125385
파주타이거,2026-09-20,17:35,170000,golfpang,,,18홀,tr_219156701
클럽모우,2026-09-20,14:16,145000,golfpang,,,18홀,tr_220349821
스마트KU,2026-09-20,14:10,200000,golfpang,,,18홀,tr_219937835
양주,2026-09-20,14:02,300000,golfpang,,,18홀,tr_218695874
양주,2026-09-20,13:55,300000,golfpang,,,18홀,tr_218695873
더플레이어스,2026-09-20,07:16,180000,golfpang,,,18홀,tr_219999041
세레니티-강촌,2026-09-20,07:31,200000,golfpang,,,18홀,tr_218346836
남양주(퍼9),2026-09-20,07:34,149000,golfpang,,,18홀,tr_220125383
스프링베일-퍼9,2026-09-20,07:41,110000,golfpang,,,18홀,tr_220125964
샤인데일,2026-09-20,07:44,180000,golfpang,,,18홀,tr_220114614
파주,2026-09-20,18:23,140000,golfpang,,,18홀,tr_219156807
베스트밸리-퍼9,2026-09-20,18:30,120000,golfpang,,,18홀,tr_220190823
베스트밸리-퍼9,2026-09-20,07:50,170000,golfpang,,,18홀,tr_220190821
샤인데일,2026-09-20,18:18,70000,golfpang,,,18홀,tr_220114616
오너스,2026-09-20,08:00,159000,golfpang,,,18홀,tr_220241728
클럽모우,2026-09-20,06:50,165000,golfpang,,,18홀,tr_219347846
클럽모우,2026-09-20,13:20,145000,golfpang,,,18홀,tr_219347888
오너스,2026-09-20,08:30,159000,golfpang,,,18홀,tr_220242644
클럽모우,2026-09-20,06:46,165000,golfpang,,,18홀,tr_218815739
클럽모우,2026-09-20,13:31,165000,golfpang,,,18홀,tr_219091982
푸른솔포천,2026-09-20,14:02,210000,golfpang,,,18홀,tr_220391354
푸른솔포천,2026-09-20,06:00,220000,golfpang,,,18홀,tr_220391353
샤인데일,2026-09-20,07:44,180000,golfpang,,,18홀,tr_220390491
샤인데일,2026-09-20,17:57,90000,golfpang,,,18홀,tr_220390493
샤인데일,2026-09-20,17:57,90000,golfpang,,,18홀,tr_220390492
베스트밸리-퍼9,2026-09-20,18:16,120000,golfpang,,,18홀,tr_220389682
베스트밸리-퍼9,2026-09-20,18:02,120000,golfpang,,,18홀,tr_220389681
베스트밸리-퍼9,2026-09-20,07:50,170000,golfpang,,,18홀,tr_220389680
베스트밸리-퍼9,2026-09-20,18:09,120000,golfpang,,,18홀,tr_220376358
베스트밸리-퍼9,2026-09-20,07:50,170000,golfpang,,,18홀,tr_220376356
베스트밸리-퍼9,2026-09-20,18:02,120000,golfpang,,,18홀,tr_220376357
엘레강스(가명),2026-09-20,12:12,210000,golfpang,,,18홀,tr_220250089
더플레이어스,2026-09-20,08:05,180000,golfpang,,,18홀,tr_219990342
가평베네스트,2026-09-20,13:42,239000,golfpang,,,18홀,tr_220261085
클럽모우,2026-09-20,13:41,145000,golfpang,,,18홀,tr_220347331
엘레강스(가명),2026-09-20,13:15,210000,golfpang,,,18홀,tr_220250090
몽베르(대중제),2026-09-20,13:14,190000,golfpang,,,18홀,tr_220288014
푸른솔포천,2026-09-20,13:13,220000,golfpang,,,18홀,tr_220274148
포천힐스,2026-09-20,12:52,200000,golfpang,,,18홀,tr_220086026
몽베르(대중제),2026-09-20,17:56,120000,golfpang,,,18홀,tr_220288015
스마트KU,2026-09-20,14:03,200000,golfpang,,,18홀,tr_219890051
포천힐스,2026-09-20,07:52,240000,golfpang,,,18홀,tr_220086025
포천힐스,2026-09-20,06:35,220000,golfpang,,,18홀,tr_220086024
몽베르(대중제),2026-09-20,07:22,220000,golfpang,,,18홀,tr_220288013
푸른솔포천,2026-09-20,14:02,210000,golfpang,,,18홀,tr_220274149
필로스,2026-09-20,17:54,120000,golfpang,,,18홀,tr_219685802
라싸,2026-09-20,08:33,209000,golfpang,,,18홀,tr_220336835
클럽모우,2026-09-20,14:16,145000,golfpang,,,18홀,tr_220328506
클럽모우,2026-09-20,13:41,145000,golfpang,,,18홀,tr_220328505
라싸,2026-09-20,08:33,209000,golfpang,,,18홀,tr_220142345
오너스,2026-09-20,08:28,165000,golfpang,,,18홀,tr_220288955
스프링베일-퍼9,2026-09-20,08:16,110000,golfpang,,,18홀,tr_220130890
더플레이어스,2026-09-20,08:12,210000,golfpang,,,18홀,tr_220304947
더플레이어스,2026-09-20,08:05,210000,golfpang,,,18홀,tr_220304946
엘레강스(가명),2026-09-20,13:36,220000,golfpang,,,18홀,tr_220220513
몽베르(대중제),2026-09-20,13:28,190000,golfpang,,,18홀,tr_220287730
스프링베일-퍼9,2026-09-20,13:25,95000,golfpang,,,18홀,tr_220130891
몽베르(대중제),2026-09-20,13:21,190000,golfpang,,,18홀,tr_220287729
엘레강스(가명),2026-09-20,13:15,220000,golfpang,,,18홀,tr_220220512
몽베르(대중제),2026-09-20,13:14,190000,golfpang,,,18홀,tr_220287728
포천힐스,2026-09-20,13:13,200000,golfpang,,,18홀,tr_220129382
포천힐스,2026-09-20,12:59,200000,golfpang,,,18홀,tr_220129381
베스트밸리-퍼9,2026-09-20,12:56,160000,golfpang,,,18홀,tr_220139192
푸른솔포천,2026-09-20,12:52,220000,golfpang,,,18홀,tr_220129789
포천힐스,2026-09-20,12:52,200000,golfpang,,,18홀,tr_220129380
베스트밸리-퍼9,2026-09-20,18:02,120000,golfpang,,,18홀,tr_220139194
샤인데일,2026-09-20,17:57,70000,golfpang,,,18홀,tr_220138849
베스트밸리-퍼9,2026-09-20,17:55,120000,golfpang,,,18홀,tr_220139193
스프링베일-퍼9,2026-09-20,17:36,80000,golfpang,,,18홀,tr_220130892
파주타이거,2026-09-20,16:50,170000,golfpang,,,18홀,tr_220128798
오너스,2026-09-20,08:35,165000,golfpang,,,18홀,tr_220288956
파주타이거,2026-09-20,07:03,190000,golfpang,,,18홀,tr_220128797
라싸,2026-09-20,07:37,189000,golfpang,,,18홀,tr_220142343
샤인데일,2026-09-20,18:11,70000,golfpang,,,18홀,tr_220138851
푸른솔포천,2026-09-20,14:02,210000,golfpang,,,18홀,tr_220129790
파주타이거,2026-09-20,13:50,170000,golfpang,,,18홀,tr_220128796
라싸,2026-09-20,07:37,189000,golfpang,,,18홀,tr_220142344
샤인데일,2026-09-20,18:04,70000,golfpang,,,18홀,tr_220138850
클럽모우,2026-09-20,13:41,145000,golfpang,,,18홀,tr_220199641
클럽모우,2026-09-20,13:41,145000,golfpang,,,18홀,tr_220199642
필로스,2026-09-20,17:47,120000,golfpang,,,18홀,tr_220321094
필로스,2026-09-20,17:40,120000,golfpang,,,18홀,tr_220321063
포레스트힐,2026-09-20,13:37,190000,golfpang,,,18홀,tr_220305295
라싸,2026-09-20,08:05,209000,golfpang,,,18홀,tr_220304586
라싸,2026-09-20,08:33,209000,golfpang,,,18홀,tr_220304588
라싸,2026-09-20,08:12,209000,golfpang,,,18홀,tr_220304587
라싸,2026-09-20,08:33,209000,golfpang,,,18홀,tr_220304573
라싸,2026-09-20,08:12,209000,golfpang,,,18홀,tr_220304572
라싸,2026-09-20,08:05,209000,golfpang,,,18홀,tr_220304571
클럽모우,2026-09-20,13:27,150000,golfpang,,,18홀,tr_220197761
오너스,2026-09-20,12:12,170000,golfpang,,,18홀,tr_220289837
오너스,2026-09-20,08:28,160000,golfpang,,,18홀,tr_220289836
파주타이거,2026-09-20,17:47,150000,golfpang,,,18홀,tr_220287677
파주타이거,2026-09-20,17:29,150000,golfpang,,,18홀,tr_220287676
파주타이거,2026-09-20,17:05,150000,golfpang,,,18홀,tr_220287675
오너스,2026-09-20,13:22,140000,golfpang,,,18홀,tr_220175153
힐마루 포천,2026-09-20,17:38,140000,golfpang,,,18홀,tr_220208166
포레스트힐,2026-09-20,13:23,165000,golfpang,,,18홀,tr_219329995
포레스트힐,2026-09-20,13:23,165000,golfpang,,,18홀,tr_219330035
포레스트힐,2026-09-20,18:10,110000,golfpang,,,18홀,tr_219330039
파주,2026-09-20,10:49,230000,golfpang,,,18홀,tr_220261601
파주,2026-09-20,06:45,220000,golfpang,,,18홀,tr_220261599
파주,2026-09-20,07:27,230000,golfpang,,,18홀,tr_220261600
샤인데일,2026-09-20,07:58,180000,golfpang,,,18홀,tr_220213055
포천힐스,2026-09-20,07:52,240000,golfpang,,,18홀,tr_220223087
베스트밸리-퍼9,2026-09-20,07:50,170000,golfpang,,,18홀,tr_220212926
클럽모우,2026-09-20,07:47,180000,golfpang,,,18홀,tr_220197760
남양주(퍼9),2026-09-20,07:34,149000,golfpang,,,18홀,tr_220106883
몽베르(대중제),2026-09-20,07:29,220000,golfpang,,,18홀,tr_219932862
샤인데일,2026-09-20,07:16,180000,golfpang,,,18홀,tr_220213054
남양주(퍼9),2026-09-20,07:07,149000,golfpang,,,18홀,tr_220106882
베스트밸리-퍼9,2026-09-20,07:01,170000,golfpang,,,18홀,tr_220212925
세레니티-강촌,2026-09-20,06:49,200000,golfpang,,,18홀,tr_219892094
더플레이어스,2026-09-20,06:41,180000,golfpang,,,18홀,tr_219990443
몽베르(대중제),2026-09-20,06:40,220000,golfpang,,,18홀,tr_219932861
스프링베일-퍼9,2026-09-20,06:38,100000,golfpang,,,18홀,tr_220117872
포천힐스,2026-09-20,06:28,220000,golfpang,,,18홀,tr_220223086
한림광릉,2026-09-20,06:10,190000,golfpang,,,18홀,tr_220255880
푸른솔포천,2026-09-20,06:00,220000,golfpang,,,18홀,tr_220009689
남춘천,2026-09-20,12:27,180000,golfpang,,,18홀,tr_220179165
세레니티-강촌,2026-09-20,12:07,180000,golfpang,,,18홀,tr_219892095
남양주(퍼9),2026-09-20,11:47,139000,golfpang,,,18홀,tr_220106884
스프링베일-퍼9,2026-09-20,08:23,110000,golfpang,,,18홀,tr_220117873
더플레이어스,2026-09-20,08:05,180000,golfpang,,,18홀,tr_219990444
스프링베일-퍼9,2026-09-20,13:25,95000,golfpang,,,18홀,tr_220117874
스마트KU,2026-09-20,13:21,210000,golfpang,,,18홀,tr_219889870
세레니티-강촌,2026-09-20,13:17,180000,golfpang,,,18홀,tr_219892096
포천힐스,2026-09-20,13:13,200000,golfpang,,,18홀,tr_220223088
몽베르(대중제),2026-09-20,13:00,190000,golfpang,,,18홀,tr_219932863
푸른솔포천,2026-09-20,12:52,230000,golfpang,,,18홀,tr_220009690
베스트밸리-퍼9,2026-09-20,18:02,120000,golfpang,,,18홀,tr_220212927
샤인데일,2026-09-20,17:57,70000,golfpang,,,18홀,tr_220213056
필로스,2026-09-20,17:47,120000,golfpang,,,18홀,tr_220013669
한림광릉,2026-09-20,17:45,140000,golfpang,,,18홀,tr_220255882
한림광릉,2026-09-20,17:24,140000,golfpang,,,18홀,tr_220255881
남춘천,2026-09-20,14:17,160000,golfpang,,,18홀,tr_220179166
스마트KU,2026-09-20,14:03,200000,golfpang,,,18홀,tr_219889871
포레스트힐,2026-09-20,18:59,110000,golfpang,,,18홀,tr_220215260
비콘힐스,2026-09-20,18:54,70000,golfpang,,,18홀,tr_219855684
포레스트힐,2026-09-20,18:52,110000,golfpang,,,18홀,tr_220215259
비콘힐스,2026-09-20,18:40,70000,golfpang,,,18홀,tr_219855683
필로스,2026-09-20,18:27,120000,golfpang,,,18홀,tr_220013671
비콘힐스,2026-09-20,18:26,70000,golfpang,,,18홀,tr_219855682
필로스,2026-09-20,18:07,120000,golfpang,,,18홀,tr_220013670
포레스트힐,2026-09-20,18:17,110000,golfpang,,,18홀,tr_218624399
샤인데일,2026-09-20,07:44,180000,golfpang,,,18홀,tr_220118218
스프링베일-퍼9,2026-09-20,07:41,110000,golfpang,,,18홀,tr_220118462
몽베르(대중제),2026-09-20,07:36,220000,golfpang,,,18홀,tr_219584320
남양주(퍼9),2026-09-20,07:34,149000,golfpang,,,18홀,tr_220107267
세레니티-강촌,2026-09-20,07:31,200000,golfpang,,,18홀,tr_218839997
베스트밸리-퍼9,2026-09-20,07:29,170000,golfpang,,,18홀,tr_219711158
더플레이어스,2026-09-20,07:16,180000,golfpang,,,18홀,tr_219990937
라싸,2026-09-20,06:55,179000,golfpang,,,18홀,tr_219834100
한림광릉,2026-09-20,06:14,190000,golfpang,,,18홀,tr_220125808
포레스트힐,2026-09-20,12:41,200000,golfpang,,,18홀,tr_218624397
남양주(퍼9),2026-09-20,12:40,139000,golfpang,,,18홀,tr_220107269
포천힐스,2026-09-20,12:31,200000,golfpang,,,18홀,tr_220127977
베스트밸리-퍼9,2026-09-20,12:28,150000,golfpang,,,18홀,tr_219711159
파주타이거,2026-09-20,12:26,180000,golfpang,,,18홀,tr_219327431
포천힐스,2026-09-20,12:24,200000,golfpang,,,18홀,tr_220127976
오너스,2026-09-20,12:12,170000,golfpang,,,18홀,tr_219834184
세레니티-강촌,2026-09-20,12:07,180000,golfpang,,,18홀,tr_218839998
스마트KU,2026-09-20,12:04,210000,golfpang,,,18홀,tr_219369554
푸른솔포천,2026-09-20,11:49,250000,golfpang,,,18홀,tr_218720237
남양주(퍼9),2026-09-20,11:47,139000,golfpang,,,18홀,tr_220107268
포레스트힐(P6),2026-09-20,11:24,80000,golfpang,,,18홀,tr_219338309
포레스트힐(P6),2026-09-20,09:25,80000,golfpang,,,18홀,tr_219338308
라싸,2026-09-20,08:33,209000,golfpang,,,18홀,tr_219834101
오너스,2026-09-20,08:28,160000,golfpang,,,18홀,tr_219834183
더플레이어스,2026-09-20,08:05,180000,golfpang,,,18홀,tr_219990936
파주타이거,2026-09-20,13:36,170000,golfpang,,,18홀,tr_219327432
엘레강스(가명),2026-09-20,13:36,230000,golfpang,,,18홀,tr_220222260
강촌(비공개),2026-09-20,13:36,210000,golfpang,,,18홀,tr_220222228
스프링베일-퍼9,2026-09-20,13:32,95000,golfpang,,,18홀,tr_220118464
스프링베일-퍼9,2026-09-20,13:25,95000,golfpang,,,18홀,tr_220118463
엘레강스(가명),2026-09-20,13:15,220000,golfpang,,,18홀,tr_220222259
강촌(비공개),2026-09-20,13:15,210000,golfpang,,,18홀,tr_220222227
몽베르(대중제),2026-09-20,13:07,190000,golfpang,,,18홀,tr_219584322
베스트밸리-퍼9,2026-09-20,13:03,150000,golfpang,,,18홀,tr_219711160
몽베르(대중제),2026-09-20,13:00,190000,golfpang,,,18홀,tr_219584321
스마트KU,2026-09-20,12:46,210000,golfpang,,,18홀,tr_219369555
라싸,2026-09-20,12:46,209000,golfpang,,,18홀,tr_219834102
샤인데일,2026-09-20,17:57,70000,golfpang,,,18홀,tr_220118219
필로스,2026-09-20,17:54,120000,golfpang,,,18홀,tr_219688476
필로스,2026-09-20,17:47,120000,golfpang,,,18홀,tr_219688477
필로스,2026-09-20,17:47,120000,golfpang,,,18홀,tr_219688475
한림광릉,2026-09-20,17:31,140000,golfpang,,,18홀,tr_220125810
세레니티-강촌,2026-09-20,17:25,140000,golfpang,,,18홀,tr_218839999
한림광릉,2026-09-20,17:24,140000,golfpang,,,18홀,tr_220125809
파주타이거,2026-09-20,17:05,170000,golfpang,,,18홀,tr_219327433
남춘천,2026-09-20,14:24,160000,golfpang,,,18홀,tr_220127141
남춘천,2026-09-20,14:17,160000,golfpang,,,18홀,tr_220127140
푸른솔포천,2026-09-20,14:02,210000,golfpang,,,18홀,tr_218720238
포레스트힐,2026-09-20,13:58,190000,golfpang,,,18홀,tr_218624398
비콘힐스,2026-09-20,18:40,70000,golfpang,,,18홀,tr_219870563
비콘힐스,2026-09-20,18:33,70000,golfpang,,,18홀,tr_219870561
비콘힐스,2026-09-20,18:26,70000,golfpang,,,18홀,tr_219870562
포천힐스,2026-09-20,07:52,240000,golfpang,,,18홀,tr_220127975
샤인데일,2026-09-20,18:04,70000,golfpang,,,18홀,tr_220118220
자유로,2026-09-20,13:37,200000,golfpang,,,18홀,tr_220002273
라싸,2026-09-20,08:05,209000,golfpang,,,18홀,tr_220239002
라싸,2026-09-20,08:33,209000,golfpang,,,18홀,tr_220239003
라싸,2026-09-20,17:32,129000,golfpang,,,18홀,tr_220239004
비콘힐스,2026-09-20,18:33,70000,golfpang,,,18홀,tr_220222541
더플레이어스,2026-09-20,08:05,180000,golfpang,,,18홀,tr_219998675
더플레이어스,2026-09-20,07:16,180000,golfpang,,,18홀,tr_219998676
라데나,2026-09-20,07:55,240000,golfpang,,,18홀,tr_219993111
라데나,2026-09-20,11:04,240000,golfpang,,,18홀,tr_219993114
한림광릉,2026-09-20,18:06,140000,golfpang,,,18홀,tr_220036748
세레니티-강촌,2026-09-20,07:31,200000,golfpang,,,18홀,tr_219780415
파주,2026-09-20,07:27,290000,golfpang,,,18홀,tr_219998528
남양주(퍼9),2026-09-20,07:20,149000,golfpang,,,18홀,tr_220107484
클럽모우,2026-09-20,07:19,180000,golfpang,,,18홀,tr_220118253
샤인데일,2026-09-20,07:16,180000,golfpang,,,18홀,tr_220103774
베스트밸리-퍼9,2026-09-20,07:08,180000,golfpang,,,18홀,tr_219998421
더플레이어스,2026-09-20,07:02,180000,golfpang,,,18홀,tr_220129775
스프링베일-퍼9,2026-09-20,06:52,105000,golfpang,,,18홀,tr_219602120
한림광릉,2026-09-20,06:17,190000,golfpang,,,18홀,tr_220036746
푸른솔포천,2026-09-20,06:00,220000,golfpang,,,18홀,tr_219998582
파주,2026-09-20,12:13,210000,golfpang,,,18홀,tr_219998529
스프링베일-퍼9,2026-09-20,12:01,100000,golfpang,,,18홀,tr_219602121
베스트밸리-퍼9,2026-09-20,12:00,160000,golfpang,,,18홀,tr_219998422
엘레강스(가명),2026-09-20,11:58,220000,golfpang,,,18홀,tr_219746448
남양주(퍼9),2026-09-20,11:47,139000,golfpang,,,18홀,tr_220107505
오너스,2026-09-20,08:35,165000,golfpang,,,18홀,tr_220114912
오너스,2026-09-20,08:07,165000,golfpang,,,18홀,tr_220114911
더플레이어스,2026-09-20,08:05,180000,golfpang,,,18홀,tr_220129776
라싸,2026-09-20,08:05,209000,golfpang,,,18홀,tr_219998399
푸른솔포천,2026-09-20,13:41,210000,golfpang,,,18홀,tr_219998583
클럽모우,2026-09-20,13:27,165000,golfpang,,,18홀,tr_220118254
세레니티-강촌,2026-09-20,13:17,180000,golfpang,,,18홀,tr_219780416
엘레강스(가명),2026-09-20,13:15,220000,golfpang,,,18홀,tr_219746449
베스트밸리-퍼9,2026-09-20,18:02,120000,golfpang,,,18홀,tr_219998423
남양주(퍼9),2026-09-20,18:00,109000,golfpang,,,18홀,tr_220107506
라싸,2026-09-20,18:00,119000,golfpang,,,18홀,tr_219998401
세레니티-강촌,2026-09-20,18:00,120000,golfpang,,,18홀,tr_219780417
샤인데일,2026-09-20,17:57,70000,golfpang,,,18홀,tr_220103776
스프링베일-퍼9,2026-09-20,17:43,85000,golfpang,,,18홀,tr_219602122
라싸,2026-09-20,17:32,129000,golfpang,,,18홀,tr_219998400
한림광릉,2026-09-20,17:31,140000,golfpang,,,18홀,tr_220036747
파주타이거,2026-09-20,17:17,170000,golfpang,,,18홀,tr_219998444
남춘천,2026-09-20,14:24,160000,golfpang,,,18홀,tr_220102615
남춘천,2026-09-20,14:17,160000,golfpang,,,18홀,tr_220102614
파주타이거,2026-09-20,13:50,170000,golfpang,,,18홀,tr_219998443
비콘힐스,2026-09-20,18:54,70000,golfpang,,,18홀,tr_219998727
비콘힐스,2026-09-20,18:40,70000,golfpang,,,18홀,tr_219998726
비콘힐스,2026-09-20,18:26,90000,golfpang,,,18홀,tr_219998725
파주,2026-09-20,18:23,140000,golfpang,,,18홀,tr_219998530
샤인데일,2026-09-20,07:44,180000,golfpang,,,18홀,tr_220103775
파주타이거,2026-09-20,18:05,160000,golfpang,,,18홀,tr_219998445
남춘천,2026-09-20,14:10,170000,golfpang,,,18홀,tr_220174863
가평베네스트,2026-09-20,13:42,239000,golfpang,,,18홀,tr_220190505
가평베네스트,2026-09-20,12:53,250000,golfpang,,,18홀,tr_220190504
스프링베일-퍼9,2026-09-20,06:38,100000,golfpang,,,18홀,tr_220182173
스프링베일-퍼9,2026-09-20,08:16,110000,golfpang,,,18홀,tr_220182174
남양주(퍼9),2026-09-20,07:03,149000,golfpang,,,18홀,tr_220182120
남양주(퍼9),2026-09-20,13:00,139000,golfpang,,,18홀,tr_220182122
남양주(퍼9),2026-09-20,11:47,139000,golfpang,,,18홀,tr_220182121
푸른솔포천,2026-09-20,13:41,210000,golfpang,,,18홀,tr_220130942
푸른솔포천,2026-09-20,12:52,220000,golfpang,,,18홀,tr_220130941
파주,2026-09-20,10:49,230000,golfpang,,,18홀,tr_220138559
파주,2026-09-20,05:56,230000,golfpang,,,18홀,tr_220138557
파주,2026-09-20,06:17,240000,golfpang,,,18홀,tr_220138558
비콘힐스,2026-09-20,18:26,70000,golfpang,,,18홀,tr_220014749
비콘힐스,2026-09-20,18:54,70000,golfpang,,,18홀,tr_220014751
비콘힐스,2026-09-20,18:33,70000,golfpang,,,18홀,tr_220014750
샤인데일,2026-09-20,17:57,70000,golfpang,,,18홀,tr_220115553
샤인데일,2026-09-20,18:11,70000,golfpang,,,18홀,tr_220115554
샤인데일,2026-09-20,07:16,180000,golfpang,,,18홀,tr_220115552
한림광릉,2026-09-20,06:17,230000,golfpang,,,18홀,tr_220149773
한림광릉,2026-09-20,17:24,140000,golfpang,,,18홀,tr_220149774
한림광릉,2026-09-20,17:45,140000,golfpang,,,18홀,tr_220149775
푸른솔포천,2026-09-20,06:00,240000,golfpang,,,18홀,tr_218930915
베스트밸리-퍼9,2026-09-20,06:19,150000,golfpang,,,18홀,tr_219571688
스프링베일-퍼9,2026-09-20,06:52,100000,golfpang,,,18홀,tr_220142363
스프링베일-퍼9,2026-09-20,17:15,80000,golfpang,,,18홀,tr_220142365
스프링베일-퍼9,2026-09-20,13:25,95000,golfpang,,,18홀,tr_220142364
남춘천,2026-09-20,14:24,160000,golfpang,,,18홀,tr_220130928
남춘천,2026-09-20,14:17,160000,golfpang,,,18홀,tr_220130927
베스트밸리-퍼9,2026-09-20,12:28,150000,golfpang,,,18홀,tr_220130909
베스트밸리-퍼9,2026-09-20,13:03,150000,golfpang,,,18홀,tr_220130910
베스트밸리-퍼9,2026-09-20,07:01,180000,golfpang,,,18홀,tr_220130908
스프링베일-퍼9,2026-09-20,06:38,100000,golfpang,,,18홀,tr_220129340
스프링베일-퍼9,2026-09-20,07:41,110000,golfpang,,,18홀,tr_220129342
스프링베일-퍼9,2026-09-20,07:34,110000,golfpang,,,18홀,tr_220129341
남양주(퍼9),2026-09-20,12:54,139000,golfpang,,,18홀,tr_220128878
남양주(퍼9),2026-09-20,13:07,139000,golfpang,,,18홀,tr_220128879
남양주(퍼9),2026-09-20,12:34,139000,golfpang,,,18홀,tr_220128877
오너스,2026-09-20,08:28,165000,golfpang,,,18홀,tr_220128360
오너스,2026-09-20,07:32,155000,golfpang,,,18홀,tr_220128359
파주타이거,2026-09-20,17:23,170000,golfpang,,,18홀,tr_220071013
파주타이거,2026-09-20,07:03,190000,golfpang,,,18홀,tr_220071011
파주타이거,2026-09-20,13:50,170000,golfpang,,,18홀,tr_220071012
남춘천,2026-09-20,14:24,160000,golfpang,,,18홀,tr_220095179
남춘천,2026-09-20,14:17,160000,golfpang,,,18홀,tr_220095178
필로스,2026-09-20,18:00,120000,golfpang,,,18홀,tr_220070583
필로스,2026-09-20,17:47,120000,golfpang,,,18홀,tr_220070582
필로스,2026-09-20,18:07,120000,golfpang,,,18홀,tr_220070584
남양주(퍼9),2026-09-20,12:40,139000,golfpang,,,18홀,tr_220038616
남양주(퍼9),2026-09-20,11:47,139000,golfpang,,,18홀,tr_220038615
남양주(퍼9),2026-09-20,08:14,159000,golfpang,,,18홀,tr_220038614
한림광릉,2026-09-20,08:16,210000,golfpang,,,18홀,tr_219546382
라싸,2026-09-20,08:05,209000,golfpang,,,18홀,tr_220015583
라싸,2026-09-20,18:00,119000,golfpang,,,18홀,tr_220015584
라싸,2026-09-20,18:21,119000,golfpang,,,18홀,tr_220015585
더플레이어스,2026-09-20,06:41,180000,golfpang,,,18홀,tr_219991288
더플레이어스,2026-09-20,07:16,180000,golfpang,,,18홀,tr_219991289
클럽모우,2026-09-20,07:19,180000,golfpang,,,18홀,tr_219936715
클럽모우,2026-09-20,13:27,165000,golfpang,,,18홀,tr_219936716
한림광릉,2026-09-20,12:27,190000,golfpang,,,18홀,tr_219900604
스마트KU,2026-09-20,14:03,200000,golfpang,,,18홀,tr_219891290
스마트KU,2026-09-20,13:21,210000,golfpang,,,18홀,tr_219891289
필로스,2026-09-20,17:47,120000,golfpang,,,18홀,tr_219820439
필로스,2026-09-20,17:47,120000,golfpang,,,18홀,tr_219820440
필로스,2026-09-20,17:40,120000,golfpang,,,18홀,tr_219820441
엘레강스(가명),2026-09-20,13:15,210000,golfpang,,,18홀,tr_219817034
엘레강스(가명),2026-09-20,13:15,210000,golfpang,,,18홀,tr_219817033
포천힐스,2026-09-20,07:52,240000,golfpang,,,18홀,tr_219807487
포천힐스,2026-09-20,06:42,220000,golfpang,,,18홀,tr_219807486
포천힐스,2026-09-20,12:38,200000,golfpang,,,18홀,tr_219807488
필로스,2026-09-20,17:27,120000,golfpang,,,18홀,tr_219681514
필로스,2026-09-20,17:54,120000,golfpang,,,18홀,tr_219691560
필로스,2026-09-20,18:27,120000,golfpang,,,18홀,tr_219691561
베스트밸리-퍼9,2026-09-20,16:52,120000,golfpang,,,18홀,tr_219571689
한림광릉,2026-09-20,17:10,150000,golfpang,,,18홀,tr_219546381
스마트KU,2026-09-20,12:04,210000,golfpang,,,18홀,tr_219368336
스마트KU,2026-09-20,14:03,200000,golfpang,,,18홀,tr_219368337
스프링베일-퍼9,2026-09-20,17:15,85000,golfpang,,,18홀,tr_219588345
세레니티-강촌,2026-09-20,17:25,140000,golfpang,,,18홀,tr_218911597
세레니티-강촌,2026-09-20,07:45,200000,golfpang,,,18홀,tr_218911595
스프링베일-퍼9,2026-09-20,06:52,105000,golfpang,,,18홀,tr_219588343
스프링베일-퍼9,2026-09-20,11:40,100000,golfpang,,,18홀,tr_219588344
세레니티-강촌,2026-09-20,11:53,180000,golfpang,,,18홀,tr_218911596
자유로,2026-09-20,13:37,200000,golfpang,,,18홀,tr_219546534
파주타이거,2026-09-20,13:36,170000,golfpang,,,18홀,tr_219526313
자유로,2026-09-20,13:30,200000,golfpang,,,18홀,tr_219546533
파주타이거,2026-09-20,12:26,180000,golfpang,,,18홀,tr_219526306
파주타이거,2026-09-20,13:43,170000,golfpang,,,18홀,tr_219568248
파주타이거,2026-09-20,12:26,180000,golfpang,,,18홀,tr_219568249
파주타이거,2026-09-20,17:05,170000,golfpang,,,18홀,tr_219568250
푸른솔포천,2026-09-20,14:02,210000,golfpang,,,18홀,tr_218930916
힐데스하임,2026-09-20,18:11,80000,golfpang,,,18홀,tr_220205214
스타,2026-09-20,13:58,140000,golfpang,,,18홀,tr_220274519
대영힐스,2026-09-20,12:31,130000,golfpang,,,18홀,tr_220152888
스타,2026-09-20,13:44,140000,golfpang,,,18홀,tr_220459058
대영힐스,2026-09-20,18:48,50000,golfpang,,,18홀,tr_220522714
대영힐스,2026-09-20,17:31,69000,golfpang,,,18홀,tr_220398419
킹스데일,2026-09-20,14:20,160000,golfpang,,,18홀,tr_220398224
이븐데일,2026-09-20,12:27,85000,golfpang,,,18홀,tr_220547655
감곡,2026-09-20,13:56,150000,golfpang,,,18홀,tr_220339261
골프존 화랑,2026-09-20,13:41,129000,golfpang,,,18홀,tr_220467794
로얄링스,2026-09-20,13:16,100000,golfpang,,,18홀,tr_220346768
스타,2026-09-20,17:42,90000,golfpang,,,18홀,tr_219985811
감곡,2026-09-20,18:13,100000,golfpang,,,18홀,tr_220130986
이븐데일,2026-09-20,12:20,85000,golfpang,,,18홀,tr_220548508
보령베이스-퍼9,2026-09-20,17:34,45000,golfpang,,,18홀,tr_220217167
플라밍고,2026-09-20,13:46,137000,golfpang,,,18홀,tr_220564058
일라이트,2026-09-20,06:35,130000,golfpang,,,18홀,tr_220469853
프린세스,2026-09-20,18:30,80000,golfpang,,,18홀,tr_219444731
로얄링스,2026-09-20,18:30,80000,golfpang,,,18홀,tr_220564020
떼제베(동북),2026-09-20,18:51,80000,golfpang,,,18홀,tr_220518585
로얄링스,2026-09-20,12:34,100000,golfpang,,,18홀,tr_220564019
골프존 진천,2026-09-20,07:38,169000,golfpang,,,18홀,tr_220469567
떼제베(동북),2026-09-20,17:20,90000,golfpang,,,18홀,tr_220516139
킹즈락,2026-09-20,07:55,135000,golfpang,,,18홀,tr_220522355
프린세스,2026-09-20,18:23,85000,golfpang,,,18홀,tr_220377632
그랜드(청주),2026-09-20,18:21,100000,golfpang,,,18홀,tr_220377552
블랙스톤벨포레,2026-09-20,17:02,50000,golfpang,,,18홀,tr_220377141
감곡,2026-09-20,17:59,100000,golfpang,,,18홀,tr_220389582
아리스타,2026-09-20,13:39,100000,golfpang,,,18홀,tr_220548498
골프존 화랑,2026-09-20,07:23,149000,golfpang,,,18홀,tr_220389673
모나크,2026-09-20,18:23,90000,golfpang,,,18홀,tr_220291319
로얄링스,2026-09-20,11:45,100000,golfpang,,,18홀,tr_220209724
킹즈락,2026-09-20,11:54,135000,golfpang,,,18홀,tr_220522513
임페리얼레이크,2026-09-20,11:45,139000,golfpang,,,18홀,tr_220562220
힐데스하임,2026-09-20,06:52,145000,golfpang,,,18홀,tr_220221921
프린세스,2026-09-20,06:41,150000,golfpang,,,18홀,tr_220391926
아리스타,2026-09-20,07:00,100000,golfpang,,,18홀,tr_220560773
임페리얼레이크,2026-09-20,11:31,139000,golfpang,,,18홀,tr_220564013
힐데스하임,2026-09-20,18:11,80000,golfpang,,,18홀,tr_220205215
스타,2026-09-20,18:38,80000,golfpang,,,18홀,tr_220209596
떼제베(동북),2026-09-20,16:59,90000,golfpang,,,18홀,tr_219624096
속리산cc,2026-09-20,07:08,130000,golfpang,,,18홀,tr_219031139
스타,2026-09-20,06:58,170000,golfpang,,,18홀,tr_220209594
로얄포레,2026-09-20,16:30,99000,golfpang,,,18홀,tr_219996329
떼제베,2026-09-20,17:13,110000,golfpang,,,18홀,tr_219623782
임페리얼레이크,2026-09-20,17:26,89000,golfpang,,,18홀,tr_220222166
감곡,2026-09-20,17:45,100000,golfpang,,,18홀,tr_220494110
중원,2026-09-20,12:44,140000,golfpang,,,18홀,tr_220201940
백제,2026-09-20,13:12,130000,golfpang,,,18홀,tr_220209583
이븐데일,2026-09-20,13:09,100000,golfpang,,,18홀,tr_220209606
대영베이스,2026-09-20,07:34,140000,golfpang,,,18홀,tr_220209550
모카cc,2026-09-20,07:29,160000,golfpang,,,18홀,tr_220209564
임페리얼레이크,2026-09-20,07:28,139000,golfpang,,,18홀,tr_220222164
이븐데일,2026-09-20,07:28,129000,golfpang,,,18홀,tr_220209604
킹스데일,2026-09-20,07:44,180000,golfpang,,,18홀,tr_220209609
대영베이스,2026-09-20,08:07,149000,golfpang,,,18홀,tr_220209551
킹즈락,2026-09-20,08:02,140000,golfpang,,,18홀,tr_220209615
임페리얼레이크,2026-09-20,11:31,139000,golfpang,,,18홀,tr_220222165
로얄포레,2026-09-20,11:10,139000,golfpang,,,18홀,tr_219996328
대영베이스,2026-09-20,11:59,145000,golfpang,,,18홀,tr_220209552
킹즈락,2026-09-20,11:54,140000,golfpang,,,18홀,tr_220209616
이븐데일,2026-09-20,11:52,109000,golfpang,,,18홀,tr_220209605
스타,2026-09-20,12:20,170000,golfpang,,,18홀,tr_220209595
모카cc,2026-09-20,12:11,140000,golfpang,,,18홀,tr_220209565
킹스데일,2026-09-20,06:44,170000,golfpang,,,18홀,tr_220209608
중원,2026-09-20,07:11,140000,golfpang,,,18홀,tr_220201939
대영힐스,2026-09-20,18:06,59000,golfpang,,,18홀,tr_220204997
로얄포레,2026-09-20,16:40,89000,golfpang,,,18홀,tr_220535118
로얄포레,2026-09-20,17:54,79000,golfpang,,,18홀,tr_220522800
대영힐스,2026-09-20,18:30,59000,golfpang,,,18홀,tr_220216488
대영베이스,2026-09-20,17:30,75000,golfpang,,,18홀,tr_219780594
대영힐스,2026-09-20,12:10,129000,golfpang,,,18홀,tr_218426929
프린세스,2026-09-20,14:03,130000,golfpang,,,18홀,tr_220401417
골프존 천안,2026-09-20,07:15,161000,golfpang,,,18홀,tr_219994649
아리스타,2026-09-20,07:07,115000,golfpang,,,18홀,tr_220548149
골프존 진천,2026-09-20,07:03,159000,golfpang,,,18홀,tr_220522448
대영베이스,2026-09-20,18:08,79000,golfpang,,,18홀,tr_220522525
임페리얼레이크,2026-09-20,18:07,79000,golfpang,,,18홀,tr_220557681
감곡,2026-09-20,18:06,100000,golfpang,,,18홀,tr_220522198
힐데스하임,2026-09-20,18:26,75000,golfpang,,,18홀,tr_220559535
그랜드(청주),2026-09-20,18:21,100000,golfpang,,,18홀,tr_220522522
떼제베,2026-09-20,18:30,100000,golfpang,,,18홀,tr_220547977
킹즈락,2026-09-20,18:27,70000,golfpang,,,18홀,tr_220559451
골프존 화랑,2026-09-20,18:49,65000,golfpang,,,18홀,tr_220522520
파인스톤,2026-09-20,18:46,120000,golfpang,,,18홀,tr_220559500
대영힐스,2026-09-20,18:41,55000,golfpang,,,18홀,tr_220522527
솔라고,2026-09-20,18:41,70000,golfpang,,,18홀,tr_220548145
백제,2026-09-20,14:22,120000,golfpang,,,18홀,tr_220548121
블랙스톤벨포레,2026-09-20,17:02,50000,golfpang,,,18홀,tr_220548124
로얄포레,2026-09-20,16:51,89000,golfpang,,,18홀,tr_220548081
올데이,2026-09-20,17:05,59000,golfpang,,,18홀,tr_220548205
떼제베(동북),2026-09-20,17:48,90000,golfpang,,,18홀,tr_220548003
프린세스,2026-09-20,17:44,80000,golfpang,,,18홀,tr_220559530
로얄포레,2026-09-20,13:30,109000,golfpang,,,18홀,tr_220548076
아리스타,2026-09-20,13:39,115000,golfpang,,,18홀,tr_220548169
프린세스,2026-09-20,14:03,140000,golfpang,,,18홀,tr_220559504
속리산cc,2026-09-20,14:00,110000,golfpang,,,18홀,tr_220548141
중원,2026-09-20,08:35,130000,golfpang,,,18홀,tr_220563210
킹스데일,2026-09-20,06:37,170000,golfpang,,,18홀,tr_220559435
세레니티cc,2026-09-20,17:59,110000,golfpang,,,18홀,tr_220548139
플라밍고,2026-09-20,13:32,140000,golfpang,,,18홀,tr_220563146
로얄링스,2026-09-20,12:48,100000,golfpang,,,18홀,tr_220563056
골프존 진천,2026-09-20,11:57,149000,golfpang,,,18홀,tr_218559391
골프존 천안,2026-09-20,12:58,153000,golfpang,,,18홀,tr_220513148
골프존 화랑,2026-09-20,18:14,65000,golfpang,,,18홀,tr_220523284
골프존 화랑,2026-09-20,07:51,139000,golfpang,,,18홀,tr_220504050
킹즈락,2026-09-20,08:02,140000,golfpang,,,18홀,tr_220394655
킹스데일,2026-09-20,08:40,195000,golfpang,,,18홀,tr_220434479
중원,2026-09-20,07:46,130000,golfpang,,,18홀,tr_220563666
스톤비치,2026-09-20,07:17,100000,golfpang,,,18홀,tr_220563883
스톤비치,2026-09-20,12:27,110000,golfpang,,,18홀,tr_220483524
대영힐스,2026-09-20,12:31,130000,golfpang,,,18홀,tr_220152889
이븐데일,2026-09-20,13:51,100000,golfpang,,,18홀,tr_220540402
클럽D 보은,2026-09-20,13:44,140000,golfpang,,,18홀,tr_220539330
세레니티cc,2026-09-20,18:13,110000,golfpang,,,18홀,tr_220538240
스타,2026-09-20,13:44,140000,golfpang,,,18홀,tr_219551052
스톤비치,2026-09-20,13:44,150000,golfpang,,,18홀,tr_220542686
대호단양,2026-09-20,11:38,159000,golfpang,,,18홀,tr_220545925
에스앤-퍼9,2026-09-20,11:49,100000,golfpang,,,18홀,tr_220544504
킹즈락,2026-09-20,11:47,140000,golfpang,,,18홀,tr_220536263
대영힐스,2026-09-20,12:31,130000,golfpang,,,18홀,tr_220002271
스타,2026-09-20,13:44,140000,golfpang,,,18홀,tr_220462060
중원,2026-09-20,07:46,130000,golfpang,,,18홀,tr_220032471
중원,2026-09-20,07:46,130000,golfpang,,,18홀,tr_220032579
골든베이,2026-09-20,12:40,130000,golfpang,,,18홀,tr_219564038
스톤비치,2026-09-20,12:40,110000,golfpang,,,18홀,tr_219595488
스톤비치,2026-09-20,13:00,110000,golfpang,,,18홀,tr_216223819
스톤비치,2026-09-20,08:40,110000,golfpang,,,18홀,tr_216223818
스톤비치,2026-09-20,12:27,110000,golfpang,,,18홀,tr_220483420
올데이,2026-09-20,17:13,59000,golfpang,,,18홀,tr_220563945
중원,2026-09-20,14:08,130000,golfpang,,,18홀,tr_220469264
골프존 천안,2026-09-20,14:08,154000,golfpang,,,18홀,tr_220469334
블랙스톤벨포레,2026-09-20,16:55,60000,golfpang,,,18홀,tr_220469559
로얄링스,2026-09-20,12:48,100000,golfpang,,,18홀,tr_220468463
스톤비치,2026-09-20,06:42,110000,golfpang,,,18홀,tr_220467674
플라밍고,2026-09-20,17:07,90000,golfpang,,,18홀,tr_220469623
골프존 화랑,2026-09-20,12:52,139000,golfpang,,,18홀,tr_220468469
플라밍고,2026-09-20,13:25,140000,golfpang,,,18홀,tr_220468736
시그너스,2026-09-20,13:56,160000,golfpang,,,18홀,tr_220469022
스톤비치,2026-09-20,07:52,130000,golfpang,,,18홀,tr_220467927
로얄링스,2026-09-20,08:27,100000,golfpang,,,18홀,tr_220467969
중원,2026-09-20,08:35,140000,golfpang,,,18홀,tr_220468029
임페리얼레이크,2026-09-20,18:14,79000,golfpang,,,18홀,tr_220563941
일레븐,2026-09-20,17:52,55000,golfpang,,,18홀,tr_220563939
일레븐,2026-09-20,17:23,60000,golfpang,,,18홀,tr_220476665
올데이,2026-09-20,12:00,99000,golfpang,,,18홀,tr_220563937
감곡,2026-09-20,18:19,100000,golfpang,,,18홀,tr_220563936
골프존 천안,2026-09-20,07:22,162000,golfpang,,,18홀,tr_219990895
골프존 진천,2026-09-20,07:45,169000,golfpang,,,18홀,tr_220193456
블랙스톤벨포레,2026-09-20,18:30,40000,golfpang,,,18홀,tr_220563933
이븐데일,2026-09-20,13:23,85000,golfpang,,,18홀,tr_220563932
올데이,2026-09-20,07:07,89000,golfpang,,,18홀,tr_220560797
킹스데일,2026-09-20,06:58,170000,golfpang,,,18홀,tr_220468895
프린세스,2026-09-20,14:03,140000,golfpang,,,18홀,tr_220560341
킹즈락,2026-09-20,17:38,80000,golfpang,,,18홀,tr_220560270
블랙스톤벨포레,2026-09-20,17:02,50000,golfpang,,,18홀,tr_220467910
힐데스하임,2026-09-20,19:26,65000,golfpang,,,18홀,tr_220560391
파인스톤,2026-09-20,18:46,120000,golfpang,,,18홀,tr_220560298
킹즈락,2026-09-20,18:27,70000,golfpang,,,18홀,tr_220560276
떼제베,2026-09-20,18:30,100000,golfpang,,,18홀,tr_220516098
떼제베(동북),2026-09-20,18:30,80000,golfpang,,,18홀,tr_220518669
프린세스,2026-09-20,18:30,85000,golfpang,,,18홀,tr_220560346
파인스톤,2026-09-20,18:25,130000,golfpang,,,18홀,tr_220560283
힐데스하임,2026-09-20,18:26,75000,golfpang,,,18홀,tr_220560385
블랙스톤벨포레,2026-09-20,18:12,40000,golfpang,,,18홀,tr_220467929
임페리얼레이크,2026-09-20,11:46,139000,golfpang,,,18홀,tr_220563931
스타,2026-09-20,18:45,80000,golfpang,,,18홀,tr_220535237
프린세스,2026-09-20,18:44,80000,golfpang,,,18홀,tr_220560357
대영힐스,2026-09-20,18:41,55000,golfpang,,,18홀,tr_220515925
임페리얼레이크,2026-09-20,11:31,139000,golfpang,,,18홀,tr_220539233
속리산cc,2026-09-20,14:14,110000,golfpang,,,18홀,tr_220535120
클럽D 보은,2026-09-20,11:52,150000,golfpang,,,18홀,tr_220513161
로얄포레,2026-09-20,16:58,89000,golfpang,,,18홀,tr_220522782
올데이,2026-09-20,16:51,69000,golfpang,,,18홀,tr_220539203
임페리얼레이크,2026-09-20,17:26,89000,golfpang,,,18홀,tr_220539239
대영힐스,2026-09-20,17:38,85000,golfpang,,,18홀,tr_220515850
대영베이스,2026-09-20,18:15,79000,golfpang,,,18홀,tr_220515756
일레븐,2026-09-20,17:44,65000,golfpang,,,18홀,tr_220539229
아리스타,2026-09-20,18:47,65000,golfpang,,,18홀,tr_219154518
솔라고,2026-09-20,18:48,70000,golfpang,,,18홀,tr_220535146
솔라고,2026-09-20,13:35,140000,golfpang,,,18홀,tr_220535145
로얄링스,2026-09-20,13:02,100000,golfpang,,,18홀,tr_220522770
백제,2026-09-20,13:19,130000,golfpang,,,18홀,tr_220535108
클럽D 보은,2026-09-20,12:55,140000,golfpang,,,18홀,tr_220513240
로얄링스,2026-09-20,12:06,100000,golfpang,,,18홀,tr_220522767
세레니티cc,2026-09-20,17:59,110000,golfpang,,,18홀,tr_220535114
올데이,2026-09-20,17:40,59000,golfpang,,,18홀,tr_220539220
감곡,2026-09-20,18:13,100000,golfpang,,,18홀,tr_220513261
임페리얼레이크,2026-09-20,18:15,79000,golfpang,,,18홀,tr_220543170
아리스타,2026-09-20,17:51,75000,golfpang,,,18홀,tr_220539096
대영베이스,2026-09-20,18:08,89000,golfpang,,,18홀,tr_220515738
모카cc,2026-09-20,07:36,150000,golfpang,,,18홀,tr_220394648
스톤비치,2026-09-20,17:30,70000,golfpang,,,18홀,tr_219642638
일레븐,2026-09-20,17:37,55000,golfpang,,,18홀,tr_219781314
로얄링스,2026-09-20,18:30,80000,golfpang,,,18홀,tr_219526244
플라밍고,2026-09-20,18:10,77000,golfpang,,,18홀,tr_219991484
로얄링스,2026-09-20,12:27,100000,golfpang,,,18홀,tr_219526160
플라밍고,2026-09-20,13:45,137000,golfpang,,,18홀,tr_218985015
스톤비치,2026-09-20,13:09,110000,golfpang,,,18홀,tr_218600572
일레븐,2026-09-20,17:30,55000,golfpang,,,18홀,tr_219765563
블랙스톤벨포레,2026-09-20,17:10,50000,golfpang,,,18홀,tr_220560079
블랙스톤벨포레,2026-09-20,18:00,40000,golfpang,,,18홀,tr_220563911
로얄링스,2026-09-20,07:52,100000,golfpang,,,18홀,tr_220504892
센테리움,2026-09-20,12:50,149000,golfpang,,,18홀,tr_220326138
로얄링스,2026-09-20,12:34,100000,golfpang,,,18홀,tr_220504906
일레븐,2026-09-20,17:23,70000,golfpang,,,18홀,tr_220210300
감곡,2026-09-20,18:13,100000,golfpang,,,18홀,tr_220561486
그랜드(청주),2026-09-20,18:21,100000,golfpang,,,18홀,tr_220561815
골프존 화랑,2026-09-20,18:56,65000,golfpang,,,18홀,tr_220561732
백제,2026-09-20,14:22,120000,golfpang,,,18홀,tr_220562598
속리산cc,2026-09-20,14:07,110000,golfpang,,,18홀,tr_220562700
블랙스톤벨포레,2026-09-20,17:02,50000,golfpang,,,18홀,tr_220562614
로얄포레,2026-09-20,16:51,89000,golfpang,,,18홀,tr_220562389
올데이,2026-09-20,17:05,59000,golfpang,,,18홀,tr_220562802
떼제베,2026-09-20,17:27,110000,golfpang,,,18홀,tr_220562091
떼제베(동북),2026-09-20,17:27,90000,golfpang,,,18홀,tr_220562143
킹즈락,2026-09-20,17:38,80000,golfpang,,,18홀,tr_220563011
대영힐스,2026-09-20,17:38,85000,golfpang,,,18홀,tr_220561996
로얄포레,2026-09-20,12:55,109000,golfpang,,,18홀,tr_220562355
백제,2026-09-20,13:19,130000,golfpang,,,18홀,tr_220562588
아리스타,2026-09-20,13:39,100000,golfpang,,,18홀,tr_220562743
프린세스,2026-09-20,14:03,140000,golfpang,,,18홀,tr_220563022
대영베이스,2026-09-20,18:15,79000,golfpang,,,18홀,tr_220561915
임페리얼레이크,2026-09-20,18:15,79000,golfpang,,,18홀,tr_220562978
일레븐,2026-09-20,17:51,65000,golfpang,,,18홀,tr_220562860
골프존 진천,2026-09-20,07:03,159000,golfpang,,,18홀,tr_220561539
골프존 진천,2026-09-20,08:27,179000,golfpang,,,18홀,tr_220561661
중원,2026-09-20,08:35,130000,golfpang,,,18홀,tr_220563227
임페리얼레이크,2026-09-20,11:31,139000,golfpang,,,18홀,tr_220562960
로얄링스,2026-09-20,11:31,100000,golfpang,,,18홀,tr_220562343
떼제베(동북),2026-09-20,11:50,120000,golfpang,,,18홀,tr_220562123
킹스데일,2026-09-20,06:37,170000,golfpang,,,18홀,tr_220563008
세레니티cc,2026-09-20,17:59,110000,golfpang,,,18홀,tr_220562648
올데이,2026-09-20,07:00,89000,golfpang,,,18홀,tr_220562757
모카cc,2026-09-20,12:18,140000,golfpang,,,18홀,tr_220394700
중원,2026-09-20,08:35,140000,golfpang,,,18홀,tr_220502440
일레븐,2026-09-20,18:05,55000,golfpang,,,18홀,tr_220562981
일레븐,2026-09-20,18:54,55000,golfpang,,,18홀,tr_220562982
일레븐,2026-09-20,17:51,55000,golfpang,,,18홀,tr_220562980
이븐데일,2026-09-20,12:20,85000,golfpang,,,18홀,tr_220559913
이븐데일,2026-09-20,07:21,99000,golfpang,,,18홀,tr_220559912
이븐데일,2026-09-20,17:32,55000,golfpang,,,18홀,tr_220559914
일레븐,2026-09-20,17:30,55000,golfpang,,,18홀,tr_220283165
로얄포레,2026-09-20,17:12,79000,golfpang,,,18홀,tr_220395160
로얄포레,2026-09-20,07:49,119000,golfpang,,,18홀,tr_220395158
로얄포레,2026-09-20,11:52,119000,golfpang,,,18홀,tr_220395159
블랙스톤벨포레,2026-09-20,17:23,50000,golfpang,,,18홀,tr_220391933
로얄링스,2026-09-20,13:02,100000,golfpang,,,18홀,tr_219772513
백제,2026-09-20,14:15,120000,golfpang,,,18홀,tr_219822744
일레븐,2026-09-20,17:37,55000,golfpang,,,18홀,tr_220522480
로얄링스,2026-09-20,12:27,100000,golfpang,,,18홀,tr_220522354
블랙스톤벨포레,2026-09-20,18:05,40000,golfpang,,,18홀,tr_220522342
플라밍고,2026-09-20,18:10,77000,golfpang,,,18홀,tr_220522444
블랙스톤벨포레,2026-09-20,17:16,50000,golfpang,,,18홀,tr_220522323
로얄링스,2026-09-20,12:48,100000,golfpang,,,18홀,tr_220563887
스톤비치,2026-09-20,12:27,110000,golfpang,,,18홀,tr_220560184
중원,2026-09-20,07:46,130000,golfpang,,,18홀,tr_220560185
올데이,2026-09-20,07:07,89000,golfpang,,,18홀,tr_220503353
블랙스톤벨포레,2026-09-20,17:09,50000,golfpang,,,18홀,tr_220499580
일레븐,2026-09-20,17:37,55000,golfpang,,,18홀,tr_220502443
블랙스톤벨포레,2026-09-20,18:05,40000,golfpang,,,18홀,tr_220499614
플라밍고,2026-09-20,13:46,140000,golfpang,,,18홀,tr_220499803
솔라고,2026-09-20,13:35,140000,golfpang,,,18홀,tr_220499779
플라밍고,2026-09-20,19:06,67000,golfpang,,,18홀,tr_220502365
로얄링스,2026-09-20,12:27,100000,golfpang,,,18홀,tr_220499671
로얄링스,2026-09-20,11:59,100000,golfpang,,,18홀,tr_220394662
로얄링스,2026-09-20,17:40,65000,golfpang,,,18홀,tr_220563886
로얄링스,2026-09-20,13:02,100000,golfpang,,,18홀,tr_219991591
로얄링스,2026-09-20,12:20,100000,golfpang,,,18홀,tr_219495318
스톤비치,2026-09-20,12:00,110000,golfpang,,,18홀,tr_220306474
로얄링스,2026-09-20,12:30,100000,golfpang,,,18홀,tr_220306337
골프존 천안,2026-09-20,14:08,154000,golfpang,,,18홀,tr_220423511
플라밍고,2026-09-20,16:44,87000,golfpang,,,18홀,tr_220306573
골프존 화랑,2026-09-20,12:52,139000,golfpang,,,18홀,tr_220423514
로얄링스,2026-09-20,11:56,100000,golfpang,,,18홀,tr_220306387
플라밍고,2026-09-20,13:08,137000,golfpang,,,18홀,tr_220306604
스톤비치,2026-09-20,08:24,100000,golfpang,,,18홀,tr_220563199
일레븐,2026-09-20,17:23,60000,golfpang,,,18홀,tr_219762526
스톤비치,2026-09-20,17:23,70000,golfpang,,,18홀,tr_220559865
플라밍고,2026-09-20,13:32,140000,golfpang,,,18홀,tr_220559882
중원,2026-09-20,07:46,130000,golfpang,,,18홀,tr_220560279
올데이,2026-09-20,07:07,89000,golfpang,,,18홀,tr_220548206
로얄링스,2026-09-20,12:30,100000,golfpang,,,18홀,tr_220563877
골프존 화랑,2026-09-20,07:51,139000,golfpang,,,18홀,tr_220010122
골프존 화랑,2026-09-20,18:14,65000,golfpang,,,18홀,tr_220010137
골프존 천안,2026-09-20,12:58,149000,golfpang,,,18홀,tr_220010023
골프존 천안,2026-09-20,14:08,139000,golfpang,,,18홀,tr_220010042
골프존 진천,2026-09-20,13:42,131000,golfpang,,,18홀,tr_220543276
골프존 진천,2026-09-20,11:57,149000,golfpang,,,18홀,tr_220009892
로얄링스,2026-09-20,08:06,100000,golfpang,,,18홀,tr_220394645
블랙스톤벨포레,2026-09-20,17:50,40000,golfpang,,,18홀,tr_220563848
이븐데일,2026-09-20,13:16,85000,golfpang,,,18홀,tr_220563581
중원,2026-09-20,07:46,130000,golfpang,,,18홀,tr_220563622
이븐데일,2026-09-20,08:30,104000,golfpang,,,18홀,tr_220563580
블랙스톤벨포레,2026-09-20,17:00,50000,golfpang,,,18홀,tr_220563823
일라이트,2026-09-20,18:34,77000,golfpang,,,18홀,tr_220562605
플라밍고,2026-09-20,19:06,67000,golfpang,,,18홀,tr_220562558
일레븐,2026-09-20,17:37,55000,golfpang,,,18홀,tr_220562591
일라이트,2026-09-20,17:52,77000,golfpang,,,18홀,tr_220562600
플라밍고,2026-09-20,18:17,77000,golfpang,,,18홀,tr_220562557
블랙스톤벨포레,2026-09-20,18:05,40000,golfpang,,,18홀,tr_220562562
블랙스톤벨포레,2026-09-20,17:16,50000,golfpang,,,18홀,tr_220562561
로얄링스,2026-09-20,12:34,100000,golfpang,,,18홀,tr_220562416
플라밍고,2026-09-20,13:46,137000,golfpang,,,18홀,tr_220562555
임페리얼레이크,2026-09-20,17:30,79000,golfpang,,,18홀,tr_220260744
대영힐스,2026-09-20,18:40,65000,golfpang,,,18홀,tr_220260512
일레븐,2026-09-20,17:50,55000,golfpang,,,18홀,tr_220402014
로얄포레,2026-09-20,17:50,79000,golfpang,,,18홀,tr_220260624
떼제베(동북),2026-09-20,17:20,90000,golfpang,,,18홀,tr_220326229
올데이,2026-09-20,17:20,59000,golfpang,,,18홀,tr_220260669
떼제베,2026-09-20,17:10,110000,golfpang,,,18홀,tr_220326232
감곡,2026-09-20,18:10,100000,golfpang,,,18홀,tr_220325833
떼제베(동북),2026-09-20,11:50,120000,golfpang,,,18홀,tr_220561181
올데이,2026-09-20,12:00,99000,golfpang,,,18홀,tr_220201553
로얄포레,2026-09-20,12:50,109000,golfpang,,,18홀,tr_220201520
이븐데일,2026-09-20,13:00,85000,golfpang,,,18홀,tr_220326025
올데이,2026-09-20,07:00,89000,golfpang,,,18홀,tr_220201552
임페리얼레이크,2026-09-20,11:30,139000,golfpang,,,18홀,tr_220201600
백제,2026-09-20,13:33,130000,golfpang,,,18홀,tr_220505518
대호단양,2026-09-20,11:38,159000,golfpang,,,18홀,tr_220012830
힐데스하임,2026-09-20,18:26,75000,golfpang,,,18홀,tr_220115496
감곡,2026-09-20,18:20,100000,golfpang,,,18홀,tr_220485783
킹즈락,2026-09-20,18:27,70000,golfpang,,,18홀,tr_220148323
스타,2026-09-20,18:45,80000,golfpang,,,18홀,tr_220104908
일레븐,2026-09-20,17:44,60000,golfpang,,,18홀,tr_220138834
일레븐,2026-09-20,17:51,60000,golfpang,,,18홀,tr_220138836
대호단양,2026-09-20,16:41,99000,golfpang,,,18홀,tr_220012831
킹즈락,2026-09-20,11:54,140000,golfpang,,,18홀,tr_220148325
힐데스하임,2026-09-20,12:19,135000,golfpang,,,18홀,tr_220515931
이븐데일,2026-09-20,12:12,85000,golfpang,,,18홀,tr_220283445
힐데스하임,2026-09-20,12:04,135000,golfpang,,,18홀,tr_220115494
중원,2026-09-20,12:44,140000,golfpang,,,18홀,tr_220250034
이븐데일,2026-09-20,12:41,85000,golfpang,,,18홀,tr_220283446
백제,2026-09-20,13:19,130000,golfpang,,,18홀,tr_220032750
이븐데일,2026-09-20,13:16,85000,golfpang,,,18홀,tr_220283447
감곡,2026-09-20,18:13,100000,golfpang,,,18홀,tr_220470714
블랙스톤벨포레,2026-09-20,17:02,60000,golfpang,,,18홀,tr_220470055
임페리얼레이크,2026-09-20,18:22,79000,golfpang,,,18홀,tr_220563809
임페리얼레이크,2026-09-20,18:15,79000,golfpang,,,18홀,tr_220259466
스톤비치,2026-09-20,07:59,130000,golfpang,,,18홀,tr_220348895
스톤비치,2026-09-20,12:20,110000,golfpang,,,18홀,tr_220348926
골프존 화랑,2026-09-20,17:04,69000,golfpang,,,18홀,tr_220348320
골프존 화랑,2026-09-20,07:51,149000,golfpang,,,18홀,tr_220180853
골프존 진천,2026-09-20,13:42,131000,golfpang,,,18홀,tr_219338496
골프존 화랑,2026-09-20,13:06,129000,golfpang,,,18홀,tr_220180857
골프존 천안,2026-09-20,14:08,134000,golfpang,,,18홀,tr_219792166
골프존 화랑,2026-09-20,18:14,65000,golfpang,,,18홀,tr_220180905
골프존 천안,2026-09-20,12:58,153000,golfpang,,,18홀,tr_218384876
골프존 진천,2026-09-20,11:57,149000,golfpang,,,18홀,tr_219338393
임페리얼레이크,2026-09-20,11:45,139000,golfpang,,,18홀,tr_220259465
이븐데일,2026-09-20,07:31,99000,golfpang,,,18홀,tr_220547592
그랜드(청주),2026-09-20,18:14,100000,golfpang,,,18홀,tr_220470006
모카cc,2026-09-20,14:24,120000,golfpang,,,18홀,tr_219971128
블랙스톤벨포레,2026-09-20,17:50,40000,golfpang,,,18홀,tr_220563753
블랙스톤벨포레,2026-09-20,17:00,50000,golfpang,,,18홀,tr_220563747
스톤비치,2026-09-20,07:17,100000,golfpang,,,18홀,tr_220563746
일라이트,2026-09-20,07:17,140000,golfpang,,,18홀,tr_220469858
로얄링스,2026-09-20,12:10,100000,golfpang,,,18홀,tr_220563714
떼제베,2026-09-20,17:13,110000,golfpang,,,18홀,tr_220085519
이븐데일,2026-09-20,08:30,104000,golfpang,,,18홀,tr_220431558
이븐데일,2026-09-20,07:14,99000,golfpang,,,18홀,tr_220431453
이븐데일,2026-09-20,12:33,85000,golfpang,,,18홀,tr_220563686
떼제베(동북),2026-09-20,16:52,90000,golfpang,,,18홀,tr_219999615
떼제베(동북),2026-09-20,16:52,90000,golfpang,,,18홀,tr_220052441
떼제베,2026-09-20,18:16,100000,golfpang,,,18홀,tr_220085703
떼제베,2026-09-20,17:13,110000,golfpang,,,18홀,tr_220085730
떼제베(동북),2026-09-20,17:13,90000,golfpang,,,18홀,tr_220052484
감곡,2026-09-20,18:20,100000,golfpang,,,18홀,tr_220563690
감곡,2026-09-20,17:52,100000,golfpang,,,18홀,tr_220563688
감곡,2026-09-20,17:59,100000,golfpang,,,18홀,tr_220563689
로얄링스,2026-09-20,13:02,100000,golfpang,,,18홀,tr_220289653
대영힐스,2026-09-20,18:48,50000,golfpang,,,18홀,tr_219781414
백제,2026-09-20,14:15,120000,golfpang,,,18홀,tr_219865598
그랜드(청주),2026-09-20,18:21,90000,golfpang,,,18홀,tr_220315314
백제,2026-09-20,13:12,140000,golfpang,,,18홀,tr_219781412
속리산cc,2026-09-20,13:25,110000,golfpang,,,18홀,tr_220468473
중원,2026-09-20,08:35,130000,golfpang,,,18홀,tr_220484288
그랜드(청주),2026-09-20,18:21,100000,golfpang,,,18홀,tr_219344026
대영힐스,2026-09-20,18:41,55000,golfpang,,,18홀,tr_220283418
로얄링스,2026-09-20,13:02,100000,golfpang,,,18홀,tr_220548494
일라이트,2026-09-20,13:32,135000,golfpang,,,18홀,tr_220283243
아리스타,2026-09-20,13:39,100000,golfpang,,,18홀,tr_220548497
골프존 진천,2026-09-20,08:27,179000,golfpang,,,18홀,tr_220283072
킹스데일,2026-09-20,06:37,170000,golfpang,,,18홀,tr_219551305
중원,2026-09-20,08:42,130000,golfpang,,,18홀,tr_220563669
이븐데일,2026-09-20,11:31,85000,golfpang,,,18홀,tr_220560935
감곡,2026-09-20,18:13,100000,golfpang,,,18홀,tr_220561998
블랙스톤벨포레,2026-09-20,18:26,40000,golfpang,,,18홀,tr_220561419
일레븐,2026-09-20,18:26,55000,golfpang,,,18홀,tr_220561605
감곡,2026-09-20,18:20,100000,golfpang,,,18홀,tr_220561999
블랙스톤벨포레,2026-09-20,18:19,40000,golfpang,,,18홀,tr_220561418
떼제베,2026-09-20,18:37,100000,golfpang,,,18홀,tr_220562318
대영힐스,2026-09-20,18:41,65000,golfpang,,,18홀,tr_220562804
대영힐스,2026-09-20,18:55,59000,golfpang,,,18홀,tr_220562805
떼제베,2026-09-20,17:20,110000,golfpang,,,18홀,tr_220562317
대영힐스,2026-09-20,17:38,85000,golfpang,,,18홀,tr_220562803
블랙스톤벨포레,2026-09-20,17:37,50000,golfpang,,,18홀,tr_220561417
일레븐,2026-09-20,17:51,55000,golfpang,,,18홀,tr_220561603
일레븐,2026-09-20,17:58,55000,golfpang,,,18홀,tr_220561604
감곡,2026-09-20,17:52,100000,golfpang,,,18홀,tr_220561997
백제,2026-09-20,14:15,120000,golfpang,,,18홀,tr_220562481
떼제베(동북),2026-09-20,17:20,90000,golfpang,,,18홀,tr_220562168
이븐데일,2026-09-20,17:04,55000,golfpang,,,18홀,tr_220560936
떼제베(동북),2026-09-20,17:27,90000,golfpang,,,18홀,tr_220562169
떼제베(동북),2026-09-20,11:50,120000,golfpang,,,18홀,tr_220562167
킹즈락,2026-09-20,11:47,135000,golfpang,,,18홀,tr_220561162
백제,2026-09-20,13:12,130000,golfpang,,,18홀,tr_220562480
속리산cc,2026-09-20,14:07,130000,golfpang,,,18홀,tr_220561371
속리산cc,2026-09-20,14:07,130000,golfpang,,,18홀,tr_220561370
속리산cc,2026-09-20,14:07,130000,golfpang,,,18홀,tr_220561369
킹즈락,2026-09-20,07:48,130000,golfpang,,,18홀,tr_220561160
이븐데일,2026-09-20,08:24,104000,golfpang,,,18홀,tr_220560934
킹즈락,2026-09-20,08:23,140000,golfpang,,,18홀,tr_220561161
동촌,2026-09-20,08:40,190000,golfpang,,,18홀,tr_220562472
킹스데일,2026-09-20,06:30,180000,golfpang,,,18홀,tr_220396787
일레븐,2026-09-20,17:20,65000,golfpang,,,18홀,tr_219769309
프린세스,2026-09-20,13:46,160000,golfpang,,,18홀,tr_220563637
스톤비치,2026-09-20,13:16,110000,golfpang,,,18홀,tr_220561509
스톤비치,2026-09-20,12:27,110000,golfpang,,,18홀,tr_220483701
로얄링스,2026-09-20,12:48,100000,golfpang,,,18홀,tr_220560630
시그너스,2026-09-20,13:56,160000,golfpang,,,18홀,tr_219983129
플라밍고,2026-09-20,17:07,90000,golfpang,,,18홀,tr_220400356
스톤비치,2026-09-20,12:27,110000,golfpang,,,18홀,tr_220560658
스톤비치,2026-09-20,17:23,70000,golfpang,,,18홀,tr_220321016
플라밍고,2026-09-20,13:25,140000,golfpang,,,18홀,tr_219982982
중원,2026-09-20,08:35,140000,golfpang,,,18홀,tr_220321228
스톤비치,2026-09-20,06:42,110000,golfpang,,,18홀,tr_219985139
일레븐,2026-09-20,17:23,60000,golfpang,,,18홀,tr_220032887
중원,2026-09-20,08:45,130000,golfpang,,,18홀,tr_220563562
블랙스톤벨포레,2026-09-20,18:55,40000,golfpang,,,18홀,tr_220563520
킹스데일,2026-09-20,08:55,200000,golfpang,,,18홀,tr_220563503
킹즈락,2026-09-20,08:00,130000,golfpang,,,18홀,tr_220563493
이븐데일,2026-09-20,17:33,55000,golfpang,,,18홀,tr_220563459
블랙스톤벨포레,2026-09-20,17:23,50000,golfpang,,,18홀,tr_220396872
일라이트,2026-09-20,18:34,77000,golfpang,,,18홀,tr_220563453
일라이트,2026-09-20,17:52,77000,golfpang,,,18홀,tr_220563450
킹즈락,2026-09-20,17:13,90000,golfpang,,,18홀,tr_220563449
스톤비치,2026-09-20,17:23,70000,golfpang,,,18홀,tr_220252962
일레븐,2026-09-20,17:37,55000,golfpang,,,18홀,tr_220563408
골든베이,2026-09-20,07:41,150000,golfpang,,,18홀,tr_220411650
킹즈락,2026-09-20,11:35,135000,golfpang,,,18홀,tr_220563405
블랙스톤벨포레,2026-09-20,18:05,40000,golfpang,,,18홀,tr_220563394
플라밍고,2026-09-20,18:10,77000,golfpang,,,18홀,tr_219997224
블랙스톤벨포레,2026-09-20,17:16,50000,golfpang,,,18홀,tr_220563392
플라밍고,2026-09-20,13:32,140000,golfpang,,,18홀,tr_220283355
플라밍고,2026-09-20,19:06,67000,golfpang,,,18홀,tr_220563390
플라밍고,2026-09-20,13:32,140000,golfpang,,,18홀,tr_220396870
로얄링스,2026-09-20,18:30,80000,golfpang,,,18홀,tr_220563383
로얄링스,2026-09-20,11:10,100000,golfpang,,,18홀,tr_220563382
블랙스톤벨포레,2026-09-20,17:51,50000,golfpang,,,18홀,tr_220563376
블랙스톤벨포레,2026-09-20,18:54,40000,golfpang,,,18홀,tr_220563378
블랙스톤벨포레,2026-09-20,18:33,40000,golfpang,,,18홀,tr_220563377
골든베이,2026-09-20,13:52,150000,golfpang,,,18홀,tr_219791230
골든베이,2026-09-20,07:40,150000,golfpang,,,18홀,tr_219791152
센테리움,2026-09-20,13:18,139000,golfpang,,,18홀,tr_220469895
대영힐스,2026-09-20,11:26,130000,golfpang,,,18홀,tr_220345187
대영베이스,2026-09-20,08:07,145000,golfpang,,,18홀,tr_220345159
대영베이스,2026-09-20,17:48,89000,golfpang,,,18홀,tr_220345161
일레븐,2026-09-20,17:30,65000,golfpang,,,18홀,tr_220222581
대영베이스,2026-09-20,17:08,99000,golfpang,,,18홀,tr_220345160
일레븐,2026-09-20,17:30,65000,golfpang,,,18홀,tr_220222579
일레븐,2026-09-20,17:30,65000,golfpang,,,18홀,tr_220222580
대영힐스,2026-09-20,17:31,69000,golfpang,,,18홀,tr_220345188
로얄링스,2026-09-20,12:34,100000,golfpang,,,18홀,tr_220563375
스톤비치,2026-09-20,08:13,110000,golfpang,,,18홀,tr_220252950
스톤비치,2026-09-20,13:09,110000,golfpang,,,18홀,tr_220252968
로얄포레,2026-09-20,12:55,109000,golfpang,,,18홀,tr_220521629
대영힐스,2026-09-20,18:41,65000,golfpang,,,18홀,tr_220562349
대영힐스,2026-09-20,17:38,85000,golfpang,,,18홀,tr_220521577
일레븐,2026-09-20,17:51,55000,golfpang,,,18홀,tr_220562646
킹즈락,2026-09-20,11:47,135000,golfpang,,,18홀,tr_220562708
감곡,2026-09-20,18:13,100000,golfpang,,,18홀,tr_220521378
이븐데일,2026-09-20,07:14,99000,golfpang,,,18홀,tr_220562616
골든베이,2026-09-20,07:40,150000,golfpang,,,18홀,tr_220521384
올데이,2026-09-20,11:59,99000,golfpang,,,18홀,tr_220562609
스타,2026-09-20,06:30,170000,golfpang,,,18홀,tr_220562501
킹스데일,2026-09-20,06:30,170000,golfpang,,,18홀,tr_220562704
플라밍고,2026-09-20,13:46,137000,golfpang,,,18홀,tr_220126228
일레븐,2026-09-20,17:37,55000,golfpang,,,18홀,tr_220236533
로얄링스,2026-09-20,12:34,100000,golfpang,,,18홀,tr_220126187
떼제베(동북),2026-09-20,17:13,90000,golfpang,,,18홀,tr_220547729
플라밍고,2026-09-20,13:40,137000,golfpang,,,18홀,tr_219997222
킹즈락,2026-09-20,17:24,80000,golfpang,,,18홀,tr_220563243
킹즈락,2026-09-20,11:33,135000,golfpang,,,18홀,tr_220563234
스타,2026-09-20,11:38,170000,golfpang,,,18홀,tr_220563228
대영힐스,2026-09-20,17:24,85000,golfpang,,,18홀,tr_220563225
감곡,2026-09-20,17:59,130000,golfpang,,,18홀,tr_220563220
스톤비치,2026-09-20,17:30,70000,golfpang,,,18홀,tr_220442618
중원,2026-09-20,07:46,130000,golfpang,,,18홀,tr_220399447
스톤비치,2026-09-20,08:20,110000,golfpang,,,18홀,tr_218600520
대영힐스,2026-09-20,17:38,85000,golfpang,,,18홀,tr_220483487
일레븐,2026-09-20,17:51,55000,golfpang,,,18홀,tr_220561664
올데이,2026-09-20,17:47,59000,golfpang,,,18홀,tr_220518613
블랙스톤벨포레,2026-09-20,17:44,50000,golfpang,,,18홀,tr_220463229
떼제베(동북),2026-09-20,17:55,90000,golfpang,,,18홀,tr_220485661
로얄포레,2026-09-20,17:54,79000,golfpang,,,18홀,tr_220515685
대영베이스,2026-09-20,18:08,89000,golfpang,,,18홀,tr_220481262
일레븐,2026-09-20,18:05,55000,golfpang,,,18홀,tr_220561665
백제,2026-09-20,14:15,120000,golfpang,,,18홀,tr_220469340
중원,2026-09-20,14:08,130000,golfpang,,,18홀,tr_220470362
속리산cc,2026-09-20,14:07,120000,golfpang,,,18홀,tr_219807367
올데이,2026-09-20,16:58,69000,golfpang,,,18홀,tr_220518612
떼제베,2026-09-20,16:52,110000,golfpang,,,18홀,tr_220485404
로얄포레,2026-09-20,16:51,89000,golfpang,,,18홀,tr_220555731
떼제베(동북),2026-09-20,17:20,90000,golfpang,,,18홀,tr_220485660
에스앤-퍼9,2026-09-20,17:10,50000,golfpang,,,18홀,tr_219810747
떼제베,2026-09-20,17:27,110000,golfpang,,,18홀,tr_220485405
임페리얼레이크,2026-09-20,17:26,89000,golfpang,,,18홀,tr_220539227
이븐데일,2026-09-20,17:25,55000,golfpang,,,18홀,tr_220539202
킹즈락,2026-09-20,11:47,135000,golfpang,,,18홀,tr_220522777
이븐데일,2026-09-20,12:12,85000,golfpang,,,18홀,tr_220467860
에스앤-퍼9,2026-09-20,12:59,80000,golfpang,,,18홀,tr_219810746
로얄포레,2026-09-20,12:55,109000,golfpang,,,18홀,tr_220515684
백제,2026-09-20,13:12,130000,golfpang,,,18홀,tr_220469339
떼제베(동북),2026-09-20,13:07,120000,golfpang,,,18홀,tr_220485659
대영베이스,2026-09-20,13:26,139000,golfpang,,,18홀,tr_220523318
센테리움,2026-09-20,07:07,159000,golfpang,,,18홀,tr_220328534
올데이,2026-09-20,07:00,99000,golfpang,,,18홀,tr_220518611
골든베이,2026-09-20,07:40,150000,golfpang,,,18홀,tr_219112524
에스앤-퍼9,2026-09-20,07:52,80000,golfpang,,,18홀,tr_219810745
프린세스,2026-09-20,07:44,160000,golfpang,,,18홀,tr_219440006
킹즈락,2026-09-20,07:55,135000,golfpang,,,18홀,tr_220522776
이븐데일,2026-09-20,08:30,104000,golfpang,,,18홀,tr_220467861
킹즈락,2026-09-20,08:23,145000,golfpang,,,18홀,tr_220522778
감곡,2026-09-20,18:13,100000,golfpang,,,18홀,tr_219336426
킹스데일,2026-09-20,06:44,170000,golfpang,,,18홀,tr_220324778
대호단양,2026-09-20,11:38,159000,golfpang,,,18홀,tr_220005470
임페리얼레이크,2026-09-20,11:31,139000,golfpang,,,18홀,tr_220518877
스타,2026-09-20,06:23,160000,golfpang,,,18홀,tr_220346991
대호단양,2026-09-20,06:07,139000,golfpang,,,18홀,tr_220005469
임페리얼레이크,2026-09-20,18:15,79000,golfpang,,,18홀,tr_220518878
프린세스,2026-09-20,06:41,155000,golfpang,,,18홀,tr_219440005
올데이,2026-09-20,17:40,59000,golfpang,,,18홀,tr_220504597
골프존 화랑,2026-09-20,17:25,69000,golfpang,,,18홀,tr_220403601
임페리얼레이크,2026-09-20,17:26,89000,golfpang,,,18홀,tr_220561565
블랙스톤벨포레,2026-09-20,17:30,50000,golfpang,,,18홀,tr_220468672
임페리얼레이크,2026-09-20,18:15,79000,golfpang,,,18홀,tr_220561564
블랙스톤벨포레,2026-09-20,18:12,40000,golfpang,,,18홀,tr_220468673
스타,2026-09-20,18:38,90000,golfpang,,,18홀,tr_220502468
힐데스하임,2026-09-20,18:34,70000,golfpang,,,18홀,tr_220105613
대영힐스,2026-09-20,18:55,59000,golfpang,,,18홀,tr_220563100
블랙스톤벨포레,2026-09-20,18:54,40000,golfpang,,,18홀,tr_220468674
대영힐스,2026-09-20,18:41,65000,golfpang,,,18홀,tr_220563099
파인스톤,2026-09-20,18:39,120000,golfpang,,,18홀,tr_219562190
세레니티cc,2026-09-20,19:02,110000,golfpang,,,18홀,tr_220469399
감곡,2026-09-20,17:24,110000,golfpang,,,18홀,tr_218862263
킹즈락,2026-09-20,17:38,80000,golfpang,,,18홀,tr_220560418
대영힐스,2026-09-20,17:38,85000,golfpang,,,18홀,tr_220563098
파인스톤,2026-09-20,17:36,130000,golfpang,,,18홀,tr_219562189
프린세스,2026-09-20,17:48,95000,golfpang,,,18홀,tr_220118531
모나크,2026-09-20,18:16,90000,golfpang,,,18홀,tr_220301856
세레니티cc,2026-09-20,17:59,110000,golfpang,,,18홀,tr_220469398
솔라고,2026-09-20,14:23,120000,golfpang,,,18홀,tr_220085484
백제,2026-09-20,14:15,120000,golfpang,,,18홀,tr_219840094
중원,2026-09-20,14:15,130000,golfpang,,,18홀,tr_220420318
세레니티cc,2026-09-20,14:09,220000,golfpang,,,18홀,tr_220469397
속리산cc,2026-09-20,14:07,120000,golfpang,,,18홀,tr_220521958
플라밍고,2026-09-20,17:00,130000,golfpang,,,18홀,tr_220125322
떼제베(동북),2026-09-20,16:59,90000,golfpang,,,18홀,tr_220126015
대호단양,2026-09-20,16:20,119000,golfpang,,,18홀,tr_219788175
떼제베,2026-09-20,17:13,110000,golfpang,,,18홀,tr_219993306
스톤비치,2026-09-20,08:20,120000,golfpang,,,18홀,tr_218535651
스톤비치,2026-09-20,17:30,70000,golfpang,,,18홀,tr_218535815
스톤비치,2026-09-20,13:02,110000,golfpang,,,18홀,tr_218535705
스톤비치,2026-09-20,16:48,60000,golfpang,,,18홀,tr_220442596
블랙스톤벨포레,2026-09-20,18:26,40000,golfpang,,,18홀,tr_220463230
일레븐,2026-09-20,18:33,55000,golfpang,,,18홀,tr_220561666
대영힐스,2026-09-20,18:55,59000,golfpang,,,18홀,tr_220483488
스타,2026-09-20,18:45,80000,golfpang,,,18홀,tr_220346993
떼제베,2026-09-20,18:30,100000,golfpang,,,18홀,tr_220485406
감곡,2026-09-20,18:34,100000,golfpang,,,18홀,tr_220502773
블랙스톤벨포레,2026-09-20,18:33,40000,golfpang,,,18홀,tr_220463231
대영베이스,2026-09-20,18:15,79000,golfpang,,,18홀,tr_219335015
그랜드(청주),2026-09-20,18:21,100000,golfpang,,,18홀,tr_219784342
대영힐스,2026-09-20,17:10,89000,golfpang,,,18홀,tr_219335641
스톤비치,2026-09-20,08:20,120000,golfpang,,,18홀,tr_220442553
중원,2026-09-20,07:46,130000,golfpang,,,18홀,tr_220563167
중원,2026-09-20,07:46,130000,golfpang,,,18홀,tr_220563166
일레븐,2026-09-20,17:23,60000,golfpang,,,18홀,tr_220548265
대영힐스,2026-09-20,17:38,85000,golfpang,,,18홀,tr_220522715
대영힐스,2026-09-20,18:41,65000,golfpang,,,18홀,tr_220522716
모카cc,2026-09-20,14:24,120000,golfpang,,,18홀,tr_220496770
일레븐,2026-09-20,17:23,60000,golfpang,,,18홀,tr_220165764
스톤비치,2026-09-20,07:17,100000,golfpang,,,18홀,tr_218779640
골프존 진천,2026-09-20,08:37,169000,golfpang,,,18홀,tr_220394851
스톤비치,2026-09-20,13:02,110000,golfpang,,,18홀,tr_219560174
대영힐스,2026-09-20,17:18,85000,golfpang,,,18홀,tr_220563007
대영베이스,2026-09-20,18:00,79000,golfpang,,,18홀,tr_220563006
킹즈락,2026-09-20,07:55,135000,golfpang,,,18홀,tr_219158988
골프존 천안,2026-09-20,12:37,167000,golfpang,,,18홀,tr_219161941
골프존 진천,2026-09-20,07:45,159000,golfpang,,,18홀,tr_220009475
스타,2026-09-20,18:00,80000,golfpang,,,18홀,tr_219408676
킹즈락,2026-09-20,11:33,135000,golfpang,,,18홀,tr_219158989
골프존 진천,2026-09-20,08:48,169000,golfpang,,,18홀,tr_219158819
로얄링스,2026-09-20,18:30,80000,golfpang,,,18홀,tr_219072379
스톤비치,2026-09-20,06:56,100000,golfpang,,,18홀,tr_219414389
대영힐스,2026-09-20,18:29,65000,golfpang,,,18홀,tr_220522135
중원,2026-09-20,08:45,160000,golfpang,,,18홀,tr_220288898
블랙스톤벨포레,2026-09-20,18:00,40000,golfpang,,,18홀,tr_220250289
임페리얼레이크,2026-09-20,11:20,139000,golfpang,,,18홀,tr_220522065
로얄포레,2026-09-20,11:24,119000,golfpang,,,18홀,tr_220241840
골프존 진천,2026-09-20,08:37,179000,golfpang,,,18홀,tr_220289930
킹즈락,2026-09-20,08:05,140000,golfpang,,,18홀,tr_220259248
대영힐스,2026-09-20,17:09,85000,golfpang,,,18홀,tr_219777834
세레니티cc,2026-09-20,17:49,110000,golfpang,,,18홀,tr_220250494
대영베이스,2026-09-20,17:58,79000,golfpang,,,18홀,tr_220241137
감곡,2026-09-20,17:54,100000,golfpang,,,18홀,tr_220238839
블랙스톤벨포레,2026-09-20,16:50,50000,golfpang,,,18홀,tr_220250178
임페리얼레이크,2026-09-20,17:12,89000,golfpang,,,18홀,tr_220241729
이븐데일,2026-09-20,08:43,104000,golfpang,,,18홀,tr_220562979
스톤비치,2026-09-20,08:20,120000,golfpang,,,18홀,tr_219841381
스톤비치,2026-09-20,17:30,70000,golfpang,,,18홀,tr_219841439
스톤비치,2026-09-20,13:02,110000,golfpang,,,18홀,tr_219841401
이븐데일,2026-09-20,17:13,55000,golfpang,,,18홀,tr_220377109
이븐데일,2026-09-20,13:00,85000,golfpang,,,18홀,tr_220377034
백제,2026-09-20,13:00,130000,golfpang,,,18홀,tr_220203299
올데이,2026-09-20,16:44,69000,golfpang,,,18홀,tr_220056587
임페리얼레이크,2026-09-20,17:20,79000,golfpang,,,18홀,tr_220056680
일레븐,2026-09-20,17:30,70000,golfpang,,,18홀,tr_220056159
일레븐,2026-09-20,18:33,55000,golfpang,,,18홀,tr_220562929
일레븐,2026-09-20,18:05,55000,golfpang,,,18홀,tr_220562928
일레븐,2026-09-20,17:30,55000,golfpang,,,18홀,tr_220562927
골프존 진천,2026-09-20,08:43,169000,golfpang,,,18홀,tr_220204746
속리산cc,2026-09-20,13:47,110000,golfpang,,,18홀,tr_220562859
블랙스톤벨포레,2026-09-20,17:23,50000,golfpang,,,18홀,tr_220421704
로얄링스,2026-09-20,13:02,100000,golfpang,,,18홀,tr_220376441
힐데스하임,2026-09-20,19:12,60000,golfpang,,,18홀,tr_220505324
힐데스하임,2026-09-20,18:26,75000,golfpang,,,18홀,tr_220505325
힐데스하임,2026-09-20,18:56,70000,golfpang,,,18홀,tr_220505326
킹즈락,2026-09-20,13:17,125000,golfpang,,,18홀,tr_219564611
올데이,2026-09-20,12:20,89000,golfpang,,,18홀,tr_218985525
프린세스,2026-09-20,12:27,140000,golfpang,,,18홀,tr_219564267
중원,2026-09-20,12:51,140000,golfpang,,,18홀,tr_220274761
올데이,2026-09-20,17:40,59000,golfpang,,,18홀,tr_220400723
프린세스,2026-09-20,07:28,150000,golfpang,,,18홀,tr_219337737
중원,2026-09-20,07:46,150000,golfpang,,,18홀,tr_220274734
킹즈락,2026-09-20,08:04,140000,golfpang,,,18홀,tr_219564541
스톤비치,2026-09-20,17:23,70000,golfpang,,,18홀,tr_220562589
이븐데일,2026-09-20,07:14,109000,golfpang,,,18홀,tr_220562400
이븐데일,2026-09-20,13:02,95000,golfpang,,,18홀,tr_220562402
이븐데일,2026-09-20,08:02,114000,golfpang,,,18홀,tr_220562401
일레븐,2026-09-20,18:19,60000,golfpang,,,18홀,tr_220562297
일레븐,2026-09-20,17:51,60000,golfpang,,,18홀,tr_220562296
일레븐,2026-09-20,18:54,60000,golfpang,,,18홀,tr_220562298
모나크,2026-09-20,13:38,140000,golfpang,,,18홀,tr_220420215
떼제베(동북),2026-09-20,17:48,90000,golfpang,,,18홀,tr_220417745
대영베이스,2026-09-20,18:15,79000,golfpang,,,18홀,tr_220420164
그랜드(청주),2026-09-20,18:21,100000,golfpang,,,18홀,tr_220420362
백제,2026-09-20,13:47,130000,golfpang,,,18홀,tr_220420432
떼제베,2026-09-20,17:13,110000,golfpang,,,18홀,tr_220417481
속리산cc,2026-09-20,14:07,110000,golfpang,,,18홀,tr_220561916
킹스데일,2026-09-20,07:00,170000,golfpang,,,18홀,tr_220420302
골프존 진천,2026-09-20,07:38,169000,golfpang,,,18홀,tr_220420316
모카cc,2026-09-20,07:36,150000,golfpang,,,18홀,tr_220420366
중원,2026-09-20,08:28,140000,golfpang,,,18홀,tr_220484120
스톤비치,2026-09-20,12:55,110000,golfpang,,,18홀,tr_216744115
스톤비치,2026-09-20,17:30,60000,golfpang,,,18홀,tr_216744162
골든베이,2026-09-20,07:20,150000,golfpang,,,18홀,tr_219560446
스톤비치,2026-09-20,08:34,110000,golfpang,,,18홀,tr_216744084
스톤비치,2026-09-20,12:27,110000,golfpang,,,18홀,tr_220539200
일레븐,2026-09-20,17:23,60000,golfpang,,,18홀,tr_219810073
일레븐,2026-09-20,17:51,55000,golfpang,,,18홀,tr_220561886
일레븐,2026-09-20,17:51,55000,golfpang,,,18홀,tr_220561887
일레븐,2026-09-20,17:58,55000,golfpang,,,18홀,tr_220561888
골프존 진천,2026-09-20,07:38,169000,golfpang,,,18홀,tr_220220635
속리산cc,2026-09-20,14:00,110000,golfpang,,,18홀,tr_220395800
일레븐,2026-09-20,17:51,55000,golfpang,,,18홀,tr_220561643
일레븐,2026-09-20,17:58,55000,golfpang,,,18홀,tr_220561644
일레븐,2026-09-20,18:26,55000,golfpang,,,18홀,tr_220561645
이븐데일,2026-09-20,08:11,119000,golfpang,,,18홀,tr_220479218
이븐데일,2026-09-20,12:00,90000,golfpang,,,18홀,tr_220283242
골프존 천안,2026-09-20,12:49,166000,golfpang,,,18홀,tr_219459859
골프존 화랑,2026-09-20,12:42,139000,golfpang,,,18홀,tr_219672922
골프존 진천,2026-09-20,13:00,139000,golfpang,,,18홀,tr_219796428
골프존 화랑,2026-09-20,08:42,149000,golfpang,,,18홀,tr_219245022
골프존 진천,2026-09-20,07:48,169000,golfpang,,,18홀,tr_218770693
스톤비치,2026-09-20,13:16,110000,golfpang,,,18홀,tr_220561592
임페리얼레이크,2026-09-20,11:31,139000,golfpang,,,18홀,tr_220561563
스톤비치,2026-09-20,07:59,100000,golfpang,,,18홀,tr_220561538
속리산cc,2026-09-20,14:14,110000,golfpang,,,18홀,tr_220203819
백제,2026-09-20,13:19,130000,golfpang,,,18홀,tr_220204058
시그너스,2026-09-20,13:56,160000,golfpang,,,18홀,tr_220559585
중원,2026-09-20,08:35,140000,golfpang,,,18홀,tr_220559571
중원,2026-09-20,07:46,140000,golfpang,,,18홀,tr_220559567
스톤비치,2026-09-20,06:42,110000,golfpang,,,18홀,tr_220559551
플라밍고,2026-09-20,13:25,140000,golfpang,,,18홀,tr_220559584
골프존 화랑,2026-09-20,12:52,139000,golfpang,,,18홀,tr_220559537
블랙스톤벨포레,2026-09-20,16:55,60000,golfpang,,,18홀,tr_220559539
블랙스톤벨포레,2026-09-20,16:55,60000,golfpang,,,18홀,tr_220559566
플라밍고,2026-09-20,17:07,90000,golfpang,,,18홀,tr_220559588
시그너스,2026-09-20,13:56,160000,golfpang,,,18홀,tr_220559590
로얄링스,2026-09-20,12:34,100000,golfpang,,,18홀,tr_220559533
스톤비치,2026-09-20,12:27,110000,golfpang,,,18홀,tr_220559575
백제,2026-09-20,14:22,120000,golfpang,,,18홀,tr_220204108
올데이,2026-09-20,07:10,99000,golfpang,,,18홀,tr_220535170
임페리얼레이크,2026-09-20,17:10,89000,golfpang,,,18홀,tr_220535121
올데이,2026-09-20,17:30,59000,golfpang,,,18홀,tr_220535235
이븐데일,2026-09-20,12:27,85000,golfpang,,,18홀,tr_220560118
이븐데일,2026-09-20,12:27,85000,golfpang,,,18홀,tr_220560119
감곡,2026-09-20,18:20,100000,golfpang,,,18홀,tr_220560988
감곡,2026-09-20,18:20,100000,golfpang,,,18홀,tr_220560989
감곡,2026-09-20,18:13,100000,golfpang,,,18홀,tr_220560987
중원,2026-09-20,12:44,140000,golfpang,,,18홀,tr_220561285
중원,2026-09-20,12:44,140000,golfpang,,,18홀,tr_220561284
킹스데일,2026-09-20,06:37,170000,golfpang,,,18홀,tr_219343412
스톤비치,2026-09-20,12:27,110000,golfpang,,,18홀,tr_220559730
시그너스,2026-09-20,13:56,160000,golfpang,,,18홀,tr_220559774
플라밍고,2026-09-20,13:25,140000,golfpang,,,18홀,tr_220559771
킹즈락,2026-09-20,07:48,130000,golfpang,,,18홀,tr_220561145
킹즈락,2026-09-20,11:47,135000,golfpang,,,18홀,tr_220561147
킹즈락,2026-09-20,08:23,140000,golfpang,,,18홀,tr_220561146
스톤비치,2026-09-20,13:02,110000,golfpang,,,18홀,tr_216232902
스톤비치,2026-09-20,08:27,110000,golfpang,,,18홀,tr_216423347
블랙스톤벨포레,2026-09-20,18:00,40000,golfpang,,,18홀,tr_220485812
로얄링스,2026-09-20,18:20,80000,golfpang,,,18홀,tr_220259629
솔라고,2026-09-20,18:40,67000,golfpang,,,18홀,tr_219997676
플라밍고,2026-09-20,13:32,140000,golfpang,,,18홀,tr_220560853
플라밍고,2026-09-20,19:00,67000,golfpang,,,18홀,tr_220560075
플라밍고,2026-09-20,13:32,140000,golfpang,,,18홀,tr_220560824
로얄링스,2026-09-20,12:48,100000,golfpang,,,18홀,tr_220560177
중원,2026-09-20,07:46,140000,golfpang,,,18홀,tr_220559984
스톤비치,2026-09-20,06:42,110000,golfpang,,,18홀,tr_220559893
플라밍고,2026-09-20,13:25,140000,golfpang,,,18홀,tr_220560271
블랙스톤벨포레,2026-09-20,16:55,60000,golfpang,,,18홀,tr_220560481
스톤비치,2026-09-20,12:27,110000,golfpang,,,18홀,tr_220560127
골프존 화랑,2026-09-20,12:52,139000,golfpang,,,18홀,tr_220560189
시그너스,2026-09-20,13:56,160000,golfpang,,,18홀,tr_220560300
스톤비치,2026-09-20,08:20,110000,golfpang,,,18홀,tr_217526129
스톤비치,2026-09-20,17:20,70000,golfpang,,,18홀,tr_217697288
스톤비치,2026-09-20,13:00,110000,golfpang,,,18홀,tr_217697282
로얄링스,2026-09-20,12:48,100000,golfpang,,,18홀,tr_220483942
플라밍고,2026-09-20,17:07,90000,golfpang,,,18홀,tr_220484484
중원,2026-09-20,08:35,140000,golfpang,,,18홀,tr_220484205
스톤비치,2026-09-20,12:27,110000,golfpang,,,18홀,tr_220484122
시그너스,2026-09-20,13:56,160000,golfpang,,,18홀,tr_220484129
플라밍고,2026-09-20,13:25,140000,golfpang,,,18홀,tr_220484446
스톤비치,2026-09-20,07:52,130000,golfpang,,,18홀,tr_220484055
킹스데일,2026-09-20,08:40,195000,golfpang,,,18홀,tr_220484351
킹즈락,2026-09-20,08:23,145000,golfpang,,,18홀,tr_220522671
이븐데일,2026-09-20,17:25,55000,golfpang,,,18홀,tr_220545307
이븐데일,2026-09-20,17:25,55000,golfpang,,,18홀,tr_220547574
에스앤-퍼9,2026-09-20,17:31,50000,golfpang,,,18홀,tr_220540582
스톤비치,2026-09-20,17:58,120000,golfpang,,,18홀,tr_220542615
일레븐,2026-09-20,18:12,85000,golfpang,,,18홀,tr_220541225
킹즈락,2026-09-20,18:41,70000,golfpang,,,18홀,tr_220537176
세레니티cc,2026-09-20,19:16,120000,golfpang,,,18홀,tr_220546286
대영베이스,2026-09-20,11:26,149000,golfpang,,,18홀,tr_219073221
킹즈락,2026-09-20,11:47,135000,golfpang,,,18홀,tr_220522670
이븐데일,2026-09-20,12:12,85000,golfpang,,,18홀,tr_220547573
예미지,2026-09-20,12:05,175000,golfpang,,,18홀,tr_218104480
대영베이스,2026-09-20,12:26,145000,golfpang,,,18홀,tr_219073222
로얄링스,2026-09-20,12:41,120000,golfpang,,,18홀,tr_219575413
예미지,2026-09-20,13:29,170000,golfpang,,,18홀,tr_218104481
대영베이스,2026-09-20,06:01,129000,golfpang,,,18홀,tr_219073220
센테리움,2026-09-20,07:14,179000,golfpang,,,18홀,tr_219671796
로얄링스,2026-09-20,07:38,120000,golfpang,,,18홀,tr_219575412
이븐데일,2026-09-20,07:21,99000,golfpang,,,18홀,tr_220547572
킹즈락,2026-09-20,07:55,135000,golfpang,,,18홀,tr_220522669
클럽D 보은,2026-09-20,08:26,160000,golfpang,,,18홀,tr_220539333
센테리움,2026-09-20,13:53,149000,golfpang,,,18홀,tr_219671797
동촌,2026-09-20,08:40,200000,golfpang,,,18홀,tr_220546577
이븐데일,2026-09-20,06:32,99000,golfpang,,,18홀,tr_220560530
이븐데일,2026-09-20,12:47,85000,golfpang,,,18홀,tr_220560531
이븐데일,2026-09-20,18:08,50000,golfpang,,,18홀,tr_220560532
블랙스톤벨포레,2026-09-20,16:55,60000,golfpang,,,18홀,tr_220398695
킹스데일,2026-09-20,08:40,195000,golfpang,,,18홀,tr_220423981
중원,2026-09-20,08:35,140000,golfpang,,,18홀,tr_220399471
스톤비치,2026-09-20,12:20,110000,golfpang,,,18홀,tr_220483271
로얄링스,2026-09-20,12:34,100000,golfpang,,,18홀,tr_220470065
골프존 화랑,2026-09-20,12:52,139000,golfpang,,,18홀,tr_220398663
진천(비공개),2026-09-20,13:26,170000,golfpang,,,18홀,tr_220398669
플라밍고,2026-09-20,13:25,140000,golfpang,,,18홀,tr_220398665
진천(비공개),2026-09-20,06:49,180000,golfpang,,,18홀,tr_220398660
중원,2026-09-20,14:08,130000,golfpang,,,18홀,tr_220398691
골프존 천안,2026-09-20,13:54,161000,golfpang,,,18홀,tr_220398675
스톤비치,2026-09-20,07:52,130000,golfpang,,,18홀,tr_220398649
시그너스,2026-09-20,13:56,160000,golfpang,,,18홀,tr_220398680
로얄링스,2026-09-20,08:27,100000,golfpang,,,18홀,tr_220431131
모카cc,2026-09-20,08:50,130000,golfpang,,,18홀,tr_220499758
골프존 진천,2026-09-20,07:59,159000,golfpang,,,18홀,tr_219791494
킹즈락,2026-09-20,17:38,80000,golfpang,,,18홀,tr_220209546
감곡,2026-09-20,18:00,100000,golfpang,,,18홀,tr_220397199
이븐데일,2026-09-20,11:50,85000,golfpang,,,18홀,tr_220434441
스톤비치,2026-09-20,16:41,70000,golfpang,,,18홀,tr_219158029
스톤비치,2026-09-20,12:55,110000,golfpang,,,18홀,tr_218983495
스톤비치,2026-09-20,08:27,110000,golfpang,,,18홀,tr_220484720
킹스데일,2026-09-20,08:40,195000,golfpang,,,18홀,tr_220420329
충주(비공개),2026-09-20,13:56,160000,golfpang,,,18홀,tr_220203024
중원,2026-09-20,08:35,140000,golfpang,,,18홀,tr_220499751
중원,2026-09-20,07:46,140000,golfpang,,,18홀,tr_220203010
스톤비치,2026-09-20,06:42,110000,golfpang,,,18홀,tr_220499674
스톤비치,2026-09-20,07:45,130000,golfpang,,,18홀,tr_220420639
킹즈락,2026-09-20,11:47,135000,golfpang,,,18홀,tr_220560417
킹즈락,2026-09-20,07:48,130000,golfpang,,,18홀,tr_220560416
일레븐,2026-09-20,18:05,55000,golfpang,,,18홀,tr_220560396
일레븐,2026-09-20,17:51,55000,golfpang,,,18홀,tr_220560395
일레븐,2026-09-20,18:54,55000,golfpang,,,18홀,tr_220560397
로얄링스,2026-09-20,12:48,100000,golfpang,,,18홀,tr_220496909
올데이,2026-09-20,07:14,99000,golfpang,,,18홀,tr_220283359
올데이,2026-09-20,11:59,99000,golfpang,,,18홀,tr_220283360
올데이,2026-09-20,17:05,59000,golfpang,,,18홀,tr_220283361
일라이트,2026-09-20,18:20,77000,golfpang,,,18홀,tr_220288143
중원,2026-09-20,12:51,130000,golfpang,,,18홀,tr_220560059
모카cc,2026-09-20,08:32,130000,golfpang,,,18홀,tr_220521481
모카cc,2026-09-20,08:39,130000,golfpang,,,18홀,tr_220521482
대영베이스,2026-09-20,18:08,95000,golfpang,,,18홀,tr_220470207
대영베이스,2026-09-20,18:01,95000,golfpang,,,18홀,tr_220470208
대영힐스,2026-09-20,19:02,59000,golfpang,,,18홀,tr_220539292
대영힐스,2026-09-20,18:41,65000,golfpang,,,18홀,tr_220468475
대영힐스,2026-09-20,17:31,85000,golfpang,,,18홀,tr_220468474
대영힐스,2026-09-20,18:55,59000,golfpang,,,18홀,tr_220468476
임페리얼레이크,2026-09-20,18:01,79000,golfpang,,,18홀,tr_220523352
임페리얼레이크,2026-09-20,17:26,89000,golfpang,,,18홀,tr_220523350
임페리얼레이크,2026-09-20,11:24,129000,golfpang,,,18홀,tr_220523351
올데이,2026-09-20,07:00,99000,golfpang,,,18홀,tr_220535148
올데이,2026-09-20,12:20,89000,golfpang,,,18홀,tr_220535149
올데이,2026-09-20,17:33,59000,golfpang,,,18홀,tr_220535150
로얄포레,2026-09-20,12:55,109000,golfpang,,,18홀,tr_220539167
로얄포레,2026-09-20,17:12,79000,golfpang,,,18홀,tr_220539169
로얄포레,2026-09-20,11:10,109000,golfpang,,,18홀,tr_220539168
중원,2026-09-20,12:51,130000,golfpang,,,18홀,tr_220559819
중원,2026-09-20,12:51,130000,golfpang,,,18홀,tr_220559820
시그너스,2026-09-20,13:56,160000,golfpang,,,18홀,tr_220547269
로얄링스,2026-09-20,12:48,100000,golfpang,,,18홀,tr_220557668
플라밍고,2026-09-20,19:00,70000,golfpang,,,18홀,tr_220002086
플라밍고,2026-09-20,18:00,80000,golfpang,,,18홀,tr_220002084
블랙스톤벨포레,2026-09-20,18:00,50000,golfpang,,,18홀,tr_219784176
블랙스톤벨포레,2026-09-20,17:00,60000,golfpang,,,18홀,tr_219784181
플라밍고,2026-09-20,19:05,67000,golfpang,,,18홀,tr_220260575
솔라고,2026-09-20,18:45,67000,golfpang,,,18홀,tr_220259775
일레븐,2026-09-20,17:15,65000,golfpang,,,18홀,tr_219776797
블랙스톤벨포레,2026-09-20,17:15,50000,golfpang,,,18홀,tr_220258791
플라밍고,2026-09-20,18:10,77000,golfpang,,,18홀,tr_220260513
로얄링스,2026-09-20,12:27,100000,golfpang,,,18홀,tr_219591092
플라밍고,2026-09-20,13:10,140000,golfpang,,,18홀,tr_220260511
킹스데일,2026-09-20,08:40,195000,golfpang,,,18홀,tr_220543271
중원,2026-09-20,08:35,140000,golfpang,,,18홀,tr_220543273
중원,2026-09-20,08:35,140000,golfpang,,,18홀,tr_220421720
블랙스톤벨포레,2026-09-20,18:20,40000,golfpang,,,18홀,tr_220559775
중원,2026-09-20,07:46,140000,golfpang,,,18홀,tr_220038602
블랙스톤벨포레,2026-09-20,16:55,60000,golfpang,,,18홀,tr_220468039
모카cc,2026-09-20,08:39,140000,golfpang,,,18홀,tr_220421754
모카cc,2026-09-20,08:39,140000,golfpang,,,18홀,tr_220421753
힐데스하임,2026-09-20,13:19,150000,golfpang,,,18홀,tr_220032322
서산수,2026-09-20,13:22,170000,golfpang,,,18홀,tr_219807459
서산수,2026-09-20,13:22,170000,golfpang,,,18홀,tr_219807460
백제,2026-09-20,12:51,130000,golfpang,,,18홀,tr_220421598
힐데스하임,2026-09-20,18:34,70000,golfpang,,,18홀,tr_220032323
힐데스하임,2026-09-20,06:52,150000,golfpang,,,18홀,tr_220032321
시그너스,2026-09-20,13:56,160000,golfpang,,,18홀,tr_220250512
플라밍고,2026-09-20,13:25,140000,golfpang,,,18홀,tr_220396116
로얄링스,2026-09-20,12:34,100000,golfpang,,,18홀,tr_220548436
스타,2026-09-20,18:46,80000,golfpang,,,18홀,tr_220559720
이븐데일,2026-09-20,18:01,50000,golfpang,,,18홀,tr_220559702
이븐데일,2026-09-20,17:33,55000,golfpang,,,18홀,tr_220559695
로얄포레,2026-09-20,17:55,79000,golfpang,,,18홀,tr_220559691
이븐데일,2026-09-20,17:25,55000,golfpang,,,18홀,tr_220559678
이븐데일,2026-09-20,12:20,85000,golfpang,,,18홀,tr_220559677
이븐데일,2026-09-20,07:21,99000,golfpang,,,18홀,tr_220559676
일레븐,2026-09-20,17:52,55000,golfpang,,,18홀,tr_220559670
로얄포레,2026-09-20,16:52,89000,golfpang,,,18홀,tr_220559666
로얄포레,2026-09-20,12:56,109000,golfpang,,,18홀,tr_220559658
모나크,2026-09-20,18:30,90000,golfpang,,,18홀,tr_220325831
아리스타,2026-09-20,11:54,120000,golfpang,,,18홀,tr_220553947
아리스타,2026-09-20,12:50,110000,golfpang,,,18홀,tr_220553954
블랙스톤벨포레,2026-09-20,12:45,80000,golfpang,,,18홀,tr_220325629
대영베이스,2026-09-20,18:15,79000,golfpang,,,18홀,tr_220398409
일라이트,2026-09-20,11:40,160000,golfpang,,,18홀,tr_220325741
모나크,2026-09-20,13:24,140000,golfpang,,,18홀,tr_220325825
속리산cc,2026-09-20,13:39,110000,golfpang,,,18홀,tr_220325660
킹스데일,2026-09-20,06:58,170000,golfpang,,,18홀,tr_220210489
킹즈락,2026-09-20,08:02,140000,golfpang,,,18홀,tr_220204307
중원,2026-09-20,08:28,160000,golfpang,,,18홀,tr_220204210
이븐데일,2026-09-20,12:56,85000,golfpang,,,18홀,tr_220559656
대영힐스,2026-09-20,17:03,85000,golfpang,,,18홀,tr_220291211
대호단양,2026-09-20,16:27,119000,golfpang,,,18홀,tr_219779643
감곡,2026-09-20,17:17,110000,golfpang,,,18홀,tr_220130987
로얄포레,2026-09-20,17:12,79000,golfpang,,,18홀,tr_220070551
임페리얼레이크,2026-09-20,17:26,79000,golfpang,,,18홀,tr_220304710
일레븐,2026-09-20,17:30,70000,golfpang,,,18홀,tr_219779107
대영베이스,2026-09-20,18:09,89000,golfpang,,,18홀,tr_220503538
힐데스하임,2026-09-20,11:57,160000,golfpang,,,18홀,tr_220259128
이븐데일,2026-09-20,11:52,100000,golfpang,,,18홀,tr_220283456
센테리움,2026-09-20,11:47,169000,golfpang,,,18홀,tr_219372118
골프존 진천,2026-09-20,12:11,199000,golfpang,,,18홀,tr_219480035
로얄포레,2026-09-20,12:34,119000,golfpang,,,18홀,tr_220070550
모나크,2026-09-20,12:56,140000,golfpang,,,18홀,tr_220222740
골프존 진천,2026-09-20,13:14,189000,golfpang,,,18홀,tr_219480036
감곡,2026-09-20,14:10,150000,golfpang,,,18홀,tr_220130985
이븐데일,2026-09-20,17:04,55000,golfpang,,,18홀,tr_220283457
킹스데일,2026-09-20,06:30,180000,golfpang,,,18홀,tr_219345289
모나크,2026-09-20,06:18,150000,golfpang,,,18홀,tr_220222739
대영힐스,2026-09-20,06:07,109000,golfpang,,,18홀,tr_220291210
골프존 화랑,2026-09-20,06:34,165000,golfpang,,,18홀,tr_219471359
힐데스하임,2026-09-20,07:00,155000,golfpang,,,18홀,tr_220259127
킹스데일,2026-09-20,07:40,190000,golfpang,,,18홀,tr_219345288
임페리얼레이크,2026-09-20,07:56,159000,golfpang,,,18홀,tr_220304708
센테리움,2026-09-20,08:31,199000,golfpang,,,18홀,tr_219372117
대영힐스,2026-09-20,18:56,59000,golfpang,,,18홀,tr_220559646
대영힐스,2026-09-20,18:42,65000,golfpang,,,18홀,tr_220559639
블랙스톤벨포레,2026-09-20,17:51,50000,golfpang,,,18홀,tr_220559627
블랙스톤벨포레,2026-09-20,18:33,40000,golfpang,,,18홀,tr_220559628
블랙스톤벨포레,2026-09-20,17:44,50000,golfpang,,,18홀,tr_220559626
플라밍고,2026-09-20,13:25,140000,golfpang,,,18홀,tr_220420219
플라밍고,2026-09-20,17:07,90000,golfpang,,,18홀,tr_220202990
대영베이스,2026-09-20,13:27,129000,golfpang,,,18홀,tr_220559621
감곡,2026-09-20,18:14,100000,golfpang,,,18홀,tr_220559613
킹스데일,2026-09-20,07:20,180000,golfpang,,,18홀,tr_220287541
플라밍고,2026-09-20,17:07,90000,golfpang,,,18홀,tr_220547898
속리산cc,2026-09-20,13:35,130000,golfpang,,,18홀,tr_219976928
플라밍고,2026-09-20,13:25,140000,golfpang,,,18홀,tr_220547889
골든베이,2026-09-20,13:52,130000,golfpang,,,18홀,tr_220397763
골든베이,2026-09-20,07:40,150000,golfpang,,,18홀,tr_220397762
올데이,2026-09-20,17:20,59000,golfpang,,,18홀,tr_220522192
일라이트,2026-09-20,17:30,77000,golfpang,,,18홀,tr_220522269
일레븐,2026-09-20,17:20,60000,golfpang,,,18홀,tr_220522187
중원,2026-09-20,08:35,140000,golfpang,,,18홀,tr_220547764
솔라고,2026-09-20,18:30,67000,golfpang,,,18홀,tr_220522516
로얄링스,2026-09-20,12:10,100000,golfpang,,,18홀,tr_220521385
진천(비공개),2026-09-20,13:26,170000,golfpang,,,18홀,tr_220547726
로얄링스,2026-09-20,08:10,100000,golfpang,,,18홀,tr_220521320
로얄링스,2026-09-20,12:48,100000,golfpang,,,18홀,tr_220557679
시그너스,2026-09-20,13:56,160000,golfpang,,,18홀,tr_220547723
솔라고,2026-09-20,13:20,140000,golfpang,,,18홀,tr_220521695
플라밍고,2026-09-20,13:10,140000,golfpang,,,18홀,tr_220521617
플라밍고,2026-09-20,17:50,80000,golfpang,,,18홀,tr_220522348
블랙스톤벨포레,2026-09-20,16:55,60000,golfpang,,,18홀,tr_220547648
서산수,2026-09-20,06:36,220000,golfpang,,,18홀,tr_220011926
스톤비치,2026-09-20,06:35,120000,golfpang,,,18홀,tr_219372610
대호단양,2026-09-20,06:35,159000,golfpang,,,18홀,tr_219777425
스타,2026-09-20,06:23,160000,golfpang,,,18홀,tr_219778010
모나크,2026-09-20,06:18,150000,golfpang,,,18홀,tr_220219696
로얄포레,2026-09-20,05:57,109000,golfpang,,,18홀,tr_220207951
힐데스하임,2026-09-20,07:00,150000,golfpang,,,18홀,tr_220326205
파인스톤,2026-09-20,06:56,220000,golfpang,,,18홀,tr_219332317
킹스데일,2026-09-20,06:44,170000,golfpang,,,18홀,tr_220326621
올데이,2026-09-20,07:14,109000,golfpang,,,18홀,tr_220206836
스톤비치,2026-09-20,07:10,130000,golfpang,,,18홀,tr_219372611
킹스데일,2026-09-20,07:47,180000,golfpang,,,18홀,tr_220326622
골든베이,2026-09-20,07:47,150000,golfpang,,,18홀,tr_220206310
프린세스,2026-09-20,07:44,160000,golfpang,,,18홀,tr_219446045
로얄링스,2026-09-20,07:38,100000,golfpang,,,18홀,tr_220376300
로얄포레,2026-09-20,08:10,149000,golfpang,,,18홀,tr_220207952
임페리얼레이크,2026-09-20,08:10,149000,golfpang,,,18홀,tr_220283127
센테리움,2026-09-20,07:59,159000,golfpang,,,18홀,tr_220326913
센테리움,2026-09-20,08:31,199000,golfpang,,,18홀,tr_220326914
스톤비치,2026-09-20,08:27,140000,golfpang,,,18홀,tr_219372612
임페리얼레이크,2026-09-20,11:31,139000,golfpang,,,18홀,tr_220283128
파인스톤,2026-09-20,11:24,220000,golfpang,,,18홀,tr_219332318
힐데스하임,2026-09-20,11:57,160000,golfpang,,,18홀,tr_220326206
보령베이스-퍼9,2026-09-20,12:10,109000,golfpang,,,18홀,tr_220200854
대호단양,2026-09-20,11:59,169000,golfpang,,,18홀,tr_219777426
올데이,2026-09-20,12:41,89000,golfpang,,,18홀,tr_220206837
프린세스,2026-09-20,12:25,140000,golfpang,,,18홀,tr_219446046
예미지,2026-09-20,12:47,175000,golfpang,,,18홀,tr_220205779
로얄링스,2026-09-20,12:41,100000,golfpang,,,18홀,tr_220376301
로얄포레,2026-09-20,13:02,119000,golfpang,,,18홀,tr_220207953
모나크,2026-09-20,12:56,140000,golfpang,,,18홀,tr_220219697
예미지,2026-09-20,13:22,170000,golfpang,,,18홀,tr_220205780
스타,2026-09-20,13:51,140000,golfpang,,,18홀,tr_219778011
골든베이,2026-09-20,13:45,130000,golfpang,,,18홀,tr_220206311
대호단양,2026-09-20,16:20,119000,golfpang,,,18홀,tr_219777427
서산수,2026-09-20,14:11,220000,golfpang,,,18홀,tr_220011927
파인스톤,2026-09-20,17:43,130000,golfpang,,,18홀,tr_219332319
스타,2026-09-20,17:56,90000,golfpang,,,18홀,tr_219778012
프린세스,2026-09-20,18:09,85000,golfpang,,,18홀,tr_219446047
올데이,2026-09-20,18:08,50000,golfpang,,,18홀,tr_220206838
임페리얼레이크,2026-09-20,18:08,79000,golfpang,,,18홀,tr_220283129
모나크,2026-09-20,18:16,90000,golfpang,,,18홀,tr_220219698
보령베이스-퍼9,2026-09-20,18:33,45000,golfpang,,,18홀,tr_220200855
힐데스하임,2026-09-20,18:49,65000,golfpang,,,18홀,tr_220326207
보령베이스-퍼9,2026-09-20,18:54,40000,golfpang,,,18홀,tr_220200856
로얄링스,2026-09-20,12:34,100000,golfpang,,,18홀,tr_220547640
로얄링스,2026-09-20,07:59,100000,golfpang,,,18홀,tr_220547621
이븐데일,2026-09-20,11:31,85000,golfpang,,,18홀,tr_220555788
이븐데일,2026-09-20,08:24,104000,golfpang,,,18홀,tr_220555787
이븐데일,2026-09-20,17:04,55000,golfpang,,,18홀,tr_220555789
센테리움,2026-09-20,07:07,159000,golfpang,,,18홀,tr_219872614
로얄링스,2026-09-20,12:00,100000,golfpang,,,18홀,tr_219495033
플라밍고,2026-09-20,12:40,140000,golfpang,,,18홀,tr_220002038
솔라고,2026-09-20,13:30,140000,golfpang,,,18홀,tr_218985196
로얄링스,2026-09-20,08:10,100000,golfpang,,,18홀,tr_219495335
플라밍고,2026-09-20,18:50,70000,golfpang,,,18홀,tr_220002060
중원,2026-09-20,12:44,140000,golfpang,,,18홀,tr_220342048
중원,2026-09-20,07:46,140000,golfpang,,,18홀,tr_220341997
예미지,2026-09-20,13:29,170000,golfpang,,,18홀,tr_219790782
골프존 화랑,2026-09-20,12:52,139000,golfpang,,,18홀,tr_220547584
대영힐스,2026-09-20,18:55,59000,golfpang,,,18홀,tr_220396467
중원,2026-09-20,11:50,120000,golfpang,,,18홀,tr_220396640
중원,2026-09-20,12:44,140000,golfpang,,,18홀,tr_220203840
예미지,2026-09-20,13:29,170000,golfpang,,,18홀,tr_220202956
중원,2026-09-20,08:35,140000,golfpang,,,18홀,tr_220203839
일레븐,2026-09-20,17:51,55000,golfpang,,,18홀,tr_220396634
일레븐,2026-09-20,18:40,80000,golfpang,,,18홀,tr_220545635
스톤비치,2026-09-20,17:30,70000,golfpang,,,18홀,tr_218576065
스톤비치,2026-09-20,12:55,110000,golfpang,,,18홀,tr_218131839
스톤비치,2026-09-20,08:40,120000,golfpang,,,18홀,tr_217708212
로얄링스,2026-09-20,12:27,160000,golfpang,,,18홀,tr_217828528
킹스데일,2026-09-20,12:56,170000,golfpang,,,18홀,tr_218999272
떼제베(동북),2026-09-20,12:53,120000,golfpang,,,18홀,tr_220126014
골프존 화랑,2026-09-20,13:13,129000,golfpang,,,18홀,tr_220403600
솔라고,2026-09-20,13:07,140000,golfpang,,,18홀,tr_220085483
백제,2026-09-20,13:05,130000,golfpang,,,18홀,tr_219840093
모나크,2026-09-20,12:56,140000,golfpang,,,18홀,tr_220301855
힐데스하임,2026-09-20,13:19,150000,golfpang,,,18홀,tr_220105612
예미지,2026-09-20,13:15,170000,golfpang,,,18홀,tr_220395609
떼제베,2026-09-20,13:35,160000,golfpang,,,18홀,tr_219993305
프린세스,2026-09-20,13:35,140000,golfpang,,,18홀,tr_220118530
플라밍고,2026-09-20,13:32,150000,golfpang,,,18홀,tr_220125321
대호단양,2026-09-20,11:59,169000,golfpang,,,18홀,tr_219788174
예미지,2026-09-20,12:05,175000,golfpang,,,18홀,tr_220395608
스타,2026-09-20,06:23,160000,golfpang,,,18홀,tr_220502466
스타,2026-09-20,11:37,170000,golfpang,,,18홀,tr_220502467
감곡,2026-09-20,11:50,180000,golfpang,,,18홀,tr_218862262
골든베이,2026-09-20,11:53,130000,golfpang,,,18홀,tr_218960568
골프존 화랑,2026-09-20,08:40,149000,golfpang,,,18홀,tr_220403599
골든베이,2026-09-20,08:22,150000,golfpang,,,18홀,tr_218960567
로얄링스,2026-09-20,08:27,160000,golfpang,,,18홀,tr_217828527
중원,2026-09-20,08:28,140000,golfpang,,,18홀,tr_220420317
센테리움,2026-09-20,08:31,199000,golfpang,,,18홀,tr_220324431
센테리움,2026-09-20,07:56,159000,golfpang,,,18홀,tr_220261185
골프존 진천,2026-09-20,07:38,159000,golfpang,,,18홀,tr_220217422
킹스데일,2026-09-20,07:47,180000,golfpang,,,18홀,tr_218999273
대호단양,2026-09-20,07:31,169000,golfpang,,,18홀,tr_219788173
떼제베,2026-09-20,07:35,170000,golfpang,,,18홀,tr_219993304
힐데스하임,2026-09-20,06:52,150000,golfpang,,,18홀,tr_220105611
프린세스,2026-09-20,06:55,145000,golfpang,,,18홀,tr_220118529
파인스톤,2026-09-20,06:56,220000,golfpang,,,18홀,tr_219562188
감곡,2026-09-20,06:58,190000,golfpang,,,18홀,tr_218862261
떼제베(동북),2026-09-20,07:00,120000,golfpang,,,18홀,tr_220126013
올데이,2026-09-20,07:07,99000,golfpang,,,18홀,tr_220504595
모나크,2026-09-20,06:18,150000,golfpang,,,18홀,tr_220301854
플라밍고,2026-09-20,06:20,160000,golfpang,,,18홀,tr_220125320
올데이,2026-09-20,12:20,89000,golfpang,,,18홀,tr_220504596
떼제베,2026-09-20,17:27,110000,golfpang,,,18홀,tr_220003113
떼제베(동북),2026-09-20,11:50,90000,golfpang,,,18홀,tr_220396494
일레븐,2026-09-20,17:58,85000,golfpang,,,18홀,tr_220545632
세레니티cc,2026-09-20,18:34,120000,golfpang,,,18홀,tr_220546258
속리산cc,2026-09-20,14:14,110000,golfpang,,,18홀,tr_220305041
일레븐,2026-09-20,18:05,55000,golfpang,,,18홀,tr_220052082
일레븐,2026-09-20,17:58,55000,golfpang,,,18홀,tr_220052083
일레븐,2026-09-20,17:51,55000,golfpang,,,18홀,tr_220052081
이븐데일,2026-09-20,18:00,50000,golfpang,,,18홀,tr_220548357
이븐데일,2026-09-20,12:13,85000,golfpang,,,18홀,tr_220548356
이븐데일,2026-09-20,07:20,99000,golfpang,,,18홀,tr_220548355
모카cc,2026-09-20,08:39,130000,golfpang,,,18홀,tr_220504895
모카cc,2026-09-20,08:39,130000,golfpang,,,18홀,tr_220504894
모나크,2026-09-20,18:16,90000,golfpang,,,18홀,tr_220233241
임페리얼레이크,2026-09-20,18:15,79000,golfpang,,,18홀,tr_220548006
힐데스하임,2026-09-20,18:26,75000,golfpang,,,18홀,tr_220523038
블랙스톤벨포레,2026-09-20,18:26,40000,golfpang,,,18홀,tr_220484124
파인스톤,2026-09-20,18:39,120000,golfpang,,,18홀,tr_219872783
블랙스톤벨포레,2026-09-20,18:33,40000,golfpang,,,18홀,tr_220484125
일레븐,2026-09-20,18:33,65000,golfpang,,,18홀,tr_220422597
힐데스하임,2026-09-20,19:19,60000,golfpang,,,18홀,tr_220523040
대영힐스,2026-09-20,19:02,59000,golfpang,,,18홀,tr_220547136
힐데스하임,2026-09-20,18:56,70000,golfpang,,,18홀,tr_220523039
대영힐스,2026-09-20,18:55,59000,golfpang,,,18홀,tr_220547135
임페리얼레이크,2026-09-20,17:26,89000,golfpang,,,18홀,tr_220548005
로얄포레,2026-09-20,17:26,79000,golfpang,,,18홀,tr_220547807
올데이,2026-09-20,17:47,59000,golfpang,,,18홀,tr_220548104
블랙스톤벨포레,2026-09-20,17:44,50000,golfpang,,,18홀,tr_220484123
일레븐,2026-09-20,17:44,65000,golfpang,,,18홀,tr_220422595
대영힐스,2026-09-20,17:38,85000,golfpang,,,18홀,tr_220547134
일레븐,2026-09-20,18:05,65000,golfpang,,,18홀,tr_220422596
백제,2026-09-20,13:19,130000,golfpang,,,18홀,tr_220422916
속리산cc,2026-09-20,13:32,130000,golfpang,,,18홀,tr_219985787
모나크,2026-09-20,13:31,140000,golfpang,,,18홀,tr_220233240
속리산cc,2026-09-20,14:00,120000,golfpang,,,18홀,tr_219985788
감곡,2026-09-20,13:56,150000,golfpang,,,18홀,tr_220339263
감곡,2026-09-20,13:56,150000,golfpang,,,18홀,tr_220339262
로얄포레,2026-09-20,16:51,89000,golfpang,,,18홀,tr_220547806
파인스톤,2026-09-20,16:40,140000,golfpang,,,18홀,tr_219872781
킹스데일,2026-09-20,14:20,160000,golfpang,,,18홀,tr_220398225
백제,2026-09-20,14:15,120000,golfpang,,,18홀,tr_220422917
속리산cc,2026-09-20,12:22,130000,golfpang,,,18홀,tr_219985786
올데이,2026-09-20,12:20,89000,golfpang,,,18홀,tr_220548103
로얄포레,2026-09-20,12:55,109000,golfpang,,,18홀,tr_220547805
중원,2026-09-20,12:44,140000,golfpang,,,18홀,tr_220548041
중원,2026-09-20,12:44,140000,golfpang,,,18홀,tr_220548040
모나크,2026-09-20,12:56,140000,golfpang,,,18홀,tr_220233239
대영베이스,2026-09-20,13:26,139000,golfpang,,,18홀,tr_220543233
대영베이스,2026-09-20,13:26,139000,golfpang,,,18홀,tr_220543235
대영베이스,2026-09-20,13:26,139000,golfpang,,,18홀,tr_220543234
올데이,2026-09-20,07:14,99000,golfpang,,,18홀,tr_220548102
임페리얼레이크,2026-09-20,11:31,139000,golfpang,,,18홀,tr_220548004
파인스톤,2026-09-20,18:18,130000,golfpang,,,18홀,tr_219872782
골든베이,2026-09-20,07:35,150000,golfpang,,,18홀,tr_219791488
킹스데일,2026-09-20,08:40,195000,golfpang,,,18홀,tr_220548312
올데이,2026-09-20,18:00,50000,golfpang,,,18홀,tr_220219125
일레븐,2026-09-20,17:58,55000,golfpang,,,18홀,tr_220548285
일레븐,2026-09-20,18:26,55000,golfpang,,,18홀,tr_220548286
올데이,2026-09-20,12:20,89000,golfpang,,,18홀,tr_219711336
프린세스,2026-09-20,12:20,140000,golfpang,,,18홀,tr_219584722
로얄링스,2026-09-20,12:48,100000,golfpang,,,18홀,tr_220548283
킹스데일,2026-09-20,08:40,195000,golfpang,,,18홀,tr_220420364
중원,2026-09-20,08:35,140000,golfpang,,,18홀,tr_220396019
스톤비치,2026-09-20,07:52,130000,golfpang,,,18홀,tr_219993783
중원,2026-09-20,07:46,140000,golfpang,,,18홀,tr_220396018
스톤비치,2026-09-20,06:42,110000,golfpang,,,18홀,tr_219968760
킹즈락,2026-09-20,17:38,80000,golfpang,,,18홀,tr_219529718
킹즈락,2026-09-20,11:47,135000,golfpang,,,18홀,tr_219529717
킹즈락,2026-09-20,07:48,135000,golfpang,,,18홀,tr_219529716
일레븐,2026-09-20,18:05,55000,golfpang,,,18홀,tr_220548234
임페리얼레이크,2026-09-20,18:15,79000,golfpang,,,18홀,tr_220548212
임페리얼레이크,2026-09-20,17:26,89000,golfpang,,,18홀,tr_220548211
임페리얼레이크,2026-09-20,11:31,139000,golfpang,,,18홀,tr_220548210
일레븐,2026-09-20,17:51,55000,golfpang,,,18홀,tr_220548208
스톤비치,2026-09-20,12:27,110000,golfpang,,,18홀,tr_220499673
진천(비공개),2026-09-20,13:26,170000,golfpang,,,18홀,tr_220499837
골프존 천안,2026-09-20,13:54,161000,golfpang,,,18홀,tr_220497034
시그너스,2026-09-20,13:56,160000,golfpang,,,18홀,tr_220499733
블랙스톤벨포레,2026-09-20,16:55,60000,golfpang,,,18홀,tr_220499638
블랙스톤벨포레,2026-09-20,17:23,50000,golfpang,,,18홀,tr_220394067
골프존 화랑,2026-09-20,12:52,139000,golfpang,,,18홀,tr_220398079
로얄링스,2026-09-20,12:48,100000,golfpang,,,18홀,tr_220394026
플라밍고,2026-09-20,13:25,140000,golfpang,,,18홀,tr_220502523
스톤비치,2026-09-20,07:52,130000,golfpang,,,18홀,tr_220499667
로얄링스,2026-09-20,07:52,100000,golfpang,,,18홀,tr_220212721
스톤비치,2026-09-20,13:09,110000,golfpang,,,18홀,tr_220547451
골프존 천안,2026-09-20,14:08,139000,golfpang,,,18홀,tr_220548137
골프존 진천,2026-09-20,13:42,131000,golfpang,,,18홀,tr_218670110
골프존 화랑,2026-09-20,07:51,149000,golfpang,,,18홀,tr_220548144
스톤비치,2026-09-20,08:13,120000,golfpang,,,18홀,tr_219156815
일레븐,2026-09-20,17:20,55000,golfpang,,,18홀,tr_220548078
백제,2026-09-20,13:41,130000,golfpang,,,18홀,tr_220462923
백제,2026-09-20,13:51,130000,golfpang,,,18홀,tr_220462969
이븐데일,2026-09-20,07:21,99000,golfpang,,,18홀,tr_220547852
이븐데일,2026-09-20,08:30,85000,golfpang,,,18홀,tr_220547853
이븐데일,2026-09-20,12:27,85000,golfpang,,,18홀,tr_220547854
속리산cc,2026-09-20,14:11,110000,golfpang,,,18홀,tr_220505192
속리산cc,2026-09-20,14:15,110000,golfpang,,,18홀,tr_220505320
킹스데일,2026-09-20,07:40,180000,golfpang,,,18홀,tr_220241153
떼제베(동북),2026-09-20,06:00,100000,golfpang,,,18홀,tr_220241207
임페리얼레이크,2026-09-20,11:46,139000,golfpang,,,18홀,tr_220262320
속리산cc,2026-09-20,14:07,130000,golfpang,,,18홀,tr_220547769
속리산cc,2026-09-20,14:07,130000,golfpang,,,18홀,tr_220547771
속리산cc,2026-09-20,14:07,130000,golfpang,,,18홀,tr_220547770
이븐데일,2026-09-20,12:20,85000,golfpang,,,18홀,tr_220547766
이븐데일,2026-09-20,12:27,85000,golfpang,,,18홀,tr_220547735
이븐데일,2026-09-20,17:25,55000,golfpang,,,18홀,tr_220547736
이븐데일,2026-09-20,07:21,99000,golfpang,,,18홀,tr_220547734
모나크,2026-09-20,12:56,140000,golfpang,,,18홀,tr_220255873
블랙스톤벨포레,2026-09-20,17:37,50000,golfpang,,,18홀,tr_220547542
블랙스톤벨포레,2026-09-20,18:26,40000,golfpang,,,18홀,tr_220547544
블랙스톤벨포레,2026-09-20,18:19,40000,golfpang,,,18홀,tr_220547543
이븐데일,2026-09-20,07:27,99000,golfpang,,,18홀,tr_220547303
로얄링스,2026-09-20,13:16,160000,golfpang,,,18홀,tr_220543575
스톤비치,2026-09-20,13:30,150000,golfpang,,,18홀,tr_220542592
파인스톤,2026-09-20,07:10,200000,golfpang,,,18홀,tr_220546580
대호단양,2026-09-20,07:59,169000,golfpang,,,18홀,tr_220546995
에스앤-퍼9,2026-09-20,07:52,80000,golfpang,,,18홀,tr_220540940
이븐데일,2026-09-20,11:30,85000,golfpang,,,18홀,tr_220547304
백제,2026-09-20,14:15,120000,golfpang,,,18홀,tr_220547455
백제,2026-09-20,13:26,130000,golfpang,,,18홀,tr_220547454
플라밍고,2026-09-20,18:03,120000,golfpang,,,18홀,tr_220547419
플라밍고,2026-09-20,13:04,150000,golfpang,,,18홀,tr_220547418
중원,2026-09-20,12:37,140000,golfpang,,,18홀,tr_220470310
중원,2026-09-20,07:11,140000,golfpang,,,18홀,tr_220470309
속리산cc,2026-09-20,14:07,120000,golfpang,,,18홀,tr_220547366
속리산cc,2026-09-20,14:07,120000,golfpang,,,18홀,tr_220547365
킹즈락,2026-09-20,11:47,135000,golfpang,,,18홀,tr_220547346
킹즈락,2026-09-20,07:55,135000,golfpang,,,18홀,tr_220547345
킹즈락,2026-09-20,07:34,135000,golfpang,,,18홀,tr_220547344
이븐데일,2026-09-20,17:04,55000,golfpang,,,18홀,tr_220547305
킹스데일,2026-09-20,12:56,170000,golfpang,,,18홀,tr_220015259
킹스데일,2026-09-20,06:51,170000,golfpang,,,18홀,tr_220015258
블랙스톤벨포레,2026-09-20,16:55,60000,golfpang,,,18홀,tr_220522757
플라밍고,2026-09-20,13:25,140000,golfpang,,,18홀,tr_220539095
시그너스,2026-09-20,13:56,160000,golfpang,,,18홀,tr_220523144
진천(비공개),2026-09-20,13:26,170000,golfpang,,,18홀,tr_220523268
스톤비치,2026-09-20,07:52,130000,golfpang,,,18홀,tr_220522888
로얄링스,2026-09-20,07:52,100000,golfpang,,,18홀,tr_220522356
중원,2026-09-20,07:46,140000,golfpang,,,18홀,tr_220523444
이븐데일,2026-09-20,18:50,50000,golfpang,,,18홀,tr_220545341
솔라고,2026-09-20,13:35,140000,golfpang,,,18홀,tr_220546547
스톤비치,2026-09-20,13:37,150000,golfpang,,,18홀,tr_220546522
세레니티cc,2026-09-20,18:41,110000,golfpang,,,18홀,tr_220546287
스톤비치,2026-09-20,13:44,150000,golfpang,,,18홀,tr_220546551
스톤비치,2026-09-20,13:51,150000,golfpang,,,18홀,tr_220546550
이븐데일,2026-09-20,07:55,115000,golfpang,,,18홀,tr_220545306
세레니티cc,2026-09-20,18:55,110000,golfpang,,,18홀,tr_220546289
대호단양,2026-09-20,07:45,169000,golfpang,,,18홀,tr_220546994
대호단양,2026-09-20,07:45,169000,golfpang,,,18홀,tr_220546128
세레니티cc,2026-09-20,19:02,110000,golfpang,,,18홀,tr_220546032
세레니티cc,2026-09-20,19:09,110000,golfpang,,,18홀,tr_220546061
일레븐,2026-09-20,18:05,85000,golfpang,,,18홀,tr_220545633
일레븐,2026-09-20,18:33,80000,golfpang,,,18홀,tr_220545634
세레니티cc,2026-09-20,18:27,110000,golfpang,,,18홀,tr_220546288
대호단양,2026-09-20,12:06,169000,golfpang,,,18홀,tr_220545928
일레븐,2026-09-20,17:51,85000,golfpang,,,18홀,tr_220545631
스톤비치,2026-09-20,17:51,120000,golfpang,,,18홀,tr_220546553
대호단양,2026-09-20,11:59,169000,golfpang,,,18홀,tr_220545927
이븐데일,2026-09-20,18:21,50000,golfpang,,,18홀,tr_220545308
대호단양,2026-09-20,06:07,139000,golfpang,,,18홀,tr_220546127
스톤비치,2026-09-20,14:05,150000,golfpang,,,18홀,tr_220546552
에스앤-퍼9,2026-09-20,16:21,60000,golfpang,,,18홀,tr_220544505
에스앤-퍼9,2026-09-20,11:56,100000,golfpang,,,18홀,tr_220544875
클럽D 보은,2026-09-20,12:13,150000,golfpang,,,18홀,tr_220543771
이븐데일,2026-09-20,12:54,100000,golfpang,,,18홀,tr_220544248
중원,2026-09-20,12:44,140000,golfpang,,,18홀,tr_220544067
로얄링스,2026-09-20,13:23,160000,golfpang,,,18홀,tr_220543574
로얄링스,2026-09-20,07:38,160000,golfpang,,,18홀,tr_220543573
킹즈락,2026-09-20,07:34,135000,golfpang,,,18홀,tr_220544294
이븐데일,2026-09-20,08:09,115000,golfpang,,,18홀,tr_220544247
클럽D 보은,2026-09-20,08:33,160000,golfpang,,,18홀,tr_220543362
클럽D 보은,2026-09-20,08:26,160000,golfpang,,,18홀,tr_220543773
에스앤-퍼9,2026-09-20,11:42,100000,golfpang,,,18홀,tr_220544874
킹스데일,2026-09-20,06:30,180000,golfpang,,,18홀,tr_220543987
에스앤-퍼9,2026-09-20,06:07,80000,golfpang,,,18홀,tr_220544607
클럽D 보은,2026-09-20,13:58,140000,golfpang,,,18홀,tr_220543361
이븐데일,2026-09-20,13:37,100000,golfpang,,,18홀,tr_220544326
이븐데일,2026-09-20,18:08,50000,golfpang,,,18홀,tr_220544328
에스앤-퍼9,2026-09-20,18:13,50000,golfpang,,,18홀,tr_220544536
이븐데일,2026-09-20,17:54,55000,golfpang,,,18홀,tr_220544327
에스앤-퍼9,2026-09-20,17:45,50000,golfpang,,,18홀,tr_220544534
이븐데일,2026-09-20,17:46,55000,golfpang,,,18홀,tr_220544249
일레븐,2026-09-20,17:51,85000,golfpang,,,18홀,tr_220545172
에스앤-퍼9,2026-09-20,17:52,50000,golfpang,,,18홀,tr_220544535
대영힐스,2026-09-20,17:38,85000,golfpang,,,18홀,tr_220543325
킹즈락,2026-09-20,17:38,80000,golfpang,,,18홀,tr_220545149
에스앤-퍼9,2026-09-20,17:10,50000,golfpang,,,18홀,tr_220544506
일레븐,2026-09-20,18:47,80000,golfpang,,,18홀,tr_220545176
킹즈락,2026-09-20,18:48,70000,golfpang,,,18홀,tr_220544295
킹즈락,2026-09-20,18:48,70000,golfpang,,,18홀,tr_220545179
킹즈락,2026-09-20,18:55,70000,golfpang,,,18홀,tr_220544296
이븐데일,2026-09-20,18:36,50000,golfpang,,,18홀,tr_220544330
일레븐,2026-09-20,18:40,80000,golfpang,,,18홀,tr_220545175
에스앤-퍼9,2026-09-20,18:20,50000,golfpang,,,18홀,tr_220544537
킹즈락,2026-09-20,18:27,70000,golfpang,,,18홀,tr_220545178
이븐데일,2026-09-20,18:29,50000,golfpang,,,18홀,tr_220544329
대영베이스,2026-09-20,18:08,89000,golfpang,,,18홀,tr_220543798
클럽D 보은,2026-09-20,06:34,140000,golfpang,,,18홀,tr_220543772
스톤비치,2026-09-20,17:00,70000,golfpang,,,18홀,tr_220258850
스톤비치,2026-09-20,16:30,60000,golfpang,,,18홀,tr_216223546
플라밍고,2026-09-20,18:50,70000,golfpang,,,18홀,tr_220543231
솔라고,2026-09-20,18:30,67000,golfpang,,,18홀,tr_220543169
스톤비치,2026-09-20,18:19,120000,golfpang,,,18홀,tr_220542617
이븐데일,2026-09-20,18:15,50000,golfpang,,,18홀,tr_220541351
세레니티cc,2026-09-20,18:13,110000,golfpang,,,18홀,tr_220542359
일레븐,2026-09-20,18:26,80000,golfpang,,,18홀,tr_220541677
일레븐,2026-09-20,18:26,80000,golfpang,,,18홀,tr_220541676
세레니티cc,2026-09-20,18:41,110000,golfpang,,,18홀,tr_220542133
이븐데일,2026-09-20,18:35,50000,golfpang,,,18홀,tr_220540295
킹즈락,2026-09-20,18:34,70000,golfpang,,,18홀,tr_220541227
대영힐스,2026-09-20,18:55,59000,golfpang,,,18홀,tr_220539291
킹즈락,2026-09-20,18:55,70000,golfpang,,,18홀,tr_220540347
일레븐,2026-09-20,18:47,80000,golfpang,,,18홀,tr_220541678
세레니티cc,2026-09-20,19:02,120000,golfpang,,,18홀,tr_220542317
에스앤-퍼9,2026-09-20,17:24,50000,golfpang,,,18홀,tr_220540942
이븐데일,2026-09-20,18:00,50000,golfpang,,,18홀,tr_220540294
세레니티cc,2026-09-20,17:59,110000,golfpang,,,18홀,tr_220542358
스톤비치,2026-09-20,18:12,120000,golfpang,,,18홀,tr_220542616
일레븐,2026-09-20,18:12,85000,golfpang,,,18홀,tr_220541675
세레니티cc,2026-09-20,18:06,120000,golfpang,,,18홀,tr_220542316
세레니티cc,2026-09-20,18:06,110000,golfpang,,,18홀,tr_220542132
에스앤-퍼9,2026-09-20,18:06,50000,golfpang,,,18홀,tr_220540618
세레니티cc,2026-09-20,18:20,120000,golfpang,,,18홀,tr_220542096
대영베이스,2026-09-20,13:26,139000,golfpang,,,18홀,tr_220539390
클럽D 보은,2026-09-20,13:44,140000,golfpang,,,18홀,tr_220539734
스톤비치,2026-09-20,13:58,150000,golfpang,,,18홀,tr_220542614
스톤비치,2026-09-20,13:58,150000,golfpang,,,18홀,tr_220542684
세레니티cc,2026-09-20,14:37,220000,golfpang,,,18홀,tr_220542357
세레니티cc,2026-09-20,14:16,220000,golfpang,,,18홀,tr_220542360
에스앤-퍼9,2026-09-20,16:56,60000,golfpang,,,18홀,tr_220540941
에스앤-퍼9,2026-09-20,16:49,60000,golfpang,,,18홀,tr_220540581
킹즈락,2026-09-20,11:54,140000,golfpang,,,18홀,tr_220540346
클럽D 보은,2026-09-20,11:52,150000,golfpang,,,18홀,tr_220539335
클럽D 보은,2026-09-20,12:27,150000,golfpang,,,18홀,tr_220539735
이븐데일,2026-09-20,12:27,100000,golfpang,,,18홀,tr_220541350
클럽D 보은,2026-09-20,13:02,140000,golfpang,,,18홀,tr_220539331
에스앤-퍼9,2026-09-20,12:59,80000,golfpang,,,18홀,tr_220540580
스톤비치,2026-09-20,13:23,150000,golfpang,,,18홀,tr_220542685
스톤비치,2026-09-20,07:03,130000,golfpang,,,18홀,tr_220542593
클럽D 보은,2026-09-20,07:02,150000,golfpang,,,18홀,tr_220539733
대호단양,2026-09-20,07:38,159000,golfpang,,,18홀,tr_220543059
이븐데일,2026-09-20,07:21,110000,golfpang,,,18홀,tr_220540296
킹즈락,2026-09-20,07:48,140000,golfpang,,,18홀,tr_220541201
클럽D 보은,2026-09-20,08:05,160000,golfpang,,,18홀,tr_220539736
로얄링스,2026-09-20,07:59,160000,golfpang,,,18홀,tr_220539563
이븐데일,2026-09-20,07:56,115000,golfpang,,,18홀,tr_220540297
킹즈락,2026-09-20,07:55,140000,golfpang,,,18홀,tr_220540344
이븐데일,2026-09-20,08:30,120000,golfpang,,,18홀,tr_220540293
킹즈락,2026-09-20,08:23,150000,golfpang,,,18홀,tr_220541202
클럽D 보은,2026-09-20,06:27,140000,golfpang,,,18홀,tr_220539334
에스앤-퍼9,2026-09-20,06:14,80000,golfpang,,,18홀,tr_220540579
에스앤-퍼9,2026-09-20,06:00,80000,golfpang,,,18홀,tr_220540578
대호단양,2026-09-20,06:42,149000,golfpang,,,18홀,tr_220542191
클럽D 보은,2026-09-20,07:16,150000,golfpang,,,18홀,tr_220539332
일라이트,2026-09-20,18:20,77000,golfpang,,,18홀,tr_220539235
올데이,2026-09-20,17:20,59000,golfpang,,,18홀,tr_220539199
일레븐,2026-09-20,17:20,60000,golfpang,,,18홀,tr_220539166
스톤비치,2026-09-20,17:20,70000,golfpang,,,18홀,tr_219560186
이븐데일,2026-09-20,06:31,105000,golfpang,,,18홀,tr_220536214
킹즈락,2026-09-20,18:27,70000,golfpang,,,18홀,tr_220536265
대영힐스,2026-09-20,18:41,65000,golfpang,,,18홀,tr_220535290
킹즈락,2026-09-20,18:41,70000,golfpang,,,18홀,tr_220536267
세레니티cc,2026-09-20,18:34,110000,golfpang,,,18홀,tr_220538237
킹즈락,2026-09-20,18:34,70000,golfpang,,,18홀,tr_220536266
이븐데일,2026-09-20,18:57,50000,golfpang,,,18홀,tr_220536304
대영힐스,2026-09-20,18:55,59000,golfpang,,,18홀,tr_220535291
일레븐,2026-09-20,18:54,80000,golfpang,,,18홀,tr_220537596
세레니티cc,2026-09-20,18:48,120000,golfpang,,,18홀,tr_220537975
세레니티cc,2026-09-20,19:23,110000,golfpang,,,18홀,tr_220537976
세레니티cc,2026-09-20,19:16,110000,golfpang,,,18홀,tr_220538241
세레니티cc,2026-09-20,19:09,110000,golfpang,,,18홀,tr_220538238
세레니티cc,2026-09-20,19:09,120000,golfpang,,,18홀,tr_220538235
이븐데일,2026-09-20,19:03,50000,golfpang,,,18홀,tr_220536215
에스앤-퍼9,2026-09-20,17:38,50000,golfpang,,,18홀,tr_220536496
이븐데일,2026-09-20,17:47,55000,golfpang,,,18홀,tr_220536303
일레븐,2026-09-20,17:44,85000,golfpang,,,18홀,tr_220537170
에스앤-퍼9,2026-09-20,17:59,50000,golfpang,,,18홀,tr_220536497
스톤비치,2026-09-20,17:58,120000,golfpang,,,18홀,tr_220538511
일레븐,2026-09-20,17:58,85000,golfpang,,,18홀,tr_220537171
스톤비치,2026-09-20,18:12,120000,golfpang,,,18홀,tr_220538580
세레니티cc,2026-09-20,18:06,110000,golfpang,,,18홀,tr_220538236
킹즈락,2026-09-20,18:06,80000,golfpang,,,18홀,tr_220536264
스톤비치,2026-09-20,18:05,120000,golfpang,,,18홀,tr_220538579
스톤비치,2026-09-20,18:05,120000,golfpang,,,18홀,tr_220538512
스톤비치,2026-09-20,18:19,120000,golfpang,,,18홀,tr_220538581
일레븐,2026-09-20,18:19,85000,golfpang,,,18홀,tr_220537595
스톤비치,2026-09-20,13:51,150000,golfpang,,,18홀,tr_220538509
스톤비치,2026-09-20,14:05,150000,golfpang,,,18홀,tr_220538510
에스앤-퍼9,2026-09-20,16:42,60000,golfpang,,,18홀,tr_220536846
세레니티cc,2026-09-20,14:09,220000,golfpang,,,18홀,tr_220538239
파인스톤,2026-09-20,11:17,200000,golfpang,,,18홀,tr_220538419
클럽D 보은,2026-09-20,11:59,150000,golfpang,,,18홀,tr_220535326
클럽D 보은,2026-09-20,11:52,150000,golfpang,,,18홀,tr_220535324
클럽D 보은,2026-09-20,12:20,150000,golfpang,,,18홀,tr_220535323
로얄링스,2026-09-20,12:20,160000,golfpang,,,18홀,tr_220535848
로얄링스,2026-09-20,12:20,160000,golfpang,,,18홀,tr_220535543
클럽D 보은,2026-09-20,12:13,150000,golfpang,,,18홀,tr_220535322
이븐데일,2026-09-20,12:12,100000,golfpang,,,18홀,tr_220537286
로얄링스,2026-09-20,12:06,160000,golfpang,,,18홀,tr_220535542
이븐데일,2026-09-20,12:41,100000,golfpang,,,18홀,tr_220536301
로얄링스,2026-09-20,12:41,160000,golfpang,,,18홀,tr_220535541
스톤비치,2026-09-20,13:23,150000,golfpang,,,18홀,tr_220538470
클럽D 보은,2026-09-20,13:30,140000,golfpang,,,18홀,tr_220535325
클럽D 보은,2026-09-20,07:09,150000,golfpang,,,18홀,tr_220535702
이븐데일,2026-09-20,07:07,110000,golfpang,,,18홀,tr_220537287
대호단양,2026-09-20,07:31,159000,golfpang,,,18홀,tr_220538074
스톤비치,2026-09-20,07:31,140000,golfpang,,,18홀,tr_220538468
클럽D 보은,2026-09-20,07:23,150000,golfpang,,,18홀,tr_220535701
스톤비치,2026-09-20,07:52,140000,golfpang,,,18홀,tr_220538469
스톤비치,2026-09-20,07:45,140000,golfpang,,,18홀,tr_220538578
대호단양,2026-09-20,08:06,169000,golfpang,,,18홀,tr_220537876
대호단양,2026-09-20,11:38,169000,golfpang,,,18홀,tr_220537877
세레니티cc,2026-09-20,18:13,120000,golfpang,,,18홀,tr_220538204
대호단양,2026-09-20,06:07,139000,golfpang,,,18홀,tr_220538960
백제,2026-09-20,14:15,120000,golfpang,,,18홀,tr_220535175
백제,2026-09-20,14:36,120000,golfpang,,,18홀,tr_220535176
킹즈락,2026-09-20,11:47,135000,golfpang,,,18홀,tr_220535124
킹즈락,2026-09-20,17:38,80000,golfpang,,,18홀,tr_220535125
킹즈락,2026-09-20,07:34,130000,golfpang,,,18홀,tr_220535123
모카cc,2026-09-20,14:24,120000,golfpang,,,18홀,tr_220535111
솔라고,2026-09-20,13:20,140000,golfpang,,,18홀,tr_220535107
모카cc,2026-09-20,08:25,120000,golfpang,,,18홀,tr_220396402
플라밍고,2026-09-20,13:10,140000,golfpang,,,18홀,tr_220523470
스톤비치,2026-09-20,08:20,120000,golfpang,,,18홀,tr_216232871
스톤비치,2026-09-20,13:00,110000,golfpang,,,18홀,tr_216423320
스톤비치,2026-09-20,17:16,70000,golfpang,,,18홀,tr_216231620
모카cc,2026-09-20,14:24,120000,golfpang,,,18홀,tr_220504622
이븐데일,2026-09-20,12:12,95000,golfpang,,,18홀,tr_220523290
이븐데일,2026-09-20,17:25,55000,golfpang,,,18홀,tr_220523291
이븐데일,2026-09-20,06:31,104000,golfpang,,,18홀,tr_220523289
로얄링스,2026-09-20,12:10,100000,golfpang,,,18홀,tr_219557968
솔라고,2026-09-20,14:00,120000,golfpang,,,18홀,tr_219160189
일레븐,2026-09-20,17:00,65000,golfpang,,,18홀,tr_219332286
플라밍고,2026-09-20,18:00,80000,golfpang,,,18홀,tr_220002080
플라밍고,2026-09-20,12:40,140000,golfpang,,,18홀,tr_220002066
솔라고,2026-09-20,13:10,140000,golfpang,,,18홀,tr_219160188
로얄링스,2026-09-20,07:52,100000,golfpang,,,18홀,tr_219557966
일레븐,2026-09-20,18:26,60000,golfpang,,,18홀,tr_220523186
일레븐,2026-09-20,18:05,60000,golfpang,,,18홀,tr_220523185
일레븐,2026-09-20,17:44,60000,golfpang,,,18홀,tr_220523184
진천(비공개),2026-09-20,13:26,170000,golfpang,,,18홀,tr_220004812
킹즈락,2026-09-20,08:23,145000,golfpang,,,18홀,tr_220523035
킹즈락,2026-09-20,11:47,135000,golfpang,,,18홀,tr_220523034
킹즈락,2026-09-20,07:55,135000,golfpang,,,18홀,tr_220523033
중원,2026-09-20,07:46,140000,golfpang,,,18홀,tr_220401422
중원,2026-09-20,07:04,130000,golfpang,,,18홀,tr_220401420
일레븐,2026-09-20,17:23,60000,golfpang,,,18홀,tr_220522829
스타,2026-09-20,18:24,80000,golfpang,,,18홀,tr_219662385
대영베이스,2026-09-20,18:28,65000,golfpang,,,18홀,tr_219470402
킹즈락,2026-09-20,07:55,135000,golfpang,,,18홀,tr_220522784
킹즈락,2026-09-20,17:38,80000,golfpang,,,18홀,tr_220522786
킹즈락,2026-09-20,11:47,135000,golfpang,,,18홀,tr_220522785
스타,2026-09-20,06:44,170000,golfpang,,,18홀,tr_220396797
스타,2026-09-20,06:23,160000,golfpang,,,18홀,tr_220396796
스타,2026-09-20,13:51,140000,golfpang,,,18홀,tr_220396798
예미지,2026-09-20,13:15,170000,golfpang,,,18홀,tr_220396343
예미지,2026-09-20,12:12,175000,golfpang,,,18홀,tr_220396342
백제,2026-09-20,14:15,120000,golfpang,,,18홀,tr_219889969
떼제베,2026-09-20,17:13,110000,golfpang,,,18홀,tr_220139315
로얄포레,2026-09-20,17:12,79000,golfpang,,,18홀,tr_220274589
임페리얼레이크,2026-09-20,17:26,89000,golfpang,,,18홀,tr_220219383
올데이,2026-09-20,17:26,59000,golfpang,,,18홀,tr_220278939
블랙스톤벨포레,2026-09-20,17:44,50000,golfpang,,,18홀,tr_220485294
대영힐스,2026-09-20,17:38,85000,golfpang,,,18홀,tr_220522385
떼제베(동북),2026-09-20,17:34,90000,golfpang,,,18홀,tr_220142427
떼제베,2026-09-20,17:48,110000,golfpang,,,18홀,tr_220139316
올데이,2026-09-20,12:34,89000,golfpang,,,18홀,tr_220278938
떼제베(동북),2026-09-20,12:53,120000,golfpang,,,18홀,tr_220142426
감곡,2026-09-20,12:53,160000,golfpang,,,18홀,tr_219765934
센테리움,2026-09-20,12:50,149000,golfpang,,,18홀,tr_220242197
킹스데일,2026-09-20,12:56,170000,golfpang,,,18홀,tr_220014026
모나크,2026-09-20,12:56,140000,golfpang,,,18홀,tr_220241967
백제,2026-09-20,13:12,130000,golfpang,,,18홀,tr_219889968
속리산cc,2026-09-20,13:32,130000,golfpang,,,18홀,tr_219970465
감곡,2026-09-20,13:42,150000,golfpang,,,18홀,tr_219765935
골든베이,2026-09-20,07:54,150000,golfpang,,,18홀,tr_218952803
모카cc,2026-09-20,08:32,130000,golfpang,,,18홀,tr_220485168
킹즈락,2026-09-20,08:23,145000,golfpang,,,18홀,tr_220522766
감곡,2026-09-20,08:15,180000,golfpang,,,18홀,tr_219765933
임페리얼레이크,2026-09-20,11:10,139000,golfpang,,,18홀,tr_220219382
킹즈락,2026-09-20,11:54,135000,golfpang,,,18홀,tr_220522765
프린세스,2026-09-20,12:25,140000,golfpang,,,18홀,tr_219443831
속리산cc,2026-09-20,12:22,150000,golfpang,,,18홀,tr_219970464
골든베이,2026-09-20,12:21,150000,golfpang,,,18홀,tr_218952804
로얄포레,2026-09-20,12:20,119000,golfpang,,,18홀,tr_220274588
보령베이스-퍼9,2026-09-20,12:10,119000,golfpang,,,18홀,tr_220150606
프린세스,2026-09-20,06:41,155000,golfpang,,,18홀,tr_219443829
임페리얼레이크,2026-09-20,07:07,129000,golfpang,,,18홀,tr_220219381
떼제베(동북),2026-09-20,07:42,140000,golfpang,,,18홀,tr_220142425
로얄포레,2026-09-20,07:42,129000,golfpang,,,18홀,tr_220274587
떼제베,2026-09-20,07:35,160000,golfpang,,,18홀,tr_220139314
킹스데일,2026-09-20,07:47,180000,golfpang,,,18홀,tr_220014025
프린세스,2026-09-20,07:44,160000,golfpang,,,18홀,tr_219443830
속리산cc,2026-09-20,07:57,160000,golfpang,,,18홀,tr_219970463
센테리움,2026-09-20,07:56,159000,golfpang,,,18홀,tr_220242196
올데이,2026-09-20,07:56,119000,golfpang,,,18홀,tr_220278937
킹즈락,2026-09-20,07:55,135000,golfpang,,,18홀,tr_220522764
스타,2026-09-20,06:23,160000,golfpang,,,18홀,tr_220033913
모나크,2026-09-20,06:18,150000,golfpang,,,18홀,tr_220241966
대영베이스,2026-09-20,18:08,89000,golfpang,,,18홀,tr_220521988
모나크,2026-09-20,18:16,90000,golfpang,,,18홀,tr_220241968
블랙스톤벨포레,2026-09-20,18:26,40000,golfpang,,,18홀,tr_220485295
보령베이스-퍼9,2026-09-20,18:33,45000,golfpang,,,18홀,tr_220150607
프린세스,2026-09-20,07:23,160000,golfpang,,,18홀,tr_219557477
킹즈락,2026-09-20,13:11,125000,golfpang,,,18홀,tr_219555157
프린세스,2026-09-20,13:00,140000,golfpang,,,18홀,tr_219557478
플라밍고,2026-09-20,06:20,160000,golfpang,,,18홀,tr_220198499
플라밍고,2026-09-20,13:32,150000,golfpang,,,18홀,tr_220198500
골프존 진천,2026-09-20,08:34,169000,golfpang,,,18홀,tr_220366233
센테리움,2026-09-20,08:31,199000,golfpang,,,18홀,tr_220377295
골든베이,2026-09-20,08:22,150000,golfpang,,,18홀,tr_218977348
골프존 화랑,2026-09-20,08:40,149000,golfpang,,,18홀,tr_220349450
골든베이,2026-09-20,12:00,130000,golfpang,,,18홀,tr_218977349
골프존 진천,2026-09-20,06:42,149000,golfpang,,,18홀,tr_220366231
센테리움,2026-09-20,07:07,159000,golfpang,,,18홀,tr_220377294
킹즈락,2026-09-20,07:06,130000,golfpang,,,18홀,tr_219555156
골프존 진천,2026-09-20,07:31,159000,golfpang,,,18홀,tr_220366232
골프존 화랑,2026-09-20,14:02,129000,golfpang,,,18홀,tr_220349451
킹스데일,2026-09-20,06:30,170000,golfpang,,,18홀,tr_220376857
플라밍고,2026-09-20,17:07,130000,golfpang,,,18홀,tr_220198501
골프존 화랑,2026-09-20,18:00,65000,golfpang,,,18홀,tr_220349452
킹즈락,2026-09-20,17:38,80000,golfpang,,,18홀,tr_219555158
프린세스,2026-09-20,18:09,85000,golfpang,,,18홀,tr_219557479
감곡,2026-09-20,18:34,100000,golfpang,,,18홀,tr_220486057
감곡,2026-09-20,19:02,100000,golfpang,,,18홀,tr_220486058
감곡,2026-09-20,18:13,100000,golfpang,,,18홀,tr_220486056
대영베이스,2026-09-20,18:08,89000,golfpang,,,18홀,tr_220493730
대영힐스,2026-09-20,17:38,85000,golfpang,,,18홀,tr_220494216
대영힐스,2026-09-20,19:02,59000,golfpang,,,18홀,tr_220494218
대영힐스,2026-09-20,18:41,65000,golfpang,,,18홀,tr_220494217
떼제베(동북),2026-09-20,17:13,90000,golfpang,,,18홀,tr_220499617
떼제베(동북),2026-09-20,18:30,80000,golfpang,,,18홀,tr_220499618
중원,2026-09-20,06:29,130000,golfpang,,,18홀,tr_220496896
로얄포레,2026-09-20,11:31,119000,golfpang,,,18홀,tr_220502444
떼제베,2026-09-20,16:52,110000,golfpang,,,18홀,tr_220496940
떼제베,2026-09-20,18:30,100000,golfpang,,,18홀,tr_220496942
떼제베,2026-09-20,17:27,110000,golfpang,,,18홀,tr_220496941
중원,2026-09-20,12:51,140000,golfpang,,,18홀,tr_220496897
떼제베(동북),2026-09-20,11:43,120000,golfpang,,,18홀,tr_220499616
로얄포레,2026-09-20,17:54,79000,golfpang,,,18홀,tr_220502446
로얄포레,2026-09-20,12:55,109000,golfpang,,,18홀,tr_220502445
블랙스톤벨포레,2026-09-20,18:26,40000,golfpang,,,18홀,tr_220503458
속리산cc,2026-09-20,14:07,120000,golfpang,,,18홀,tr_220503769
블랙스톤벨포레,2026-09-20,17:44,50000,golfpang,,,18홀,tr_220503457
임페리얼레이크,2026-09-20,18:15,79000,golfpang,,,18홀,tr_220505489
임페리얼레이크,2026-09-20,07:56,139000,golfpang,,,18홀,tr_220505487
올데이,2026-09-20,12:20,89000,golfpang,,,18홀,tr_220505586
올데이,2026-09-20,07:07,99000,golfpang,,,18홀,tr_220505585
임페리얼레이크,2026-09-20,11:31,139000,golfpang,,,18홀,tr_220505488
올데이,2026-09-20,18:22,59000,golfpang,,,18홀,tr_220505587
힐데스하임,2026-09-20,12:04,135000,golfpang,,,18홀,tr_220518644
힐데스하임,2026-09-20,19:19,60000,golfpang,,,18홀,tr_220518646
힐데스하임,2026-09-20,18:26,75000,golfpang,,,18홀,tr_220518645
백제,2026-09-20,13:12,130000,golfpang,,,18홀,tr_220522693
백제,2026-09-20,14:15,120000,golfpang,,,18홀,tr_220522694
센테리움,2026-09-20,07:56,159000,golfpang,,,18홀,tr_220522580
센테리움,2026-09-20,12:50,169000,golfpang,,,18홀,tr_220522581
골프존 진천,2026-09-20,06:49,149000,golfpang,,,18홀,tr_220328625
일레븐,2026-09-20,18:05,60000,golfpang,,,18홀,tr_220422141
블랙스톤벨포레,2026-09-20,18:19,40000,golfpang,,,18홀,tr_220505510
감곡,2026-09-20,18:20,100000,golfpang,,,18홀,tr_220375802
블랙스톤벨포레,2026-09-20,18:54,40000,golfpang,,,18홀,tr_220505511
솔라고,2026-09-20,14:03,120000,golfpang,,,18홀,tr_219425160
대영힐스,2026-09-20,17:03,85000,golfpang,,,18홀,tr_220215754
이븐데일,2026-09-20,17:19,55000,golfpang,,,18홀,tr_220513218
대영베이스,2026-09-20,17:08,99000,golfpang,,,18홀,tr_220215469
일레븐,2026-09-20,17:30,60000,golfpang,,,18홀,tr_220422139
블랙스톤벨포레,2026-09-20,17:37,50000,golfpang,,,18홀,tr_220505509
감곡,2026-09-20,17:45,100000,golfpang,,,18홀,tr_220375800
일레븐,2026-09-20,17:44,60000,golfpang,,,18홀,tr_220422140
골프존 진천,2026-09-20,12:32,141000,golfpang,,,18홀,tr_220328626
속리산cc,2026-09-20,13:11,130000,golfpang,,,18홀,tr_219985079
골프존 화랑,2026-09-20,13:27,155000,golfpang,,,18홀,tr_219957133
센테리움,2026-09-20,13:25,139000,golfpang,,,18홀,tr_220278750
스타,2026-09-20,13:51,140000,golfpang,,,18홀,tr_219985681
골프존 진천,2026-09-20,13:42,131000,golfpang,,,18홀,tr_220328627
모카cc,2026-09-20,08:32,140000,golfpang,,,18홀,tr_220421893
중원,2026-09-20,08:21,140000,golfpang,,,18홀,tr_220401739
모카cc,2026-09-20,08:39,140000,golfpang,,,18홀,tr_220421894
골프존 화랑,2026-09-20,11:42,165000,golfpang,,,18홀,tr_219957132
속리산cc,2026-09-20,12:01,150000,golfpang,,,18홀,tr_219985078
대영베이스,2026-09-20,11:59,145000,golfpang,,,18홀,tr_220215468
이븐데일,2026-09-20,11:58,95000,golfpang,,,18홀,tr_220513217
힐데스하임,2026-09-20,11:57,160000,golfpang,,,18홀,tr_220241091
프린세스,2026-09-20,12:18,140000,golfpang,,,18홀,tr_219426460
대영힐스,2026-09-20,12:18,129000,golfpang,,,18홀,tr_220215753
스타,2026-09-20,06:44,170000,golfpang,,,18홀,tr_219985680
프린세스,2026-09-20,06:41,155000,golfpang,,,18홀,tr_219426458
프린세스,2026-09-20,07:44,160000,golfpang,,,18홀,tr_219426459
킹스데일,2026-09-20,07:40,190000,golfpang,,,18홀,tr_219569844
솔라고,2026-09-20,07:24,140000,golfpang,,,18홀,tr_219425159
대영베이스,2026-09-20,08:07,149000,golfpang,,,18홀,tr_220215467
킹스데일,2026-09-20,06:30,180000,golfpang,,,18홀,tr_219569843
중원,2026-09-20,06:29,130000,golfpang,,,18홀,tr_220401738
골프존 화랑,2026-09-20,06:27,165000,golfpang,,,18홀,tr_219957131
스타,2026-09-20,06:23,160000,golfpang,,,18홀,tr_219985679
속리산cc,2026-09-20,06:19,110000,golfpang,,,18홀,tr_219985077
대영힐스,2026-09-20,06:07,115000,golfpang,,,18홀,tr_220215752
힐데스하임,2026-09-20,06:00,140000,golfpang,,,18홀,tr_220241092
이븐데일,2026-09-20,06:52,104000,golfpang,,,18홀,tr_220513216
힐데스하임,2026-09-20,06:52,145000,golfpang,,,18홀,tr_220241090
감곡,2026-09-20,17:59,100000,golfpang,,,18홀,tr_220375801
센테리움,2026-09-20,06:46,149000,golfpang,,,18홀,tr_220278749
플라밍고,2026-09-20,12:40,140000,golfpang,,,18홀,tr_220002092
로얄링스,2026-09-20,18:00,65000,golfpang,,,18홀,tr_220213533
일레븐,2026-09-20,17:00,65000,golfpang,,,18홀,tr_220001682
블랙스톤벨포레,2026-09-20,17:00,60000,golfpang,,,18홀,tr_219784191
솔라고,2026-09-20,14:00,120000,golfpang,,,18홀,tr_219795851
솔라고,2026-09-20,18:30,67000,golfpang,,,18홀,tr_217316702
골프존 화랑,2026-09-20,07:30,175000,golfpang,,,18홀,tr_219870478
속리산cc,2026-09-20,07:08,130000,golfpang,,,18홀,tr_219780233
골프존 진천,2026-09-20,06:35,185000,golfpang,,,18홀,tr_219870438
백제,2026-09-20,14:08,140000,golfpang,,,18홀,tr_219780232
일라이트,2026-09-20,06:35,135000,golfpang,,,18홀,tr_219780283
대영힐스,2026-09-20,13:30,129000,golfpang,,,18홀,tr_219870402
모카cc,2026-09-20,14:24,120000,golfpang,,,18홀,tr_220401387
중원,2026-09-20,07:04,130000,golfpang,,,18홀,tr_220346164
중원,2026-09-20,07:46,140000,golfpang,,,18홀,tr_220346148
프린세스,2026-09-20,07:37,150000,golfpang,,,18홀,tr_220522167
프린세스,2026-09-20,14:03,140000,golfpang,,,18홀,tr_220522168
프린세스,2026-09-20,06:48,140000,golfpang,,,18홀,tr_220522166
스타,2026-09-20,18:31,80000,golfpang,,,18홀,tr_220521759
스타,2026-09-20,06:29,160000,golfpang,,,18홀,tr_220521757
스타,2026-09-20,11:38,170000,golfpang,,,18홀,tr_220521758
떼제베(동북),2026-09-20,17:34,90000,golfpang,,,18홀,tr_220521740
떼제베(동북),2026-09-20,05:57,100000,golfpang,,,18홀,tr_220521738
떼제베(동북),2026-09-20,06:39,110000,golfpang,,,18홀,tr_220521739
감곡,2026-09-20,18:06,100000,golfpang,,,18홀,tr_220521700
감곡,2026-09-20,18:34,100000,golfpang,,,18홀,tr_220521701
감곡,2026-09-20,17:59,100000,golfpang,,,18홀,tr_220521699
블랙스톤벨포레,2026-09-20,18:33,40000,golfpang,,,18홀,tr_220521677
블랙스톤벨포레,2026-09-20,18:19,40000,golfpang,,,18홀,tr_220521676
블랙스톤벨포레,2026-09-20,17:30,50000,golfpang,,,18홀,tr_220521675
감곡,2026-09-20,17:59,100000,golfpang,,,18홀,tr_220399400
감곡,2026-09-20,18:13,100000,golfpang,,,18홀,tr_220399402
대영베이스,2026-09-20,18:08,95000,golfpang,,,18홀,tr_220469764
감곡,2026-09-20,18:20,100000,golfpang,,,18홀,tr_220399401
블랙스톤벨포레,2026-09-20,18:19,40000,golfpang,,,18홀,tr_220481070
플라밍고,2026-09-20,18:17,120000,golfpang,,,18홀,tr_220233183
모나크,2026-09-20,18:16,90000,golfpang,,,18홀,tr_220478925
골프존 화랑,2026-09-20,18:14,65000,golfpang,,,18홀,tr_220469534
떼제베,2026-09-20,18:30,100000,golfpang,,,18홀,tr_220476852
블랙스톤벨포레,2026-09-20,18:26,40000,golfpang,,,18홀,tr_220481071
대영힐스,2026-09-20,18:41,65000,golfpang,,,18홀,tr_220470014
떼제베,2026-09-20,18:37,100000,golfpang,,,18홀,tr_220476853
떼제베(동북),2026-09-20,18:30,80000,golfpang,,,18홀,tr_220478897
대영힐스,2026-09-20,19:02,59000,golfpang,,,18홀,tr_220470015
파인스톤,2026-09-20,18:46,120000,golfpang,,,18홀,tr_220190290
스타,2026-09-20,18:45,80000,golfpang,,,18홀,tr_220483717
떼제베(동북),2026-09-20,18:44,80000,golfpang,,,18홀,tr_220478898
골프존 화랑,2026-09-20,14:02,129000,golfpang,,,18홀,tr_220469533
솔라고,2026-09-20,14:23,120000,golfpang,,,18홀,tr_220036018
동촌,2026-09-20,14:22,155000,golfpang,,,18홀,tr_220476724
백제,2026-09-20,14:15,120000,golfpang,,,18홀,tr_220180629
중원,2026-09-20,14:15,130000,golfpang,,,18홀,tr_220484738
세레니티cc,2026-09-20,14:09,260000,golfpang,,,18홀,tr_220483275
대호단양,2026-09-20,17:02,99000,golfpang,,,18홀,tr_220470544
떼제베,2026-09-20,17:20,110000,golfpang,,,18홀,tr_220476851
떼제베(동북),2026-09-20,17:13,90000,golfpang,,,18홀,tr_220478896
대영힐스,2026-09-20,17:38,85000,golfpang,,,18홀,tr_220470013
블랙스톤벨포레,2026-09-20,17:37,50000,golfpang,,,18홀,tr_220481069
프린세스,2026-09-20,17:48,95000,golfpang,,,18홀,tr_220485345
로얄링스,2026-09-20,12:41,120000,golfpang,,,18홀,tr_220215194
플라밍고,2026-09-20,12:29,160000,golfpang,,,18홀,tr_220233181
예미지,2026-09-20,12:54,175000,golfpang,,,18홀,tr_220483800
골든베이,2026-09-20,12:45,130000,golfpang,,,18홀,tr_219597032
로얄포레,2026-09-20,13:02,109000,golfpang,,,18홀,tr_220399187
솔라고,2026-09-20,13:00,140000,golfpang,,,18홀,tr_220036017
모나크,2026-09-20,12:56,140000,golfpang,,,18홀,tr_220478924
백제,2026-09-20,13:12,130000,golfpang,,,18홀,tr_220180628
힐데스하임,2026-09-20,13:34,150000,golfpang,,,18홀,tr_219621126
플라밍고,2026-09-20,13:32,150000,golfpang,,,18홀,tr_220233182
예미지,2026-09-20,13:29,170000,golfpang,,,18홀,tr_220483801
속리산cc,2026-09-20,14:07,120000,golfpang,,,18홀,tr_220505520
속리산cc,2026-09-20,14:07,120000,golfpang,,,18홀,tr_220505519
힐데스하임,2026-09-20,14:04,145000,golfpang,,,18홀,tr_219621127
프린세스,2026-09-20,14:03,140000,golfpang,,,18홀,tr_220485344
골든베이,2026-09-20,07:54,150000,golfpang,,,18홀,tr_219597031
모카cc,2026-09-20,08:32,140000,golfpang,,,18홀,tr_220478981
중원,2026-09-20,08:28,140000,golfpang,,,18홀,tr_220484737
킹스데일,2026-09-20,08:43,200000,golfpang,,,18홀,tr_220485213
동촌,2026-09-20,08:40,190000,golfpang,,,18홀,tr_220476723
모카cc,2026-09-20,08:39,140000,golfpang,,,18홀,tr_220478982
대호단양,2026-09-20,11:38,159000,golfpang,,,18홀,tr_220470543
스타,2026-09-20,11:37,170000,golfpang,,,18홀,tr_220483716
파인스톤,2026-09-20,11:10,220000,golfpang,,,18홀,tr_220190289
올데이,2026-09-20,11:52,109000,golfpang,,,18홀,tr_220454622
올데이,2026-09-20,12:20,89000,golfpang,,,18홀,tr_220454623
로얄링스,2026-09-20,07:38,120000,golfpang,,,18홀,tr_220215193
세레니티cc,2026-09-20,06:30,240000,golfpang,,,18홀,tr_220483274
킹스데일,2026-09-20,06:30,170000,golfpang,,,18홀,tr_220485212
스타,2026-09-20,06:23,160000,golfpang,,,18홀,tr_220483715
힐데스하임,2026-09-20,06:22,145000,golfpang,,,18홀,tr_219621125
파인스톤,2026-09-20,06:21,190000,golfpang,,,18홀,tr_220190288
모나크,2026-09-20,06:18,150000,golfpang,,,18홀,tr_220478923
프린세스,2026-09-20,06:14,145000,golfpang,,,18홀,tr_220485343
대호단양,2026-09-20,06:07,139000,golfpang,,,18홀,tr_220470542
세레니티cc,2026-09-20,17:59,130000,golfpang,,,18홀,tr_220483276
모카cc,2026-09-20,07:36,150000,golfpang,,,18홀,tr_220437081
백제,2026-09-20,13:19,130000,golfpang,,,18홀,tr_220437135
모나크,2026-09-20,13:38,140000,golfpang,,,18홀,tr_220437040
동촌,2026-09-20,08:40,190000,golfpang,,,18홀,tr_220434488
로얄링스,2026-09-20,11:59,100000,golfpang,,,18홀,tr_220436965
킹스데일,2026-09-20,06:58,170000,golfpang,,,18홀,tr_220439698
프린세스,2026-09-20,07:37,150000,golfpang,,,18홀,tr_220439770
속리산cc,2026-09-20,14:14,110000,golfpang,,,18홀,tr_220437223
클럽D 보은,2026-09-20,07:23,150000,golfpang,,,18홀,tr_220434434
이븐데일,2026-09-20,07:21,109000,golfpang,,,18홀,tr_220437316
골프존 화랑,2026-09-20,08:05,149000,golfpang,,,18홀,tr_220431282
킹즈락,2026-09-20,08:02,140000,golfpang,,,18홀,tr_220439714
로얄링스,2026-09-20,07:59,100000,golfpang,,,18홀,tr_220434527
중원,2026-09-20,06:29,140000,golfpang,,,18홀,tr_220439694
모나크,2026-09-20,13:31,140000,golfpang,,,18홀,tr_220516125
모나크,2026-09-20,12:56,140000,golfpang,,,18홀,tr_220516124
모나크,2026-09-20,06:18,150000,golfpang,,,18홀,tr_220516123
프린세스,2026-09-20,06:47,140000,golfpang,,,18홀,tr_220396452
스톤비치,2026-09-20,17:23,70000,golfpang,,,18홀,tr_220513067
블랙스톤벨포레,2026-09-20,18:19,40000,golfpang,,,18홀,tr_220513009
블랙스톤벨포레,2026-09-20,18:19,40000,golfpang,,,18홀,tr_220513010
블랙스톤벨포레,2026-09-20,17:37,50000,golfpang,,,18홀,tr_220513008
플라밍고,2026-09-20,17:07,90000,golfpang,,,18홀,tr_220512972
속리산cc,2026-09-20,13:11,120000,golfpang,,,18홀,tr_220512940
속리산cc,2026-09-20,07:08,130000,golfpang,,,18홀,tr_220512939
속리산cc,2026-09-20,06:19,110000,golfpang,,,18홀,tr_220512938
블랙스톤벨포레,2026-09-20,16:55,60000,golfpang,,,18홀,tr_220512915
임페리얼레이크,2026-09-20,18:08,79000,golfpang,,,18홀,tr_220283041
감곡,2026-09-20,18:20,100000,golfpang,,,18홀,tr_220375617
모나크,2026-09-20,18:16,90000,golfpang,,,18홀,tr_220236073
떼제베,2026-09-20,18:37,100000,golfpang,,,18홀,tr_220441737
보령베이스-퍼9,2026-09-20,18:33,45000,golfpang,,,18홀,tr_219331050
감곡,2026-09-20,18:59,100000,golfpang,,,18홀,tr_220375616
골프존 화랑,2026-09-20,14:02,129000,golfpang,,,18홀,tr_220361712
백제,2026-09-20,14:15,120000,golfpang,,,18홀,tr_220423584
골프존 진천,2026-09-20,06:56,149000,golfpang,,,18홀,tr_220347710
떼제베,2026-09-20,17:20,110000,golfpang,,,18홀,tr_220441734
떼제베(동북),2026-09-20,17:13,90000,golfpang,,,18홀,tr_220391411
떼제베,2026-09-20,17:13,110000,golfpang,,,18홀,tr_220342029
대영베이스,2026-09-20,17:41,89000,golfpang,,,18홀,tr_220287907
감곡,2026-09-20,17:52,100000,golfpang,,,18홀,tr_220375615
골프존 진천,2026-09-20,12:32,141000,golfpang,,,18홀,tr_220347712
플라밍고,2026-09-20,12:29,160000,golfpang,,,18홀,tr_220118285
예미지,2026-09-20,12:47,175000,golfpang,,,18홀,tr_220391528
로얄포레,2026-09-20,13:02,119000,golfpang,,,18홀,tr_220283271
모나크,2026-09-20,12:56,140000,golfpang,,,18홀,tr_220236072
대영힐스,2026-09-20,13:23,129000,golfpang,,,18홀,tr_220287599
예미지,2026-09-20,13:22,170000,golfpang,,,18홀,tr_220391529
백제,2026-09-20,13:12,130000,golfpang,,,18홀,tr_220423583
플라밍고,2026-09-20,13:32,150000,golfpang,,,18홀,tr_220118286
골든베이,2026-09-20,13:52,130000,golfpang,,,18홀,tr_219330546
스타,2026-09-20,13:51,140000,golfpang,,,18홀,tr_220376450
보령베이스-퍼9,2026-09-20,13:41,89000,golfpang,,,18홀,tr_219331049
골프존 화랑,2026-09-20,08:33,149000,golfpang,,,18홀,tr_220361710
스톤비치,2026-09-20,08:27,140000,golfpang,,,18홀,tr_219373063
골든베이,2026-09-20,08:22,150000,golfpang,,,18홀,tr_219330545
솔라고,2026-09-20,08:20,160000,golfpang,,,18홀,tr_219339921
대호단양,2026-09-20,11:10,169000,golfpang,,,18홀,tr_219330759
킹스데일,2026-09-20,08:43,200000,golfpang,,,18홀,tr_220346003
골프존 화랑,2026-09-20,08:40,149000,golfpang,,,18홀,tr_220361711
임페리얼레이크,2026-09-20,11:31,139000,golfpang,,,18홀,tr_220283040
힐데스하임,2026-09-20,11:57,160000,golfpang,,,18홀,tr_219929497
프린세스,2026-09-20,12:18,140000,golfpang,,,18홀,tr_219437688
대영힐스,2026-09-20,12:18,130000,golfpang,,,18홀,tr_220287598
대호단양,2026-09-20,12:06,149000,golfpang,,,18홀,tr_219330760
프린세스,2026-09-20,06:41,155000,golfpang,,,18홀,tr_219437686
서산수,2026-09-20,06:36,220000,golfpang,,,18홀,tr_219911153
서산수,2026-09-20,06:36,220000,golfpang,,,18홀,tr_219911154
스톤비치,2026-09-20,06:35,120000,golfpang,,,18홀,tr_219373061
스타,2026-09-20,07:19,170000,golfpang,,,18홀,tr_220376449
센테리움,2026-09-20,07:14,159000,golfpang,,,18홀,tr_220345918
스톤비치,2026-09-20,07:10,130000,golfpang,,,18홀,tr_219373062
힐데스하임,2026-09-20,07:37,165000,golfpang,,,18홀,tr_219929496
대영베이스,2026-09-20,07:34,145000,golfpang,,,18홀,tr_220287905
골프존 진천,2026-09-20,07:31,159000,golfpang,,,18홀,tr_220347711
보령베이스-퍼9,2026-09-20,07:46,89000,golfpang,,,18홀,tr_219331048
프린세스,2026-09-20,07:44,160000,golfpang,,,18홀,tr_219437687
임페리얼레이크,2026-09-20,08:10,149000,golfpang,,,18홀,tr_220283039
로얄포레,2026-09-20,08:10,149000,golfpang,,,18홀,tr_220283270
대영베이스,2026-09-20,08:07,149000,golfpang,,,18홀,tr_220287906
센테리움,2026-09-20,07:56,159000,golfpang,,,18홀,tr_220345917
킹스데일,2026-09-20,06:30,170000,golfpang,,,18홀,tr_220346002
스타,2026-09-20,06:23,160000,golfpang,,,18홀,tr_220376448
플라밍고,2026-09-20,06:20,160000,golfpang,,,18홀,tr_220118284
모나크,2026-09-20,06:18,150000,golfpang,,,18홀,tr_220236071
대영힐스,2026-09-20,06:07,119000,golfpang,,,18홀,tr_220287597
로얄포레,2026-09-20,05:57,109000,golfpang,,,18홀,tr_220283269
떼제베(동북),2026-09-20,17:55,90000,golfpang,,,18홀,tr_220441699
힐데스하임,2026-09-20,06:52,150000,golfpang,,,18홀,tr_219929495
중원,2026-09-20,14:08,120000,golfpang,,,18홀,tr_220512868
시그너스,2026-09-20,13:56,160000,golfpang,,,18홀,tr_220505471
골프존 천안,2026-09-20,13:54,161000,golfpang,,,18홀,tr_220505408
에스앤-퍼9,2026-09-20,17:11,44000,golfpang,,,18홀,tr_220396490
진천(비공개),2026-09-20,13:26,170000,golfpang,,,18홀,tr_220505195
에스앤-퍼9,2026-09-20,07:52,74000,golfpang,,,18홀,tr_220396473
플라밍고,2026-09-20,13:25,140000,golfpang,,,18홀,tr_220505188
아리스타,2026-09-20,06:39,125000,golfpang,,,18홀,tr_220396468
이븐데일,2026-09-20,18:00,50000,golfpang,,,18홀,tr_220505152
이븐데일,2026-09-20,11:58,95000,golfpang,,,18홀,tr_220505151
스타,2026-09-20,11:38,170000,golfpang,,,18홀,tr_220396466
모카cc,2026-09-20,08:39,130000,golfpang,,,18홀,tr_220002567
로얄포레,2026-09-20,12:55,109000,golfpang,,,18홀,tr_220396456
동촌,2026-09-20,08:40,190000,golfpang,,,18홀,tr_220002580
골프존 화랑,2026-09-20,12:52,139000,golfpang,,,18홀,tr_220504858
로얄링스,2026-09-20,12:48,100000,golfpang,,,18홀,tr_220504735
스톤비치,2026-09-20,13:38,110000,golfpang,,,18홀,tr_216420720
스톤비치,2026-09-20,12:27,110000,golfpang,,,18홀,tr_220504652
블랙스톤벨포레,2026-09-20,17:51,50000,golfpang,,,18홀,tr_220504624
블랙스톤벨포레,2026-09-20,17:44,50000,golfpang,,,18홀,tr_220504623
블랙스톤벨포레,2026-09-20,18:26,40000,golfpang,,,18홀,tr_220504625
스톤비치,2026-09-20,17:30,70000,golfpang,,,18홀,tr_216420646
스톤비치,2026-09-20,08:27,120000,golfpang,,,18홀,tr_216420658
킹스데일,2026-09-20,08:40,195000,golfpang,,,18홀,tr_220504499
로얄링스,2026-09-20,07:52,100000,golfpang,,,18홀,tr_220504456
중원,2026-09-20,07:46,140000,golfpang,,,18홀,tr_220504399
진천(비공개),2026-09-20,06:49,180000,golfpang,,,18홀,tr_220504169
스톤비치,2026-09-20,06:42,110000,golfpang,,,18홀,tr_220504132
블랙스톤벨포레,2026-09-20,18:55,40000,golfpang,,,18홀,tr_220504002
블랙스톤벨포레,2026-09-20,18:20,40000,golfpang,,,18홀,tr_220503884
킹스데일,2026-09-20,08:43,200000,golfpang,,,18홀,tr_220503621
킹스데일,2026-09-20,06:30,170000,golfpang,,,18홀,tr_220503620
감곡,2026-09-20,13:00,150000,golfpang,,,18홀,tr_220503269
감곡,2026-09-20,13:00,150000,golfpang,,,18홀,tr_220503268
감곡,2026-09-20,17:59,100000,golfpang,,,18홀,tr_220503270
올데이,2026-09-20,12:28,89000,golfpang,,,18홀,tr_220503121
플라밍고,2026-09-20,18:01,80000,golfpang,,,18홀,tr_220149879
솔라고,2026-09-20,13:35,140000,golfpang,,,18홀,tr_220149856
블랙스톤벨포레,2026-09-20,17:05,50000,golfpang,,,18홀,tr_220149599
로얄링스,2026-09-20,12:27,100000,golfpang,,,18홀,tr_220149875
모카cc,2026-09-20,08:39,130000,golfpang,,,18홀,tr_220502666
스톤비치,2026-09-20,12:27,110000,golfpang,,,18홀,tr_220502442
대영힐스,2026-09-20,17:38,85000,golfpang,,,18홀,tr_220182365
킹스데일,2026-09-20,06:58,170000,golfpang,,,18홀,tr_220496937
로얄포레,2026-09-20,18:29,59000,golfpang,,,18홀,tr_219989380
대영베이스,2026-09-20,18:01,75000,golfpang,,,18홀,tr_219977322
대영힐스,2026-09-20,18:41,55000,golfpang,,,18홀,tr_219971346
스타,2026-09-20,18:38,80000,golfpang,,,18홀,tr_220029648
감곡,2026-09-20,17:45,110000,golfpang,,,18홀,tr_220199155
떼제베,2026-09-20,17:48,110000,golfpang,,,18홀,tr_219985717
일레븐,2026-09-20,17:37,65000,golfpang,,,18홀,tr_220417507
떼제베(동북),2026-09-20,17:41,90000,golfpang,,,18홀,tr_219985330
일레븐,2026-09-20,17:30,65000,golfpang,,,18홀,tr_220417506
일레븐,2026-09-20,17:30,65000,golfpang,,,18홀,tr_220417505
감곡,2026-09-20,14:10,150000,golfpang,,,18홀,tr_220199154
백제,2026-09-20,14:15,120000,golfpang,,,18홀,tr_220421879
중원,2026-09-20,14:15,130000,golfpang,,,18홀,tr_220422865
감곡,2026-09-20,18:13,100000,golfpang,,,18홀,tr_220199156
킹즈락,2026-09-20,18:13,70000,golfpang,,,18홀,tr_220180050
모나크,2026-09-20,18:16,90000,golfpang,,,18홀,tr_220219896
청주(비공개),2026-09-20,18:06,130000,golfpang,,,18홀,tr_220010653
올데이,2026-09-20,18:08,50000,golfpang,,,18홀,tr_219989577
임페리얼레이크,2026-09-20,18:08,79000,golfpang,,,18홀,tr_219468880
프린세스,2026-09-20,18:09,85000,golfpang,,,18홀,tr_219489227
스타,2026-09-20,17:59,90000,golfpang,,,18홀,tr_220029647
힐데스하임,2026-09-20,14:04,145000,golfpang,,,18홀,tr_219547064
청주(비공개),2026-09-20,14:16,260000,golfpang,,,18홀,tr_220010651
골프존 진천,2026-09-20,14:24,126000,golfpang,,,18홀,tr_220342537
청주(비공개),2026-09-20,17:59,130000,golfpang,,,18홀,tr_220010652
골프존 화랑,2026-09-20,18:00,65000,golfpang,,,18홀,tr_220335993
로얄포레,2026-09-20,13:02,119000,golfpang,,,18홀,tr_219989379
임페리얼레이크,2026-09-20,13:02,129000,golfpang,,,18홀,tr_219468879
모나크,2026-09-20,12:56,140000,golfpang,,,18홀,tr_220219895
대영힐스,2026-09-20,13:23,135000,golfpang,,,18홀,tr_219971345
예미지,2026-09-20,13:15,170000,golfpang,,,18홀,tr_218106782
백제,2026-09-20,13:12,130000,golfpang,,,18홀,tr_220421878
속리산cc,2026-09-20,13:11,130000,golfpang,,,18홀,tr_219002241
올데이,2026-09-20,13:09,89000,golfpang,,,18홀,tr_219989576
힐데스하임,2026-09-20,13:34,150000,golfpang,,,18홀,tr_219547063
플라밍고,2026-09-20,13:32,150000,golfpang,,,18홀,tr_220181144
플라밍고,2026-09-20,13:39,150000,golfpang,,,18홀,tr_220181145
솔라고,2026-09-20,14:03,120000,golfpang,,,18홀,tr_219010836
골프존 화랑,2026-09-20,14:02,129000,golfpang,,,18홀,tr_220335992
킹즈락,2026-09-20,14:00,125000,golfpang,,,18홀,tr_220180049
대호단양,2026-09-20,11:38,159000,golfpang,,,18홀,tr_219986389
대영베이스,2026-09-20,11:59,159000,golfpang,,,18홀,tr_219977321
예미지,2026-09-20,12:12,175000,golfpang,,,18홀,tr_218106781
떼제베(동북),2026-09-20,12:39,120000,golfpang,,,18홀,tr_219985329
센테리움,2026-09-20,12:33,149000,golfpang,,,18홀,tr_220221453
골든베이,2026-09-20,12:28,130000,golfpang,,,18홀,tr_218958740
프린세스,2026-09-20,12:46,140000,golfpang,,,18홀,tr_219489226
로얄링스,2026-09-20,12:41,100000,golfpang,,,18홀,tr_220240812
로얄링스,2026-09-20,13:02,100000,golfpang,,,18홀,tr_220390329
킹스데일,2026-09-20,06:58,170000,golfpang,,,18홀,tr_220390260
일라이트,2026-09-20,13:32,135000,golfpang,,,18홀,tr_220390460
속리산cc,2026-09-20,12:42,110000,golfpang,,,18홀,tr_220390391
킹즈락,2026-09-20,08:02,140000,golfpang,,,18홀,tr_220390300
골프존 진천,2026-09-20,07:38,169000,golfpang,,,18홀,tr_220390137
속리산cc,2026-09-20,14:07,110000,golfpang,,,18홀,tr_220390425
그랜드(청주),2026-09-20,18:21,100000,golfpang,,,18홀,tr_220390719
로얄링스,2026-09-20,12:27,100000,golfpang,,,18홀,tr_220390358
중원,2026-09-20,07:53,160000,golfpang,,,18홀,tr_220390257
일레븐,2026-09-20,18:05,65000,golfpang,,,18홀,tr_219822442
일레븐,2026-09-20,17:30,65000,golfpang,,,18홀,tr_219822339
일레븐,2026-09-20,18:33,65000,golfpang,,,18홀,tr_220374970
힐데스하임,2026-09-20,19:19,60000,golfpang,,,18홀,tr_220484837
플라밍고,2026-09-20,17:07,90000,golfpang,,,18홀,tr_220396182
스톤비치,2026-09-20,12:27,110000,golfpang,,,18홀,tr_220486345
솔라고,2026-09-20,12:00,140000,golfpang,,,18홀,tr_220486112
솔라고,2026-09-20,06:35,120000,golfpang,,,18홀,tr_220486111
속리산cc,2026-09-20,12:22,120000,golfpang,,,18홀,tr_220485982
속리산cc,2026-09-20,14:00,120000,golfpang,,,18홀,tr_220485983
속리산cc,2026-09-20,14:07,120000,golfpang,,,18홀,tr_220485981
골프존 화랑,2026-09-20,12:52,139000,golfpang,,,18홀,tr_219968479
감곡,2026-09-20,07:54,170000,golfpang,,,18홀,tr_220485793
감곡,2026-09-20,13:42,150000,golfpang,,,18홀,tr_220485794
서산수,2026-09-20,13:50,220000,golfpang,,,18홀,tr_220485711
서산수,2026-09-20,06:36,220000,golfpang,,,18홀,tr_220485710
로얄포레,2026-09-20,16:51,89000,golfpang,,,18홀,tr_220485605
로얄포레,2026-09-20,13:30,109000,golfpang,,,18홀,tr_220274741
로얄포레,2026-09-20,11:10,119000,golfpang,,,18홀,tr_220485513
모카cc,2026-09-20,08:39,130000,golfpang,,,18홀,tr_220485258
모카cc,2026-09-20,08:32,130000,golfpang,,,18홀,tr_219595834
모카cc,2026-09-20,08:39,130000,golfpang,,,18홀,tr_219595833
모카cc,2026-09-20,08:39,130000,golfpang,,,18홀,tr_220485026
모카cc,2026-09-20,08:39,130000,golfpang,,,18홀,tr_220485025
블랙스톤벨포레,2026-09-20,18:26,40000,golfpang,,,18홀,tr_220484923
블랙스톤벨포레,2026-09-20,17:44,50000,golfpang,,,18홀,tr_220484922
임페리얼레이크,2026-09-20,11:31,139000,golfpang,,,18홀,tr_220484816
임페리얼레이크,2026-09-20,07:56,139000,golfpang,,,18홀,tr_220484815
임페리얼레이크,2026-09-20,17:26,89000,golfpang,,,18홀,tr_220484817
대호단양,2026-09-20,11:38,159000,golfpang,,,18홀,tr_220484779
대호단양,2026-09-20,16:41,99000,golfpang,,,18홀,tr_220484780
대호단양,2026-09-20,06:07,139000,golfpang,,,18홀,tr_220484778
대영힐스,2026-09-20,17:38,85000,golfpang,,,18홀,tr_220484645
대영힐스,2026-09-20,18:55,59000,golfpang,,,18홀,tr_220484644
대영힐스,2026-09-20,19:02,59000,golfpang,,,18홀,tr_220484646
올데이,2026-09-20,08:03,109000,golfpang,,,18홀,tr_220484562
올데이,2026-09-20,17:40,59000,golfpang,,,18홀,tr_220484564
올데이,2026-09-20,16:51,69000,golfpang,,,18홀,tr_220484563
대영베이스,2026-09-20,06:01,129000,golfpang,,,18홀,tr_220484359
대영베이스,2026-09-20,12:59,155000,golfpang,,,18홀,tr_220484360
대영베이스,2026-09-20,18:01,75000,golfpang,,,18홀,tr_220484361
로얄링스,2026-09-20,12:34,100000,golfpang,,,18홀,tr_220241631
중원,2026-09-20,08:35,140000,golfpang,,,18홀,tr_220032601
감곡,2026-09-20,08:50,180000,golfpang,,,18홀,tr_220484087
감곡,2026-09-20,13:42,150000,golfpang,,,18홀,tr_220484088
감곡,2026-09-20,18:13,100000,golfpang,,,18홀,tr_220484089
블랙스톤벨포레,2026-09-20,17:44,50000,golfpang,,,18홀,tr_220484013
블랙스톤벨포레,2026-09-20,18:26,40000,golfpang,,,18홀,tr_220484014
블랙스톤벨포레,2026-09-20,18:54,40000,golfpang,,,18홀,tr_220484015
대영베이스,2026-09-20,18:08,95000,golfpang,,,18홀,tr_220483826
골프존 화랑,2026-09-20,11:35,149000,golfpang,,,18홀,tr_219997892
중원,2026-09-20,14:01,130000,golfpang,,,18홀,tr_220349516
속리산cc,2026-09-20,13:11,130000,golfpang,,,18홀,tr_219332295
골프존 화랑,2026-09-20,18:00,79000,golfpang,,,18홀,tr_219997897
킹즈락,2026-09-20,17:31,80000,golfpang,,,18홀,tr_220483782
킹즈락,2026-09-20,11:33,140000,golfpang,,,18홀,tr_220483712
블랙스톤벨포레,2026-09-20,17:37,50000,golfpang,,,18홀,tr_220469997
블랙스톤벨포레,2026-09-20,18:19,40000,golfpang,,,18홀,tr_220469999
블랙스톤벨포레,2026-09-20,17:44,50000,golfpang,,,18홀,tr_220469998
로얄링스,2026-09-20,12:34,100000,golfpang,,,18홀,tr_220479054
서산수,2026-09-20,12:47,170000,golfpang,,,18홀,tr_220470813
서산수,2026-09-20,12:47,170000,golfpang,,,18홀,tr_220470812
대영힐스,2026-09-20,18:20,55000,golfpang,,,18홀,tr_220033488
보령베이스-퍼9,2026-09-20,11:42,99000,golfpang,,,18홀,tr_220470429
보령베이스-퍼9,2026-09-20,12:10,109000,golfpang,,,18홀,tr_220470430
보령베이스-퍼9,2026-09-20,06:01,69000,golfpang,,,18홀,tr_220470428
골프존 진천,2026-09-20,07:10,159000,golfpang,,,18홀,tr_220470385
골프존 진천,2026-09-20,06:49,149000,golfpang,,,18홀,tr_220470384
골프존 진천,2026-09-20,08:34,169000,golfpang,,,18홀,tr_220470386
골프존 화랑,2026-09-20,13:06,129000,golfpang,,,18홀,tr_220470322
골프존 화랑,2026-09-20,06:34,139000,golfpang,,,18홀,tr_220470320
골프존 화랑,2026-09-20,08:12,149000,golfpang,,,18홀,tr_220470321
플라밍고,2026-09-20,13:32,140000,golfpang,,,18홀,tr_220470161
로얄링스,2026-09-20,11:59,160000,golfpang,,,18홀,tr_220470095
로얄링스,2026-09-20,07:59,160000,golfpang,,,18홀,tr_220470094
스타,2026-09-20,07:19,170000,golfpang,,,18홀,tr_219966937
스타,2026-09-20,07:05,170000,golfpang,,,18홀,tr_219966936
대영베이스,2026-09-20,07:01,135000,golfpang,,,18홀,tr_220297120
로얄포레,2026-09-20,07:42,149000,golfpang,,,18홀,tr_220097513
대호단양,2026-09-20,07:38,169000,golfpang,,,18홀,tr_220107285
떼제베,2026-09-20,07:35,170000,golfpang,,,18홀,tr_220014203
중원,2026-09-20,07:53,140000,golfpang,,,18홀,tr_220347189
임페리얼레이크,2026-09-20,08:10,159000,golfpang,,,18홀,tr_220022814
떼제베(동북),2026-09-20,06:39,120000,golfpang,,,18홀,tr_220014241
떼제베(동북),2026-09-20,06:39,120000,golfpang,,,18홀,tr_220014242
골프존 진천,2026-09-20,06:49,179000,golfpang,,,18홀,tr_219911262
떼제베,2026-09-20,05:50,120000,golfpang,,,18홀,tr_220014202
모나크,2026-09-20,06:18,150000,golfpang,,,18홀,tr_220220089
힐데스하임,2026-09-20,18:04,80000,golfpang,,,18홀,tr_220015051
힐데스하임,2026-09-20,18:04,80000,golfpang,,,18홀,tr_220015050
대영베이스,2026-09-20,17:48,79000,golfpang,,,18홀,tr_220297122
대영힐스,2026-09-20,17:38,85000,golfpang,,,18홀,tr_220421839
대영힐스,2026-09-20,17:38,85000,golfpang,,,18홀,tr_220421840
중원,2026-09-20,14:08,130000,golfpang,,,18홀,tr_220347190
골프존 진천,2026-09-20,14:10,149000,golfpang,,,18홀,tr_219911263
감곡,2026-09-20,13:35,140000,golfpang,,,18홀,tr_220370973
동촌,2026-09-20,13:26,165000,golfpang,,,18홀,tr_219914870
로얄포레,2026-09-20,13:30,119000,golfpang,,,18홀,tr_220097515
감곡,2026-09-20,13:35,140000,golfpang,,,18홀,tr_220469626
모나크,2026-09-20,13:24,140000,golfpang,,,18홀,tr_220220090
모나크,2026-09-20,12:56,140000,golfpang,,,18홀,tr_220220091
임페리얼레이크,2026-09-20,12:27,139000,golfpang,,,18홀,tr_220022815
로얄포레,2026-09-20,12:34,119000,golfpang,,,18홀,tr_220097514
대영베이스,2026-09-20,11:59,155000,golfpang,,,18홀,tr_220297121
대호단양,2026-09-20,12:06,169000,golfpang,,,18홀,tr_220107286
중원,2026-09-20,14:08,130000,golfpang,,,18홀,tr_220397669
시그너스,2026-09-20,13:56,160000,golfpang,,,18홀,tr_220397664
골프존 천안,2026-09-20,13:54,161000,golfpang,,,18홀,tr_220397663
플라밍고,2026-09-20,13:25,140000,golfpang,,,18홀,tr_220469259
진천(비공개),2026-09-20,13:26,170000,golfpang,,,18홀,tr_220397661
플라밍고,2026-09-20,13:25,150000,golfpang,,,18홀,tr_220469173
플라밍고,2026-09-20,07:58,170000,golfpang,,,18홀,tr_220469172
플라밍고,2026-09-20,06:20,160000,golfpang,,,18홀,tr_220469171
플라밍고,2026-09-20,13:25,140000,golfpang,,,18홀,tr_220397660
골프존 화랑,2026-09-20,12:52,139000,golfpang,,,18홀,tr_220397659
킹스데일,2026-09-20,08:40,195000,golfpang,,,18홀,tr_220421271
중원,2026-09-20,08:35,140000,golfpang,,,18홀,tr_220399254
로얄링스,2026-09-20,08:27,100000,golfpang,,,18홀,tr_220403089
스톤비치,2026-09-20,07:52,130000,golfpang,,,18홀,tr_220397652
스톤비치,2026-09-20,13:02,110000,golfpang,,,18홀,tr_218109362
진천(비공개),2026-09-20,06:49,180000,golfpang,,,18홀,tr_220397655
스톤비치,2026-09-20,08:27,120000,golfpang,,,18홀,tr_218109357
감곡,2026-09-20,18:13,100000,golfpang,,,18홀,tr_220468343
대호단양,2026-09-20,06:07,139000,golfpang,,,18홀,tr_220468062
대호단양,2026-09-20,11:38,159000,golfpang,,,18홀,tr_220468063
대호단양,2026-09-20,08:06,169000,golfpang,,,18홀,tr_220468064
모나크,2026-09-20,18:16,90000,golfpang,,,18홀,tr_220222741
힐데스하임,2026-09-20,18:34,70000,golfpang,,,18홀,tr_220259129
대영힐스,2026-09-20,18:20,65000,golfpang,,,18홀,tr_220291212
플라밍고,2026-09-20,18:00,80000,golfpang,,,18홀,tr_219901116
일라이트,2026-09-20,17:50,77000,golfpang,,,18홀,tr_220394801
일레븐,2026-09-20,17:00,60000,golfpang,,,18홀,tr_219424830
블랙스톤벨포레,2026-09-20,17:00,50000,golfpang,,,18홀,tr_219460081
블랙스톤벨포레,2026-09-20,06:20,70000,golfpang,,,18홀,tr_219901089
로얄링스,2026-09-20,13:00,100000,golfpang,,,18홀,tr_219462778
플라밍고,2026-09-20,13:20,140000,golfpang,,,18홀,tr_219425376
솔라고,2026-09-20,13:30,140000,golfpang,,,18홀,tr_218977419
로얄링스,2026-09-20,07:50,100000,golfpang,,,18홀,tr_219462771
힐데스하임,2026-09-20,19:19,60000,golfpang,,,18홀,tr_220467939
힐데스하임,2026-09-20,06:00,125000,golfpang,,,18홀,tr_220467937
힐데스하임,2026-09-20,11:57,140000,golfpang,,,18홀,tr_220467938
로얄링스,2026-09-20,18:00,65000,golfpang,,,18홀,tr_220394808
솔라고,2026-09-20,18:40,67000,golfpang,,,18홀,tr_218437255
블랙스톤벨포레,2026-09-20,18:00,40000,golfpang,,,18홀,tr_219393546
로얄링스,2026-09-20,12:20,100000,golfpang,,,18홀,tr_220437257
플라밍고,2026-09-20,19:00,70000,golfpang,,,18홀,tr_219819782
블랙스톤벨포레,2026-09-20,17:55,40000,golfpang,,,18홀,tr_219968762
블랙스톤벨포레,2026-09-20,06:25,70000,golfpang,,,18홀,tr_220467802
솔라고,2026-09-20,07:38,140000,golfpang,,,18홀,tr_220467572
솔라고,2026-09-20,14:03,120000,golfpang,,,18홀,tr_220467573
대영베이스,2026-09-20,18:08,95000,golfpang,,,18홀,tr_220463166
대영힐스,2026-09-20,18:55,59000,golfpang,,,18홀,tr_220459018
대영힐스,2026-09-20,18:41,65000,golfpang,,,18홀,tr_220459017
대영힐스,2026-09-20,17:38,85000,golfpang,,,18홀,tr_220459016
모카cc,2026-09-20,08:39,140000,golfpang,,,18홀,tr_220441772
모카cc,2026-09-20,08:32,140000,golfpang,,,18홀,tr_220441771
로얄링스,2026-09-20,12:41,100000,golfpang,,,18홀,tr_220221118
로얄링스,2026-09-20,07:38,100000,golfpang,,,18홀,tr_220221117
골든베이,2026-09-20,08:08,150000,golfpang,,,18홀,tr_219760433
골프존 진천,2026-09-20,06:42,159000,golfpang,,,18홀,tr_220214310
떼제베,2026-09-20,17:20,110000,golfpang,,,18홀,tr_220442175
떼제베,2026-09-20,18:30,100000,golfpang,,,18홀,tr_220442176
블랙스톤벨포레,2026-09-20,18:20,50000,golfpang,,,18홀,tr_220442041
떼제베(동북),2026-09-20,17:13,90000,golfpang,,,18홀,tr_220442019
떼제베(동북),2026-09-20,17:48,90000,golfpang,,,18홀,tr_220442021
떼제베(동북),2026-09-20,18:30,80000,golfpang,,,18홀,tr_220442020
올데이,2026-09-20,12:28,89000,golfpang,,,18홀,tr_220441918
올데이,2026-09-20,06:33,89000,golfpang,,,18홀,tr_220441915
모나크,2026-09-20,13:38,140000,golfpang,,,18홀,tr_220366485
모나크,2026-09-20,13:31,140000,golfpang,,,18홀,tr_220366484
골프존 화랑,2026-09-20,18:28,65000,golfpang,,,18홀,tr_220336349
대영힐스,2026-09-20,17:59,65000,golfpang,,,18홀,tr_220321026
대영힐스,2026-09-20,17:45,79000,golfpang,,,18홀,tr_220321025
골프존 진천,2026-09-20,14:24,126000,golfpang,,,18홀,tr_220327979
감곡,2026-09-20,18:20,100000,golfpang,,,18홀,tr_220304764
감곡,2026-09-20,17:52,100000,golfpang,,,18홀,tr_220304763
로얄포레,2026-09-20,12:20,119000,golfpang,,,18홀,tr_220259397
로얄포레,2026-09-20,17:33,69000,golfpang,,,18홀,tr_220259398
감곡,2026-09-20,17:45,100000,golfpang,,,18홀,tr_220304762
일레븐,2026-09-20,17:30,65000,golfpang,,,18홀,tr_220223071
떼제베(동북),2026-09-20,11:57,120000,golfpang,,,18홀,tr_220219459
떼제베,2026-09-20,17:48,110000,golfpang,,,18홀,tr_220218991
백제,2026-09-20,13:12,130000,golfpang,,,18홀,tr_220216846
일레븐,2026-09-20,17:30,65000,golfpang,,,18홀,tr_220223072
백제,2026-09-20,14:08,120000,golfpang,,,18홀,tr_220216847
일레븐,2026-09-20,17:37,65000,golfpang,,,18홀,tr_220223073
떼제베(동북),2026-09-20,17:34,90000,golfpang,,,18홀,tr_220219460
프린세스,2026-09-20,18:16,85000,golfpang,,,18홀,tr_220200090
이븐데일,2026-09-20,17:04,65000,golfpang,,,18홀,tr_220199403
이븐데일,2026-09-20,11:31,109000,golfpang,,,18홀,tr_220199402
힐데스하임,2026-09-20,18:34,70000,golfpang,,,18홀,tr_220193397
힐데스하임,2026-09-20,13:19,150000,golfpang,,,18홀,tr_220193396
보령베이스-퍼9,2026-09-20,12:10,119000,golfpang,,,18홀,tr_220086041
로얄링스,2026-09-20,12:41,120000,golfpang,,,18홀,tr_219980047
보령베이스-퍼9,2026-09-20,18:33,45000,golfpang,,,18홀,tr_220086043
보령베이스-퍼9,2026-09-20,12:17,119000,golfpang,,,18홀,tr_220086042
대호단양,2026-09-20,12:06,169000,golfpang,,,18홀,tr_219966762
골든베이,2026-09-20,13:24,130000,golfpang,,,18홀,tr_220012212
솔라고,2026-09-20,14:23,120000,golfpang,,,18홀,tr_219951944
세레니티cc,2026-09-20,17:59,130000,golfpang,,,18홀,tr_219463409
스타,2026-09-20,13:58,140000,golfpang,,,18홀,tr_219757598
스타,2026-09-20,17:56,90000,golfpang,,,18홀,tr_219757599
세레니티cc,2026-09-20,14:16,275000,golfpang,,,18홀,tr_219463408
속리산cc,2026-09-20,13:53,120000,golfpang,,,18홀,tr_219747607
센테리움,2026-09-20,13:53,189000,golfpang,,,18홀,tr_219673458
대호단양,2026-09-20,17:02,99000,golfpang,,,18홀,tr_219966763
속리산cc,2026-09-20,12:29,130000,golfpang,,,18홀,tr_219747606
솔라고,2026-09-20,18:48,70000,golfpang,,,18홀,tr_220441275
로얄포레,2026-09-20,06:32,109000,golfpang,,,18홀,tr_220441176
로얄포레,2026-09-20,17:19,79000,golfpang,,,18홀,tr_220441177
로얄포레,2026-09-20,16:51,89000,golfpang,,,18홀,tr_220441178
힐데스하임,2026-09-20,11:57,140000,golfpang,,,18홀,tr_220440528
힐데스하임,2026-09-20,12:19,140000,golfpang,,,18홀,tr_220440529
힐데스하임,2026-09-20,18:26,75000,golfpang,,,18홀,tr_220440530
동촌,2026-09-20,11:55,170000,golfpang,,,18홀,tr_220348583
동촌,2026-09-20,08:40,190000,golfpang,,,18홀,tr_220348507
일레븐,2026-09-20,13:40,115000,golfpang,,,18홀,tr_219798588
이븐데일,2026-09-20,08:30,114000,golfpang,,,18홀,tr_220439991
이븐데일,2026-09-20,12:05,90000,golfpang,,,18홀,tr_220439992
이븐데일,2026-09-20,06:52,104000,golfpang,,,18홀,tr_220439990
일레븐,2026-09-20,17:44,60000,golfpang,,,18홀,tr_220439862
대영힐스,2026-09-20,12:18,129000,golfpang,,,18홀,tr_220439822
대영힐스,2026-09-20,12:18,129000,golfpang,,,18홀,tr_220439821
대영베이스,2026-09-20,12:59,155000,golfpang,,,18홀,tr_220437272
대영베이스,2026-09-20,17:55,75000,golfpang,,,18홀,tr_220437274
대영베이스,2026-09-20,17:08,99000,golfpang,,,18홀,tr_220437273
백제,2026-09-20,14:22,120000,golfpang,,,18홀,tr_220437204
백제,2026-09-20,13:19,130000,golfpang,,,18홀,tr_220437203
로얄링스,2026-09-20,07:10,120000,golfpang,,,18홀,tr_219471691
블랙스톤벨포레,2026-09-20,17:00,60000,golfpang,,,18홀,tr_219798516
솔라고,2026-09-20,14:00,120000,golfpang,,,18홀,tr_219471616
솔라고,2026-09-20,13:30,140000,golfpang,,,18홀,tr_219471610
플라밍고,2026-09-20,18:10,70000,golfpang,,,18홀,tr_219471775
로얄링스,2026-09-20,13:00,120000,golfpang,,,18홀,tr_219471654
블랙스톤벨포레,2026-09-20,12:50,80000,golfpang,,,18홀,tr_219798543
일레븐,2026-09-20,13:40,115000,golfpang,,,18홀,tr_220149607
블랙스톤벨포레,2026-09-20,06:15,80000,golfpang,,,18홀,tr_220149582
일레븐,2026-09-20,17:00,70000,golfpang,,,18홀,tr_220149646
일레븐,2026-09-20,17:16,60000,golfpang,,,18홀,tr_220401823
프린세스,2026-09-20,14:03,150000,golfpang,,,18홀,tr_220423175
프린세스,2026-09-20,18:37,80000,golfpang,,,18홀,tr_220423173
프린세스,2026-09-20,08:19,170000,golfpang,,,18홀,tr_220423174
떼제베(동북),2026-09-20,18:30,80000,golfpang,,,18홀,tr_220423006
떼제베(동북),2026-09-20,18:37,80000,golfpang,,,18홀,tr_220423008
떼제베(동북),2026-09-20,16:52,90000,golfpang,,,18홀,tr_220423007
떼제베,2026-09-20,18:16,100000,golfpang,,,18홀,tr_220422878
떼제베,2026-09-20,17:13,110000,golfpang,,,18홀,tr_220422877
떼제베,2026-09-20,18:30,100000,golfpang,,,18홀,tr_220422876
일레븐,2026-09-20,17:45,60000,golfpang,,,18홀,tr_220422758
블랙스톤벨포레,2026-09-20,17:23,60000,golfpang,,,18홀,tr_220000699
임페리얼레이크,2026-09-20,11:10,139000,golfpang,,,18홀,tr_220422351
임페리얼레이크,2026-09-20,18:15,79000,golfpang,,,18홀,tr_220422352
임페리얼레이크,2026-09-20,07:56,139000,golfpang,,,18홀,tr_220422350
속리산cc,2026-09-20,13:25,110000,golfpang,,,18홀,tr_220397760
속리산cc,2026-09-20,13:25,110000,golfpang,,,18홀,tr_220325478
로얄포레,2026-09-20,11:24,129000,golfpang,,,18홀,tr_220422187
로얄포레,2026-09-20,06:25,109000,golfpang,,,18홀,tr_220422186
로얄포레,2026-09-20,07:35,119000,golfpang,,,18홀,tr_220422188
로얄링스,2026-09-20,13:02,100000,golfpang,,,18홀,tr_220241273
일레븐,2026-09-20,17:30,60000,golfpang,,,18홀,tr_220422007
일레븐,2026-09-20,17:23,60000,golfpang,,,18홀,tr_220422005
일레븐,2026-09-20,17:30,60000,golfpang,,,18홀,tr_220422006
올데이,2026-09-20,12:20,89000,golfpang,,,18홀,tr_220421980
올데이,2026-09-20,07:56,109000,golfpang,,,18홀,tr_220421978
올데이,2026-09-20,07:14,99000,golfpang,,,18홀,tr_220421979
로얄링스,2026-09-20,13:02,100000,golfpang,,,18홀,tr_220397757
골프존 진천,2026-09-20,07:31,169000,golfpang,,,18홀,tr_220259625
골프존 진천,2026-09-20,06:49,159000,golfpang,,,18홀,tr_220259624
센테리움,2026-09-20,06:39,149000,golfpang,,,18홀,tr_220258777
모나크,2026-09-20,06:18,150000,golfpang,,,18홀,tr_220258754
모나크,2026-09-20,18:23,90000,golfpang,,,18홀,tr_220258756
골프존 진천,2026-09-20,14:17,135000,golfpang,,,18홀,tr_220259626
센테리움,2026-09-20,12:50,149000,golfpang,,,18홀,tr_220258778
모나크,2026-09-20,12:56,140000,golfpang,,,18홀,tr_220258755
킹스데일,2026-09-20,06:44,170000,golfpang,,,18홀,tr_220034006
킹스데일,2026-09-20,07:47,180000,golfpang,,,18홀,tr_220034007
모카cc,2026-09-20,08:39,140000,golfpang,,,18홀,tr_220013580
모카cc,2026-09-20,08:32,140000,golfpang,,,18홀,tr_220013579
센테리움,2026-09-20,07:07,159000,golfpang,,,18홀,tr_220421164
속리산cc,2026-09-20,14:00,120000,golfpang,,,18홀,tr_220420905
일레븐,2026-09-20,17:16,65000,golfpang,,,18홀,tr_220362096
로얄포레,2026-09-20,12:20,119000,golfpang,,,18홀,tr_219624272
스타,2026-09-20,06:23,160000,golfpang,,,18홀,tr_220417576
스타,2026-09-20,18:45,80000,golfpang,,,18홀,tr_220417577
킹스데일,2026-09-20,08:40,195000,golfpang,,,18홀,tr_220417502
중원,2026-09-20,14:13,130000,golfpang,,,18홀,tr_220414888
중원,2026-09-20,06:29,130000,golfpang,,,18홀,tr_220414887
감곡,2026-09-20,17:45,110000,golfpang,,,18홀,tr_220306754
대영힐스,2026-09-20,07:59,130000,golfpang,,,18홀,tr_219584444
대영베이스,2026-09-20,18:01,69000,golfpang,,,18홀,tr_220304835
감곡,2026-09-20,14:10,150000,golfpang,,,18홀,tr_220306753
대영베이스,2026-09-20,18:15,69000,golfpang,,,18홀,tr_220304836
솔라고,2026-09-20,13:25,140000,golfpang,,,18홀,tr_218468433
일라이트,2026-09-20,17:42,77000,golfpang,,,18홀,tr_219319899
솔라고,2026-09-20,14:13,120000,golfpang,,,18홀,tr_218604807
플라밍고,2026-09-20,13:01,140000,golfpang,,,18홀,tr_219553942
플라밍고,2026-09-20,18:56,70000,golfpang,,,18홀,tr_219553955
일라이트,2026-09-20,18:24,77000,golfpang,,,18홀,tr_219319905
킹즈락,2026-09-20,17:38,80000,golfpang,,,18홀,tr_220403388
이븐데일,2026-09-20,17:27,55000,golfpang,,,18홀,tr_220403370
떼제베(동북),2026-09-20,16:59,90000,golfpang,,,18홀,tr_220200169
떼제베(동북),2026-09-20,17:06,90000,golfpang,,,18홀,tr_220200170
떼제베,2026-09-20,17:13,110000,golfpang,,,18홀,tr_220200149
킹즈락,2026-09-20,08:06,140000,golfpang,,,18홀,tr_220403335
프린세스,2026-09-20,13:35,140000,golfpang,,,18홀,tr_220201112
감곡,2026-09-20,14:10,150000,golfpang,,,18홀,tr_220200501
감곡,2026-09-20,14:10,150000,golfpang,,,18홀,tr_220200502
감곡,2026-09-20,14:10,150000,golfpang,,,18홀,tr_220200503
킹스데일,2026-09-20,12:56,170000,golfpang,,,18홀,tr_220199776
힐데스하임,2026-09-20,13:19,150000,golfpang,,,18홀,tr_220201141
골프존 화랑,2026-09-20,13:20,129000,golfpang,,,18홀,tr_220201055
대영힐스,2026-09-20,13:23,129000,golfpang,,,18홀,tr_220199526
속리산cc,2026-09-20,13:32,120000,golfpang,,,18홀,tr_220200956
로얄포레,2026-09-20,11:24,139000,golfpang,,,18홀,tr_220199625
대영힐스,2026-09-20,11:26,135000,golfpang,,,18홀,tr_220199525
올데이,2026-09-20,11:38,109000,golfpang,,,18홀,tr_220199718
올데이,2026-09-20,11:38,109000,golfpang,,,18홀,tr_220199719
임페리얼레이크,2026-09-20,11:52,139000,golfpang,,,18홀,tr_220199604
힐데스하임,2026-09-20,11:57,160000,golfpang,,,18홀,tr_220201140
대영베이스,2026-09-20,11:59,145000,golfpang,,,18홀,tr_220199565
모카cc,2026-09-20,12:04,140000,golfpang,,,18홀,tr_220201407
이븐데일,2026-09-20,12:06,109000,golfpang,,,18홀,tr_220200140
속리산cc,2026-09-20,12:22,130000,golfpang,,,18홀,tr_220200955
골프존 진천,2026-09-20,12:25,154000,golfpang,,,18홀,tr_220201023
이븐데일,2026-09-20,08:23,135000,golfpang,,,18홀,tr_220200139
속리산cc,2026-09-20,07:15,160000,golfpang,,,18홀,tr_220200954
이븐데일,2026-09-20,07:28,129000,golfpang,,,18홀,tr_220200138
대영베이스,2026-09-20,07:34,145000,golfpang,,,18홀,tr_220199563
모카cc,2026-09-20,08:39,155000,golfpang,,,18홀,tr_220201406
골프존 화랑,2026-09-20,08:40,149000,golfpang,,,18홀,tr_220201054
골프존 진천,2026-09-20,08:41,185000,golfpang,,,18홀,tr_220201022
프린세스,2026-09-20,06:55,145000,golfpang,,,18홀,tr_220201110
떼제베,2026-09-20,07:35,170000,golfpang,,,18홀,tr_220200147
로얄포레,2026-09-20,07:35,149000,golfpang,,,18홀,tr_220199623
임페리얼레이크,2026-09-20,07:35,139000,golfpang,,,18홀,tr_220199602
골프존 진천,2026-09-20,07:38,175000,golfpang,,,18홀,tr_220201021
떼제베(동북),2026-09-20,07:42,140000,golfpang,,,18홀,tr_220200168
킹스데일,2026-09-20,07:47,180000,golfpang,,,18홀,tr_220199775
골프존 화랑,2026-09-20,07:51,149000,golfpang,,,18홀,tr_220201053
올데이,2026-09-20,07:56,129000,golfpang,,,18홀,tr_220199717
떼제베,2026-09-20,08:03,180000,golfpang,,,18홀,tr_220200148
로얄포레,2026-09-20,08:03,149000,golfpang,,,18홀,tr_220199624
대영힐스,2026-09-20,06:07,119000,golfpang,,,18홀,tr_220199524
대영베이스,2026-09-20,08:07,149000,golfpang,,,18홀,tr_220199564
임페리얼레이크,2026-09-20,08:10,159000,golfpang,,,18홀,tr_220199603
힐데스하임,2026-09-20,07:00,160000,golfpang,,,18홀,tr_220201139
프린세스,2026-09-20,08:26,165000,golfpang,,,18홀,tr_220201111
골프존 진천,2026-09-20,07:31,159000,golfpang,,,18홀,tr_220390953
프린세스,2026-09-20,07:23,160000,golfpang,,,18홀,tr_219540350
스타,2026-09-20,07:19,170000,golfpang,,,18홀,tr_220396190
스톤비치,2026-09-20,07:17,130000,golfpang,,,18홀,tr_219485877
센테리움,2026-09-20,07:14,159000,golfpang,,,18홀,tr_220348204
올데이,2026-09-20,07:14,109000,golfpang,,,18홀,tr_220402185
힐데스하임,2026-09-20,07:07,160000,golfpang,,,18홀,tr_219155967
킹스데일,2026-09-20,06:44,170000,golfpang,,,18홀,tr_220348265
골프존 진천,2026-09-20,06:42,149000,golfpang,,,18홀,tr_220390955
골프존 화랑,2026-09-20,06:34,139000,golfpang,,,18홀,tr_220391464
플라밍고,2026-09-20,06:20,160000,golfpang,,,18홀,tr_220120974
속리산cc,2026-09-20,06:19,110000,golfpang,,,18홀,tr_219980696
모나크,2026-09-20,06:18,150000,golfpang,,,18홀,tr_220242339
대영힐스,2026-09-20,06:07,109000,golfpang,,,18홀,tr_220377150
골프존 진천,2026-09-20,08:27,169000,golfpang,,,18홀,tr_220390954
감곡,2026-09-20,08:15,170000,golfpang,,,18홀,tr_219989518
프린세스,2026-09-20,08:12,170000,golfpang,,,18홀,tr_219540349
골프존 화랑,2026-09-20,08:05,149000,golfpang,,,18홀,tr_220391465
속리산cc,2026-09-20,08:04,140000,golfpang,,,18홀,tr_219980697
올데이,2026-09-20,08:03,119000,golfpang,,,18홀,tr_220402186
킹즈락,2026-09-20,08:02,140000,golfpang,,,18홀,tr_220170160
골든베이,2026-09-20,08:01,150000,golfpang,,,18홀,tr_218977740
임페리얼레이크,2026-09-20,07:56,139000,golfpang,,,18홀,tr_220402016
센테리움,2026-09-20,07:56,159000,golfpang,,,18홀,tr_220348203
로얄링스,2026-09-20,07:52,160000,golfpang,,,18홀,tr_219246319
떼제베(동북),2026-09-20,07:49,140000,golfpang,,,18홀,tr_220198688
킹스데일,2026-09-20,07:47,180000,golfpang,,,18홀,tr_220348266
대호단양,2026-09-20,07:45,169000,golfpang,,,18홀,tr_220184393
힐데스하임,2026-09-20,07:45,165000,golfpang,,,18홀,tr_219155968
로얄포레,2026-09-20,07:42,119000,golfpang,,,18홀,tr_220402812
솔라고,2026-09-20,07:38,140000,golfpang,,,18홀,tr_218046813
떼제베,2026-09-20,07:35,160000,golfpang,,,18홀,tr_220198025
올데이,2026-09-20,12:27,99000,golfpang,,,18홀,tr_220402187
킹즈락,2026-09-20,12:22,140000,golfpang,,,18홀,tr_220170161
로얄포레,2026-09-20,12:13,109000,golfpang,,,18홀,tr_220402813
임페리얼레이크,2026-09-20,11:24,129000,golfpang,,,18홀,tr_220402017
힐데스하임,2026-09-20,13:34,150000,golfpang,,,18홀,tr_219155969
플라밍고,2026-09-20,13:32,150000,golfpang,,,18홀,tr_220120976
예미지,2026-09-20,13:22,170000,golfpang,,,18홀,tr_220396298
로얄포레,2026-09-20,13:02,109000,golfpang,,,18홀,tr_220402814
감곡,2026-09-20,13:00,170000,golfpang,,,18홀,tr_219989519
프린세스,2026-09-20,13:00,140000,golfpang,,,18홀,tr_219540351
모나크,2026-09-20,12:56,140000,golfpang,,,18홀,tr_220242340
속리산cc,2026-09-20,12:50,150000,golfpang,,,18홀,tr_219980698
대호단양,2026-09-20,12:48,169000,golfpang,,,18홀,tr_220184394
스톤비치,2026-09-20,12:48,150000,golfpang,,,18홀,tr_219485878
예미지,2026-09-20,12:47,175000,golfpang,,,18홀,tr_220396297
플라밍고,2026-09-20,12:43,160000,golfpang,,,18홀,tr_220120975
골든베이,2026-09-20,12:42,130000,golfpang,,,18홀,tr_218977741
로얄링스,2026-09-20,12:41,160000,golfpang,,,18홀,tr_219246320
파인스톤,2026-09-20,12:41,220000,golfpang,,,18홀,tr_218361670
임페리얼레이크,2026-09-20,17:26,89000,golfpang,,,18홀,tr_220402018
대영힐스,2026-09-20,17:03,85000,golfpang,,,18홀,tr_220377151
대호단양,2026-09-20,17:02,99000,golfpang,,,18홀,tr_220184395
파인스톤,2026-09-20,17:01,140000,golfpang,,,18홀,tr_218361671
떼제베(동북),2026-09-20,16:59,90000,golfpang,,,18홀,tr_220198689
골프존 화랑,2026-09-20,14:02,129000,golfpang,,,18홀,tr_220391466
스타,2026-09-20,13:51,140000,golfpang,,,18홀,tr_220396191
솔라고,2026-09-20,13:35,140000,golfpang,,,18홀,tr_218046814
떼제베,2026-09-20,18:23,100000,golfpang,,,18홀,tr_220198027
대영힐스,2026-09-20,18:20,69000,golfpang,,,18홀,tr_220377152
모나크,2026-09-20,18:16,90000,golfpang,,,18홀,tr_220242341
감곡,2026-09-20,18:13,100000,golfpang,,,18홀,tr_219989520
대영베이스,2026-09-20,18:08,95000,golfpang,,,18홀,tr_220376768
대영베이스,2026-09-20,18:08,95000,golfpang,,,18홀,tr_220376767
대영베이스,2026-09-20,18:08,95000,golfpang,,,18홀,tr_220376766
킹즈락,2026-09-20,17:59,80000,golfpang,,,18홀,tr_220170162
스타,2026-09-20,17:49,90000,golfpang,,,18홀,tr_220396192
떼제베,2026-09-20,17:48,110000,golfpang,,,18홀,tr_220198026
스톤비치,2026-09-20,17:44,120000,golfpang,,,18홀,tr_219485879
떼제베(동북),2026-09-20,17:34,90000,golfpang,,,18홀,tr_220198690
파인스톤,2026-09-20,18:39,120000,golfpang,,,18홀,tr_218361672
중원,2026-09-20,12:51,140000,golfpang,,,18홀,tr_220402799
속리산cc,2026-09-20,13:25,110000,golfpang,,,18홀,tr_219769934
일레븐,2026-09-20,17:51,65000,golfpang,,,18홀,tr_220402598
일레븐,2026-09-20,18:26,65000,golfpang,,,18홀,tr_220402599
일레븐,2026-09-20,17:30,65000,golfpang,,,18홀,tr_220402597
중원,2026-09-20,08:28,140000,golfpang,,,18홀,tr_220402324
중원,2026-09-20,12:51,140000,golfpang,,,18홀,tr_220402325
올데이,2026-09-20,08:03,119000,golfpang,,,18홀,tr_220283334
킹즈락,2026-09-20,08:02,140000,golfpang,,,18홀,tr_220180920
임페리얼레이크,2026-09-20,07:56,149000,golfpang,,,18홀,tr_220279017
떼제베(동북),2026-09-20,07:49,140000,golfpang,,,18홀,tr_220150948
대호단양,2026-09-20,07:45,189000,golfpang,,,18홀,tr_219368834
프린세스,2026-09-20,07:44,170000,golfpang,,,18홀,tr_219341851
모카cc,2026-09-20,07:36,170000,golfpang,,,18홀,tr_220057007
플라밍고,2026-09-20,12:29,160000,golfpang,,,18홀,tr_220117971
대영힐스,2026-09-20,12:18,135000,golfpang,,,18홀,tr_220015669
프린세스,2026-09-20,12:11,155000,golfpang,,,18홀,tr_219341853
보령베이스-퍼9,2026-09-20,12:10,119000,golfpang,,,18홀,tr_220148910
로얄링스,2026-09-20,12:06,160000,golfpang,,,18홀,tr_220008533
모카cc,2026-09-20,12:04,150000,golfpang,,,18홀,tr_220057008
서산수,2026-09-20,11:58,220000,golfpang,,,18홀,tr_218786840
힐데스하임,2026-09-20,11:57,160000,golfpang,,,18홀,tr_220170366
스타,2026-09-20,11:52,170000,golfpang,,,18홀,tr_220002638
킹즈락,2026-09-20,11:47,140000,golfpang,,,18홀,tr_220180922
이븐데일,2026-09-20,11:31,100000,golfpang,,,18홀,tr_220289388
파인스톤,2026-09-20,11:31,220000,golfpang,,,18홀,tr_217890565
대영힐스,2026-09-20,11:26,139000,golfpang,,,18홀,tr_220015670
대호단양,2026-09-20,11:10,169000,golfpang,,,18홀,tr_219368835
임페리얼레이크,2026-09-20,11:10,139000,golfpang,,,18홀,tr_220279018
서산수,2026-09-20,08:56,220000,golfpang,,,18홀,tr_218786839
골프존 진천,2026-09-20,08:48,179000,golfpang,,,18홀,tr_220215834
프린세스,2026-09-20,08:40,180000,golfpang,,,18홀,tr_219341852
플라밍고,2026-09-20,13:32,150000,golfpang,,,18홀,tr_220117972
힐데스하임,2026-09-20,13:19,150000,golfpang,,,18홀,tr_220170367
백제,2026-09-20,13:12,130000,golfpang,,,18홀,tr_220006649
감곡,2026-09-20,13:00,170000,golfpang,,,18홀,tr_220010434
모나크,2026-09-20,12:56,140000,golfpang,,,18홀,tr_220219219
떼제베(동북),2026-09-20,12:53,120000,golfpang,,,18홀,tr_220150949
골든베이,2026-09-20,12:42,130000,golfpang,,,18홀,tr_219559077
올데이,2026-09-20,12:34,89000,golfpang,,,18홀,tr_220283335
골프존 진천,2026-09-20,12:32,149000,golfpang,,,18홀,tr_220215835
일레븐,2026-09-20,17:30,65000,golfpang,,,18홀,tr_220236106
파인스톤,2026-09-20,17:29,140000,golfpang,,,18홀,tr_217890566
떼제베,2026-09-20,17:13,110000,golfpang,,,18홀,tr_220150573
백제,2026-09-20,14:15,120000,golfpang,,,18홀,tr_220006650
감곡,2026-09-20,14:10,150000,golfpang,,,18홀,tr_220010435
중원,2026-09-20,14:08,130000,golfpang,,,18홀,tr_220261773
킹즈락,2026-09-20,14:00,125000,golfpang,,,18홀,tr_220180921
스타,2026-09-20,13:51,140000,golfpang,,,18홀,tr_220002639
블랙스톤벨포레,2026-09-20,18:19,50000,golfpang,,,18홀,tr_219786785
모나크,2026-09-20,18:16,90000,golfpang,,,18홀,tr_220219220
대영베이스,2026-09-20,18:08,95000,golfpang,,,18홀,tr_220022640
일레븐,2026-09-20,18:05,65000,golfpang,,,18홀,tr_220236107
골프존 화랑,2026-09-20,17:46,69000,golfpang,,,18홀,tr_220262327
감곡,2026-09-20,17:45,110000,golfpang,,,18홀,tr_220010436
블랙스톤벨포레,2026-09-20,17:30,60000,golfpang,,,18홀,tr_219786784
블랙스톤벨포레,2026-09-20,18:54,50000,golfpang,,,18홀,tr_219786786
보령베이스-퍼9,2026-09-20,18:54,40000,golfpang,,,18홀,tr_220148912
일레븐,2026-09-20,18:54,65000,golfpang,,,18홀,tr_220236108
보령베이스-퍼9,2026-09-20,18:33,45000,golfpang,,,18홀,tr_220148911
떼제베,2026-09-20,07:35,160000,golfpang,,,18홀,tr_220150572
킹스데일,2026-09-20,07:33,190000,golfpang,,,18홀,tr_219569994
골프존 진천,2026-09-20,07:31,169000,golfpang,,,18홀,tr_220215833
이븐데일,2026-09-20,07:28,115000,golfpang,,,18홀,tr_220289386
임페리얼레이크,2026-09-20,07:21,139000,golfpang,,,18홀,tr_220279019
올데이,2026-09-20,07:14,109000,golfpang,,,18홀,tr_220283333
떼제베(동북),2026-09-20,07:00,120000,golfpang,,,18홀,tr_220150947
힐데스하임,2026-09-20,06:52,150000,golfpang,,,18홀,tr_220170365
킹스데일,2026-09-20,06:51,180000,golfpang,,,18홀,tr_219569993
대호단양,2026-09-20,06:49,159000,golfpang,,,18홀,tr_219368833
스타,2026-09-20,06:44,170000,golfpang,,,18홀,tr_220002637
떼제베,2026-09-20,06:32,140000,golfpang,,,18홀,tr_220150571
플라밍고,2026-09-20,06:20,160000,golfpang,,,18홀,tr_220117970
골프존 화랑,2026-09-20,06:20,139000,golfpang,,,18홀,tr_220262325
모나크,2026-09-20,06:18,150000,golfpang,,,18홀,tr_220219218
대영힐스,2026-09-20,06:07,119000,golfpang,,,18홀,tr_220015668
로얄링스,2026-09-20,08:34,160000,golfpang,,,18홀,tr_220008532
이븐데일,2026-09-20,08:23,120000,golfpang,,,18홀,tr_220289387
중원,2026-09-20,08:21,160000,golfpang,,,18홀,tr_220261772
파인스톤,2026-09-20,08:13,220000,golfpang,,,18홀,tr_217890564
골든베이,2026-09-20,08:08,150000,golfpang,,,18홀,tr_219559075
골프존 화랑,2026-09-20,08:05,149000,golfpang,,,18홀,tr_220262326
솔라고,2026-09-20,13:30,140000,golfpang,,,18홀,tr_218558397
클럽D 보은,2026-09-20,07:00,140000,golfpang,,,18홀,tr_217041777
골프존 천안,2026-09-20,07:15,176000,golfpang,,,18홀,tr_220401303
킹즈락,2026-09-20,08:02,140000,golfpang,,,18홀,tr_220222497
로얄포레,2026-09-20,12:41,119000,golfpang,,,18홀,tr_220220793
이븐데일,2026-09-20,13:29,100000,golfpang,,,18홀,tr_220222145
파인스톤,2026-09-20,17:29,140000,golfpang,,,18홀,tr_220222538
떼제베,2026-09-20,06:32,140000,golfpang,,,18홀,tr_220222203
중원,2026-09-20,06:29,130000,golfpang,,,18홀,tr_220400280
클럽D 보은,2026-09-20,13:10,280000,golfpang,,,36홀,tr_215165001
킹즈락,2026-09-20,12:36,308000,golfpang,,,36홀,tr_207256763
골프존 천안,2026-09-20,12:40,320000,golfpang,,,36홀,tr_211065146
솔라고,2026-09-20,12:40,272000,golfpang,,,36홀,tr_210362015
속리산cc,2026-09-20,13:16,330000,golfpang,,,36홀,tr_216004923
보령베이스-퍼9,2026-09-20,17:34,45000,golfpang,,,18홀,tr_220399238
로얄링스,2026-09-20,12:27,100000,golfpang,,,18홀,tr_219596873
모카cc,2026-09-20,08:31,150000,golfpang,,,18홀,tr_220396057
프린세스,2026-09-20,07:38,150000,golfpang,,,18홀,tr_220396082
감곡,2026-09-20,18:13,100000,golfpang,,,18홀,tr_220306755
골프존 화랑,2026-09-20,08:40,149000,golfpang,,,18홀,tr_220396726
블랙스톤벨포레,2026-09-20,18:19,50000,golfpang,,,18홀,tr_219996481
블랙스톤벨포레,2026-09-20,17:30,60000,golfpang,,,18홀,tr_219996466
진천(비공개),2026-09-20,13:26,170000,golfpang,,,18홀,tr_220103733
떼제베,2026-09-20,06:11,130000,golfpang,,,18홀,tr_220347681
서산수,2026-09-20,12:30,170000,golfpang,,,18홀,tr_219393582
진천(비공개),2026-09-20,06:35,180000,golfpang,,,18홀,tr_220103732
서산수,2026-09-20,13:00,170000,golfpang,,,18홀,tr_219393583
떼제베,2026-09-20,17:06,110000,golfpang,,,18홀,tr_220347682
떼제베,2026-09-20,17:48,110000,golfpang,,,18홀,tr_220347683
골프존 화랑,2026-09-20,14:02,129000,golfpang,,,18홀,tr_220396727
골프존 화랑,2026-09-20,06:34,139000,golfpang,,,18홀,tr_220396725
스타,2026-09-20,13:51,140000,golfpang,,,18홀,tr_220396501
스타,2026-09-20,13:51,140000,golfpang,,,18홀,tr_220396500
스타,2026-09-20,06:23,160000,golfpang,,,18홀,tr_220396499
골프존 진천,2026-09-20,13:35,131000,golfpang,,,18홀,tr_220392106
스타,2026-09-20,07:05,170000,golfpang,,,18홀,tr_219961697
대영힐스,2026-09-20,07:52,130000,golfpang,,,18홀,tr_219584445
예미지,2026-09-20,13:29,170000,golfpang,,,18홀,tr_220395973
예미지,2026-09-20,12:54,175000,golfpang,,,18홀,tr_220395972
킹즈락,2026-09-20,08:02,140000,golfpang,,,18홀,tr_220395912
킹즈락,2026-09-20,17:59,80000,golfpang,,,18홀,tr_220395914
킹즈락,2026-09-20,11:47,140000,golfpang,,,18홀,tr_220395913
속리산cc,2026-09-20,14:14,110000,golfpang,,,18홀,tr_220395884
모카cc,2026-09-20,12:18,140000,golfpang,,,18홀,tr_220153020
모카cc,2026-09-20,07:36,150000,golfpang,,,18홀,tr_220153017
떼제베(동북),2026-09-20,07:35,120000,golfpang,,,18홀,tr_220395730
중원,2026-09-20,12:51,130000,golfpang,,,18홀,tr_220290479
중원,2026-09-20,07:04,140000,golfpang,,,18홀,tr_220290453
킹스데일,2026-09-20,06:50,170000,golfpang,,,18홀,tr_219818818
킹스데일,2026-09-20,07:30,180000,golfpang,,,18홀,tr_219936653
떼제베(동북),2026-09-20,06:00,100000,golfpang,,,18홀,tr_220242659
대영힐스,2026-09-20,05:55,109000,golfpang,,,18홀,tr_218815787
로얄링스,2026-09-20,12:41,100000,golfpang,,,18홀,tr_219968518
로얄링스,2026-09-20,08:13,100000,golfpang,,,18홀,tr_219968428
대영베이스,2026-09-20,18:15,79000,golfpang,,,18홀,tr_220376810
그랜드(청주),2026-09-20,18:21,100000,golfpang,,,18홀,tr_220376173
킹스데일,2026-09-20,06:30,170000,golfpang,,,18홀,tr_220336703
파인스톤,2026-09-20,06:21,190000,golfpang,,,18홀,tr_220289789
플라밍고,2026-09-20,06:20,160000,golfpang,,,18홀,tr_220106700
모나크,2026-09-20,06:18,150000,golfpang,,,18홀,tr_220252938
골든베이,2026-09-20,07:47,150000,golfpang,,,18홀,tr_218968289
로얄링스,2026-09-20,07:38,120000,golfpang,,,18홀,tr_220179190
대호단양,2026-09-20,11:38,169000,golfpang,,,18홀,tr_219873197
파인스톤,2026-09-20,11:10,200000,golfpang,,,18홀,tr_220289790
킹스데일,2026-09-20,08:43,200000,golfpang,,,18홀,tr_220336704
프린세스,2026-09-20,08:19,160000,golfpang,,,18홀,tr_220289231
로얄링스,2026-09-20,12:41,120000,golfpang,,,18홀,tr_220179191
골든베이,2026-09-20,12:14,130000,golfpang,,,18홀,tr_218968290
힐데스하임,2026-09-20,11:57,160000,golfpang,,,18홀,tr_220274617
플라밍고,2026-09-20,13:32,150000,golfpang,,,18홀,tr_220106701
프린세스,2026-09-20,13:21,140000,golfpang,,,18홀,tr_220289232
모나크,2026-09-20,12:56,140000,golfpang,,,18홀,tr_220252939
파인스톤,2026-09-20,17:29,140000,golfpang,,,18홀,tr_220289788
플라밍고,2026-09-20,17:07,130000,golfpang,,,18홀,tr_220106702
대호단양,2026-09-20,17:02,99000,golfpang,,,18홀,tr_219873198
힐데스하임,2026-09-20,19:11,60000,golfpang,,,18홀,tr_220274618
힐데스하임,2026-09-20,06:52,145000,golfpang,,,18홀,tr_220274616
프린세스,2026-09-20,06:41,140000,golfpang,,,18홀,tr_220289230
모나크,2026-09-20,18:16,90000,golfpang,,,18홀,tr_220252940
올데이,2026-09-20,07:14,109000,golfpang,,,18홀,tr_220336421
올데이,2026-09-20,11:59,99000,golfpang,,,18홀,tr_220336422
올데이,2026-09-20,12:27,99000,golfpang,,,18홀,tr_220336423
임페리얼레이크,2026-09-20,11:24,139000,golfpang,,,18홀,tr_220336114
임페리얼레이크,2026-09-20,11:52,139000,golfpang,,,18홀,tr_220336115
대영베이스,2026-09-20,18:08,89000,golfpang,,,18홀,tr_220328245
대영베이스,2026-09-20,18:08,89000,golfpang,,,18홀,tr_220328246
대영베이스,2026-09-20,18:08,89000,golfpang,,,18홀,tr_220328244
대호단양,2026-09-20,12:41,169000,golfpang,,,18홀,tr_219885945
예미지,2026-09-20,12:33,175000,golfpang,,,18홀,tr_218908419
플라밍고,2026-09-20,12:29,160000,golfpang,,,18홀,tr_220036894
에스앤-퍼9,2026-09-20,12:17,80000,golfpang,,,18홀,tr_220070853
로얄포레,2026-09-20,12:13,119000,golfpang,,,18홀,tr_220327698
센테리움,2026-09-20,12:08,149000,golfpang,,,18홀,tr_220288128
로얄링스,2026-09-20,12:06,160000,golfpang,,,18홀,tr_219891950
이븐데일,2026-09-20,12:06,100000,golfpang,,,18홀,tr_220283403
대호단양,2026-09-20,12:06,169000,golfpang,,,18홀,tr_219885944
골프존 진천,2026-09-20,12:04,154000,golfpang,,,18홀,tr_220190396
모카cc,2026-09-20,12:04,150000,golfpang,,,18홀,tr_220149154
이븐데일,2026-09-20,11:58,100000,golfpang,,,18홀,tr_220283402
힐데스하임,2026-09-20,11:57,160000,golfpang,,,18홀,tr_220013304
골프존 진천,2026-09-20,13:42,144000,golfpang,,,18홀,tr_220190395
골프존 진천,2026-09-20,13:35,144000,golfpang,,,18홀,tr_220190394
플라밍고,2026-09-20,13:32,150000,golfpang,,,18홀,tr_220036895
모나크,2026-09-20,13:31,140000,golfpang,,,18홀,tr_220218775
골든베이,2026-09-20,13:31,130000,golfpang,,,18홀,tr_220094839
프린세스,2026-09-20,13:28,140000,golfpang,,,18홀,tr_220038068
모나크,2026-09-20,13:24,140000,golfpang,,,18홀,tr_220218774
스톤비치,2026-09-20,13:23,150000,golfpang,,,18홀,tr_220075247
힐데스하임,2026-09-20,13:19,150000,golfpang,,,18홀,tr_220013305
로얄포레,2026-09-20,13:09,119000,golfpang,,,18홀,tr_220327699
예미지,2026-09-20,13:08,170000,golfpang,,,18홀,tr_218908420
프린세스,2026-09-20,13:07,140000,golfpang,,,18홀,tr_220038067
솔라고,2026-09-20,13:07,140000,golfpang,,,18홀,tr_220084964
로얄포레,2026-09-20,13:02,119000,golfpang,,,18홀,tr_220327700
모나크,2026-09-20,12:56,140000,golfpang,,,18홀,tr_220218773
킹스데일,2026-09-20,12:56,170000,golfpang,,,18홀,tr_220015128
감곡,2026-09-20,17:52,110000,golfpang,,,18홀,tr_220088382
감곡,2026-09-20,17:45,110000,golfpang,,,18홀,tr_220088381
대영힐스,2026-09-20,17:45,79000,golfpang,,,18홀,tr_220326801
일레븐,2026-09-20,17:44,70000,golfpang,,,18홀,tr_220055438
블랙스톤벨포레,2026-09-20,17:44,60000,golfpang,,,18홀,tr_219909998
일레븐,2026-09-20,17:37,70000,golfpang,,,18홀,tr_220055437
블랙스톤벨포레,2026-09-20,17:37,60000,golfpang,,,18홀,tr_219909997
일레븐,2026-09-20,17:30,70000,golfpang,,,18홀,tr_220055436
떼제베,2026-09-20,17:20,110000,golfpang,,,18홀,tr_220088048
떼제베,2026-09-20,17:13,110000,golfpang,,,18홀,tr_220088047
대영힐스,2026-09-20,17:03,85000,golfpang,,,18홀,tr_220326800
떼제베(동북),2026-09-20,16:59,90000,golfpang,,,18홀,tr_220088235
솔라고,2026-09-20,14:23,120000,golfpang,,,18홀,tr_220084965
감곡,2026-09-20,14:10,150000,golfpang,,,18홀,tr_220088380
중원,2026-09-20,14:08,130000,golfpang,,,18홀,tr_220288481
킹즈락,2026-09-20,14:00,125000,golfpang,,,18홀,tr_220049478
스타,2026-09-20,13:58,140000,golfpang,,,18홀,tr_220079746
스타,2026-09-20,13:58,140000,golfpang,,,18홀,tr_220079747
스타,2026-09-20,13:51,140000,golfpang,,,18홀,tr_220079745
파인스톤,2026-09-20,18:25,130000,golfpang,,,18홀,tr_220049161
대영힐스,2026-09-20,18:20,69000,golfpang,,,18홀,tr_220326802
블랙스톤벨포레,2026-09-20,18:19,50000,golfpang,,,18홀,tr_219909999
파인스톤,2026-09-20,18:18,130000,golfpang,,,18홀,tr_220049160
대영베이스,2026-09-20,18:10,89000,golfpang,,,18홀,tr_220326365
대영베이스,2026-09-20,18:08,89000,golfpang,,,18홀,tr_220326366
대영베이스,2026-09-20,18:08,89000,golfpang,,,18홀,tr_220326364
세레니티cc,2026-09-20,18:06,130000,golfpang,,,18홀,tr_220085528
세레니티cc,2026-09-20,17:59,130000,golfpang,,,18홀,tr_220085527
세레니티cc,2026-09-20,17:59,140000,golfpang,,,18홀,tr_220085526
파인스톤,2026-09-20,17:57,130000,golfpang,,,18홀,tr_220049159
프린세스,2026-09-20,06:55,145000,golfpang,,,18홀,tr_220038066
센테리움,2026-09-20,07:56,159000,golfpang,,,18홀,tr_220288127
떼제베(동북),2026-09-20,07:56,140000,golfpang,,,18홀,tr_220088233
중원,2026-09-20,07:53,150000,golfpang,,,18홀,tr_220288480
골든베이,2026-09-20,07:47,150000,golfpang,,,18홀,tr_220094838
킹스데일,2026-09-20,07:47,180000,golfpang,,,18홀,tr_220015129
모카cc,2026-09-20,07:36,170000,golfpang,,,18홀,tr_220149153
떼제베,2026-09-20,07:35,160000,golfpang,,,18홀,tr_220088046
스톤비치,2026-09-20,07:24,130000,golfpang,,,18홀,tr_220075245
힐데스하임,2026-09-20,07:00,160000,golfpang,,,18홀,tr_220013303
이븐데일,2026-09-20,11:52,100000,golfpang,,,18홀,tr_220283401
킹즈락,2026-09-20,11:47,140000,golfpang,,,18홀,tr_220049477
스톤비치,2026-09-20,11:45,150000,golfpang,,,18홀,tr_220075246
플라밍고,2026-09-20,11:40,170000,golfpang,,,18홀,tr_220036893
대호단양,2026-09-20,11:38,169000,golfpang,,,18홀,tr_219885943
에스앤-퍼9,2026-09-20,11:21,100000,golfpang,,,18홀,tr_220070852
로얄링스,2026-09-20,08:34,160000,golfpang,,,18홀,tr_219891949
에스앤-퍼9,2026-09-20,08:13,80000,golfpang,,,18홀,tr_220070851
킹즈락,2026-09-20,08:09,140000,golfpang,,,18홀,tr_220049476
떼제베(동북),2026-09-20,12:53,120000,golfpang,,,18홀,tr_220088234
속리산cc,2026-09-20,13:39,110000,golfpang,,,18홀,tr_219672427
모나크,2026-09-20,13:03,140000,golfpang,,,18홀,tr_220216865
로얄포레,2026-09-20,12:13,119000,golfpang,,,18홀,tr_220325454
로얄포레,2026-09-20,17:40,69000,golfpang,,,18홀,tr_220325455
로얄포레,2026-09-20,05:50,89000,golfpang,,,18홀,tr_220325453
올데이,2026-09-20,06:32,99000,golfpang,,,18홀,tr_220324522
올데이,2026-09-20,17:26,59000,golfpang,,,18홀,tr_220324524
올데이,2026-09-20,11:59,99000,golfpang,,,18홀,tr_220324523
센테리움,2026-09-20,07:56,159000,golfpang,,,18홀,tr_220324381
센테리움,2026-09-20,07:56,159000,golfpang,,,18홀,tr_220324382
로얄포레,2026-09-20,06:46,129000,golfpang,,,18홀,tr_220321320
로얄포레,2026-09-20,17:40,69000,golfpang,,,18홀,tr_220321322
로얄포레,2026-09-20,13:02,119000,golfpang,,,18홀,tr_220321321
임페리얼레이크,2026-09-20,11:10,139000,golfpang,,,18홀,tr_220318396
임페리얼레이크,2026-09-20,18:15,79000,golfpang,,,18홀,tr_220318397
임페리얼레이크,2026-09-20,07:21,139000,golfpang,,,18홀,tr_220318395
임페리얼레이크,2026-09-20,07:21,139000,golfpang,,,18홀,tr_220314975
임페리얼레이크,2026-09-20,18:15,79000,golfpang,,,18홀,tr_220314977
임페리얼레이크,2026-09-20,11:52,139000,golfpang,,,18홀,tr_220314976
대영힐스,2026-09-20,18:20,69000,golfpang,,,18홀,tr_220307084
대영힐스,2026-09-20,17:45,79000,golfpang,,,18홀,tr_220307083
대영힐스,2026-09-20,17:03,85000,golfpang,,,18홀,tr_220307082
모나크,2026-09-20,18:23,90000,golfpang,,,18홀,tr_220304190
골프존 진천,2026-09-20,13:00,159000,golfpang,,,18홀,tr_220001855
골프존 진천,2026-09-20,12:25,169000,golfpang,,,18홀,tr_220001848
킹즈락,2026-09-20,08:16,140000,golfpang,,,18홀,tr_220209585
백제,2026-09-20,12:44,150000,golfpang,,,18홀,tr_218908777
솔라고,2026-09-20,12:18,140000,golfpang,,,18홀,tr_218908840
모카cc,2026-09-20,11:57,140000,golfpang,,,18홀,tr_220216753
속리산cc,2026-09-20,13:04,120000,golfpang,,,18홀,tr_220195378
모카cc,2026-09-20,07:43,150000,golfpang,,,18홀,tr_220216679
골프존 진천,2026-09-20,07:59,169000,golfpang,,,18홀,tr_220219930
솔라고,2026-09-20,13:42,120000,golfpang,,,18홀,tr_218908852
모나크,2026-09-20,18:02,100000,golfpang,,,18홀,tr_220216931
킹즈락,2026-09-20,13:53,125000,golfpang,,,18홀,tr_220209597
골프존 진천,2026-09-20,13:00,139000,golfpang,,,18홀,tr_219938107
대영베이스,2026-09-20,18:08,89000,golfpang,,,18홀,tr_220297415
대영베이스,2026-09-20,17:08,99000,golfpang,,,18홀,tr_220297414
대영베이스,2026-09-20,08:07,145000,golfpang,,,18홀,tr_220297413
힐데스하임,2026-09-20,06:52,145000,golfpang,,,18홀,tr_220288499
힐데스하임,2026-09-20,11:57,160000,golfpang,,,18홀,tr_220288501
힐데스하임,2026-09-20,07:00,155000,golfpang,,,18홀,tr_220288500
파인스톤,2026-09-20,11:52,200000,golfpang,,,18홀,tr_220288424
파인스톤,2026-09-20,11:10,200000,golfpang,,,18홀,tr_220288423
파인스톤,2026-09-20,06:21,190000,golfpang,,,18홀,tr_220288422
이븐데일,2026-09-20,06:52,109000,golfpang,,,18홀,tr_220283538
이븐데일,2026-09-20,11:52,100000,golfpang,,,18홀,tr_220283540
이븐데일,2026-09-20,08:23,120000,golfpang,,,18홀,tr_220283539
골프존 진천,2026-09-20,06:49,159000,golfpang,,,18홀,tr_220211760
골프존 천안,2026-09-20,13:47,161000,golfpang,,,18홀,tr_220208040
골프존 진천,2026-09-20,13:35,139000,golfpang,,,18홀,tr_220211771
스타,2026-09-20,18:38,80000,golfpang,,,18홀,tr_220274521
스타,2026-09-20,06:23,160000,golfpang,,,18홀,tr_220274520
임페리얼레이크,2026-09-20,11:10,139000,golfpang,,,18홀,tr_220261497
임페리얼레이크,2026-09-20,11:52,139000,golfpang,,,18홀,tr_220261498
임페리얼레이크,2026-09-20,07:56,149000,golfpang,,,18홀,tr_220261496
올데이,2026-09-20,11:31,109000,golfpang,,,18홀,tr_220261356
올데이,2026-09-20,08:03,119000,golfpang,,,18홀,tr_220261355
올데이,2026-09-20,11:38,109000,golfpang,,,18홀,tr_220261357
에스앤-퍼9,2026-09-20,06:21,80000,golfpang,,,18홀,tr_219865858
플라밍고,2026-09-20,06:20,160000,golfpang,,,18홀,tr_220106553
모나크,2026-09-20,06:18,150000,golfpang,,,18홀,tr_220218789
속리산cc,2026-09-20,06:12,110000,golfpang,,,18홀,tr_219969938
대영힐스,2026-09-20,06:07,119000,golfpang,,,18홀,tr_220212441
보령베이스-퍼9,2026-09-20,05:47,59000,golfpang,,,18홀,tr_219794099
대영베이스,2026-09-20,08:07,149000,golfpang,,,18홀,tr_220212345
대호단양,2026-09-20,08:06,179000,golfpang,,,18홀,tr_220056171
속리산cc,2026-09-20,08:04,130000,golfpang,,,18홀,tr_219969939
떼제베(동북),2026-09-20,07:49,140000,golfpang,,,18홀,tr_220212644
로얄포레,2026-09-20,07:42,149000,golfpang,,,18홀,tr_220212702
떼제베,2026-09-20,07:35,160000,golfpang,,,18홀,tr_220212566
대영베이스,2026-09-20,07:34,145000,golfpang,,,18홀,tr_220212344
킹즈락,2026-09-20,07:27,140000,golfpang,,,18홀,tr_220169979
스톤비치,2026-09-20,07:17,130000,golfpang,,,18홀,tr_219373148
솔라고,2026-09-20,11:50,160000,golfpang,,,18홀,tr_218623284
킹즈락,2026-09-20,11:47,140000,golfpang,,,18홀,tr_220169981
보령베이스-퍼9,2026-09-20,11:42,99000,golfpang,,,18홀,tr_219794100
플라밍고,2026-09-20,11:40,170000,golfpang,,,18홀,tr_220106554
골든베이,2026-09-20,11:39,130000,golfpang,,,18홀,tr_218959211
대호단양,2026-09-20,11:38,159000,golfpang,,,18홀,tr_220056172
스타,2026-09-20,11:38,170000,golfpang,,,18홀,tr_220222054
대영힐스,2026-09-20,11:26,135000,golfpang,,,18홀,tr_220212442
에스앤-퍼9,2026-09-20,11:21,100000,golfpang,,,18홀,tr_219865860
로얄포레,2026-09-20,11:10,139000,golfpang,,,18홀,tr_220212703
모카cc,2026-09-20,08:53,155000,golfpang,,,18홀,tr_220212783
킹스데일,2026-09-20,08:43,200000,golfpang,,,18홀,tr_220012919
킹즈락,2026-09-20,08:30,150000,golfpang,,,18홀,tr_220169980
프린세스,2026-09-20,08:26,165000,golfpang,,,18홀,tr_220013842
모카cc,2026-09-20,08:25,155000,golfpang,,,18홀,tr_220212782
골든베이,2026-09-20,08:22,150000,golfpang,,,18홀,tr_218959210
솔라고,2026-09-20,08:20,160000,golfpang,,,18홀,tr_218623283
에스앤-퍼9,2026-09-20,08:13,80000,golfpang,,,18홀,tr_219865859
스톤비치,2026-09-20,12:48,150000,golfpang,,,18홀,tr_219373149
예미지,2026-09-20,12:47,175000,golfpang,,,18홀,tr_220240479
골프존 진천,2026-09-20,12:32,149000,golfpang,,,18홀,tr_220214895
플라밍고,2026-09-20,12:29,160000,golfpang,,,18홀,tr_220106555
스타,2026-09-20,12:27,170000,golfpang,,,18홀,tr_220222055
속리산cc,2026-09-20,12:22,130000,golfpang,,,18홀,tr_219969940
대영힐스,2026-09-20,12:18,130000,golfpang,,,18홀,tr_220212443
보령베이스-퍼9,2026-09-20,12:17,119000,golfpang,,,18홀,tr_219794101
대영베이스,2026-09-20,11:59,145000,golfpang,,,18홀,tr_220212346
백제,2026-09-20,13:33,130000,golfpang,,,18홀,tr_220004982
모나크,2026-09-20,13:24,140000,golfpang,,,18홀,tr_220218791
예미지,2026-09-20,13:22,170000,golfpang,,,18홀,tr_220240480
골프존 화랑,2026-09-20,13:13,129000,golfpang,,,18홀,tr_220236150
프린세스,2026-09-20,13:07,140000,golfpang,,,18홀,tr_220013843
모나크,2026-09-20,12:56,140000,golfpang,,,18홀,tr_220218790
킹스데일,2026-09-20,12:56,170000,golfpang,,,18홀,tr_220012920
블랙스톤벨포레,2026-09-20,17:51,60000,golfpang,,,18홀,tr_220118316
감곡,2026-09-20,17:45,110000,golfpang,,,18홀,tr_220212253
블랙스톤벨포레,2026-09-20,17:37,60000,golfpang,,,18홀,tr_220118315
떼제베,2026-09-20,17:13,110000,golfpang,,,18홀,tr_220212567
떼제베(동북),2026-09-20,16:59,90000,golfpang,,,18홀,tr_220212645
백제,2026-09-20,14:15,120000,golfpang,,,18홀,tr_220004983
감곡,2026-09-20,14:10,150000,golfpang,,,18홀,tr_220212252
블랙스톤벨포레,2026-09-20,18:26,50000,golfpang,,,18홀,tr_220118317
감곡,2026-09-20,18:13,100000,golfpang,,,18홀,tr_220212254
프린세스,2026-09-20,06:55,145000,golfpang,,,18홀,tr_220013841
스톤비치,2026-09-20,06:42,120000,golfpang,,,18홀,tr_219373147
떼제베(동북),2026-09-20,06:39,110000,golfpang,,,18홀,tr_220212643
서산수,2026-09-20,06:36,220000,golfpang,,,18홀,tr_219810567
대호단양,2026-09-20,06:35,149000,golfpang,,,18홀,tr_220056170
떼제베,2026-09-20,06:32,140000,golfpang,,,18홀,tr_220212565
로얄포레,2026-09-20,06:32,139000,golfpang,,,18홀,tr_220212701
스타,2026-09-20,06:30,170000,golfpang,,,18홀,tr_220222053
대호단양,2026-09-20,06:49,159000,golfpang,,,18홀,tr_218339892
스타,2026-09-20,06:23,160000,golfpang,,,18홀,tr_220029260
힐데스하임,2026-09-20,06:22,145000,golfpang,,,18홀,tr_219788570
떼제베,2026-09-20,06:11,130000,golfpang,,,18홀,tr_219998183
대영힐스,2026-09-20,06:07,119000,golfpang,,,18홀,tr_220202923
감곡,2026-09-20,08:08,180000,golfpang,,,18홀,tr_219322505
대영베이스,2026-09-20,08:07,149000,golfpang,,,18홀,tr_220202783
로얄포레,2026-09-20,08:03,149000,golfpang,,,18홀,tr_220203236
킹즈락,2026-09-20,07:55,140000,golfpang,,,18홀,tr_219321577
킹스데일,2026-09-20,07:47,180000,golfpang,,,18홀,tr_220013106
프린세스,2026-09-20,07:44,160000,golfpang,,,18홀,tr_219427039
떼제베(동북),2026-09-20,07:42,140000,golfpang,,,18홀,tr_219998218
솔라고,2026-09-20,07:38,140000,golfpang,,,18홀,tr_216646282
떼제베,2026-09-20,07:35,170000,golfpang,,,18홀,tr_219998184
임페리얼레이크,2026-09-20,07:35,139000,golfpang,,,18홀,tr_220203381
대영베이스,2026-09-20,07:34,145000,golfpang,,,18홀,tr_220202782
골프존 진천,2026-09-20,07:31,169000,golfpang,,,18홀,tr_220218416
이븐데일,2026-09-20,07:28,129000,golfpang,,,18홀,tr_220203523
킹즈락,2026-09-20,07:27,135000,golfpang,,,18홀,tr_219321576
올데이,2026-09-20,07:14,109000,golfpang,,,18홀,tr_220203344
골든베이,2026-09-20,11:39,130000,golfpang,,,18홀,tr_218952770
올데이,2026-09-20,11:31,109000,golfpang,,,18홀,tr_220203345
이븐데일,2026-09-20,11:31,109000,golfpang,,,18홀,tr_220203524
임페리얼레이크,2026-09-20,11:31,139000,golfpang,,,18홀,tr_220203382
대영힐스,2026-09-20,11:26,135000,golfpang,,,18홀,tr_220202924
대호단양,2026-09-20,11:10,169000,golfpang,,,18홀,tr_218339893
골프존 화랑,2026-09-20,08:40,149000,golfpang,,,18홀,tr_220115521
중원,2026-09-20,08:35,160000,golfpang,,,18홀,tr_220046247
골든베이,2026-09-20,08:22,150000,golfpang,,,18홀,tr_218952769
중원,2026-09-20,12:44,140000,golfpang,,,18홀,tr_220046248
감곡,2026-09-20,12:39,170000,golfpang,,,18홀,tr_219322506
떼제베(동북),2026-09-20,12:39,120000,golfpang,,,18홀,tr_219998219
올데이,2026-09-20,12:34,89000,golfpang,,,18홀,tr_220203346
골프존 진천,2026-09-20,12:32,149000,golfpang,,,18홀,tr_220218417
킹즈락,2026-09-20,12:29,140000,golfpang,,,18홀,tr_219321578
임페리얼레이크,2026-09-20,12:27,129000,golfpang,,,18홀,tr_220203383
로얄포레,2026-09-20,12:20,129000,golfpang,,,18홀,tr_220203238
대영힐스,2026-09-20,12:18,130000,golfpang,,,18홀,tr_220202925
대영베이스,2026-09-20,11:59,145000,golfpang,,,18홀,tr_220202784
힐데스하임,2026-09-20,11:57,160000,golfpang,,,18홀,tr_219788572
감곡,2026-09-20,13:49,150000,golfpang,,,18홀,tr_219322507
백제,2026-09-20,13:47,130000,golfpang,,,18홀,tr_220006711
떼제베,2026-09-20,13:35,160000,golfpang,,,18홀,tr_219998185
솔라고,2026-09-20,13:35,140000,golfpang,,,18홀,tr_216646281
프린세스,2026-09-20,13:14,140000,golfpang,,,18홀,tr_219427041
백제,2026-09-20,13:12,130000,golfpang,,,18홀,tr_220006710
이븐데일,2026-09-20,13:08,100000,golfpang,,,18홀,tr_220203525
프린세스,2026-09-20,13:07,140000,golfpang,,,18홀,tr_219427040
힐데스하임,2026-09-20,13:04,150000,golfpang,,,18홀,tr_219788571
로얄포레,2026-09-20,13:02,119000,golfpang,,,18홀,tr_220203237
골프존 화랑,2026-09-20,12:59,139000,golfpang,,,18홀,tr_220115523
킹스데일,2026-09-20,12:56,170000,golfpang,,,18홀,tr_220013107
세레니티cc,2026-09-20,17:52,140000,golfpang,,,18홀,tr_218839237
스타,2026-09-20,17:49,90000,golfpang,,,18홀,tr_220029262
떼제베(동북),2026-09-20,16:59,90000,golfpang,,,18홀,tr_219998220
대호단양,2026-09-20,16:20,119000,golfpang,,,18홀,tr_218339894
골프존 화랑,2026-09-20,14:02,129000,golfpang,,,18홀,tr_220115522
스타,2026-09-20,13:51,140000,golfpang,,,18홀,tr_220029261
골프존 진천,2026-09-20,13:49,139000,golfpang,,,18홀,tr_220218418
세레니티cc,2026-09-20,18:06,130000,golfpang,,,18홀,tr_218839239
세레니티cc,2026-09-20,17:59,130000,golfpang,,,18홀,tr_218839238
백제,2026-09-20,14:08,120000,golfpang,,,18홀,tr_220258381
모나크,2026-09-20,13:24,140000,golfpang,,,18홀,tr_220222026
모나크,2026-09-20,18:16,90000,golfpang,,,18홀,tr_220222027
모나크,2026-09-20,12:56,140000,golfpang,,,18홀,tr_220222025
골프존 진천,2026-09-20,13:13,139000,golfpang,,,18홀,tr_220211937
골프존 진천,2026-09-20,12:04,149000,golfpang,,,18홀,tr_220211934
떼제베(동북),2026-09-20,06:25,150000,golfpang,,,18홀,tr_219067484
스타,2026-09-20,06:23,160000,golfpang,,,18홀,tr_220038153
에스앤-퍼9,2026-09-20,06:21,80000,golfpang,,,18홀,tr_219777374
보령베이스-퍼9,2026-09-20,06:01,69000,golfpang,,,18홀,tr_219775399
힐데스하임,2026-09-20,06:00,140000,golfpang,,,18홀,tr_219994453
떼제베,2026-09-20,05:57,150000,golfpang,,,18홀,tr_219067358
떼제베(동북),2026-09-20,05:57,130000,golfpang,,,18홀,tr_219067486
모카cc,2026-09-20,07:29,160000,golfpang,,,18홀,tr_219776011
임페리얼레이크,2026-09-20,07:00,149000,golfpang,,,18홀,tr_219065229
스톤비치,2026-09-20,11:45,150000,golfpang,,,18홀,tr_219776753
보령베이스-퍼9,2026-09-20,11:42,99000,golfpang,,,18홀,tr_219775400
올데이,2026-09-20,11:31,109000,golfpang,,,18홀,tr_219064808
에스앤-퍼9,2026-09-20,11:21,100000,golfpang,,,18홀,tr_219777375
임페리얼레이크,2026-09-20,11:17,149000,golfpang,,,18홀,tr_219065230
로얄포레,2026-09-20,11:10,159000,golfpang,,,18홀,tr_219064965
로얄링스,2026-09-20,08:34,160000,golfpang,,,18홀,tr_219775034
올데이,2026-09-20,08:10,109000,golfpang,,,18홀,tr_219064807
로얄링스,2026-09-20,12:06,160000,golfpang,,,18홀,tr_219775035
스톤비치,2026-09-20,06:35,120000,golfpang,,,18홀,tr_219776752
블랙스톤벨포레,2026-09-20,06:43,180000,golfpang,,,18홀,tr_219775584
로얄포레,2026-09-20,06:46,159000,golfpang,,,18홀,tr_219064964
센테리움,2026-09-20,06:46,149000,golfpang,,,18홀,tr_219819017
떼제베,2026-09-20,18:02,100000,golfpang,,,18홀,tr_219067357
로얄포레,2026-09-20,18:01,79000,golfpang,,,18홀,tr_219064966
블랙스톤벨포레,2026-09-20,18:05,90000,golfpang,,,18홀,tr_219775586
임페리얼레이크,2026-09-20,18:08,79000,golfpang,,,18홀,tr_219065231
떼제베(동북),2026-09-20,18:16,80000,golfpang,,,18홀,tr_219067485
스타,2026-09-20,18:38,80000,golfpang,,,18홀,tr_220038154
보령베이스-퍼9,2026-09-20,18:54,40000,golfpang,,,18홀,tr_219775401
힐데스하임,2026-09-20,19:04,60000,golfpang,,,18홀,tr_219994454
모카cc,2026-09-20,13:49,140000,golfpang,,,18홀,tr_219776012
떼제베,2026-09-20,13:35,170000,golfpang,,,18홀,tr_219067356
센테리움,2026-09-20,13:25,139000,golfpang,,,18홀,tr_219819018
블랙스톤벨포레,2026-09-20,13:20,170000,golfpang,,,18홀,tr_219775585
힐데스하임,2026-09-20,13:19,150000,golfpang,,,18홀,tr_219994455
올데이,2026-09-20,17:47,79000,golfpang,,,18홀,tr_219064809
스톤비치,2026-09-20,17:44,120000,golfpang,,,18홀,tr_219776754
에스앤-퍼9,2026-09-20,16:07,60000,golfpang,,,18홀,tr_219777376
킹스데일,2026-09-20,06:58,180000,golfpang,,,18홀,tr_219552913
속리산cc,2026-09-20,07:29,130000,golfpang,,,18홀,tr_219937599
골프존 진천,2026-09-20,12:00,149000,golfpang,,,18홀,tr_220219958
백제,2026-09-20,14:15,120000,golfpang,,,18홀,tr_219937507
동촌,2026-09-20,13:26,155000,golfpang,,,18홀,tr_219552891
속리산cc,2026-09-20,08:46,140000,golfpang,,,18홀,tr_219937800
속리산cc,2026-09-20,12:00,130000,golfpang,,,18홀,tr_219552898
일레븐,2026-09-20,18:05,70000,golfpang,,,18홀,tr_220165858
이븐데일,2026-09-20,06:52,125000,golfpang,,,18홀,tr_220175160
골프존 진천,2026-09-20,06:49,164000,golfpang,,,18홀,tr_220183603
로얄포레,2026-09-20,06:46,149000,golfpang,,,18홀,tr_219987691
킹스데일,2026-09-20,06:44,170000,golfpang,,,18홀,tr_220165549
떼제베(동북),2026-09-20,06:39,110000,golfpang,,,18홀,tr_220182511
스타,2026-09-20,06:37,170000,golfpang,,,18홀,tr_219989048
대호단양,2026-09-20,06:35,149000,golfpang,,,18홀,tr_220180435
스톤비치,2026-09-20,06:35,120000,golfpang,,,18홀,tr_219998999
골프존 화랑,2026-09-20,06:34,165000,golfpang,,,18홀,tr_220186530
프린세스,2026-09-20,06:34,145000,golfpang,,,18홀,tr_220170488
떼제베,2026-09-20,06:32,140000,golfpang,,,18홀,tr_220182029
대영힐스,2026-09-20,06:07,119000,golfpang,,,18홀,tr_220181311
센테리움,2026-09-20,07:56,159000,golfpang,,,18홀,tr_220037440
감곡,2026-09-20,07:54,170000,golfpang,,,18홀,tr_219969191
킹스데일,2026-09-20,07:47,180000,golfpang,,,18홀,tr_220165550
로얄링스,2026-09-20,07:45,160000,golfpang,,,18홀,tr_220181648
대영베이스,2026-09-20,07:34,145000,golfpang,,,18홀,tr_220180816
모카cc,2026-09-20,07:29,160000,golfpang,,,18홀,tr_219903731
킹즈락,2026-09-20,07:27,140000,golfpang,,,18홀,tr_220170087
임페리얼레이크,2026-09-20,07:00,139000,golfpang,,,18홀,tr_219987538
스톤비치,2026-09-20,11:45,150000,golfpang,,,18홀,tr_219999000
로얄링스,2026-09-20,12:34,160000,golfpang,,,18홀,tr_220181649
센테리움,2026-09-20,12:29,149000,golfpang,,,18홀,tr_220037441
속리산cc,2026-09-20,12:22,130000,golfpang,,,18홀,tr_220179615
대영힐스,2026-09-20,12:18,130000,golfpang,,,18홀,tr_220181312
킹즈락,2026-09-20,12:08,140000,golfpang,,,18홀,tr_220170088
이븐데일,2026-09-20,12:06,109000,golfpang,,,18홀,tr_220175161
모카cc,2026-09-20,12:04,150000,golfpang,,,18홀,tr_219903732
대영베이스,2026-09-20,11:59,145000,golfpang,,,18홀,tr_220180817
대호단양,2026-09-20,11:52,169000,golfpang,,,18홀,tr_220180436
임페리얼레이크,2026-09-20,11:52,149000,golfpang,,,18홀,tr_219987539
골프존 진천,2026-09-20,13:35,144000,golfpang,,,18홀,tr_220183604
속리산cc,2026-09-20,13:32,120000,golfpang,,,18홀,tr_220179616
힐데스하임,2026-09-20,13:19,150000,golfpang,,,18홀,tr_220179866
로얄포레,2026-09-20,13:02,119000,golfpang,,,18홀,tr_219987692
떼제베(동북),2026-09-20,12:53,120000,golfpang,,,18홀,tr_220182512
떼제베(동북),2026-09-20,17:55,90000,golfpang,,,18홀,tr_220182513
이븐데일,2026-09-20,17:54,65000,golfpang,,,18홀,tr_220175162
일레븐,2026-09-20,17:44,70000,golfpang,,,18홀,tr_220165857
스톤비치,2026-09-20,17:44,120000,golfpang,,,18홀,tr_219999001
대호단양,2026-09-20,17:23,99000,golfpang,,,18홀,tr_220180437
떼제베,2026-09-20,17:13,110000,golfpang,,,18홀,tr_220182030
골프존 진천,2026-09-20,14:10,140000,golfpang,,,18홀,tr_220183605
프린세스,2026-09-20,14:03,140000,golfpang,,,18홀,tr_220170489
골프존 화랑,2026-09-20,14:02,149000,golfpang,,,18홀,tr_220186531
속리산cc,2026-09-20,14:00,120000,golfpang,,,18홀,tr_220179617
감곡,2026-09-20,13:56,150000,golfpang,,,18홀,tr_219969192
스타,2026-09-20,18:38,80000,golfpang,,,18홀,tr_219989050
로얄포레,2026-09-20,18:29,59000,golfpang,,,18홀,tr_219987693
일레븐,2026-09-20,18:26,70000,golfpang,,,18홀,tr_220165859
힐데스하임,2026-09-20,18:19,80000,golfpang,,,18홀,tr_220179867
떼제베,2026-09-20,18:16,100000,golfpang,,,18홀,tr_220182031
프린세스,2026-09-20,18:16,85000,golfpang,,,18홀,tr_220170490
골프존 화랑,2026-09-20,18:14,65000,golfpang,,,18홀,tr_220186532
감곡,2026-09-20,18:13,100000,golfpang,,,18홀,tr_219969193
대영베이스,2026-09-20,18:08,85000,golfpang,,,18홀,tr_220180818
임페리얼레이크,2026-09-20,18:08,69000,golfpang,,,18홀,tr_219987540
대영힐스,2026-09-20,18:06,65000,golfpang,,,18홀,tr_220181313
킹즈락,2026-09-20,18:06,80000,golfpang,,,18홀,tr_220170089
힐데스하임,2026-09-20,06:52,145000,golfpang,,,18홀,tr_220179865
스타,2026-09-20,17:56,90000,golfpang,,,18홀,tr_219989049
블랙스톤벨포레,2026-09-20,18:55,50000,golfpang,,,18홀,tr_220211466
블랙스톤벨포레,2026-09-20,18:20,50000,golfpang,,,18홀,tr_220211456
블랙스톤벨포레,2026-09-20,17:31,60000,golfpang,,,18홀,tr_220211391
올데이,2026-09-20,07:14,109000,golfpang,,,18홀,tr_220209000
올데이,2026-09-20,18:08,50000,golfpang,,,18홀,tr_220209002
올데이,2026-09-20,12:20,99000,golfpang,,,18홀,tr_220209001
스타,2026-09-20,18:38,80000,golfpang,,,18홀,tr_219988421
대영베이스,2026-09-20,17:01,89000,golfpang,,,18홀,tr_220150766
대영베이스,2026-09-20,12:06,145000,golfpang,,,18홀,tr_220150765
대호단양,2026-09-20,06:07,139000,golfpang,,,18홀,tr_220182779
대호단양,2026-09-20,12:48,169000,golfpang,,,18홀,tr_220182780
대호단양,2026-09-20,16:27,109000,golfpang,,,18홀,tr_220182781
대영힐스,2026-09-20,18:06,65000,golfpang,,,18홀,tr_220175084
대영힐스,2026-09-20,12:25,130000,golfpang,,,18홀,tr_220175083
대영힐스,2026-09-20,05:39,109000,golfpang,,,18홀,tr_220175082
골프존 화랑,2026-09-20,17:39,69000,golfpang,,,18홀,tr_220107145
로얄링스,2026-09-20,12:41,120000,golfpang,,,18홀,tr_220152536
로얄링스,2026-09-20,07:38,120000,golfpang,,,18홀,tr_220152535
떼제베,2026-09-20,17:13,110000,golfpang,,,18홀,tr_220148390
떼제베,2026-09-20,17:48,110000,golfpang,,,18홀,tr_220148391
감곡,2026-09-20,14:10,150000,golfpang,,,18홀,tr_220149001
감곡,2026-09-20,18:13,100000,golfpang,,,18홀,tr_220149003
감곡,2026-09-20,17:52,110000,golfpang,,,18홀,tr_220149002
블랙스톤벨포레,2026-09-20,17:51,60000,golfpang,,,18홀,tr_220149083
블랙스톤벨포레,2026-09-20,17:37,60000,golfpang,,,18홀,tr_220149082
블랙스톤벨포레,2026-09-20,18:26,50000,golfpang,,,18홀,tr_220149084
솔라고,2026-09-20,08:27,160000,golfpang,,,18홀,tr_219564797
킹스데일,2026-09-20,06:30,170000,golfpang,,,18홀,tr_220012848
골든베이,2026-09-20,07:47,150000,golfpang,,,18홀,tr_220128998
골든베이,2026-09-20,13:31,130000,golfpang,,,18홀,tr_220128999
플라밍고,2026-09-20,11:54,170000,golfpang,,,18홀,tr_220128619
플라밍고,2026-09-20,12:29,160000,golfpang,,,18홀,tr_220128620
플라밍고,2026-09-20,13:18,150000,golfpang,,,18홀,tr_220128621
감곡,2026-09-20,18:13,100000,golfpang,,,18홀,tr_220121679
감곡,2026-09-20,17:45,110000,golfpang,,,18홀,tr_220121678
감곡,2026-09-20,14:10,150000,golfpang,,,18홀,tr_220121677
킹스데일,2026-09-20,07:47,180000,golfpang,,,18홀,tr_220115280
킹스데일,2026-09-20,06:44,170000,golfpang,,,18홀,tr_220115278
로얄포레,2026-09-20,12:55,129000,golfpang,,,18홀,tr_219160529
골프존 화랑,2026-09-20,08:40,149000,golfpang,,,18홀,tr_220107146
골프존 화랑,2026-09-20,14:02,129000,golfpang,,,18홀,tr_220107147
스타,2026-09-20,18:24,80000,golfpang,,,18홀,tr_219662387
모카cc,2026-09-20,07:36,170000,golfpang,,,18홀,tr_220085164
모카cc,2026-09-20,08:32,189000,golfpang,,,18홀,tr_220085165
일레븐,2026-09-20,17:30,85000,golfpang,,,18홀,tr_220084835
일레븐,2026-09-20,17:44,85000,golfpang,,,18홀,tr_220084836
일레븐,2026-09-20,17:51,85000,golfpang,,,18홀,tr_220084837
중원,2026-09-20,06:36,140000,golfpang,,,18홀,tr_220084604
중원,2026-09-20,08:35,160000,golfpang,,,18홀,tr_220084605
올데이,2026-09-20,11:31,109000,golfpang,,,18홀,tr_220038033
올데이,2026-09-20,08:13,129000,golfpang,,,18홀,tr_220038032
올데이,2026-09-20,07:56,129000,golfpang,,,18홀,tr_220038031
센테리움,2026-09-20,06:46,149000,golfpang,,,18홀,tr_220036862
센테리움,2026-09-20,07:56,159000,golfpang,,,18홀,tr_220036863
킹즈락,2026-09-20,07:55,140000,golfpang,,,18홀,tr_220036617
킹즈락,2026-09-20,06:17,120000,golfpang,,,18홀,tr_220036615
킹즈락,2026-09-20,07:34,140000,golfpang,,,18홀,tr_220036616
킹스데일,2026-09-20,07:47,180000,golfpang,,,18홀,tr_220036595
킹스데일,2026-09-20,06:44,170000,golfpang,,,18홀,tr_220036594
킹스데일,2026-09-20,12:56,170000,golfpang,,,18홀,tr_220012849
스타,2026-09-20,18:24,80000,golfpang,,,18홀,tr_219662386
대영힐스,2026-09-20,18:13,55000,golfpang,,,18홀,tr_220033489
대영힐스,2026-09-20,18:13,55000,golfpang,,,18홀,tr_220033490
이븐데일,2026-09-20,07:28,129000,golfpang,,,18홀,tr_219952214
이븐데일,2026-09-20,08:23,135000,golfpang,,,18홀,tr_219952215
이븐데일,2026-09-20,06:52,125000,golfpang,,,18홀,tr_219952213
서산수,2026-09-20,06:36,220000,golfpang,,,18홀,tr_219873462
센테리움,2026-09-20,07:56,159000,golfpang,,,18홀,tr_220029495
센테리움,2026-09-20,12:29,149000,golfpang,,,18홀,tr_220029496
백제,2026-09-20,13:54,130000,golfpang,,,18홀,tr_220011695
백제,2026-09-20,14:15,120000,golfpang,,,18홀,tr_220011696
백제,2026-09-20,13:47,130000,golfpang,,,18홀,tr_220011459
백제,2026-09-20,13:12,130000,golfpang,,,18홀,tr_220011458
골프존 진천,2026-09-20,13:07,154000,golfpang,,,18홀,tr_220003691
골프존 진천,2026-09-20,14:10,144000,golfpang,,,18홀,tr_220003692
골프존 진천,2026-09-20,12:32,164000,golfpang,,,18홀,tr_220003690
힐데스하임,2026-09-20,07:37,165000,golfpang,,,18홀,tr_219938797
힐데스하임,2026-09-20,06:30,150000,golfpang,,,18홀,tr_219938795
힐데스하임,2026-09-20,06:52,150000,golfpang,,,18홀,tr_219938796
프린세스,2026-09-20,08:12,175000,golfpang,,,18홀,tr_219938668
프린세스,2026-09-20,06:55,160000,golfpang,,,18홀,tr_219938667
프린세스,2026-09-20,13:14,150000,golfpang,,,18홀,tr_219938669
로얄포레,2026-09-20,06:32,149000,golfpang,,,18홀,tr_219797880
로얄포레,2026-09-20,07:28,139000,golfpang,,,18홀,tr_219797881
로얄포레,2026-09-20,11:10,149000,golfpang,,,18홀,tr_219797882
보령베이스-퍼9,2026-09-20,12:10,119000,golfpang,,,18홀,tr_219797330
보령베이스-퍼9,2026-09-20,05:47,59000,golfpang,,,18홀,tr_219797329
보령베이스-퍼9,2026-09-20,18:12,45000,golfpang,,,18홀,tr_219797331
백제,2026-09-20,12:51,130000,golfpang,,,18홀,tr_219822584
백제,2026-09-20,14:15,120000,golfpang,,,18홀,tr_219822585
서산수,2026-09-20,13:22,170000,golfpang,,,18홀,tr_219810627
솔라고,2026-09-20,07:38,140000,golfpang,,,18홀,tr_219806458
솔라고,2026-09-20,13:14,140000,golfpang,,,18홀,tr_219806459
임페리얼레이크,2026-09-20,06:46,139000,golfpang,,,18홀,tr_219807526
임페리얼레이크,2026-09-20,07:35,149000,golfpang,,,18홀,tr_219807527
임페리얼레이크,2026-09-20,11:24,149000,golfpang,,,18홀,tr_219807528
서산수,2026-09-20,13:15,170000,golfpang,,,18홀,tr_219810626
대호단양,2026-09-20,07:31,169000,golfpang,,,18홀,tr_219797486
대호단양,2026-09-20,06:35,149000,golfpang,,,18홀,tr_219797485
대호단양,2026-09-20,12:48,169000,golfpang,,,18홀,tr_219797487
파인스톤,2026-09-20,18:25,130000,golfpang,,,18홀,tr_219816683
파인스톤,2026-09-20,06:56,220000,golfpang,,,18홀,tr_219816681
파인스톤,2026-09-20,12:06,220000,golfpang,,,18홀,tr_219816682
스톤비치,2026-09-20,07:17,130000,golfpang,,,18홀,tr_219806731
스톤비치,2026-09-20,06:42,120000,golfpang,,,18홀,tr_219806730
스톤비치,2026-09-20,13:09,150000,golfpang,,,18홀,tr_219806732
세레니티cc,2026-09-20,18:13,130000,golfpang,,,18홀,tr_219798905
세레니티cc,2026-09-20,18:34,140000,golfpang,,,18홀,tr_219798906
세레니티cc,2026-09-20,17:59,130000,golfpang,,,18홀,tr_219798904
골든베이,2026-09-20,07:33,150000,golfpang,,,18홀,tr_219797437
골든베이,2026-09-20,07:54,150000,golfpang,,,18홀,tr_219797438
골프존 진천,2026-09-20,06:49,179000,golfpang,,,18홀,tr_219796838
골프존 진천,2026-09-20,13:00,169000,golfpang,,,18홀,tr_219796839
골프존 진천,2026-09-20,12:04,179000,golfpang,,,18홀,tr_219796837
프린세스,2026-09-20,13:00,140000,golfpang,,,18홀,tr_219768407
프린세스,2026-09-20,06:55,150000,golfpang,,,18홀,tr_219768406
프린세스,2026-09-20,18:02,85000,golfpang,,,18홀,tr_219768408
힐데스하임,2026-09-20,06:22,145000,golfpang,,,18홀,tr_219766191
힐데스하임,2026-09-20,14:04,145000,golfpang,,,18홀,tr_219766192
힐데스하임,2026-09-20,18:19,80000,golfpang,,,18홀,tr_219766193
에스앤-퍼9,2026-09-20,12:38,100000,golfpang,,,18홀,tr_219760385
에스앤-퍼9,2026-09-20,16:14,60000,golfpang,,,18홀,tr_219760386
에스앤-퍼9,2026-09-20,06:21,80000,golfpang,,,18홀,tr_219760384
솔라고,2026-09-20,14:03,120000,golfpang,,,18홀,tr_219757843
솔라고,2026-09-20,13:00,140000,golfpang,,,18홀,tr_219757842
속리산cc,2026-09-20,12:29,130000,golfpang,,,18홀,tr_219757686
속리산cc,2026-09-20,13:53,120000,golfpang,,,18홀,tr_219757687
속리산cc,2026-09-20,13:53,120000,golfpang,,,18홀,tr_219757688
센테리움,2026-09-20,07:14,179000,golfpang,,,18홀,tr_219750926
센테리움,2026-09-20,13:39,189000,golfpang,,,18홀,tr_219750927
세레니티cc,2026-09-20,17:59,130000,golfpang,,,18홀,tr_219750436
세레니티cc,2026-09-20,06:23,275000,golfpang,,,18홀,tr_219750434
세레니티cc,2026-09-20,13:41,260000,golfpang,,,18홀,tr_219750435
서산수,2026-09-20,13:57,170000,golfpang,,,18홀,tr_219749837
서산수,2026-09-20,13:50,170000,golfpang,,,18홀,tr_219749836
보령베이스-퍼9,2026-09-20,18:05,45000,golfpang,,,18홀,tr_219749131
보령베이스-퍼9,2026-09-20,06:01,69000,golfpang,,,18홀,tr_219749129
보령베이스-퍼9,2026-09-20,12:10,119000,golfpang,,,18홀,tr_219749130
일레븐,2026-09-20,17:16,70000,golfpang,,,18홀,tr_219747697
일레븐,2026-09-20,17:16,70000,golfpang,,,18홀,tr_219747699
일레븐,2026-09-20,17:16,70000,golfpang,,,18홀,tr_219747698
모카cc,2026-09-20,13:49,140000,golfpang,,,18홀,tr_219748165
모카cc,2026-09-20,07:29,160000,golfpang,,,18홀,tr_219748164
떼제베(동북),2026-09-20,13:28,150000,golfpang,,,18홀,tr_219746517
떼제베(동북),2026-09-20,18:09,100000,golfpang,,,18홀,tr_219746518
떼제베(동북),2026-09-20,05:57,150000,golfpang,,,18홀,tr_219746516
떼제베,2026-09-20,13:28,150000,golfpang,,,18홀,tr_219741724
떼제베,2026-09-20,18:09,100000,golfpang,,,18홀,tr_219741725
떼제베,2026-09-20,05:57,150000,golfpang,,,18홀,tr_219741723
동촌,2026-09-20,12:16,180000,golfpang,,,18홀,tr_219718343
동촌,2026-09-20,12:16,180000,golfpang,,,18홀,tr_219718342
골든베이,2026-09-20,12:42,130000,golfpang,,,18홀,tr_219554716
골든베이,2026-09-20,08:08,150000,golfpang,,,18홀,tr_219554715
힐데스하임,2026-09-20,13:34,150000,golfpang,,,18홀,tr_219444781
힐데스하임,2026-09-20,06:30,150000,golfpang,,,18홀,tr_219444780
힐데스하임,2026-09-20,14:04,145000,golfpang,,,18홀,tr_219444782
대영베이스,2026-09-20,18:21,65000,golfpang,,,18홀,tr_219470404
대영베이스,2026-09-20,18:21,65000,golfpang,,,18홀,tr_219470403
솔라고,2026-09-20,14:03,120000,golfpang,,,18홀,tr_219564798
감곡,2026-09-20,18:06,100000,golfpang,,,18홀,tr_219444552
감곡,2026-09-20,13:49,150000,golfpang,,,18홀,tr_219444551
대영베이스,2026-09-20,18:08,69000,golfpang,,,18홀,tr_219493088
대영힐스,2026-09-20,06:21,119000,golfpang,,,18홀,tr_219492019
속리산cc,2026-09-20,12:15,130000,golfpang,,,18홀,tr_219493333
대영베이스,2026-09-20,18:08,69000,golfpang,,,18홀,tr_219493089
대영힐스,2026-09-20,12:05,139000,golfpang,,,18홀,tr_219492020
대영베이스,2026-09-20,17:28,79000,golfpang,,,18홀,tr_219493087
대영힐스,2026-09-20,17:24,69000,golfpang,,,18홀,tr_219492021
속리산cc,2026-09-20,13:11,120000,golfpang,,,18홀,tr_219493354
킹스데일,2026-09-20,07:33,190000,golfpang,,,18홀,tr_219344978
킹스데일,2026-09-20,06:37,180000,golfpang,,,18홀,tr_219344977
파인스톤,2026-09-20,18:39,120000,golfpang,,,18홀,tr_218930231
파인스톤,2026-09-20,17:43,130000,golfpang,,,18홀,tr_218930232
파인스톤,2026-09-20,17:08,140000,golfpang,,,18홀,tr_218930230
예미지,2026-09-20,12:47,175000,golfpang,,,18홀,tr_219327357
예미지,2026-09-20,13:22,170000,golfpang,,,18홀,tr_219327358
속리산cc,2026-09-20,13:11,130000,golfpang,,,18홀,tr_219008820
알펜시아700,2026-09-20,08:39,110000,golfpang,,,18홀,tr_220321068
알프스대영,2026-09-20,18:18,40000,golfpang,,,18홀,tr_220399099
알프스대영,2026-09-20,18:18,40000,golfpang,,,18홀,tr_219595816
옥스필드,2026-09-20,17:00,69000,golfpang,,,18홀,tr_219694738
센추리21,2026-09-20,17:30,80000,golfpang,,,18홀,tr_220203332
센추리21(퍼),2026-09-20,12:30,100000,golfpang,,,18홀,tr_220326410
오로라,2026-09-20,17:30,80000,golfpang,,,18홀,tr_219244438
센추리21(퍼),2026-09-20,17:25,60000,golfpang,,,18홀,tr_220203367
옥스필드,2026-09-20,12:13,99000,golfpang,,,18홀,tr_220505402
파크밸리,2026-09-20,06:21,129000,golfpang,,,18홀,tr_220387430
알프스대영,2026-09-20,17:36,49000,golfpang,,,18홀,tr_220205240
벨라스톤,2026-09-20,13:00,159000,golfpang,,,18홀,tr_220209631
알프스대영,2026-09-20,17:36,49000,golfpang,,,18홀,tr_220205241
오로라,2026-09-20,12:53,140000,golfpang,,,18홀,tr_220209623
벨라스톤,2026-09-20,18:13,80000,golfpang,,,18홀,tr_220209632
벨라스톤,2026-09-20,07:10,159000,golfpang,,,18홀,tr_220209630
벨라스톤,2026-09-20,06:49,150000,golfpang,,,18홀,tr_220469357
벨라스톤,2026-09-20,12:39,130000,golfpang,,,18홀,tr_220497093
알펜시아700,2026-09-20,17:44,60000,golfpang,,,18홀,tr_220563217
알프스대영,2026-09-20,16:54,69000,golfpang,,,18홀,tr_220563219
벨라스톤,2026-09-20,18:20,80000,golfpang,,,18홀,tr_220563207
옥스필드,2026-09-20,17:19,59000,golfpang,,,18홀,tr_220563235
파크밸리,2026-09-20,06:28,129000,golfpang,,,18홀,tr_220563240
오로라,2026-09-20,17:42,80000,golfpang,,,18홀,tr_220563230
알프스대영,2026-09-20,18:32,40000,golfpang,,,18홀,tr_220563223
벨라스톤,2026-09-20,13:00,130000,golfpang,,,18홀,tr_220468932
벨라스톤,2026-09-20,13:40,140000,golfpang,,,18홀,tr_220000623
동서울cc-퍼9,2026-09-20,18:38,40000,golfpang,,,18홀,tr_220558480
동강시스타,2026-09-20,18:06,171000,golfpang,,,18홀,tr_220557793
동강시스타,2026-09-20,07:47,171000,golfpang,,,18홀,tr_220554114
웰리힐리,2026-09-20,07:42,190000,golfpang,,,18홀,tr_220557699
알펜시아700,2026-09-20,18:26,50000,golfpang,,,18홀,tr_220505165
벨라스톤,2026-09-20,18:27,80000,golfpang,,,18홀,tr_220505080
옥스필드,2026-09-20,17:26,59000,golfpang,,,18홀,tr_220512871
옥스필드,2026-09-20,17:27,59000,golfpang,,,18홀,tr_220563948
옥스필드,2026-09-20,12:56,99000,golfpang,,,18홀,tr_220563942
알펜시아명문,2026-09-20,12:45,130000,golfpang,,,18홀,tr_220505093
알펜시아700,2026-09-20,17:44,60000,golfpang,,,18홀,tr_220505138
알프스대영,2026-09-20,18:32,40000,golfpang,,,18홀,tr_220505274
알프스대영,2026-09-20,16:54,69000,golfpang,,,18홀,tr_220505191
오로라,2026-09-20,17:42,80000,golfpang,,,18홀,tr_220505322
알프스대영,2026-09-20,17:50,49000,golfpang,,,18홀,tr_220505234
옥스필드,2026-09-20,17:33,69000,golfpang,,,18홀,tr_220505398
옥스필드,2026-09-20,16:51,79000,golfpang,,,18홀,tr_220505406
오로라,2026-09-20,17:42,80000,golfpang,,,18홀,tr_220563386
알펜시아700,2026-09-20,17:44,60000,golfpang,,,18홀,tr_220563305
옥스필드,2026-09-20,17:26,59000,golfpang,,,18홀,tr_220563406
알프스대영,2026-09-20,16:54,69000,golfpang,,,18홀,tr_220563369
옥스필드,2026-09-20,11:59,99000,golfpang,,,18홀,tr_220563393
벨라스톤,2026-09-20,06:42,150000,golfpang,,,18홀,tr_220563285
벨라스톤,2026-09-20,18:27,80000,golfpang,,,18홀,tr_220563291
동서울cc-퍼9,2026-09-20,18:31,40000,golfpang,,,18홀,tr_220563280
벨라스톤,2026-09-20,12:32,130000,golfpang,,,18홀,tr_220484599
벨라스톤,2026-09-20,13:20,140000,golfpang,,,18홀,tr_220563828
속초(비공개),2026-09-20,13:38,140000,golfpang,,,18홀,tr_218908677
강릉(비공개),2026-09-20,12:43,150000,golfpang,,,18홀,tr_219870400
옥스필드,2026-09-20,17:20,59000,golfpang,,,18홀,tr_220260866
옥스필드,2026-09-20,12:20,99000,golfpang,,,18홀,tr_220201731
옥스필드,2026-09-20,07:40,79000,golfpang,,,18홀,tr_220201729
알프스대영,2026-09-20,17:10,59000,golfpang,,,18홀,tr_220260832
알프스대영,2026-09-20,12:00,99000,golfpang,,,18홀,tr_220563817
알프스대영,2026-09-20,18:32,40000,golfpang,,,18홀,tr_220375320
벨라스톤,2026-09-20,18:20,80000,golfpang,,,18홀,tr_220075323
알프스대영,2026-09-20,17:50,49000,golfpang,,,18홀,tr_220375319
알펜시아명문,2026-09-20,12:45,130000,golfpang,,,18홀,tr_220126830
알펜시아명문,2026-09-20,12:52,130000,golfpang,,,18홀,tr_220512992
알펜시아700,2026-09-20,18:19,50000,golfpang,,,18홀,tr_220107315
알프스대영,2026-09-20,17:15,59000,golfpang,,,18홀,tr_220375318
알펜시아700,2026-09-20,17:44,60000,golfpang,,,18홀,tr_220512976
옥스필드,2026-09-20,07:00,79000,golfpang,,,18홀,tr_220557630
알프스대영,2026-09-20,18:11,40000,golfpang,,,18홀,tr_219781416
벨라스톤,2026-09-20,18:27,80000,golfpang,,,18홀,tr_219344329
알펜시아700,2026-09-20,17:44,60000,golfpang,,,18홀,tr_220547131
벨라스톤,2026-09-20,06:42,150000,golfpang,,,18홀,tr_220403195
오로라,2026-09-20,17:42,80000,golfpang,,,18홀,tr_220403277
알펜시아700,2026-09-20,07:08,100000,golfpang,,,18홀,tr_220396793
센추리21(퍼),2026-09-20,08:00,100000,golfpang,,,18홀,tr_218871623
센추리21(퍼),2026-09-20,17:26,60000,golfpang,,,18홀,tr_219922893
센추리21,2026-09-20,17:26,70000,golfpang,,,18홀,tr_219911699
센추리21(퍼),2026-09-20,12:42,100000,golfpang,,,18홀,tr_220553904
센추리21,2026-09-20,13:00,125000,golfpang,,,18홀,tr_219966661
센추리21,2026-09-20,06:30,120000,golfpang,,,18홀,tr_218870022
벨라스톤,2026-09-20,13:43,140000,golfpang,,,18홀,tr_220563454
알프스대영,2026-09-20,12:25,99000,golfpang,,,18홀,tr_220563443
동서울cc-퍼9,2026-09-20,17:50,40000,golfpang,,,18홀,tr_220401107
오로라,2026-09-20,06:37,150000,golfpang,,,18홀,tr_220548416
알프스대영,2026-09-20,17:15,59000,golfpang,,,18홀,tr_220399932
알프스대영,2026-09-20,17:50,49000,golfpang,,,18홀,tr_220399933
알프스대영,2026-09-20,18:25,40000,golfpang,,,18홀,tr_220399934
벨라스톤,2026-09-20,13:21,140000,golfpang,,,18홀,tr_219600270
벨라스톤,2026-09-20,06:21,150000,golfpang,,,18홀,tr_219600269
오로라,2026-09-20,06:37,180000,golfpang,,,18홀,tr_220562563
옥스필드,2026-09-20,07:35,79000,golfpang,,,18홀,tr_220562596
알프스대영,2026-09-20,17:15,59000,golfpang,,,18홀,tr_220562554
벨라스톤,2026-09-20,07:03,159000,golfpang,,,18홀,tr_220521667
용평,2026-09-20,13:12,160000,golfpang,,,18홀,tr_217357740
알프스대영,2026-09-20,17:01,59000,golfpang,,,18홀,tr_220563247
알펜시아700,2026-09-20,18:19,50000,golfpang,,,18홀,tr_220521840
옥스필드,2026-09-20,18:22,59000,golfpang,,,18홀,tr_220521582
알프스대영,2026-09-20,18:25,40000,golfpang,,,18홀,tr_220479059
오로라,2026-09-20,17:42,80000,golfpang,,,18홀,tr_220307438
알프스대영,2026-09-20,17:43,49000,golfpang,,,18홀,tr_220479058
오로라,2026-09-20,18:15,80000,golfpang,,,18홀,tr_220307439
알프스대영,2026-09-20,16:54,69000,golfpang,,,18홀,tr_220479057
알펜시아700,2026-09-20,17:44,60000,golfpang,,,18홀,tr_220521839
알펜시아명문,2026-09-20,12:45,130000,golfpang,,,18홀,tr_220522140
알펜시아명문,2026-09-20,07:38,120000,golfpang,,,18홀,tr_220522139
옥스필드,2026-09-20,07:35,89000,golfpang,,,18홀,tr_220521580
옥스필드,2026-09-20,12:55,99000,golfpang,,,18홀,tr_220539097
알펜시아700,2026-09-20,17:30,90000,golfpang,,,18홀,tr_219888801
센추리21(퍼),2026-09-20,17:26,60000,golfpang,,,18홀,tr_220301872
센추리21,2026-09-20,17:26,70000,golfpang,,,18홀,tr_220216709
옥스필드,2026-09-20,17:19,59000,golfpang,,,18홀,tr_220559943
벨라스톤,2026-09-20,18:13,80000,golfpang,,,18홀,tr_220503414
동서울cc-퍼9,2026-09-20,17:56,40000,golfpang,,,18홀,tr_219671950
알프스대영,2026-09-20,17:36,49000,golfpang,,,18홀,tr_219779154
오로라,2026-09-20,17:34,80000,golfpang,,,18홀,tr_220304153
동서울cc-퍼9,2026-09-20,18:31,40000,golfpang,,,18홀,tr_220006065
알프스대영,2026-09-20,18:25,40000,golfpang,,,18홀,tr_219334830
알프스대영,2026-09-20,16:38,69000,golfpang,,,18홀,tr_220563180
벨라스톤,2026-09-20,06:55,150000,golfpang,,,18홀,tr_220563097
벨라스톤,2026-09-20,13:56,130000,golfpang,,,18홀,tr_220521628
양양(비공개),2026-09-20,13:31,199000,golfpang,,,18홀,tr_217323420
알프스대영,2026-09-20,18:32,40000,golfpang,,,18홀,tr_220518586
알프스대영,2026-09-20,17:29,49000,golfpang,,,18홀,tr_220515877
알프스대영,2026-09-20,17:15,59000,golfpang,,,18홀,tr_220518584
옥스필드,2026-09-20,12:34,99000,golfpang,,,18홀,tr_220515854
옥스필드,2026-09-20,07:00,119000,golfpang,,,18홀,tr_220515853
옥스필드,2026-09-20,18:01,59000,golfpang,,,18홀,tr_220515855
센추리21(퍼),2026-09-20,12:32,100000,golfpang,,,18홀,tr_220400836
센추리21(퍼),2026-09-20,08:34,120000,golfpang,,,18홀,tr_219158835
센추리21,2026-09-20,06:27,120000,golfpang,,,18홀,tr_220402864
옥스필드,2026-09-20,17:12,69000,golfpang,,,18홀,tr_220075563
알펜시아명문,2026-09-20,17:30,60000,golfpang,,,18홀,tr_220376651
알펜시아명문,2026-09-20,12:30,130000,golfpang,,,18홀,tr_220376671
벨라스톤,2026-09-20,12:32,130000,golfpang,,,18홀,tr_220562862
옥스필드,2026-09-20,13:02,99000,golfpang,,,18홀,tr_218581207
벨라스톤,2026-09-20,13:14,130000,golfpang,,,18홀,tr_220417693
옥스필드,2026-09-20,08:04,119000,golfpang,,,18홀,tr_218581157
알프스대영,2026-09-20,06:47,95000,golfpang,,,18홀,tr_218133183
알프스대영,2026-09-20,11:13,105000,golfpang,,,18홀,tr_218133196
알프스대영,2026-09-20,06:46,95000,golfpang,,,18홀,tr_218576881
파크밸리,2026-09-20,08:34,139000,golfpang,,,18홀,tr_220485009
알펜시아700,2026-09-20,18:12,50000,golfpang,,,18홀,tr_220485024
알프스대영,2026-09-20,17:50,49000,golfpang,,,18홀,tr_220484875
벨라스톤,2026-09-20,13:00,130000,golfpang,,,18홀,tr_220484972
벨라스톤,2026-09-20,13:56,130000,golfpang,,,18홀,tr_220454385
오로라,2026-09-20,17:30,80000,golfpang,,,18홀,tr_220297001
벨라스톤,2026-09-20,13:49,130000,golfpang,,,18홀,tr_220417479
센추리21,2026-09-20,06:34,120000,golfpang,,,18홀,tr_220399766
웰리힐리,2026-09-20,06:38,190000,golfpang,,,18홀,tr_220557697
동강시스타,2026-09-20,06:58,171000,golfpang,,,18홀,tr_220557791
옥스필드,2026-09-20,17:30,69000,golfpang,,,18홀,tr_220468596
알펜시아700,2026-09-20,17:30,90000,golfpang,,,18홀,tr_219471191
알펜시아명문,2026-09-20,12:38,140000,golfpang,,,18홀,tr_219470993
동서울cc-퍼9,2026-09-20,12:42,74000,golfpang,,,18홀,tr_220153710
동서울cc-퍼9,2026-09-20,12:42,74000,golfpang,,,18홀,tr_220153711
알펜시아700,2026-09-20,12:49,130000,golfpang,,,18홀,tr_219471190
오로라,2026-09-20,08:36,180000,golfpang,,,18홀,tr_220201511
오로라,2026-09-20,12:04,160000,golfpang,,,18홀,tr_220201512
알펜시아명문,2026-09-20,12:17,140000,golfpang,,,18홀,tr_219470992
알펜시아명문,2026-09-20,06:42,120000,golfpang,,,18홀,tr_219470991
알펜시아700,2026-09-20,06:47,110000,golfpang,,,18홀,tr_219471189
벨라스톤,2026-09-20,18:20,80000,golfpang,,,18홀,tr_220556227
동강시스타,2026-09-20,18:13,171000,golfpang,,,18홀,tr_220554118
오로라,2026-09-20,18:06,90000,golfpang,,,18홀,tr_220201513
센추리21,2026-09-20,17:26,70000,golfpang,,,18홀,tr_220502419
센추리21(퍼),2026-09-20,12:20,100000,golfpang,,,18홀,tr_219778753
용평,2026-09-20,13:19,160000,golfpang,,,18홀,tr_219156145
벨라스톤,2026-09-20,13:56,130000,golfpang,,,18홀,tr_220468192
옥스필드,2026-09-20,12:55,99000,golfpang,,,18홀,tr_220559942
옥스필드,2026-09-20,07:07,79000,golfpang,,,18홀,tr_220559941
오로라,2026-09-20,13:21,130000,golfpang,,,18홀,tr_220299595
오로라,2026-09-20,13:21,130000,golfpang,,,18홀,tr_220299597
오로라,2026-09-20,13:21,130000,golfpang,,,18홀,tr_220299596
파크밸리,2026-09-20,08:06,149000,golfpang,,,18홀,tr_220001287
오로라,2026-09-20,13:35,130000,golfpang,,,18홀,tr_220483630
오로라,2026-09-20,08:15,150000,golfpang,,,18홀,tr_220483629
오로라,2026-09-20,17:34,80000,golfpang,,,18홀,tr_220483631
벨라스톤,2026-09-20,18:06,80000,golfpang,,,18홀,tr_220515805
벨라스톤,2026-09-20,06:56,149000,golfpang,,,18홀,tr_220515803
벨라스톤,2026-09-20,13:00,159000,golfpang,,,18홀,tr_220515804
벨라스톤,2026-09-20,13:43,140000,golfpang,,,18홀,tr_220559648
알프스대영,2026-09-20,12:25,99000,golfpang,,,18홀,tr_220559615
알펜시아명문,2026-09-20,12:40,130000,golfpang,,,18홀,tr_219774354
알프스대영,2026-09-20,18:21,40000,golfpang,,,18홀,tr_219553458
동강시스타,2026-09-20,06:44,171000,golfpang,,,18홀,tr_220557790
벨라스톤,2026-09-20,08:41,169000,golfpang,,,18홀,tr_220558285
동강시스타,2026-09-20,08:22,171000,golfpang,,,18홀,tr_220557787
웰리힐리,2026-09-20,07:34,190000,golfpang,,,18홀,tr_220558118
동강시스타,2026-09-20,18:06,171000,golfpang,,,18홀,tr_220558142
동강시스타,2026-09-20,17:52,171000,golfpang,,,18홀,tr_220557789
동강시스타,2026-09-20,17:45,171000,golfpang,,,18홀,tr_220557792
동강시스타,2026-09-20,17:45,171000,golfpang,,,18홀,tr_220557788
동강시스타,2026-09-20,17:38,171000,golfpang,,,18홀,tr_220558143
벨라스톤,2026-09-20,18:41,80000,golfpang,,,18홀,tr_220558286
벨라스톤,2026-09-20,07:03,159000,golfpang,,,18홀,tr_220558102
웰리힐리,2026-09-20,07:10,190000,golfpang,,,18홀,tr_220556243
벨라스톤,2026-09-20,18:27,80000,golfpang,,,18홀,tr_220556228
동강시스타,2026-09-20,17:59,171000,golfpang,,,18홀,tr_220556262
동강시스타,2026-09-20,17:59,171000,golfpang,,,18홀,tr_220555960
동강시스타,2026-09-20,07:12,171000,golfpang,,,18홀,tr_220556322
동강시스타,2026-09-20,07:19,171000,golfpang,,,18홀,tr_220556260
동강시스타,2026-09-20,07:26,171000,golfpang,,,18홀,tr_220555959
동강시스타,2026-09-20,07:26,171000,golfpang,,,18홀,tr_220555961
동강시스타,2026-09-20,07:47,171000,golfpang,,,18홀,tr_220555962
웰리힐리,2026-09-20,08:14,190000,golfpang,,,18홀,tr_220555860
웰리힐리,2026-09-20,08:30,190000,golfpang,,,18홀,tr_220556244
동강시스타,2026-09-20,08:50,171000,golfpang,,,18홀,tr_220555963
동강시스타,2026-09-20,08:57,171000,golfpang,,,18홀,tr_220556261
웰리힐리,2026-09-20,09:34,190000,golfpang,,,18홀,tr_220555861
동강시스타,2026-09-20,06:37,171000,golfpang,,,18홀,tr_220555957
웰리힐리,2026-09-20,06:46,190000,golfpang,,,18홀,tr_220555858
동강시스타,2026-09-20,06:51,171000,golfpang,,,18홀,tr_220556259
웰리힐리,2026-09-20,06:54,190000,golfpang,,,18홀,tr_220555859
동서울cc-퍼9,2026-09-20,18:31,40000,golfpang,,,18홀,tr_220555085
동서울cc-퍼9,2026-09-20,18:45,40000,golfpang,,,18홀,tr_220555086
웰리힐리,2026-09-20,07:10,190000,golfpang,,,18홀,tr_220553987
벨라스톤,2026-09-20,18:41,80000,golfpang,,,18홀,tr_220554403
동강시스타,2026-09-20,06:51,171000,golfpang,,,18홀,tr_220554480
웰리힐리,2026-09-20,07:02,190000,golfpang,,,18홀,tr_220553986
벨라스톤,2026-09-20,18:27,80000,golfpang,,,18홀,tr_220554562
동강시스타,2026-09-20,17:31,171000,golfpang,,,18홀,tr_220554116
동강시스타,2026-09-20,17:31,171000,golfpang,,,18홀,tr_220554119
동강시스타,2026-09-20,08:43,171000,golfpang,,,18홀,tr_220554432
동강시스타,2026-09-20,17:38,171000,golfpang,,,18홀,tr_220554117
웰리힐리,2026-09-20,06:54,190000,golfpang,,,18홀,tr_220553985
웰리힐리,2026-09-20,07:50,190000,golfpang,,,18홀,tr_220553991
동강시스타,2026-09-20,11:50,171000,golfpang,,,18홀,tr_220554115
웰리힐리,2026-09-20,06:22,190000,golfpang,,,18홀,tr_220553992
웰리힐리,2026-09-20,06:30,190000,golfpang,,,18홀,tr_220553993
웰리힐리,2026-09-20,07:50,190000,golfpang,,,18홀,tr_220553988
웰리힐리,2026-09-20,07:50,190000,golfpang,,,18홀,tr_220554415
웰리힐리,2026-09-20,06:46,190000,golfpang,,,18홀,tr_220553989
알펜시아명문,2026-09-20,12:45,130000,golfpang,,,18홀,tr_220469279
오로라,2026-09-20,06:37,180000,golfpang,,,18홀,tr_220469701
알펜시아700,2026-09-20,17:44,60000,golfpang,,,18홀,tr_220469323
알펜시아700,2026-09-20,07:08,100000,golfpang,,,18홀,tr_220469297
오로라,2026-09-20,17:42,80000,golfpang,,,18홀,tr_220190220
파크밸리,2026-09-20,06:56,139000,golfpang,,,18홀,tr_220485787
알펜시아700,2026-09-20,06:54,90000,golfpang,,,18홀,tr_220198657
동서울cc-퍼9,2026-09-20,06:38,69000,golfpang,,,18홀,tr_220387327
알펜시아명문,2026-09-20,06:28,100000,golfpang,,,18홀,tr_220199054
벨라스톤,2026-09-20,06:21,149000,golfpang,,,18홀,tr_220206609
알펜시아명문,2026-09-20,12:17,130000,golfpang,,,18홀,tr_220199055
옥스필드,2026-09-20,07:28,89000,golfpang,,,18홀,tr_220547899
동서울cc-퍼9,2026-09-20,13:10,69000,golfpang,,,18홀,tr_220387328
벨라스톤,2026-09-20,13:00,159000,golfpang,,,18홀,tr_220206610
알펜시아명문,2026-09-20,12:59,130000,golfpang,,,18홀,tr_220199056
옥스필드,2026-09-20,12:55,99000,golfpang,,,18홀,tr_220547900
알프스대영,2026-09-20,17:15,59000,golfpang,,,18홀,tr_220547593
웰리힐리,2026-09-20,14:30,140000,golfpang,,,18홀,tr_218134995
알펜시아700,2026-09-20,13:52,90000,golfpang,,,18홀,tr_220198658
오로라,2026-09-20,13:49,130000,golfpang,,,18홀,tr_220306243
알펜시아700,2026-09-20,18:05,50000,golfpang,,,18홀,tr_220198659
알프스대영,2026-09-20,17:50,49000,golfpang,,,18홀,tr_220547594
오로라,2026-09-20,17:34,80000,golfpang,,,18홀,tr_220306244
옥스필드,2026-09-20,17:33,69000,golfpang,,,18홀,tr_220547901
알프스대영,2026-09-20,18:32,40000,golfpang,,,18홀,tr_220547595
오로라,2026-09-20,18:22,80000,golfpang,,,18홀,tr_220306245
동서울cc-퍼9,2026-09-20,18:17,40000,golfpang,,,18홀,tr_220387329
벨라스톤,2026-09-20,18:13,80000,golfpang,,,18홀,tr_220206611
옥스필드,2026-09-20,13:10,99000,golfpang,,,18홀,tr_219933871
벨라스톤,2026-09-20,12:32,130000,golfpang,,,18홀,tr_220485254
알펜시아명문,2026-09-20,12:13,130000,golfpang,,,18홀,tr_220241327
알펜시아700,2026-09-20,07:00,90000,golfpang,,,18홀,tr_220241224
옥스필드,2026-09-20,12:40,99000,golfpang,,,18홀,tr_220262230
알펜시아700,2026-09-20,13:57,90000,golfpang,,,18홀,tr_220241276
오로라,2026-09-20,06:38,150000,golfpang,,,18홀,tr_220539237
센추리21,2026-09-20,17:00,70000,golfpang,,,18홀,tr_219784621
동서울cc-퍼9,2026-09-20,07:25,79000,golfpang,,,18홀,tr_220481252
센추리21(퍼),2026-09-20,07:10,100000,golfpang,,,18홀,tr_220523265
센추리21(퍼),2026-09-20,13:00,100000,golfpang,,,18홀,tr_219364813
오로라,2026-09-20,08:15,150000,golfpang,,,18홀,tr_220391600
벨라스톤,2026-09-20,07:10,159000,golfpang,,,18홀,tr_220423986
벨라스톤,2026-09-20,08:41,169000,golfpang,,,18홀,tr_220423987
오로라,2026-09-20,17:34,80000,golfpang,,,18홀,tr_220297518
옥스필드,2026-09-20,07:42,119000,golfpang,,,18홀,tr_220288823
알펜시아700,2026-09-20,07:36,100000,golfpang,,,18홀,tr_219822884
알펜시아700,2026-09-20,17:30,60000,golfpang,,,18홀,tr_219822885
알펜시아700,2026-09-20,06:54,90000,golfpang,,,18홀,tr_219822883
알프스대영,2026-09-20,17:50,49000,golfpang,,,18홀,tr_220522597
벨라스톤,2026-09-20,18:13,80000,golfpang,,,18홀,tr_220423988
오로라,2026-09-20,13:49,130000,golfpang,,,18홀,tr_220297516
오로라,2026-09-20,13:56,130000,golfpang,,,18홀,tr_220297517
옥스필드,2026-09-20,12:55,99000,golfpang,,,18홀,tr_220288824
알펜시아명문,2026-09-20,06:42,100000,golfpang,,,18홀,tr_219822382
알펜시아명문,2026-09-20,08:06,140000,golfpang,,,18홀,tr_219822383
알펜시아명문,2026-09-20,12:24,130000,golfpang,,,18홀,tr_219822384
옥스필드,2026-09-20,17:26,69000,golfpang,,,18홀,tr_220288825
알프스대영,2026-09-20,17:15,59000,golfpang,,,18홀,tr_220522596
알프스대영,2026-09-20,16:54,69000,golfpang,,,18홀,tr_220522595
오로라,2026-09-20,13:35,130000,golfpang,,,18홀,tr_220391601
오로라,2026-09-20,17:50,80000,golfpang,,,18홀,tr_220391602
알펜시아700,2026-09-20,07:29,100000,golfpang,,,18홀,tr_219999485
알펜시아700,2026-09-20,17:44,60000,golfpang,,,18홀,tr_219999487
벨라45 마스터스,2026-09-20,17:45,85000,golfpang,,,18홀,tr_219558336
센추리21,2026-09-20,17:47,80000,golfpang,,,18홀,tr_220484020
벨라45 마스터스,2026-09-20,18:06,85000,golfpang,,,18홀,tr_219558337
동강시스타,2026-09-20,13:49,90000,golfpang,,,18홀,tr_219158662
센추리21,2026-09-20,14:10,125000,golfpang,,,18홀,tr_220484019
파인밸리,2026-09-20,16:02,135000,golfpang,,,18홀,tr_219158509
알펜시아명문,2026-09-20,16:06,230000,golfpang,,,18홀,tr_219999527
알펜시아700,2026-09-20,12:49,100000,golfpang,,,18홀,tr_219999486
동강시스타,2026-09-20,07:54,110000,golfpang,,,18홀,tr_219158663
동강시스타,2026-09-20,12:11,100000,golfpang,,,18홀,tr_219158661
웰리힐리,2026-09-20,08:38,190000,golfpang,,,18홀,tr_218796052
센추리21,2026-09-20,06:14,120000,golfpang,,,18홀,tr_220484018
알펜시아명문,2026-09-20,12:17,130000,golfpang,,,18홀,tr_219999526
알펜시아명문,2026-09-20,06:42,100000,golfpang,,,18홀,tr_219999525
알프스대영,2026-09-20,16:54,69000,golfpang,,,18홀,tr_220504335
알프스대영,2026-09-20,18:32,40000,golfpang,,,18홀,tr_220504337
알프스대영,2026-09-20,17:50,49000,golfpang,,,18홀,tr_220504336
옥스필드,2026-09-20,06:46,99000,golfpang,,,18홀,tr_220504663
옥스필드,2026-09-20,18:15,59000,golfpang,,,18홀,tr_220504665
옥스필드,2026-09-20,12:55,99000,golfpang,,,18홀,tr_220504664
벨라스톤,2026-09-20,18:13,80000,golfpang,,,18홀,tr_220521861
벨라스톤,2026-09-20,07:10,159000,golfpang,,,18홀,tr_220521859
벨라스톤,2026-09-20,13:00,159000,golfpang,,,18홀,tr_220521860
웰리힐리,2026-09-20,07:50,190000,golfpang,,,18홀,tr_220522675
웰리힐리,2026-09-20,08:30,190000,golfpang,,,18홀,tr_220522674
웰리힐리,2026-09-20,09:34,190000,golfpang,,,18홀,tr_220522673
오로라,2026-09-20,08:36,150000,golfpang,,,18홀,tr_220299734
알펜시아명문,2026-09-20,08:06,140000,golfpang,,,18홀,tr_219794929
알펜시아700,2026-09-20,12:49,100000,golfpang,,,18홀,tr_219795091
알프스대영,2026-09-20,16:54,69000,golfpang,,,18홀,tr_220216273
오로라,2026-09-20,13:49,130000,golfpang,,,18홀,tr_220299735
알프스대영,2026-09-20,17:43,49000,golfpang,,,18홀,tr_220216274
오로라,2026-09-20,17:34,80000,golfpang,,,18홀,tr_220299736
알펜시아700,2026-09-20,06:54,90000,golfpang,,,18홀,tr_219795089
알펜시아명문,2026-09-20,06:42,100000,golfpang,,,18홀,tr_219794928
알펜시아명문,2026-09-20,12:10,130000,golfpang,,,18홀,tr_219794930
알프스대영,2026-09-20,11:35,105000,golfpang,,,18홀,tr_220216272
알펜시아700,2026-09-20,08:39,110000,golfpang,,,18홀,tr_219795090
알펜시아700,2026-09-20,18:05,50000,golfpang,,,18홀,tr_220324839
벨라스톤,2026-09-20,08:41,169000,golfpang,,,18홀,tr_220197616
알펜시아명문,2026-09-20,11:56,140000,golfpang,,,18홀,tr_219622627
옥스필드,2026-09-20,05:50,89000,golfpang,,,18홀,tr_220399729
벨라스톤,2026-09-20,06:21,149000,golfpang,,,18홀,tr_220197614
알펜시아700,2026-09-20,06:54,90000,golfpang,,,18홀,tr_220324837
센추리21,2026-09-20,13:14,125000,golfpang,,,18홀,tr_220026625
벨라스톤,2026-09-20,13:00,159000,golfpang,,,18홀,tr_220197615
오로라,2026-09-20,12:39,140000,golfpang,,,18홀,tr_220193025
옥스필드,2026-09-20,12:34,99000,golfpang,,,18홀,tr_220399730
알펜시아명문,2026-09-20,12:24,140000,golfpang,,,18홀,tr_219622628
센추리21,2026-09-20,17:26,70000,golfpang,,,18홀,tr_220026626
오로라,2026-09-20,17:18,90000,golfpang,,,18홀,tr_220193026
알프스대영,2026-09-20,17:15,59000,golfpang,,,18홀,tr_220399101
알프스대영,2026-09-20,16:54,69000,golfpang,,,18홀,tr_220399100
동서울cc-퍼9,2026-09-20,13:59,79000,golfpang,,,18홀,tr_220174584
알펜시아700,2026-09-20,13:38,90000,golfpang,,,18홀,tr_220324838
동서울cc-퍼9,2026-09-20,08:37,69000,golfpang,,,18홀,tr_220174583
동서울cc-퍼9,2026-09-20,18:03,40000,golfpang,,,18홀,tr_220174585
옥스필드,2026-09-20,18:15,59000,golfpang,,,18홀,tr_220399731
오로라,2026-09-20,18:14,80000,golfpang,,,18홀,tr_220193027
알펜시아명문,2026-09-20,06:56,110000,golfpang,,,18홀,tr_219622626
벨라스톤,2026-09-20,07:10,159000,golfpang,,,18홀,tr_220431646
알펜시아명문,2026-09-20,06:14,100000,golfpang,,,18홀,tr_220494001
알펜시아명문,2026-09-20,12:45,130000,golfpang,,,18홀,tr_220434096
알펜시아700,2026-09-20,07:08,100000,golfpang,,,18홀,tr_220434104
동강시스타,2026-09-20,11:50,110000,golfpang,,,18홀,tr_220002495
알프스대영,2026-09-20,18:25,40000,golfpang,,,18홀,tr_220279088
옥스필드,2026-09-20,18:15,59000,golfpang,,,18홀,tr_220283426
오로라,2026-09-20,18:14,80000,golfpang,,,18홀,tr_220339364
벨라스톤,2026-09-20,18:06,80000,golfpang,,,18홀,tr_220423254
벨라스톤,2026-09-20,17:45,80000,golfpang,,,18홀,tr_220423253
오로라,2026-09-20,17:34,90000,golfpang,,,18홀,tr_220339363
동서울cc-퍼9,2026-09-20,17:28,50000,golfpang,,,18홀,tr_219331999
센추리21,2026-09-20,17:26,70000,golfpang,,,18홀,tr_220420306
센추리21(퍼),2026-09-20,17:26,60000,golfpang,,,18홀,tr_220420644
동강시스타,2026-09-20,17:10,60000,golfpang,,,18홀,tr_219331857
웰리힐리,2026-09-20,14:54,140000,golfpang,,,18홀,tr_219331539
센추리21,2026-09-20,14:10,125000,golfpang,,,18홀,tr_220420305
벨라스톤,2026-09-20,13:56,140000,golfpang,,,18홀,tr_220423252
알프스대영,2026-09-20,13:27,99000,golfpang,,,18홀,tr_220279087
동서울cc-퍼9,2026-09-20,13:24,79000,golfpang,,,18홀,tr_219331998
파인밸리,2026-09-20,13:02,135000,golfpang,,,18홀,tr_219331597
파인밸리,2026-09-20,13:02,135000,golfpang,,,18홀,tr_219331598
동강시스타,2026-09-20,13:00,90000,golfpang,,,18홀,tr_219331856
알펜시아700,2026-09-20,12:49,120000,golfpang,,,18홀,tr_219821114
오로라,2026-09-20,12:39,140000,golfpang,,,18홀,tr_220339362
옥스필드,2026-09-20,12:34,109000,golfpang,,,18홀,tr_220283425
센추리21(퍼),2026-09-20,12:26,100000,golfpang,,,18홀,tr_220420643
알펜시아명문,2026-09-20,12:03,140000,golfpang,,,18홀,tr_219820969
웰리힐리,2026-09-20,09:42,190000,golfpang,,,18홀,tr_219331538
알펜시아700,2026-09-20,08:46,120000,golfpang,,,18홀,tr_219821113
웰리힐리,2026-09-20,08:30,190000,golfpang,,,18홀,tr_219331537
동서울cc-퍼9,2026-09-20,08:16,89000,golfpang,,,18홀,tr_219331997
알펜시아명문,2026-09-20,08:06,150000,golfpang,,,18홀,tr_219820968
동강시스타,2026-09-20,08:01,120000,golfpang,,,18홀,tr_219331855
옥스필드,2026-09-20,07:56,119000,golfpang,,,18홀,tr_220283424
알펜시아명문,2026-09-20,06:56,110000,golfpang,,,18홀,tr_219820967
센추리21,2026-09-20,06:49,120000,golfpang,,,18홀,tr_220420304
알펜시아700,2026-09-20,06:47,100000,golfpang,,,18홀,tr_219821112
센추리21(퍼),2026-09-20,06:28,100000,golfpang,,,18홀,tr_220420642
알프스대영,2026-09-20,06:05,95000,golfpang,,,18홀,tr_220279086
벨라스톤,2026-09-20,13:43,140000,golfpang,,,18홀,tr_220503642
벨라스톤,2026-09-20,07:10,159000,golfpang,,,18홀,tr_220503412
벨라스톤,2026-09-20,08:41,169000,golfpang,,,18홀,tr_220503413
알프스대영,2026-09-20,18:32,40000,golfpang,,,18홀,tr_220499583
알프스대영,2026-09-20,05:44,80000,golfpang,,,18홀,tr_220499582
알프스대영,2026-09-20,18:32,40000,golfpang,,,18홀,tr_220499584
옥스필드,2026-09-20,12:55,99000,golfpang,,,18홀,tr_220002563
옥스필드,2026-09-20,07:42,89000,golfpang,,,18홀,tr_220002958
벨라스톤,2026-09-20,13:28,130000,golfpang,,,18홀,tr_220496962
오로라,2026-09-20,17:42,80000,golfpang,,,18홀,tr_220345418
알프스대영,2026-09-20,18:25,40000,golfpang,,,18홀,tr_220035435
알펜시아700,2026-09-20,18:19,50000,golfpang,,,18홀,tr_220032541
웰리힐리,2026-09-20,14:54,140000,golfpang,,,18홀,tr_220023224
센추리21,2026-09-20,14:03,125000,golfpang,,,18홀,tr_220153099
동서울cc-퍼9,2026-09-20,18:17,40000,golfpang,,,18홀,tr_220026492
동서울cc-퍼9,2026-09-20,18:31,40000,golfpang,,,18홀,tr_220026493
벨라스톤,2026-09-20,18:13,80000,golfpang,,,18홀,tr_220411529
벨라45 마스터스,2026-09-20,18:13,85000,golfpang,,,18홀,tr_220023589
옥스필드,2026-09-20,18:08,59000,golfpang,,,18홀,tr_219937269
벨라45 마스터스,2026-09-20,18:06,85000,golfpang,,,18홀,tr_220023588
벨라45 마스터스,2026-09-20,17:59,85000,golfpang,,,18홀,tr_220023587
센추리21,2026-09-20,17:40,80000,golfpang,,,18홀,tr_220153101
옥스필드,2026-09-20,13:16,99000,golfpang,,,18홀,tr_219937268
알프스대영,2026-09-20,13:27,99000,golfpang,,,18홀,tr_220035434
오로라,2026-09-20,13:35,130000,golfpang,,,18홀,tr_220345417
동강시스타,2026-09-20,13:49,90000,golfpang,,,18홀,tr_219072454
알펜시아700,2026-09-20,13:52,90000,golfpang,,,18홀,tr_220032540
동서울cc-퍼9,2026-09-20,13:59,79000,golfpang,,,18홀,tr_220026491
동강시스타,2026-09-20,11:43,110000,golfpang,,,18홀,tr_219072452
알펜시아명문,2026-09-20,12:17,130000,golfpang,,,18홀,tr_220032902
파인밸리,2026-09-20,12:55,135000,golfpang,,,18홀,tr_219173552
벨라스톤,2026-09-20,13:00,159000,golfpang,,,18홀,tr_220411528
파인밸리,2026-09-20,13:02,135000,golfpang,,,18홀,tr_219173553
동강시스타,2026-09-20,13:42,90000,golfpang,,,18홀,tr_219072453
벨라스톤,2026-09-20,06:49,150000,golfpang,,,18홀,tr_220496771
파크밸리,2026-09-20,07:31,149000,golfpang,,,18홀,tr_220390098
벨라스톤,2026-09-20,13:56,130000,golfpang,,,18홀,tr_220485650
동서울cc-퍼9,2026-09-20,07:41,89000,golfpang,,,18홀,tr_218857709
동서울cc-퍼9,2026-09-20,12:28,79000,golfpang,,,18홀,tr_218857710
동서울cc-퍼9,2026-09-20,17:28,50000,golfpang,,,18홀,tr_218857711
오로라,2026-09-20,17:34,80000,golfpang,,,18홀,tr_220297344
오로라,2026-09-20,13:28,130000,golfpang,,,18홀,tr_220297343
벨라스톤,2026-09-20,13:35,159000,golfpang,,,18홀,tr_220149469
알프스대영,2026-09-20,17:15,59000,golfpang,,,18홀,tr_220022990
알프스대영,2026-09-20,11:07,109000,golfpang,,,18홀,tr_220022989
알프스대영,2026-09-20,06:05,89000,golfpang,,,18홀,tr_220022988
벨라스톤,2026-09-20,06:28,149000,golfpang,,,18홀,tr_220149468
오로라,2026-09-20,06:37,140000,golfpang,,,18홀,tr_220297342
옥스필드,2026-09-20,06:46,99000,golfpang,,,18홀,tr_220484330
옥스필드,2026-09-20,17:33,69000,golfpang,,,18홀,tr_220484332
옥스필드,2026-09-20,16:51,79000,golfpang,,,18홀,tr_220484331
강릉(비공개),2026-09-20,12:29,150000,golfpang,,,18홀,tr_219890618
강릉(비공개),2026-09-20,08:17,130000,golfpang,,,18홀,tr_219890697
속초(비공개),2026-09-20,11:40,140000,golfpang,,,18홀,tr_218927548
속초(비공개),2026-09-20,07:27,160000,golfpang,,,18홀,tr_218927541
알펜시아명문,2026-09-20,12:45,130000,golfpang,,,18홀,tr_220476769
알펜시아명문,2026-09-20,12:45,130000,golfpang,,,18홀,tr_220476768
알펜시아명문,2026-09-20,06:14,100000,golfpang,,,18홀,tr_220476767
알펜시아700,2026-09-20,07:01,100000,golfpang,,,18홀,tr_220476581
알펜시아700,2026-09-20,07:08,100000,golfpang,,,18홀,tr_220476580
알펜시아700,2026-09-20,06:33,90000,golfpang,,,18홀,tr_220476579
오로라,2026-09-20,17:42,90000,golfpang,,,18홀,tr_220470749
오로라,2026-09-20,13:56,130000,golfpang,,,18홀,tr_220470748
오로라,2026-09-20,18:22,80000,golfpang,,,18홀,tr_220470750
알프스대영,2026-09-20,17:43,49000,golfpang,,,18홀,tr_220013901
알프스대영,2026-09-20,17:43,49000,golfpang,,,18홀,tr_220013900
알프스대영,2026-09-20,18:32,40000,golfpang,,,18홀,tr_220469573
알프스대영,2026-09-20,17:50,49000,golfpang,,,18홀,tr_220469572
알프스대영,2026-09-20,17:15,59000,golfpang,,,18홀,tr_220469571
알펜시아명문,2026-09-20,06:14,100000,golfpang,,,18홀,tr_220469093
알펜시아명문,2026-09-20,13:06,130000,golfpang,,,18홀,tr_220469095
알펜시아명문,2026-09-20,12:45,130000,golfpang,,,18홀,tr_220469094
알펜시아700,2026-09-20,18:19,50000,golfpang,,,18홀,tr_220468782
알펜시아700,2026-09-20,17:44,60000,golfpang,,,18홀,tr_220468781
알펜시아700,2026-09-20,07:08,100000,golfpang,,,18홀,tr_220468780
알프스대영,2026-09-20,18:32,40000,golfpang,,,18홀,tr_220467808
알프스대영,2026-09-20,18:25,40000,golfpang,,,18홀,tr_220467810
알프스대영,2026-09-20,17:50,49000,golfpang,,,18홀,tr_220467809
동서울cc-퍼9,2026-09-20,18:31,40000,golfpang,,,18홀,tr_220454670
동서울cc-퍼9,2026-09-20,08:37,69000,golfpang,,,18홀,tr_220454669
파크밸리,2026-09-20,13:21,129000,golfpang,,,18홀,tr_219840210
파크밸리,2026-09-20,07:49,139000,golfpang,,,18홀,tr_219860672
알프스대영,2026-09-20,17:43,49000,golfpang,,,18홀,tr_220375243
알프스대영,2026-09-20,18:25,40000,golfpang,,,18홀,tr_220375244
알프스대영,2026-09-20,16:54,69000,golfpang,,,18홀,tr_220375242
동서울cc-퍼9,2026-09-20,18:17,40000,golfpang,,,18홀,tr_220385369
동서울cc-퍼9,2026-09-20,13:10,69000,golfpang,,,18홀,tr_220385368
옥스필드,2026-09-20,18:08,59000,golfpang,,,18홀,tr_220100235
옥스필드,2026-09-20,13:23,99000,golfpang,,,18홀,tr_220100234
오로라,2026-09-20,13:28,140000,golfpang,,,18홀,tr_220174793
오로라,2026-09-20,17:34,90000,golfpang,,,18홀,tr_220174794
센추리21,2026-09-20,13:14,130000,golfpang,,,18홀,tr_219938220
벨라스톤,2026-09-20,17:45,80000,golfpang,,,18홀,tr_219968943
벨라스톤,2026-09-20,13:35,159000,golfpang,,,18홀,tr_219968942
센추리21,2026-09-20,17:26,85000,golfpang,,,18홀,tr_219938221
센추리21(퍼),2026-09-20,11:50,110000,golfpang,,,18홀,tr_219937922
센추리21(퍼),2026-09-20,17:26,60000,golfpang,,,18홀,tr_219937923
알펜시아700,2026-09-20,17:30,90000,golfpang,,,18홀,tr_219602165
웰리힐리,2026-09-20,13:54,140000,golfpang,,,18홀,tr_219546361
동강시스타,2026-09-20,17:10,60000,golfpang,,,18홀,tr_217994037
알펜시아명문,2026-09-20,11:49,140000,golfpang,,,18홀,tr_219529496
알펜시아700,2026-09-20,13:31,110000,golfpang,,,18홀,tr_219602164
동서울cc-퍼9,2026-09-20,18:31,40000,golfpang,,,18홀,tr_220440016
동서울cc-퍼9,2026-09-20,18:17,40000,golfpang,,,18홀,tr_220440018
동서울cc-퍼9,2026-09-20,08:37,69000,golfpang,,,18홀,tr_220440017
센추리21(퍼),2026-09-20,13:21,100000,golfpang,,,18홀,tr_220434322
센추리21(퍼),2026-09-20,12:46,100000,golfpang,,,18홀,tr_220434321
센추리21(퍼),2026-09-20,07:17,100000,golfpang,,,18홀,tr_220434320
센추리21,2026-09-20,14:10,125000,golfpang,,,18홀,tr_220434142
센추리21,2026-09-20,06:14,120000,golfpang,,,18홀,tr_220434141
센추리21,2026-09-20,17:33,80000,golfpang,,,18홀,tr_220434143
옥스필드,2026-09-20,18:15,59000,golfpang,,,18홀,tr_220422562
옥스필드,2026-09-20,12:34,99000,golfpang,,,18홀,tr_220422563
옥스필드,2026-09-20,06:53,119000,golfpang,,,18홀,tr_220422561
오로라,2026-09-20,18:11,80000,golfpang,,,18홀,tr_220299699
오로라,2026-09-20,13:28,130000,golfpang,,,18홀,tr_220299697
오로라,2026-09-20,17:34,80000,golfpang,,,18홀,tr_220299698
웰리힐리,2026-09-20,14:54,140000,golfpang,,,18홀,tr_219778700
웰리힐리,2026-09-20,08:38,190000,golfpang,,,18홀,tr_219778698
웰리힐리,2026-09-20,14:46,140000,golfpang,,,18홀,tr_219778699
벨라스톤,2026-09-20,13:35,130000,golfpang,,,18홀,tr_220420817
벨라스톤,2026-09-20,17:52,80000,golfpang,,,18홀,tr_220149470
벨라45 마스터스,2026-09-20,17:45,85000,golfpang,,,18홀,tr_219347672
벨라스톤,2026-09-20,13:00,130000,golfpang,,,18홀,tr_220420569
벨라스톤,2026-09-20,13:14,130000,golfpang,,,18홀,tr_220417674
알펜시아명문,2026-09-20,12:10,130000,golfpang,,,18홀,tr_219440084
알프스대영,2026-09-20,13:06,99000,golfpang,,,18홀,tr_219637833
알펜시아700,2026-09-20,12:56,90000,golfpang,,,18홀,tr_219750007
센추리21(퍼),2026-09-20,11:50,110000,golfpang,,,18홀,tr_218581388
벨라스톤,2026-09-20,07:10,159000,golfpang,,,18홀,tr_220414824
벨라스톤,2026-09-20,18:13,80000,golfpang,,,18홀,tr_220414825
벨라스톤,2026-09-20,13:00,159000,golfpang,,,18홀,tr_220414823
벨라스톤,2026-09-20,18:06,80000,golfpang,,,18홀,tr_220411947
벨라스톤,2026-09-20,17:45,80000,golfpang,,,18홀,tr_220411946
벨라스톤,2026-09-20,13:00,159000,golfpang,,,18홀,tr_220403647
벨라스톤,2026-09-20,18:13,80000,golfpang,,,18홀,tr_220403648
벨라스톤,2026-09-20,07:10,159000,golfpang,,,18홀,tr_220403646
동서울cc-퍼9,2026-09-20,07:41,109000,golfpang,,,18홀,tr_217703352
옥스필드,2026-09-20,07:35,99000,golfpang,,,18홀,tr_220401177
웰리힐리,2026-09-20,07:10,190000,golfpang,,,18홀,tr_218853095
웰리힐리,2026-09-20,07:42,190000,golfpang,,,18홀,tr_218853096
동강시스타,2026-09-20,07:47,110000,golfpang,,,18홀,tr_219137880
동서울cc-퍼9,2026-09-20,17:35,50000,golfpang,,,18홀,tr_217703354
오로라,2026-09-20,17:34,80000,golfpang,,,18홀,tr_220326726
알펜시아명문,2026-09-20,08:06,130000,golfpang,,,18홀,tr_219821257
알프스대영,2026-09-20,17:43,49000,golfpang,,,18홀,tr_220377468
벨라스톤,2026-09-20,17:45,80000,golfpang,,,18홀,tr_219911539
알펜시아700,2026-09-20,18:12,50000,golfpang,,,18홀,tr_219820849
동강시스타,2026-09-20,06:58,100000,golfpang,,,18홀,tr_219137879
옥스필드,2026-09-20,06:53,119000,golfpang,,,18홀,tr_220401176
알펜시아명문,2026-09-20,06:42,110000,golfpang,,,18홀,tr_219821256
벨라스톤,2026-09-20,06:28,149000,golfpang,,,18홀,tr_219911537
동서울cc-퍼9,2026-09-20,12:49,99000,golfpang,,,18홀,tr_217703353
알펜시아700,2026-09-20,12:49,100000,golfpang,,,18홀,tr_219820848
알펜시아명문,2026-09-20,12:45,130000,golfpang,,,18홀,tr_219821258
옥스필드,2026-09-20,12:41,99000,golfpang,,,18홀,tr_220401178
옥스필드,2026-09-20,12:34,109000,golfpang,,,18홀,tr_220199985
벨라스톤,2026-09-20,11:57,169000,golfpang,,,18홀,tr_220200642
알프스대영,2026-09-20,11:07,105000,golfpang,,,18홀,tr_220199945
웰리힐리,2026-09-20,08:30,190000,golfpang,,,18홀,tr_218853097
알펜시아700,2026-09-20,08:25,110000,golfpang,,,18홀,tr_219820847
알프스대영,2026-09-20,16:54,69000,golfpang,,,18홀,tr_220377467
오로라,2026-09-20,13:42,130000,golfpang,,,18홀,tr_220326725
벨라스톤,2026-09-20,13:35,159000,golfpang,,,18홀,tr_219911538
알프스대영,2026-09-20,13:27,99000,golfpang,,,18홀,tr_220199946
동강시스타,2026-09-20,13:07,90000,golfpang,,,18홀,tr_219137881
알프스대영,2026-09-20,18:32,40000,golfpang,,,18홀,tr_220377469
오로라,2026-09-20,18:22,80000,golfpang,,,18홀,tr_220326727
벨라스톤,2026-09-20,08:41,169000,golfpang,,,18홀,tr_220200641
옥스필드,2026-09-20,07:56,119000,golfpang,,,18홀,tr_220199984
벨라스톤,2026-09-20,07:10,159000,golfpang,,,18홀,tr_220200640
옥스필드,2026-09-20,06:53,119000,golfpang,,,18홀,tr_220199983
알프스대영,2026-09-20,06:05,95000,golfpang,,,18홀,tr_220199944
센추리21(퍼),2026-09-20,08:20,120000,golfpang,,,18홀,tr_218482874
동강시스타,2026-09-20,08:08,120000,golfpang,,,18홀,tr_218134518
알펜시아명문,2026-09-20,08:06,150000,golfpang,,,18홀,tr_219622687
웰리힐리,2026-09-20,07:50,190000,golfpang,,,18홀,tr_220288906
알펜시아700,2026-09-20,07:50,120000,golfpang,,,18홀,tr_219583689
옥스필드,2026-09-20,07:42,119000,golfpang,,,18홀,tr_220287651
동강시스타,2026-09-20,06:58,110000,golfpang,,,18홀,tr_218134517
알펜시아명문,2026-09-20,06:56,110000,golfpang,,,18홀,tr_219622686
벨라스톤,2026-09-20,06:56,149000,golfpang,,,18홀,tr_219822603
센추리21(퍼),2026-09-20,06:35,110000,golfpang,,,18홀,tr_218482873
센추리21,2026-09-20,06:28,130000,golfpang,,,18홀,tr_220212068
벨라스톤,2026-09-20,13:00,159000,golfpang,,,18홀,tr_219822601
동강시스타,2026-09-20,13:00,90000,golfpang,,,18홀,tr_218134519
옥스필드,2026-09-20,12:55,99000,golfpang,,,18홀,tr_220287653
알펜시아700,2026-09-20,12:42,130000,golfpang,,,18홀,tr_219583691
오로라,2026-09-20,12:32,150000,golfpang,,,18홀,tr_220213922
알펜시아명문,2026-09-20,11:56,140000,golfpang,,,18홀,tr_219622688
옥스필드,2026-09-20,11:45,119000,golfpang,,,18홀,tr_220287652
센추리21(퍼),2026-09-20,11:43,125000,golfpang,,,18홀,tr_218482875
웰리힐리,2026-09-20,09:34,190000,golfpang,,,18홀,tr_220288904
알펜시아700,2026-09-20,08:46,130000,golfpang,,,18홀,tr_219583690
벨라스톤,2026-09-20,08:41,169000,golfpang,,,18홀,tr_219822602
오로라,2026-09-20,08:36,160000,golfpang,,,18홀,tr_220213921
알프스대영,2026-09-20,17:15,65000,golfpang,,,18홀,tr_220258978
오로라,2026-09-20,17:10,100000,golfpang,,,18홀,tr_220213923
알프스대영,2026-09-20,16:54,69000,golfpang,,,18홀,tr_220037721
웰리힐리,2026-09-20,14:54,140000,golfpang,,,18홀,tr_220288905
센추리21,2026-09-20,13:14,125000,golfpang,,,18홀,tr_220212069
알프스대영,2026-09-20,18:25,40000,golfpang,,,18홀,tr_220258982
센추리21,2026-09-20,17:26,70000,golfpang,,,18홀,tr_220212070
오로라,2026-09-20,17:30,80000,golfpang,,,18홀,tr_220139470
알펜시아700,2026-09-20,13:30,90000,golfpang,,,18홀,tr_218612925
알펜시아명문,2026-09-20,12:00,130000,golfpang,,,18홀,tr_216891191
오로라,2026-09-20,12:46,140000,golfpang,,,18홀,tr_220222086
센추리21,2026-09-20,06:14,120000,golfpang,,,18홀,tr_220400987
센추리21,2026-09-20,17:26,70000,golfpang,,,18홀,tr_220400989
센추리21,2026-09-20,13:35,125000,golfpang,,,18홀,tr_220400988
알펜시아700,2026-09-20,08:25,110000,golfpang,,,18홀,tr_220118474
알펜시아명문,2026-09-20,07:38,130000,golfpang,,,18홀,tr_220118248
알펜시아명문,2026-09-20,12:24,130000,golfpang,,,18홀,tr_220118331
알펜시아700,2026-09-20,13:45,90000,golfpang,,,18홀,tr_220118520
센추리21(퍼),2026-09-20,12:32,100000,golfpang,,,18홀,tr_220400045
센추리21(퍼),2026-09-20,17:26,60000,golfpang,,,18홀,tr_220400046
센추리21(퍼),2026-09-20,07:52,100000,golfpang,,,18홀,tr_220400044
센추리21,2026-09-20,17:26,70000,golfpang,,,18홀,tr_220400018
센추리21,2026-09-20,06:14,120000,golfpang,,,18홀,tr_220400019
센추리21,2026-09-20,13:35,125000,golfpang,,,18홀,tr_220400017
속초(비공개),2026-09-20,12:42,353000,golfpang,,,36홀,tr_206804574
속초(비공개),2026-09-20,12:42,324000,golfpang,,,36홀,tr_208386074
동강시스타,2026-09-20,12:36,269700,golfpang,,,36홀,tr_206928383
블랙밸리,2026-09-20,13:10,265000,golfpang,,,36홀,tr_208979200
파인리즈,2026-09-20,13:04,391000,golfpang,,,36홀,tr_208360190
강릉(비공개),2026-09-20,12:15,395000,golfpang,,,36홀,tr_209184902
알펜시아700,2026-09-20,13:38,90000,golfpang,,,18홀,tr_219888800
동강시스타,2026-09-20,13:42,90000,golfpang,,,18홀,tr_219555339
동서울cc-퍼9,2026-09-20,08:37,69000,golfpang,,,18홀,tr_219671948
동강시스타,2026-09-20,11:43,110000,golfpang,,,18홀,tr_219555338
센추리21(퍼),2026-09-20,12:04,110000,golfpang,,,18홀,tr_220301871
동서울cc-퍼9,2026-09-20,12:07,69000,golfpang,,,18홀,tr_219671949
알펜시아명문,2026-09-20,12:10,130000,golfpang,,,18홀,tr_219841732
알프스대영,2026-09-20,12:38,109000,golfpang,,,18홀,tr_219779153
센추리21,2026-09-20,06:28,130000,golfpang,,,18홀,tr_220216707
센추리21(퍼),2026-09-20,06:28,110000,golfpang,,,18홀,tr_220301870
알프스대영,2026-09-20,06:40,105000,golfpang,,,18홀,tr_219779152
알펜시아명문,2026-09-20,06:42,100000,golfpang,,,18홀,tr_219841730
알펜시아700,2026-09-20,06:54,90000,golfpang,,,18홀,tr_219888799
동강시스타,2026-09-20,07:54,110000,golfpang,,,18홀,tr_219555337
알펜시아명문,2026-09-20,08:06,140000,golfpang,,,18홀,tr_219841731
파인밸리,2026-09-20,13:02,135000,golfpang,,,18홀,tr_219153569
오로라,2026-09-20,08:15,150000,golfpang,,,18홀,tr_220304151
센추리21,2026-09-20,13:07,125000,golfpang,,,18홀,tr_220216708
오로라,2026-09-20,13:28,130000,golfpang,,,18홀,tr_220304152
벨라스톤,2026-09-20,06:42,150000,golfpang,,,18홀,tr_220397256
알펜시아700,2026-09-20,07:50,120000,golfpang,,,18홀,tr_219149649
알펜시아700,2026-09-20,06:54,110000,golfpang,,,18홀,tr_219149648
알펜시아700,2026-09-20,13:31,120000,golfpang,,,18홀,tr_219149650
벨라스톤,2026-09-20,18:06,80000,golfpang,,,18홀,tr_219445023
알프스대영,2026-09-20,06:05,95000,golfpang,,,18홀,tr_220208211
벨라스톤,2026-09-20,17:45,80000,golfpang,,,18홀,tr_219445022
벨라45 마스터스,2026-09-20,17:45,85000,golfpang,,,18홀,tr_219348115
오로라,2026-09-20,17:34,80000,golfpang,,,18홀,tr_220328330
동서울cc-퍼9,2026-09-20,17:28,50000,golfpang,,,18홀,tr_219329895
오로라,2026-09-20,13:28,130000,golfpang,,,18홀,tr_220328329
알프스대영,2026-09-20,13:27,99000,golfpang,,,18홀,tr_220208212
옥스필드,2026-09-20,12:34,109000,golfpang,,,18홀,tr_220208020
알프스대영,2026-09-20,18:25,40000,golfpang,,,18홀,tr_220208213
옥스필드,2026-09-20,18:15,59000,golfpang,,,18홀,tr_220208021
오로라,2026-09-20,18:14,80000,golfpang,,,18홀,tr_220328331
벨라45 마스터스,2026-09-20,18:13,85000,golfpang,,,18홀,tr_219348117
옥스필드,2026-09-20,07:56,119000,golfpang,,,18홀,tr_220208019
벨라45 마스터스,2026-09-20,18:06,85000,golfpang,,,18홀,tr_219348116
알펜시아700,2026-09-20,07:00,90000,golfpang,,,18홀,tr_220233356
알프스대영,2026-09-20,17:15,59000,golfpang,,,18홀,tr_220385457
알프스대영,2026-09-20,17:43,49000,golfpang,,,18홀,tr_220385458
알프스대영,2026-09-20,16:54,69000,golfpang,,,18홀,tr_220385456
동강시스타,2026-09-20,06:58,100000,golfpang,,,18홀,tr_219956764
인터불고원주(P9),2026-09-20,08:44,129000,golfpang,,,18홀,tr_220261281
웰리힐리,2026-09-20,08:30,190000,golfpang,,,18홀,tr_219653003
동강시스타,2026-09-20,07:54,110000,golfpang,,,18홀,tr_219956765
인터불고원주(P9),2026-09-20,10:36,129000,golfpang,,,18홀,tr_220261282
벨라45 마스터스,2026-09-20,17:45,95000,golfpang,,,18홀,tr_219357098
웰리힐리,2026-09-20,14:46,140000,golfpang,,,18홀,tr_219653004
동강시스타,2026-09-20,14:03,90000,golfpang,,,18홀,tr_219956766
동서울cc-퍼9,2026-09-20,12:00,79000,golfpang,,,18홀,tr_219564715
동서울cc-퍼9,2026-09-20,17:14,50000,golfpang,,,18홀,tr_219564764
동서울cc-퍼9,2026-09-20,07:41,89000,golfpang,,,18홀,tr_219564707
파크밸리,2026-09-20,13:21,139000,golfpang,,,18홀,tr_219565973
파크밸리,2026-09-20,07:24,159000,golfpang,,,18홀,tr_219565965
벨라스톤,2026-09-20,17:45,80000,golfpang,,,18홀,tr_219909901
알펜시아700,2026-09-20,17:44,60000,golfpang,,,18홀,tr_220181876
알프스대영,2026-09-20,17:15,59000,golfpang,,,18홀,tr_220181392
알펜시아700,2026-09-20,13:52,90000,golfpang,,,18홀,tr_220181875
동서울cc-퍼9,2026-09-20,13:45,79000,golfpang,,,18홀,tr_219886083
벨라스톤,2026-09-20,13:42,159000,golfpang,,,18홀,tr_219909900
벨라스톤,2026-09-20,13:35,159000,golfpang,,,18홀,tr_219909899
옥스필드,2026-09-20,13:30,99000,golfpang,,,18홀,tr_220181106
알프스대영,2026-09-20,13:27,99000,golfpang,,,18홀,tr_220181391
옥스필드,2026-09-20,13:23,99000,golfpang,,,18홀,tr_220181105
알펜시아명문,2026-09-20,12:45,130000,golfpang,,,18홀,tr_220182194
옥스필드,2026-09-20,12:34,109000,golfpang,,,18홀,tr_220181104
동서울cc-퍼9,2026-09-20,07:41,89000,golfpang,,,18홀,tr_219886081
동서울cc-퍼9,2026-09-20,08:16,89000,golfpang,,,18홀,tr_219886082
알펜시아700,2026-09-20,08:25,110000,golfpang,,,18홀,tr_220181874
알프스대영,2026-09-20,11:07,105000,golfpang,,,18홀,tr_220181390
알펜시아명문,2026-09-20,12:24,130000,golfpang,,,18홀,tr_220182193
알펜시아명문,2026-09-20,12:17,130000,golfpang,,,18홀,tr_220182192
오로라,2026-09-20,13:56,130000,golfpang,,,18홀,tr_220326449
오로라,2026-09-20,13:49,130000,golfpang,,,18홀,tr_220326448
오로라,2026-09-20,17:42,80000,golfpang,,,18홀,tr_220326450
알펜시아명문,2026-09-20,08:06,140000,golfpang,,,18홀,tr_220032780
알펜시아명문,2026-09-20,12:24,130000,golfpang,,,18홀,tr_220032781
옥스필드,2026-09-20,12:34,109000,golfpang,,,18홀,tr_220035484
옥스필드,2026-09-20,07:49,119000,golfpang,,,18홀,tr_220035485
벨라45 마스터스,2026-09-20,13:35,170000,golfpang,,,18홀,tr_219771850
벨라45 마스터스,2026-09-20,17:31,85000,golfpang,,,18홀,tr_219771885
알프스대영,2026-09-20,17:43,49000,golfpang,,,18홀,tr_220252897
알프스대영,2026-09-20,16:54,69000,golfpang,,,18홀,tr_220252896
알프스대영,2026-09-20,18:32,40000,golfpang,,,18홀,tr_220252898
옥스필드,2026-09-20,07:42,119000,golfpang,,,18홀,tr_220261222
옥스필드,2026-09-20,11:45,119000,golfpang,,,18홀,tr_220261223
옥스필드,2026-09-20,06:53,119000,golfpang,,,18홀,tr_220261221
동강시스타,2026-09-20,11:57,110000,golfpang,,,18홀,tr_219072253
알프스대영,2026-09-20,12:03,99000,golfpang,,,18홀,tr_220214455
알펜시아명문,2026-09-20,12:10,130000,golfpang,,,18홀,tr_219795517
알펜시아명문,2026-09-20,06:42,100000,golfpang,,,18홀,tr_219795515
동서울cc-퍼9,2026-09-20,17:56,40000,golfpang,,,18홀,tr_219787139
벨라스톤,2026-09-20,18:13,80000,golfpang,,,18홀,tr_219818138
오로라,2026-09-20,12:39,140000,golfpang,,,18홀,tr_220151042
동강시스타,2026-09-20,12:46,100000,golfpang,,,18홀,tr_219072254
알펜시아700,2026-09-20,12:49,100000,golfpang,,,18홀,tr_219795011
파인밸리,2026-09-20,13:02,135000,golfpang,,,18홀,tr_219154953
오로라,2026-09-20,13:28,140000,golfpang,,,18홀,tr_220151043
벨라스톤,2026-09-20,13:35,159000,golfpang,,,18홀,tr_219818137
오로라,2026-09-20,13:49,140000,golfpang,,,18홀,tr_220151044
동서울cc-퍼9,2026-09-20,13:59,79000,golfpang,,,18홀,tr_219787138
웰리힐리,2026-09-20,14:46,140000,golfpang,,,18홀,tr_219933354
알프스대영,2026-09-20,06:05,89000,golfpang,,,18홀,tr_220214453
벨라스톤,2026-09-20,06:28,149000,golfpang,,,18홀,tr_219818136
동서울cc-퍼9,2026-09-20,06:52,79000,golfpang,,,18홀,tr_219787137
웰리힐리,2026-09-20,06:54,190000,golfpang,,,18홀,tr_219933352
알펜시아700,2026-09-20,06:54,90000,golfpang,,,18홀,tr_219795009
동강시스타,2026-09-20,07:54,110000,golfpang,,,18홀,tr_219072252
알펜시아명문,2026-09-20,08:06,140000,golfpang,,,18홀,tr_219795516
알펜시아700,2026-09-20,08:39,110000,golfpang,,,18홀,tr_219795010
웰리힐리,2026-09-20,08:46,190000,golfpang,,,18홀,tr_219933353
알프스대영,2026-09-20,11:35,105000,golfpang,,,18홀,tr_220214454
알프스대영,2026-09-20,11:07,105000,golfpang,,,18홀,tr_220203129
벨라45 마스터스,2026-09-20,17:59,85000,golfpang,,,18홀,tr_219347046
알프스대영,2026-09-20,06:05,95000,golfpang,,,18홀,tr_220203128
오로라,2026-09-20,17:10,90000,golfpang,,,18홀,tr_219886117
옥스필드,2026-09-20,13:23,99000,golfpang,,,18홀,tr_220203441
오로라,2026-09-20,12:11,140000,golfpang,,,18홀,tr_219886116
알펜시아명문,2026-09-20,06:42,120000,golfpang,,,18홀,tr_219553726
알프스대영,2026-09-20,13:27,99000,golfpang,,,18홀,tr_220203130
알펜시아명문,2026-09-20,11:56,140000,golfpang,,,18홀,tr_219553728
옥스필드,2026-09-20,12:34,109000,golfpang,,,18홀,tr_220203440
알펜시아700,2026-09-20,06:54,110000,golfpang,,,18홀,tr_219553691
벨라스톤,2026-09-20,13:35,159000,golfpang,,,18홀,tr_219822271
알펜시아700,2026-09-20,07:36,120000,golfpang,,,18홀,tr_219553692
동강시스타,2026-09-20,11:43,110000,golfpang,,,18홀,tr_219094423
동강시스타,2026-09-20,07:54,110000,golfpang,,,18홀,tr_219094424
벨라45 마스터스,2026-09-20,17:59,85000,golfpang,,,18홀,tr_219347047
옥스필드,2026-09-20,07:56,119000,golfpang,,,18홀,tr_220203439
알펜시아700,2026-09-20,12:42,130000,golfpang,,,18홀,tr_219553693
알펜시아명문,2026-09-20,08:13,150000,golfpang,,,18홀,tr_219553727
오로라,2026-09-20,08:15,150000,golfpang,,,18홀,tr_219886115
웰리힐리,2026-09-20,08:38,190000,golfpang,,,18홀,tr_218784994
벨라45 마스터스,2026-09-20,18:06,85000,golfpang,,,18홀,tr_219347048
웰리힐리,2026-09-20,14:14,140000,golfpang,,,18홀,tr_218784996
벨라스톤,2026-09-20,06:28,149000,golfpang,,,18홀,tr_219822270
벨라스톤,2026-09-20,18:13,80000,golfpang,,,18홀,tr_219822272
알펜시아명문,2026-09-20,12:17,130000,golfpang,,,18홀,tr_219777178
옥스필드,2026-09-20,11:10,129000,golfpang,,,18홀,tr_219065314
알펜시아명문,2026-09-20,08:06,150000,golfpang,,,18홀,tr_219777179
알펜시아700,2026-09-20,06:47,90000,golfpang,,,18홀,tr_219777123
알펜시아명문,2026-09-20,06:42,110000,golfpang,,,18홀,tr_219777177
옥스필드,2026-09-20,06:39,119000,golfpang,,,18홀,tr_219065313
알펜시아700,2026-09-20,13:38,90000,golfpang,,,18홀,tr_219777124
알펜시아700,2026-09-20,18:05,50000,golfpang,,,18홀,tr_219777125
옥스필드,2026-09-20,17:54,69000,golfpang,,,18홀,tr_219065315
알프스대영,2026-09-20,12:52,99000,golfpang,,,18홀,tr_219993206
알프스대영,2026-09-20,07:22,99000,golfpang,,,18홀,tr_219993195
알프스대영,2026-09-20,07:57,109000,golfpang,,,18홀,tr_219993197
벨라스톤,2026-09-20,06:56,150000,golfpang,,,18홀,tr_219993161
벨라스톤,2026-09-20,17:38,80000,golfpang,,,18홀,tr_219993192
알펜시아명문,2026-09-20,06:35,100000,golfpang,,,18홀,tr_220105567
벨라스톤,2026-09-20,06:28,150000,golfpang,,,18홀,tr_219817699
오로라,2026-09-20,17:50,90000,golfpang,,,18홀,tr_220193426
웰리힐리,2026-09-20,13:54,140000,golfpang,,,18홀,tr_219588097
알펜시아700,2026-09-20,13:45,90000,golfpang,,,18홀,tr_220105017
벨라스톤,2026-09-20,13:35,140000,golfpang,,,18홀,tr_219817700
옥스필드,2026-09-20,06:46,119000,golfpang,,,18홀,tr_219821344
웰리힐리,2026-09-20,06:54,190000,golfpang,,,18홀,tr_219588096
알펜시아700,2026-09-20,07:29,100000,golfpang,,,18홀,tr_220105016
웰리힐리,2026-09-20,08:06,190000,golfpang,,,18홀,tr_219588098
옥스필드,2026-09-20,18:01,59000,golfpang,,,18홀,tr_219821346
오로라,2026-09-20,12:46,140000,golfpang,,,18홀,tr_220193425
알펜시아명문,2026-09-20,12:45,130000,golfpang,,,18홀,tr_220105569
옥스필드,2026-09-20,12:34,109000,golfpang,,,18홀,tr_219821345
동서울cc-퍼9,2026-09-20,18:38,40000,golfpang,,,18홀,tr_220104406
동서울cc-퍼9,2026-09-20,18:31,40000,golfpang,,,18홀,tr_220104405
동서울cc-퍼9,2026-09-20,18:17,40000,golfpang,,,18홀,tr_220104404
오로라,2026-09-20,18:14,80000,golfpang,,,18홀,tr_220193427
벨라스톤,2026-09-20,18:13,80000,golfpang,,,18홀,tr_219817701
알펜시아700,2026-09-20,18:05,50000,golfpang,,,18홀,tr_220105018
알펜시아명문,2026-09-20,12:17,130000,golfpang,,,18홀,tr_220105568
알프스대영,2026-09-20,17:57,40000,golfpang,,,18홀,tr_220013018
옥스필드,2026-09-20,12:34,109000,golfpang,,,18홀,tr_220209049
옥스필드,2026-09-20,18:15,59000,golfpang,,,18홀,tr_220209050
옥스필드,2026-09-20,07:56,119000,golfpang,,,18홀,tr_220209048
오로라,2026-09-20,17:34,90000,golfpang,,,18홀,tr_220201789
오로라,2026-09-20,12:46,140000,golfpang,,,18홀,tr_220201788
오로라,2026-09-20,08:15,150000,golfpang,,,18홀,tr_220201787
오로라,2026-09-20,12:25,140000,golfpang,,,18홀,tr_220190519
오로라,2026-09-20,13:28,140000,golfpang,,,18홀,tr_220190520
오로라,2026-09-20,17:18,90000,golfpang,,,18홀,tr_220190521
동서울cc-퍼9,2026-09-20,13:59,79000,golfpang,,,18홀,tr_220033678
동서울cc-퍼9,2026-09-20,18:45,40000,golfpang,,,18홀,tr_220033680
동서울cc-퍼9,2026-09-20,18:31,40000,golfpang,,,18홀,tr_220033679
알프스대영,2026-09-20,12:59,99000,golfpang,,,18홀,tr_220150676
알펜시아700,2026-09-20,06:54,90000,golfpang,,,18홀,tr_219871325
알펜시아700,2026-09-20,07:22,100000,golfpang,,,18홀,tr_219871326
알펜시아700,2026-09-20,08:25,110000,golfpang,,,18홀,tr_219871327
웰리힐리,2026-09-20,14:54,140000,golfpang,,,18홀,tr_220103215
웰리힐리,2026-09-20,14:54,140000,golfpang,,,18홀,tr_220103214
웰리힐리,2026-09-20,09:34,190000,golfpang,,,18홀,tr_220103213
옥스필드,2026-09-20,07:00,119000,golfpang,,,18홀,tr_220033394
옥스필드,2026-09-20,07:49,119000,golfpang,,,18홀,tr_220033395
옥스필드,2026-09-20,06:53,119000,golfpang,,,18홀,tr_220033393
오로라,2026-09-20,08:15,160000,golfpang,,,18홀,tr_219871712
오로라,2026-09-20,08:01,160000,golfpang,,,18홀,tr_219871711
오로라,2026-09-20,08:36,160000,golfpang,,,18홀,tr_219871713
옥스필드,2026-09-20,13:23,99000,golfpang,,,18홀,tr_220055825
옥스필드,2026-09-20,17:19,69000,golfpang,,,18홀,tr_220055826
옥스필드,2026-09-20,05:57,99000,golfpang,,,18홀,tr_220055824
벨라스톤,2026-09-20,13:35,159000,golfpang,,,18홀,tr_220007561
벨라스톤,2026-09-20,06:28,149000,golfpang,,,18홀,tr_220007560
벨라스톤,2026-09-20,13:42,159000,golfpang,,,18홀,tr_220007562
알프스대영,2026-09-20,17:15,59000,golfpang,,,18홀,tr_220049397
알프스대영,2026-09-20,05:37,80000,golfpang,,,18홀,tr_220049395
알프스대영,2026-09-20,13:27,99000,golfpang,,,18홀,tr_220049396
알펜시아명문,2026-09-20,12:17,130000,golfpang,,,18홀,tr_220036805
알펜시아명문,2026-09-20,13:06,130000,golfpang,,,18홀,tr_220036806
알펜시아명문,2026-09-20,06:35,100000,golfpang,,,18홀,tr_220036804
알펜시아700,2026-09-20,13:52,90000,golfpang,,,18홀,tr_220035895
알펜시아700,2026-09-20,17:44,60000,golfpang,,,18홀,tr_220035896
알펜시아700,2026-09-20,06:54,90000,golfpang,,,18홀,tr_220035894
벨라스톤,2026-09-20,18:13,80000,golfpang,,,18홀,tr_220026333
벨라스톤,2026-09-20,06:28,149000,golfpang,,,18홀,tr_220026331
벨라스톤,2026-09-20,13:00,159000,golfpang,,,18홀,tr_220026332
동서울cc-퍼9,2026-09-20,13:59,79000,golfpang,,,18홀,tr_220011181
동서울cc-퍼9,2026-09-20,18:17,40000,golfpang,,,18홀,tr_220011182
동서울cc-퍼9,2026-09-20,08:44,79000,golfpang,,,18홀,tr_220011180
벨라45 마스터스,2026-09-20,17:59,85000,golfpang,,,18홀,tr_220011030
벨라45 마스터스,2026-09-20,18:06,85000,golfpang,,,18홀,tr_220011031
벨라45 마스터스,2026-09-20,18:13,85000,golfpang,,,18홀,tr_220011032
동강시스타,2026-09-20,17:24,60000,golfpang,,,18홀,tr_220009952
동강시스타,2026-09-20,06:58,100000,golfpang,,,18홀,tr_220009950
동강시스타,2026-09-20,14:10,100000,golfpang,,,18홀,tr_220009951
알펜시아700,2026-09-20,13:31,90000,golfpang,,,18홀,tr_219772286
알펜시아명문,2026-09-20,12:17,130000,golfpang,,,18홀,tr_219772189
알펜시아명문,2026-09-20,06:42,110000,golfpang,,,18홀,tr_219772187
알펜시아700,2026-09-20,07:29,100000,golfpang,,,18홀,tr_219772285
알펜시아명문,2026-09-20,08:06,150000,golfpang,,,18홀,tr_219772188
벨라스톤,2026-09-20,13:42,140000,golfpang,,,18홀,tr_219445021
동서울cc-퍼9,2026-09-20,08:16,89000,golfpang,,,18홀,tr_219329893
웰리힐리,2026-09-20,09:42,190000,golfpang,,,18홀,tr_218564477
동서울cc-퍼9,2026-09-20,13:24,79000,golfpang,,,18홀,tr_219329894
웰리힐리,2026-09-20,13:06,140000,golfpang,,,18홀,tr_218564478
파인밸리,2026-09-20,13:02,135000,golfpang,,,18홀,tr_219152137
파인밸리,2026-09-20,13:02,135000,golfpang,,,18홀,tr_219152136
웰리힐리,2026-09-20,08:30,190000,golfpang,,,18홀,tr_218564479
알펜시아700,2026-09-20,12:49,100000,golfpang,,,18홀,tr_219772287
알프스대영,2026-09-20,18:04,45000,golfpang,,,18홀,tr_219914881
알프스대영,2026-09-20,17:36,49000,golfpang,,,18홀,tr_219914880
알펜시아명문,2026-09-20,12:59,130000,golfpang,,,18홀,tr_219870414
알펜시아명문,2026-09-20,08:06,140000,golfpang,,,18홀,tr_219870413
알펜시아명문,2026-09-20,06:42,100000,golfpang,,,18홀,tr_219870412
벨라스톤,2026-09-20,13:56,140000,golfpang,,,18홀,tr_219817995
벨라스톤,2026-09-20,13:56,140000,golfpang,,,18홀,tr_219817996
벨라스톤,2026-09-20,13:56,140000,golfpang,,,18홀,tr_219817997
벨라스톤,2026-09-20,13:35,140000,golfpang,,,18홀,tr_219794587
벨라스톤,2026-09-20,06:28,150000,golfpang,,,18홀,tr_219794586
웰리힐리,2026-09-20,08:06,190000,golfpang,,,18홀,tr_219569879
웰리힐리,2026-09-20,07:10,190000,golfpang,,,18홀,tr_219569877
웰리힐리,2026-09-20,07:42,190000,golfpang,,,18홀,tr_219569878
알프스대영,2026-09-20,18:18,40000,golfpang,,,18홀,tr_219595818
알프스대영,2026-09-20,18:18,40000,golfpang,,,18홀,tr_219595817
웰리힐리,2026-09-20,08:38,190000,golfpang,,,18홀,tr_219555733
웰리힐리,2026-09-20,08:06,190000,golfpang,,,18홀,tr_219555732
웰리힐리,2026-09-20,13:54,140000,golfpang,,,18홀,tr_219555734
오로라,2026-09-20,17:10,105000,golfpang,,,18홀,tr_219471731
오로라,2026-09-20,18:06,90000,golfpang,,,18홀,tr_219471732
알프스대영,2026-09-20,18:11,40000,golfpang,,,18홀,tr_219447303
알프스대영,2026-09-20,06:26,85000,golfpang,,,18홀,tr_219447297
알프스대영,2026-09-20,12:59,99000,golfpang,,,18홀,tr_219447290
벨라스톤,2026-09-20,13:21,140000,golfpang,,,18홀,tr_219428245
벨라스톤,2026-09-20,17:17,80000,golfpang,,,18홀,tr_219428247
벨라스톤,2026-09-20,13:21,140000,golfpang,,,18홀,tr_219428246
벨라45 마스터스,2026-09-20,18:13,85000,golfpang,,,18홀,tr_219394098
벨라45 마스터스,2026-09-20,17:45,85000,golfpang,,,18홀,tr_219394096
벨라45 마스터스,2026-09-20,17:59,85000,golfpang,,,18홀,tr_219394097
웅포,2026-09-20,13:03,120000,golfpang,,,18홀,tr_218503110
웅포,2026-09-20,07:25,110000,golfpang,,,18홀,tr_220032681
포세븐 금강,2026-09-20,14:00,145000,golfpang,,,18홀,tr_219682008
동전주써미트,2026-09-20,17:56,50000,golfpang,,,18홀,tr_220398674
웅포,2026-09-20,12:03,130000,golfpang,,,18홀,tr_218694985
골프존 드래곤,2026-09-20,06:43,121000,golfpang,,,18홀,tr_218794948
클럽D 거창,2026-09-20,12:01,95000,golfpang,,,18홀,tr_220560808
클럽D 거창,2026-09-20,08:33,95000,golfpang,,,18홀,tr_220560807
골프존 드래곤,2026-09-20,13:35,126000,golfpang,,,18홀,tr_220411872
골프존 드래곤,2026-09-20,07:33,121000,golfpang,,,18홀,tr_220401074
골프존 무주,2026-09-20,07:47,127000,golfpang,,,18홀,tr_220401106
클럽D 거창,2026-09-20,06:55,80000,golfpang,,,18홀,tr_220328004
클럽D 거창,2026-09-20,13:04,85000,golfpang,,,18홀,tr_220328005
웅포,2026-09-20,12:35,130000,golfpang,,,18홀,tr_219158159
장수,2026-09-20,06:20,103500,golfpang,,,18홀,tr_220397887
노블레스-퍼9,2026-09-20,06:18,81000,golfpang,,,18홀,tr_220397884
아크로,2026-09-20,06:21,151000,golfpang,,,18홀,tr_220397889
김제스파힐스,2026-09-20,06:29,141000,golfpang,,,18홀,tr_220397890
골프존 선운,2026-09-20,06:37,141000,golfpang,,,18홀,tr_220397892
클럽D 거창,2026-09-20,12:01,95000,golfpang,,,18홀,tr_220561918
클럽D 거창,2026-09-20,07:58,90000,golfpang,,,18홀,tr_220561917
아덴힐(제주),2026-09-20,11:51,145000,golfpang,,,18홀,tr_220561065
클럽D 거창,2026-09-20,12:01,95000,golfpang,,,18홀,tr_220559846
클럽D 거창,2026-09-20,08:33,95000,golfpang,,,18홀,tr_220559845
클럽D 금강,2026-09-20,07:38,160000,golfpang,,,18홀,tr_220204315
포도,2026-09-20,12:47,140000,golfpang,,,18홀,tr_219719330
포도,2026-09-20,11:44,140000,golfpang,,,18홀,tr_218568814
골프존 무주,2026-09-20,07:46,127000,golfpang,,,18홀,tr_218568798
골프존 드래곤,2026-09-20,13:34,126000,golfpang,,,18홀,tr_219772549
골프존 무주,2026-09-20,12:55,127000,golfpang,,,18홀,tr_220397755
골프존 드래곤,2026-09-20,07:32,121000,golfpang,,,18홀,tr_219333499
골프존 드래곤,2026-09-20,13:21,112000,golfpang,,,18홀,tr_220553934
담양레이나,2026-09-20,13:09,126000,golfpang,,,18홀,tr_220553912
함평엘리체,2026-09-20,12:48,111000,golfpang,,,18홀,tr_220553905
함평엘리체,2026-09-20,12:27,111000,golfpang,,,18홀,tr_220553899
어등산,2026-09-20,12:24,151000,golfpang,,,18홀,tr_220553895
골프존 드래곤,2026-09-20,08:57,142000,golfpang,,,18홀,tr_220553889
석정힐,2026-09-20,08:47,141000,golfpang,,,18홀,tr_220553886
웅포,2026-09-20,08:43,141000,golfpang,,,18홀,tr_220553883
이지스카이,2026-09-20,18:29,61000,golfpang,,,18홀,tr_220553881
전주샹그릴라,2026-09-20,08:39,131000,golfpang,,,18홀,tr_220553880
엠스클럽 의성,2026-09-20,17:39,76000,golfpang,,,18홀,tr_220553876
고창,2026-09-20,07:33,136000,golfpang,,,18홀,tr_220553875
골프존 청통,2026-09-20,13:44,112999,golfpang,,,18홀,tr_220553874
전주샹그릴라,2026-09-20,07:29,131000,golfpang,,,18홀,tr_220553871
남안동,2026-09-20,12:57,141000,golfpang,,,18홀,tr_220553834
함평엘리체,2026-09-20,07:07,111000,golfpang,,,18홀,tr_220553829
한맥,2026-09-20,12:02,141000,golfpang,,,18홀,tr_220553826
골프존 드래곤,2026-09-20,06:44,122000,golfpang,,,18홀,tr_220548516
석정힐,2026-09-20,06:41,131000,golfpang,,,18홀,tr_220548515
푸른솔장성,2026-09-20,06:31,151000,golfpang,,,18홀,tr_220548509
클럽D 거창,2026-09-20,12:36,95000,golfpang,,,18홀,tr_220547625
클럽D 거창,2026-09-20,07:44,90000,golfpang,,,18홀,tr_220547624
포세븐 금강,2026-09-20,14:00,145000,golfpang,,,18홀,tr_220522162
포세븐 금강,2026-09-20,13:32,145000,golfpang,,,18홀,tr_220182331
포세븐 금강,2026-09-20,06:36,140000,golfpang,,,18홀,tr_218785157
클럽D 거창,2026-09-20,11:40,95000,golfpang,,,18홀,tr_220486253
클럽D 거창,2026-09-20,06:55,80000,golfpang,,,18홀,tr_220486252
파인비치,2026-09-20,13:10,142000,golfpang,,,18홀,tr_220087600
석정힐,2026-09-20,12:37,111000,golfpang,,,18홀,tr_220084990
담양레이나,2026-09-20,07:14,136000,golfpang,,,18홀,tr_220085302
골프존 드래곤,2026-09-20,13:13,112000,golfpang,,,18홀,tr_219923275
담양레이나,2026-09-20,13:01,126000,golfpang,,,18홀,tr_220085197
군산,2026-09-20,13:48,160000,golfpang,,,18홀,tr_220469475
군산,2026-09-20,06:51,160000,golfpang,,,18홀,tr_220469474
웅포,2026-09-20,13:45,120000,golfpang,,,18홀,tr_219555582
웅포,2026-09-20,12:35,130000,golfpang,,,18홀,tr_220202030
클럽D 거창,2026-09-20,07:58,90000,golfpang,,,18홀,tr_220288356
클럽D 거창,2026-09-20,13:39,85000,golfpang,,,18홀,tr_220288357
클럽D 거창,2026-09-20,08:33,95000,golfpang,,,18홀,tr_220260752
클럽D 거창,2026-09-20,11:33,95000,golfpang,,,18홀,tr_220260753
웅포,2026-09-20,07:46,120000,golfpang,,,18홀,tr_219555483
군산,2026-09-20,12:45,170000,golfpang,,,18홀,tr_220180647
군산,2026-09-20,07:40,170000,golfpang,,,18홀,tr_220180646
클럽D 거창,2026-09-20,06:55,80000,golfpang,,,18홀,tr_219602020
클럽D 거창,2026-09-20,07:23,90000,golfpang,,,18홀,tr_220011258
클럽D 거창,2026-09-20,08:12,95000,golfpang,,,18홀,tr_220011259
클럽D 거창,2026-09-20,13:04,85000,golfpang,,,18홀,tr_219602021
클럽D 거창,2026-09-20,13:11,85000,golfpang,,,18홀,tr_219619921
클럽D 거창,2026-09-20,07:58,90000,golfpang,,,18홀,tr_219619920
