course_name,play_date,tee_time,green_fee,source,booking_url,slots,hole_info,row_id
센테리움,2026-09-26,13:18,129000,golfpang,,,18홀,tr_220259721
양평TPC,2026-09-26,06:38,160000,golfpang,,,18홀,tr_220217689
이글몬트,2026-09-26,12:43,170000,golfpang,,,18홀,tr_220422055
에덴블루,2026-09-26,13:01,150000,golfpang,,,18홀,tr_220305044
신안,2026-09-26,13:07,160000,golfpang,,,18홀,tr_220321281
감곡,2026-09-26,13:07,150000,golfpang,,,18홀,tr_220370982
모카cc,2026-09-26,13:14,130000,golfpang,,,18홀,tr_220421478
그린힐,2026-09-26,17:56,110000,golfpang,,,18홀,tr_220326002
신안(병행),2026-09-26,18:10,100000,golfpang,,,18홀,tr_220128507
센테리움,2026-09-26,13:18,129000,golfpang,,,18홀,tr_220348864
그린힐,2026-09-26,18:03,110000,golfpang,,,18홀,tr_220219374
로얄링스,2026-09-26,11:38,120000,golfpang,,,18홀,tr_219598340
스타,2026-09-26,13:16,140000,golfpang,,,18홀,tr_219985818
비콘힐스,2026-09-26,17:51,90000,golfpang,,,18홀,tr_220553859
감곡,2026-09-26,12:18,150000,golfpang,,,18홀,tr_220563704
동서울cc-퍼9,2026-09-26,06:38,94000,golfpang,,,18홀,tr_220153385
센테리움,2026-09-26,13:25,129000,golfpang,,,18홀,tr_220401560
스타,2026-09-26,13:23,140000,golfpang,,,18홀,tr_220274534
비콘힐스,2026-09-26,17:51,90000,golfpang,,,18홀,tr_220522218
한림용인,2026-09-26,13:32,160000,golfpang,,,18홀,tr_220572081
신안,2026-09-26,13:49,150000,golfpang,,,18홀,tr_219672153
비콘힐스,2026-09-26,17:44,90000,golfpang,,,18홀,tr_219870648
에덴블루,2026-09-26,13:08,150000,golfpang,,,18홀,tr_219818745
한림광릉,2026-09-26,06:59,190000,golfpang,,,18홀,tr_220398870
안성(비공개),2026-09-26,08:22,160000,golfpang,,,18홀,tr_220139330
감곡,2026-09-26,12:53,150000,golfpang,,,18홀,tr_219339399
이글몬트,2026-09-26,13:25,170000,golfpang,,,18홀,tr_219910057
로얄링스,2026-09-26,12:27,120000,golfpang,,,18홀,tr_220221295
신안(병행),2026-09-26,17:49,100000,golfpang,,,18홀,tr_220502648
코리아-퍼9,2026-09-26,12:56,130000,golfpang,,,18홀,tr_220348501
이글몬트,2026-09-26,07:58,180000,golfpang,,,18홀,tr_220391982
그린힐,2026-09-26,17:49,110000,golfpang,,,18홀,tr_220278885
신안,2026-09-26,18:38,100000,golfpang,,,18홀,tr_220522421
동서울cc-퍼9,2026-09-26,12:42,94000,golfpang,,,18홀,tr_220153727
벨라스톤,2026-09-26,17:38,100000,golfpang,,,18홀,tr_219548619
센테리움,2026-09-26,13:32,129000,golfpang,,,18홀,tr_220289510
에덴블루,2026-09-26,13:22,150000,golfpang,,,18홀,tr_219816876
그린힐,2026-09-26,18:03,110000,golfpang,,,18홀,tr_220006907
양지파인,2026-09-26,13:29,150000,golfpang,,,18홀,tr_219790511
대영베이스,2026-09-26,07:05,125000,golfpang,,,18홀,tr_220304852
센테리움,2026-09-26,13:32,129000,golfpang,,,18홀,tr_220029344
로얄링스,2026-09-26,08:13,120000,golfpang,,,18홀,tr_220346772
센테리움,2026-09-26,13:11,129000,golfpang,,,18홀,tr_220258787
루트52,2026-09-26,06:28,160000,golfpang,,,18홀,tr_220260952
감곡,2026-09-26,06:44,130000,golfpang,,,18홀,tr_220503286
스타,2026-09-26,13:30,140000,golfpang,,,18홀,tr_220396514
신안,2026-09-26,14:10,150000,golfpang,,,18홀,tr_220288891
루트52,2026-09-26,06:20,160000,golfpang,,,18홀,tr_220198120
솔모로,2026-09-26,13:49,170000,golfpang,,,18홀,tr_220493674
에덴블루,2026-09-26,13:29,150000,golfpang,,,18홀,tr_219951169
신안,2026-09-26,14:03,150000,golfpang,,,18홀,tr_220494146
그린힐,2026-09-26,13:49,160000,golfpang,,,18홀,tr_220484274
로얄링스,2026-09-26,07:38,120000,golfpang,,,18홀,tr_220221588
감곡,2026-09-26,12:39,150000,golfpang,,,18홀,tr_220567670
에덴블루,2026-09-26,13:22,150000,golfpang,,,18홀,tr_220321195
감곡,2026-09-26,12:53,150000,golfpang,,,18홀,tr_220088398
이글몬트,2026-09-26,13:11,170000,golfpang,,,18홀,tr_220287993
신안,2026-09-26,13:07,160000,golfpang,,,18홀,tr_219670879
센테리움,2026-09-26,06:46,129000,golfpang,,,18홀,tr_220278758
그린힐,2026-09-26,18:10,110000,golfpang,,,18홀,tr_220283477
신안,2026-09-26,13:28,160000,golfpang,,,18홀,tr_220035127
동강시스타,2026-09-26,12:04,360000,golfpang,,,36홀,tr_206928460
비콘힐스,2026-09-26,17:30,90000,golfpang,,,18홀,tr_219843318
용인(비공개),2026-09-26,06:45,250000,golfpang,,,18홀,tr_220572901
클럽72,2026-09-26,12:00,220000,golfpang,,,18홀,tr_220217253
비콘힐스,2026-09-26,07:00,110000,golfpang,,,18홀,tr_220431443
더플레이어스,2026-09-26,11:00,160000,golfpang,,,18홀,tr_219787288
비콘힐스,2026-09-26,12:00,120000,golfpang,,,18홀,tr_220431431
코리아,2026-09-26,17:19,159000,golfpang,,,18홀,tr_218990516
코리아,2026-09-26,11:29,239000,golfpang,,,18홀,tr_220215725
골프존 안성H,2026-09-26,12:30,180000,golfpang,,,18홀,tr_220219502
솔트베이,2026-09-26,07:03,239000,golfpang,,,18홀,tr_220548340
크리스밸리,2026-09-26,12:55,170000,golfpang,,,18홀,tr_220411399
크리스밸리,2026-09-26,12:48,170000,golfpang,,,18홀,tr_220404049
솔트베이,2026-09-26,13:14,229000,golfpang,,,18홀,tr_220219934
솔트베이,2026-09-26,13:14,229000,golfpang,,,18홀,tr_220411716
로제비앙(구.큐로cc),2026-09-26,13:09,230000,golfpang,,,18홀,tr_220548345
골프존 안성H,2026-09-26,08:00,180000,golfpang,,,18홀,tr_220219452
서원힐스,2026-09-26,05:32,190000,golfpang,,,18홀,tr_220399446
블루원용인(퍼),2026-09-26,17:40,135000,golfpang,,,18홀,tr_220572873
뉴서울,2026-09-26,06:29,315000,golfpang,,,18홀,tr_220572871
남이천(비공개),2026-09-26,12:15,160000,golfpang,,,18홀,tr_219766619
신라,2026-09-26,13:51,180000,golfpang,,,18홀,tr_220572861
신라,2026-09-26,13:44,180000,golfpang,,,18홀,tr_220572860
신라,2026-09-26,06:15,160000,golfpang,,,18홀,tr_220572859
마론뉴데이(구),2026-09-26,06:48,155000,golfpang,,,18홀,tr_220174644
신라,2026-09-26,06:50,170000,golfpang,,,18홀,tr_220572809
신라,2026-09-26,07:32,180000,golfpang,,,18홀,tr_220572810
신라,2026-09-26,12:13,190000,golfpang,,,18홀,tr_220572811
더플레이어스,2026-09-26,11:11,160000,golfpang,,,18홀,tr_219746877
킹스데일,2026-09-26,12:14,165000,golfpang,,,18홀,tr_220037133
써닝포인트,2026-09-26,06:21,165000,golfpang,,,18홀,tr_220305278
킹스데일,2026-09-26,08:08,160000,golfpang,,,18홀,tr_220037112
써닝포인트,2026-09-26,16:54,135000,golfpang,,,18홀,tr_220305388
루트52,2026-09-26,06:41,160000,golfpang,,,18홀,tr_220572767
리베라,2026-09-26,07:00,220000,golfpang,,,18홀,tr_220240485
리베라,2026-09-26,18:00,150000,golfpang,,,18홀,tr_220572765
더헤븐,2026-09-26,17:05,170000,golfpang,,,18홀,tr_220572738
더헤븐,2026-09-26,05:55,200000,golfpang,,,18홀,tr_220572736
더헤븐,2026-09-26,16:30,190000,golfpang,,,18홀,tr_220572737
속초(비공개),2026-09-26,06:45,160000,golfpang,,,18홀,tr_219780087
여주(비공개),2026-09-26,08:15,180000,golfpang,,,18홀,tr_218119192
비에이비스타,2026-09-26,17:45,120000,golfpang,,,18홀,tr_220222202
감곡,2026-09-26,14:03,150000,golfpang,,,18홀,tr_220572714
감곡,2026-09-26,07:05,160000,golfpang,,,18홀,tr_220572712
감곡,2026-09-26,13:42,150000,golfpang,,,18홀,tr_220572713
오너스,2026-09-26,14:00,135000,golfpang,,,18홀,tr_220572685
오너스,2026-09-26,07:10,140000,golfpang,,,18홀,tr_220572665
가평프리스틴밸리,2026-09-26,13:10,200000,golfpang,,,18홀,tr_220421719
더크로스비,2026-09-26,12:06,217000,golfpang,,,18홀,tr_220569547
스톤비치,2026-09-26,11:59,110000,golfpang,,,18홀,tr_220568873
스카이밸리,2026-09-26,07:30,200000,golfpang,,,18홀,tr_220568880
서산수,2026-09-26,08:56,190000,golfpang,,,18홀,tr_220568875
킹스데일,2026-09-26,08:08,160000,golfpang,,,18홀,tr_220568878
스톤비치,2026-09-26,08:34,150000,golfpang,,,18홀,tr_220568876
백제,2026-09-26,08:32,150000,golfpang,,,18홀,tr_220568877
서산수,2026-09-26,12:05,190000,golfpang,,,18홀,tr_220568882
더플레이어스,2026-09-26,10:57,150000,golfpang,,,18홀,tr_220568874
더플레이어스,2026-09-26,07:47,150000,golfpang,,,18홀,tr_220568879
스카이밸리,2026-09-26,12:01,190000,golfpang,,,18홀,tr_220568881
용인(비공개),2026-09-26,13:10,220000,golfpang,,,18홀,tr_218780770
포천(비공개),2026-09-26,13:07,200000,golfpang,,,18홀,tr_218780778
파인크리크,2026-09-26,13:38,220000,golfpang,,,18홀,tr_219551574
포천힐스,2026-09-26,07:52,200000,golfpang,,,18홀,tr_220518788
여주(비공개),2026-09-26,07:40,180000,golfpang,,,18홀,tr_218780771
오너스,2026-09-26,06:27,140000,golfpang,,,18홀,tr_220390905
힐마루 포천,2026-09-26,17:10,180000,golfpang,,,18홀,tr_219551638
포레스트힐,2026-09-26,17:49,160000,golfpang,,,18홀,tr_219551726
가평프리스틴밸리,2026-09-26,06:58,190000,golfpang,,,18홀,tr_220421695
골드,2026-09-26,17:12,149000,golfpang,,,18홀,tr_220216246
라싸,2026-09-26,06:55,179000,golfpang,,,18홀,tr_220572624
라싸,2026-09-26,07:58,199000,golfpang,,,18홀,tr_220572625
라싸,2026-09-26,14:03,189000,golfpang,,,18홀,tr_220572626
골드,2026-09-26,12:32,229000,golfpang,,,18홀,tr_219337132
신안(병행),2026-09-26,11:50,150000,golfpang,,,18홀,tr_219642637
그린힐,2026-09-26,12:46,160000,golfpang,,,18홀,tr_219374056
그린힐,2026-09-26,07:24,150000,golfpang,,,18홀,tr_219693580
신안(오렌지),2026-09-26,06:49,110000,golfpang,,,18홀,tr_219374059
포천힐스,2026-09-26,06:42,190000,golfpang,,,18홀,tr_220057322
신라,2026-09-26,07:32,180000,golfpang,,,18홀,tr_220566175
신라,2026-09-26,13:44,180000,golfpang,,,18홀,tr_220566173
포천힐스,2026-09-26,12:45,190000,golfpang,,,18홀,tr_220057352
이글몬트,2026-09-26,13:46,170000,golfpang,,,18홀,tr_220572552
로얄링스,2026-09-26,11:10,120000,golfpang,,,18홀,tr_220572551
로얄링스,2026-09-26,08:40,120000,golfpang,,,18홀,tr_220572548
그린힐,2026-09-26,14:00,150000,golfpang,,,18홀,tr_220572534
비콘힐스,2026-09-26,11:30,120000,golfpang,,,18홀,tr_220561412
옥스필드,2026-09-26,13:02,109000,golfpang,,,18홀,tr_220572513
옥스필드,2026-09-26,07:00,109000,golfpang,,,18홀,tr_220572512
옥스필드,2026-09-26,18:01,69000,golfpang,,,18홀,tr_220572514
비콘힐스,2026-09-26,07:07,120000,golfpang,,,18홀,tr_220572479
비콘힐스,2026-09-26,17:02,90000,golfpang,,,18홀,tr_220572481
비콘힐스,2026-09-26,12:43,120000,golfpang,,,18홀,tr_220572480
동서울cc-퍼9,2026-09-26,12:42,94000,golfpang,,,18홀,tr_220153386
로얄링스,2026-09-26,11:38,120000,golfpang,,,18홀,tr_220221129
대영베이스,2026-09-26,06:20,109000,golfpang,,,18홀,tr_219819061
로얄링스,2026-09-26,07:38,120000,golfpang,,,18홀,tr_220221128
플라밍고,2026-09-26,19:00,80000,golfpang,,,18홀,tr_220216657
솔라고,2026-09-26,14:00,140000,golfpang,,,18홀,tr_220572456
포천힐스,2026-09-26,12:10,190000,golfpang,,,18홀,tr_220560605
더크로스비,2026-09-26,07:31,197000,golfpang,,,18홀,tr_220560692
포천힐스,2026-09-26,13:27,190000,golfpang,,,18홀,tr_220560606
클럽72,2026-09-26,13:30,210000,golfpang,,,18홀,tr_220572447
클럽72,2026-09-26,07:20,190000,golfpang,,,18홀,tr_220572443
킹즈락,2026-09-26,18:13,90000,golfpang,,,18홀,tr_220572437
킹즈락,2026-09-26,13:11,150000,golfpang,,,18홀,tr_220572436
킹즈락,2026-09-26,06:38,140000,golfpang,,,18홀,tr_220572435
여주(비공개),2026-09-26,14:00,170000,golfpang,,,18홀,tr_219009876
스카이밸리,2026-09-26,11:47,170000,golfpang,,,18홀,tr_217523374
스카이밸리,2026-09-26,08:12,180000,golfpang,,,18홀,tr_217523378
비에이비스타,2026-09-26,06:56,160000,golfpang,,,18홀,tr_219555890
이글몬트,2026-09-26,07:24,180000,golfpang,,,18홀,tr_220572393
용인(비공개),2026-09-26,12:15,220000,golfpang,,,18홀,tr_220023776
비에이비스타(퍼),2026-09-26,12:37,130000,golfpang,,,18홀,tr_220004287
비에이비스타(퍼),2026-09-26,08:35,130000,golfpang,,,18홀,tr_220004286
블루원용인(퍼),2026-09-26,13:25,145000,golfpang,,,18홀,tr_220032399
골프존 진천,2026-09-26,07:59,201000,golfpang,,,18홀,tr_219999513
클럽72,2026-09-26,07:59,200000,golfpang,,,18홀,tr_219338032
골든베이,2026-09-26,07:54,150000,golfpang,,,18홀,tr_220253021
골프존 안성H,2026-09-26,07:26,180000,golfpang,,,18홀,tr_219074109
골프존 천안,2026-09-26,07:43,182000,golfpang,,,18홀,tr_217044460
골프존 천안,2026-09-26,06:47,174000,golfpang,,,18홀,tr_217044350
골프존 진천,2026-09-26,06:56,195000,golfpang,,,18홀,tr_219999512
골프존 안성H,2026-09-26,12:21,190000,golfpang,,,18홀,tr_220469269
클럽72,2026-09-26,12:09,220000,golfpang,,,18홀,tr_219338094
골프존 안성H,2026-09-26,08:22,190000,golfpang,,,18홀,tr_220100376
골프존 진천,2026-09-26,08:34,206000,golfpang,,,18홀,tr_219999514
클럽72,2026-09-26,18:04,140000,golfpang,,,18홀,tr_219338196
양지파인,2026-09-26,07:52,160000,golfpang,,,18홀,tr_220560470
양지파인,2026-09-26,12:36,160000,golfpang,,,18홀,tr_220560471
신안(병행),2026-09-26,18:45,90000,golfpang,,,18홀,tr_220561260
신안(병행),2026-09-26,18:31,90000,golfpang,,,18홀,tr_220561259
비콘힐스,2026-09-26,17:02,90000,golfpang,,,18홀,tr_220562374
비콘힐스,2026-09-26,18:12,90000,golfpang,,,18홀,tr_220562376
비콘힐스,2026-09-26,17:16,90000,golfpang,,,18홀,tr_220562375
스카이밸리,2026-09-26,07:21,180000,golfpang,,,18홀,tr_217516413
스카이밸리,2026-09-26,12:41,170000,golfpang,,,18홀,tr_217516421
올데이,2026-09-26,06:25,99000,golfpang,,,18홀,tr_220572346
올데이,2026-09-26,11:38,129000,golfpang,,,18홀,tr_220572347
올데이,2026-09-26,18:01,59000,golfpang,,,18홀,tr_220572348
더플레이어스,2026-09-26,11:32,150000,golfpang,,,18홀,tr_219307530
대영힐스,2026-09-26,13:17,119000,golfpang,,,18홀,tr_220562822
대영힐스,2026-09-26,07:31,119000,golfpang,,,18홀,tr_220562821
대영힐스,2026-09-26,18:13,79000,golfpang,,,18홀,tr_220562823
대영베이스,2026-09-26,07:40,129000,golfpang,,,18홀,tr_220562667
대영베이스,2026-09-26,16:57,99000,golfpang,,,18홀,tr_220562669
대영베이스,2026-09-26,12:52,129000,golfpang,,,18홀,tr_220562668
프린세스,2026-09-26,13:21,160000,golfpang,,,18홀,tr_220572309
프린세스,2026-09-26,18:09,100000,golfpang,,,18홀,tr_220572308
프린세스,2026-09-26,06:34,150000,golfpang,,,18홀,tr_220572307
골프존 진천,2026-09-26,12:25,209000,golfpang,,,18홀,tr_220569446
스타,2026-09-26,12:50,140000,golfpang,,,18홀,tr_219558151
스타,2026-09-26,07:00,140000,golfpang,,,18홀,tr_219558147
여주썬밸리(퍼9),2026-09-26,13:30,110000,golfpang,,,18홀,tr_219562633
골프존 화랑,2026-09-26,07:51,135000,golfpang,,,18홀,tr_219995310
골프존 화랑,2026-09-26,08:54,145000,golfpang,,,18홀,tr_220569448
모카cc,2026-09-26,08:46,145000,golfpang,,,18홀,tr_220569450
골프존 화랑,2026-09-26,11:30,155000,golfpang,,,18홀,tr_219995308
골프존 진천,2026-09-26,07:59,201000,golfpang,,,18홀,tr_220569441
감곡,2026-09-26,08:15,160000,golfpang,,,18홀,tr_220569436
골프존 진천,2026-09-26,08:34,206000,golfpang,,,18홀,tr_220569444
포천힐스,2026-09-26,13:13,190000,golfpang,,,18홀,tr_220572286
포천힐스,2026-09-26,06:28,190000,golfpang,,,18홀,tr_220572284
포천힐스,2026-09-26,12:24,190000,golfpang,,,18홀,tr_220572285
스톤비치,2026-09-26,17:00,90000,golfpang,,,18홀,tr_217883951
스톤비치,2026-09-26,16:30,90000,golfpang,,,18홀,tr_217883941
오너스,2026-09-26,14:00,135000,golfpang,,,18홀,tr_220467908
스톤비치,2026-09-26,08:00,120000,golfpang,,,18홀,tr_217884091
골든베이,2026-09-26,12:00,150000,golfpang,,,18홀,tr_219990508
스톤비치,2026-09-26,07:24,110000,golfpang,,,18홀,tr_218561460
양지파인,2026-09-26,12:29,160000,golfpang,,,18홀,tr_220566554
양지파인,2026-09-26,07:29,160000,golfpang,,,18홀,tr_220566553
스톤비치,2026-09-26,07:59,120000,golfpang,,,18홀,tr_219841787
오너스,2026-09-26,14:15,135000,golfpang,,,18홀,tr_220209513
스톤비치,2026-09-26,16:48,90000,golfpang,,,18홀,tr_219841827
스톤비치,2026-09-26,17:02,90000,golfpang,,,18홀,tr_219841862
클럽72,2026-09-26,12:51,220000,golfpang,,,18홀,tr_220207429
골든베이,2026-09-26,12:49,130000,golfpang,,,18홀,tr_220559792
골든베이,2026-09-26,07:54,150000,golfpang,,,18홀,tr_220559787
오너스,2026-09-26,06:48,145000,golfpang,,,18홀,tr_220209511
킹스데일,2026-09-26,08:01,160000,golfpang,,,18홀,tr_220572231
킹스데일,2026-09-26,14:13,135000,golfpang,,,18홀,tr_220572232
더크로스비,2026-09-26,06:48,187000,golfpang,,,18홀,tr_220566595
더크로스비,2026-09-26,07:31,197000,golfpang,,,18홀,tr_220566596
더크로스비,2026-09-26,13:30,197000,golfpang,,,18홀,tr_220566597
몽베르(대중제),2026-09-26,12:32,170000,golfpang,,,18홀,tr_220566614
몽베르(대중제),2026-09-26,07:29,160000,golfpang,,,18홀,tr_220566613
몽베르(대중제),2026-09-26,17:42,140000,golfpang,,,18홀,tr_220566615
양양(비공개),2026-09-26,06:59,279000,golfpang,,,18홀,tr_218111729
감곡,2026-09-26,07:30,130000,golfpang,,,18홀,tr_220396085
임페리얼레이크,2026-09-26,07:28,129000,golfpang,,,18홀,tr_220572212
임페리얼레이크,2026-09-26,18:01,99000,golfpang,,,18홀,tr_220572214
임페리얼레이크,2026-09-26,11:10,139000,golfpang,,,18홀,tr_220572213
힐데스하임,2026-09-26,14:04,135000,golfpang,,,18홀,tr_220572180
힐데스하임,2026-09-26,14:19,135000,golfpang,,,18홀,tr_220572181
힐데스하임,2026-09-26,06:22,125000,golfpang,,,18홀,tr_220572179
속리산cc,2026-09-26,13:51,120000,golfpang,,,18홀,tr_220572154
속리산cc,2026-09-26,14:12,120000,golfpang,,,18홀,tr_220572155
속리산cc,2026-09-26,06:31,120000,golfpang,,,18홀,tr_220572153
클럽72,2026-09-26,13:33,210000,golfpang,,,18홀,tr_219765819
스카이밸리,2026-09-26,13:39,190000,golfpang,,,18홀,tr_220375898
남춘천,2026-09-26,07:14,170000,golfpang,,,18홀,tr_220572126
남춘천,2026-09-26,12:34,170000,golfpang,,,18홀,tr_220572127
용인(비공개명문),2026-09-26,07:03,275000,golfpang,,,18홀,tr_220572094
강릉(비공개),2026-09-26,11:39,240000,golfpang,,,18홀,tr_219156154
더크로스비,2026-09-26,06:42,187000,golfpang,,,18홀,tr_220572009
힐데스하임,2026-09-26,06:22,125000,golfpang,,,18홀,tr_220568538
이븐데일,2026-09-26,12:12,120000,golfpang,,,18홀,tr_220570471
양평TPC,2026-09-26,06:52,160000,golfpang,,,18홀,tr_220568185
힐데스하임,2026-09-26,13:04,150000,golfpang,,,18홀,tr_220568539
이븐데일,2026-09-26,08:03,100000,golfpang,,,18홀,tr_220570470
골프존 안성H,2026-09-26,14:06,180000,golfpang,,,18홀,tr_220571884
더크로스비,2026-09-26,14:19,197000,golfpang,,,18홀,tr_220572011
힐데스하임,2026-09-26,13:42,145000,golfpang,,,18홀,tr_220568540
골프존 안성H,2026-09-26,13:31,180000,golfpang,,,18홀,tr_220571883
더크로스비,2026-09-26,13:30,197000,golfpang,,,18홀,tr_220572010
골프존 안성H,2026-09-26,07:05,180000,golfpang,,,18홀,tr_220571882
이븐데일,2026-09-26,17:32,84000,golfpang,,,18홀,tr_220570472
한림용인,2026-09-26,13:32,160000,golfpang,,,18홀,tr_220572082
한림용인,2026-09-26,13:32,160000,golfpang,,,18홀,tr_220572083
골프존 천안,2026-09-26,13:33,166000,golfpang,,,18홀,tr_218768473
킹즈락,2026-09-26,13:11,150000,golfpang,,,18홀,tr_220572034
킹즈락,2026-09-26,06:38,140000,golfpang,,,18홀,tr_220572033
킹즈락,2026-09-26,17:45,100000,golfpang,,,18홀,tr_220572035
한림용인,2026-09-26,13:39,160000,golfpang,,,18홀,tr_220571986
한림용인,2026-09-26,17:17,140000,golfpang,,,18홀,tr_220571987
한림용인,2026-09-26,07:27,180000,golfpang,,,18홀,tr_220571985
루트52,2026-09-26,12:08,190000,golfpang,,,18홀,tr_220568701
루트52,2026-09-26,07:58,190000,golfpang,,,18홀,tr_220568700
이천(비공개명문),2026-09-26,12:59,232000,golfpang,,,18홀,tr_217335036
골프존 화랑,2026-09-26,11:48,185000,golfpang,,,18홀,tr_219999848
이천(비공개명문),2026-09-26,07:38,279000,golfpang,,,18홀,tr_217334940
캐슬렉스,2026-09-26,08:08,250000,golfpang,,,18홀,tr_220339500
캐슬렉스,2026-09-26,13:51,250000,golfpang,,,18홀,tr_220339525
신안,2026-09-26,12:25,160000,golfpang,,,18홀,tr_218344175
해솔리아,2026-09-26,17:01,150000,golfpang,,,18홀,tr_220564831
해솔리아,2026-09-26,12:30,200000,golfpang,,,18홀,tr_220564830
해솔리아,2026-09-26,08:27,210000,golfpang,,,18홀,tr_220564829
한림용인,2026-09-26,17:17,140000,golfpang,,,18홀,tr_220560006
한림용인,2026-09-26,11:40,220000,golfpang,,,18홀,tr_220560005
한림용인,2026-09-26,06:59,215000,golfpang,,,18홀,tr_220560004
윈체스트,2026-09-26,08:00,200000,golfpang,,,18홀,tr_219770105
윈체스트,2026-09-26,11:33,190000,golfpang,,,18홀,tr_220565137
골프존 화랑,2026-09-26,12:00,155000,golfpang,,,18홀,tr_219967176
골프존 화랑,2026-09-26,08:00,135000,golfpang,,,18홀,tr_219967093
신안,2026-09-26,06:28,150000,golfpang,,,18홀,tr_219834279
골프존 안성H,2026-09-26,13:31,180000,golfpang,,,18홀,tr_220505212
골프존 안성H,2026-09-26,07:05,180000,golfpang,,,18홀,tr_220505210
골프존 안성H,2026-09-26,08:15,190000,golfpang,,,18홀,tr_220505211
파인스톤,2026-09-26,12:20,220000,golfpang,,,18홀,tr_220571929
파인스톤,2026-09-26,16:40,160000,golfpang,,,18홀,tr_220571930
파인스톤,2026-09-26,17:36,150000,golfpang,,,18홀,tr_220571931
로얄포레,2026-09-26,17:40,89000,golfpang,,,18홀,tr_220571909
로얄포레,2026-09-26,12:34,119000,golfpang,,,18홀,tr_220571908
로얄포레,2026-09-26,06:53,119000,golfpang,,,18홀,tr_220571907
더플레이어스,2026-09-26,07:19,150000,golfpang,,,18홀,tr_219264361
더플레이어스,2026-09-26,11:54,150000,golfpang,,,18홀,tr_218984883
가평프리스틴밸리,2026-09-26,07:54,220000,golfpang,,,18홀,tr_218563241
남춘천,2026-09-26,06:46,160000,golfpang,,,18홀,tr_219112770
이포,2026-09-26,06:56,210000,golfpang,,,18홀,tr_217104170
기흥(비공개),2026-09-26,07:58,270000,golfpang,,,18홀,tr_217102661
프린세스,2026-09-26,13:21,160000,golfpang,,,18홀,tr_220571861
프린세스,2026-09-26,06:34,150000,golfpang,,,18홀,tr_220571860
프린세스,2026-09-26,13:14,160000,golfpang,,,18홀,tr_220571862
센테리움,2026-09-26,13:00,129000,golfpang,,,18홀,tr_219591325
센테리움,2026-09-26,07:00,129000,golfpang,,,18홀,tr_219342608
알펜시아700,2026-09-26,13:00,120000,golfpang,,,18홀,tr_217926651
써닝포인트,2026-09-26,11:40,175000,golfpang,,,18홀,tr_219818933
킹스데일,2026-09-26,07:30,155000,golfpang,,,18홀,tr_219369489
써닝포인트,2026-09-26,06:30,165000,golfpang,,,18홀,tr_219443436
클럽D 보은,2026-09-26,07:00,150000,golfpang,,,18홀,tr_218270360
오로라,2026-09-26,07:00,150000,golfpang,,,18홀,tr_219361140
알펜시아700,2026-09-26,07:00,100000,golfpang,,,18홀,tr_217227171
대영힐스,2026-09-26,18:40,75000,golfpang,,,18홀,tr_220571785
떼제베(동북),2026-09-26,05:57,100000,golfpang,,,18홀,tr_220571779
떼제베(동북),2026-09-26,11:22,150000,golfpang,,,18홀,tr_220571781
떼제베(동북),2026-09-26,06:25,120000,golfpang,,,18홀,tr_220571780
여주,2026-09-26,07:54,200000,golfpang,,,18홀,tr_220571759
여주,2026-09-26,13:04,190000,golfpang,,,18홀,tr_220571760
스타,2026-09-26,13:02,140000,golfpang,,,18홀,tr_220190222
골프존 천안,2026-09-26,07:15,181000,golfpang,,,18홀,tr_220306516
양평TPC,2026-09-26,13:05,160000,golfpang,,,18홀,tr_220190265
골프존 화랑,2026-09-26,08:55,145000,golfpang,,,18홀,tr_220306543
강릉(비공개),2026-09-26,12:01,180000,golfpang,,,18홀,tr_219156190
블루원용인(퍼),2026-09-26,13:24,145000,golfpang,,,18홀,tr_220571734
떼제베,2026-09-26,05:50,120000,golfpang,,,18홀,tr_220571726
떼제베,2026-09-26,13:35,170000,golfpang,,,18홀,tr_220571727
떼제베,2026-09-26,18:44,120000,golfpang,,,18홀,tr_220571728
비에이비스타,2026-09-26,07:17,160000,golfpang,,,18홀,tr_220571700
블루원용인(퍼),2026-09-26,13:59,145000,golfpang,,,18홀,tr_220561854
블루원용인(퍼),2026-09-26,17:40,135000,golfpang,,,18홀,tr_220561855
베스트밸리-퍼9,2026-09-26,11:25,190000,golfpang,,,18홀,tr_220571698
베스트밸리-퍼9,2026-09-26,11:04,190000,golfpang,,,18홀,tr_220571699
베스트밸리-퍼9,2026-09-26,06:12,190000,golfpang,,,18홀,tr_220571697
블루원용인,2026-09-26,17:40,165000,golfpang,,,18홀,tr_220561843
가평프리스틴밸리,2026-09-26,11:46,220000,golfpang,,,18홀,tr_218567719
가평프리스틴밸리,2026-09-26,08:50,230000,golfpang,,,18홀,tr_218567723
용인(비공개),2026-09-26,13:24,220000,golfpang,,,18홀,tr_220561827
용인(비공개),2026-09-26,06:58,250000,golfpang,,,18홀,tr_220561826
비에이비스타,2026-09-26,12:50,160000,golfpang,,,18홀,tr_220561798
한림용인,2026-09-26,13:11,160000,golfpang,,,18홀,tr_220571676
한림용인,2026-09-26,07:27,180000,golfpang,,,18홀,tr_220571675
한림용인,2026-09-26,17:10,140000,golfpang,,,18홀,tr_220571677
비에이비스타,2026-09-26,07:03,160000,golfpang,,,18홀,tr_220561797
비에이비스타(퍼),2026-09-26,17:52,90000,golfpang,,,18홀,tr_220571646
푸른솔포천,2026-09-26,06:21,200000,golfpang,,,18홀,tr_220571616
푸른솔포천,2026-09-26,13:06,210000,golfpang,,,18홀,tr_220571617
비에이비스타(퍼),2026-09-26,12:57,130000,golfpang,,,18홀,tr_220571600
옥스필드,2026-09-26,11:10,139000,golfpang,,,18홀,tr_220571594
옥스필드,2026-09-26,18:08,69000,golfpang,,,18홀,tr_220571595
옥스필드,2026-09-26,07:00,109000,golfpang,,,18홀,tr_220571593
뉴서울,2026-09-26,06:28,315000,golfpang,,,18홀,tr_219671998
비에이비스타,2026-09-26,12:50,160000,golfpang,,,18홀,tr_219321705
용인(비공개명문),2026-09-26,13:24,220000,golfpang,,,18홀,tr_219155924
블루원용인(퍼),2026-09-26,13:24,145000,golfpang,,,18홀,tr_219321643
서울인근비공개,2026-09-26,14:00,270000,golfpang,,,18홀,tr_220565053
뉴서울,2026-09-26,13:56,315000,golfpang,,,18홀,tr_219672000
블루원용인(퍼),2026-09-26,17:40,135000,golfpang,,,18홀,tr_220564705
비에이비스타(퍼),2026-09-26,12:57,130000,golfpang,,,18홀,tr_219336770
서울인근비공개,2026-09-26,07:02,275000,golfpang,,,18홀,tr_220221676
비에이비스타,2026-09-26,07:17,160000,golfpang,,,18홀,tr_219321698
용인(비공개명문),2026-09-26,06:58,250000,golfpang,,,18홀,tr_219155922
비에이비스타(퍼),2026-09-26,07:45,130000,golfpang,,,18홀,tr_219336765
자유로,2026-09-26,06:53,230000,golfpang,,,18홀,tr_220566882
용인(비공개),2026-09-26,07:00,179000,golfpang,,,18홀,tr_220567886
써닝포인트,2026-09-26,16:54,135000,golfpang,,,18홀,tr_220347200
써닝포인트,2026-09-26,12:40,175000,golfpang,,,18홀,tr_220287746
써닝포인트,2026-09-26,06:30,165000,golfpang,,,18홀,tr_220347184
킹스데일,2026-09-26,12:14,165000,golfpang,,,18홀,tr_220013877
올데이,2026-09-26,06:35,109000,golfpang,,,18홀,tr_220347328
비콘힐스,2026-09-26,11:40,120000,golfpang,,,18홀,tr_220463047
비콘힐스,2026-09-26,18:00,90000,golfpang,,,18홀,tr_220564155
비콘힐스,2026-09-26,07:50,120000,golfpang,,,18홀,tr_220462997
비에이비스타(퍼),2026-09-26,07:03,130000,golfpang,,,18홀,tr_220571563
임페리얼레이크,2026-09-26,11:10,139000,golfpang,,,18홀,tr_220571544
임페리얼레이크,2026-09-26,07:28,129000,golfpang,,,18홀,tr_220571543
임페리얼레이크,2026-09-26,12:41,139000,golfpang,,,18홀,tr_220571545
이포,2026-09-26,06:56,200000,golfpang,,,18홀,tr_220417691
이포,2026-09-26,11:37,200000,golfpang,,,18홀,tr_220417701
용인(비공개명문),2026-09-26,13:32,270000,golfpang,,,18홀,tr_220559807
가평프리스틴밸리,2026-09-26,13:17,200000,golfpang,,,18홀,tr_220402537
가평프리스틴밸리,2026-09-26,07:47,220000,golfpang,,,18홀,tr_220402510
용인(비공개명문),2026-09-26,07:44,270000,golfpang,,,18홀,tr_220399387
로얄링스,2026-09-26,12:35,120000,golfpang,,,18홀,tr_219771901
로얄링스,2026-09-26,07:20,120000,golfpang,,,18홀,tr_220033733
프린세스,2026-09-26,13:21,160000,golfpang,,,18홀,tr_220571489
프린세스,2026-09-26,07:16,160000,golfpang,,,18홀,tr_220571488
프린세스,2026-09-26,06:34,150000,golfpang,,,18홀,tr_220571487
로얄포레,2026-09-26,06:53,119000,golfpang,,,18홀,tr_220571465
로얄포레,2026-09-26,18:29,79000,golfpang,,,18홀,tr_220571467
로얄포레,2026-09-26,11:52,149000,golfpang,,,18홀,tr_220571466
곤지암(비공개),2026-09-26,13:48,220000,golfpang,,,18홀,tr_218988472
곤지암(비공개),2026-09-26,06:32,220000,golfpang,,,18홀,tr_220571440
골프존 안성W,2026-09-26,17:07,140000,golfpang,,,18홀,tr_220571428
골프존 안성W,2026-09-26,17:14,140000,golfpang,,,18홀,tr_220571429
골프존 안성W,2026-09-26,18:31,130000,golfpang,,,18홀,tr_220571430
레이크사이드,2026-09-26,06:41,260000,golfpang,,,18홀,tr_218988398
여주(비공개),2026-09-26,07:40,170000,golfpang,,,18홀,tr_218353778
레이크사이드,2026-09-26,13:20,260000,golfpang,,,18홀,tr_218560924
골프존 안성W,2026-09-26,18:31,130000,golfpang,,,18홀,tr_220571394
골프존 안성W,2026-09-26,17:07,140000,golfpang,,,18홀,tr_220571392
골프존 안성W,2026-09-26,17:14,140000,golfpang,,,18홀,tr_220571393
올데이,2026-09-26,05:57,99000,golfpang,,,18홀,tr_220571361
올데이,2026-09-26,18:22,59000,golfpang,,,18홀,tr_220571363
올데이,2026-09-26,13:30,119000,golfpang,,,18홀,tr_220571362
여주(비공개5),2026-09-26,13:40,180000,golfpang,,,18홀,tr_220571343
골든베이,2026-09-26,13:14,150000,golfpang,,,18홀,tr_219555828
골든베이,2026-09-26,07:54,150000,golfpang,,,18홀,tr_219555822
속초(비공개),2026-09-26,06:38,160000,golfpang,,,18홀,tr_219715596
강릉(비공개),2026-09-26,07:42,170000,golfpang,,,18홀,tr_219550144
여주(비공개),2026-09-26,08:36,180000,golfpang,,,18홀,tr_218383534
비에이비스타,2026-09-26,17:45,120000,golfpang,,,18홀,tr_220571333
여주(비공개5),2026-09-26,08:32,190000,golfpang,,,18홀,tr_220571330
웅포,2026-09-26,13:40,150000,golfpang,,,18홀,tr_218344105
한림광릉,2026-09-26,13:37,190000,golfpang,,,18홀,tr_220571313
한림광릉,2026-09-26,08:30,210000,golfpang,,,18홀,tr_220571312
한림광릉,2026-09-26,07:13,190000,golfpang,,,18홀,tr_220571311
필로스,2026-09-26,17:00,160000,golfpang,,,18홀,tr_220571300
포천(비공개),2026-09-26,13:07,200000,golfpang,,,18홀,tr_220523036
용인(비공개),2026-09-26,13:10,220000,golfpang,,,18홀,tr_220523037
오너스,2026-09-26,06:27,140000,golfpang,,,18홀,tr_220523027
포천힐스,2026-09-26,07:52,200000,golfpang,,,18홀,tr_220523032
스카이밸리,2026-09-26,08:19,180000,golfpang,,,18홀,tr_217523359
스카이밸리,2026-09-26,11:47,170000,golfpang,,,18홀,tr_217523336
블루원용인(퍼),2026-09-26,13:24,145000,golfpang,,,18홀,tr_220571291
골프존 안성W,2026-09-26,17:07,140000,golfpang,,,18홀,tr_220571285
골프존 안성W,2026-09-26,18:38,130000,golfpang,,,18홀,tr_220571287
골프존 안성W,2026-09-26,18:03,130000,golfpang,,,18홀,tr_220571286
스톤비치,2026-09-26,16:55,90000,golfpang,,,18홀,tr_218783208
여주(비공개),2026-09-26,08:35,190000,golfpang,,,18홀,tr_220565335
스톤비치,2026-09-26,07:59,120000,golfpang,,,18홀,tr_218783134
오너스,2026-09-26,07:02,140000,golfpang,,,18홀,tr_220559698
여주(비공개S),2026-09-26,07:15,180000,golfpang,,,18홀,tr_220417675
여주(비공개),2026-09-26,13:40,180000,golfpang,,,18홀,tr_220565340
오너스,2026-09-26,14:08,135000,golfpang,,,18홀,tr_220559704
비콘힐스,2026-09-26,18:00,90000,golfpang,,,18홀,tr_220561433
비콘힐스,2026-09-26,11:20,120000,golfpang,,,18홀,tr_220561416
신안(병행),2026-09-26,08:34,120000,golfpang,,,18홀,tr_220571223
신안(병행),2026-09-26,08:34,120000,golfpang,,,18홀,tr_220571222
신안(병행),2026-09-26,18:31,90000,golfpang,,,18홀,tr_220571224
포천(비공개),2026-09-26,13:00,200000,golfpang,,,18홀,tr_219987331
포천(비공개),2026-09-26,11:50,210000,golfpang,,,18홀,tr_216601107
포천힐스,2026-09-26,13:13,190000,golfpang,,,18홀,tr_220563782
360도,2026-09-26,06:30,150000,golfpang,,,18홀,tr_218386695
오너스,2026-09-26,14:01,135000,golfpang,,,18홀,tr_220563754
스톤비치,2026-09-26,16:48,90000,golfpang,,,18홀,tr_220571203
한림용인,2026-09-26,13:11,160000,golfpang,,,18홀,tr_220571193
한림용인,2026-09-26,17:17,140000,golfpang,,,18홀,tr_220571194
이천(비공개명문),2026-09-26,12:45,238000,golfpang,,,18홀,tr_218171109
서원힐스,2026-09-26,13:00,200000,golfpang,,,18홀,tr_220571173
스톤비치,2026-09-26,08:34,120000,golfpang,,,18홀,tr_220571170
마에스트로,2026-09-26,06:40,160000,golfpang,,,18홀,tr_220571150
신안(오렌지),2026-09-26,06:21,100000,golfpang,,,18홀,tr_220571135
신안(오렌지),2026-09-26,06:14,100000,golfpang,,,18홀,tr_220571134
스톤비치,2026-09-26,08:34,120000,golfpang,,,18홀,tr_220571104
더헤븐,2026-09-26,06:20,270000,golfpang,,,18홀,tr_219558148
비에이비스타(퍼),2026-09-26,07:46,130000,golfpang,,,18홀,tr_220565745
용인(비공개),2026-09-26,13:25,220000,golfpang,,,18홀,tr_220565911
이글몬트,2026-09-26,07:24,180000,golfpang,,,18홀,tr_220565305
비에이비스타,2026-09-26,07:18,160000,golfpang,,,18홀,tr_220565199
골든베이,2026-09-26,08:09,150000,golfpang,,,18홀,tr_220565338
용인(비공개),2026-09-26,06:45,250000,golfpang,,,18홀,tr_220565298
비에이비스타,2026-09-26,12:51,160000,golfpang,,,18홀,tr_220565591
비에이비스타(퍼),2026-09-26,12:30,130000,golfpang,,,18홀,tr_220565772
블루원용인(퍼),2026-09-26,13:25,145000,golfpang,,,18홀,tr_220565302
용인(비공개명문),2026-09-26,07:02,275000,golfpang,,,18홀,tr_220571077
스톤비치,2026-09-26,08:05,120000,golfpang,,,18홀,tr_217697923
오너스,2026-09-26,14:00,135000,golfpang,,,18홀,tr_220560614
스톤비치,2026-09-26,16:45,90000,golfpang,,,18홀,tr_217697933
남양주(퍼9),2026-09-26,07:00,159000,golfpang,,,18홀,tr_220397177
오너스,2026-09-26,07:09,140000,golfpang,,,18홀,tr_220560595
스톤비치,2026-09-26,07:20,110000,golfpang,,,18홀,tr_217697927
남양주(퍼9),2026-09-26,12:00,159000,golfpang,,,18홀,tr_220397178
아난티중앙(야간),2026-09-26,18:02,140000,golfpang,,,18홀,tr_220571060
아난티중앙(야간),2026-09-26,17:44,140000,golfpang,,,18홀,tr_220571059
에델바이스(가명),2026-09-26,06:28,200000,golfpang,,,18홀,tr_220571025
중원,2026-09-26,13:14,130000,golfpang,,,18홀,tr_220571011
중원,2026-09-26,06:48,120000,golfpang,,,18홀,tr_220571010
신라,2026-09-26,06:15,160000,golfpang,,,18홀,tr_220570936
신라,2026-09-26,11:59,190000,golfpang,,,18홀,tr_220570937
신라,2026-09-26,13:44,180000,golfpang,,,18홀,tr_220570938
자유로,2026-09-26,14:05,220000,golfpang,,,18홀,tr_220548506
자유로,2026-09-26,06:53,230000,golfpang,,,18홀,tr_220548502
이글몬트,2026-09-26,13:39,170000,golfpang,,,18홀,tr_220570823
이글몬트,2026-09-26,07:23,180000,golfpang,,,18홀,tr_220570822
코브스윙,2026-09-26,14:00,190000,golfpang,,,18홀,tr_217105866
포천힐스,2026-09-26,12:10,190000,golfpang,,,18홀,tr_220105826
포천힐스,2026-09-26,06:49,190000,golfpang,,,18홀,tr_220105824
포레스트힐,2026-09-26,07:29,230000,golfpang,,,18홀,tr_218117980
코브스윙,2026-09-26,06:59,190000,golfpang,,,18홀,tr_217105865
솔모로,2026-09-26,08:36,200000,golfpang,,,18홀,tr_220570805
솔모로,2026-09-26,07:54,200000,golfpang,,,18홀,tr_220570804
기흥(비공개),2026-09-26,06:30,260000,golfpang,,,18홀,tr_219784064
가평프리스틴밸리,2026-09-26,13:17,200000,golfpang,,,18홀,tr_220015372
포천(비공개),2026-09-26,13:00,200000,golfpang,,,18홀,tr_219467135
힐마루 포천,2026-09-26,17:10,160000,golfpang,,,18홀,tr_220290179
오너스,2026-09-26,14:01,135000,golfpang,,,18홀,tr_220417678
용인(비공개),2026-09-26,12:42,220000,golfpang,,,18홀,tr_219320228
포천힐스,2026-09-26,13:20,190000,golfpang,,,18홀,tr_220515802
여주(비공개),2026-09-26,07:54,180000,golfpang,,,18홀,tr_218545651
포천힐스,2026-09-26,07:52,200000,golfpang,,,18홀,tr_220515763
오너스,2026-09-26,06:27,140000,golfpang,,,18홀,tr_220417673
가평프리스틴밸리,2026-09-26,08:08,220000,golfpang,,,18홀,tr_220562264
힐데스하임,2026-09-26,13:19,150000,golfpang,,,18홀,tr_220570758
힐데스하임,2026-09-26,07:45,145000,golfpang,,,18홀,tr_220570759
힐데스하임,2026-09-26,06:22,125000,golfpang,,,18홀,tr_220570757
세현,2026-09-26,19:05,160000,golfpang,,,18홀,tr_220570715
세현,2026-09-26,19:12,160000,golfpang,,,18홀,tr_220570716
세현,2026-09-26,13:44,200000,golfpang,,,18홀,tr_220570714
골프존 안성H,2026-09-26,08:57,190000,golfpang,,,18홀,tr_220204713
골프존 진천,2026-09-26,08:41,206000,golfpang,,,18홀,tr_219528384
골프존 진천,2026-09-26,07:59,201000,golfpang,,,18홀,tr_219528275
골프존 진천,2026-09-26,12:11,209000,golfpang,,,18홀,tr_219528477
골프존 천안,2026-09-26,11:55,173000,golfpang,,,18홀,tr_218350178
골프존 천안,2026-09-26,07:43,182000,golfpang,,,18홀,tr_218350174
골프존 안성H,2026-09-26,07:26,180000,golfpang,,,18홀,tr_219932641
골프존 안성H,2026-09-26,12:14,190000,golfpang,,,18홀,tr_219986333
이포,2026-09-26,11:37,200000,golfpang,,,18홀,tr_220212010
이포,2026-09-26,06:56,200000,golfpang,,,18홀,tr_219791238
그린힐,2026-09-26,12:32,180000,golfpang,,,18홀,tr_220570662
그린힐,2026-09-26,14:10,150000,golfpang,,,18홀,tr_220570663
그린힐,2026-09-26,06:56,150000,golfpang,,,18홀,tr_220570661
로얄링스,2026-09-26,13:00,120000,golfpang,,,18홀,tr_220398269
플라밍고,2026-09-26,12:50,130000,golfpang,,,18홀,tr_220396987
일레븐,2026-09-26,13:03,135000,golfpang,,,18홀,tr_220570611
일레븐,2026-09-26,17:30,85000,golfpang,,,18홀,tr_220570612
일레븐,2026-09-26,06:58,125000,golfpang,,,18홀,tr_220570610
남춘천,2026-09-26,13:00,160000,golfpang,,,18홀,tr_220239447
포천힐스,2026-09-26,07:40,200000,golfpang,,,18홀,tr_220210828
여주(비공개S),2026-09-26,08:40,180000,golfpang,,,18홀,tr_219545411
남춘천,2026-09-26,06:40,160000,golfpang,,,18홀,tr_220239518
포천힐스,2026-09-26,12:30,190000,golfpang,,,18홀,tr_219695339
스카이밸리,2026-09-26,12:50,170000,golfpang,,,18홀,tr_220396972
여주(비공개),2026-09-26,08:36,180000,golfpang,,,18홀,tr_218155312
속초(비공개),2026-09-26,13:32,160000,golfpang,,,18홀,tr_219767703
프린세스,2026-09-26,07:58,160000,golfpang,,,18홀,tr_218980227
베르힐(영종),2026-09-26,07:00,280000,golfpang,,,18홀,tr_220570350
리베라,2026-09-26,18:31,140000,golfpang,,,18홀,tr_220570521
알프스대영,2026-09-26,17:08,69000,golfpang,,,18홀,tr_220570573
알프스대영,2026-09-26,07:01,99000,golfpang,,,18홀,tr_220570571
리베라,2026-09-26,18:03,150000,golfpang,,,18홀,tr_220570488
알프스대영,2026-09-26,12:31,109000,golfpang,,,18홀,tr_220570572
솔모로,2026-09-26,12:53,170000,golfpang,,,18홀,tr_220570371
신안(병행),2026-09-26,08:06,130000,golfpang,,,18홀,tr_220570529
360도,2026-09-26,07:14,150000,golfpang,,,18홀,tr_220570339
백제,2026-09-26,07:15,150000,golfpang,,,18홀,tr_219781616
한양파인,2026-09-26,11:01,170000,golfpang,,,18홀,tr_220412004
백제,2026-09-26,12:58,150000,golfpang,,,18홀,tr_219781619
신안,2026-09-26,06:35,150000,golfpang,,,18홀,tr_220402306
포레스트힐,2026-09-26,07:29,230000,golfpang,,,18홀,tr_216582575
코브스윙,2026-09-26,13:52,190000,golfpang,,,18홀,tr_218577923
올데이,2026-09-26,11:35,109000,golfpang,,,18홀,tr_219556534
코브스윙,2026-09-26,07:09,190000,golfpang,,,18홀,tr_218577795
포천힐스,2026-09-26,12:14,190000,golfpang,,,18홀,tr_219796666
기흥(비공개),2026-09-26,07:30,270000,golfpang,,,18홀,tr_219337636
한림광릉,2026-09-26,07:30,190000,golfpang,,,18홀,tr_219437849
360도,2026-09-26,13:37,170000,golfpang,,,18홀,tr_220570504
360도,2026-09-26,06:22,177000,golfpang,,,18홀,tr_220570503
동서울cc-퍼9,2026-09-26,12:42,94000,golfpang,,,18홀,tr_220207056
동서울cc-퍼9,2026-09-26,06:38,94000,golfpang,,,18홀,tr_220207055
동서울cc-퍼9,2026-09-26,06:38,94000,golfpang,,,18홀,tr_220207054
알프스대영,2026-09-26,07:08,99000,golfpang,,,18홀,tr_220399950
알프스대영,2026-09-26,17:43,69000,golfpang,,,18홀,tr_220399952
알프스대영,2026-09-26,18:04,65000,golfpang,,,18홀,tr_220399951
용인(비공개명문),2026-09-26,07:03,275000,golfpang,,,18홀,tr_220565634
뉴서울,2026-09-26,06:29,315000,golfpang,,,18홀,tr_220565636
비에이비스타,2026-09-26,06:57,160000,golfpang,,,18홀,tr_220565644
이글몬트,2026-09-26,07:24,180000,golfpang,,,18홀,tr_220565651
비에이비스타,2026-09-26,07:18,160000,golfpang,,,18홀,tr_220565645
블루원용인(퍼),2026-09-26,08:26,145000,golfpang,,,18홀,tr_220205801
블루원용인(퍼),2026-09-26,13:25,145000,golfpang,,,18홀,tr_220565642
비에이비스타(퍼),2026-09-26,07:04,130000,golfpang,,,18홀,tr_220565646
비에이비스타(퍼),2026-09-26,07:04,130000,golfpang,,,18홀,tr_220565647
용인(비공개명문),2026-09-26,07:05,275000,golfpang,,,18홀,tr_220221426
용인(비공개),2026-09-26,06:45,250000,golfpang,,,18홀,tr_220565640
스톤비치,2026-09-26,16:48,90000,golfpang,,,18홀,tr_219991925
스톤비치,2026-09-26,13:09,110000,golfpang,,,18홀,tr_219568067
골프존 천안,2026-09-26,06:40,174000,golfpang,,,18홀,tr_220569148
가평프리스틴밸리,2026-09-26,12:07,220000,golfpang,,,18홀,tr_220569225
남춘천,2026-09-26,08:50,180000,golfpang,,,18홀,tr_220569215
로얄링스,2026-09-26,11:31,120000,golfpang,,,18홀,tr_220569217
서산수,2026-09-26,08:07,190000,golfpang,,,18홀,tr_220569212
로얄링스,2026-09-26,07:45,120000,golfpang,,,18홀,tr_220569207
용인(비공개명문),2026-09-26,07:44,270000,golfpang,,,18홀,tr_220569205
골프존 천안,2026-09-26,12:58,173000,golfpang,,,18홀,tr_220569233
더플레이어스,2026-09-26,12:14,150000,golfpang,,,18홀,tr_220569227
신라,2026-09-26,12:20,190000,golfpang,,,18홀,tr_220569231
파주,2026-09-26,11:38,260000,golfpang,,,18홀,tr_220569219
이포,2026-09-26,11:37,200000,golfpang,,,18홀,tr_220569218
골프존 화랑,2026-09-26,11:56,145000,golfpang,,,18홀,tr_220569223
더플레이어스,2026-09-26,11:53,150000,golfpang,,,18홀,tr_220569221
플라밍고,2026-09-26,13:32,130000,golfpang,,,18홀,tr_220569241
용인(비공개명문),2026-09-26,13:32,270000,golfpang,,,18홀,tr_220569238
스톤비치,2026-09-26,13:37,110000,golfpang,,,18홀,tr_220569243
베뉴지,2026-09-26,13:44,169000,golfpang,,,18홀,tr_220569245
가평프리스틴밸리,2026-09-26,06:58,190000,golfpang,,,18홀,tr_220569187
스톤비치,2026-09-26,07:31,120000,golfpang,,,18홀,tr_220569201
베뉴지,2026-09-26,07:26,179000,golfpang,,,18홀,tr_220569196
더크로스비,2026-09-26,07:59,197000,golfpang,,,18홀,tr_220569210
센테리움,2026-09-26,07:49,139000,golfpang,,,18홀,tr_220569209
파주,2026-09-26,06:24,220000,golfpang,,,18홀,tr_220569119
이포,2026-09-26,06:00,180000,golfpang,,,18홀,tr_220569109
스카이밸리,2026-09-26,06:34,180000,golfpang,,,18홀,tr_220569126
더크로스비,2026-09-26,06:56,187000,golfpang,,,18홀,tr_220569174
골프존 화랑,2026-09-26,06:48,125000,golfpang,,,18홀,tr_220569163
남춘천,2026-09-26,06:46,160000,golfpang,,,18홀,tr_220569155
양평TPC,2026-09-26,06:38,160000,golfpang,,,18홀,tr_220569136
신라,2026-09-26,06:57,190000,golfpang,,,18홀,tr_220569180
양평TPC,2026-09-26,13:29,160000,golfpang,,,18홀,tr_220569236
스톤비치,2026-09-26,08:06,120000,golfpang,,,18홀,tr_219567927
킹즈락,2026-09-26,13:11,150000,golfpang,,,18홀,tr_220560435
킹즈락,2026-09-26,17:45,100000,golfpang,,,18홀,tr_220560436
킹즈락,2026-09-26,06:38,140000,golfpang,,,18홀,tr_220560434
센테리움,2026-09-26,12:15,139000,golfpang,,,18홀,tr_220261196
센테리움,2026-09-26,07:56,139000,golfpang,,,18홀,tr_220261195
모카cc,2026-09-26,13:49,130000,golfpang,,,18홀,tr_220562452
모카cc,2026-09-26,07:22,130000,golfpang,,,18홀,tr_220562451
떼제베,2026-09-26,07:14,150000,golfpang,,,18홀,tr_220565766
떼제베,2026-09-26,12:11,150000,golfpang,,,18홀,tr_220565767
떼제베,2026-09-26,16:52,130000,golfpang,,,18홀,tr_220565768
떼제베(동북),2026-09-26,07:07,120000,golfpang,,,18홀,tr_220566017
떼제베(동북),2026-09-26,17:13,100000,golfpang,,,18홀,tr_220566018
떼제베(동북),2026-09-26,12:53,140000,golfpang,,,18홀,tr_220566019
대영힐스,2026-09-26,16:58,89000,golfpang,,,18홀,tr_220563118
대영힐스,2026-09-26,07:31,119000,golfpang,,,18홀,tr_220563116
대영힐스,2026-09-26,11:20,129000,golfpang,,,18홀,tr_220563117
대영베이스,2026-09-26,17:37,95000,golfpang,,,18홀,tr_220562777
대영베이스,2026-09-26,12:52,129000,golfpang,,,18홀,tr_220562776
대영베이스,2026-09-26,07:00,119000,golfpang,,,18홀,tr_220562775
골프존 화랑,2026-09-26,06:55,125000,golfpang,,,18홀,tr_220403617
골프존 화랑,2026-09-26,17:04,99000,golfpang,,,18홀,tr_220403619
골프존 화랑,2026-09-26,11:49,145000,golfpang,,,18홀,tr_220403618
파주,2026-09-26,06:38,240000,golfpang,,,18홀,tr_220562883
파주,2026-09-26,17:41,180000,golfpang,,,18홀,tr_220562885
파주,2026-09-26,11:03,260000,golfpang,,,18홀,tr_220562884
포레스트힐,2026-09-26,18:52,150000,golfpang,,,18홀,tr_220562082
포레스트힐,2026-09-26,08:36,200000,golfpang,,,18홀,tr_220562081
포레스트힐,2026-09-26,07:26,190000,golfpang,,,18홀,tr_220562080
대영힐스,2026-09-26,06:42,109000,golfpang,,,18홀,tr_220570401
대영힐스,2026-09-26,07:17,115000,golfpang,,,18홀,tr_220570400
대영힐스,2026-09-26,13:36,119000,golfpang,,,18홀,tr_220570402
가평프리스틴밸리,2026-09-26,13:17,200000,golfpang,,,18홀,tr_220570380
가평프리스틴밸리,2026-09-26,06:58,190000,golfpang,,,18홀,tr_220570378
이포,2026-09-26,13:43,190000,golfpang,,,18홀,tr_220570377
이포,2026-09-26,06:56,200000,golfpang,,,18홀,tr_220570376
시티파크,2026-09-26,07:41,155000,golfpang,,,18홀,tr_220570362
비에이비스타,2026-09-26,07:45,150000,golfpang,,,18홀,tr_220555759
비에이비스타,2026-09-26,12:20,150000,golfpang,,,18홀,tr_220218515
포천힐스,2026-09-26,06:42,190000,golfpang,,,18홀,tr_220518713
신안(오렌지),2026-09-26,06:49,110000,golfpang,,,18홀,tr_218869994
한림광릉,2026-09-26,07:13,190000,golfpang,,,18홀,tr_219554921
포레스트힐,2026-09-26,13:37,210000,golfpang,,,18홀,tr_218644303
포천힐스,2026-09-26,12:52,190000,golfpang,,,18홀,tr_220518718
360도,2026-09-26,07:30,160000,golfpang,,,18홀,tr_220570344
파주타이거,2026-09-26,06:56,200000,golfpang,,,18홀,tr_220422503
파주타이거,2026-09-26,12:33,200000,golfpang,,,18홀,tr_220422504
파주타이거,2026-09-26,17:47,190000,golfpang,,,18홀,tr_220422505
클럽모우,2026-09-26,07:05,140000,golfpang,,,18홀,tr_220304349
클럽모우,2026-09-26,06:51,140000,golfpang,,,18홀,tr_220304348
속초(비공개),2026-09-26,13:14,190000,golfpang,,,18홀,tr_220393951
속초(비공개),2026-09-26,08:36,190000,golfpang,,,18홀,tr_220393950
동강시스타,2026-09-26,18:20,80000,golfpang,,,18홀,tr_220570304
동강시스타,2026-09-26,17:38,80000,golfpang,,,18홀,tr_220570303
동강시스타,2026-09-26,08:01,120000,golfpang,,,18홀,tr_220570302
대영베이스,2026-09-26,12:52,129000,golfpang,,,18홀,tr_220570259
대영베이스,2026-09-26,07:40,129000,golfpang,,,18홀,tr_220570258
대영베이스,2026-09-26,07:00,119000,golfpang,,,18홀,tr_220570257
샤인데일,2026-09-26,11:52,150000,golfpang,,,18홀,tr_220515720
샤인데일,2026-09-26,17:22,95000,golfpang,,,18홀,tr_220515721
샤인데일,2026-09-26,07:58,150000,golfpang,,,18홀,tr_220515719
몽베르,2026-09-26,12:16,260000,golfpang,,,18홀,tr_220346822
몽베르,2026-09-26,07:40,260000,golfpang,,,18홀,tr_220346821
몽베르,2026-09-26,13:00,220000,golfpang,,,18홀,tr_220346823
남춘천,2026-09-26,06:46,160000,golfpang,,,18홀,tr_220124409
남춘천,2026-09-26,12:06,170000,golfpang,,,18홀,tr_220124410
히든밸리,2026-09-26,13:19,160000,golfpang,,,18홀,tr_220503736
골든베이,2026-09-26,08:09,150000,golfpang,,,18홀,tr_220570227
히든밸리,2026-09-26,07:59,170000,golfpang,,,18홀,tr_220503735
클럽72-오션,2026-09-26,12:17,270000,golfpang,,,18홀,tr_220566454
클럽72-오션,2026-09-26,07:11,270000,golfpang,,,18홀,tr_220566453
클럽72,2026-09-26,07:38,200000,golfpang,,,18홀,tr_220521412
클럽72,2026-09-26,11:27,220000,golfpang,,,18홀,tr_220521413
클럽72,2026-09-26,18:04,140000,golfpang,,,18홀,tr_220521414
이천(비공개명문),2026-09-26,07:00,253000,golfpang,,,18홀,tr_220481204
이천(비공개명문),2026-09-26,13:15,222000,golfpang,,,18홀,tr_220481205
에덴블루,2026-09-26,07:27,141700,golfpang,,,18홀,tr_220566496
에덴블루,2026-09-26,17:29,135000,golfpang,,,18홀,tr_220566498
에덴블루,2026-09-26,13:00,141700,golfpang,,,18홀,tr_220566497
양평TPC,2026-09-26,13:01,160000,golfpang,,,18홀,tr_220431468
양평TPC,2026-09-26,06:52,160000,golfpang,,,18홀,tr_220431467
스카이밸리,2026-09-26,06:41,180000,golfpang,,,18홀,tr_220463222
스카이밸리,2026-09-26,13:11,170000,golfpang,,,18홀,tr_220463223
360도,2026-09-26,07:37,187000,golfpang,,,18홀,tr_220481175
360도,2026-09-26,13:15,180000,golfpang,,,18홀,tr_220481176
여주(비공개),2026-09-26,13:45,180000,golfpang,,,18홀,tr_220570214
클럽72,2026-09-26,11:34,220000,golfpang,,,18홀,tr_220238743
클럽72,2026-09-26,12:02,220000,golfpang,,,18홀,tr_219751336
클럽72,2026-09-26,13:26,210000,golfpang,,,18홀,tr_219230944
여주(비공개),2026-09-26,08:32,190000,golfpang,,,18홀,tr_220570206
스카이밸리,2026-09-26,07:37,200000,golfpang,,,18홀,tr_220238997
파인스톤,2026-09-26,17:43,150000,golfpang,,,18홀,tr_219555977
신라,2026-09-26,13:02,190000,golfpang,,,18홀,tr_219555959
가평프리스틴밸리,2026-09-26,08:29,230000,golfpang,,,18홀,tr_218649081
가평프리스틴밸리,2026-09-26,07:40,220000,golfpang,,,18홀,tr_218612749
베뉴지,2026-09-26,07:26,179000,golfpang,,,18홀,tr_219555958
이포,2026-09-26,06:56,200000,golfpang,,,18홀,tr_219555960
스카이밸리,2026-09-26,13:53,170000,golfpang,,,18홀,tr_218985041
용인(비공개),2026-09-26,13:32,270000,golfpang,,,18홀,tr_220560861
양평TPC,2026-09-26,13:29,160000,golfpang,,,18홀,tr_220011809
신라,2026-09-26,13:02,190000,golfpang,,,18홀,tr_220009014
골프존 천안,2026-09-26,12:58,173000,golfpang,,,18홀,tr_220566763
로얄링스,2026-09-26,11:31,120000,golfpang,,,18홀,tr_220392295
용인(비공개),2026-09-26,07:44,270000,golfpang,,,18홀,tr_220564593
남춘천,2026-09-26,06:46,160000,golfpang,,,18홀,tr_220567011
스카이밸리,2026-09-26,06:34,180000,golfpang,,,18홀,tr_220008956
골프존 진천,2026-09-26,06:21,195000,golfpang,,,18홀,tr_220565609
그린힐,2026-09-26,14:10,150000,golfpang,,,18홀,tr_220570145
그린힐,2026-09-26,07:03,150000,golfpang,,,18홀,tr_220570143
그린힐,2026-09-26,13:28,160000,golfpang,,,18홀,tr_220570144
힐마루 포천,2026-09-26,12:39,210000,golfpang,,,18홀,tr_219490718
코스카,2026-09-26,07:25,160000,golfpang,,,18홀,tr_215850631
코스카,2026-09-26,12:06,160000,golfpang,,,18홀,tr_215850697
감곡,2026-09-26,11:57,150000,golfpang,,,18홀,tr_220008050
골든베이,2026-09-26,13:31,150000,golfpang,,,18홀,tr_220570100
골든베이,2026-09-26,07:54,150000,golfpang,,,18홀,tr_220570099
속리산cc,2026-09-26,14:12,120000,golfpang,,,18홀,tr_219976945
속리산cc,2026-09-26,13:51,120000,golfpang,,,18홀,tr_219976946
속리산cc,2026-09-26,06:31,120000,golfpang,,,18홀,tr_219976944
속초(비공개),2026-09-26,14:17,220000,golfpang,,,18홀,tr_219992307
감곡,2026-09-26,17:38,110000,golfpang,,,18홀,tr_220570031
감곡,2026-09-26,07:47,160000,golfpang,,,18홀,tr_220570029
감곡,2026-09-26,14:03,150000,golfpang,,,18홀,tr_220570030
오너스,2026-09-26,07:23,130000,golfpang,,,18홀,tr_220304829
비에이비스타(퍼),2026-09-26,11:40,129000,golfpang,,,18홀,tr_218777662
속리산cc,2026-09-26,11:59,120000,golfpang,,,18홀,tr_220535196
속리산cc,2026-09-26,07:55,120000,golfpang,,,18홀,tr_220535172
비콘힐스,2026-09-26,11:53,120000,golfpang,,,18홀,tr_220423626
써닝포인트,2026-09-26,11:41,175000,golfpang,,,18홀,tr_220274583
비콘힐스,2026-09-26,07:00,110000,golfpang,,,18홀,tr_220423621
킹스데일,2026-09-26,08:15,160000,golfpang,,,18홀,tr_220241041
써닝포인트,2026-09-26,06:30,165000,golfpang,,,18홀,tr_220274546
킹스데일,2026-09-26,12:09,165000,golfpang,,,18홀,tr_220241059
360도,2026-09-26,07:37,187000,golfpang,,,18홀,tr_220569971
360도,2026-09-26,13:37,170000,golfpang,,,18홀,tr_220569972
이글몬트,2026-09-26,07:24,180000,golfpang,,,18홀,tr_220569955
비에이비스타(퍼),2026-09-26,12:58,130000,golfpang,,,18홀,tr_220569954
비에이비스타,2026-09-26,07:18,160000,golfpang,,,18홀,tr_220569953
용인(비공개),2026-09-26,06:45,250000,golfpang,,,18홀,tr_220569951
블루원용인(퍼),2026-09-26,13:25,145000,golfpang,,,18홀,tr_220569952
뉴서울,2026-09-26,13:57,315000,golfpang,,,18홀,tr_220569950
뉴서울,2026-09-26,06:29,315000,golfpang,,,18홀,tr_220569949
용인(비공개명문),2026-09-26,07:03,275000,golfpang,,,18홀,tr_220569948
클럽72,2026-09-26,12:51,220000,golfpang,,,18홀,tr_219156573
오너스,2026-09-26,07:02,140000,golfpang,,,18홀,tr_219747676
골프존 진천,2026-09-26,06:49,195000,golfpang,,,18홀,tr_220566316
스프링베일-퍼9,2026-09-26,06:24,110000,golfpang,,,18홀,tr_220565839
스톤비치,2026-09-26,13:16,110000,golfpang,,,18홀,tr_220208740
스톤비치,2026-09-26,07:59,120000,golfpang,,,18홀,tr_217884435
골든베이,2026-09-26,12:14,150000,golfpang,,,18홀,tr_220208775
로드힐스,2026-09-26,12:06,170000,golfpang,,,18홀,tr_220569913
클럽72,2026-09-26,18:39,150000,golfpang,,,18홀,tr_219156569
스톤비치,2026-09-26,17:02,90000,golfpang,,,18홀,tr_217884419
벨라스톤,2026-09-26,17:53,109000,golfpang,,,18홀,tr_220569890
클럽72,2026-09-26,17:16,160000,golfpang,,,18홀,tr_220569888
로드힐스,2026-09-26,12:06,170000,golfpang,,,18홀,tr_220569886
신안,2026-09-26,13:36,180000,golfpang,,,18홀,tr_220569884
자유로,2026-09-26,13:09,230000,golfpang,,,18홀,tr_220569881
자유로,2026-09-26,11:52,240000,golfpang,,,18홀,tr_220569880
클럽72,2026-09-26,13:27,210000,golfpang,,,18홀,tr_220569867
신라,2026-09-26,12:49,190000,golfpang,,,18홀,tr_220569865
클럽72,2026-09-26,06:50,190000,golfpang,,,18홀,tr_220569861
스카이밸리,2026-09-26,12:50,170000,golfpang,,,18홀,tr_219334113
스카이밸리,2026-09-26,07:20,180000,golfpang,,,18홀,tr_219334110
그린힐,2026-09-26,13:41,150000,golfpang,,,18홀,tr_220002575
골드,2026-09-26,17:47,149000,golfpang,,,18홀,tr_219067625
코리아,2026-09-26,17:47,159000,golfpang,,,18홀,tr_219067626
스카이밸리,2026-09-26,12:44,170000,golfpang,,,18홀,tr_220399261
비에이비스타,2026-09-26,07:17,160000,golfpang,,,18홀,tr_220399048
비에이비스타(퍼),2026-09-26,07:24,130000,golfpang,,,18홀,tr_220399219
스카이밸리,2026-09-26,07:31,180000,golfpang,,,18홀,tr_220399260
비에이비스타(퍼),2026-09-26,12:57,130000,golfpang,,,18홀,tr_220399220
비에이비스타,2026-09-26,12:22,160000,golfpang,,,18홀,tr_220399039
용인(비공개),2026-09-26,12:29,220000,golfpang,,,18홀,tr_220399291
그린힐,2026-09-26,13:28,160000,golfpang,,,18홀,tr_220569783
그린힐,2026-09-26,07:45,160000,golfpang,,,18홀,tr_220569782
그린힐,2026-09-26,12:04,190000,golfpang,,,18홀,tr_220569784
속초(비공개),2026-09-26,06:30,190000,golfpang,,,18홀,tr_218981150
이글몬트,2026-09-26,13:46,170000,golfpang,,,18홀,tr_220569747
이글몬트,2026-09-26,07:23,180000,golfpang,,,18홀,tr_220569746
포레스트힐,2026-09-26,07:30,230000,golfpang,,,18홀,tr_217184835
코브스윙,2026-09-26,07:09,190000,golfpang,,,18홀,tr_217184848
포천힐스,2026-09-26,06:45,190000,golfpang,,,18홀,tr_220106219
코브스윙,2026-09-26,13:52,190000,golfpang,,,18홀,tr_217184944
포천힐스,2026-09-26,12:00,190000,golfpang,,,18홀,tr_220106223
로제비앙(구.큐로cc),2026-09-26,12:13,200000,golfpang,,,18홀,tr_219776878
로제비앙(구.큐로cc),2026-09-26,07:56,200000,golfpang,,,18홀,tr_219264308
그린힐,2026-09-26,13:50,150000,golfpang,,,18홀,tr_220396939
로얄링스,2026-09-26,07:30,120000,golfpang,,,18홀,tr_220396995
솔라고,2026-09-26,13:40,140000,golfpang,,,18홀,tr_220396938
여주(비공개),2026-09-26,08:32,190000,golfpang,,,18홀,tr_220566663
여주(비공개),2026-09-26,07:26,180000,golfpang,,,18홀,tr_219203869
남춘천,2026-09-26,13:28,160000,golfpang,,,18홀,tr_219991228
여주(비공개S),2026-09-26,08:32,190000,golfpang,,,18홀,tr_220566669
여주(비공개S),2026-09-26,13:40,180000,golfpang,,,18홀,tr_220566677
여주(비공개),2026-09-26,13:40,180000,golfpang,,,18홀,tr_220566672
포천힐스,2026-09-26,06:42,190000,golfpang,,,18홀,tr_220056870
신안(오렌지),2026-09-26,06:56,110000,golfpang,,,18홀,tr_219469920
포레스트힐,2026-09-26,06:44,190000,golfpang,,,18홀,tr_219554347
그린힐,2026-09-26,07:38,170000,golfpang,,,18홀,tr_219769796
신라,2026-09-26,06:22,160000,golfpang,,,18홀,tr_220305225
포레스트힐,2026-09-26,13:23,210000,golfpang,,,18홀,tr_218622522
올데이,2026-09-26,11:45,119000,golfpang,,,18홀,tr_219333069
인서울27,2026-09-26,08:15,220000,golfpang,,,18홀,tr_219883670
샤인데일,2026-09-26,06:34,130000,golfpang,,,18홀,tr_220210242
보령베이스-퍼9,2026-09-26,06:08,79000,golfpang,,,18홀,tr_219333066
올데이,2026-09-26,06:25,99000,golfpang,,,18홀,tr_219333068
모카cc,2026-09-26,13:35,130000,golfpang,,,18홀,tr_219333090
신안,2026-09-26,13:35,180000,golfpang,,,18홀,tr_219333106
보령베이스-퍼9,2026-09-26,13:20,99000,golfpang,,,18홀,tr_219333075
신라,2026-09-26,12:48,190000,golfpang,,,18홀,tr_219333072
롯데스카이힐 부여,2026-09-26,12:46,170000,golfpang,,,18홀,tr_219333071
로얄포레,2026-09-26,11:52,149000,golfpang,,,18홀,tr_219333070
솔트베이,2026-09-26,18:43,169000,golfpang,,,18홀,tr_219333129
포레스트힐,2026-09-26,13:58,165000,golfpang,,,18홀,tr_219906685
샤인데일,2026-09-26,13:58,130000,golfpang,,,18홀,tr_220210237
프린세스,2026-09-26,18:09,100000,golfpang,,,18홀,tr_219951572
오로라,2026-09-26,18:00,100000,golfpang,,,18홀,tr_219662393
대영힐스,2026-09-26,08:06,125000,golfpang,,,18홀,tr_220569615
대영힐스,2026-09-26,12:38,125000,golfpang,,,18홀,tr_220569616
대영힐스,2026-09-26,07:31,119000,golfpang,,,18홀,tr_220569614
대영베이스,2026-09-26,12:52,129000,golfpang,,,18홀,tr_220569570
대영베이스,2026-09-26,07:40,129000,golfpang,,,18홀,tr_220569569
대영베이스,2026-09-26,18:24,89000,golfpang,,,18홀,tr_220569571
포레스트힐,2026-09-26,18:52,139000,golfpang,,,18홀,tr_220568592
360도,2026-09-26,13:00,180000,golfpang,,,18홀,tr_220569533
360도,2026-09-26,07:37,187000,golfpang,,,18홀,tr_220569532
한림광릉,2026-09-26,13:09,190000,golfpang,,,18홀,tr_218781397
골프존 송도(구.오렌지듄스),2026-09-26,13:29,219000,golfpang,,,18홀,tr_219093769
더크로스비,2026-09-26,12:06,217000,golfpang,,,18홀,tr_220569521
모카cc,2026-09-26,12:25,140000,golfpang,,,18홀,tr_220440083
모카cc,2026-09-26,07:57,140000,golfpang,,,18홀,tr_220440080
골프존 안성H,2026-09-26,08:01,180000,golfpang,,,18홀,tr_220094959
골프존 안성H,2026-09-26,12:42,180000,golfpang,,,18홀,tr_220094963
서산수,2026-09-26,06:57,190000,golfpang,,,18홀,tr_220569501
속초(비공개),2026-09-26,07:27,160000,golfpang,,,18홀,tr_219568175
강릉(비공개),2026-09-26,07:00,170000,golfpang,,,18홀,tr_217523009
서산수,2026-09-26,12:40,190000,golfpang,,,18홀,tr_220569502
더크로스비,2026-09-26,12:06,217000,golfpang,,,18홀,tr_220569482
힐마루 포천,2026-09-26,17:38,160000,golfpang,,,18홀,tr_220569470
힐마루 포천,2026-09-26,06:58,220000,golfpang,,,18홀,tr_220569466
솔모로,2026-09-26,13:07,170000,golfpang,,,18홀,tr_217130686
스마트KU,2026-09-26,14:03,220000,golfpang,,,18홀,tr_220007518
웰리힐리,2026-09-26,12:14,200000,golfpang,,,18홀,tr_220563670
양양(비공개),2026-09-26,13:38,279000,golfpang,,,18홀,tr_220563671
포천힐스,2026-09-26,13:13,190000,golfpang,,,18홀,tr_220523059
여주(비공개S),2026-09-26,07:40,180000,golfpang,,,18홀,tr_220523030
파인크리크,2026-09-26,13:38,220000,golfpang,,,18홀,tr_220568891
오너스,2026-09-26,07:23,130000,golfpang,,,18홀,tr_220502670
힐마루 포천,2026-09-26,17:10,160000,golfpang,,,18홀,tr_220523066
더플레이어스,2026-09-26,07:05,150000,golfpang,,,18홀,tr_219325375
포레스트힐,2026-09-26,17:49,140000,golfpang,,,18홀,tr_220523089
오너스,2026-09-26,08:33,140000,golfpang,,,18홀,tr_220502719
파주,2026-09-26,06:03,190000,golfpang,,,18홀,tr_220278862
파주,2026-09-26,17:48,160000,golfpang,,,18홀,tr_220278866
캐슬렉스,2026-09-26,13:52,250000,golfpang,,,18홀,tr_220306673
캐슬렉스,2026-09-26,07:27,250000,golfpang,,,18홀,tr_220306565
캐슬렉스,2026-09-26,13:52,250000,golfpang,,,18홀,tr_220306660
비콘힐스,2026-09-26,11:54,120000,golfpang,,,18홀,tr_220209888
로얄링스,2026-09-26,13:16,110000,golfpang,,,18홀,tr_220209892
스카이밸리,2026-09-26,13:11,170000,golfpang,,,18홀,tr_220209894
솔라고,2026-09-26,14:00,140000,golfpang,,,18홀,tr_220209887
클럽72,2026-09-26,06:56,190000,golfpang,,,18홀,tr_220209890
스카이밸리,2026-09-26,07:02,180000,golfpang,,,18홀,tr_220209893
로얄링스,2026-09-26,07:10,120000,golfpang,,,18홀,tr_220209891
플라밍고,2026-09-26,13:00,130000,golfpang,,,18홀,tr_220209885
플라밍고,2026-09-26,19:00,80000,golfpang,,,18홀,tr_220209886
그린힐,2026-09-26,14:17,150000,golfpang,,,18홀,tr_220209889
오창에딘버러(퍼9),2026-09-26,08:12,110000,golfpang,,,18홀,tr_219995993
오창에딘버러(퍼9),2026-09-26,12:43,100000,golfpang,,,18홀,tr_219995986
강릉(비공개),2026-09-26,07:13,240000,golfpang,,,18홀,tr_217355822
스카이밸리,2026-09-26,12:43,170000,golfpang,,,18홀,tr_220395770
스카이밸리,2026-09-26,07:37,180000,golfpang,,,18홀,tr_218119260
골프존 무주,2026-09-26,08:21,137000,golfpang,,,18홀,tr_214943963
비에이비스타,2026-09-26,07:17,160000,golfpang,,,18홀,tr_218983350
골프존 무주,2026-09-26,12:20,147000,golfpang,,,18홀,tr_214944005
이포,2026-09-26,18:20,150000,golfpang,,,18홀,tr_220422060
이포,2026-09-26,06:56,200000,golfpang,,,18홀,tr_220423346
로제비앙(구.큐로cc),2026-09-26,13:16,200000,golfpang,,,18홀,tr_219156711
신안,2026-09-26,13:20,160000,golfpang,,,18홀,tr_219280364
양평TPC,2026-09-26,13:00,160000,golfpang,,,18홀,tr_220423573
포천힐스,2026-09-26,13:30,190000,golfpang,,,18홀,tr_220398338
여주(비공개),2026-09-26,14:00,170000,golfpang,,,18홀,tr_220423607
감곡,2026-09-26,08:20,160000,golfpang,,,18홀,tr_220000702
감곡,2026-09-26,12:20,150000,golfpang,,,18홀,tr_220000712
유니아일랜드,2026-09-26,16:10,160000,golfpang,,,18홀,tr_219772375
써닝포인트,2026-09-26,12:50,175000,golfpang,,,18홀,tr_220259142
크리스밸리,2026-09-26,13:40,160000,golfpang,,,18홀,tr_219280376
베뉴지,2026-09-26,13:50,169000,golfpang,,,18홀,tr_219280381
라싸,2026-09-26,14:00,189000,golfpang,,,18홀,tr_220398332
골프존 천안,2026-09-26,08:18,168000,golfpang,,,18홀,tr_220569235
골프존 천안,2026-09-26,13:40,158000,golfpang,,,18홀,tr_220000134
여주(비공개),2026-09-26,13:20,180000,golfpang,,,18홀,tr_220569228
여주(비공개),2026-09-26,08:30,190000,golfpang,,,18홀,tr_220569226
블루원용인(퍼),2026-09-26,13:59,145000,golfpang,,,18홀,tr_220569199
썬밸리(일죽),2026-09-26,14:17,140000,golfpang,,,18홀,tr_220202089
블루원용인(퍼),2026-09-26,17:40,135000,golfpang,,,18홀,tr_219342821
블루원용인,2026-09-26,17:40,165000,golfpang,,,18홀,tr_219342937
청평(비공개),2026-09-26,13:55,220000,golfpang,,,18홀,tr_220569135
가평(비공개),2026-09-26,13:56,220000,golfpang,,,18홀,tr_220569131
서산수,2026-09-26,12:05,190000,golfpang,,,18홀,tr_220568822
스카이밸리,2026-09-26,12:01,190000,golfpang,,,18홀,tr_220568821
스카이밸리,2026-09-26,07:30,200000,golfpang,,,18홀,tr_220568820
더플레이어스,2026-09-26,07:47,150000,golfpang,,,18홀,tr_220568819
킹스데일,2026-09-26,08:08,160000,golfpang,,,18홀,tr_220568818
백제,2026-09-26,08:32,150000,golfpang,,,18홀,tr_220568817
서산수,2026-09-26,08:56,190000,golfpang,,,18홀,tr_220568815
더플레이어스,2026-09-26,10:57,150000,golfpang,,,18홀,tr_220568814
스톤비치,2026-09-26,11:59,110000,golfpang,,,18홀,tr_220568813
서산수,2026-09-26,12:05,190000,golfpang,,,18홀,tr_220568762
스카이밸리,2026-09-26,12:01,190000,golfpang,,,18홀,tr_220568761
스카이밸리,2026-09-26,07:30,200000,golfpang,,,18홀,tr_220568760
더플레이어스,2026-09-26,07:47,150000,golfpang,,,18홀,tr_220568759
킹스데일,2026-09-26,08:08,160000,golfpang,,,18홀,tr_220568758
백제,2026-09-26,08:32,150000,golfpang,,,18홀,tr_220568757
서산수,2026-09-26,08:56,190000,golfpang,,,18홀,tr_220568755
더플레이어스,2026-09-26,10:57,150000,golfpang,,,18홀,tr_220568754
스톤비치,2026-09-26,11:59,110000,golfpang,,,18홀,tr_220568753
올데이,2026-09-26,06:18,79000,golfpang,,,18홀,tr_219489578
썬밸리(일죽),2026-09-26,07:13,140000,golfpang,,,18홀,tr_220394659
올데이,2026-09-26,12:33,99000,golfpang,,,18홀,tr_219489579
베르힐(영종),2026-09-26,16:30,220000,golfpang,,,18홀,tr_219900501
코리아,2026-09-26,17:40,159000,golfpang,,,18홀,tr_219195797
골드,2026-09-26,12:32,229000,golfpang,,,18홀,tr_219772986
골드,2026-09-26,17:33,149000,golfpang,,,18홀,tr_219195793
코리아,2026-09-26,06:21,239000,golfpang,,,18홀,tr_216228039
골드,2026-09-26,06:42,229000,golfpang,,,18홀,tr_216228030
감곡,2026-09-26,07:47,160000,golfpang,,,18홀,tr_220484106
스톤비치,2026-09-26,13:58,310000,golfpang,,,36홀,tr_219058777
속초(비공개),2026-09-26,12:43,398000,golfpang,,,36홀,tr_217323204
파인리즈,2026-09-26,13:45,496000,golfpang,,,36홀,tr_218348950
곤지암(비공개),2026-09-26,14:10,260000,golfpang,,,18홀,tr_220568556
곤지암(비공개),2026-09-26,06:31,260000,golfpang,,,18홀,tr_220568555
알프스대영,2026-09-26,17:08,69000,golfpang,,,18홀,tr_220568554
알프스대영,2026-09-26,12:31,109000,golfpang,,,18홀,tr_220499600
알프스대영,2026-09-26,07:01,99000,golfpang,,,18홀,tr_220499601
루트52,2026-09-26,13:47,150000,golfpang,,,18홀,tr_220198121
파주타이거,2026-09-26,13:36,190000,golfpang,,,18홀,tr_220568484
파주타이거,2026-09-26,17:47,190000,golfpang,,,18홀,tr_220568485
파주타이거,2026-09-26,06:56,200000,golfpang,,,18홀,tr_220568483
용인플라자,2026-09-26,08:30,180000,golfpang,,,18홀,tr_220395769
세현,2026-09-26,13:30,210000,golfpang,,,18홀,tr_220568451
세현,2026-09-26,14:05,200000,golfpang,,,18홀,tr_220568452
세현,2026-09-26,19:05,160000,golfpang,,,18홀,tr_220568453
중원,2026-09-26,07:09,140000,golfpang,,,18홀,tr_220544021
프린세스,2026-09-26,07:16,160000,golfpang,,,18홀,tr_220522184
젠스필드,2026-09-26,07:23,160000,golfpang,,,18홀,tr_220500088
벨라스톤,2026-09-26,06:56,149000,golfpang,,,18홀,tr_220515821
골프존 진천,2026-09-26,06:56,195000,golfpang,,,18홀,tr_220470402
클럽72,2026-09-26,06:56,190000,golfpang,,,18홀,tr_220391880
젠스필드,2026-09-26,06:55,150000,golfpang,,,18홀,tr_220523243
플라밍고,2026-09-26,06:55,130000,golfpang,,,18홀,tr_220547435
오너스,2026-09-26,06:55,120000,golfpang,,,18홀,tr_220324509
라싸,2026-09-26,06:55,199000,golfpang,,,18홀,tr_220516821
샤인데일,2026-09-26,06:55,130000,golfpang,,,18홀,tr_220518838
이븐데일,2026-09-26,06:59,95000,golfpang,,,18홀,tr_220547321
오로라,2026-09-26,06:58,150000,golfpang,,,18홀,tr_220483647
스타,2026-09-26,06:58,140000,golfpang,,,18홀,tr_220521772
일레븐,2026-09-26,06:58,125000,golfpang,,,18홀,tr_220562945
신라,2026-09-26,06:57,170000,golfpang,,,18홀,tr_220401452
솔트베이,2026-09-26,07:03,239000,golfpang,,,18홀,tr_220454415
360도,2026-09-26,07:00,177000,golfpang,,,18홀,tr_220522470
이천(비공개명문),2026-09-26,07:00,259000,golfpang,,,18홀,tr_220504988
양평TPC,2026-09-26,06:59,160000,golfpang,,,18홀,tr_220522541
알프스대영,2026-09-26,06:40,99000,golfpang,,,18홀,tr_220515894
비콘힐스,2026-09-26,06:39,110000,golfpang,,,18홀,tr_220547523
킹즈락,2026-09-26,06:38,140000,golfpang,,,18홀,tr_220547362
킹스데일,2026-09-26,06:44,150000,golfpang,,,18홀,tr_220015270
푸른솔포천,2026-09-26,06:49,210000,golfpang,,,18홀,tr_220390116
그린힐,2026-09-26,06:49,160000,golfpang,,,18홀,tr_220505049
대영힐스,2026-09-26,06:49,109000,golfpang,,,18홀,tr_220468494
힐데스하임,2026-09-26,07:07,150000,golfpang,,,18홀,tr_220505343
킹스데일,2026-09-26,07:05,155000,golfpang,,,18홀,tr_220015271
코스카,2026-09-26,07:11,160000,golfpang,,,18홀,tr_220538220
써닝포인트,2026-09-26,06:56,175000,golfpang,,,18홀,tr_220349900
파주타이거,2026-09-26,06:56,200000,golfpang,,,18홀,tr_220221751
골프존 화랑,2026-09-26,06:55,125000,golfpang,,,18홀,tr_220470338
대영베이스,2026-09-26,06:54,115000,golfpang,,,18홀,tr_220470225
센테리움,2026-09-26,06:53,129000,golfpang,,,18홀,tr_220522590
남춘천,2026-09-26,06:53,160000,golfpang,,,18홀,tr_220547833
해솔리아,2026-09-26,06:56,180000,golfpang,,,18홀,tr_220547997
빅토리아-퍼9,2026-09-26,06:56,119000,golfpang,,,18홀,tr_220548070
베뉴지,2026-09-26,06:37,179000,golfpang,,,18홀,tr_220523017
클럽모우,2026-09-26,06:37,140000,golfpang,,,18홀,tr_220390236
더크로스비,2026-09-26,06:42,187000,golfpang,,,18홀,tr_220548183
파주타이거,2026-09-26,06:49,200000,golfpang,,,18홀,tr_220518179
솔모로,2026-09-26,06:30,200000,golfpang,,,18홀,tr_220500704
스마트KU,2026-09-26,06:30,220000,golfpang,,,18홀,tr_220517607
신라,2026-09-26,06:29,160000,golfpang,,,18홀,tr_220401451
힐데스하임,2026-09-26,06:29,135000,golfpang,,,18홀,tr_220505342
코스카,2026-09-26,06:29,150000,golfpang,,,18홀,tr_220383360
에덴블루,2026-09-26,06:28,134200,golfpang,,,18홀,tr_220484072
포천힐스,2026-09-26,06:35,190000,golfpang,,,18홀,tr_220548162
아세코밸리-퍼9,2026-09-26,06:33,140000,golfpang,,,18홀,tr_220327551
베뉴지,2026-09-26,06:30,179000,golfpang,,,18홀,tr_220523016
속리산cc,2026-09-26,06:38,120000,golfpang,,,18홀,tr_220547381
솔트베이,2026-09-26,06:07,229000,golfpang,,,18홀,tr_220454414
유니아일랜드,2026-09-26,05:57,180000,golfpang,,,18홀,tr_220504807
파주,2026-09-26,05:56,210000,golfpang,,,18홀,tr_220150721
서원힐스,2026-09-26,05:32,190000,golfpang,,,18홀,tr_220391335
써닝포인트,2026-09-26,06:21,165000,golfpang,,,18홀,tr_220349899
대영힐스,2026-09-26,06:21,95000,golfpang,,,18홀,tr_220468492
그린힐,2026-09-26,06:21,150000,golfpang,,,18홀,tr_220495893
대영베이스,2026-09-26,06:20,105000,golfpang,,,18홀,tr_220470224
킹즈락,2026-09-26,06:17,140000,golfpang,,,18홀,tr_220545302
알프스대영,2026-09-26,06:12,89000,golfpang,,,18홀,tr_220515893
크리스밸리,2026-09-26,12:41,170000,golfpang,,,18홀,tr_220521918
골프존 진천,2026-09-26,12:00,209000,golfpang,,,18홀,tr_220470404
프린세스,2026-09-26,11:57,180000,golfpang,,,18홀,tr_220522185
오로라,2026-09-26,11:57,160000,golfpang,,,18홀,tr_220483648
스마트KU,2026-09-26,11:57,220000,golfpang,,,18홀,tr_220336677
신라,2026-09-26,12:06,190000,golfpang,,,18홀,tr_220401453
양지파인,2026-09-26,12:06,160000,golfpang,,,18홀,tr_220420275
포천힐스,2026-09-26,12:03,190000,golfpang,,,18홀,tr_220548164
에덴블루,2026-09-26,12:02,149200,golfpang,,,18홀,tr_220484073
알프스대영,2026-09-26,12:17,125000,golfpang,,,18홀,tr_220515895
비콘힐스,2026-09-26,12:15,120000,golfpang,,,18홀,tr_220547524
일레븐,2026-09-26,12:14,145000,golfpang,,,18홀,tr_220541256
파주타이거,2026-09-26,11:37,210000,golfpang,,,18홀,tr_220517956
클럽72,2026-09-26,11:34,220000,golfpang,,,18홀,tr_220391881
일레븐,2026-09-26,11:32,140000,golfpang,,,18홀,tr_220562946
골프존 화랑,2026-09-26,11:32,155000,golfpang,,,18홀,tr_220470340
이븐데일,2026-09-26,11:30,120000,golfpang,,,18홀,tr_220547323
빅토리아-퍼9,2026-09-26,11:21,124000,golfpang,,,18홀,tr_220548071
아세코밸리-퍼9,2026-09-26,11:20,140000,golfpang,,,18홀,tr_220327552
유니아일랜드,2026-09-26,11:18,210000,golfpang,,,18홀,tr_220504808
로얄링스,2026-09-26,11:52,160000,golfpang,,,18홀,tr_220539588
클럽72,2026-09-26,11:48,220000,golfpang,,,18홀,tr_220499138
한림광릉,2026-09-26,11:45,210000,golfpang,,,18홀,tr_220547959
양지파인,2026-09-26,11:44,170000,golfpang,,,18홀,tr_220500858
포레스트힐,2026-09-26,08:36,200000,golfpang,,,18홀,tr_220547928
크리스밸리,2026-09-26,08:36,-1,golfpang,,,18홀,tr_220521917
벨라스톤,2026-09-26,07:59,159000,golfpang,,,18홀,tr_220515822
플라밍고,2026-09-26,07:58,140000,golfpang,,,18홀,tr_220547436
오너스,2026-09-26,07:58,130000,golfpang,,,18홀,tr_220324510
골프존 화랑,2026-09-26,07:58,135000,golfpang,,,18홀,tr_220470339
한림광릉,2026-09-26,07:55,190000,golfpang,,,18홀,tr_220547958
이븐데일,2026-09-26,08:03,100000,golfpang,,,18홀,tr_220547322
라싸,2026-09-26,08:05,179100,golfpang,,,18홀,tr_220521522
코스카,2026-09-26,08:14,190000,golfpang,,,18홀,tr_220383361
양지파인,2026-09-26,07:30,160000,golfpang,,,18홀,tr_220420274
양지파인,2026-09-26,07:37,230000,golfpang,,,18홀,tr_220499539
일레븐,2026-09-26,07:33,145000,golfpang,,,18홀,tr_220537390
이글몬트,2026-09-26,07:33,180000,golfpang,,,18홀,tr_220504955
신라,2026-09-26,07:39,190000,golfpang,,,18홀,tr_220494785
써닝포인트,2026-09-26,07:38,195000,golfpang,,,18홀,tr_220498484
스마트KU,2026-09-26,07:54,220000,golfpang,,,18홀,tr_220336676
여주,2026-09-26,07:54,200000,golfpang,,,18홀,tr_220505072
골프존 안성H,2026-09-26,07:26,180000,golfpang,,,18홀,tr_220548247
포레스트힐,2026-09-26,07:26,190000,golfpang,,,18홀,tr_220547927
모카cc,2026-09-26,07:29,135000,golfpang,,,18홀,tr_220521493
몽베르(대중제),2026-09-26,07:29,160000,golfpang,,,18홀,tr_220518756
감곡,2026-09-26,07:26,130000,golfpang,,,18홀,tr_220521717
포천힐스,2026-09-26,07:31,200000,golfpang,,,18홀,tr_220548163
골프존 진천,2026-09-26,07:31,201000,golfpang,,,18홀,tr_220470403
더크로스비,2026-09-26,07:31,197000,golfpang,,,18홀,tr_220548184
라싸,2026-09-26,07:30,179100,golfpang,,,18홀,tr_220521521
스카이밸리,2026-09-26,07:30,190000,golfpang,,,18홀,tr_220467712
스타,2026-09-26,17:10,100000,golfpang,,,18홀,tr_220521774
파주,2026-09-26,17:06,180000,golfpang,,,18홀,tr_220150722
이븐데일,2026-09-26,17:19,85000,golfpang,,,18홀,tr_220541578
샤인데일,2026-09-26,17:15,95000,golfpang,,,18홀,tr_220518840
이븐데일,2026-09-26,17:11,85000,golfpang,,,18홀,tr_220537481
클럽모우,2026-09-26,13:55,140000,golfpang,,,18홀,tr_220390237
젠스필드,2026-09-26,14:00,140000,golfpang,,,18홀,tr_220523244
감곡,2026-09-26,14:03,150000,golfpang,,,18홀,tr_220521718
라싸,2026-09-26,14:03,170000,golfpang,,,18홀,tr_220521523
라싸,2026-09-26,14:10,189000,golfpang,,,18홀,tr_220516828
클럽72,2026-09-26,13:33,210000,golfpang,,,18홀,tr_220391882
세현,2026-09-26,13:37,210000,golfpang,,,18홀,tr_220241442
파주타이거,2026-09-26,13:36,190000,golfpang,,,18홀,tr_220221753
파인크리크,2026-09-26,13:38,220000,golfpang,,,18홀,tr_220501322
대영베이스,2026-09-26,13:45,129000,golfpang,,,18홀,tr_220543344
신라,2026-09-26,13:44,180000,golfpang,,,18홀,tr_220494786
모카cc,2026-09-26,13:49,130000,golfpang,,,18홀,tr_220521494
푸른솔포천,2026-09-26,13:48,200000,golfpang,,,18홀,tr_220520430
샤인데일,2026-09-26,13:23,130000,golfpang,,,18홀,tr_220518839
더크로스비,2026-09-26,13:30,197000,golfpang,,,18홀,tr_220548185
이글몬트,2026-09-26,13:32,170000,golfpang,,,18홀,tr_220504956
골프존 안성H,2026-09-26,13:31,180000,golfpang,,,18홀,tr_220548249
360도,2026-09-26,13:30,170000,golfpang,,,18홀,tr_220522471
세현,2026-09-26,13:30,210000,golfpang,,,18홀,tr_220241441
리베라,2026-09-26,13:35,220000,golfpang,,,18홀,tr_220498076
푸른솔포천,2026-09-26,13:34,200000,golfpang,,,18홀,tr_220390117
킹즈락,2026-09-26,13:04,150000,golfpang,,,18홀,tr_220547363
플라밍고,2026-09-26,13:04,130000,golfpang,,,18홀,tr_220547437
여주,2026-09-26,13:04,190000,golfpang,,,18홀,tr_220505073
대영힐스,2026-09-26,13:03,119000,golfpang,,,18홀,tr_220468493
일레븐,2026-09-26,13:03,135000,golfpang,,,18홀,tr_220562947
한림광릉,2026-09-26,13:02,190000,golfpang,,,18홀,tr_220547960
스타,2026-09-26,13:02,140000,golfpang,,,18홀,tr_220521773
빅토리아-퍼9,2026-09-26,13:06,119000,golfpang,,,18홀,tr_220548072
힐데스하임,2026-09-26,13:12,155000,golfpang,,,18홀,tr_220505344
여주,2026-09-26,13:18,220000,golfpang,,,18홀,tr_220498871
스카이밸리,2026-09-26,13:18,180000,golfpang,,,18홀,tr_220467713
대영베이스,2026-09-26,12:45,129000,golfpang,,,18홀,tr_220470226
코스카,2026-09-26,12:55,160000,golfpang,,,18홀,tr_220538224
대호단양,2026-09-26,12:55,179000,golfpang,,,18홀,tr_220537923
속리산cc,2026-09-26,12:55,120000,golfpang,,,18홀,tr_220547383
에덴블루,2026-09-26,13:01,141700,golfpang,,,18홀,tr_220484074
양평TPC,2026-09-26,13:01,160000,golfpang,,,18홀,tr_220522542
센테리움,2026-09-26,13:00,129000,golfpang,,,18홀,tr_220522591
프린세스,2026-09-26,13:00,160000,golfpang,,,18홀,tr_220522186
벨라스톤,2026-09-26,13:00,149000,golfpang,,,18홀,tr_220515823
이천(비공개명문),2026-09-26,13:00,222000,golfpang,,,18홀,tr_220504989
젠스필드,2026-09-26,12:22,170000,golfpang,,,18홀,tr_220494597
몽베르(대중제),2026-09-26,12:32,170000,golfpang,,,18홀,tr_220518757
해솔리아,2026-09-26,12:31,180000,golfpang,,,18홀,tr_220547998
속리산cc,2026-09-26,12:34,120000,golfpang,,,18홀,tr_220547382
파주,2026-09-26,18:02,180000,golfpang,,,18홀,tr_220150723
일레븐,2026-09-26,18:19,85000,golfpang,,,18홀,tr_220541376
리베라,2026-09-26,18:31,160000,golfpang,,,18홀,tr_219470494
그린힐,2026-09-26,18:31,110000,golfpang,,,18홀,tr_220505051
라싸,2026-09-26,18:28,169000,golfpang,,,18홀,tr_220520024
대영힐스,2026-09-26,18:27,79000,golfpang,,,18홀,tr_220535274
리베라,2026-09-26,18:24,160000,golfpang,,,18홀,tr_219470493
그린힐,2026-09-26,18:38,100000,golfpang,,,18홀,tr_220495899
포레스트힐,2026-09-26,18:52,150000,golfpang,,,18홀,tr_220547929
클럽72,2026-09-26,19:21,130000,golfpang,,,18홀,tr_220501944
세현,2026-09-26,19:19,160000,golfpang,,,18홀,tr_220498052
세현,2026-09-26,19:05,160000,golfpang,,,18홀,tr_220241443
리베라,2026-09-26,18:59,140000,golfpang,,,18홀,tr_220498074
몽베르(대중제),2026-09-26,17:42,140000,golfpang,,,18홀,tr_220518758
스톤비치,2026-09-26,17:51,130000,golfpang,,,18홀,tr_220542861
파주타이거,2026-09-26,17:47,190000,golfpang,,,18홀,tr_220520918
킹즈락,2026-09-26,17:45,100000,golfpang,,,18홀,tr_220547364
아세코밸리-퍼9,2026-09-26,17:45,120000,golfpang,,,18홀,tr_220501427
킹즈락,2026-09-26,17:52,100000,golfpang,,,18홀,tr_220537284
해솔리아,2026-09-26,18:03,140000,golfpang,,,18홀,tr_220547999
그린힐,2026-09-26,18:03,110000,golfpang,,,18홀,tr_220505050
파주,2026-09-26,18:02,180000,golfpang,,,18홀,tr_220519289
유니아일랜드,2026-09-26,16:48,160000,golfpang,,,18홀,tr_220500172
일레븐,2026-09-26,16:41,90000,golfpang,,,18홀,tr_220537205
아세코밸리-퍼9,2026-09-26,16:35,120000,golfpang,,,18홀,tr_220327553
유니아일랜드,2026-09-26,16:34,160000,golfpang,,,18홀,tr_220504809
오로라,2026-09-26,17:03,110000,golfpang,,,18홀,tr_220483649
비콘힐스,2026-09-26,17:02,90000,golfpang,,,18홀,tr_220547525
젠스필드,2026-09-26,17:00,110000,golfpang,,,18홀,tr_220523245
감곡,2026-09-26,17:10,110000,golfpang,,,18홀,tr_220521719
더플레이어스,2026-09-26,07:05,150000,golfpang,,,18홀,tr_220568430
더플레이어스,2026-09-26,11:32,150000,golfpang,,,18홀,tr_220568431
클럽D 거창,2026-09-26,06:44,100000,golfpang,,,18홀,tr_220568402
클럽D 거창,2026-09-26,11:24,140000,golfpang,,,18홀,tr_220568403
보령베이스-퍼9,2026-09-26,08:00,119000,golfpang,,,18홀,tr_220568370
보령베이스-퍼9,2026-09-26,18:19,59000,golfpang,,,18홀,tr_220568372
보령베이스-퍼9,2026-09-26,12:38,119000,golfpang,,,18홀,tr_220568371
벨라스톤,2026-09-26,06:56,149000,golfpang,,,18홀,tr_220558371
스톤비치,2026-09-26,07:10,140000,golfpang,,,18홀,tr_219372628
떼제베,2026-09-26,07:14,150000,golfpang,,,18홀,tr_220562334
프린세스,2026-09-26,07:16,160000,golfpang,,,18홀,tr_220565821
동촌,2026-09-26,06:55,130000,golfpang,,,18홀,tr_220562479
서산수,2026-09-26,06:57,190000,golfpang,,,18홀,tr_220011938
코스카,2026-09-26,06:57,150000,golfpang,,,18홀,tr_220033768
보령베이스-퍼9,2026-09-26,07:39,119000,golfpang,,,18홀,tr_220200873
대호단양,2026-09-26,07:38,199000,golfpang,,,18홀,tr_219777443
떼제베,2026-09-26,07:49,160000,golfpang,,,18홀,tr_220562335
감곡,2026-09-26,07:47,160000,golfpang,,,18홀,tr_220562015
스타,2026-09-26,07:19,150000,golfpang,,,18홀,tr_219778025
로얄포레,2026-09-26,07:28,119000,golfpang,,,18홀,tr_220565075
임페리얼레이크,2026-09-26,07:28,129000,golfpang,,,18홀,tr_220565181
로얄링스,2026-09-26,08:13,120000,golfpang,,,18홀,tr_220565730
떼제베(동북),2026-09-26,08:10,130000,golfpang,,,18홀,tr_220562186
킹스데일,2026-09-26,08:22,165000,golfpang,,,18홀,tr_220326631
모카cc,2026-09-26,08:18,145000,golfpang,,,18홀,tr_220562430
힐데스하임,2026-09-26,07:45,145000,golfpang,,,18홀,tr_220565975
골든베이,2026-09-26,08:01,150000,golfpang,,,18홀,tr_220206322
올데이,2026-09-26,12:13,109000,golfpang,,,18홀,tr_220565130
이븐데일,2026-09-26,08:31,100000,golfpang,,,18홀,tr_220560952
로얄링스,2026-09-26,11:38,120000,golfpang,,,18홀,tr_220565731
코스카,2026-09-26,08:14,190000,golfpang,,,18홀,tr_220033769
이븐데일,2026-09-26,11:44,120000,golfpang,,,18홀,tr_220560953
속리산cc,2026-09-26,06:38,120000,golfpang,,,18홀,tr_220561385
보령베이스-퍼9,2026-09-26,06:43,99000,golfpang,,,18홀,tr_220200872
중원,2026-09-26,06:48,120000,golfpang,,,18홀,tr_220560844
파인스톤,2026-09-26,06:21,210000,golfpang,,,18홀,tr_220565883
힐데스하임,2026-09-26,06:22,125000,golfpang,,,18홀,tr_220565974
동촌,2026-09-26,06:27,130000,golfpang,,,18홀,tr_220562478
올데이,2026-09-26,06:32,79000,golfpang,,,18홀,tr_220565129
프린세스,2026-09-26,07:37,170000,golfpang,,,18홀,tr_220565822
떼제베(동북),2026-09-26,07:07,120000,golfpang,,,18홀,tr_220562185
플라밍고,2026-09-26,13:00,130000,golfpang,,,18홀,tr_220121273
양지파인,2026-09-26,12:36,160000,golfpang,,,18홀,tr_220567209
신라,2026-09-26,06:36,180000,golfpang,,,18홀,tr_220567263
플라밍고,2026-09-26,06:55,130000,golfpang,,,18홀,tr_220239059
크리스밸리,2026-09-26,06:58,170000,golfpang,,,18홀,tr_220567235
세현,2026-09-26,19:05,160000,golfpang,,,18홀,tr_220567182
리베라,2026-09-26,18:38,140000,golfpang,,,18홀,tr_220567159
양지파인,2026-09-26,07:52,160000,golfpang,,,18홀,tr_220567208
세현,2026-09-26,13:51,200000,golfpang,,,18홀,tr_220567181
리베라,2026-09-26,06:49,220000,golfpang,,,18홀,tr_220567157
리베라,2026-09-26,13:49,220000,golfpang,,,18홀,tr_220567158
신라,2026-09-26,08:42,210000,golfpang,,,18홀,tr_220567264
솔라고,2026-09-26,13:50,140000,golfpang,,,18홀,tr_220033756
신라,2026-09-26,12:55,190000,golfpang,,,18홀,tr_220567265
스카이밸리,2026-09-26,13:00,170000,golfpang,,,18홀,tr_219993938
크리스밸리,2026-09-26,11:52,180000,golfpang,,,18홀,tr_220567236
세현,2026-09-26,13:37,210000,golfpang,,,18홀,tr_220567180
포천힐스,2026-09-26,12:00,190000,golfpang,,,18홀,tr_220148669
포레스트힐,2026-09-26,07:30,230000,golfpang,,,18홀,tr_219926435
코브스윙,2026-09-26,07:09,190000,golfpang,,,18홀,tr_217102824
포천힐스,2026-09-26,06:45,190000,golfpang,,,18홀,tr_220148644
코브스윙,2026-09-26,13:52,190000,golfpang,,,18홀,tr_217102826
한림광릉,2026-09-26,07:30,190000,golfpang,,,18홀,tr_220205614
한림광릉,2026-09-26,17:20,150000,golfpang,,,18홀,tr_220205610
기흥(비공개),2026-09-26,07:50,270000,golfpang,,,18홀,tr_219052205
한성,2026-09-26,07:50,305000,golfpang,,,18홀,tr_219332415
용인플라자,2026-09-26,17:00,150000,golfpang,,,18홀,tr_220396167
기흥(비공개),2026-09-26,12:00,270000,golfpang,,,18홀,tr_219052221
한림광릉,2026-09-26,13:20,190000,golfpang,,,18홀,tr_219525936
기흥(비공개),2026-09-26,12:00,270000,golfpang,,,18홀,tr_219056361
기흥(비공개),2026-09-26,08:00,270000,golfpang,,,18홀,tr_219047907
한림광릉,2026-09-26,17:20,150000,golfpang,,,18홀,tr_219776408
한림광릉,2026-09-26,07:30,190000,golfpang,,,18홀,tr_219525886
골드,2026-09-26,11:57,229000,golfpang,,,18홀,tr_150450600
골드,2026-09-26,16:37,149000,golfpang,,,18홀,tr_181945039
코리아,2026-09-26,16:44,159000,golfpang,,,18홀,tr_163391121
코리아,2026-09-26,11:29,239000,golfpang,,,18홀,tr_205728701
비콘힐스,2026-09-26,18:09,90000,golfpang,,,18홀,tr_220431445
비콘힐스,2026-09-26,18:10,90000,golfpang,,,18홀,tr_220002569
로얄링스,2026-09-26,12:20,120000,golfpang,,,18홀,tr_219637418
플라밍고,2026-09-26,12:40,130000,golfpang,,,18홀,tr_220216555
로얄링스,2026-09-26,07:42,120000,golfpang,,,18홀,tr_219637401
솔라고,2026-09-26,06:03,100000,golfpang,,,18홀,tr_216653033
플라밍고,2026-09-26,06:52,130000,golfpang,,,18홀,tr_220216551
이천실크밸리,2026-09-26,12:26,140000,golfpang,,,18홀,tr_216999762
웅포,2026-09-26,12:51,160000,golfpang,,,18홀,tr_218694934
신안,2026-09-26,06:28,150000,golfpang,,,18홀,tr_219751108
이천실크밸리,2026-09-26,07:03,140000,golfpang,,,18홀,tr_217355412
블루원용인(퍼),2026-09-26,13:15,145000,golfpang,,,18홀,tr_219025926
골프존 송도(구.오렌지듄스),2026-09-26,13:15,219000,golfpang,,,18홀,tr_219994654
이글몬트,2026-09-26,06:27,180000,golfpang,,,18홀,tr_219994603
용인플라자,2026-09-26,17:00,150000,golfpang,,,18홀,tr_220568311
코스카,2026-09-26,07:30,160000,golfpang,,,18홀,tr_215829393
코스카,2026-09-26,12:11,160000,golfpang,,,18홀,tr_215829499
리베라,2026-09-26,13:49,220000,golfpang,,,18홀,tr_220568272
리베라,2026-09-26,06:49,220000,golfpang,,,18홀,tr_220568271
리베라,2026-09-26,18:38,140000,golfpang,,,18홀,tr_220568273
솔모로,2026-09-26,08:36,200000,golfpang,,,18홀,tr_220568235
솔모로,2026-09-26,07:47,200000,golfpang,,,18홀,tr_220568234
엘레강스(가명),2026-09-26,12:54,190000,golfpang,,,18홀,tr_219057527
엘레강스(가명),2026-09-26,07:12,190000,golfpang,,,18홀,tr_219057497
서산수,2026-09-26,12:26,190000,golfpang,,,18홀,tr_219892315
벨라45 마스터스,2026-09-26,17:17,115000,golfpang,,,18홀,tr_220568221
서산수,2026-09-26,08:07,190000,golfpang,,,18홀,tr_219892191
클럽72,2026-09-26,11:48,220000,golfpang,,,18홀,tr_219011173
중원,2026-09-26,13:14,130000,golfpang,,,18홀,tr_220568202
중원,2026-09-26,07:51,130000,golfpang,,,18홀,tr_220568201
골든베이,2026-09-26,08:15,150000,golfpang,,,18홀,tr_218960030
골든베이,2026-09-26,11:39,150000,golfpang,,,18홀,tr_218960034
골든베이,2026-09-26,13:03,150000,golfpang,,,18홀,tr_219333907
골든베이,2026-09-26,08:18,150000,golfpang,,,18홀,tr_219333903
스톤비치,2026-09-26,08:06,120000,golfpang,,,18홀,tr_217663756
스톤비치,2026-09-26,16:37,90000,golfpang,,,18홀,tr_217707115
오너스,2026-09-26,14:00,135000,golfpang,,,18홀,tr_218560940
스톤비치,2026-09-26,16:52,90000,golfpang,,,18홀,tr_217707724
스톤비치,2026-09-26,07:59,120000,golfpang,,,18홀,tr_217707714
오너스,2026-09-26,07:10,140000,golfpang,,,18홀,tr_219936178
오너스,2026-09-26,14:00,135000,golfpang,,,18홀,tr_220008460
양평TPC,2026-09-26,13:01,160000,golfpang,,,18홀,tr_220568186
이천(비공개명문),2026-09-26,08:40,190000,golfpang,,,18홀,tr_220564932
여주(비공개S),2026-09-26,07:30,180000,golfpang,,,18홀,tr_219317955
한원,2026-09-26,07:00,179000,golfpang,,,18홀,tr_220567163
한원,2026-09-26,17:00,150000,golfpang,,,18홀,tr_220567165
이천(비공개명문),2026-09-26,13:40,180000,golfpang,,,18홀,tr_220564935
동서울cc-퍼9,2026-09-26,13:17,119000,golfpang,,,18홀,tr_220568127
동서울cc-퍼9,2026-09-26,06:31,119000,golfpang,,,18홀,tr_220568126
동서울cc-퍼9,2026-09-26,18:24,65000,golfpang,,,18홀,tr_220568128
남한강에스파크,2026-09-26,18:07,99000,golfpang,,,18홀,tr_220011133
알펜시아명문,2026-09-26,06:35,120000,golfpang,,,18홀,tr_220126846
남한강에스파크,2026-09-26,07:16,189000,golfpang,,,18홀,tr_220011134
오로라,2026-09-26,07:47,160000,golfpang,,,18홀,tr_220152061
알펜시아700,2026-09-26,07:29,110000,golfpang,,,18홀,tr_220107331
알펜시아700,2026-09-26,08:25,120000,golfpang,,,18홀,tr_220107332
알펜시아명문,2026-09-26,08:13,150000,golfpang,,,18홀,tr_220126848
벨라스톤,2026-09-26,07:45,170000,golfpang,,,18홀,tr_220075341
알펜시아명문,2026-09-26,11:42,180000,golfpang,,,18홀,tr_220126847
벨라스톤,2026-09-26,08:20,170000,golfpang,,,18홀,tr_220075339
웰리힐리,2026-09-26,08:30,190000,golfpang,,,18홀,tr_220130682
동서울cc-퍼9,2026-09-26,12:42,94000,golfpang,,,18홀,tr_220153532
웰리힐리,2026-09-26,12:14,190000,golfpang,,,18홀,tr_220130683
오로라,2026-09-26,12:18,160000,golfpang,,,18홀,tr_220152062
벨라스톤,2026-09-26,13:21,150000,golfpang,,,18홀,tr_220075340
웰리힐리,2026-09-26,13:06,190000,golfpang,,,18홀,tr_220130684
오로라,2026-09-26,12:46,160000,golfpang,,,18홀,tr_220152063
알펜시아700,2026-09-26,14:06,120000,golfpang,,,18홀,tr_220107333
동서울cc-퍼9,2026-09-26,06:38,94000,golfpang,,,18홀,tr_220153531
남한강에스파크,2026-09-26,18:00,99000,golfpang,,,18홀,tr_220011132
파인스톤,2026-09-26,16:47,160000,golfpang,,,18홀,tr_220149432
센테리움,2026-09-26,12:08,139000,golfpang,,,18홀,tr_220219922
골든베이,2026-09-26,07:54,150000,golfpang,,,18홀,tr_220484144
센테리움,2026-09-26,07:56,139000,golfpang,,,18홀,tr_220219921
킹스데일,2026-09-26,08:22,160000,golfpang,,,18홀,tr_220145669
속리산cc,2026-09-26,08:23,160000,golfpang,,,18홀,tr_220097261
대영베이스,2026-09-26,08:13,135000,golfpang,,,18홀,tr_220483438
대영베이스,2026-09-26,07:40,129000,golfpang,,,18홀,tr_220483439
대영힐스,2026-09-26,07:24,115000,golfpang,,,18홀,tr_220483760
스타,2026-09-26,07:19,150000,golfpang,,,18홀,tr_220104922
파인스톤,2026-09-26,06:28,210000,golfpang,,,18홀,tr_220149431
힐데스하임,2026-09-26,06:22,135000,golfpang,,,18홀,tr_220115512
감곡,2026-09-26,06:44,130000,golfpang,,,18홀,tr_220470731
속리산cc,2026-09-26,06:52,140000,golfpang,,,18홀,tr_220097260
감곡,2026-09-26,08:43,160000,golfpang,,,18홀,tr_220470732
파인스톤,2026-09-26,18:18,150000,golfpang,,,18홀,tr_220149433
속리산cc,2026-09-26,13:37,140000,golfpang,,,18홀,tr_220097262
골든베이,2026-09-26,13:31,150000,golfpang,,,18홀,tr_220484145
스타,2026-09-26,13:44,140000,golfpang,,,18홀,tr_220104924
힐데스하임,2026-09-26,13:42,150000,golfpang,,,18홀,tr_220115514
감곡,2026-09-26,14:03,150000,golfpang,,,18홀,tr_220470733
대영베이스,2026-09-26,12:52,129000,golfpang,,,18홀,tr_220483437
스타,2026-09-26,12:55,150000,golfpang,,,18홀,tr_220104923
대영힐스,2026-09-26,13:10,119000,golfpang,,,18홀,tr_220483761
킹스데일,2026-09-26,13:24,165000,golfpang,,,18홀,tr_220145670
힐데스하임,2026-09-26,13:19,155000,golfpang,,,18홀,tr_220115513
대영힐스,2026-09-26,12:38,125000,golfpang,,,18홀,tr_220483762
로얄링스,2026-09-26,12:27,120000,golfpang,,,18홀,tr_220221296
한림광릉,2026-09-26,12:27,210000,golfpang,,,18홀,tr_220121302
스마트KU,2026-09-26,14:10,220000,golfpang,,,18홀,tr_220103474
비콘힐스,2026-09-26,18:12,90000,golfpang,,,18홀,tr_220084781
몽베르(대중제),2026-09-26,07:22,200000,golfpang,,,18홀,tr_220032169
비콘힐스,2026-09-26,18:19,90000,golfpang,,,18홀,tr_220084782
한림광릉,2026-09-26,13:37,190000,golfpang,,,18홀,tr_220121303
파주타이거,2026-09-26,07:45,210000,golfpang,,,18홀,tr_220151092
오너스,2026-09-26,08:26,140000,golfpang,,,18홀,tr_220289007
푸른솔포천,2026-09-26,13:34,200000,golfpang,,,18홀,tr_220124716
포천힐스,2026-09-26,13:34,190000,golfpang,,,18홀,tr_220152633
세레니티-강촌,2026-09-26,13:34,170000,golfpang,,,18홀,tr_220086919
몽베르(대중제),2026-09-26,13:28,180000,golfpang,,,18홀,tr_220032171
한림광릉,2026-09-26,07:20,190000,golfpang,,,18홀,tr_220121301
포천힐스,2026-09-26,07:45,200000,golfpang,,,18홀,tr_220152632
포천힐스,2026-09-26,06:28,190000,golfpang,,,18홀,tr_220152631
비콘힐스,2026-09-26,17:02,90000,golfpang,,,18홀,tr_220084783
오너스,2026-09-26,07:37,130000,golfpang,,,18홀,tr_220289006
스마트KU,2026-09-26,06:30,220000,golfpang,,,18홀,tr_220103473
자유로,2026-09-26,13:09,230000,golfpang,,,18홀,tr_220442629
세레니티-강촌,2026-09-26,07:47,210000,golfpang,,,18홀,tr_220086917
베뉴지,2026-09-26,06:37,179000,golfpang,,,18홀,tr_220046140
세레니티-강촌,2026-09-26,13:27,170000,golfpang,,,18홀,tr_220086918
자유로,2026-09-26,07:49,240000,golfpang,,,18홀,tr_220442630
푸른솔포천,2026-09-26,06:49,210000,golfpang,,,18홀,tr_220124715
파주타이거,2026-09-26,12:33,200000,golfpang,,,18홀,tr_220151093
몽베르(대중제),2026-09-26,12:25,200000,golfpang,,,18홀,tr_220032170
파주타이거,2026-09-26,06:56,200000,golfpang,,,18홀,tr_220151091
베뉴지,2026-09-26,06:44,179000,golfpang,,,18홀,tr_220046141
스카이밸리,2026-09-26,11:54,190000,golfpang,,,18홀,tr_220104231
솔모로,2026-09-26,08:36,200000,golfpang,,,18홀,tr_220102937
골프존 안성H,2026-09-26,08:36,190000,golfpang,,,18홀,tr_220440376
스카이밸리,2026-09-26,08:33,180000,golfpang,,,18홀,tr_220104230
양지파인,2026-09-26,08:29,170000,golfpang,,,18홀,tr_220349254
이글몬트,2026-09-26,08:26,180000,golfpang,,,18홀,tr_220441387
에덴블루,2026-09-26,08:26,149200,golfpang,,,18홀,tr_220467647
양평TPC,2026-09-26,13:01,160000,golfpang,,,18홀,tr_220241912
써닝포인트,2026-09-26,12:51,175000,golfpang,,,18홀,tr_220345061
아세코밸리-퍼9,2026-09-26,12:23,140000,golfpang,,,18홀,tr_220106689
빅토리아-퍼9,2026-09-26,12:38,124000,golfpang,,,18홀,tr_220086103
양지파인,2026-09-26,12:29,160000,golfpang,,,18홀,tr_220349255
빅토리아-퍼9,2026-09-26,13:13,119000,golfpang,,,18홀,tr_220086104
여주,2026-09-26,13:04,190000,golfpang,,,18홀,tr_220129157
아세코밸리-퍼9,2026-09-26,17:03,120000,golfpang,,,18홀,tr_220106690
이글몬트,2026-09-26,13:53,170000,golfpang,,,18홀,tr_220441388
세현,2026-09-26,13:51,210000,golfpang,,,18홀,tr_220274657
세현,2026-09-26,13:51,210000,golfpang,,,18홀,tr_220274656
골프존 안성H,2026-09-26,13:31,180000,golfpang,,,18홀,tr_220440377
360도,2026-09-26,13:37,170000,golfpang,,,18홀,tr_220476487
그린힐,2026-09-26,18:10,110000,golfpang,,,18홀,tr_220008760
신라,2026-09-26,06:50,170000,golfpang,,,18홀,tr_220241128
용인(비공개),2026-09-26,06:39,179000,golfpang,,,18홀,tr_220118048
그린힐,2026-09-26,06:42,160000,golfpang,,,18홀,tr_220008761
빅토리아-퍼9,2026-09-26,06:42,119000,golfpang,,,18홀,tr_220086102
용인(비공개),2026-09-26,06:46,179000,golfpang,,,18홀,tr_220118047
용인(비공개),2026-09-26,06:46,179000,golfpang,,,18홀,tr_220118046
써닝포인트,2026-09-26,06:14,165000,golfpang,,,18홀,tr_220345059
에덴블루,2026-09-26,07:20,141700,golfpang,,,18홀,tr_220467646
골프존 안성H,2026-09-26,07:05,180000,golfpang,,,18홀,tr_220440375
솔모로,2026-09-26,07:12,200000,golfpang,,,18홀,tr_220102936
아세코밸리-퍼9,2026-09-26,07:15,140000,golfpang,,,18홀,tr_220106688
그린힐,2026-09-26,06:49,160000,golfpang,,,18홀,tr_220008759
써닝포인트,2026-09-26,06:56,175000,golfpang,,,18홀,tr_220345060
신라,2026-09-26,07:32,180000,golfpang,,,18홀,tr_220241129
양평TPC,2026-09-26,08:23,180000,golfpang,,,18홀,tr_220241911
여주,2026-09-26,07:54,200000,golfpang,,,18홀,tr_220129156
에덴블루,2026-09-26,12:02,149200,golfpang,,,18홀,tr_220467648
신라,2026-09-26,11:59,190000,golfpang,,,18홀,tr_220241130
360도,2026-09-26,11:45,190000,golfpang,,,18홀,tr_220476486
로얄링스,2026-09-26,11:31,120000,golfpang,,,18홀,tr_220566288
골프존 천안,2026-09-26,08:46,190000,golfpang,,,18홀,tr_220566279
가평프리스틴밸리,2026-09-26,08:43,230000,golfpang,,,18홀,tr_220566271
신라,2026-09-26,08:28,210000,golfpang,,,18홀,tr_220566268
더플레이어스,2026-09-26,12:21,150000,golfpang,,,18홀,tr_220566311
더크로스비,2026-09-26,13:16,207000,golfpang,,,18홀,tr_220566321
골프존 천안,2026-09-26,12:58,173000,golfpang,,,18홀,tr_220566318
골프존 진천,2026-09-26,12:46,209000,golfpang,,,18홀,tr_220566314
스카이밸리,2026-09-26,13:53,170000,golfpang,,,18홀,tr_220566331
베뉴지,2026-09-26,13:44,169000,golfpang,,,18홀,tr_220566329
양평TPC,2026-09-26,13:29,160000,golfpang,,,18홀,tr_220566325
용인(비공개명문),2026-09-26,13:32,270000,golfpang,,,18홀,tr_220205513
스톤비치,2026-09-26,13:37,110000,golfpang,,,18홀,tr_220566327
남한강에스파크,2026-09-26,17:46,99000,golfpang,,,18홀,tr_220566332
센테리움,2026-09-26,07:49,139000,golfpang,,,18홀,tr_220566230
서산수,2026-09-26,08:07,190000,golfpang,,,18홀,tr_220566232
용인(비공개명문),2026-09-26,07:44,270000,golfpang,,,18홀,tr_220205364
더크로스비,2026-09-26,12:06,217000,golfpang,,,18홀,tr_220566296
가평프리스틴밸리,2026-09-26,12:14,220000,golfpang,,,18홀,tr_220566302
남춘천,2026-09-26,08:50,180000,golfpang,,,18홀,tr_220566284
골프존 화랑,2026-09-26,11:56,145000,golfpang,,,18홀,tr_220566290
용인(비공개),2026-09-26,12:56,220000,golfpang,,,18홀,tr_219110225
포천(비공개),2026-09-26,13:07,200000,golfpang,,,18홀,tr_219717501
여주(비공개),2026-09-26,07:40,180000,golfpang,,,18홀,tr_219717471
포레스트힐,2026-09-26,17:49,140000,golfpang,,,18홀,tr_220327765
힐마루 포천,2026-09-26,17:10,160000,golfpang,,,18홀,tr_219717507
빅토리아-퍼9,2026-09-26,06:49,119000,golfpang,,,18홀,tr_220007710
용인(비공개),2026-09-26,06:46,179000,golfpang,,,18홀,tr_220394718
에덴블루,2026-09-26,06:28,134200,golfpang,,,18홀,tr_220395870
이천(비공개명문),2026-09-26,07:30,269000,golfpang,,,18홀,tr_220563413
마론뉴데이,2026-09-26,07:21,175000,golfpang,,,18홀,tr_220563545
에덴블루,2026-09-26,07:20,141700,golfpang,,,18홀,tr_220395871
써닝포인트,2026-09-26,07:24,185000,golfpang,,,18홀,tr_220440596
이글몬트,2026-09-26,07:23,180000,golfpang,,,18홀,tr_220315065
골프존 안성H,2026-09-26,07:05,180000,golfpang,,,18홀,tr_220564281
클럽72-오션,2026-09-26,07:11,270000,golfpang,,,18홀,tr_220179680
신안,2026-09-26,07:10,170000,golfpang,,,18홀,tr_219998703
스카이밸리,2026-09-26,07:09,200000,golfpang,,,18홀,tr_220563193
신라,2026-09-26,06:50,190000,golfpang,,,18홀,tr_220193506
해솔리아,2026-09-26,06:56,180000,golfpang,,,18홀,tr_220563045
솔모로,2026-09-26,07:47,200000,golfpang,,,18홀,tr_220565032
여주,2026-09-26,07:40,200000,golfpang,,,18홀,tr_220036918
양지파인,2026-09-26,07:29,160000,golfpang,,,18홀,tr_220022843
한림용인,2026-09-26,07:27,180000,golfpang,,,18홀,tr_220523341
더크로스비,2026-09-26,07:31,197000,golfpang,,,18홀,tr_220563801
한림용인,2026-09-26,08:23,210000,golfpang,,,18홀,tr_220523342
해솔리아,2026-09-26,08:06,190000,golfpang,,,18홀,tr_220563046
써닝포인트,2026-09-26,08:13,205000,golfpang,,,18홀,tr_220440595
안성(비공개),2026-09-26,08:08,160000,golfpang,,,18홀,tr_220148720
클럽72,2026-09-26,07:52,220000,golfpang,,,18홀,tr_220179254
클럽72-오션,2026-09-26,08:00,290000,golfpang,,,18홀,tr_220179681
신라,2026-09-26,07:46,210000,golfpang,,,18홀,tr_220193504
히든밸리,2026-09-26,07:45,170000,golfpang,,,18홀,tr_218468168
안성(비공개),2026-09-26,08:36,160000,golfpang,,,18홀,tr_220148721
솔모로,2026-09-26,08:43,200000,golfpang,,,18홀,tr_220565033
더크로스비,2026-09-26,08:20,207000,golfpang,,,18홀,tr_220563802
양평TPC,2026-09-26,08:16,180000,golfpang,,,18홀,tr_220562974
골프존 안성H,2026-09-26,08:15,190000,golfpang,,,18홀,tr_220564282
빅토리아-퍼9,2026-09-26,12:45,124000,golfpang,,,18홀,tr_220007711
클럽72,2026-09-26,12:44,220000,golfpang,,,18홀,tr_220179255
해솔리아,2026-09-26,12:44,180000,golfpang,,,18홀,tr_220563047
양지파인,2026-09-26,12:44,160000,golfpang,,,18홀,tr_220022844
한림용인,2026-09-26,12:43,170000,golfpang,,,18홀,tr_220523343
에덴블루,2026-09-26,12:47,149200,golfpang,,,18홀,tr_220395872
마론뉴데이,2026-09-26,12:33,175000,golfpang,,,18홀,tr_220563546
신안,2026-09-26,12:32,170000,golfpang,,,18홀,tr_219998704
더크로스비,2026-09-26,12:41,217000,golfpang,,,18홀,tr_220563803
마론뉴데이,2026-09-26,13:19,175000,golfpang,,,18홀,tr_220563547
히든밸리,2026-09-26,13:19,160000,golfpang,,,18홀,tr_218468169
빅토리아-퍼9,2026-09-26,13:27,119000,golfpang,,,18홀,tr_220007712
여주,2026-09-26,13:11,190000,golfpang,,,18홀,tr_220036919
스카이밸리,2026-09-26,13:11,190000,golfpang,,,18홀,tr_220563194
이천(비공개명문),2026-09-26,13:15,222000,golfpang,,,18홀,tr_220563414
써닝포인트,2026-09-26,12:58,175000,golfpang,,,18홀,tr_220440597
신라,2026-09-26,12:55,190000,golfpang,,,18홀,tr_220193505
양평TPC,2026-09-26,13:01,160000,golfpang,,,18홀,tr_220562975
이글몬트,2026-09-26,13:39,170000,golfpang,,,18홀,tr_220315066
용인(비공개),2026-09-26,13:52,179000,golfpang,,,18홀,tr_220394719
골프존 안성H,2026-09-26,13:31,180000,golfpang,,,18홀,tr_220564283
신안,2026-09-26,19:20,100000,golfpang,,,18홀,tr_219998705
솔트베이,2026-09-26,18:57,169000,golfpang,,,18홀,tr_220563331
신안(병행),2026-09-26,18:10,100000,golfpang,,,18홀,tr_219998637
솔트베이,2026-09-26,17:47,179000,golfpang,,,18홀,tr_220563329
아난티중앙(야간),2026-09-26,18:11,140000,golfpang,,,18홀,tr_220423819
아난티중앙(야간),2026-09-26,17:44,140000,golfpang,,,18홀,tr_220423818
용인(비공개),2026-09-26,17:49,150000,golfpang,,,18홀,tr_220394720
신안(병행),2026-09-26,17:49,110000,golfpang,,,18홀,tr_219998636
솔트베이,2026-09-26,17:47,179000,golfpang,,,18홀,tr_220563330
클럽72,2026-09-26,17:36,150000,golfpang,,,18홀,tr_220179256
신안(병행),2026-09-26,18:52,100000,golfpang,,,18홀,tr_219998638
임페리얼레이크,2026-09-26,17:26,109000,golfpang,,,18홀,tr_220565334
플라밍고,2026-09-26,06:34,130000,golfpang,,,18홀,tr_220120989
속리산cc,2026-09-26,06:38,120000,golfpang,,,18홀,tr_220564400
속리산cc,2026-09-26,06:10,120000,golfpang,,,18홀,tr_220564402
센테리움,2026-09-26,07:30,139000,golfpang,,,18홀,tr_220348213
스타,2026-09-26,07:19,150000,golfpang,,,18홀,tr_220396205
로얄포레,2026-09-26,07:49,129000,golfpang,,,18홀,tr_220565416
떼제베,2026-09-26,07:49,160000,golfpang,,,18홀,tr_220565587
플라밍고,2026-09-26,07:37,140000,golfpang,,,18홀,tr_220120990
골프존 화랑,2026-09-26,07:37,135000,golfpang,,,18홀,tr_220391482
파인스톤,2026-09-26,07:31,240000,golfpang,,,18홀,tr_218361688
골프존 진천,2026-09-26,07:31,201000,golfpang,,,18홀,tr_220390971
킹스데일,2026-09-26,07:40,160000,golfpang,,,18홀,tr_220348275
감곡,2026-09-26,07:47,160000,golfpang,,,18홀,tr_220567375
임페리얼레이크,2026-09-26,07:28,129000,golfpang,,,18홀,tr_220565332
이븐데일,2026-09-26,08:03,100000,golfpang,,,18홀,tr_220564680
골든베이,2026-09-26,08:01,150000,golfpang,,,18홀,tr_218977752
골프존 진천,2026-09-26,08:13,206000,golfpang,,,18홀,tr_220390972
떼제베(동북),2026-09-26,08:10,130000,golfpang,,,18홀,tr_220565794
올데이,2026-09-26,08:10,119000,golfpang,,,18홀,tr_220565282
킹즈락,2026-09-26,07:55,170000,golfpang,,,18홀,tr_220564587
대호단양,2026-09-26,07:59,179000,golfpang,,,18홀,tr_220184411
코스카,2026-09-26,07:46,170000,golfpang,,,18홀,tr_218349923
로얄링스,2026-09-26,07:45,160000,golfpang,,,18홀,tr_219246331
중원,2026-09-26,07:51,130000,golfpang,,,18홀,tr_220564858
코스카,2026-09-26,11:59,170000,golfpang,,,18홀,tr_218349924
스타,2026-09-26,08:29,170000,golfpang,,,18홀,tr_220396206
골프존 화랑,2026-09-26,08:26,145000,golfpang,,,18홀,tr_220391483
대호단양,2026-09-26,12:34,179000,golfpang,,,18홀,tr_220184412
골프존 화랑,2026-09-26,12:45,145000,golfpang,,,18홀,tr_220391484
플라밍고,2026-09-26,12:43,140000,golfpang,,,18홀,tr_220120991
골든베이,2026-09-26,12:42,150000,golfpang,,,18홀,tr_218977753
올데이,2026-09-26,12:41,109000,golfpang,,,18홀,tr_220565283
로얄포레,2026-09-26,12:41,119000,golfpang,,,18홀,tr_220565417
로얄링스,2026-09-26,12:41,160000,golfpang,,,18홀,tr_219246332
스타,2026-09-26,12:48,150000,golfpang,,,18홀,tr_220396207
이븐데일,2026-09-26,12:47,120000,golfpang,,,18홀,tr_220564681
센테리움,2026-09-26,12:25,139000,golfpang,,,18홀,tr_220348214
킹스데일,2026-09-26,13:24,165000,golfpang,,,18홀,tr_220348276
킹즈락,2026-09-26,13:11,150000,golfpang,,,18홀,tr_220564588
중원,2026-09-26,13:14,130000,golfpang,,,18홀,tr_220564859
임페리얼레이크,2026-09-26,13:09,139000,golfpang,,,18홀,tr_220565333
골프존 진천,2026-09-26,12:46,209000,golfpang,,,18홀,tr_220390973
떼제베,2026-09-26,12:46,170000,golfpang,,,18홀,tr_220565588
파인스톤,2026-09-26,12:55,220000,golfpang,,,18홀,tr_218361689
떼제베(동북),2026-09-26,12:53,140000,golfpang,,,18홀,tr_220565793
속리산cc,2026-09-26,13:58,120000,golfpang,,,18홀,tr_220564401
감곡,2026-09-26,14:03,150000,golfpang,,,18홀,tr_220567376
떼제베,2026-09-26,13:35,170000,golfpang,,,18홀,tr_220565589
파인스톤,2026-09-26,18:53,140000,golfpang,,,18홀,tr_218361690
떼제베(동북),2026-09-26,18:09,100000,golfpang,,,18홀,tr_220565795
스톤비치,2026-09-26,18:19,130000,golfpang,,,18홀,tr_219485897
올데이,2026-09-26,18:22,59000,golfpang,,,18홀,tr_220565281
로얄포레,2026-09-26,18:22,79000,golfpang,,,18홀,tr_220565418
킹즈락,2026-09-26,17:45,100000,golfpang,,,18홀,tr_220564589
스톤비치,2026-09-26,18:05,130000,golfpang,,,18홀,tr_219485896
스톤비치,2026-09-26,17:44,130000,golfpang,,,18홀,tr_219485895
감곡,2026-09-26,17:38,110000,golfpang,,,18홀,tr_220567377
이븐데일,2026-09-26,06:45,95000,golfpang,,,18홀,tr_220564679
대호단양,2026-09-26,16:55,119000,golfpang,,,18홀,tr_220184413
웰리힐리,2026-09-26,07:10,190000,golfpang,,,18홀,tr_218853107
옥스필드,2026-09-26,07:00,109000,golfpang,,,18홀,tr_220565162
벨라45 마스터스,2026-09-26,17:17,115000,golfpang,,,18홀,tr_220565018
벨라45 마스터스,2026-09-26,17:38,115000,golfpang,,,18홀,tr_220565019
알프스대영,2026-09-26,17:43,69000,golfpang,,,18홀,tr_220566196
센추리21,2026-09-26,17:26,100000,golfpang,,,18홀,tr_220434160
웰리힐리,2026-09-26,08:30,190000,golfpang,,,18홀,tr_218853108
오로라,2026-09-26,18:06,100000,golfpang,,,18홀,tr_220326740
벨라45 마스터스,2026-09-26,18:06,115000,golfpang,,,18홀,tr_220565020
센추리21(퍼),2026-09-26,17:47,80000,golfpang,,,18홀,tr_220434340
센추리21,2026-09-26,18:15,100000,golfpang,,,18홀,tr_220434161
오로라,2026-09-26,18:38,100000,golfpang,,,18홀,tr_220326742
벨라스톤,2026-09-26,13:21,150000,golfpang,,,18홀,tr_219911557
알펜시아명문,2026-09-26,07:17,130000,golfpang,,,18홀,tr_219821275
벨라스톤,2026-09-26,08:20,170000,golfpang,,,18홀,tr_219911556
알펜시아700,2026-09-26,07:14,110000,golfpang,,,18홀,tr_219820865
센추리21(퍼),2026-09-26,12:46,125000,golfpang,,,18홀,tr_220434339
알프스대영,2026-09-26,07:36,129000,golfpang,,,18홀,tr_220566194
옥스필드,2026-09-26,13:16,109000,golfpang,,,18홀,tr_220565161
알펜시아700,2026-09-26,13:24,120000,golfpang,,,18홀,tr_219820867
벨라스톤,2026-09-26,07:59,170000,golfpang,,,18홀,tr_219911555
알프스대영,2026-09-26,12:31,125000,golfpang,,,18홀,tr_220566195
웰리힐리,2026-09-26,12:34,190000,golfpang,,,18홀,tr_218853109
알펜시아명문,2026-09-26,06:49,120000,golfpang,,,18홀,tr_219821276
알펜시아명문,2026-09-26,08:13,150000,golfpang,,,18홀,tr_219821274
알펜시아700,2026-09-26,08:04,120000,golfpang,,,18홀,tr_219820866
센추리21(퍼),2026-09-26,08:06,130000,golfpang,,,18홀,tr_220434338
센추리21,2026-09-26,06:42,140000,golfpang,,,18홀,tr_220434159
오로라,2026-09-26,18:22,100000,golfpang,,,18홀,tr_220326741
옥스필드,2026-09-26,07:28,99000,golfpang,,,18홀,tr_220565160
비콘힐스,2026-09-26,18:12,90000,golfpang,,,18홀,tr_220562729
스마트KU,2026-09-26,13:35,220000,golfpang,,,18홀,tr_219937847
샤인데일,2026-09-26,13:51,130000,golfpang,,,18홀,tr_220114630
푸른솔포천,2026-09-26,12:52,220000,golfpang,,,18홀,tr_220003582
포레스트힐,2026-09-26,13:02,210000,golfpang,,,18홀,tr_220563734
남춘천,2026-09-26,12:41,170000,golfpang,,,18홀,tr_220396273
한림광릉,2026-09-26,12:41,210000,golfpang,,,18홀,tr_220523409
비콘힐스,2026-09-26,12:43,120000,golfpang,,,18홀,tr_220562728
포천힐스,2026-09-26,12:45,190000,golfpang,,,18홀,tr_220564448
샤인데일,2026-09-26,12:34,150000,golfpang,,,18홀,tr_220114629
양주,2026-09-26,12:59,300000,golfpang,,,18홀,tr_218695884
엘레강스(가명),2026-09-26,08:29,170000,golfpang,,,18홀,tr_220241345
엘레강스(가명),2026-09-26,08:29,170000,golfpang,,,18홀,tr_220241346
한림광릉,2026-09-26,08:16,210000,golfpang,,,18홀,tr_220523408
포레스트힐,2026-09-26,08:36,200000,golfpang,,,18홀,tr_220563733
포천힐스,2026-09-26,07:45,200000,golfpang,,,18홀,tr_220564447
남춘천,2026-09-26,08:08,180000,golfpang,,,18홀,tr_220396272
오너스,2026-09-26,08:26,140000,golfpang,,,18홀,tr_220336454
포레스트힐,2026-09-26,07:26,190000,golfpang,,,18홀,tr_220563732
푸른솔포천,2026-09-26,07:38,240000,golfpang,,,18홀,tr_220003581
비콘힐스,2026-09-26,07:42,120000,golfpang,,,18홀,tr_220562727
한림광릉,2026-09-26,07:06,190000,golfpang,,,18홀,tr_220523407
오너스,2026-09-26,07:30,130000,golfpang,,,18홀,tr_220336453
서원힐스,2026-09-26,05:25,190000,golfpang,,,18홀,tr_220383127
서원힐스,2026-09-26,05:32,190000,golfpang,,,18홀,tr_220383126
서원힐스,2026-09-26,05:32,190000,golfpang,,,18홀,tr_220383128
포천힐스,2026-09-26,06:28,190000,golfpang,,,18홀,tr_220564446
양주,2026-09-26,06:35,300000,golfpang,,,18홀,tr_218695883
스마트KU,2026-09-26,06:30,220000,golfpang,,,18홀,tr_219937846
샤인데일,2026-09-26,17:36,95000,golfpang,,,18홀,tr_220114631
옥스필드,2026-09-26,13:16,109000,golfpang,,,18홀,tr_220568033
옥스필드,2026-09-26,07:28,99000,golfpang,,,18홀,tr_220568032
옥스필드,2026-09-26,18:08,69000,golfpang,,,18홀,tr_220568034
포천힐스,2026-09-26,06:56,190000,golfpang,,,18홀,tr_220568009
포천힐스,2026-09-26,07:10,200000,golfpang,,,18홀,tr_220568010
포천힐스,2026-09-26,13:34,190000,golfpang,,,18홀,tr_220568011
올데이,2026-09-26,12:13,109000,golfpang,,,18홀,tr_220567995
올데이,2026-09-26,06:32,79000,golfpang,,,18홀,tr_220567994
올데이,2026-09-26,18:22,59000,golfpang,,,18홀,tr_220567996
속리산cc,2026-09-26,13:51,120000,golfpang,,,18홀,tr_220567963
속리산cc,2026-09-26,06:38,120000,golfpang,,,18홀,tr_220567962
솔모로,2026-09-26,07:47,200000,golfpang,,,18홀,tr_220567927
로얄포레,2026-09-26,12:34,119000,golfpang,,,18홀,tr_220567946
솔모로,2026-09-26,07:19,200000,golfpang,,,18홀,tr_220567926
로얄포레,2026-09-26,07:28,119000,golfpang,,,18홀,tr_220567945
로얄포레,2026-09-26,18:22,79000,golfpang,,,18홀,tr_220567947
로얄링스,2026-09-26,08:13,120000,golfpang,,,18홀,tr_220567919
로얄링스,2026-09-26,11:38,120000,golfpang,,,18홀,tr_220567920
여주(비공개S),2026-09-26,08:36,180000,golfpang,,,18홀,tr_220564370
남이천(비공개),2026-09-26,13:45,180000,golfpang,,,18홀,tr_220564382
강촌(비공개),2026-09-26,12:20,180000,golfpang,,,18홀,tr_220564346
남이천(비공개),2026-09-26,08:32,190000,golfpang,,,18홀,tr_220564377
강촌(비공개),2026-09-26,08:22,180000,golfpang,,,18홀,tr_220564344
이천(비공개명문),2026-09-26,07:36,190000,golfpang,,,18홀,tr_220564408
임페리얼레이크,2026-09-26,18:08,99000,golfpang,,,18홀,tr_220567905
임페리얼레이크,2026-09-26,07:28,129000,golfpang,,,18홀,tr_220567903
임페리얼레이크,2026-09-26,13:09,139000,golfpang,,,18홀,tr_220567904
라싸,2026-09-26,06:55,170100,golfpang,,,18홀,tr_220567872
힐데스하임,2026-09-26,07:45,145000,golfpang,,,18홀,tr_220567853
힐데스하임,2026-09-26,06:22,125000,golfpang,,,18홀,tr_220567852
힐데스하임,2026-09-26,13:19,150000,golfpang,,,18홀,tr_220567854
프린세스,2026-09-26,07:37,170000,golfpang,,,18홀,tr_220567824
프린세스,2026-09-26,07:16,160000,golfpang,,,18홀,tr_220567823
프린세스,2026-09-26,13:21,160000,golfpang,,,18홀,tr_220567825
용인(비공개),2026-09-26,13:10,220000,golfpang,,,18홀,tr_220165770
힐마루 포천,2026-09-26,17:10,160000,golfpang,,,18홀,tr_220305389
포천(비공개),2026-09-26,13:07,200000,golfpang,,,18홀,tr_220564341
포천힐스,2026-09-26,13:13,190000,golfpang,,,18홀,tr_220564901
포천힐스,2026-09-26,07:52,200000,golfpang,,,18홀,tr_220564886
파인스톤,2026-09-26,17:36,150000,golfpang,,,18홀,tr_220567782
파인스톤,2026-09-26,12:20,220000,golfpang,,,18홀,tr_220567781
파인스톤,2026-09-26,06:21,210000,golfpang,,,18홀,tr_220567780
써닝포인트,2026-09-26,07:45,195000,golfpang,,,18홀,tr_220567756
써닝포인트,2026-09-26,07:24,185000,golfpang,,,18홀,tr_220567757
써닝포인트,2026-09-26,06:07,165000,golfpang,,,18홀,tr_220567758
여주(비공개S),2026-09-26,07:40,180000,golfpang,,,18홀,tr_218386997
알펜시아700,2026-09-26,18:33,80000,golfpang,,,18홀,tr_220567724
알펜시아700,2026-09-26,14:13,120000,golfpang,,,18홀,tr_220567723
알펜시아700,2026-09-26,07:22,110000,golfpang,,,18홀,tr_220567722
더크로스비,2026-09-26,08:20,207000,golfpang,,,18홀,tr_220567700
더크로스비,2026-09-26,07:31,197000,golfpang,,,18홀,tr_220567699
더크로스비,2026-09-26,12:27,217000,golfpang,,,18홀,tr_220567701
감곡,2026-09-26,12:39,150000,golfpang,,,18홀,tr_220567671
감곡,2026-09-26,12:39,150000,golfpang,,,18홀,tr_220567672
대영힐스,2026-09-26,13:17,119000,golfpang,,,18홀,tr_220567636
대영힐스,2026-09-26,18:13,79000,golfpang,,,18홀,tr_220567637
대영힐스,2026-09-26,07:31,119000,golfpang,,,18홀,tr_220567635
스카이밸리,2026-09-26,06:34,180000,golfpang,,,18홀,tr_218457840
이븐데일,2026-09-26,16:57,84000,golfpang,,,18홀,tr_220567608
이븐데일,2026-09-26,08:30,100000,golfpang,,,18홀,tr_220567606
이븐데일,2026-09-26,11:44,120000,golfpang,,,18홀,tr_220567607
대영베이스,2026-09-26,16:57,99000,golfpang,,,18홀,tr_220567565
대영베이스,2026-09-26,07:40,129000,golfpang,,,18홀,tr_220567563
대영베이스,2026-09-26,12:52,129000,golfpang,,,18홀,tr_220567564
오너스,2026-09-26,13:19,135000,golfpang,,,18홀,tr_220207934
360도,2026-09-26,06:30,150000,golfpang,,,18홀,tr_220207936
여주(비공개S),2026-09-26,07:40,180000,golfpang,,,18홀,tr_220207940
포천(비공개),2026-09-26,13:00,200000,golfpang,,,18홀,tr_220207926
오너스,2026-09-26,06:27,140000,golfpang,,,18홀,tr_220207933
용인(비공개명문),2026-09-26,13:10,220000,golfpang,,,18홀,tr_220207941
파인크리크,2026-09-26,13:45,220000,golfpang,,,18홀,tr_220207943
솔모로,2026-09-26,13:49,170000,golfpang,,,18홀,tr_220207969
힐마루 포천,2026-09-26,17:10,160000,golfpang,,,18홀,tr_220207930
포레스트힐,2026-09-26,08:36,200000,golfpang,,,18홀,tr_220567521
포레스트힐,2026-09-26,18:52,150000,golfpang,,,18홀,tr_220567522
포레스트힐,2026-09-26,07:26,190000,golfpang,,,18홀,tr_220567520
스톤비치,2026-09-26,07:59,120000,golfpang,,,18홀,tr_220521673
스톤비치,2026-09-26,16:55,90000,golfpang,,,18홀,tr_217518902
스톤비치,2026-09-26,07:24,110000,golfpang,,,18홀,tr_220521694
스톤비치,2026-09-26,16:40,90000,golfpang,,,18홀,tr_220521698
스톤비치,2026-09-26,07:59,120000,golfpang,,,18홀,tr_217518858
스톤비치,2026-09-26,07:17,110000,golfpang,,,18홀,tr_220521696
알프스대영,2026-09-26,12:31,109000,golfpang,,,18홀,tr_220567480
알프스대영,2026-09-26,07:01,99000,golfpang,,,18홀,tr_220567479
알프스대영,2026-09-26,18:18,59000,golfpang,,,18홀,tr_220567481
감곡,2026-09-26,17:17,110000,golfpang,,,18홀,tr_220567422
감곡,2026-09-26,07:47,160000,golfpang,,,18홀,tr_220567420
감곡,2026-09-26,14:03,150000,golfpang,,,18홀,tr_220567421
떼제베(동북),2026-09-26,08:10,130000,golfpang,,,18홀,tr_220567353
떼제베(동북),2026-09-26,12:53,140000,golfpang,,,18홀,tr_220567354
떼제베(동북),2026-09-26,07:07,120000,golfpang,,,18홀,tr_220567352
클럽D 거창,2026-09-26,06:44,100000,golfpang,,,18홀,tr_220567334
떼제베,2026-09-26,13:21,160000,golfpang,,,18홀,tr_220567318
떼제베,2026-09-26,07:49,160000,golfpang,,,18홀,tr_220567317
떼제베,2026-09-26,07:14,150000,golfpang,,,18홀,tr_220567316
오너스,2026-09-26,14:01,135000,golfpang,,,18홀,tr_220564332
오너스,2026-09-26,06:27,140000,golfpang,,,18홀,tr_220564327
여주(비공개),2026-09-26,07:40,180000,golfpang,,,18홀,tr_219231268
포레스트힐,2026-09-26,17:49,140000,golfpang,,,18홀,tr_220564347
베스트밸리-퍼9,2026-09-26,12:21,190000,golfpang,,,18홀,tr_220567295
베스트밸리-퍼9,2026-09-26,07:43,200000,golfpang,,,18홀,tr_220567294
베스트밸리-퍼9,2026-09-26,16:38,120000,golfpang,,,18홀,tr_220567296
용인(비공개명문),2026-09-26,07:58,270000,golfpang,,,18홀,tr_219786845
여주(비공개S),2026-09-26,07:40,180000,golfpang,,,18홀,tr_219469992
베뉴지,2026-09-26,07:26,179000,golfpang,,,18홀,tr_219746335
마에스트로,2026-09-26,07:31,170000,golfpang,,,18홀,tr_220566907
강촌(비공개),2026-09-26,07:12,190000,golfpang,,,18홀,tr_219157999
남춘천,2026-09-26,12:06,170000,golfpang,,,18홀,tr_219967462
더플레이어스,2026-09-26,12:47,150000,golfpang,,,18홀,tr_219540716
강촌(비공개),2026-09-26,12:54,190000,golfpang,,,18홀,tr_219158002
스카이밸리,2026-09-26,13:53,170000,golfpang,,,18홀,tr_219967720
비콘힐스,2026-09-26,11:40,120000,golfpang,,,18홀,tr_220469337
비콘힐스,2026-09-26,06:55,110000,golfpang,,,18홀,tr_220469283
킹스데일,2026-09-26,12:00,165000,golfpang,,,18홀,tr_220070606
써닝포인트,2026-09-26,06:40,165000,golfpang,,,18홀,tr_220305040
킹스데일,2026-09-26,08:20,160000,golfpang,,,18홀,tr_220070589
써닝포인트,2026-09-26,12:20,175000,golfpang,,,18홀,tr_220305043
써닝포인트,2026-09-26,16:40,135000,golfpang,,,18홀,tr_220305102
그린힐,2026-09-26,18:03,100000,golfpang,,,18홀,tr_220567103
그린힐,2026-09-26,12:46,160000,golfpang,,,18홀,tr_220567102
그린힐,2026-09-26,07:10,150000,golfpang,,,18홀,tr_220567101
대영힐스,2026-09-26,06:42,109000,golfpang,,,18홀,tr_220567065
대영힐스,2026-09-26,07:24,115000,golfpang,,,18홀,tr_220567066
대영힐스,2026-09-26,13:10,119000,golfpang,,,18홀,tr_220567067
360도,2026-09-26,13:37,170000,golfpang,,,18홀,tr_220567035
360도,2026-09-26,06:22,177000,golfpang,,,18홀,tr_220567034
신라,2026-09-26,06:50,170000,golfpang,,,18홀,tr_220521315
신라,2026-09-26,06:50,170000,golfpang,,,18홀,tr_220304014
푸른솔포천,2026-09-26,06:07,210000,golfpang,,,18홀,tr_219870781
푸른솔포천,2026-09-26,12:52,210000,golfpang,,,18홀,tr_218482210
대영베이스,2026-09-26,07:40,129000,golfpang,,,18홀,tr_220566979
대영베이스,2026-09-26,06:47,115000,golfpang,,,18홀,tr_220566978
대영베이스,2026-09-26,08:13,135000,golfpang,,,18홀,tr_220566980
스카이밸리,2026-09-26,12:43,190000,golfpang,,,18홀,tr_220204055
여주(비공개S),2026-09-26,07:33,180000,golfpang,,,18홀,tr_219561044
여주,2026-09-26,13:11,190000,golfpang,,,18홀,tr_219552544
해솔리아,2026-09-26,07:52,210000,golfpang,,,18홀,tr_220566935
해솔리아,2026-09-26,06:56,200000,golfpang,,,18홀,tr_220566933
해솔리아,2026-09-26,07:31,210000,golfpang,,,18홀,tr_220566934
오너스,2026-09-26,07:16,130000,golfpang,,,18홀,tr_220566896
오너스,2026-09-26,06:41,120000,golfpang,,,18홀,tr_220566895
기흥(비공개),2026-09-26,07:00,260000,golfpang,,,18홀,tr_219320866
한림용인,2026-09-26,13:10,160000,golfpang,,,18홀,tr_220564093
용인플라자,2026-09-26,07:00,170000,golfpang,,,18홀,tr_217883646
용인플라자,2026-09-26,13:00,170000,golfpang,,,18홀,tr_220261762
리베라,2026-09-26,12:36,220000,golfpang,,,18홀,tr_219230529
기흥(비공개),2026-09-26,06:30,260000,golfpang,,,18홀,tr_219009121
클럽72,2026-09-26,07:17,200000,golfpang,,,18홀,tr_219011043
신안(병행),2026-09-26,08:07,150000,golfpang,,,18홀,tr_220566863
이천(비공개명문),2026-09-26,07:45,196000,golfpang,,,18홀,tr_220118549
이천(비공개),2026-09-26,06:21,140000,golfpang,,,18홀,tr_217991540
남이천(비공개),2026-09-26,17:42,135000,golfpang,,,18홀,tr_219757830
캐슬렉스,2026-09-26,06:52,280000,golfpang,,,18홀,tr_219513942
윈체스트,2026-09-26,06:56,220000,golfpang,,,18홀,tr_216582652
이천(비공개명문),2026-09-26,13:02,196000,golfpang,,,18홀,tr_220121018
윈체스트,2026-09-26,11:39,190000,golfpang,,,18홀,tr_217296206
이천(비공개),2026-09-26,12:07,150000,golfpang,,,18홀,tr_217993325
신안(오렌지),2026-09-26,07:32,110000,golfpang,,,18홀,tr_220566859
오로라,2026-09-26,06:58,150000,golfpang,,,18홀,tr_220566841
오로라,2026-09-26,07:26,160000,golfpang,,,18홀,tr_220566842
오로라,2026-09-26,07:47,160000,golfpang,,,18홀,tr_220566843
동서울cc-퍼9,2026-09-26,06:31,119000,golfpang,,,18홀,tr_220566786
동서울cc-퍼9,2026-09-26,18:24,65000,golfpang,,,18홀,tr_220566788
동서울cc-퍼9,2026-09-26,12:07,109000,golfpang,,,18홀,tr_220566787
360도,2026-09-26,13:37,170000,golfpang,,,18홀,tr_220566753
360도,2026-09-26,13:30,180000,golfpang,,,18홀,tr_220566752
은화삼,2026-09-26,08:28,250000,golfpang,,,18홀,tr_220434139
은화삼,2026-09-26,11:58,270000,golfpang,,,18홀,tr_220434185
솔트베이,2026-09-26,18:29,169000,golfpang,,,18홀,tr_220199240
용인(비공개),2026-09-26,07:45,270000,golfpang,,,18홀,tr_220483521
가평프리스틴밸리,2026-09-26,13:17,200000,golfpang,,,18홀,tr_220483909
더크로스비,2026-09-26,13:30,197000,golfpang,,,18홀,tr_220483709
더플레이어스,2026-09-26,07:05,150000,golfpang,,,18홀,tr_220483820
가평프리스틴밸리,2026-09-26,06:58,190000,golfpang,,,18홀,tr_220483880
더플레이어스,2026-09-26,11:32,150000,golfpang,,,18홀,tr_220483822
더크로스비,2026-09-26,06:56,187000,golfpang,,,18홀,tr_220483702
이포,2026-09-26,06:01,180000,golfpang,,,18홀,tr_220483781
이포,2026-09-26,17:38,150000,golfpang,,,18홀,tr_220483795
서산수,2026-09-26,08:07,190000,golfpang,,,18홀,tr_220483628
써닝포인트,2026-09-26,07:17,185000,golfpang,,,18홀,tr_220339543
알펜시아명문,2026-09-26,07:17,130000,golfpang,,,18홀,tr_219822401
대영베이스,2026-09-26,07:00,119000,golfpang,,,18홀,tr_220522005
알프스대영,2026-09-26,07:08,99000,golfpang,,,18홀,tr_220522613
클럽D 거창,2026-09-26,06:51,100000,golfpang,,,18홀,tr_220547636
벨라스톤,2026-09-26,06:56,149000,golfpang,,,18홀,tr_220424003
서산수,2026-09-26,06:57,190000,golfpang,,,18홀,tr_219817682
써닝포인트,2026-09-26,06:56,175000,golfpang,,,18홀,tr_220339542
센테리움,2026-09-26,06:46,149000,golfpang,,,18홀,tr_220242206
용인(비공개),2026-09-26,06:46,179000,golfpang,,,18홀,tr_220348889
알펜시아명문,2026-09-26,06:49,120000,golfpang,,,18홀,tr_219822400
푸른솔포천,2026-09-26,06:49,210000,golfpang,,,18홀,tr_220150982
그린힐,2026-09-26,06:49,160000,golfpang,,,18홀,tr_220008013
빅토리아-퍼9,2026-09-26,06:49,119000,golfpang,,,18홀,tr_219762827
양평TPC,2026-09-26,06:52,160000,golfpang,,,18홀,tr_220431252
속리산cc,2026-09-26,06:52,140000,golfpang,,,18홀,tr_219970481
플라밍고,2026-09-26,06:34,130000,golfpang,,,18홀,tr_220115055
오너스,2026-09-26,06:41,120000,golfpang,,,18홀,tr_220306728
더크로스비,2026-09-26,06:42,187000,golfpang,,,18홀,tr_220505563
포천힐스,2026-09-26,06:28,190000,golfpang,,,18홀,tr_220070687
남춘천,2026-09-26,06:32,160000,golfpang,,,18홀,tr_220548036
샤인데일,2026-09-26,06:27,130000,golfpang,,,18홀,tr_220104366
오로라,2026-09-26,08:01,160000,golfpang,,,18홀,tr_220297534
알펜시아명문,2026-09-26,08:13,150000,golfpang,,,18홀,tr_219822402
골프존 진천,2026-09-26,08:13,206000,golfpang,,,18홀,tr_220336041
이글몬트,2026-09-26,07:58,180000,golfpang,,,18홀,tr_220261655
속리산cc,2026-09-26,07:55,160000,golfpang,,,18홀,tr_219970482
골든베이,2026-09-26,07:54,150000,golfpang,,,18홀,tr_218952815
킹스데일,2026-09-26,07:54,160000,golfpang,,,18홀,tr_220014036
여주,2026-09-26,07:54,200000,golfpang,,,18홀,tr_220502816
이븐데일,2026-09-26,07:42,100000,golfpang,,,18홀,tr_220547752
벨라스톤,2026-09-26,07:52,159000,golfpang,,,18홀,tr_220424004
360도,2026-09-26,07:37,187000,golfpang,,,18홀,tr_220469392
골프존 화랑,2026-09-26,07:37,135000,golfpang,,,18홀,tr_220239333
오너스,2026-09-26,07:37,130000,golfpang,,,18홀,tr_220306729
플라밍고,2026-09-26,07:37,140000,golfpang,,,18홀,tr_220115056
비콘힐스,2026-09-26,07:42,120000,golfpang,,,18홀,tr_220485114
대영베이스,2026-09-26,07:40,129000,golfpang,,,18홀,tr_220522004
양지파인,2026-09-26,07:29,160000,golfpang,,,18홀,tr_220345773
골프존 진천,2026-09-26,07:31,201000,golfpang,,,18홀,tr_220336040
더크로스비,2026-09-26,07:31,197000,golfpang,,,18홀,tr_220505564
이천(비공개명문),2026-09-26,07:30,269000,golfpang,,,18홀,tr_220012085
한림광릉,2026-09-26,07:20,190000,golfpang,,,18홀,tr_220345891
스타,2026-09-26,07:19,150000,golfpang,,,18홀,tr_220033926
대영힐스,2026-09-26,07:24,115000,golfpang,,,18홀,tr_220522401
포천힐스,2026-09-26,07:24,200000,golfpang,,,18홀,tr_220070688
그린힐,2026-09-26,07:24,180000,golfpang,,,18홀,tr_220008014
골프존 안성H,2026-09-26,07:05,180000,golfpang,,,18홀,tr_220240951
골프존 진천,2026-09-26,12:46,209000,golfpang,,,18홀,tr_220336042
대영베이스,2026-09-26,12:52,129000,golfpang,,,18홀,tr_220522006
써닝포인트,2026-09-26,12:51,175000,golfpang,,,18홀,tr_220339544
포천힐스,2026-09-26,12:38,190000,golfpang,,,18홀,tr_220070689
이글몬트,2026-09-26,12:43,170000,golfpang,,,18홀,tr_220261656
비콘힐스,2026-09-26,12:43,120000,golfpang,,,18홀,tr_220485115
골든베이,2026-09-26,12:28,150000,golfpang,,,18홀,tr_218952816
오로라,2026-09-26,12:25,160000,golfpang,,,18홀,tr_220297536
알프스대영,2026-09-26,12:31,109000,golfpang,,,18홀,tr_220522614
스타,2026-09-26,12:41,150000,golfpang,,,18홀,tr_220033927
대영힐스,2026-09-26,12:38,125000,golfpang,,,18홀,tr_220522402
이븐데일,2026-09-26,12:12,120000,golfpang,,,18홀,tr_220547753
오로라,2026-09-26,12:11,160000,golfpang,,,18홀,tr_220297535
빅토리아-퍼9,2026-09-26,12:17,124000,golfpang,,,18홀,tr_219762828
양지파인,2026-09-26,12:29,160000,golfpang,,,18홀,tr_220345774
골프존 화랑,2026-09-26,11:56,155000,golfpang,,,18홀,tr_220239334
클럽D 거창,2026-09-26,13:37,135000,golfpang,,,18홀,tr_220547637
골프존 안성H,2026-09-26,13:45,180000,golfpang,,,18홀,tr_220240953
스타,2026-09-26,13:44,140000,golfpang,,,18홀,tr_220033928
샤인데일,2026-09-26,13:51,130000,golfpang,,,18홀,tr_220104368
서산수,2026-09-26,13:50,180000,golfpang,,,18홀,tr_219817683
더크로스비,2026-09-26,13:30,197000,golfpang,,,18홀,tr_220505565
남춘천,2026-09-26,13:35,160000,golfpang,,,18홀,tr_220548037
360도,2026-09-26,13:37,170000,golfpang,,,18홀,tr_220469393
샤인데일,2026-09-26,13:37,130000,golfpang,,,18홀,tr_220104367
벨라스톤,2026-09-26,13:21,149000,golfpang,,,18홀,tr_220424005
플라밍고,2026-09-26,13:18,130000,golfpang,,,18홀,tr_220115057
용인(비공개),2026-09-26,13:24,179000,golfpang,,,18홀,tr_220348890
킹스데일,2026-09-26,13:24,165000,golfpang,,,18홀,tr_220014037
한림광릉,2026-09-26,13:23,190000,golfpang,,,18홀,tr_220345892
골프존 안성H,2026-09-26,13:31,180000,golfpang,,,18홀,tr_220240952
센테리움,2026-09-26,13:11,149000,golfpang,,,18홀,tr_220242207
속리산cc,2026-09-26,13:16,140000,golfpang,,,18홀,tr_219970483
이천(비공개명문),2026-09-26,13:15,222000,golfpang,,,18홀,tr_220012086
푸른솔포천,2026-09-26,13:06,210000,golfpang,,,18홀,tr_220150983
빅토리아-퍼9,2026-09-26,13:06,119000,golfpang,,,18홀,tr_219762829
여주,2026-09-26,13:04,190000,golfpang,,,18홀,tr_220502817
양평TPC,2026-09-26,13:01,160000,golfpang,,,18홀,tr_220431253
남한강에스파크,2026-09-26,18:21,99000,golfpang,,,18홀,tr_219345642
그린힐,2026-09-26,18:10,110000,golfpang,,,18홀,tr_220008015
남한강에스파크,2026-09-26,17:46,99000,golfpang,,,18홀,tr_219345640
남한강에스파크,2026-09-26,18:00,99000,golfpang,,,18홀,tr_219345641
비콘힐스,2026-09-26,18:12,90000,golfpang,,,18홀,tr_220485116
한림광릉,2026-09-26,17:31,150000,golfpang,,,18홀,tr_220345893
용인(비공개),2026-09-26,17:14,150000,golfpang,,,18홀,tr_220348891
이븐데일,2026-09-26,16:57,84000,golfpang,,,18홀,tr_220547754
더헤븐,2026-09-26,16:51,180000,golfpang,,,18홀,tr_220376921
더헤븐,2026-09-26,16:37,180000,golfpang,,,18홀,tr_220376920
알프스대영,2026-09-26,17:08,69000,golfpang,,,18홀,tr_220522615
더헤븐,2026-09-26,17:05,170000,golfpang,,,18홀,tr_220376922
골프존 화랑,2026-09-26,17:04,99000,golfpang,,,18홀,tr_220239335
대영힐스,2026-09-26,17:03,89000,golfpang,,,18홀,tr_220522403
이포,2026-09-26,17:38,150000,golfpang,,,18홀,tr_218958064
이포,2026-09-26,06:56,200000,golfpang,,,18홀,tr_218958116
크리스밸리,2026-09-26,12:21,170000,golfpang,,,18홀,tr_220566641
센테리움,2026-09-26,06:46,149000,golfpang,,,18홀,tr_220204371
써닝포인트,2026-09-26,17:01,135000,golfpang,,,18홀,tr_220348973
비콘힐스,2026-09-26,06:39,110000,golfpang,,,18홀,tr_220463270
써닝포인트,2026-09-26,06:28,165000,golfpang,,,18홀,tr_220278867
킹스데일,2026-09-26,07:19,155000,golfpang,,,18홀,tr_220204358
킹스데일,2026-09-26,12:49,165000,golfpang,,,18홀,tr_220204360
센테리움,2026-09-26,11:54,169000,golfpang,,,18홀,tr_220204398
써닝포인트,2026-09-26,11:48,175000,golfpang,,,18홀,tr_220278926
비콘힐스,2026-09-26,11:48,120000,golfpang,,,18홀,tr_220463228
한탄강,2026-09-26,14:00,160000,golfpang,,,18홀,tr_220441784
크리스밸리,2026-09-26,06:59,170000,golfpang,,,18홀,tr_220566638
한림광릉,2026-09-26,17:20,150000,golfpang,,,18홀,tr_219437857
포천힐스,2026-09-26,07:21,200000,golfpang,,,18홀,tr_220566632
한림용인,2026-09-26,07:21,180000,golfpang,,,18홀,tr_220566630
한림광릉,2026-09-26,07:21,190000,golfpang,,,18홀,tr_220566625
여주(비공개S),2026-09-26,07:40,180000,golfpang,,,18홀,tr_220033968
샴발라,2026-09-26,08:21,170000,golfpang,,,18홀,tr_220566480
알프스대영,2026-09-26,11:07,119000,golfpang,,,18홀,tr_220566415
알프스대영,2026-09-26,17:08,69000,golfpang,,,18홀,tr_220566416
알프스대영,2026-09-26,07:01,99000,golfpang,,,18홀,tr_220566414
솔트베이,2026-09-26,07:11,239000,golfpang,,,18홀,tr_220566392
이천(비공개),2026-09-26,06:35,130000,golfpang,,,18홀,tr_218026919
썬밸리(일죽),2026-09-26,06:45,140000,golfpang,,,18홀,tr_219870834
신안,2026-09-26,06:28,150000,golfpang,,,18홀,tr_219751424
이천(비공개),2026-09-26,12:28,140000,golfpang,,,18홀,tr_218765625
신안,2026-09-26,12:25,160000,golfpang,,,18홀,tr_220097333
한림용인,2026-09-26,13:11,160000,golfpang,,,18홀,tr_220241689
골프존 송도(구.오렌지듄스),2026-09-26,13:08,219000,golfpang,,,18홀,tr_219772514
강촌(비공개),2026-09-26,12:54,190000,golfpang,,,18홀,tr_217523333
강촌(비공개),2026-09-26,07:47,190000,golfpang,,,18홀,tr_217523330
포천힐스,2026-09-26,13:13,190000,golfpang,,,18홀,tr_220562288
포천힐스,2026-09-26,07:52,200000,golfpang,,,18홀,tr_220562267
여주(비공개),2026-09-26,07:40,180000,golfpang,,,18홀,tr_219557029
파인크리크,2026-09-26,13:45,220000,golfpang,,,18홀,tr_219557073
용인(비공개),2026-09-26,13:10,220000,golfpang,,,18홀,tr_219557055
오너스,2026-09-26,06:27,140000,golfpang,,,18홀,tr_220562221
포천(비공개),2026-09-26,13:07,200000,golfpang,,,18홀,tr_219557099
포레스트힐,2026-09-26,17:49,140000,golfpang,,,18홀,tr_219557103
힐마루 포천,2026-09-26,17:10,180000,golfpang,,,18홀,tr_219557100
오너스,2026-09-26,14:01,135000,golfpang,,,18홀,tr_220562251
강촌(비공개),2026-09-26,12:54,190000,golfpang,,,18홀,tr_217523579
리베라,2026-09-26,07:32,190000,golfpang,,,18홀,tr_220566307
로제비앙(구.큐로cc),2026-09-26,08:31,190000,golfpang,,,18홀,tr_220566301
감곡,2026-09-26,07:41,130000,golfpang,,,18홀,tr_220566295
진양밸리,2026-09-26,13:42,157000,golfpang,,,18홀,tr_220479051
진양밸리,2026-09-26,07:37,166000,golfpang,,,18홀,tr_220478978
포레스트힐,2026-09-26,07:26,189000,golfpang,,,18홀,tr_219332627
포레스트힐,2026-09-26,07:47,210000,golfpang,,,18홀,tr_219332629
포천(비공개),2026-09-26,13:16,210000,golfpang,,,18홀,tr_219332630
포레스트힐,2026-09-26,13:23,189000,golfpang,,,18홀,tr_219332628
알펜시아명문,2026-09-26,06:35,120000,golfpang,,,18홀,tr_220566247
알펜시아명문,2026-09-26,11:42,180000,golfpang,,,18홀,tr_220566249
알펜시아명문,2026-09-26,07:03,130000,golfpang,,,18홀,tr_220566248
솔라고,2026-09-26,14:10,140000,golfpang,,,18홀,tr_220398348
클럽72,2026-09-26,06:56,190000,golfpang,,,18홀,tr_220398358
골프존 진천,2026-09-26,12:10,209000,golfpang,,,18홀,tr_220013612
골든베이,2026-09-26,07:54,150000,golfpang,,,18홀,tr_220142418
클럽72,2026-09-26,07:59,220000,golfpang,,,18홀,tr_220400721
골프존 진천,2026-09-26,07:59,201000,golfpang,,,18홀,tr_220013615
골프존 천안,2026-09-26,07:57,182000,golfpang,,,18홀,tr_220013761
클럽72,2026-09-26,12:09,220000,golfpang,,,18홀,tr_220013813
골프존 안성H,2026-09-26,12:07,190000,golfpang,,,18홀,tr_220013808
골프존 안성H,2026-09-26,08:57,190000,golfpang,,,18홀,tr_220013799
골프존 진천,2026-09-26,08:41,206000,golfpang,,,18홀,tr_220121032
알펜시아700,2026-09-26,14:13,120000,golfpang,,,18홀,tr_220566141
알펜시아700,2026-09-26,07:22,110000,golfpang,,,18홀,tr_220566140
알펜시아700,2026-09-26,17:23,90000,golfpang,,,18홀,tr_220566142
이븐데일,2026-09-26,17:04,84000,golfpang,,,18홀,tr_220560954
스타,2026-09-26,12:48,150000,golfpang,,,18홀,tr_219778026
대호단양,2026-09-26,12:34,169000,golfpang,,,18홀,tr_219777444
로얄포레,2026-09-26,12:34,119000,golfpang,,,18홀,tr_220565076
골든베이,2026-09-26,12:21,150000,golfpang,,,18홀,tr_220206323
파인스톤,2026-09-26,12:20,220000,golfpang,,,18홀,tr_220565884
킹스데일,2026-09-26,14:13,160000,golfpang,,,18홀,tr_220326632
속리산cc,2026-09-26,14:12,120000,golfpang,,,18홀,tr_220561387
보령베이스-퍼9,2026-09-26,13:48,99000,golfpang,,,18홀,tr_220200874
속리산cc,2026-09-26,13:58,120000,golfpang,,,18홀,tr_220561386
스톤비치,2026-09-26,14:05,160000,golfpang,,,18홀,tr_219372629
감곡,2026-09-26,14:03,150000,golfpang,,,18홀,tr_220562016
모카cc,2026-09-26,14:03,130000,golfpang,,,18홀,tr_220562431
서산수,2026-09-26,13:43,180000,golfpang,,,18홀,tr_220011939
힐데스하임,2026-09-26,13:19,150000,golfpang,,,18홀,tr_220565976
떼제베,2026-09-26,13:21,160000,golfpang,,,18홀,tr_220562336
프린세스,2026-09-26,13:21,160000,golfpang,,,18홀,tr_220565823
임페리얼레이크,2026-09-26,13:09,139000,golfpang,,,18홀,tr_220565182
중원,2026-09-26,13:14,130000,golfpang,,,18홀,tr_220560845
로얄포레,2026-09-26,18:22,79000,golfpang,,,18홀,tr_220565077
임페리얼레이크,2026-09-26,18:08,99000,golfpang,,,18홀,tr_220565183
올데이,2026-09-26,18:22,59000,golfpang,,,18홀,tr_220565131
파인스톤,2026-09-26,17:36,150000,golfpang,,,18홀,tr_220565885
스톤비치,2026-09-26,17:44,130000,golfpang,,,18홀,tr_219372630
스타,2026-09-26,17:42,100000,golfpang,,,18홀,tr_219778027
감곡,2026-09-26,17:17,110000,golfpang,,,18홀,tr_220562017
떼제베(동북),2026-09-26,12:53,140000,golfpang,,,18홀,tr_220562187
대호단양,2026-09-26,17:02,119000,golfpang,,,18홀,tr_219777445
해솔리아,2026-09-26,17:01,150000,golfpang,,,18홀,tr_220437249
빅토리아-퍼9,2026-09-26,06:56,119000,golfpang,,,18홀,tr_219749443
더크로스비,2026-09-26,06:42,187000,golfpang,,,18홀,tr_220547495
써닝포인트,2026-09-26,06:35,205000,golfpang,,,18홀,tr_220421785
에델바이스(가명),2026-09-26,06:35,200000,golfpang,,,18홀,tr_220494070
에덴블루,2026-09-26,06:28,134200,golfpang,,,18홀,tr_220481104
여주썬밸리(퍼9),2026-09-26,06:34,110000,golfpang,,,18홀,tr_220230752
용인(비공개),2026-09-26,06:32,179000,golfpang,,,18홀,tr_220366623
에델바이스(가명),2026-09-26,06:28,200000,golfpang,,,18홀,tr_220494069
한림용인,2026-09-26,06:24,205000,golfpang,,,18홀,tr_220423305
더헤븐,2026-09-26,05:40,200000,golfpang,,,18홀,tr_220411631
신안(오렌지),2026-09-26,06:21,100000,golfpang,,,18홀,tr_219937025
신안,2026-09-26,06:21,150000,golfpang,,,18홀,tr_219936622
더헤븐,2026-09-26,06:02,210000,golfpang,,,18홀,tr_220411632
더크로스비,2026-09-26,08:20,207000,golfpang,,,18홀,tr_220547496
한림용인,2026-09-26,07:55,225000,golfpang,,,18홀,tr_220423306
이글몬트,2026-09-26,08:05,180000,golfpang,,,18홀,tr_220375974
안성(비공개),2026-09-26,08:01,160000,golfpang,,,18홀,tr_220139055
이천(비공개명문),2026-09-26,07:53,269000,golfpang,,,18홀,tr_220481123
히든밸리,2026-09-26,07:59,170000,golfpang,,,18홀,tr_220411488
여주,2026-09-26,07:40,200000,golfpang,,,18홀,tr_220015427
뉴스프링빌,2026-09-26,07:30,260000,golfpang,,,18홀,tr_219937435
골프존 안성H,2026-09-26,07:19,180000,golfpang,,,18홀,tr_220547408
솔모로,2026-09-26,07:12,200000,golfpang,,,18홀,tr_220560289
스카이밸리,2026-09-26,07:09,200000,golfpang,,,18홀,tr_220437329
여주,2026-09-26,13:11,190000,golfpang,,,18홀,tr_220015428
써닝포인트,2026-09-26,12:44,215000,golfpang,,,18홀,tr_220421787
해솔리아,2026-09-26,12:37,180000,golfpang,,,18홀,tr_220437248
스카이밸리,2026-09-26,12:29,190000,golfpang,,,18홀,tr_220437330
더크로스비,2026-09-26,12:27,217000,golfpang,,,18홀,tr_220547497
신안,2026-09-26,12:25,170000,golfpang,,,18홀,tr_219936623
이천(비공개명문),2026-09-26,12:00,238000,golfpang,,,18홀,tr_220481124
뉴스프링빌,2026-09-26,12:06,240000,golfpang,,,18홀,tr_219937436
빅토리아-퍼9,2026-09-26,11:28,124000,golfpang,,,18홀,tr_219749444
안성(비공개),2026-09-26,08:36,160000,golfpang,,,18홀,tr_220139054
해솔리아,2026-09-26,08:27,190000,golfpang,,,18홀,tr_220437247
양평TPC,2026-09-26,08:23,180000,golfpang,,,18홀,tr_220431329
솔모로,2026-09-26,08:22,200000,golfpang,,,18홀,tr_220560290
더헤븐,2026-09-26,16:30,180000,golfpang,,,18홀,tr_220411633
용인(비공개),2026-09-26,13:52,179000,golfpang,,,18홀,tr_220366624
골프존 안성H,2026-09-26,13:38,180000,golfpang,,,18홀,tr_220547410
에덴블루,2026-09-26,13:32,141700,golfpang,,,18홀,tr_220481105
골프존 안성H,2026-09-26,13:31,180000,golfpang,,,18홀,tr_220547409
양평TPC,2026-09-26,13:22,160000,golfpang,,,18홀,tr_220431330
신안,2026-09-26,13:21,160000,golfpang,,,18홀,tr_219936624
히든밸리,2026-09-26,13:05,160000,golfpang,,,18홀,tr_220411489
한림용인,2026-09-26,13:11,160000,golfpang,,,18홀,tr_220423307
이글몬트,2026-09-26,13:11,170000,golfpang,,,18홀,tr_220375975
에덴블루,2026-09-26,19:03,115000,golfpang,,,18홀,tr_220481106
신안(병행),2026-09-26,18:03,100000,golfpang,,,18홀,tr_219936825
아난티중앙(야간),2026-09-26,18:02,140000,golfpang,,,18홀,tr_220417415
신안(병행),2026-09-26,17:35,110000,golfpang,,,18홀,tr_219936824
아난티중앙(야간),2026-09-26,17:44,140000,golfpang,,,18홀,tr_220417414
빅토리아-퍼9,2026-09-26,17:10,99000,golfpang,,,18홀,tr_219749445
써닝포인트,2026-09-26,07:03,215000,golfpang,,,18홀,tr_220421786
용인(비공개),2026-09-26,17:14,150000,golfpang,,,18홀,tr_220366625
스톤비치,2026-09-26,16:40,90000,golfpang,,,18홀,tr_220547235
기흥(비공개),2026-09-26,11:50,270000,golfpang,,,18홀,tr_219052102
리베라,2026-09-26,06:50,220000,golfpang,,,18홀,tr_220240135
한성,2026-09-26,08:20,305000,golfpang,,,18홀,tr_219327689
용인(비공개),2026-09-26,08:20,179000,golfpang,,,18홀,tr_220346247
서울인근비공개,2026-09-26,08:00,270000,golfpang,,,18홀,tr_219840022
기흥(비공개),2026-09-26,06:40,260000,golfpang,,,18홀,tr_219052093
서울인근비공개,2026-09-26,11:00,290000,golfpang,,,18홀,tr_220399620
용인(비공개),2026-09-26,12:30,179000,golfpang,,,18홀,tr_220216216
리베라,2026-09-26,14:10,220000,golfpang,,,18홀,tr_220240274
용인플라자,2026-09-26,16:50,150000,golfpang,,,18홀,tr_219327552
서산수,2026-09-26,11:58,190000,golfpang,,,18홀,tr_219569988
서산수,2026-09-26,08:07,190000,golfpang,,,18홀,tr_219569862
가평프리스틴밸리,2026-09-26,07:47,220000,golfpang,,,18홀,tr_220000565
용인(비공개명문),2026-09-26,07:58,270000,golfpang,,,18홀,tr_220207524
서산수,2026-09-26,08:07,190000,golfpang,,,18홀,tr_220306927
남춘천,2026-09-26,08:50,180000,golfpang,,,18홀,tr_220306670
스카이밸리,2026-09-26,13:25,170000,golfpang,,,18홀,tr_217320655
가평프리스틴밸리,2026-09-26,07:26,200000,golfpang,,,18홀,tr_218537058
감곡,2026-09-26,17:38,110000,golfpang,,,18홀,tr_220563705
남춘천,2026-09-26,06:39,160000,golfpang,,,18홀,tr_220377390
포천힐스,2026-09-26,06:35,190000,golfpang,,,18홀,tr_220056808
샤인데일,2026-09-26,06:34,130000,golfpang,,,18홀,tr_220203571
비콘힐스,2026-09-26,06:32,110000,golfpang,,,18홀,tr_220493929
360도,2026-09-26,06:22,177000,golfpang,,,18홀,tr_220485777
양지파인,2026-09-26,06:14,150000,golfpang,,,18홀,tr_220563485
대영베이스,2026-09-26,06:13,109000,golfpang,,,18홀,tr_220345177
대영힐스,2026-09-26,06:07,99000,golfpang,,,18홀,tr_220345204
한림광릉,2026-09-26,07:20,190000,golfpang,,,18홀,tr_220345261
대영베이스,2026-09-26,07:20,129000,golfpang,,,18홀,tr_220345178
골프존 안성H,2026-09-26,07:05,180000,golfpang,,,18홀,tr_220250488
솔모로,2026-09-26,07:05,200000,golfpang,,,18홀,tr_220400038
해솔리아,2026-09-26,06:56,180000,golfpang,,,18홀,tr_220563773
그린힐,2026-09-26,06:49,160000,golfpang,,,18홀,tr_220086625
모카cc,2026-09-26,06:54,135000,golfpang,,,18홀,tr_220563653
양평TPC,2026-09-26,06:52,160000,golfpang,,,18홀,tr_220314821
대영힐스,2026-09-26,06:42,115000,golfpang,,,18홀,tr_220345205
골프존 안성H,2026-09-26,08:15,190000,golfpang,,,18홀,tr_220250489
여주,2026-09-26,07:54,200000,golfpang,,,18홀,tr_220032655
양지파인,2026-09-26,07:52,160000,golfpang,,,18홀,tr_220563486
비콘힐스,2026-09-26,07:42,120000,golfpang,,,18홀,tr_220493930
솔모로,2026-09-26,07:47,200000,golfpang,,,18홀,tr_220400039
모카cc,2026-09-26,07:43,140000,golfpang,,,18홀,tr_220563654
그린힐,2026-09-26,07:24,180000,golfpang,,,18홀,tr_220086627
포천힐스,2026-09-26,07:24,200000,golfpang,,,18홀,tr_220056809
이글몬트,2026-09-26,07:23,180000,golfpang,,,18홀,tr_220563599
감곡,2026-09-26,12:18,150000,golfpang,,,18홀,tr_220563706
양평TPC,2026-09-26,11:51,170000,golfpang,,,18홀,tr_220314822
로얄링스,2026-09-26,11:38,120000,golfpang,,,18홀,tr_220221405
대영베이스,2026-09-26,11:32,139000,golfpang,,,18홀,tr_220345179
대영힐스,2026-09-26,11:26,139000,golfpang,,,18홀,tr_220345206
신라,2026-09-26,08:42,210000,golfpang,,,18홀,tr_220207223
로얄링스,2026-09-26,08:13,120000,golfpang,,,18홀,tr_220221404
한림광릉,2026-09-26,13:23,190000,golfpang,,,18홀,tr_220345262
포천힐스,2026-09-26,13:06,190000,golfpang,,,18홀,tr_220327642
여주,2026-09-26,13:04,190000,golfpang,,,18홀,tr_220032656
신라,2026-09-26,12:55,190000,golfpang,,,18홀,tr_220207224
비콘힐스,2026-09-26,12:43,120000,golfpang,,,18홀,tr_220493931
해솔리아,2026-09-26,12:37,180000,golfpang,,,18홀,tr_220563774
샤인데일,2026-09-26,17:22,95000,golfpang,,,18홀,tr_220203573
해솔리아,2026-09-26,17:08,150000,golfpang,,,18홀,tr_220563775
샤인데일,2026-09-26,13:51,130000,golfpang,,,18홀,tr_220203572
이글몬트,2026-09-26,13:39,170000,golfpang,,,18홀,tr_220563600
360도,2026-09-26,13:37,170000,golfpang,,,18홀,tr_220485778
골프존 안성H,2026-09-26,13:31,180000,golfpang,,,18홀,tr_220250490
그린힐,2026-09-26,18:10,110000,golfpang,,,18홀,tr_220086626
리베라,2026-09-26,18:03,160000,golfpang,,,18홀,tr_220207160
리베라,2026-09-26,18:03,160000,golfpang,,,18홀,tr_220207159
동서울cc-퍼9,2026-09-26,12:07,109000,golfpang,,,18홀,tr_220565679
동서울cc-퍼9,2026-09-26,06:31,119000,golfpang,,,18홀,tr_220565678
동서울cc-퍼9,2026-09-26,18:10,65000,golfpang,,,18홀,tr_220565680
비콘힐스,2026-09-26,08:03,130000,golfpang,,,18홀,tr_220454516
스톤비치,2026-09-26,17:02,90000,golfpang,,,18홀,tr_217520203
알펜시아700,2026-09-26,14:13,120000,golfpang,,,18홀,tr_220565546
알펜시아700,2026-09-26,07:22,110000,golfpang,,,18홀,tr_220565545
알펜시아700,2026-09-26,18:33,80000,golfpang,,,18홀,tr_220565547
스톤비치,2026-09-26,16:40,100000,golfpang,,,18홀,tr_219567025
스톤비치,2026-09-26,09:50,120000,golfpang,,,18홀,tr_219567003
남춘천,2026-09-26,08:50,180000,golfpang,,,18홀,tr_220548423
남춘천,2026-09-26,12:00,170000,golfpang,,,18홀,tr_220548437
알펜시아명문,2026-09-26,11:42,180000,golfpang,,,18홀,tr_220565462
알펜시아명문,2026-09-26,06:35,120000,golfpang,,,18홀,tr_220565460
알펜시아명문,2026-09-26,07:03,130000,golfpang,,,18홀,tr_220565461
감곡,2026-09-26,17:38,110000,golfpang,,,18홀,tr_220565438
감곡,2026-09-26,07:54,160000,golfpang,,,18홀,tr_220565436
감곡,2026-09-26,17:17,110000,golfpang,,,18홀,tr_220565437
골드,2026-09-26,12:32,229000,golfpang,,,18홀,tr_218986081
골드,2026-09-26,17:33,149000,golfpang,,,18홀,tr_218986075
코리아,2026-09-26,17:33,159000,golfpang,,,18홀,tr_219231091
코리아,2026-09-26,12:25,239000,golfpang,,,18홀,tr_219519180
코리아,2026-09-26,06:21,239000,golfpang,,,18홀,tr_220394746
골드,2026-09-26,06:42,229000,golfpang,,,18홀,tr_218986066
속리산cc,2026-09-26,11:28,120000,golfpang,,,18홀,tr_220522408
베르힐(영종),2026-09-26,17:36,200000,golfpang,,,18홀,tr_220203898
베르힐(영종),2026-09-26,18:11,190000,golfpang,,,18홀,tr_220203900
속리산cc,2026-09-26,12:41,120000,golfpang,,,18홀,tr_220522353
속리산cc,2026-09-26,06:38,120000,golfpang,,,18홀,tr_220522347
힐마루 포천,2026-09-26,17:38,160000,golfpang,,,18홀,tr_220205933
알프스대영,2026-09-26,18:18,59000,golfpang,,,18홀,tr_220565364
알프스대영,2026-09-26,12:31,109000,golfpang,,,18홀,tr_220565363
알프스대영,2026-09-26,07:01,99000,golfpang,,,18홀,tr_220565362
여주(비공개S),2026-09-26,07:30,180000,golfpang,,,18홀,tr_218016987
골든베이,2026-09-26,11:40,150000,golfpang,,,18홀,tr_219343748
플라밍고,2026-09-26,06:48,130000,golfpang,,,18홀,tr_220127988
로얄링스,2026-09-26,07:10,120000,golfpang,,,18홀,tr_220128075
플라밍고,2026-09-26,13:11,130000,golfpang,,,18홀,tr_220128002
스카이밸리,2026-09-26,13:11,170000,golfpang,,,18홀,tr_220128148
로얄링스,2026-09-26,12:48,120000,golfpang,,,18홀,tr_220128099
골든베이,2026-09-26,08:00,150000,golfpang,,,18홀,tr_219343718
비콘힐스,2026-09-26,18:19,90000,golfpang,,,18홀,tr_220565306
비콘힐스,2026-09-26,11:54,120000,golfpang,,,18홀,tr_220565303
오너스,2026-09-26,14:01,130000,golfpang,,,18홀,tr_220565291
오너스,2026-09-26,06:27,140000,golfpang,,,18홀,tr_220565290
용인(비공개명문),2026-09-26,13:10,220000,golfpang,,,18홀,tr_218778242
힐마루 포천,2026-09-26,17:10,160000,golfpang,,,18홀,tr_218778357
포레스트힐,2026-09-26,17:49,140000,golfpang,,,18홀,tr_220565233
파인크리크,2026-09-26,13:45,220000,golfpang,,,18홀,tr_220565205
포천(비공개),2026-09-26,13:00,200000,golfpang,,,18홀,tr_218778354
포천힐스,2026-09-26,07:52,200000,golfpang,,,18홀,tr_220565198
포천힐스,2026-09-26,13:13,190000,golfpang,,,18홀,tr_220565202
여주(비공개),2026-09-26,07:54,180000,golfpang,,,18홀,tr_220207790
포레스트힐,2026-09-26,08:36,200000,golfpang,,,18홀,tr_220565249
포레스트힐,2026-09-26,07:26,190000,golfpang,,,18홀,tr_220565248
포레스트힐,2026-09-26,18:52,150000,golfpang,,,18홀,tr_220565250
이천(비공개명문),2026-09-26,08:40,190000,golfpang,,,18홀,tr_220565235
남이천(비공개),2026-09-26,07:45,190000,golfpang,,,18홀,tr_220565230
옥스필드,2026-09-26,07:28,99000,golfpang,,,18홀,tr_220565224
옥스필드,2026-09-26,13:16,109000,golfpang,,,18홀,tr_220565225
옥스필드,2026-09-26,18:08,69000,golfpang,,,18홀,tr_220565226
남이천(비공개),2026-09-26,13:30,180000,golfpang,,,18홀,tr_220565204
벨라스톤,2026-09-26,08:41,169000,golfpang,,,18홀,tr_220556928
동서울cc-퍼9,2026-09-26,12:42,94000,golfpang,,,18홀,tr_220153728
벨라스톤,2026-09-26,17:38,100000,golfpang,,,18홀,tr_219548621
벨라스톤,2026-09-26,06:28,149000,golfpang,,,18홀,tr_220558803
웰리힐리,2026-09-26,12:42,190000,golfpang,,,18홀,tr_220558141
벨라스톤,2026-09-26,17:38,100000,golfpang,,,18홀,tr_219548620
동서울cc-퍼9,2026-09-26,06:38,94000,golfpang,,,18홀,tr_220153729
클럽D 보은,2026-09-26,07:11,160000,golfpang,,,18홀,tr_220539400
대영힐스,2026-09-26,06:07,95000,golfpang,,,18홀,tr_220543308
킹즈락,2026-09-26,06:10,140000,golfpang,,,18홀,tr_220540313
대영베이스,2026-09-26,06:20,119000,golfpang,,,18홀,tr_219073238
일레븐,2026-09-26,17:58,85000,golfpang,,,18홀,tr_220541372
세레니티cc,2026-09-26,19:30,130000,golfpang,,,18홀,tr_220537766
일레븐,2026-09-26,13:24,135000,golfpang,,,18홀,tr_220537204
킹즈락,2026-09-26,14:00,150000,golfpang,,,18홀,tr_220541345
대영힐스,2026-09-26,16:56,89000,golfpang,,,18홀,tr_220539280
이븐데일,2026-09-26,12:19,120000,golfpang,,,18홀,tr_220541545
대영베이스,2026-09-26,12:45,149000,golfpang,,,18홀,tr_219073240
이븐데일,2026-09-26,12:55,120000,golfpang,,,18홀,tr_220545541
대호단양,2026-09-26,11:45,179000,golfpang,,,18홀,tr_220537922
대영베이스,2026-09-26,11:33,149000,golfpang,,,18홀,tr_219073239
로얄링스,2026-09-26,11:38,120000,golfpang,,,18홀,tr_219575425
에스앤-퍼9,2026-09-26,12:03,100000,golfpang,,,18홀,tr_220536764
코스카,2026-09-26,11:52,170000,golfpang,,,18홀,tr_220546274
일레븐,2026-09-26,11:53,140000,golfpang,,,18홀,tr_220541254
서산수,2026-09-26,12:12,190000,golfpang,,,18홀,tr_219807251
스프링베일-퍼9,2026-09-26,12:50,-1,golfpang,,,18홀,tr_220515097
파주,2026-09-26,12:48,260000,golfpang,,,18홀,tr_220516520
한림광릉,2026-09-26,13:02,190000,golfpang,,,18홀,tr_220559748
파주타이거,2026-09-26,07:10,210000,golfpang,,,18홀,tr_220515269
코브스윙,2026-09-26,07:27,-1,golfpang,,,18홀,tr_220518374
한림광릉,2026-09-26,07:55,190000,golfpang,,,18홀,tr_220559747
푸른솔포천,2026-09-26,06:42,210000,golfpang,,,18홀,tr_220514735
라싸,2026-09-26,06:41,199000,golfpang,,,18홀,tr_220513994
비콘힐스,2026-09-26,07:07,120000,golfpang,,,18홀,tr_220423330
포천힐스,2026-09-26,07:03,220000,golfpang,,,18홀,tr_220517700
파주타이거,2026-09-26,06:07,170000,golfpang,,,18홀,tr_220520718
양주,2026-09-26,06:35,-1,golfpang,,,18홀,tr_220515227
남춘천,2026-09-26,06:32,160000,golfpang,,,18홀,tr_220562139
한림광릉,2026-09-26,17:31,150000,golfpang,,,18홀,tr_220559749
라싸,2026-09-26,18:14,169000,golfpang,,,18홀,tr_220514371
파주타이거,2026-09-26,13:22,200000,golfpang,,,18홀,tr_220520917
포천힐스,2026-09-26,13:34,200000,golfpang,,,18홀,tr_220517800
라싸,2026-09-26,13:56,199000,golfpang,,,18홀,tr_220514368
양주,2026-09-26,13:55,-1,golfpang,,,18홀,tr_220518219
스마트KU,2026-09-26,14:03,220000,golfpang,,,18홀,tr_220514730
비콘힐스,2026-09-26,17:09,90000,golfpang,,,18홀,tr_220423332
비콘힐스,2026-09-26,12:22,120000,golfpang,,,18홀,tr_220423331
오너스,2026-09-26,12:30,180000,golfpang,,,18홀,tr_220519180
남춘천,2026-09-26,12:27,170000,golfpang,,,18홀,tr_220562140
양평TPC,2026-09-26,13:08,160000,golfpang,,,18홀,tr_220307233
해솔리아,2026-09-26,13:05,200000,golfpang,,,18홀,tr_220290526
이글몬트,2026-09-26,13:11,170000,golfpang,,,18홀,tr_220391983
골프존 안성H,2026-09-26,08:15,180000,golfpang,,,18홀,tr_220503257
양지파인,2026-09-26,08:14,170000,golfpang,,,18홀,tr_220501713
클럽72,2026-09-26,08:27,210000,golfpang,,,18홀,tr_220496377
빅토리아-퍼9,2026-09-26,11:21,124000,golfpang,,,18홀,tr_219749029
레인보우힐스,2026-09-26,09:24,255000,golfpang,,,18홀,tr_220500676
360도,2026-09-26,11:52,190000,golfpang,,,18홀,tr_220560975
유니아일랜드,2026-09-26,11:46,210000,golfpang,,,18홀,tr_220494694
신라,2026-09-26,11:59,190000,golfpang,,,18홀,tr_220376693
여주,2026-09-26,11:54,220000,golfpang,,,18홀,tr_220501638
써닝포인트,2026-09-26,07:10,185000,golfpang,,,18홀,tr_220501247
에덴블루,2026-09-26,07:27,200000,golfpang,,,18홀,tr_219810537
그린힐,2026-09-26,07:45,160000,golfpang,,,18홀,tr_220498617
양평TPC,2026-09-26,06:52,160000,golfpang,,,18홀,tr_220307232
솔모로,2026-09-26,06:51,200000,golfpang,,,18홀,tr_220500702
신라,2026-09-26,06:50,170000,golfpang,,,18홀,tr_220376692
빅토리아-퍼9,2026-09-26,06:49,119000,golfpang,,,18홀,tr_219749028
해솔리아,2026-09-26,06:56,200000,golfpang,,,18홀,tr_220290525
젠스필드,2026-09-26,07:02,160000,golfpang,,,18홀,tr_220494590
신라,2026-09-26,07:11,180000,golfpang,,,18홀,tr_220500280
양지파인,2026-09-26,06:07,150000,golfpang,,,18홀,tr_220496730
마론뉴데이,2026-09-26,06:16,250000,golfpang,,,18홀,tr_220499465
360도,2026-09-26,06:15,197000,golfpang,,,18홀,tr_220560974
양지파인,2026-09-26,06:14,150000,golfpang,,,18홀,tr_220521942
스카이밸리,2026-09-26,06:27,200000,golfpang,,,18홀,tr_220291040
파인크리크,2026-09-26,06:27,270000,golfpang,,,18홀,tr_220495834
용인(비공개),2026-09-26,06:25,179000,golfpang,,,18홀,tr_220236314
용인(비공개),2026-09-26,06:25,179000,golfpang,,,18홀,tr_220236313
아세코밸리-퍼9,2026-09-26,17:03,120000,golfpang,,,18홀,tr_220501426
용인(비공개),2026-09-26,17:21,150000,golfpang,,,18홀,tr_220236315
에덴블루,2026-09-26,17:29,135000,golfpang,,,18홀,tr_219810539
신안(병행),2026-09-26,17:56,100000,golfpang,,,18홀,tr_220502649
그린힐,2026-09-26,18:10,110000,golfpang,,,18홀,tr_220278886
클럽72,2026-09-26,18:18,140000,golfpang,,,18홀,tr_220496353
그린힐,2026-09-26,18:31,110000,golfpang,,,18홀,tr_220278887
신안(병행),2026-09-26,18:31,100000,golfpang,,,18홀,tr_220502650
리베라,2026-09-26,18:52,140000,golfpang,,,18홀,tr_220502160
신안,2026-09-26,18:45,100000,golfpang,,,18홀,tr_220522422
빅토리아-퍼9,2026-09-26,18:34,-1,golfpang,,,18홀,tr_220499170
세현,2026-09-26,19:12,160000,golfpang,,,18홀,tr_220495272
신안,2026-09-26,18:52,100000,golfpang,,,18홀,tr_220522423
신라,2026-09-26,13:16,190000,golfpang,,,18홀,tr_220500281
골프존 안성H,2026-09-26,13:31,180000,golfpang,,,18홀,tr_220503258
신라,2026-09-26,13:44,180000,golfpang,,,18홀,tr_220376694
스카이밸리,2026-09-26,13:46,190000,golfpang,,,18홀,tr_220291041
골프존 안성H,2026-09-26,14:06,180000,golfpang,,,18홀,tr_220503259
코리아-퍼9,2026-09-26,15:38,130000,golfpang,,,18홀,tr_220348502
해솔리아,2026-09-26,17:01,150000,golfpang,,,18홀,tr_220290527
빅토리아-퍼9,2026-09-26,17:10,99000,golfpang,,,18홀,tr_219749030
에덴블루,2026-09-26,12:02,210000,golfpang,,,18홀,tr_219810538
젠스필드,2026-09-26,12:08,170000,golfpang,,,18홀,tr_220494595
양지파인,2026-09-26,12:36,160000,golfpang,,,18홀,tr_220521943
더크로스비,2026-09-26,06:42,187000,golfpang,,,18홀,tr_220560691
더크로스비,2026-09-26,13:30,197000,golfpang,,,18홀,tr_220560693
신안,2026-09-26,13:14,160000,golfpang,,,18홀,tr_220565050
신안,2026-09-26,13:14,160000,golfpang,,,18홀,tr_220565048
스톤비치,2026-09-26,16:48,90000,golfpang,,,18홀,tr_217520200
비콘힐스,2026-09-26,17:09,90000,golfpang,,,18홀,tr_220564916
비콘힐스,2026-09-26,17:16,90000,golfpang,,,18홀,tr_220564917
비콘힐스,2026-09-26,18:12,90000,golfpang,,,18홀,tr_220564918
옥스필드,2026-09-26,07:21,99000,golfpang,,,18홀,tr_220521600
옥스필드,2026-09-26,06:25,89000,golfpang,,,18홀,tr_220521599
옥스필드,2026-09-26,05:57,69000,golfpang,,,18홀,tr_220521598
알프스대영,2026-09-26,06:12,89000,golfpang,,,18홀,tr_220479075
알프스대영,2026-09-26,07:01,109000,golfpang,,,18홀,tr_220479076
알프스대영,2026-09-26,17:36,69000,golfpang,,,18홀,tr_220479077
임페리얼레이크,2026-09-26,07:14,129000,golfpang,,,18홀,tr_220518895
임페리얼레이크,2026-09-26,18:01,99000,golfpang,,,18홀,tr_220518896
임페리얼레이크,2026-09-26,06:25,119000,golfpang,,,18홀,tr_220518894
올데이,2026-09-26,06:32,79000,golfpang,,,18홀,tr_220518629
올데이,2026-09-26,18:15,59000,golfpang,,,18홀,tr_220518631
올데이,2026-09-26,07:14,89000,golfpang,,,18홀,tr_220518630
로얄포레,2026-09-26,06:53,119000,golfpang,,,18홀,tr_220515702
로얄포레,2026-09-26,18:15,79000,golfpang,,,18홀,tr_220515703
로얄포레,2026-09-26,05:57,89000,golfpang,,,18홀,tr_220515701
대영힐스,2026-09-26,06:35,105000,golfpang,,,18홀,tr_220483505
대영힐스,2026-09-26,07:24,115000,golfpang,,,18홀,tr_220483506
대영힐스,2026-09-26,05:53,90000,golfpang,,,18홀,tr_220483504
대영베이스,2026-09-26,18:24,89000,golfpang,,,18홀,tr_220564881
대영베이스,2026-09-26,06:13,105000,golfpang,,,18홀,tr_220564879
대영베이스,2026-09-26,12:52,129000,golfpang,,,18홀,tr_220564880
대영베이스,2026-09-26,18:44,89000,golfpang,,,18홀,tr_220481280
대영베이스,2026-09-26,12:45,129000,golfpang,,,18홀,tr_220481279
대영베이스,2026-09-26,06:13,105000,golfpang,,,18홀,tr_220481278
포천힐스,2026-09-26,07:10,200000,golfpang,,,18홀,tr_220393101
포레스트힐,2026-09-26,07:19,200000,golfpang,,,18홀,tr_220339564
오너스,2026-09-26,07:30,130000,golfpang,,,18홀,tr_220325214
베스트밸리-퍼9,2026-09-26,07:43,200000,golfpang,,,18홀,tr_220499665
비콘힐스,2026-09-26,08:03,130000,golfpang,,,18홀,tr_220468766
비콘힐스,2026-09-26,07:07,120000,golfpang,,,18홀,tr_220468765
남춘천,2026-09-26,07:21,170000,golfpang,,,18홀,tr_220393270
베스트밸리-퍼9,2026-09-26,06:12,190000,golfpang,,,18홀,tr_220499664
포천힐스,2026-09-26,06:35,190000,golfpang,,,18홀,tr_220393100
샤인데일,2026-09-26,06:34,130000,golfpang,,,18홀,tr_220099982
비콘힐스,2026-09-26,06:32,110000,golfpang,,,18홀,tr_220468764
남춘천,2026-09-26,06:32,160000,golfpang,,,18홀,tr_220393269
해솔리아,2026-09-26,06:56,180000,golfpang,,,18홀,tr_220502862
해솔리아,2026-09-26,12:37,180000,golfpang,,,18홀,tr_220502864
해솔리아,2026-09-26,08:27,190000,golfpang,,,18홀,tr_220502863
양지파인,2026-09-26,06:14,150000,golfpang,,,18홀,tr_220496836
양지파인,2026-09-26,07:22,160000,golfpang,,,18홀,tr_220496837
양평TPC,2026-09-26,06:52,160000,golfpang,,,18홀,tr_220467903
양평TPC,2026-09-26,07:55,180000,golfpang,,,18홀,tr_220467904
에덴블루,2026-09-26,08:26,199000,golfpang,,,18홀,tr_220496864
에덴블루,2026-09-26,07:20,189000,golfpang,,,18홀,tr_220496863
에덴블루,2026-09-26,06:28,179000,golfpang,,,18홀,tr_220496862
남한강에스파크,2026-09-26,13:41,189000,golfpang,,,18홀,tr_218036788
벨라스톤,2026-09-26,12:25,150000,golfpang,,,18홀,tr_219445040
오로라,2026-09-26,12:18,160000,golfpang,,,18홀,tr_220328348
웰리힐리,2026-09-26,12:18,190000,golfpang,,,18홀,tr_218564496
웰리힐리,2026-09-26,12:42,190000,golfpang,,,18홀,tr_218564497
휘닉스,2026-09-26,12:52,220000,golfpang,,,18홀,tr_218757992
벨라스톤,2026-09-26,17:17,109000,golfpang,,,18홀,tr_219445041
오로라,2026-09-26,08:08,160000,golfpang,,,18홀,tr_220328347
오로라,2026-09-26,18:06,100000,golfpang,,,18홀,tr_220328349
동강시스타,2026-09-26,17:10,80000,golfpang,,,18홀,tr_217261302
동강시스타,2026-09-26,13:07,110000,golfpang,,,18홀,tr_217261301
웰리힐리,2026-09-26,07:02,190000,golfpang,,,18홀,tr_218564495
남한강에스파크,2026-09-26,06:55,179000,golfpang,,,18홀,tr_218036786
휘닉스,2026-09-26,07:37,220000,golfpang,,,18홀,tr_218757991
벨라스톤,2026-09-26,08:34,170000,golfpang,,,18홀,tr_219445039
남한강에스파크,2026-09-26,08:40,209000,golfpang,,,18홀,tr_218036787
동강시스타,2026-09-26,08:36,120000,golfpang,,,18홀,tr_217261300
엘레강스(가명),2026-09-26,13:08,190000,golfpang,,,18홀,tr_217520826
360도,2026-09-26,06:22,177000,golfpang,,,18홀,tr_220496813
360도,2026-09-26,13:37,170000,golfpang,,,18홀,tr_220496814
한림광릉,2026-09-26,13:02,190000,golfpang,,,18홀,tr_219715737
몽베르(대중제),2026-09-26,13:00,180000,golfpang,,,18홀,tr_219716445
오너스,2026-09-26,08:26,140000,golfpang,,,18홀,tr_220324886
포레스트힐,2026-09-26,08:36,210000,golfpang,,,18홀,tr_220561875
포천힐스,2026-09-26,07:24,200000,golfpang,,,18홀,tr_220561310
오너스,2026-09-26,07:30,130000,golfpang,,,18홀,tr_220324885
몽베르(대중제),2026-09-26,07:29,200000,golfpang,,,18홀,tr_219716444
한림광릉,2026-09-26,07:34,190000,golfpang,,,18홀,tr_219715735
가평(비공개),2026-09-26,07:33,220000,golfpang,,,18홀,tr_219986623
베스트밸리-퍼9,2026-09-26,07:43,200000,golfpang,,,18홀,tr_220561535
세레니티-강촌,2026-09-26,07:47,210000,golfpang,,,18홀,tr_220561457
샤인데일,2026-09-26,06:48,130000,golfpang,,,18홀,tr_220181290
남춘천,2026-09-26,06:46,160000,golfpang,,,18홀,tr_220179378
포레스트힐,2026-09-26,06:51,190000,golfpang,,,18홀,tr_220561874
클럽모우,2026-09-26,06:51,140000,golfpang,,,18홀,tr_220327959
클럽모우,2026-09-26,07:05,140000,golfpang,,,18홀,tr_220327960
양주,2026-09-26,07:03,300000,golfpang,,,18홀,tr_219370425
서원힐스,2026-09-26,05:32,190000,golfpang,,,18홀,tr_220561323
서원힐스,2026-09-26,05:25,190000,golfpang,,,18홀,tr_220561322
푸른솔포천,2026-09-26,06:21,200000,golfpang,,,18홀,tr_220561767
스마트KU,2026-09-26,06:30,220000,golfpang,,,18홀,tr_219957101
포천힐스,2026-09-26,06:28,190000,golfpang,,,18홀,tr_220561309
몽베르(대중제),2026-09-26,17:35,140000,golfpang,,,18홀,tr_219716446
샤인데일,2026-09-26,17:22,95000,golfpang,,,18홀,tr_220181292
세레니티-강촌,2026-09-26,17:52,140000,golfpang,,,18홀,tr_220561459
포레스트힐,2026-09-26,18:52,150000,golfpang,,,18홀,tr_220561876
가평(비공개),2026-09-26,13:17,200000,golfpang,,,18홀,tr_219986624
남춘천,2026-09-26,13:28,160000,golfpang,,,18홀,tr_220179379
푸른솔포천,2026-09-26,13:34,200000,golfpang,,,18홀,tr_220561768
샤인데일,2026-09-26,13:51,130000,golfpang,,,18홀,tr_220181291
스마트KU,2026-09-26,14:03,220000,golfpang,,,18홀,tr_219957102
베스트밸리-퍼9,2026-09-26,16:38,120000,golfpang,,,18홀,tr_220561537
양주,2026-09-26,12:24,300000,golfpang,,,18홀,tr_219370426
베스트밸리-퍼9,2026-09-26,12:21,190000,golfpang,,,18홀,tr_220561536
세레니티-강촌,2026-09-26,12:31,170000,golfpang,,,18홀,tr_220561458
포천힐스,2026-09-26,12:38,190000,golfpang,,,18홀,tr_220561311
한림광릉,2026-09-26,12:34,210000,golfpang,,,18홀,tr_219715736
이천(비공개명문),2026-09-26,13:00,222000,golfpang,,,18홀,tr_220126236
마론뉴데이,2026-09-26,13:06,175000,golfpang,,,18홀,tr_220561953
히든밸리,2026-09-26,13:05,160000,golfpang,,,18홀,tr_220197912
한림용인,2026-09-26,13:11,160000,golfpang,,,18홀,tr_220562584
안성(비공개),2026-09-26,08:01,160000,golfpang,,,18홀,tr_220560561
양평TPC,2026-09-26,08:23,180000,golfpang,,,18홀,tr_220562282
솔모로,2026-09-26,08:22,200000,golfpang,,,18홀,tr_220560586
더크로스비,2026-09-26,08:20,207000,golfpang,,,18홀,tr_220561501
레인보우힐스,2026-09-26,08:28,255000,golfpang,,,18홀,tr_220560146
해솔리아,2026-09-26,08:27,190000,golfpang,,,18홀,tr_220562245
신라,2026-09-26,08:42,210000,golfpang,,,18홀,tr_220118356
안성(비공개),2026-09-26,08:36,160000,golfpang,,,18홀,tr_220560560
레인보우힐스,2026-09-26,10:20,255000,golfpang,,,18홀,tr_220560147
아세코밸리-퍼9,2026-09-26,11:34,140000,golfpang,,,18홀,tr_220562527
크리스밸리,2026-09-26,11:52,180000,golfpang,,,18홀,tr_220560647
뉴스프링빌,2026-09-26,12:06,240000,golfpang,,,18홀,tr_220013166
그린힐,2026-09-26,07:10,150000,golfpang,,,18홀,tr_220560099
스카이밸리,2026-09-26,07:09,200000,golfpang,,,18홀,tr_220562159
골프존 안성H,2026-09-26,07:19,180000,golfpang,,,18홀,tr_220561747
마론뉴데이,2026-09-26,07:21,175000,golfpang,,,18홀,tr_220561951
뉴스프링빌,2026-09-26,07:30,260000,golfpang,,,18홀,tr_220013165
이천(비공개명문),2026-09-26,07:38,269000,golfpang,,,18홀,tr_220126235
여주,2026-09-26,07:40,200000,golfpang,,,18홀,tr_220174640
히든밸리,2026-09-26,07:59,170000,golfpang,,,18홀,tr_220197911
한림용인,2026-09-26,07:55,225000,golfpang,,,18홀,tr_220562583
이글몬트,2026-09-26,08:05,180000,golfpang,,,18홀,tr_220403967
신라,2026-09-26,06:36,180000,golfpang,,,18홀,tr_220118357
더크로스비,2026-09-26,06:42,187000,golfpang,,,18홀,tr_220561500
아세코밸리-퍼9,2026-09-26,06:47,140000,golfpang,,,18홀,tr_220562526
용인(비공개),2026-09-26,06:46,179000,golfpang,,,18홀,tr_220389936
리베라,2026-09-26,06:49,220000,golfpang,,,18홀,tr_220560240
크리스밸리,2026-09-26,06:58,170000,golfpang,,,18홀,tr_220560646
써닝포인트,2026-09-26,06:56,175000,golfpang,,,18홀,tr_220483389
솔모로,2026-09-26,07:12,200000,golfpang,,,18홀,tr_220560585
한림용인,2026-09-26,06:24,205000,golfpang,,,18홀,tr_220562582
360도,2026-09-26,06:22,177000,golfpang,,,18홀,tr_220560049
에델바이스(가명),2026-09-26,06:35,200000,golfpang,,,18홀,tr_220149137
용인(비공개),2026-09-26,17:14,150000,golfpang,,,18홀,tr_220389938
아세코밸리-퍼9,2026-09-26,17:31,120000,golfpang,,,18홀,tr_220562528
아난티중앙(야간),2026-09-26,17:44,140000,golfpang,,,18홀,tr_220230688
그린힐,2026-09-26,18:03,100000,golfpang,,,18홀,tr_220560101
아난티중앙(야간),2026-09-26,18:02,140000,golfpang,,,18홀,tr_220230689
리베라,2026-09-26,18:38,140000,golfpang,,,18홀,tr_220560242
세현,2026-09-26,19:05,160000,golfpang,,,18홀,tr_220560327
여주,2026-09-26,13:11,190000,golfpang,,,18홀,tr_220174641
이글몬트,2026-09-26,13:11,170000,golfpang,,,18홀,tr_220403968
써닝포인트,2026-09-26,13:12,175000,golfpang,,,18홀,tr_220483391
양평TPC,2026-09-26,13:22,160000,golfpang,,,18홀,tr_220562283
골프존 안성H,2026-09-26,13:31,180000,golfpang,,,18홀,tr_220561748
세현,2026-09-26,13:37,210000,golfpang,,,18홀,tr_220560325
360도,2026-09-26,13:37,170000,golfpang,,,18홀,tr_220560050
골프존 안성H,2026-09-26,13:38,180000,golfpang,,,18홀,tr_220561749
리베라,2026-09-26,13:49,220000,golfpang,,,18홀,tr_220560241
용인(비공개),2026-09-26,13:52,179000,golfpang,,,18홀,tr_220389937
세현,2026-09-26,13:51,200000,golfpang,,,18홀,tr_220560326
해솔리아,2026-09-26,17:01,150000,golfpang,,,18홀,tr_220562247
해솔리아,2026-09-26,12:30,180000,golfpang,,,18홀,tr_220562246
스카이밸리,2026-09-26,12:29,190000,golfpang,,,18홀,tr_220562160
더크로스비,2026-09-26,12:27,217000,golfpang,,,18홀,tr_220561502
마론뉴데이,2026-09-26,12:33,175000,golfpang,,,18홀,tr_220561952
그린힐,2026-09-26,12:46,160000,golfpang,,,18홀,tr_220560100
신라,2026-09-26,12:55,190000,golfpang,,,18홀,tr_220118358
써닝포인트,2026-09-26,12:51,175000,golfpang,,,18홀,tr_220483390
포천(비공개),2026-09-26,13:07,200000,golfpang,,,18홀,tr_219528265
포천힐스,2026-09-26,07:17,200000,golfpang,,,18홀,tr_220562266
여주(비공개),2026-09-26,07:40,180000,golfpang,,,18홀,tr_219527115
오너스,2026-09-26,06:27,140000,golfpang,,,18홀,tr_219989702
360도,2026-09-26,06:30,150000,golfpang,,,18홀,tr_219527041
포레스트힐,2026-09-26,17:49,140000,golfpang,,,18홀,tr_219989760
용인(비공개명문),2026-09-26,13:10,220000,golfpang,,,18홀,tr_219527913
포천힐스,2026-09-26,13:13,190000,golfpang,,,18홀,tr_220562292
파인크리크,2026-09-26,13:45,220000,golfpang,,,18홀,tr_219528232
오너스,2026-09-26,14:01,135000,golfpang,,,18홀,tr_219989703
강촌(비공개),2026-09-26,07:12,190000,golfpang,,,18홀,tr_218603445
베뉴지,2026-09-26,08:08,140000,golfpang,,,18홀,tr_220564783
베뉴지,2026-09-26,12:34,140000,golfpang,,,18홀,tr_220564784
강촌(비공개),2026-09-26,13:08,190000,golfpang,,,18홀,tr_218603230
더플레이어스,2026-09-26,07:12,150000,golfpang,,,18홀,tr_220564769
더플레이어스,2026-09-26,12:07,150000,golfpang,,,18홀,tr_220564770
엘레강스(가명),2026-09-26,07:12,190000,golfpang,,,18홀,tr_217520830
강촌(비공개),2026-09-26,07:33,190000,golfpang,,,18홀,tr_217523573
대영힐스,2026-09-26,06:07,99000,golfpang,,,18홀,tr_220564649
대영힐스,2026-09-26,18:20,79000,golfpang,,,18홀,tr_220564651
대영힐스,2026-09-26,18:13,79000,golfpang,,,18홀,tr_220564650
스카이밸리,2026-09-26,12:36,170000,golfpang,,,18홀,tr_220496938
스카이밸리,2026-09-26,07:09,180000,golfpang,,,18홀,tr_220496935
빅토리아-퍼9,2026-09-26,12:17,124000,golfpang,,,18홀,tr_220564617
빅토리아-퍼9,2026-09-26,17:17,99000,golfpang,,,18홀,tr_220564618
빅토리아-퍼9,2026-09-26,06:35,119000,golfpang,,,18홀,tr_220564616
골드,2026-09-26,17:05,149000,golfpang,,,18홀,tr_220217158
코리아,2026-09-26,17:05,159000,golfpang,,,18홀,tr_220217205
골드,2026-09-26,12:32,229000,golfpang,,,18홀,tr_219447294
골드,2026-09-26,06:42,229000,golfpang,,,18홀,tr_219447284
코리아,2026-09-26,06:21,239000,golfpang,,,18홀,tr_219447349
코리아,2026-09-26,12:25,239000,golfpang,,,18홀,tr_219447368
클럽72,2026-09-26,06:56,190000,golfpang,,,18홀,tr_220564475
힐마루 포천,2026-09-26,17:38,160000,golfpang,,,18홀,tr_218341237
힐마루 포천,2026-09-26,06:58,220000,golfpang,,,18홀,tr_218341220
속리산cc,2026-09-26,12:41,120000,golfpang,,,18홀,tr_220522359
오너스,2026-09-26,14:01,135000,golfpang,,,18홀,tr_220523063
써닝포인트,2026-09-26,17:30,135000,golfpang,,,18홀,tr_220288105
벨라스톤,2026-09-26,08:34,170000,golfpang,,,18홀,tr_220423270
동원썬밸리,2026-09-26,08:33,190000,golfpang,,,18홀,tr_220023461
남한강에스파크,2026-09-26,08:40,209000,golfpang,,,18홀,tr_219798051
동강시스타,2026-09-26,08:36,120000,golfpang,,,18홀,tr_219331873
오로라,2026-09-26,12:11,160000,golfpang,,,18홀,tr_220339381
웰리힐리,2026-09-26,07:02,190000,golfpang,,,18홀,tr_219331555
동서울cc-퍼9,2026-09-26,18:10,65000,golfpang,,,18홀,tr_219332017
동서울cc-퍼9,2026-09-26,13:17,119000,golfpang,,,18홀,tr_219332016
동원썬밸리,2026-09-26,12:32,190000,golfpang,,,18홀,tr_220023462
동강시스타,2026-09-26,13:07,110000,golfpang,,,18홀,tr_219331874
웰리힐리,2026-09-26,12:42,190000,golfpang,,,18홀,tr_219331557
동서울cc-퍼9,2026-09-26,06:38,119000,golfpang,,,18홀,tr_219332015
알펜시아명문,2026-09-26,07:17,140000,golfpang,,,18홀,tr_219820986
알펜시아명문,2026-09-26,06:49,130000,golfpang,,,18홀,tr_219820985
남한강에스파크,2026-09-26,06:55,179000,golfpang,,,18홀,tr_219798050
오로라,2026-09-26,08:08,160000,golfpang,,,18홀,tr_220339380
알펜시아명문,2026-09-26,08:13,150000,golfpang,,,18홀,tr_219820987
벨라스톤,2026-09-26,17:17,109000,golfpang,,,18홀,tr_220423271
오로라,2026-09-26,17:10,110000,golfpang,,,18홀,tr_220339382
벨라45 마스터스,2026-09-26,18:06,85000,golfpang,,,18홀,tr_220559806
웰리힐리,2026-09-26,12:18,190000,golfpang,,,18홀,tr_219331556
동강시스타,2026-09-26,17:10,80000,golfpang,,,18홀,tr_219331875
강촌(비공개),2026-09-26,08:15,190000,golfpang,,,18홀,tr_217522343
대호단양,2026-09-26,12:34,169000,golfpang,,,18홀,tr_219330778
골프존 진천,2026-09-26,12:39,209000,golfpang,,,18홀,tr_220347729
예미지,2026-09-26,13:08,190000,golfpang,,,18홀,tr_220391541
중원,2026-09-26,13:14,130000,golfpang,,,18홀,tr_220559830
킹스데일,2026-09-26,13:24,165000,golfpang,,,18홀,tr_220346015
스타,2026-09-26,13:37,140000,golfpang,,,18홀,tr_220376464
속리산cc,2026-09-26,13:58,120000,golfpang,,,18홀,tr_220547788
골프존 진천,2026-09-26,14:03,199000,golfpang,,,18홀,tr_220347730
모카cc,2026-09-26,14:03,130000,golfpang,,,18홀,tr_220494043
속리산cc,2026-09-26,14:12,120000,golfpang,,,18홀,tr_220547789
스톤비치,2026-09-26,14:05,160000,golfpang,,,18홀,tr_219373080
이븐데일,2026-09-26,17:04,84000,golfpang,,,18홀,tr_220555807
스타,2026-09-26,17:42,100000,golfpang,,,18홀,tr_220376465
스톤비치,2026-09-26,17:44,130000,golfpang,,,18홀,tr_219373081
골프존 화랑,2026-09-26,18:00,89000,golfpang,,,18홀,tr_220361730
골프존 천안,2026-09-26,07:29,182000,golfpang,,,18홀,tr_220431231
대호단양,2026-09-26,07:31,169000,golfpang,,,18홀,tr_219330777
플라밍고,2026-09-26,07:37,140000,golfpang,,,18홀,tr_220118299
코스카,2026-09-26,07:32,170000,golfpang,,,18홀,tr_219537363
킹스데일,2026-09-26,07:40,160000,golfpang,,,18홀,tr_220346014
모카cc,2026-09-26,08:18,145000,golfpang,,,18홀,tr_220494042
이븐데일,2026-09-26,08:31,100000,golfpang,,,18홀,tr_220555805
골든베이,2026-09-26,08:43,150000,golfpang,,,18홀,tr_219330557
플라밍고,2026-09-26,08:40,150000,golfpang,,,18홀,tr_220118300
센테리움,2026-09-26,11:33,169000,golfpang,,,18홀,tr_220345928
골프존 화랑,2026-09-26,11:49,145000,golfpang,,,18홀,tr_220361729
이븐데일,2026-09-26,11:44,120000,golfpang,,,18홀,tr_220555806
골든베이,2026-09-26,12:00,150000,golfpang,,,18홀,tr_219330558
코스카,2026-09-26,11:59,170000,golfpang,,,18홀,tr_219537364
예미지,2026-09-26,12:05,200000,golfpang,,,18홀,tr_220391540
플라밍고,2026-09-26,12:01,140000,golfpang,,,18홀,tr_220118301
서산수,2026-09-26,12:12,190000,golfpang,,,18홀,tr_219911166
대호단양,2026-09-26,06:35,159000,golfpang,,,18홀,tr_219330776
속리산cc,2026-09-26,06:38,120000,golfpang,,,18홀,tr_220547787
중원,2026-09-26,06:48,120000,golfpang,,,18홀,tr_220559829
센테리움,2026-09-26,06:46,129000,golfpang,,,18홀,tr_220345927
골프존 화랑,2026-09-26,06:55,125000,golfpang,,,18홀,tr_220361728
서산수,2026-09-26,06:57,190000,golfpang,,,18홀,tr_219911165
골프존 진천,2026-09-26,06:56,195000,golfpang,,,18홀,tr_220347728
스톤비치,2026-09-26,07:10,140000,golfpang,,,18홀,tr_219373079
골프존 천안,2026-09-26,07:15,182000,golfpang,,,18홀,tr_220431229
골프존 천안,2026-09-26,07:22,182000,golfpang,,,18홀,tr_220431230
스타,2026-09-26,07:19,150000,golfpang,,,18홀,tr_220376463
클럽모우,2026-09-26,06:51,140000,golfpang,,,18홀,tr_220346489
한림광릉,2026-09-26,12:34,210000,golfpang,,,18홀,tr_220423364
몽베르(대중제),2026-09-26,12:32,170000,golfpang,,,18홀,tr_220261947
한림광릉,2026-09-26,13:37,190000,golfpang,,,18홀,tr_220423365
푸른솔포천,2026-09-26,13:55,200000,golfpang,,,18홀,tr_220009239
비콘힐스,2026-09-26,17:02,90000,golfpang,,,18홀,tr_220431161
몽베르(대중제),2026-09-26,17:42,140000,golfpang,,,18홀,tr_220261948
비콘힐스,2026-09-26,17:37,90000,golfpang,,,18홀,tr_220431162
비콘힐스,2026-09-26,18:05,90000,golfpang,,,18홀,tr_220431163
포레스트힐,2026-09-26,18:52,150000,golfpang,,,18홀,tr_220547176
포천힐스,2026-09-26,07:24,200000,golfpang,,,18홀,tr_220553923
오너스,2026-09-26,07:37,130000,golfpang,,,18홀,tr_220342560
한림광릉,2026-09-26,07:34,190000,golfpang,,,18홀,tr_220423363
세레니티-강촌,2026-09-26,07:47,210000,golfpang,,,18홀,tr_220127790
오너스,2026-09-26,08:26,140000,golfpang,,,18홀,tr_220342561
포레스트힐,2026-09-26,08:36,210000,golfpang,,,18홀,tr_220547175
남춘천,2026-09-26,12:06,170000,golfpang,,,18홀,tr_220377521
세레니티-강촌,2026-09-26,12:10,210000,golfpang,,,18홀,tr_220127791
포천힐스,2026-09-26,06:28,190000,golfpang,,,18홀,tr_220553922
푸른솔포천,2026-09-26,06:42,210000,golfpang,,,18홀,tr_220009238
몽베르(대중제),2026-09-26,06:47,160000,golfpang,,,18홀,tr_220261946
남춘천,2026-09-26,06:46,160000,golfpang,,,18홀,tr_220377520
포레스트힐,2026-09-26,06:51,190000,golfpang,,,18홀,tr_220547174
포천힐스,2026-09-26,12:38,190000,golfpang,,,18홀,tr_220553924
클럽모우,2026-09-26,07:05,140000,golfpang,,,18홀,tr_220346490
마에스트로,2026-09-26,06:30,160000,golfpang,,,18홀,tr_220562961
엘레강스(가명),2026-09-26,08:15,190000,golfpang,,,18홀,tr_217551036
파크밸리,2026-09-26,07:59,169000,golfpang,,,18홀,tr_219566464
파크밸리,2026-09-26,12:46,159000,golfpang,,,18홀,tr_219566594
엘레강스(가명),2026-09-26,11:51,190000,golfpang,,,18홀,tr_217551041
강촌(비공개),2026-09-26,11:51,190000,golfpang,,,18홀,tr_217522357
리베라,2026-09-26,18:38,140000,golfpang,,,18홀,tr_220564048
리베라,2026-09-26,13:49,220000,golfpang,,,18홀,tr_220564047
리베라,2026-09-26,06:49,220000,golfpang,,,18홀,tr_220564049
푸른솔포천,2026-09-26,07:17,230000,golfpang,,,18홀,tr_219165347
푸른솔포천,2026-09-26,12:45,220000,golfpang,,,18홀,tr_219165348
스마트KU,2026-09-26,13:49,220000,golfpang,,,18홀,tr_220260303
남양주(퍼9),2026-09-26,16:14,149000,golfpang,,,18홀,tr_219571261
한림광릉,2026-09-26,17:31,150000,golfpang,,,18홀,tr_220421120
세레니티-강촌,2026-09-26,17:52,140000,golfpang,,,18홀,tr_219009221
스마트KU,2026-09-26,07:26,220000,golfpang,,,18홀,tr_220260302
오너스,2026-09-26,07:30,130000,golfpang,,,18홀,tr_220324347
한림광릉,2026-09-26,07:55,190000,golfpang,,,18홀,tr_220421118
남양주(퍼9),2026-09-26,08:14,169000,golfpang,,,18홀,tr_219571259
세레니티-강촌,2026-09-26,08:29,210000,golfpang,,,18홀,tr_219009219
엘레강스(가명),2026-09-26,08:29,170000,golfpang,,,18홀,tr_220307005
남양주(퍼9),2026-09-26,11:47,159000,golfpang,,,18홀,tr_219571260
한림광릉,2026-09-26,12:13,210000,golfpang,,,18홀,tr_220421119
세레니티-강촌,2026-09-26,12:10,170000,golfpang,,,18홀,tr_219009220
포천힐스,2026-09-26,12:31,190000,golfpang,,,18홀,tr_220559977
포천힐스,2026-09-26,06:35,190000,golfpang,,,18홀,tr_220559975
오너스,2026-09-26,12:37,170000,golfpang,,,18홀,tr_220324348
포천힐스,2026-09-26,07:24,200000,golfpang,,,18홀,tr_220559976
몽베르(대중제),2026-09-26,08:04,200000,golfpang,,,18홀,tr_220114756
그린힐,2026-09-26,18:24,100000,golfpang,,,18홀,tr_220563979
그린힐,2026-09-26,14:10,150000,golfpang,,,18홀,tr_220563978
그린힐,2026-09-26,07:10,150000,golfpang,,,18홀,tr_220563977
써닝포인트,2026-09-26,12:20,175000,golfpang,,,18홀,tr_220467915
비콘힐스,2026-09-26,11:47,120000,golfpang,,,18홀,tr_220437370
킹스데일,2026-09-26,12:04,165000,golfpang,,,18홀,tr_220013719
킹스데일,2026-09-26,07:30,155000,golfpang,,,18홀,tr_220013664
써닝포인트,2026-09-26,06:30,165000,golfpang,,,18홀,tr_220484428
비콘힐스,2026-09-26,06:50,110000,golfpang,,,18홀,tr_220437260
은화삼,2026-09-26,11:58,270000,golfpang,,,18홀,tr_220563904
은화삼,2026-09-26,08:28,250000,golfpang,,,18홀,tr_220563902
일레븐,2026-09-26,06:58,125000,golfpang,,,18홀,tr_220562998
일레븐,2026-09-26,17:30,85000,golfpang,,,18홀,tr_220563000
일레븐,2026-09-26,13:03,135000,golfpang,,,18홀,tr_220562999
이븐데일,2026-09-26,11:31,120000,golfpang,,,18홀,tr_220559931
이븐데일,2026-09-26,16:50,84000,golfpang,,,18홀,tr_220559932
이븐데일,2026-09-26,08:30,100000,golfpang,,,18홀,tr_220559930
로얄포레,2026-09-26,12:55,119000,golfpang,,,18홀,tr_220395177
로얄포레,2026-09-26,17:47,89000,golfpang,,,18홀,tr_220395178
로얄포레,2026-09-26,07:07,119000,golfpang,,,18홀,tr_220395176
젠스필드,2026-09-26,17:00,110000,golfpang,,,18홀,tr_220476939
젠스필드,2026-09-26,06:55,150000,golfpang,,,18홀,tr_220476937
젠스필드,2026-09-26,13:46,140000,golfpang,,,18홀,tr_220476938
스타,2026-09-26,12:27,150000,golfpang,,,18홀,tr_219551080
뉴서울,2026-09-26,07:45,310000,golfpang,,,18홀,tr_220563857
블루원용인,2026-09-26,17:40,165000,golfpang,,,18홀,tr_220563850
비에이비스타(퍼),2026-09-26,07:45,130000,golfpang,,,18홀,tr_220563834
비에이비스타(퍼),2026-09-26,12:29,130000,golfpang,,,18홀,tr_220563835
몽베르(대중제),2026-09-26,06:47,160000,golfpang,,,18홀,tr_220258743
클럽D 거창,2026-09-26,12:05,140000,golfpang,,,18홀,tr_220560820
클럽D 거창,2026-09-26,08:29,135000,golfpang,,,18홀,tr_220560819
힐마루 포천,2026-09-26,17:10,160000,golfpang,,,18홀,tr_220103503
포레스트힐,2026-09-26,17:49,140000,golfpang,,,18홀,tr_220103664
포천힐스,2026-09-26,13:13,190000,golfpang,,,18홀,tr_220548254
힐마루 포천,2026-09-26,17:10,160000,golfpang,,,18홀,tr_220397398
오너스,2026-09-26,14:01,135000,golfpang,,,18홀,tr_220484680
포천힐스,2026-09-26,07:52,200000,golfpang,,,18홀,tr_220548253
용인(비공개명문),2026-09-26,13:10,220000,golfpang,,,18홀,tr_220103189
포천(비공개),2026-09-26,13:07,200000,golfpang,,,18홀,tr_220484685
엘레강스(가명),2026-09-26,07:12,190000,golfpang,,,18홀,tr_217707900
엘레강스(가명),2026-09-26,13:22,180000,golfpang,,,18홀,tr_217707950
클럽72,2026-09-26,13:12,210000,golfpang,,,18홀,tr_220290869
벨라스톤,2026-09-26,13:21,149000,golfpang,,,18홀,tr_220403663
빅토리아-퍼9,2026-09-26,13:20,119000,golfpang,,,18홀,tr_220422548
플라밍고,2026-09-26,13:18,130000,golfpang,,,18홀,tr_220106716
대호단양,2026-09-26,13:37,169000,golfpang,,,18홀,tr_219873211
세레니티-강촌,2026-09-26,13:34,170000,golfpang,,,18홀,tr_220421582
보령베이스-퍼9,2026-09-26,13:41,99000,golfpang,,,18홀,tr_220423533
에덴블루,2026-09-26,13:39,141700,golfpang,,,18홀,tr_220470178
샤인데일,2026-09-26,13:51,130000,golfpang,,,18홀,tr_220422221
올데이,2026-09-26,16:30,79000,golfpang,,,18홀,tr_220484581
코리아-퍼9,2026-09-26,15:38,130000,golfpang,,,18홀,tr_220398771
더헤븐,2026-09-26,16:37,180000,golfpang,,,18홀,tr_220403331
더헤븐,2026-09-26,17:05,170000,golfpang,,,18홀,tr_220403332
아세코밸리-퍼9,2026-09-26,17:03,120000,golfpang,,,18홀,tr_220434463
로얄포레,2026-09-26,17:19,99000,golfpang,,,18홀,tr_220441195
임페리얼레이크,2026-09-26,17:19,109000,golfpang,,,18홀,tr_220484834
빅토리아-퍼9,2026-09-26,17:17,99000,golfpang,,,18홀,tr_220422549
플라밍고,2026-09-26,17:14,100000,golfpang,,,18홀,tr_220106717
몽베르(대중제),2026-09-26,17:14,150000,golfpang,,,18홀,tr_220288027
올데이,2026-09-26,17:33,69000,golfpang,,,18홀,tr_220484582
옥스필드,2026-09-26,17:26,79000,golfpang,,,18홀,tr_220484349
코리아-퍼9,2026-09-26,17:26,130000,golfpang,,,18홀,tr_220398772
오로라,2026-09-26,17:26,110000,golfpang,,,18홀,tr_220470766
센추리21,2026-09-26,17:26,90000,golfpang,,,18홀,tr_220401001
스타,2026-09-26,17:49,100000,golfpang,,,18홀,tr_220417590
떼제베(동북),2026-09-26,17:48,110000,golfpang,,,18홀,tr_220442037
로얄포레,2026-09-26,17:47,89000,golfpang,,,18홀,tr_220441196
리베라,2026-09-26,18:03,160000,golfpang,,,18홀,tr_220179425
신안,2026-09-26,18:03,100000,golfpang,,,18홀,tr_220401784
세레니티-강촌,2026-09-26,17:59,140000,golfpang,,,18홀,tr_220421583
떼제베,2026-09-26,18:09,120000,golfpang,,,18홀,tr_220442189
떼제베(동북),2026-09-26,18:09,100000,golfpang,,,18홀,tr_220442038
옥스필드,2026-09-26,18:08,69000,golfpang,,,18홀,tr_220484350
남한강에스파크,2026-09-26,18:14,99000,golfpang,,,18홀,tr_220467416
신안(병행),2026-09-26,18:24,90000,golfpang,,,18홀,tr_220401947
동서울cc-퍼9,2026-09-26,18:24,65000,golfpang,,,18홀,tr_220454688
신안,2026-09-26,18:52,90000,golfpang,,,18홀,tr_220401785
모카cc,2026-09-26,07:43,140000,golfpang,,,18홀,tr_220485270
여주,2026-09-26,07:40,200000,golfpang,,,18홀,tr_220011533
세레니티-강촌,2026-09-26,07:47,210000,golfpang,,,18홀,tr_220421581
클럽72,2026-09-26,07:52,220000,golfpang,,,18홀,tr_220290867
벨라스톤,2026-09-26,07:59,159000,golfpang,,,18홀,tr_220403662
샤인데일,2026-09-26,07:58,150000,golfpang,,,18홀,tr_220422220
센테리움,2026-09-26,07:56,139000,golfpang,,,18홀,tr_220421173
알펜시아700,2026-09-26,08:04,120000,golfpang,,,18홀,tr_220468799
떼제베,2026-09-26,08:03,160000,golfpang,,,18홀,tr_220442187
오로라,2026-09-26,08:01,160000,golfpang,,,18홀,tr_220470764
보령베이스-퍼9,2026-09-26,08:00,119000,golfpang,,,18홀,tr_220423531
로얄링스,2026-09-26,08:13,120000,golfpang,,,18홀,tr_220179200
빅토리아-퍼9,2026-09-26,08:13,124000,golfpang,,,18홀,tr_220422547
비콘힐스,2026-09-26,08:08,130000,golfpang,,,18홀,tr_220434080
에덴블루,2026-09-26,08:26,149200,golfpang,,,18홀,tr_220470176
남춘천,2026-09-26,08:22,180000,golfpang,,,18홀,tr_220467526
엘레강스(가명),2026-09-26,08:29,170000,golfpang,,,18홀,tr_220250100
인터불고원주(P9),2026-09-26,08:44,129000,golfpang,,,18홀,tr_220261293
동강시스타,2026-09-26,08:43,120000,golfpang,,,18홀,tr_219956779
오너스,2026-09-26,08:40,140000,golfpang,,,18홀,tr_220470418
임페리얼레이크,2026-09-26,11:10,139000,golfpang,,,18홀,tr_220484833
인터불고원주(P9),2026-09-26,10:36,129000,golfpang,,,18홀,tr_220261294
로얄링스,2026-09-26,11:38,120000,golfpang,,,18홀,tr_220179201
클럽72,2026-09-26,11:48,220000,golfpang,,,18홀,tr_220290868
알펜시아명문,2026-09-26,11:42,180000,golfpang,,,18홀,tr_220469112
크리스밸리,2026-09-26,11:59,180000,golfpang,,,18홀,tr_220261852
서산수,2026-09-26,11:58,190000,golfpang,,,18홀,tr_220180529
에덴블루,2026-09-26,12:02,149200,golfpang,,,18홀,tr_220470177
플라밍고,2026-09-26,12:01,140000,golfpang,,,18홀,tr_220106715
센테리움,2026-09-26,12:01,139000,golfpang,,,18홀,tr_220421174
비콘힐스,2026-09-26,12:22,120000,golfpang,,,18홀,tr_220434081
보령베이스-퍼9,2026-09-26,12:31,119000,golfpang,,,18홀,tr_220423532
양지파인,2026-09-26,12:29,160000,golfpang,,,18홀,tr_220469876
남춘천,2026-09-26,12:27,170000,golfpang,,,18홀,tr_220467527
코스카,2026-09-26,12:34,160000,golfpang,,,18홀,tr_220261694
알펜시아700,2026-09-26,12:49,130000,golfpang,,,18홀,tr_220468800
오로라,2026-09-26,12:46,160000,golfpang,,,18홀,tr_220470765
웰리힐리,2026-09-26,12:58,190000,golfpang,,,18홀,tr_219653012
스타,2026-09-26,12:55,150000,golfpang,,,18홀,tr_220417589
블루스카이(가명),2026-09-26,13:08,222000,golfpang,,,18홀,tr_220253207
여주,2026-09-26,13:11,190000,golfpang,,,18홀,tr_220011534
양평TPC,2026-09-26,13:08,160000,golfpang,,,18홀,tr_220439983
동서울cc-퍼9,2026-09-26,13:17,119000,golfpang,,,18홀,tr_220454687
떼제베(동북),2026-09-26,05:57,100000,golfpang,,,18홀,tr_220442039
떼제베,2026-09-26,05:50,120000,golfpang,,,18홀,tr_220442188
아세코밸리-퍼9,2026-09-26,06:19,140000,golfpang,,,18홀,tr_220434462
웰리힐리,2026-09-26,06:14,190000,golfpang,,,18홀,tr_219653011
올데이,2026-09-26,06:25,99000,golfpang,,,18홀,tr_220484580
알펜시아명문,2026-09-26,06:35,120000,golfpang,,,18홀,tr_220469110
비콘힐스,2026-09-26,06:32,110000,golfpang,,,18홀,tr_220434082
동강시스타,2026-09-26,06:44,110000,golfpang,,,18홀,tr_219956778
스타,2026-09-26,06:44,140000,golfpang,,,18홀,tr_220417588
센추리21,2026-09-26,06:49,140000,golfpang,,,18홀,tr_220401000
샤인데일,2026-09-26,06:48,130000,golfpang,,,18홀,tr_220422219
몽베르(대중제),2026-09-26,06:47,160000,golfpang,,,18홀,tr_220288025
양평TPC,2026-09-26,06:45,160000,golfpang,,,18홀,tr_220439982
벨라스톤,2026-09-26,06:56,149000,golfpang,,,18홀,tr_220403664
동촌,2026-09-26,06:55,130000,golfpang,,,18홀,tr_220442313
모카cc,2026-09-26,06:54,135000,golfpang,,,18홀,tr_220485269
로얄포레,2026-09-26,06:53,119000,golfpang,,,18홀,tr_220441194
크리스밸리,2026-09-26,06:58,170000,golfpang,,,18홀,tr_220261851
서산수,2026-09-26,06:57,190000,golfpang,,,18홀,tr_220180528
코스카,2026-09-26,06:57,150000,golfpang,,,18홀,tr_220261693
동서울cc-퍼9,2026-09-26,07:06,119000,golfpang,,,18홀,tr_220454686
알펜시아명문,2026-09-26,07:03,130000,golfpang,,,18홀,tr_220469111
임페리얼레이크,2026-09-26,07:14,129000,golfpang,,,18홀,tr_220484832
양지파인,2026-09-26,07:22,160000,golfpang,,,18홀,tr_220469875
옥스필드,2026-09-26,07:21,99000,golfpang,,,18홀,tr_220484348
알펜시아700,2026-09-26,07:29,110000,golfpang,,,18홀,tr_220468798
블루스카이(가명),2026-09-26,07:30,269000,golfpang,,,18홀,tr_220253206
오너스,2026-09-26,07:30,130000,golfpang,,,18홀,tr_220470417
몽베르(대중제),2026-09-26,07:43,180000,golfpang,,,18홀,tr_220288026
스톤비치,2026-09-26,13:02,110000,golfpang,,,18홀,tr_218479477
신안,2026-09-26,06:21,150000,golfpang,,,18홀,tr_219995158
신안,2026-09-26,12:18,170000,golfpang,,,18홀,tr_219995190
신안,2026-09-26,19:13,100000,golfpang,,,18홀,tr_219995193
여주,2026-09-26,07:54,200000,golfpang,,,18홀,tr_219552302
신안(병행),2026-09-26,17:42,100000,golfpang,,,18홀,tr_219995200
신안(병행),2026-09-26,18:10,100000,golfpang,,,18홀,tr_219995202
블루원용인(퍼),2026-09-26,13:25,145000,golfpang,,,18홀,tr_220417703
용인(비공개),2026-09-26,06:45,250000,golfpang,,,18홀,tr_220417430
블루원용인(퍼),2026-09-26,13:24,145000,golfpang,,,18홀,tr_219789656
용인(비공개),2026-09-26,13:24,220000,golfpang,,,18홀,tr_219789201
블루원용인(퍼),2026-09-26,07:54,145000,golfpang,,,18홀,tr_219788971
용인(비공개),2026-09-26,06:58,250000,golfpang,,,18홀,tr_219788606
비에이비스타,2026-09-26,12:29,160000,golfpang,,,18홀,tr_219789536
블루원용인,2026-09-26,18:08,165000,golfpang,,,18홀,tr_220181438
골든베이,2026-09-26,12:13,150000,golfpang,,,18홀,tr_219822635
여주,2026-09-26,13:11,190000,golfpang,,,18홀,tr_219552315
포레스트힐,2026-09-26,18:03,140000,golfpang,,,18홀,tr_220010467
힐마루 포천,2026-09-26,17:10,180000,golfpang,,,18홀,tr_220010248
오너스,2026-09-26,14:01,135000,golfpang,,,18홀,tr_220010733
여주(비공개),2026-09-26,07:40,180000,golfpang,,,18홀,tr_220561299
용인(비공개),2026-09-26,12:56,220000,golfpang,,,18홀,tr_220205792
포레스트힐,2026-09-26,17:49,140000,golfpang,,,18홀,tr_220010375
포천(비공개),2026-09-26,13:07,200000,golfpang,,,18홀,tr_220010204
포레스트힐,2026-09-26,17:56,140000,golfpang,,,18홀,tr_220561366
오너스,2026-09-26,06:27,140000,golfpang,,,18홀,tr_220010724
이글몬트,2026-09-26,07:40,180000,golfpang,,,18홀,tr_220202687
베르힐(영종),2026-09-26,16:30,220000,golfpang,,,18홀,tr_220240691
베르힐(영종),2026-09-26,18:00,190000,golfpang,,,18홀,tr_220240749
이글몬트,2026-09-26,13:30,170000,golfpang,,,18홀,tr_220202697
이천(비공개),2026-09-26,06:07,130000,golfpang,,,18홀,tr_218344155
포천힐스,2026-09-26,12:18,190000,golfpang,,,18홀,tr_220070916
코브스윙,2026-09-26,14:02,190000,golfpang,,,18홀,tr_217526049
몽베르(대중제),2026-09-26,12:46,170000,golfpang,,,18홀,tr_220260938
코브스윙,2026-09-26,06:59,190000,golfpang,,,18홀,tr_217526046
포천힐스,2026-09-26,06:42,190000,golfpang,,,18홀,tr_220070883
솔모로,2026-09-26,07:47,200000,golfpang,,,18홀,tr_220562911
솔모로,2026-09-26,08:01,200000,golfpang,,,18홀,tr_220562912
마론뉴데이,2026-09-26,13:30,155000,golfpang,,,18홀,tr_217725756
스카이밸리,2026-09-26,13:30,170000,golfpang,,,18홀,tr_217725655
더헤븐,2026-09-26,17:00,170000,golfpang,,,18홀,tr_220422136
스마트KU,2026-09-26,13:40,220000,golfpang,,,18홀,tr_220421974
라데나,2026-09-26,07:30,260000,golfpang,,,18홀,tr_220421910
360도,2026-09-26,07:07,150000,golfpang,,,18홀,tr_218656369
솔라고,2026-09-26,13:40,140000,golfpang,,,18홀,tr_220422107
속리산cc,2026-09-26,06:52,140000,golfpang,,,18홀,tr_220003435
속리산cc,2026-09-26,13:06,140000,golfpang,,,18홀,tr_220003389
스마트KU,2026-09-26,07:26,220000,golfpang,,,18홀,tr_220421815
킹스데일,2026-09-26,08:04,160000,golfpang,,,18홀,tr_220013878
알펜시아명문,2026-09-26,06:50,120000,golfpang,,,18홀,tr_219794219
알프스대영,2026-09-26,11:39,109000,golfpang,,,18홀,tr_219642632
일레븐,2026-09-26,08:45,135000,golfpang,,,18홀,tr_219747610
떼제베(동북),2026-09-26,13:10,140000,golfpang,,,18홀,tr_218985084
킹스데일,2026-09-26,12:11,165000,golfpang,,,18홀,tr_220013893
오로라,2026-09-26,08:00,170000,golfpang,,,18홀,tr_219662329
클럽모우,2026-09-26,07:00,135000,golfpang,,,18홀,tr_219443207
알프스대영,2026-09-26,11:53,109000,golfpang,,,18홀,tr_220007279
오로라,2026-09-26,12:13,170000,golfpang,,,18홀,tr_218575832
감곡,2026-09-26,17:17,110000,golfpang,,,18홀,tr_220399420
빅토리아-퍼9,2026-09-26,17:17,99000,golfpang,,,18홀,tr_220389669
스프링베일-퍼9,2026-09-26,17:15,130000,golfpang,,,18홀,tr_220142466
벨라스톤,2026-09-26,17:31,109000,golfpang,,,18홀,tr_220197634
일레븐,2026-09-26,17:30,85000,golfpang,,,18홀,tr_220548304
파주타이거,2026-09-26,17:23,190000,golfpang,,,18홀,tr_220148366
샤인데일,2026-09-26,17:22,95000,golfpang,,,18홀,tr_220138997
아난티중앙(야간),2026-09-26,17:44,150000,golfpang,,,18홀,tr_220149895
몽베르(대중제),2026-09-26,17:42,140000,golfpang,,,18홀,tr_219718166
한림광릉,2026-09-26,17:38,150000,golfpang,,,18홀,tr_220361697
남한강에스파크,2026-09-26,17:53,99000,golfpang,,,18홀,tr_220193158
남한강에스파크,2026-09-26,17:46,99000,golfpang,,,18홀,tr_220193157
플라밍고,2026-09-26,18:03,90000,golfpang,,,18홀,tr_220233201
해솔리아,2026-09-26,18:03,140000,golfpang,,,18홀,tr_220437130
리베라,2026-09-26,18:03,160000,golfpang,,,18홀,tr_220494309
용인(비공개),2026-09-26,18:03,150000,golfpang,,,18홀,tr_219990101
골프존 화랑,2026-09-26,18:00,89000,golfpang,,,18홀,tr_220469552
아난티중앙(야간),2026-09-26,18:11,140000,golfpang,,,18홀,tr_220149896
떼제베(동북),2026-09-26,18:09,100000,golfpang,,,18홀,tr_220478916
떼제베,2026-09-26,18:09,120000,golfpang,,,18홀,tr_220476871
오로라,2026-09-26,18:06,100000,golfpang,,,18홀,tr_220193045
세레니티-강촌,2026-09-26,18:06,140000,golfpang,,,18홀,tr_220139393
남한강에스파크,2026-09-26,18:21,99000,golfpang,,,18홀,tr_220193159
세레니티cc,2026-09-26,18:20,140000,golfpang,,,18홀,tr_220483292
신안(병행),2026-09-26,18:31,100000,golfpang,,,18홀,tr_220391037
세레니티cc,2026-09-26,18:27,140000,golfpang,,,18홀,tr_220483293
신안(병행),2026-09-26,18:24,100000,golfpang,,,18홀,tr_220391038
신안(병행),2026-09-26,18:24,100000,golfpang,,,18홀,tr_220391036
스타,2026-09-26,18:45,90000,golfpang,,,18홀,tr_220483732
대영베이스,2026-09-26,18:44,89000,golfpang,,,18홀,tr_220469782
대영힐스,2026-09-26,18:41,75000,golfpang,,,18홀,tr_220470033
클럽72,2026-09-26,19:14,130000,golfpang,,,18홀,tr_220127358
신안,2026-09-26,19:13,100000,golfpang,,,18홀,tr_220390706
신안,2026-09-26,19:13,100000,golfpang,,,18홀,tr_220390705
세레니티cc,2026-09-26,19:09,130000,golfpang,,,18홀,tr_220483294
세현,2026-09-26,19:05,160000,golfpang,,,18홀,tr_220389792
포레스트힐,2026-09-26,18:52,160000,golfpang,,,18홀,tr_220148584
옥스필드,2026-09-26,13:09,109000,golfpang,,,18홀,tr_220399748
벨라스톤,2026-09-26,13:14,149000,golfpang,,,18홀,tr_220197633
빅토리아-퍼9,2026-09-26,13:13,119000,golfpang,,,18홀,tr_220389668
히든밸리,2026-09-26,13:12,160000,golfpang,,,18홀,tr_220128957
떼제베(동북),2026-09-26,13:21,140000,golfpang,,,18홀,tr_220478915
떼제베,2026-09-26,13:21,160000,golfpang,,,18홀,tr_220476870
세레니티-강촌,2026-09-26,13:20,170000,golfpang,,,18홀,tr_220139392
플라밍고,2026-09-26,13:18,130000,golfpang,,,18홀,tr_220233200
남춘천,2026-09-26,13:28,160000,golfpang,,,18홀,tr_220523102
중원,2026-09-26,13:28,140000,golfpang,,,18홀,tr_220484748
클럽72,2026-09-26,13:26,210000,golfpang,,,18홀,tr_220127357
알펜시아700,2026-09-26,13:24,120000,golfpang,,,18홀,tr_220324857
양평TPC,2026-09-26,13:22,160000,golfpang,,,18홀,tr_220431272
골프존 안성H,2026-09-26,13:31,180000,golfpang,,,18홀,tr_220521349
몽베르,2026-09-26,13:30,250000,golfpang,,,18홀,tr_219691673
속리산cc,2026-09-26,13:30,120000,golfpang,,,18홀,tr_220505538
한림광릉,2026-09-26,13:37,190000,golfpang,,,18홀,tr_220361696
360도,2026-09-26,13:37,170000,golfpang,,,18홀,tr_220468703
푸른솔포천,2026-09-26,13:34,200000,golfpang,,,18홀,tr_220148978
서산수,2026-09-26,13:43,180000,golfpang,,,18홀,tr_220481331
보령베이스-퍼9,2026-09-26,13:41,99000,golfpang,,,18홀,tr_220479265
라싸,2026-09-26,13:49,179100,golfpang,,,18홀,tr_220476514
이글몬트,2026-09-26,13:46,170000,golfpang,,,18홀,tr_220393222
스타,2026-09-26,13:44,140000,golfpang,,,18홀,tr_220483731
클럽모우,2026-09-26,13:55,140000,golfpang,,,18홀,tr_220145467
샤인데일,2026-09-26,13:51,130000,golfpang,,,18홀,tr_220138996
세현,2026-09-26,13:51,210000,golfpang,,,18홀,tr_220389791
감곡,2026-09-26,14:03,150000,golfpang,,,18홀,tr_220399419
라싸,2026-09-26,14:03,170100,golfpang,,,18홀,tr_220476515
스마트KU,2026-09-26,14:03,220000,golfpang,,,18홀,tr_220454546
양지파인,2026-09-26,13:59,150000,golfpang,,,18홀,tr_220392254
유니아일랜드,2026-09-26,16:34,160000,golfpang,,,18홀,tr_220392720
남양주(퍼9),2026-09-26,16:14,149000,golfpang,,,18홀,tr_220402583
용인,2026-09-26,15:16,130000,golfpang,,,18홀,tr_219952118
리베라,2026-09-26,14:24,220000,golfpang,,,18홀,tr_220494308
킹스데일,2026-09-26,14:13,155000,golfpang,,,18홀,tr_220485225
그린힐,2026-09-26,14:10,150000,golfpang,,,18홀,tr_220401999
골프존 안성H,2026-09-26,14:06,180000,golfpang,,,18홀,tr_220521350
젠스필드,2026-09-26,17:00,110000,golfpang,,,18홀,tr_220391448
대호단양,2026-09-26,16:55,119000,golfpang,,,18홀,tr_220470562
아세코밸리-퍼9,2026-09-26,16:42,120000,golfpang,,,18홀,tr_220392149
비콘힐스,2026-09-26,17:09,90000,golfpang,,,18홀,tr_220440207
용인(비공개),2026-09-26,17:21,150000,golfpang,,,18홀,tr_219990100
파인스톤,2026-09-26,11:52,240000,golfpang,,,18홀,tr_220190308
골프존 화랑,2026-09-26,12:03,145000,golfpang,,,18홀,tr_220469551
에덴블루,2026-09-26,12:02,149200,golfpang,,,18홀,tr_220392669
남양주(퍼9),2026-09-26,12:14,159000,golfpang,,,18홀,tr_220402582
신라,2026-09-26,12:13,190000,golfpang,,,18홀,tr_220401335
올데이,2026-09-26,12:13,109000,golfpang,,,18홀,tr_220454640
중원,2026-09-26,12:11,150000,golfpang,,,18홀,tr_220484747
오로라,2026-09-26,12:11,160000,golfpang,,,18홀,tr_220193044
알펜시아700,2026-09-26,12:07,130000,golfpang,,,18홀,tr_220324856
비콘힐스,2026-09-26,12:22,120000,golfpang,,,18홀,tr_220440206
스프링베일-퍼9,2026-09-26,12:15,150000,golfpang,,,18홀,tr_220142465
보령베이스-퍼9,2026-09-26,12:31,119000,golfpang,,,18홀,tr_220479264
해솔리아,2026-09-26,12:30,180000,golfpang,,,18홀,tr_220437129
포천힐스,2026-09-26,12:38,190000,golfpang,,,18홀,tr_220148786
알프스대영,2026-09-26,12:37,119000,golfpang,,,18홀,tr_220399118
젠스필드,2026-09-26,12:43,160000,golfpang,,,18홀,tr_220391447
몽베르,2026-09-26,12:42,260000,golfpang,,,18홀,tr_219691672
골프존 진천,2026-09-26,12:39,209000,golfpang,,,18홀,tr_220469318
코스카,2026-09-26,12:48,160000,golfpang,,,18홀,tr_220484885
세현,2026-09-26,12:48,220000,golfpang,,,18홀,tr_220389790
올데이,2026-09-26,12:48,109000,golfpang,,,18홀,tr_220454641
그린힐,2026-09-26,12:46,160000,golfpang,,,18홀,tr_220401998
대영베이스,2026-09-26,12:52,129000,golfpang,,,18홀,tr_220469781
로얄포레,2026-09-26,13:02,119000,golfpang,,,18홀,tr_220399205
에덴블루,2026-09-26,13:01,141700,golfpang,,,18홀,tr_220392670
파주타이거,2026-09-26,13:01,200000,golfpang,,,18홀,tr_220148365
몽베르(대중제),2026-09-26,13:00,180000,golfpang,,,18홀,tr_219718165
프린세스,2026-09-26,13:00,160000,golfpang,,,18홀,tr_220485363
이천(비공개명문),2026-09-26,13:00,222000,golfpang,,,18홀,tr_220393316
오너스,2026-09-26,13:05,160000,golfpang,,,18홀,tr_220306866
여주,2026-09-26,13:04,190000,golfpang,,,18홀,tr_220400894
일레븐,2026-09-26,13:03,135000,golfpang,,,18홀,tr_220548303
킹즈락,2026-09-26,13:11,150000,golfpang,,,18홀,tr_220535143
센테리움,2026-09-26,13:11,129000,golfpang,,,18홀,tr_220483355
대영힐스,2026-09-26,13:10,119000,golfpang,,,18홀,tr_220470032
포천힐스,2026-09-26,07:24,200000,golfpang,,,18홀,tr_220148785
옥스필드,2026-09-26,07:21,99000,golfpang,,,18홀,tr_220399749
몽베르(대중제),2026-09-26,07:29,200000,golfpang,,,18홀,tr_219718164
몽베르,2026-09-26,07:24,260000,golfpang,,,18홀,tr_219691671
골프존 진천,2026-09-26,07:31,201000,golfpang,,,18홀,tr_220469317
파인스톤,2026-09-26,07:31,240000,golfpang,,,18홀,tr_220190307
오너스,2026-09-26,07:44,180000,golfpang,,,18홀,tr_220306865
세레니티-강촌,2026-09-26,07:47,210000,golfpang,,,18홀,tr_220139391
이븐데일,2026-09-26,07:45,95000,golfpang,,,18홀,tr_220548374
속리산cc,2026-09-26,07:55,120000,golfpang,,,18홀,tr_220505537
여주,2026-09-26,07:54,200000,golfpang,,,18홀,tr_220400893
솔모로,2026-09-26,07:54,200000,golfpang,,,18홀,tr_220468908
스카이밸리,2026-09-26,07:51,180000,golfpang,,,18홀,tr_220468619
임페리얼레이크,2026-09-26,07:56,139000,golfpang,,,18홀,tr_220548230
보령베이스-퍼9,2026-09-26,08:00,119000,golfpang,,,18홀,tr_220479263
포레스트힐,2026-09-26,08:15,230000,golfpang,,,18홀,tr_220148583
솔모로,2026-09-26,08:15,200000,golfpang,,,18홀,tr_220468909
로얄링스,2026-09-26,08:13,120000,golfpang,,,18홀,tr_220215203
이글몬트,2026-09-26,08:26,180000,golfpang,,,18홀,tr_220393221
라싸,2026-09-26,08:26,179100,golfpang,,,18홀,tr_220476513
이븐데일,2026-09-26,08:30,100000,golfpang,,,18홀,tr_220548375
골든베이,2026-09-26,08:29,150000,golfpang,,,18홀,tr_219597043
레인보우힐스,2026-09-26,08:36,255000,golfpang,,,18홀,tr_220057217
써닝포인트,2026-09-26,11:27,205000,golfpang,,,18홀,tr_220522497
아세코밸리-퍼9,2026-09-26,11:20,140000,golfpang,,,18홀,tr_220392148
유니아일랜드,2026-09-26,11:18,210000,golfpang,,,18홀,tr_220392719
로얄포레,2026-09-26,11:17,129000,golfpang,,,18홀,tr_220399204
레인보우힐스,2026-09-26,10:20,255000,golfpang,,,18홀,tr_220057218
모카cc,2026-09-26,08:53,150000,golfpang,,,18홀,tr_220478994
킹즈락,2026-09-26,11:40,170000,golfpang,,,18홀,tr_220535142
스카이밸리,2026-09-26,11:40,170000,golfpang,,,18홀,tr_220468620
로얄링스,2026-09-26,11:38,120000,golfpang,,,18홀,tr_220215204
프린세스,2026-09-26,11:50,180000,golfpang,,,18홀,tr_220485362
클럽72-오션,2026-09-26,11:49,270000,golfpang,,,18홀,tr_220127651
골든베이,2026-09-26,12:00,150000,golfpang,,,18홀,tr_219597044
크리스밸리,2026-09-26,11:59,180000,golfpang,,,18홀,tr_220213261
대호단양,2026-09-26,11:59,169000,golfpang,,,18홀,tr_220470561
진천(비공개),2026-09-26,06:35,200000,golfpang,,,18홀,tr_220124134
스타,2026-09-26,06:44,140000,golfpang,,,18홀,tr_220483730
킹스데일,2026-09-26,06:44,150000,golfpang,,,18홀,tr_220485224
빅토리아-퍼9,2026-09-26,06:42,119000,golfpang,,,18홀,tr_220389667
골프존 화랑,2026-09-26,06:41,125000,golfpang,,,18홀,tr_220469550
골프존 진천,2026-09-26,06:49,195000,golfpang,,,18홀,tr_220469316
알펜시아700,2026-09-26,06:47,100000,golfpang,,,18홀,tr_220324855
남양주(퍼9),2026-09-26,06:47,159000,golfpang,,,18홀,tr_220402581
센테리움,2026-09-26,06:46,129000,golfpang,,,18홀,tr_220483354
스프링베일-퍼9,2026-09-26,06:45,140000,golfpang,,,18홀,tr_220142464
포레스트힐,2026-09-26,06:51,220000,golfpang,,,18홀,tr_220148582
푸른솔포천,2026-09-26,06:49,210000,golfpang,,,18홀,tr_220148977
벨라스톤,2026-09-26,06:56,159000,golfpang,,,18홀,tr_220197632
해솔리아,2026-09-26,06:56,180000,golfpang,,,18홀,tr_220437128
파주타이거,2026-09-26,06:56,200000,golfpang,,,18홀,tr_220148364
그린힐,2026-09-26,06:56,150000,golfpang,,,18홀,tr_220401997
샤인데일,2026-09-26,06:55,150000,golfpang,,,18홀,tr_220138995
푸른솔포천,2026-09-26,13:48,200000,golfpang,,,18홀,tr_220562202
푸른솔포천,2026-09-26,06:21,200000,golfpang,,,18홀,tr_220562201
클럽D 거창,2026-09-26,11:24,140000,golfpang,,,18홀,tr_220561930
클럽D 거창,2026-09-26,06:44,100000,golfpang,,,18홀,tr_220561929
동서울cc-퍼9,2026-09-26,11:53,119000,golfpang,,,18홀,tr_220558835
벨라스톤,2026-09-26,07:17,159000,golfpang,,,18홀,tr_220558374
파인밸리,2026-09-26,12:03,160000,golfpang,,,18홀,tr_220558884
일레븐,2026-09-26,13:03,135000,golfpang,,,18홀,tr_220561699
일레븐,2026-09-26,06:58,125000,golfpang,,,18홀,tr_220561698
일레븐,2026-09-26,18:26,80000,golfpang,,,18홀,tr_220561700
임페리얼레이크,2026-09-26,11:10,139000,golfpang,,,18홀,tr_220561582
임페리얼레이크,2026-09-26,18:08,99000,golfpang,,,18홀,tr_220561583
임페리얼레이크,2026-09-26,07:28,129000,golfpang,,,18홀,tr_220561581
서원힐스,2026-09-26,05:25,190000,golfpang,,,18홀,tr_220561549
빅토리아-퍼9,2026-09-26,12:17,124000,golfpang,,,18홀,tr_220496891
빅토리아-퍼9,2026-09-26,13:06,119000,golfpang,,,18홀,tr_220496892
빅토리아-퍼9,2026-09-26,06:56,119000,golfpang,,,18홀,tr_220496890
벨라45 마스터스,2026-09-26,17:24,115000,golfpang,,,18홀,tr_220560788
중원,2026-09-26,13:14,130000,golfpang,,,18홀,tr_220561295
벨라45 마스터스,2026-09-26,18:06,95000,golfpang,,,18홀,tr_220560789
중원,2026-09-26,06:48,120000,golfpang,,,18홀,tr_220561294
감곡,2026-09-26,17:38,110000,golfpang,,,18홀,tr_220561007
360도,2026-09-26,11:45,190000,golfpang,,,18홀,tr_220561125
벨라45 마스터스,2026-09-26,17:17,115000,golfpang,,,18홀,tr_220560787
감곡,2026-09-26,14:03,150000,golfpang,,,18홀,tr_220561006
360도,2026-09-26,13:37,170000,golfpang,,,18홀,tr_220561126
감곡,2026-09-26,06:44,130000,golfpang,,,18홀,tr_220561005
대영베이스,2026-09-26,18:37,109000,golfpang,,,18홀,tr_219328861
대영베이스,2026-09-26,12:19,149000,golfpang,,,18홀,tr_219328670
코스카,2026-09-26,11:45,170000,golfpang,,,18홀,tr_219328923
대영힐스,2026-09-26,12:12,139000,golfpang,,,18홀,tr_219328867
대영힐스,2026-09-26,07:10,129000,golfpang,,,18홀,tr_219328863
대영베이스,2026-09-26,18:24,109000,golfpang,,,18홀,tr_219328719
그랜드(청주),2026-09-26,18:14,140000,golfpang,,,18홀,tr_220290001
대영힐스,2026-09-26,18:13,99000,golfpang,,,18홀,tr_219328896
벨라스톤,2026-09-26,13:28,149000,golfpang,,,18홀,tr_220558376
골드,2026-09-26,06:07,229000,golfpang,,,18홀,tr_218990418
코리아,2026-09-26,06:21,239000,golfpang,,,18홀,tr_218990489
클럽72,2026-09-26,18:04,140000,golfpang,,,18홀,tr_220560775
클럽72,2026-09-26,07:59,220000,golfpang,,,18홀,tr_220560768
클럽72,2026-09-26,12:50,220000,golfpang,,,18홀,tr_220560763
오너스,2026-09-26,07:16,180000,golfpang,,,18홀,tr_220513597
벨라스톤,2026-09-26,07:24,159000,golfpang,,,18홀,tr_220556491
라싸,2026-09-26,07:23,199000,golfpang,,,18홀,tr_220516824
킹즈락,2026-09-26,18:41,90000,golfpang,,,18홀,tr_220545305
동강시스타,2026-09-26,17:59,171000,golfpang,,,18홀,tr_220556022
에스앤-퍼9,2026-09-26,17:45,60000,golfpang,,,18홀,tr_220536667
벨라스톤,2026-09-26,17:45,109000,golfpang,,,18홀,tr_220556498
베스트밸리-퍼9,2026-09-26,18:02,120000,golfpang,,,18홀,tr_220520339
비콘힐스,2026-09-26,17:44,90000,golfpang,,,18홀,tr_219870652
비콘힐스,2026-09-26,17:44,90000,golfpang,,,18홀,tr_219870651
라싸,2026-09-26,17:53,179000,golfpang,,,18홀,tr_220516833
스톤비치,2026-09-26,17:51,130000,golfpang,,,18홀,tr_220546764
일레븐,2026-09-26,17:30,85000,golfpang,,,18홀,tr_220545220
빅토리아-퍼9,2026-09-26,17:24,-1,golfpang,,,18홀,tr_220496675
킹스데일,2026-09-26,14:06,140000,golfpang,,,18홀,tr_220540397
유니아일랜드,2026-09-26,16:34,160000,golfpang,,,18홀,tr_220494698
신라,2026-09-26,14:12,180000,golfpang,,,18홀,tr_220497183
보령베이스-퍼9,2026-09-26,13:41,99000,golfpang,,,18홀,tr_220536083
신안,2026-09-26,13:49,150000,golfpang,,,18홀,tr_219672154
신안,2026-09-26,13:49,150000,golfpang,,,18홀,tr_220125842
파주타이거,2026-09-26,13:29,200000,golfpang,,,18홀,tr_220515274
코브스윙,2026-09-26,13:27,-1,golfpang,,,18홀,tr_220521118
이글몬트,2026-09-26,13:25,170000,golfpang,,,18홀,tr_219910059
클럽72,2026-09-26,13:33,210000,golfpang,,,18홀,tr_220501891
대영베이스,2026-09-26,13:32,129000,golfpang,,,18홀,tr_220535729
양주,2026-09-26,13:13,-1,golfpang,,,18홀,tr_220515260
써닝포인트,2026-09-26,13:19,175000,golfpang,,,18홀,tr_220501249
그린힐,2026-09-26,13:00,160000,golfpang,,,18홀,tr_218696989
그린힐,2026-09-26,13:00,160000,golfpang,,,18홀,tr_218697003
그린힐,2026-09-26,13:00,160000,golfpang,,,18홀,tr_218697002
에덴블루,2026-09-26,13:08,150000,golfpang,,,18홀,tr_219818749
에덴블루,2026-09-26,13:08,150000,golfpang,,,18홀,tr_219818748
감곡,2026-09-26,12:53,150000,golfpang,,,18홀,tr_219339401
감곡,2026-09-26,12:53,150000,golfpang,,,18홀,tr_219339400
일레븐,2026-09-26,12:49,145000,golfpang,,,18홀,tr_220541261
중원,2026-09-26,12:32,150000,golfpang,,,18홀,tr_220536386
양지파인,2026-09-26,12:44,160000,golfpang,,,18홀,tr_220500855
파인밸리,2026-09-26,12:31,160000,golfpang,,,18홀,tr_220554851
스타,2026-09-26,12:27,150000,golfpang,,,18홀,tr_219551084
스타,2026-09-26,12:27,150000,golfpang,,,18홀,tr_219551083
동서울cc-퍼9,2026-09-26,12:07,109000,golfpang,,,18홀,tr_220554763
남춘천,2026-09-26,12:06,170000,golfpang,,,18홀,tr_219890192
남춘천,2026-09-26,12:06,170000,golfpang,,,18홀,tr_219890195
로얄링스,2026-09-26,12:06,160000,golfpang,,,18홀,tr_220535856
파주타이거,2026-09-26,11:58,210000,golfpang,,,18홀,tr_220515278
파주,2026-09-26,11:03,260000,golfpang,,,18홀,tr_220519287
킹즈락,2026-09-26,11:40,170000,golfpang,,,18홀,tr_220536210
신라,2026-09-26,08:35,210000,golfpang,,,18홀,tr_220499903
안성(비공개),2026-09-26,08:22,160000,golfpang,,,18홀,tr_220139335
일레븐,2026-09-26,08:29,145000,golfpang,,,18홀,tr_220541463
젠스필드,2026-09-26,08:26,180000,golfpang,,,18홀,tr_220494905
코스카,2026-09-26,08:00,190000,golfpang,,,18홀,tr_220541972
스프링베일-퍼9,2026-09-26,07:48,-1,golfpang,,,18홀,tr_220521111
대호단양,2026-09-26,07:45,169000,golfpang,,,18홀,tr_220537920
스마트KU,2026-09-26,07:40,220000,golfpang,,,18홀,tr_220514729
양지파인,2026-09-26,07:29,160000,golfpang,,,18홀,tr_220441735
양지파인,2026-09-26,07:29,160000,golfpang,,,18홀,tr_219785624
360도,2026-09-26,07:37,187000,golfpang,,,18홀,tr_220496080
클럽72,2026-09-26,07:17,200000,golfpang,,,18홀,tr_220501856
대영힐스,2026-09-26,07:17,115000,golfpang,,,18홀,tr_220543306
에스앤-퍼9,2026-09-26,07:10,100000,golfpang,,,18홀,tr_220544703
웰리힐리,2026-09-26,07:10,190000,golfpang,,,18홀,tr_220554361
이븐데일,2026-09-26,07:00,100000,golfpang,,,18홀,tr_220541574
한림광릉,2026-09-26,06:59,190000,golfpang,,,18홀,tr_219524451
한림광릉,2026-09-26,06:59,190000,golfpang,,,18홀,tr_220398871
솔모로,2026-09-26,07:05,200000,golfpang,,,18홀,tr_220495547
여주,2026-09-26,06:58,240000,golfpang,,,18홀,tr_220498868
이븐데일,2026-09-26,06:45,95000,golfpang,,,18홀,tr_220545503
리베라,2026-09-26,06:49,220000,golfpang,,,18홀,tr_220500771
세레니티cc,2026-09-26,06:44,275000,golfpang,,,18홀,tr_220545895
신라,2026-09-26,06:43,170000,golfpang,,,18홀,tr_220497579
용인(비공개),2026-09-26,06:39,179000,golfpang,,,18홀,tr_219368043
용인(비공개),2026-09-26,06:39,179000,golfpang,,,18홀,tr_219064673
클럽D 보은,2026-09-26,06:36,150000,golfpang,,,18홀,tr_220535390
일레븐,2026-09-26,06:23,125000,golfpang,,,18홀,tr_220545409
대영힐스,2026-09-26,05:39,90000,golfpang,,,18홀,tr_220543313
젠스필드,2026-09-26,06:20,150000,golfpang,,,18홀,tr_220500405
라싸,2026-09-26,06:20,199000,golfpang,,,18홀,tr_220513992
푸른솔포천,2026-09-26,06:14,200000,golfpang,,,18홀,tr_220514789
파주타이거,2026-09-26,06:00,170000,golfpang,,,18홀,tr_220518143
벨라45 마스터스,2026-09-26,18:06,95000,golfpang,,,18홀,tr_220560524
벨라45 마스터스,2026-09-26,17:24,115000,golfpang,,,18홀,tr_220560523
벨라45 마스터스,2026-09-26,17:17,115000,golfpang,,,18홀,tr_220560522
360도,2026-09-26,13:37,170000,golfpang,,,18홀,tr_220560376
360도,2026-09-26,11:52,190000,golfpang,,,18홀,tr_220560375
중원,2026-09-26,06:48,120000,golfpang,,,18홀,tr_220560213
중원,2026-09-26,13:14,130000,golfpang,,,18홀,tr_220560214
클럽D 거창,2026-09-26,13:37,135000,golfpang,,,18홀,tr_220560021
클럽D 거창,2026-09-26,06:51,100000,golfpang,,,18홀,tr_220560020
옥스필드,2026-09-26,07:21,99000,golfpang,,,18홀,tr_220559959
옥스필드,2026-09-26,11:45,119000,golfpang,,,18홀,tr_220559960
옥스필드,2026-09-26,17:19,79000,golfpang,,,18홀,tr_220559961
클럽D 거창,2026-09-26,08:29,135000,golfpang,,,18홀,tr_220559857
클럽D 거창,2026-09-26,12:05,140000,golfpang,,,18홀,tr_220559858
샤인데일,2026-09-26,17:22,95000,golfpang,,,18홀,tr_220099984
포레스트힐,2026-09-26,18:45,150000,golfpang,,,18홀,tr_220339565
포천힐스,2026-09-26,13:34,190000,golfpang,,,18홀,tr_220393102
샤인데일,2026-09-26,13:30,130000,golfpang,,,18홀,tr_220099983
오너스,2026-09-26,08:26,140000,golfpang,,,18홀,tr_220325215
베뉴지,2026-09-26,12:55,140000,golfpang,,,18홀,tr_220393076
베스트밸리-퍼9,2026-09-26,17:34,120000,golfpang,,,18홀,tr_220499666
동서울cc-퍼9,2026-09-26,18:17,65000,golfpang,,,18홀,tr_220006079
동서울cc-퍼9,2026-09-26,18:31,65000,golfpang,,,18홀,tr_220006080
벨라스톤,2026-09-26,13:35,150000,golfpang,,,18홀,tr_220469739
벨라스톤,2026-09-26,13:14,150000,golfpang,,,18홀,tr_220469738
벨라스톤,2026-09-26,08:20,170000,golfpang,,,18홀,tr_220469737
이븐데일,2026-09-26,08:31,135000,golfpang,,,18홀,tr_220467878
이븐데일,2026-09-26,07:41,135000,golfpang,,,18홀,tr_220467877
이븐데일,2026-09-26,11:37,135000,golfpang,,,18홀,tr_220467879
이븐데일,2026-09-26,11:31,120000,golfpang,,,18홀,tr_220559687
이븐데일,2026-09-26,08:30,100000,golfpang,,,18홀,tr_220559686
이븐데일,2026-09-26,06:45,90000,golfpang,,,18홀,tr_220559685
해솔리아,2026-09-26,12:37,180000,golfpang,,,18홀,tr_220437197
해솔리아,2026-09-26,17:01,150000,golfpang,,,18홀,tr_220437198
해솔리아,2026-09-26,08:27,190000,golfpang,,,18홀,tr_220437196
이포,2026-09-26,08:15,240000,golfpang,,,18홀,tr_220009713
은화삼,2026-09-26,12:51,210000,golfpang,,,18홀,tr_220005179
이포,2026-09-26,13:35,210000,golfpang,,,18홀,tr_220009727
은화삼,2026-09-26,07:12,230000,golfpang,,,18홀,tr_220005177
동서울cc-퍼9,2026-09-26,07:06,119000,golfpang,,,18홀,tr_220558499
벨라스톤,2026-09-26,18:13,109000,golfpang,,,18홀,tr_220558378
동강시스타,2026-09-26,18:13,171000,golfpang,,,18홀,tr_220557886
동서울cc-퍼9,2026-09-26,18:31,65000,golfpang,,,18홀,tr_220558834
벨라스톤,2026-09-26,18:27,109000,golfpang,,,18홀,tr_220558379
웰리힐리,2026-09-26,13:30,190000,golfpang,,,18홀,tr_220557690
벨라스톤,2026-09-26,13:49,149000,golfpang,,,18홀,tr_220558377
벨라스톤,2026-09-26,13:49,149000,golfpang,,,18홀,tr_220558806
웰리힐리,2026-09-26,13:46,190000,golfpang,,,18홀,tr_220557689
웰리힐리,2026-09-26,12:14,190000,golfpang,,,18홀,tr_220557691
파인밸리,2026-09-26,12:52,160000,golfpang,,,18홀,tr_220558571
벨라스톤,2026-09-26,07:10,159000,golfpang,,,18홀,tr_220558373
파인밸리,2026-09-26,08:07,150000,golfpang,,,18홀,tr_220558569
파인밸리,2026-09-26,11:14,160000,golfpang,,,18홀,tr_220558570
파인밸리,2026-09-26,11:00,160000,golfpang,,,18홀,tr_220558883
벨라스톤,2026-09-26,06:21,149000,golfpang,,,18홀,tr_220558369
파인밸리,2026-09-26,06:15,150000,golfpang,,,18홀,tr_220558882
벨라스톤,2026-09-26,06:35,149000,golfpang,,,18홀,tr_220558370
벨라스톤,2026-09-26,06:35,149000,golfpang,,,18홀,tr_220558804
동강시스타,2026-09-26,17:38,171000,golfpang,,,18홀,tr_220558220
벨라스톤,2026-09-26,07:03,159000,golfpang,,,18홀,tr_220558372
골프존 안성H,2026-09-26,13:31,180000,golfpang,,,18홀,tr_220557657
골프존 안성H,2026-09-26,13:31,180000,golfpang,,,18홀,tr_220557658
골프존 안성H,2026-09-26,07:05,180000,golfpang,,,18홀,tr_220557656
벨라스톤,2026-09-26,17:31,109000,golfpang,,,18홀,tr_220556931
벨라스톤,2026-09-26,07:31,159000,golfpang,,,18홀,tr_220556927
벨라스톤,2026-09-26,17:45,109000,golfpang,,,18홀,tr_220556932
벨라스톤,2026-09-26,06:21,149000,golfpang,,,18홀,tr_220556925
벨라스톤,2026-09-26,13:21,149000,golfpang,,,18홀,tr_220556929
벨라스톤,2026-09-26,13:42,149000,golfpang,,,18홀,tr_220556930
벨라스톤,2026-09-26,17:59,109000,golfpang,,,18홀,tr_220556933
벨라스톤,2026-09-26,18:13,109000,golfpang,,,18홀,tr_220556934
동강시스타,2026-09-26,18:13,171000,golfpang,,,18홀,tr_220556333
남한강에스파크,2026-09-26,18:28,119000,golfpang,,,18홀,tr_220556706
동서울cc-퍼9,2026-09-26,18:45,65000,golfpang,,,18홀,tr_220556610
벨라스톤,2026-09-26,18:41,109000,golfpang,,,18홀,tr_220556500
동서울cc-퍼9,2026-09-26,18:38,65000,golfpang,,,18홀,tr_220556609
웰리힐리,2026-09-26,13:14,190000,golfpang,,,18홀,tr_220556258
웰리힐리,2026-09-26,13:22,190000,golfpang,,,18홀,tr_220556179
벨라스톤,2026-09-26,13:21,149000,golfpang,,,18홀,tr_220556494
벨라스톤,2026-09-26,13:35,149000,golfpang,,,18홀,tr_220556495
웰리힐리,2026-09-26,13:34,190000,golfpang,,,18홀,tr_220555839
벨라스톤,2026-09-26,13:42,149000,golfpang,,,18홀,tr_220556496
동서울cc-퍼9,2026-09-26,13:52,119000,golfpang,,,18홀,tr_220556611
웰리힐리,2026-09-26,12:42,190000,golfpang,,,18홀,tr_220555837
웰리힐리,2026-09-26,13:06,190000,golfpang,,,18홀,tr_220555836
파인밸리,2026-09-26,07:11,150000,golfpang,,,18홀,tr_220556689
벨라스톤,2026-09-26,07:10,159000,golfpang,,,18홀,tr_220556489
벨라스톤,2026-09-26,07:17,159000,golfpang,,,18홀,tr_220556490
벨라스톤,2026-09-26,07:38,159000,golfpang,,,18홀,tr_220556492
벨라스톤,2026-09-26,07:52,159000,golfpang,,,18홀,tr_220556493
동강시스타,2026-09-26,08:01,171000,golfpang,,,18홀,tr_220556017
웰리힐리,2026-09-26,05:58,190000,golfpang,,,18홀,tr_220556180
파인밸리,2026-09-26,06:15,150000,golfpang,,,18홀,tr_220556688
웰리힐리,2026-09-26,06:14,190000,golfpang,,,18홀,tr_220555838
동강시스타,2026-09-26,18:20,171000,golfpang,,,18홀,tr_220556335
동강시스타,2026-09-26,18:06,171000,golfpang,,,18홀,tr_220556019
동강시스타,2026-09-26,18:06,171000,golfpang,,,18홀,tr_220556334
벨라스톤,2026-09-26,17:59,109000,golfpang,,,18홀,tr_220556499
동강시스타,2026-09-26,17:59,171000,golfpang,,,18홀,tr_220556332
동강시스타,2026-09-26,17:52,171000,golfpang,,,18홀,tr_220556021
벨라스톤,2026-09-26,17:31,109000,golfpang,,,18홀,tr_220556497
벨라스톤,2026-09-26,06:42,149000,golfpang,,,18홀,tr_220556488
동강시스타,2026-09-26,07:12,171000,golfpang,,,18홀,tr_220556020
코리아,2026-09-26,17:05,159000,golfpang,,,18홀,tr_151185908
골드,2026-09-26,16:37,149000,golfpang,,,18홀,tr_153680696
벨라스톤,2026-09-26,07:45,159000,golfpang,,,18홀,tr_220555064
동서울cc-퍼9,2026-09-26,13:17,119000,golfpang,,,18홀,tr_220555104
파인밸리,2026-09-26,12:38,160000,golfpang,,,18홀,tr_220555156
벨라스톤,2026-09-26,18:27,109000,golfpang,,,18홀,tr_220555066
벨라스톤,2026-09-26,07:52,159000,golfpang,,,18홀,tr_220555065
동서울cc-퍼9,2026-09-26,06:17,119000,golfpang,,,18홀,tr_220555105
동서울cc-퍼9,2026-09-26,06:31,119000,golfpang,,,18홀,tr_220555106
남한강에스파크,2026-09-26,18:21,119000,golfpang,,,18홀,tr_220554859
동강시스타,2026-09-26,18:20,171000,golfpang,,,18홀,tr_220554191
동강시스타,2026-09-26,18:27,171000,golfpang,,,18홀,tr_220554193
동강시스타,2026-09-26,18:27,171000,golfpang,,,18홀,tr_220554192
동서울cc-퍼9,2026-09-26,18:24,65000,golfpang,,,18홀,tr_220554762
벨라스톤,2026-09-26,13:28,149000,golfpang,,,18홀,tr_220554644
웰리힐리,2026-09-26,13:42,190000,golfpang,,,18홀,tr_220553969
동서울cc-퍼9,2026-09-26,13:45,119000,golfpang,,,18홀,tr_220554764
벨라스톤,2026-09-26,13:56,149000,golfpang,,,18홀,tr_220554645
웰리힐리,2026-09-26,12:30,190000,golfpang,,,18홀,tr_220554362
웰리힐리,2026-09-26,12:26,190000,golfpang,,,18홀,tr_220553966
웰리힐리,2026-09-26,12:58,190000,golfpang,,,18홀,tr_220553965
웰리힐리,2026-09-26,13:06,190000,golfpang,,,18홀,tr_220554360
웰리힐리,2026-09-26,13:14,190000,golfpang,,,18홀,tr_220553967
벨라스톤,2026-09-26,07:31,159000,golfpang,,,18홀,tr_220554642
벨라스톤,2026-09-26,07:59,159000,golfpang,,,18홀,tr_220554643
웰리힐리,2026-09-26,06:06,190000,golfpang,,,18홀,tr_220553968
동서울cc-퍼9,2026-09-26,06:24,119000,golfpang,,,18홀,tr_220554765
웰리힐리,2026-09-26,06:30,190000,golfpang,,,18홀,tr_220554431
동강시스타,2026-09-26,07:05,171000,golfpang,,,18홀,tr_220554494
동강시스타,2026-09-26,06:37,171000,golfpang,,,18홀,tr_220554495
벨라스톤,2026-09-26,06:42,149000,golfpang,,,18홀,tr_220554638
벨라스톤,2026-09-26,06:49,149000,golfpang,,,18홀,tr_220554639
벨라스톤,2026-09-26,06:56,149000,golfpang,,,18홀,tr_220554640
벨라스톤,2026-09-26,07:03,159000,golfpang,,,18홀,tr_220554641
한원,2026-09-26,07:30,179000,golfpang,,,18홀,tr_219444170
한원,2026-09-26,17:10,150000,golfpang,,,18홀,tr_219444213
골프존 안성H,2026-09-26,08:00,180000,golfpang,,,18홀,tr_218981089
골프존 안성H,2026-09-26,12:30,180000,golfpang,,,18홀,tr_219073150
더크로스비,2026-09-26,07:31,197000,golfpang,,,18홀,tr_220553849
더크로스비,2026-09-26,13:30,197000,golfpang,,,18홀,tr_220553850
더크로스비,2026-09-26,06:42,187000,golfpang,,,18홀,tr_220553848
신라,2026-09-26,12:27,190000,golfpang,,,18홀,tr_219445685
대호단양,2026-09-26,12:27,179000,golfpang,,,18홀,tr_219885957
센테리움,2026-09-26,12:36,139000,golfpang,,,18홀,tr_220288135
윈체스트,2026-09-26,12:42,180000,golfpang,,,18홀,tr_220151169
윈체스트,2026-09-26,12:42,180000,golfpang,,,18홀,tr_220151168
윈체스트,2026-09-26,12:42,180000,golfpang,,,18홀,tr_220151167
신라,2026-09-26,12:41,190000,golfpang,,,18홀,tr_219445686
360도,2026-09-26,12:45,190000,golfpang,,,18홀,tr_219798535
해솔리아,2026-09-26,12:44,210000,golfpang,,,18홀,tr_220288410
스타,2026-09-26,12:55,150000,golfpang,,,18홀,tr_220079760
감곡,2026-09-26,12:53,150000,golfpang,,,18홀,tr_220088399
푸른솔포천,2026-09-26,12:52,220000,golfpang,,,18홀,tr_220129802
포천힐스,2026-09-26,12:52,190000,golfpang,,,18홀,tr_220129387
써닝포인트,2026-09-26,12:51,175000,golfpang,,,18홀,tr_220376096
한림광릉,2026-09-26,13:02,190000,golfpang,,,18홀,tr_220288073
양평TPC,2026-09-26,13:01,160000,golfpang,,,18홀,tr_220288709
이천(비공개명문),2026-09-26,13:00,222000,golfpang,,,18홀,tr_219573604
감곡,2026-09-26,13:00,150000,golfpang,,,18홀,tr_220088400
포천힐스,2026-09-26,12:59,190000,golfpang,,,18홀,tr_220129388
써닝포인트,2026-09-26,12:58,175000,golfpang,,,18홀,tr_220376097
해솔리아,2026-09-26,13:05,200000,golfpang,,,18홀,tr_220288411
여주,2026-09-26,13:04,190000,golfpang,,,18홀,tr_220201835
여주,2026-09-26,13:11,190000,golfpang,,,18홀,tr_220201836
이글몬트,2026-09-26,13:11,170000,golfpang,,,18홀,tr_220287994
클럽D 거창,2026-09-26,13:09,165000,golfpang,,,18홀,tr_220283569
양평TPC,2026-09-26,13:15,160000,golfpang,,,18홀,tr_220288710
신안,2026-09-26,13:14,160000,golfpang,,,18홀,tr_219670881
신안,2026-09-26,13:14,160000,golfpang,,,18홀,tr_219670880
코스카,2026-09-26,07:18,160000,golfpang,,,18홀,tr_220051950
몽베르(대중제),2026-09-26,07:15,160000,golfpang,,,18홀,tr_220287740
그린힐,2026-09-26,07:24,180000,golfpang,,,18홀,tr_220153622
중원,2026-09-26,07:30,140000,golfpang,,,18홀,tr_220288490
플라밍고,2026-09-26,07:37,150000,golfpang,,,18홀,tr_220036908
오너스,2026-09-26,07:37,130000,golfpang,,,18홀,tr_220288967
스타,2026-09-26,07:33,160000,golfpang,,,18홀,tr_220079759
골든베이,2026-09-26,07:54,150000,golfpang,,,18홀,tr_220094850
양지파인,2026-09-26,07:52,160000,golfpang,,,18홀,tr_220152617
대영힐스,2026-09-26,07:59,139000,golfpang,,,18홀,tr_220326817
힐데스하임,2026-09-26,08:07,160000,golfpang,,,18홀,tr_220013323
알펜시아명문,2026-09-26,08:06,150000,golfpang,,,18홀,tr_220182210
알펜시아700,2026-09-26,08:04,120000,golfpang,,,18홀,tr_220181894
알펜시아명문,2026-09-26,08:13,150000,golfpang,,,18홀,tr_220182209
대영베이스,2026-09-26,08:13,139000,golfpang,,,18홀,tr_220326382
남춘천,2026-09-26,08:08,180000,golfpang,,,18홀,tr_220391646
오너스,2026-09-26,08:26,140000,golfpang,,,18홀,tr_220288968
속리산cc,2026-09-26,08:23,160000,golfpang,,,18홀,tr_220079983
벨라스톤,2026-09-26,08:20,170000,golfpang,,,18홀,tr_219909917
모카cc,2026-09-26,08:18,150000,golfpang,,,18홀,tr_220149163
이븐데일,2026-09-26,08:17,135000,golfpang,,,18홀,tr_220283410
로얄링스,2026-09-26,08:27,160000,golfpang,,,18홀,tr_219891961
크리스밸리,2026-09-26,08:43,190000,golfpang,,,18홀,tr_220103715
중원,2026-09-26,08:40,150000,golfpang,,,18홀,tr_220288491
몽베르(대중제),2026-09-26,08:39,180000,golfpang,,,18홀,tr_220287741
에스앤-퍼9,2026-09-26,11:21,100000,golfpang,,,18홀,tr_220070871
대영힐스,2026-09-26,11:20,139000,golfpang,,,18홀,tr_220326818
알프스대영,2026-09-26,11:14,129000,golfpang,,,18홀,tr_220181408
로얄링스,2026-09-26,11:38,160000,golfpang,,,18홀,tr_219891962
이븐데일,2026-09-26,11:37,135000,golfpang,,,18홀,tr_220283411
아세코밸리-퍼9,2026-09-26,11:34,140000,golfpang,,,18홀,tr_220152847
보령베이스-퍼9,2026-09-26,11:28,119000,golfpang,,,18홀,tr_220361462
보령베이스-퍼9,2026-09-26,11:49,119000,golfpang,,,18홀,tr_220361463
대영베이스,2026-09-26,11:45,139000,golfpang,,,18홀,tr_220326383
코스카,2026-09-26,06:57,150000,golfpang,,,18홀,tr_220051949
이천(비공개명문),2026-09-26,07:00,253000,golfpang,,,18홀,tr_219573603
세레니티cc,2026-09-26,18:27,140000,golfpang,,,18홀,tr_220085542
파인스톤,2026-09-26,18:25,150000,golfpang,,,18홀,tr_220049178
리베라,2026-09-26,18:24,160000,golfpang,,,18홀,tr_219900521
파인스톤,2026-09-26,18:39,140000,golfpang,,,18홀,tr_220049179
리베라,2026-09-26,18:38,160000,golfpang,,,18홀,tr_219900522
세레니티cc,2026-09-26,18:34,140000,golfpang,,,18홀,tr_220085543
해솔리아,2026-09-26,13:12,200000,golfpang,,,18홀,tr_220288412
히든밸리,2026-09-26,13:12,160000,golfpang,,,18홀,tr_220220787
플라밍고,2026-09-26,13:11,140000,golfpang,,,18홀,tr_220036909
벨라스톤,2026-09-26,13:21,150000,golfpang,,,18홀,tr_219909918
플라밍고,2026-09-26,13:18,140000,golfpang,,,18홀,tr_220036910
동서울cc-퍼9,2026-09-26,13:17,119000,golfpang,,,18홀,tr_219886099
벨라스톤,2026-09-26,13:28,150000,golfpang,,,18홀,tr_219909919
알프스대영,2026-09-26,13:27,119000,golfpang,,,18홀,tr_220181409
동서울cc-퍼9,2026-09-26,13:24,119000,golfpang,,,18홀,tr_219886100
에덴블루,2026-09-26,13:22,150000,golfpang,,,18홀,tr_220321197
에덴블루,2026-09-26,13:22,150000,golfpang,,,18홀,tr_220321196
센테리움,2026-09-26,13:32,129000,golfpang,,,18홀,tr_220288136
대영베이스,2026-09-26,13:32,129000,golfpang,,,18홀,tr_220326384
세현,2026-09-26,13:30,210000,golfpang,,,18홀,tr_220165802
한림광릉,2026-09-26,13:37,190000,golfpang,,,18홀,tr_220288074
베뉴지,2026-09-26,13:37,169000,golfpang,,,18홀,tr_220139483
베뉴지,2026-09-26,13:37,169000,golfpang,,,18홀,tr_220139482
속리산cc,2026-09-26,13:37,140000,golfpang,,,18홀,tr_220079981
대호단양,2026-09-26,13:37,169000,golfpang,,,18홀,tr_219885958
세레니티-강촌,2026-09-26,13:34,170000,golfpang,,,18홀,tr_220376025
알프스대영,2026-09-26,13:34,119000,golfpang,,,18홀,tr_220181410
모카cc,2026-09-26,13:42,130000,golfpang,,,18홀,tr_220149164
힐데스하임,2026-09-26,13:42,150000,golfpang,,,18홀,tr_220013322
세레니티-강촌,2026-09-26,13:41,170000,golfpang,,,18홀,tr_220376026
세현,2026-09-26,13:37,210000,golfpang,,,18홀,tr_220165803
스카이밸리,2026-09-26,13:46,190000,golfpang,,,18홀,tr_220165517
골프존 안성H,2026-09-26,13:45,180000,golfpang,,,18홀,tr_220235921
한림광릉,2026-09-26,13:44,190000,golfpang,,,18홀,tr_220288075
스타,2026-09-26,13:44,140000,golfpang,,,18홀,tr_220079761
대호단양,2026-09-26,13:44,169000,golfpang,,,18홀,tr_219885959
힐데스하임,2026-09-26,13:57,150000,golfpang,,,18홀,tr_220013321
세레니티-강촌,2026-09-26,13:55,170000,golfpang,,,18홀,tr_220376027
스카이밸리,2026-09-26,13:53,190000,golfpang,,,18홀,tr_220165518
동서울cc-퍼9,2026-09-26,13:52,119000,golfpang,,,18홀,tr_219886101
골프존 안성H,2026-09-26,13:52,180000,golfpang,,,18홀,tr_220235922
샤인데일,2026-09-26,13:51,130000,golfpang,,,18홀,tr_220138864
양지파인,2026-09-26,13:51,150000,golfpang,,,18홀,tr_220152618
세현,2026-09-26,13:51,210000,golfpang,,,18홀,tr_220165804
속리산cc,2026-09-26,13:51,140000,golfpang,,,18홀,tr_220079982
클럽D 거창,2026-09-26,11:44,165000,golfpang,,,18홀,tr_220283568
알펜시아명문,2026-09-26,11:42,180000,golfpang,,,18홀,tr_220182211
히든밸리,2026-09-26,11:41,170000,golfpang,,,18홀,tr_220220786
크리스밸리,2026-09-26,11:59,180000,golfpang,,,18홀,tr_220103714
푸른솔포천,2026-09-26,11:56,230000,golfpang,,,18홀,tr_220129801
아세코밸리-퍼9,2026-09-26,11:55,140000,golfpang,,,18홀,tr_220152848
신라,2026-09-26,11:52,190000,golfpang,,,18홀,tr_219445684
360도,2026-09-26,11:52,190000,golfpang,,,18홀,tr_219798534
남춘천,2026-09-26,12:06,170000,golfpang,,,18홀,tr_220391647
그린힐,2026-09-26,12:04,210000,golfpang,,,18홀,tr_220153623
에스앤-퍼9,2026-09-26,12:03,100000,golfpang,,,18홀,tr_220070869
포천힐스,2026-09-26,12:03,190000,golfpang,,,18홀,tr_220129386
몽베르(대중제),2026-09-26,12:11,170000,golfpang,,,18홀,tr_220287742
보령베이스-퍼9,2026-09-26,12:10,119000,golfpang,,,18홀,tr_220361464
골든베이,2026-09-26,12:21,150000,golfpang,,,18홀,tr_220094851
이븐데일,2026-09-26,12:19,135000,golfpang,,,18홀,tr_220283412
대영힐스,2026-09-26,12:18,135000,golfpang,,,18홀,tr_220326819
아세코밸리-퍼9,2026-09-26,12:30,140000,golfpang,,,18홀,tr_220152849
써닝포인트,2026-09-26,12:30,175000,golfpang,,,18홀,tr_220376095
알펜시아700,2026-09-26,13:59,120000,golfpang,,,18홀,tr_220181892
골프존 안성H,2026-09-26,13:59,180000,golfpang,,,18홀,tr_220235923
샤인데일,2026-09-26,13:58,130000,golfpang,,,18홀,tr_220138865
서산수,2026-09-26,13:57,180000,golfpang,,,18홀,tr_220085635
에스앤-퍼9,2026-09-26,16:21,80000,golfpang,,,18홀,tr_220070870
서산수,2026-09-26,14:11,180000,golfpang,,,18홀,tr_220085636
알펜시아700,2026-09-26,14:06,120000,golfpang,,,18홀,tr_220181893
파인스톤,2026-09-26,17:08,160000,golfpang,,,18홀,tr_220049177
비콘힐스,2026-09-26,17:02,90000,golfpang,,,18홀,tr_219910301
비콘힐스,2026-09-26,17:16,90000,golfpang,,,18홀,tr_219910302
비콘힐스,2026-09-26,17:23,90000,golfpang,,,18홀,tr_219910303
샤인데일,2026-09-26,17:22,95000,golfpang,,,18홀,tr_220138866
스톤비치,2026-09-26,17:51,130000,golfpang,,,18홀,tr_220075261
스톤비치,2026-09-26,17:44,130000,golfpang,,,18홀,tr_220075260
남한강에스파크,2026-09-26,18:00,99000,golfpang,,,18홀,tr_219873560
스톤비치,2026-09-26,17:58,130000,golfpang,,,18홀,tr_220075262
남한강에스파크,2026-09-26,17:53,99000,golfpang,,,18홀,tr_219873559
그린힐,2026-09-26,18:10,110000,golfpang,,,18홀,tr_220153624
세레니티cc,2026-09-26,18:20,140000,golfpang,,,18홀,tr_220085541
리베라,2026-09-26,18:17,160000,golfpang,,,18홀,tr_219900520
남한강에스파크,2026-09-26,18:14,99000,golfpang,,,18홀,tr_219873561
포천힐스,2026-09-26,13:41,190000,golfpang,,,18홀,tr_220548401
포천힐스,2026-09-26,06:56,190000,golfpang,,,18홀,tr_220548400
포천힐스,2026-09-26,13:34,190000,golfpang,,,18홀,tr_220548402
그린힐,2026-09-26,18:17,110000,golfpang,,,18홀,tr_220486362
360도,2026-09-26,07:07,150000,golfpang,,,18홀,tr_220486352
마론뉴데이(구),2026-09-26,06:55,155000,golfpang,,,18홀,tr_220454388
마론뉴데이(구),2026-09-26,13:32,155000,golfpang,,,18홀,tr_220454449
그린힐,2026-09-26,06:49,150000,golfpang,,,18홀,tr_220345483
해솔리아,2026-09-26,06:56,180000,golfpang,,,18홀,tr_220483929
아난티중앙(야간),2026-09-26,18:11,140000,golfpang,,,18홀,tr_220037249
빅토리아-퍼9,2026-09-26,06:49,119000,golfpang,,,18홀,tr_220468729
용인(비공개),2026-09-26,06:46,179000,golfpang,,,18홀,tr_220361485
에델바이스(가명),2026-09-26,06:28,200000,golfpang,,,18홀,tr_220213775
에델바이스(가명),2026-09-26,06:28,200000,golfpang,,,18홀,tr_220213776
여주,2026-09-26,07:54,200000,golfpang,,,18홀,tr_220013059
양지파인,2026-09-26,07:29,160000,golfpang,,,18홀,tr_220485335
이글몬트,2026-09-26,07:23,180000,golfpang,,,18홀,tr_220326314
이천(비공개명문),2026-09-26,07:00,253000,golfpang,,,18홀,tr_220085993
양지파인,2026-09-26,12:29,160000,golfpang,,,18홀,tr_220485336
이글몬트,2026-09-26,13:39,170000,golfpang,,,18홀,tr_220326315
해솔리아,2026-09-26,13:12,180000,golfpang,,,18홀,tr_220483930
이천(비공개명문),2026-09-26,13:08,222000,golfpang,,,18홀,tr_220085994
여주,2026-09-26,13:04,190000,golfpang,,,18홀,tr_220013060
빅토리아-퍼9,2026-09-26,13:06,119000,golfpang,,,18홀,tr_220468730
아난티중앙(야간),2026-09-26,17:44,150000,golfpang,,,18홀,tr_220037248
용인(비공개),2026-09-26,18:03,150000,golfpang,,,18홀,tr_220361487
그린힐,2026-09-26,18:10,110000,golfpang,,,18홀,tr_220345485
해솔리아,2026-09-26,17:08,150000,golfpang,,,18홀,tr_220483931
빅토리아-퍼9,2026-09-26,17:17,99000,golfpang,,,18홀,tr_220468731
그린힐,2026-09-26,17:31,110000,golfpang,,,18홀,tr_220345484
용인(비공개),2026-09-26,17:21,150000,golfpang,,,18홀,tr_220361486
포레스트힐,2026-09-26,18:52,150000,golfpang,,,18홀,tr_220522253
남춘천,2026-09-26,06:39,160000,golfpang,,,18홀,tr_220383157
몽베르(대중제),2026-09-26,07:15,160000,golfpang,,,18홀,tr_220260991
오너스,2026-09-26,07:37,130000,golfpang,,,18홀,tr_220485286
몽베르(대중제),2026-09-26,12:53,170000,golfpang,,,18홀,tr_220260992
포레스트힐,2026-09-26,08:36,200000,golfpang,,,18홀,tr_220522252
비콘힐스,2026-09-26,12:36,120000,golfpang,,,18홀,tr_220423966
한림광릉,2026-09-26,17:31,150000,golfpang,,,18홀,tr_220422707
오너스,2026-09-26,12:37,170000,golfpang,,,18홀,tr_220485287
비콘힐스,2026-09-26,06:32,110000,golfpang,,,18홀,tr_220423965
포레스트힐,2026-09-26,07:26,190000,golfpang,,,18홀,tr_220522251
남춘천,2026-09-26,13:35,160000,golfpang,,,18홀,tr_220383158
한림광릉,2026-09-26,13:23,190000,golfpang,,,18홀,tr_220422706
몽베르(대중제),2026-09-26,17:49,140000,golfpang,,,18홀,tr_220260993
한림광릉,2026-09-26,07:20,190000,golfpang,,,18홀,tr_220422705
비콘힐스,2026-09-26,18:33,90000,golfpang,,,18홀,tr_220423967
대영힐스,2026-09-26,18:13,79000,golfpang,,,18홀,tr_220547154
파인스톤,2026-09-26,18:29,140000,golfpang,,,18홀,tr_219872801
대영힐스,2026-09-26,05:53,90000,golfpang,,,18홀,tr_220547152
파인스톤,2026-09-26,17:08,160000,golfpang,,,18홀,tr_219872799
센테리움,2026-09-26,06:46,129000,golfpang,,,18홀,tr_220260658
골프존 진천,2026-09-26,06:49,195000,golfpang,,,18홀,tr_220327299
골프존 화랑,2026-09-26,06:41,125000,golfpang,,,18홀,tr_220328190
킹스데일,2026-09-26,06:44,150000,golfpang,,,18홀,tr_220398234
파인스톤,2026-09-26,18:25,150000,golfpang,,,18홀,tr_219872800
킹스데일,2026-09-26,13:59,155000,golfpang,,,18홀,tr_220398235
스타,2026-09-26,06:30,140000,golfpang,,,18홀,tr_220026890
감곡,2026-09-26,07:26,130000,golfpang,,,18홀,tr_220339279
골프존 진천,2026-09-26,14:03,199000,golfpang,,,18홀,tr_220327301
감곡,2026-09-26,14:03,150000,golfpang,,,18홀,tr_220339280
골프존 진천,2026-09-26,12:39,209000,golfpang,,,18홀,tr_220327300
서산수,2026-09-26,13:50,180000,golfpang,,,18홀,tr_219810098
스타,2026-09-26,13:44,140000,golfpang,,,18홀,tr_220026892
골프존 화랑,2026-09-26,12:10,145000,golfpang,,,18홀,tr_220328191
감곡,2026-09-26,17:17,110000,golfpang,,,18홀,tr_220339281
골프존 화랑,2026-09-26,18:00,89000,golfpang,,,18홀,tr_220328192
스타,2026-09-26,12:48,150000,golfpang,,,18홀,tr_220026891
대영베이스,2026-09-26,12:52,129000,golfpang,,,18홀,tr_220543252
대영힐스,2026-09-26,13:10,119000,golfpang,,,18홀,tr_220547153
대영베이스,2026-09-26,18:24,89000,golfpang,,,18홀,tr_220543253
센테리움,2026-09-26,13:25,129000,golfpang,,,18홀,tr_220260659
대영베이스,2026-09-26,06:13,105000,golfpang,,,18홀,tr_220543251
서산수,2026-09-26,12:12,190000,golfpang,,,18홀,tr_219810097
오로라,2026-09-26,06:58,150000,golfpang,,,18홀,tr_220306261
알펜시아명문,2026-09-26,06:35,120000,golfpang,,,18홀,tr_220199072
알펜시아700,2026-09-26,06:40,100000,golfpang,,,18홀,tr_220198675
알펜시아명문,2026-09-26,07:03,130000,golfpang,,,18홀,tr_220199073
벨라스톤,2026-09-26,07:59,170000,golfpang,,,18홀,tr_220206627
알프스대영,2026-09-26,12:31,109000,golfpang,,,18홀,tr_220547612
오로라,2026-09-26,12:18,160000,golfpang,,,18홀,tr_220306262
알펜시아명문,2026-09-26,11:42,180000,golfpang,,,18홀,tr_220199074
벨라스톤,2026-09-26,13:14,150000,golfpang,,,18홀,tr_220206628
벨라스톤,2026-09-26,17:31,109000,golfpang,,,18홀,tr_220206629
알펜시아700,2026-09-26,13:59,120000,golfpang,,,18홀,tr_220198676
남한강에스파크,2026-09-26,18:14,99000,golfpang,,,18홀,tr_220198055
알프스대영,2026-09-26,18:04,59000,golfpang,,,18홀,tr_220547613
오로라,2026-09-26,18:06,100000,golfpang,,,18홀,tr_220306263
남한강에스파크,2026-09-26,18:07,99000,golfpang,,,18홀,tr_220198054
알펜시아700,2026-09-26,18:33,80000,golfpang,,,18홀,tr_220198677
남한강에스파크,2026-09-26,18:28,99000,golfpang,,,18홀,tr_220198056
알프스대영,2026-09-26,05:51,80000,golfpang,,,18홀,tr_220547611
알프스대영,2026-09-26,06:00,109000,golfpang,,,18홀,tr_219339751
알프스대영,2026-09-26,11:00,119000,golfpang,,,18홀,tr_219339621
비콘힐스,2026-09-26,06:40,110000,golfpang,,,18홀,tr_220504635
비콘힐스,2026-09-26,12:02,120000,golfpang,,,18홀,tr_220504621
올데이,2026-09-26,06:10,79000,golfpang,,,18홀,tr_220033955
써닝포인트,2026-09-26,16:49,135000,golfpang,,,18홀,tr_220287647
써닝포인트,2026-09-26,11:49,175000,golfpang,,,18홀,tr_220287640
써닝포인트,2026-09-26,06:30,165000,golfpang,,,18홀,tr_220287576
써닝포인트,2026-09-26,16:30,135000,golfpang,,,18홀,tr_220129807
서원힐스,2026-09-26,18:00,170000,golfpang,,,18홀,tr_220129969
올데이,2026-09-26,17:50,59000,golfpang,,,18홀,tr_220129927
올데이,2026-09-26,16:50,69000,golfpang,,,18홀,tr_220129908
인서울27,2026-09-26,07:50,210000,golfpang,,,18홀,tr_220129805
이븐데일,2026-09-26,08:30,100000,golfpang,,,18홀,tr_220547871
이븐데일,2026-09-26,11:31,120000,golfpang,,,18홀,tr_220547872
이븐데일,2026-09-26,06:18,90000,golfpang,,,18홀,tr_220547870
기흥(비공개),2026-09-26,08:00,270000,golfpang,,,18홀,tr_219574685
이천(비공개명문),2026-09-26,12:30,310000,golfpang,,,18홀,tr_220036145
기흥(비공개),2026-09-26,12:20,270000,golfpang,,,18홀,tr_219011170
한성,2026-09-26,07:10,305000,golfpang,,,18홀,tr_219446433
한림용인,2026-09-26,13:11,160000,golfpang,,,18홀,tr_220547223
한림용인,2026-09-26,07:27,180000,golfpang,,,18홀,tr_220547222
한림용인,2026-09-26,17:17,140000,golfpang,,,18홀,tr_220547224
스톤비치,2026-09-26,18:12,130000,golfpang,,,18홀,tr_220546778
대호단양,2026-09-26,13:44,159000,golfpang,,,18홀,tr_220547020
이븐데일,2026-09-26,18:07,85000,golfpang,,,18홀,tr_220545287
이븐데일,2026-09-26,12:27,120000,golfpang,,,18홀,tr_220545540
일레븐,2026-09-26,11:39,140000,golfpang,,,18홀,tr_220545415
이븐데일,2026-09-26,11:31,120000,golfpang,,,18홀,tr_220545538
이븐데일,2026-09-26,11:59,120000,golfpang,,,18홀,tr_220545539
파인스톤,2026-09-26,11:52,240000,golfpang,,,18홀,tr_220546612
이븐데일,2026-09-26,07:41,160000,golfpang,,,18홀,tr_220545285
일레븐,2026-09-26,07:40,145000,golfpang,,,18홀,tr_220545412
코스카,2026-09-26,08:00,190000,golfpang,,,18홀,tr_220546273
코스카,2026-09-26,08:00,190000,golfpang,,,18홀,tr_220546272
대호단양,2026-09-26,07:59,169000,golfpang,,,18홀,tr_220545963
코스카,2026-09-26,07:53,170000,golfpang,,,18홀,tr_220546271
대호단양,2026-09-26,08:06,179000,golfpang,,,18홀,tr_220547017
일레븐,2026-09-26,08:01,145000,golfpang,,,18홀,tr_220545413
일레븐,2026-09-26,08:15,145000,golfpang,,,18홀,tr_220545414
일레븐,2026-09-26,06:58,125000,golfpang,,,18홀,tr_220545410
이븐데일,2026-09-26,07:13,100000,golfpang,,,18홀,tr_220545504
코스카,2026-09-26,07:11,160000,golfpang,,,18홀,tr_220546268
이븐데일,2026-09-26,07:07,100000,golfpang,,,18홀,tr_220545537
코스카,2026-09-26,07:18,160000,golfpang,,,18홀,tr_220546269
코스카,2026-09-26,07:39,170000,golfpang,,,18홀,tr_220546270
코스카,2026-09-26,07:32,170000,golfpang,,,18홀,tr_220545915
스톤비치,2026-09-26,07:52,150000,golfpang,,,18홀,tr_220546780
스톤비치,2026-09-26,07:45,150000,golfpang,,,18홀,tr_220546781
코스카,2026-09-26,07:04,160000,golfpang,,,18홀,tr_220545914
킹즈락,2026-09-26,06:10,140000,golfpang,,,18홀,tr_220545301
동촌,2026-09-26,06:27,140000,golfpang,,,18홀,tr_220546478
킹즈락,2026-09-26,06:24,140000,golfpang,,,18홀,tr_220545303
세레니티cc,2026-09-26,06:30,240000,golfpang,,,18홀,tr_220545805
코스카,2026-09-26,06:29,150000,golfpang,,,18홀,tr_220546266
파인스톤,2026-09-26,06:28,210000,golfpang,,,18홀,tr_220546509
코스카,2026-09-26,06:36,150000,golfpang,,,18홀,tr_220546267
세레니티cc,2026-09-26,19:30,130000,golfpang,,,18홀,tr_220545901
세레니티cc,2026-09-26,19:30,140000,golfpang,,,18홀,tr_220545894
세레니티cc,2026-09-26,19:23,130000,golfpang,,,18홀,tr_220545900
세레니티cc,2026-09-26,19:09,140000,golfpang,,,18홀,tr_220545893
이븐데일,2026-09-26,19:04,85000,golfpang,,,18홀,tr_220545545
이븐데일,2026-09-26,18:56,85000,golfpang,,,18홀,tr_220545506
세레니티cc,2026-09-26,18:55,140000,golfpang,,,18홀,tr_220545804
스톤비치,2026-09-26,18:05,130000,golfpang,,,18홀,tr_220546779
스톤비치,2026-09-26,18:05,130000,golfpang,,,18홀,tr_220546762
이븐데일,2026-09-26,18:01,85000,golfpang,,,18홀,tr_220545543
스톤비치,2026-09-26,17:58,130000,golfpang,,,18홀,tr_220546763
세레니티cc,2026-09-26,18:20,140000,golfpang,,,18홀,tr_220545896
일레븐,2026-09-26,18:12,85000,golfpang,,,18홀,tr_220545330
킹즈락,2026-09-26,18:34,90000,golfpang,,,18홀,tr_220545304
세레니티cc,2026-09-26,18:34,140000,golfpang,,,18홀,tr_220545898
이븐데일,2026-09-26,18:29,85000,golfpang,,,18홀,tr_220545544
세레니티cc,2026-09-26,18:27,140000,golfpang,,,18홀,tr_220545897
세레니티cc,2026-09-26,18:27,150000,golfpang,,,18홀,tr_220545867
일레븐,2026-09-26,17:51,85000,golfpang,,,18홀,tr_220545328
일레븐,2026-09-26,17:51,85000,golfpang,,,18홀,tr_220545327
이븐데일,2026-09-26,17:47,85000,golfpang,,,18홀,tr_220545317
이븐데일,2026-09-26,17:39,85000,golfpang,,,18홀,tr_220545286
대호단양,2026-09-26,13:51,149000,golfpang,,,18홀,tr_220547021
이븐데일,2026-09-26,13:50,120000,golfpang,,,18홀,tr_220545505
이븐데일,2026-09-26,13:09,120000,golfpang,,,18홀,tr_220545542
파인스톤,2026-09-26,13:37,220000,golfpang,,,18홀,tr_220546512
대호단양,2026-09-26,13:44,159000,golfpang,,,18홀,tr_220545964
대호단양,2026-09-26,12:06,179000,golfpang,,,18홀,tr_220547019
일레븐,2026-09-26,18:26,80000,golfpang,,,18홀,tr_220545331
이븐데일,2026-09-26,18:22,85000,golfpang,,,18홀,tr_220545318
세레니티cc,2026-09-26,18:48,140000,golfpang,,,18홀,tr_220545899
세레니티cc,2026-09-26,18:48,150000,golfpang,,,18홀,tr_220545869
일레븐,2026-09-26,18:47,80000,golfpang,,,18홀,tr_220545332
이븐데일,2026-09-26,18:43,85000,golfpang,,,18홀,tr_220545319
세레니티cc,2026-09-26,18:41,150000,golfpang,,,18홀,tr_220545868
일레븐,2026-09-26,12:07,145000,golfpang,,,18홀,tr_220545215
일레븐,2026-09-26,12:07,145000,golfpang,,,18홀,tr_220545214
로얄링스,2026-09-26,07:52,160000,golfpang,,,18홀,tr_220543605
에스앤-퍼9,2026-09-26,08:06,100000,golfpang,,,18홀,tr_220544704
대영힐스,2026-09-26,08:06,125000,golfpang,,,18홀,tr_220543314
중원,2026-09-26,08:05,150000,golfpang,,,18홀,tr_220544412
일레븐,2026-09-26,08:22,145000,golfpang,,,18홀,tr_220544513
대영베이스,2026-09-26,08:13,135000,golfpang,,,18홀,tr_220543808
일레븐,2026-09-26,07:12,135000,golfpang,,,18홀,tr_220544511
이븐데일,2026-09-26,07:06,100000,golfpang,,,18홀,tr_220545284
대영힐스,2026-09-26,07:31,119000,golfpang,,,18홀,tr_220543309
일레븐,2026-09-26,07:33,145000,golfpang,,,18홀,tr_220544512
이븐데일,2026-09-26,06:38,95000,golfpang,,,18홀,tr_220545283
일레븐,2026-09-26,06:51,125000,golfpang,,,18홀,tr_220544510
에스앤-퍼9,2026-09-26,06:49,100000,golfpang,,,18홀,tr_220544701
로얄링스,2026-09-26,06:49,160000,golfpang,,,18홀,tr_220543602
로얄링스,2026-09-26,06:56,160000,golfpang,,,18홀,tr_220543604
에스앤-퍼9,2026-09-26,07:03,100000,golfpang,,,18홀,tr_220544702
대영힐스,2026-09-26,07:03,115000,golfpang,,,18홀,tr_220543305
대영베이스,2026-09-26,06:07,105000,golfpang,,,18홀,tr_220543809
클럽D 보은,2026-09-26,06:29,150000,golfpang,,,18홀,tr_220543856
에스앤-퍼9,2026-09-26,06:35,100000,golfpang,,,18홀,tr_220544812
클럽D 보은,2026-09-26,06:43,150000,golfpang,,,18홀,tr_220543857
에스앤-퍼9,2026-09-26,06:00,100000,golfpang,,,18홀,tr_220544675
대영베이스,2026-09-26,05:53,105000,golfpang,,,18홀,tr_220543807
대영힐스,2026-09-26,05:39,90000,golfpang,,,18홀,tr_220543304
대영힐스,2026-09-26,19:09,75000,golfpang,,,18홀,tr_220543312
대영베이스,2026-09-26,18:04,95000,golfpang,,,18홀,tr_220543347
대영힐스,2026-09-26,17:59,85000,golfpang,,,18홀,tr_220543315
대영힐스,2026-09-26,18:13,79000,golfpang,,,18홀,tr_220543691
일레븐,2026-09-26,18:33,80000,golfpang,,,18홀,tr_220544557
에스앤-퍼9,2026-09-26,16:56,80000,golfpang,,,18홀,tr_220544708
일레븐,2026-09-26,16:55,90000,golfpang,,,18홀,tr_220545218
대영베이스,2026-09-26,17:37,95000,golfpang,,,18홀,tr_220543346
에스앤-퍼9,2026-09-26,17:24,60000,golfpang,,,18홀,tr_220544609
일레븐,2026-09-26,17:23,90000,golfpang,,,18홀,tr_220545219
일레븐,2026-09-26,17:44,85000,golfpang,,,18홀,tr_220544556
킹즈락,2026-09-26,17:38,100000,golfpang,,,18홀,tr_220544245
일레븐,2026-09-26,17:37,85000,golfpang,,,18홀,tr_220545222
일레븐,2026-09-26,17:37,85000,golfpang,,,18홀,tr_220545221
클럽D 보은,2026-09-26,13:53,150000,golfpang,,,18홀,tr_220543415
일레븐,2026-09-26,13:45,135000,golfpang,,,18홀,tr_220544553
일레븐,2026-09-26,16:48,90000,golfpang,,,18홀,tr_220544554
에스앤-퍼9,2026-09-26,16:35,80000,golfpang,,,18홀,tr_220544608
킹스데일,2026-09-26,14:13,140000,golfpang,,,18홀,tr_220543967
대영힐스,2026-09-26,17:17,89000,golfpang,,,18홀,tr_220543311
대영베이스,2026-09-26,17:04,99000,golfpang,,,18홀,tr_220543345
대영힐스,2026-09-26,17:03,89000,golfpang,,,18홀,tr_220543307
일레븐,2026-09-26,17:02,90000,golfpang,,,18홀,tr_220544555
에스앤-퍼9,2026-09-26,12:52,100000,golfpang,,,18홀,tr_220544706
대영힐스,2026-09-26,13:10,119000,golfpang,,,18홀,tr_220543310
대영베이스,2026-09-26,13:19,129000,golfpang,,,18홀,tr_220543343
대영힐스,2026-09-26,13:17,119000,golfpang,,,18홀,tr_220543688
중원,2026-09-26,13:14,140000,golfpang,,,18홀,tr_220544022
중원,2026-09-26,13:35,140000,golfpang,,,18홀,tr_220544414
일레븐,2026-09-26,12:28,145000,golfpang,,,18홀,tr_220545217
일레븐,2026-09-26,12:21,145000,golfpang,,,18홀,tr_220545216
일레븐,2026-09-26,12:21,145000,golfpang,,,18홀,tr_220544514
로얄링스,2026-09-26,12:34,160000,golfpang,,,18홀,tr_220543603
클럽D 보은,2026-09-26,12:50,160000,golfpang,,,18홀,tr_220543858
클럽D 보은,2026-09-26,12:43,160000,golfpang,,,18홀,tr_220543416
대영힐스,2026-09-26,18:48,75000,golfpang,,,18홀,tr_220543692
대영베이스,2026-09-26,18:44,89000,golfpang,,,18홀,tr_220543348
킹즈락,2026-09-26,18:41,90000,golfpang,,,18홀,tr_220544246
일레븐,2026-09-26,12:42,145000,golfpang,,,18홀,tr_220544552
클럽D 보은,2026-09-26,08:28,170000,golfpang,,,18홀,tr_220543414
에스앤-퍼9,2026-09-26,11:21,100000,golfpang,,,18홀,tr_220544813
중원,2026-09-26,08:40,150000,golfpang,,,18홀,tr_220544413
킹즈락,2026-09-26,11:47,170000,golfpang,,,18홀,tr_220544243
에스앤-퍼9,2026-09-26,11:35,120000,golfpang,,,18홀,tr_220544705
대영힐스,2026-09-26,11:59,129000,golfpang,,,18홀,tr_220543689
대영베이스,2026-09-26,12:12,135000,golfpang,,,18홀,tr_220543342
세레니티cc,2026-09-26,18:27,140000,golfpang,,,18홀,tr_220541958
일레븐,2026-09-26,18:26,80000,golfpang,,,18홀,tr_220541377
에스앤-퍼9,2026-09-26,18:20,60000,golfpang,,,18홀,tr_220540766
일레븐,2026-09-26,18:54,80000,golfpang,,,18홀,tr_220541378
킹즈락,2026-09-26,18:48,90000,golfpang,,,18홀,tr_220541348
킹즈락,2026-09-26,18:48,90000,golfpang,,,18홀,tr_220540292
세레니티cc,2026-09-26,18:41,140000,golfpang,,,18홀,tr_220541839
세레니티cc,2026-09-26,19:16,130000,golfpang,,,18홀,tr_220541955
세레니티cc,2026-09-26,19:16,140000,golfpang,,,18홀,tr_220541954
세레니티cc,2026-09-26,19:09,130000,golfpang,,,18홀,tr_220541841
대영힐스,2026-09-26,19:02,75000,golfpang,,,18홀,tr_220539677
세레니티cc,2026-09-26,18:55,150000,golfpang,,,18홀,tr_220541838
일레븐,2026-09-26,18:05,85000,golfpang,,,18홀,tr_220541374
일레븐,2026-09-26,18:05,85000,golfpang,,,18홀,tr_220541373
킹즈락,2026-09-26,17:59,100000,golfpang,,,18홀,tr_220540289
대영힐스,2026-09-26,17:52,85000,golfpang,,,18홀,tr_220539281
대영힐스,2026-09-26,17:52,85000,golfpang,,,18홀,tr_220539277
세레니티cc,2026-09-26,18:20,140000,golfpang,,,18홀,tr_220541957
스톤비치,2026-09-26,18:19,130000,golfpang,,,18홀,tr_220542862
일레븐,2026-09-26,18:19,85000,golfpang,,,18홀,tr_220540628
킹즈락,2026-09-26,18:13,90000,golfpang,,,18홀,tr_220541347
에스앤-퍼9,2026-09-26,18:13,60000,golfpang,,,18홀,tr_220540675
킹즈락,2026-09-26,18:13,90000,golfpang,,,18홀,tr_220540291
일레븐,2026-09-26,18:12,85000,golfpang,,,18홀,tr_220541375
세레니티cc,2026-09-26,18:34,150000,golfpang,,,18홀,tr_220541809
대영베이스,2026-09-26,18:31,89000,golfpang,,,18홀,tr_220539318
에스앤-퍼9,2026-09-26,18:27,60000,golfpang,,,18홀,tr_220540676
일레븐,2026-09-26,16:55,90000,golfpang,,,18홀,tr_220541264
이븐데일,2026-09-26,17:32,85000,golfpang,,,18홀,tr_220541547
대영힐스,2026-09-26,17:24,89000,golfpang,,,18홀,tr_220539673
에스앤-퍼9,2026-09-26,17:17,60000,golfpang,,,18홀,tr_220540764
에스앤-퍼9,2026-09-26,17:52,60000,golfpang,,,18홀,tr_220540674
대영베이스,2026-09-26,17:51,95000,golfpang,,,18홀,tr_220539768
킹즈락,2026-09-26,17:45,100000,golfpang,,,18홀,tr_220541346
킹즈락,2026-09-26,17:45,100000,golfpang,,,18홀,tr_220540288
스톤비치,2026-09-26,17:44,130000,golfpang,,,18홀,tr_220542863
스톤비치,2026-09-26,17:44,130000,golfpang,,,18홀,tr_220542846
일레븐,2026-09-26,17:44,85000,golfpang,,,18홀,tr_220541265
대영힐스,2026-09-26,17:38,85000,golfpang,,,18홀,tr_220539676
에스앤-퍼9,2026-09-26,18:06,60000,golfpang,,,18홀,tr_220540765
킹즈락,2026-09-26,18:06,100000,golfpang,,,18홀,tr_220540290
대호단양,2026-09-26,13:37,159000,golfpang,,,18홀,tr_220542042
대호단양,2026-09-26,13:51,149000,golfpang,,,18홀,tr_220542043
킹즈락,2026-09-26,13:46,150000,golfpang,,,18홀,tr_220541344
클럽D 보은,2026-09-26,13:46,150000,golfpang,,,18홀,tr_220539399
클럽D 보은,2026-09-26,14:00,150000,golfpang,,,18홀,tr_220539816
킹즈락,2026-09-26,14:00,150000,golfpang,,,18홀,tr_220540287
대호단양,2026-09-26,13:58,149000,golfpang,,,18홀,tr_220542149
에스앤-퍼9,2026-09-26,16:28,80000,golfpang,,,18홀,tr_220540763
중원,2026-09-26,14:10,140000,golfpang,,,18홀,tr_220540003
이븐데일,2026-09-26,17:12,85000,golfpang,,,18홀,tr_220541363
대영베이스,2026-09-26,17:11,99000,golfpang,,,18홀,tr_220539314
대영힐스,2026-09-26,17:10,89000,golfpang,,,18홀,tr_220539680
킹즈락,2026-09-26,13:11,150000,golfpang,,,18홀,tr_220540285
에스앤-퍼9,2026-09-26,13:20,100000,golfpang,,,18홀,tr_220540673
킹스데일,2026-09-26,13:17,160000,golfpang,,,18홀,tr_220540396
대호단양,2026-09-26,13:16,169000,golfpang,,,18홀,tr_220542041
에스앤-퍼9,2026-09-26,13:13,100000,golfpang,,,18홀,tr_220540762
로얄링스,2026-09-26,13:23,160000,golfpang,,,18홀,tr_220539592
대영힐스,2026-09-26,13:36,119000,golfpang,,,18홀,tr_220539276
일레븐,2026-09-26,13:31,135000,golfpang,,,18홀,tr_220541262
킹즈락,2026-09-26,13:39,150000,golfpang,,,18홀,tr_220540286
일레븐,2026-09-26,13:38,135000,golfpang,,,18홀,tr_220541263
이븐데일,2026-09-26,13:37,120000,golfpang,,,18홀,tr_220541577
일레븐,2026-09-26,12:28,145000,golfpang,,,18홀,tr_220541258
대호단양,2026-09-26,12:27,179000,golfpang,,,18홀,tr_220542040
로얄링스,2026-09-26,12:20,160000,golfpang,,,18홀,tr_220539589
이븐데일,2026-09-26,12:40,120000,golfpang,,,18홀,tr_220541546
일레븐,2026-09-26,12:35,145000,golfpang,,,18홀,tr_220541259
대호단양,2026-09-26,12:34,179000,golfpang,,,18홀,tr_220543072
로얄링스,2026-09-26,12:34,160000,golfpang,,,18홀,tr_220539591
코스카,2026-09-26,12:34,160000,golfpang,,,18홀,tr_220542336
대영힐스,2026-09-26,12:51,125000,golfpang,,,18홀,tr_220539675
코스카,2026-09-26,12:48,160000,golfpang,,,18홀,tr_220542337
일레븐,2026-09-26,12:42,145000,golfpang,,,18홀,tr_220541260
파인스톤,2026-09-26,13:02,220000,golfpang,,,18홀,tr_220542680
일레븐,2026-09-26,12:56,145000,golfpang,,,18홀,tr_220540626
대영힐스,2026-09-26,11:20,129000,golfpang,,,18홀,tr_220539279
대호단양,2026-09-26,08:41,189000,golfpang,,,18홀,tr_220542037
일레븐,2026-09-26,11:39,140000,golfpang,,,18홀,tr_220540594
대호단양,2026-09-26,11:38,179000,golfpang,,,18홀,tr_220542038
로얄링스,2026-09-26,11:38,160000,golfpang,,,18홀,tr_220539904
일레븐,2026-09-26,11:32,140000,golfpang,,,18홀,tr_220541465
일레븐,2026-09-26,12:00,145000,golfpang,,,18홀,tr_220541255
대호단양,2026-09-26,11:59,169000,golfpang,,,18홀,tr_220542039
코스카,2026-09-26,11:59,170000,golfpang,,,18홀,tr_220542009
클럽D 보은,2026-09-26,11:54,160000,golfpang,,,18홀,tr_220539817
일레븐,2026-09-26,12:14,145000,golfpang,,,18홀,tr_220541257
킹즈락,2026-09-26,07:41,170000,golfpang,,,18홀,tr_220540284
킹스데일,2026-09-26,08:01,165000,golfpang,,,18홀,tr_220540395
일레븐,2026-09-26,08:01,145000,golfpang,,,18홀,tr_220540592
보령베이스-퍼9,2026-09-26,08:00,119000,golfpang,,,18홀,tr_220540146
대영힐스,2026-09-26,07:59,125000,golfpang,,,18홀,tr_220539679
일레븐,2026-09-26,07:54,145000,golfpang,,,18홀,tr_220540591
대영베이스,2026-09-26,08:07,135000,golfpang,,,18홀,tr_220539317
코스카,2026-09-26,08:07,190000,golfpang,,,18홀,tr_220541973
이븐데일,2026-09-26,08:03,100000,golfpang,,,18홀,tr_220541575
이븐데일,2026-09-26,08:17,100000,golfpang,,,18홀,tr_220541576
중원,2026-09-26,08:40,150000,golfpang,,,18홀,tr_220540485
중원,2026-09-26,08:40,150000,golfpang,,,18홀,tr_220540002
일레븐,2026-09-26,08:36,145000,golfpang,,,18홀,tr_220541464
일레븐,2026-09-26,08:36,145000,golfpang,,,18홀,tr_220540593
대영힐스,2026-09-26,07:10,115000,golfpang,,,18홀,tr_220539674
일레븐,2026-09-26,07:19,135000,golfpang,,,18홀,tr_220540590
보령베이스-퍼9,2026-09-26,07:18,119000,golfpang,,,18홀,tr_220540434
코스카,2026-09-26,07:18,160000,golfpang,,,18홀,tr_220541970
클럽D 보은,2026-09-26,07:18,160000,golfpang,,,18홀,tr_220539402
대영힐스,2026-09-26,07:17,115000,golfpang,,,18홀,tr_220539278
에스앤-퍼9,2026-09-26,07:17,100000,golfpang,,,18홀,tr_220540760
중원,2026-09-26,07:30,140000,golfpang,,,18홀,tr_220540000
코스카,2026-09-26,07:25,160000,golfpang,,,18홀,tr_220541971
코스카,2026-09-26,07:25,160000,golfpang,,,18홀,tr_220542334
에스앤-퍼9,2026-09-26,07:24,100000,golfpang,,,18홀,tr_220540761
대호단양,2026-09-26,07:38,169000,golfpang,,,18홀,tr_220543071
킹즈락,2026-09-26,07:34,170000,golfpang,,,18홀,tr_220540283
코스카,2026-09-26,07:32,170000,golfpang,,,18홀,tr_220542335
중원,2026-09-26,07:51,140000,golfpang,,,18홀,tr_220540001
중원,2026-09-26,07:51,140000,golfpang,,,18홀,tr_220540486
킹스데일,2026-09-26,07:47,165000,golfpang,,,18홀,tr_220539931
대영힐스,2026-09-26,06:42,109000,golfpang,,,18홀,tr_220539678
킹즈락,2026-09-26,06:38,140000,golfpang,,,18홀,tr_220540282
중원,2026-09-26,06:48,130000,golfpang,,,18홀,tr_220539999
대영베이스,2026-09-26,06:47,115000,golfpang,,,18홀,tr_220539313
일레븐,2026-09-26,06:44,125000,golfpang,,,18홀,tr_220541462
코스카,2026-09-26,06:50,150000,golfpang,,,18홀,tr_220542333
에스앤-퍼9,2026-09-26,06:14,100000,golfpang,,,18홀,tr_220540870
대영베이스,2026-09-26,06:13,105000,golfpang,,,18홀,tr_220539315
킹즈락,2026-09-26,06:24,140000,golfpang,,,18홀,tr_220540315
세레니티cc,2026-09-26,06:23,240000,golfpang,,,18홀,tr_220541956
코스카,2026-09-26,06:22,150000,golfpang,,,18홀,tr_220541969
클럽D 보은,2026-09-26,06:22,150000,golfpang,,,18홀,tr_220539401
클럽D 보은,2026-09-26,06:22,150000,golfpang,,,18홀,tr_220539398
이븐데일,2026-09-26,06:18,90000,golfpang,,,18홀,tr_220541548
킹스데일,2026-09-26,06:30,140000,golfpang,,,18홀,tr_220540394
일레븐,2026-09-26,06:30,125000,golfpang,,,18홀,tr_220540589
에스앤-퍼9,2026-09-26,06:28,100000,golfpang,,,18홀,tr_220540733
일레븐,2026-09-26,06:37,125000,golfpang,,,18홀,tr_220541461
대영힐스,2026-09-26,06:35,105000,golfpang,,,18홀,tr_220539275
대호단양,2026-09-26,06:35,179000,golfpang,,,18홀,tr_220542036
코스카,2026-09-26,06:43,150000,golfpang,,,18홀,tr_220542331
코스카,2026-09-26,06:43,150000,golfpang,,,18홀,tr_220542330
로얄링스,2026-09-26,06:42,160000,golfpang,,,18홀,tr_220539903
로얄링스,2026-09-26,06:42,160000,golfpang,,,18홀,tr_220539590
대영힐스,2026-09-26,05:53,90000,golfpang,,,18홀,tr_220539274
킹즈락,2026-09-26,06:17,140000,golfpang,,,18홀,tr_220540314
동촌,2026-09-26,06:27,130000,golfpang,,,18홀,tr_220539248
동촌,2026-09-26,06:55,130000,golfpang,,,18홀,tr_220539249
속리산cc,2026-09-26,08:23,160000,golfpang,,,18홀,tr_220539160
속리산cc,2026-09-26,13:37,140000,golfpang,,,18홀,tr_220539161
속리산cc,2026-09-26,06:17,140000,golfpang,,,18홀,tr_220539159
에스앤-퍼9,2026-09-26,12:59,100000,golfpang,,,18홀,tr_220536765
일레븐,2026-09-26,12:56,145000,golfpang,,,18홀,tr_220537200
중원,2026-09-26,12:53,150000,golfpang,,,18홀,tr_220535961
대영베이스,2026-09-26,12:52,129000,golfpang,,,18홀,tr_220535315
일레븐,2026-09-26,08:29,145000,golfpang,,,18홀,tr_220536478
클럽D 보은,2026-09-26,08:28,170000,golfpang,,,18홀,tr_220535388
에스앤-퍼9,2026-09-26,11:14,100000,golfpang,,,18홀,tr_220536663
대호단양,2026-09-26,08:48,189000,golfpang,,,18홀,tr_220538984
킹즈락,2026-09-26,11:47,170000,golfpang,,,18홀,tr_220537282
킹즈락,2026-09-26,11:47,170000,golfpang,,,18홀,tr_220536211
일레븐,2026-09-26,11:46,140000,golfpang,,,18홀,tr_220537393
코스카,2026-09-26,11:45,170000,golfpang,,,18홀,tr_220538223
로얄링스,2026-09-26,11:45,160000,golfpang,,,18홀,tr_220535580
이븐데일,2026-09-26,11:44,120000,golfpang,,,18홀,tr_220537480
킹즈락,2026-09-26,11:40,170000,golfpang,,,18홀,tr_220536209
대영힐스,2026-09-26,11:39,129000,golfpang,,,18홀,tr_220535268
일레븐,2026-09-26,12:00,145000,golfpang,,,18홀,tr_220537199
대영힐스,2026-09-26,11:52,129000,golfpang,,,18홀,tr_220535649
이븐데일,2026-09-26,07:42,100000,golfpang,,,18홀,tr_220537513
클럽D 보은,2026-09-26,08:00,170000,golfpang,,,18홀,tr_220535392
로얄링스,2026-09-26,07:59,160000,golfpang,,,18홀,tr_220535578
킹즈락,2026-09-26,07:55,170000,golfpang,,,18홀,tr_220536208
대영힐스,2026-09-26,07:52,125000,golfpang,,,18홀,tr_220535270
대호단양,2026-09-26,07:52,169000,golfpang,,,18홀,tr_220538983
일레븐,2026-09-26,08:08,145000,golfpang,,,18홀,tr_220537392
코스카,2026-09-26,08:07,190000,golfpang,,,18홀,tr_220538221
코스카,2026-09-26,08:07,190000,golfpang,,,18홀,tr_220537868
대영힐스,2026-09-26,08:06,125000,golfpang,,,18홀,tr_220535647
중원,2026-09-26,08:26,150000,golfpang,,,18홀,tr_220535959
이븐데일,2026-09-26,08:16,110000,golfpang,,,18홀,tr_220537479
클럽D 보은,2026-09-26,08:14,170000,golfpang,,,18홀,tr_220535781
코스카,2026-09-26,08:14,190000,golfpang,,,18홀,tr_220538222
대호단양,2026-09-26,08:13,179000,golfpang,,,18홀,tr_220537921
이븐데일,2026-09-26,08:30,100000,golfpang,,,18홀,tr_220537263
일레븐,2026-09-26,07:12,135000,golfpang,,,18홀,tr_220537388
일레븐,2026-09-26,07:19,135000,golfpang,,,18홀,tr_220537389
스톤비치,2026-09-26,07:17,140000,golfpang,,,18홀,tr_220538773
중원,2026-09-26,07:30,140000,golfpang,,,18홀,tr_220536385
이븐데일,2026-09-26,07:27,100000,golfpang,,,18홀,tr_220537478
코스카,2026-09-26,07:39,170000,golfpang,,,18홀,tr_220537867
킹즈락,2026-09-26,07:48,170000,golfpang,,,18홀,tr_220536207
일레븐,2026-09-26,07:47,145000,golfpang,,,18홀,tr_220537391
클럽D 보은,2026-09-26,07:46,170000,golfpang,,,18홀,tr_220535389
에스앤-퍼9,2026-09-26,07:45,100000,golfpang,,,18홀,tr_220536662
중원,2026-09-26,06:41,130000,golfpang,,,18홀,tr_220535960
이븐데일,2026-09-26,06:39,95000,golfpang,,,18홀,tr_220537268
일레븐,2026-09-26,06:44,125000,golfpang,,,18홀,tr_220537387
동촌,2026-09-26,06:55,140000,golfpang,,,18홀,tr_220538418
로얄링스,2026-09-26,06:49,160000,golfpang,,,18홀,tr_220535581
코스카,2026-09-26,06:57,150000,golfpang,,,18홀,tr_220538219
로얄링스,2026-09-26,06:56,160000,golfpang,,,18홀,tr_220535855
대호단양,2026-09-26,07:03,159000,golfpang,,,18홀,tr_220537919
대영베이스,2026-09-26,07:00,119000,golfpang,,,18홀,tr_220535310
이븐데일,2026-09-26,06:10,90000,golfpang,,,18홀,tr_220537477
킹즈락,2026-09-26,06:10,140000,golfpang,,,18홀,tr_220536234
킹즈락,2026-09-26,06:24,140000,golfpang,,,18홀,tr_220536235
에스앤-퍼9,2026-09-26,06:21,100000,golfpang,,,18홀,tr_220536626
킹스데일,2026-09-26,06:30,140000,golfpang,,,18홀,tr_220535882
코스카,2026-09-26,06:29,150000,golfpang,,,18홀,tr_220538182
스톤비치,2026-09-26,06:28,130000,golfpang,,,18홀,tr_220538758
대영베이스,2026-09-26,06:27,109000,golfpang,,,18홀,tr_220535314
일레븐,2026-09-26,06:37,125000,golfpang,,,18홀,tr_220536476
에스앤-퍼9,2026-09-26,06:42,100000,golfpang,,,18홀,tr_220536627
킹즈락,2026-09-26,06:17,140000,golfpang,,,18홀,tr_220537281
대영베이스,2026-09-26,18:24,89000,golfpang,,,18홀,tr_220535732
이븐데일,2026-09-26,18:49,85000,golfpang,,,18홀,tr_220537267
세레니티cc,2026-09-26,18:48,140000,golfpang,,,18홀,tr_220537767
일레븐,2026-09-26,18:47,80000,golfpang,,,18홀,tr_220536510
대영힐스,2026-09-26,18:41,75000,golfpang,,,18홀,tr_220535272
세레니티cc,2026-09-26,18:41,140000,golfpang,,,18홀,tr_220537857
일레븐,2026-09-26,18:40,80000,golfpang,,,18홀,tr_220537308
일레븐,2026-09-26,18:40,80000,golfpang,,,18홀,tr_220536509
이븐데일,2026-09-26,18:35,85000,golfpang,,,18홀,tr_220537483
세레니티cc,2026-09-26,19:23,140000,golfpang,,,18홀,tr_220537855
대영베이스,2026-09-26,18:57,89000,golfpang,,,18홀,tr_220535313
대영힐스,2026-09-26,18:55,75000,golfpang,,,18홀,tr_220535269
대영힐스,2026-09-26,18:55,75000,golfpang,,,18홀,tr_220535275
세레니티cc,2026-09-26,18:55,140000,golfpang,,,18홀,tr_220537858
킹즈락,2026-09-26,17:59,100000,golfpang,,,18홀,tr_220537285
에스앤-퍼9,2026-09-26,17:59,60000,golfpang,,,18홀,tr_220536668
스톤비치,2026-09-26,17:58,130000,golfpang,,,18홀,tr_220538757
이븐데일,2026-09-26,17:53,85000,golfpang,,,18홀,tr_220537482
대영힐스,2026-09-26,18:20,79000,golfpang,,,18홀,tr_220535650
스톤비치,2026-09-26,18:19,130000,golfpang,,,18홀,tr_220538756
스톤비치,2026-09-26,18:12,130000,golfpang,,,18홀,tr_220538743
이븐데일,2026-09-26,18:08,85000,golfpang,,,18홀,tr_220537514
킹즈락,2026-09-26,18:34,90000,golfpang,,,18홀,tr_220536213
에스앤-퍼9,2026-09-26,16:49,80000,golfpang,,,18홀,tr_220536544
에스앤-퍼9,2026-09-26,17:31,60000,golfpang,,,18홀,tr_220536666
일레븐,2026-09-26,17:30,85000,golfpang,,,18홀,tr_220536508
대영베이스,2026-09-26,17:24,99000,golfpang,,,18홀,tr_220535312
일레븐,2026-09-26,17:23,90000,golfpang,,,18홀,tr_220536507
에스앤-퍼9,2026-09-26,17:38,60000,golfpang,,,18홀,tr_220536545
킹즈락,2026-09-26,18:06,100000,golfpang,,,18홀,tr_220536212
중원,2026-09-26,13:49,140000,golfpang,,,18홀,tr_220535962
대호단양,2026-09-26,13:58,149000,golfpang,,,18홀,tr_220537924
에스앤-퍼9,2026-09-26,16:42,80000,golfpang,,,18홀,tr_220536665
중원,2026-09-26,14:10,140000,golfpang,,,18홀,tr_220536387
대영베이스,2026-09-26,17:17,99000,golfpang,,,18홀,tr_220535730
일레븐,2026-09-26,17:16,90000,golfpang,,,18홀,tr_220537207
일레븐,2026-09-26,17:16,90000,golfpang,,,18홀,tr_220536506
일레븐,2026-09-26,17:09,90000,golfpang,,,18홀,tr_220537206
이븐데일,2026-09-26,16:57,85000,golfpang,,,18홀,tr_220537266
대영베이스,2026-09-26,16:57,99000,golfpang,,,18홀,tr_220535731
일레븐,2026-09-26,13:10,135000,golfpang,,,18홀,tr_220537202
일레븐,2026-09-26,13:10,135000,golfpang,,,18홀,tr_220536504
대영베이스,2026-09-26,13:05,129000,golfpang,,,18홀,tr_220535311
일레븐,2026-09-26,13:17,135000,golfpang,,,18홀,tr_220537203
킹스데일,2026-09-26,13:24,160000,golfpang,,,18홀,tr_220535884
일레븐,2026-09-26,13:24,135000,golfpang,,,18홀,tr_220536505
대영힐스,2026-09-26,13:23,119000,golfpang,,,18홀,tr_220535273
이븐데일,2026-09-26,13:36,120000,golfpang,,,18홀,tr_220537265
클럽D 보은,2026-09-26,13:32,150000,golfpang,,,18홀,tr_220535780
이븐데일,2026-09-26,13:30,120000,golfpang,,,18홀,tr_220537301
대호단양,2026-09-26,13:37,159000,golfpang,,,18홀,tr_220538985
파인스톤,2026-09-26,12:20,220000,golfpang,,,18홀,tr_220538463
킹즈락,2026-09-26,12:15,170000,golfpang,,,18홀,tr_220537283
일레븐,2026-09-26,12:35,145000,golfpang,,,18홀,tr_220536479
로얄링스,2026-09-26,12:34,160000,golfpang,,,18홀,tr_220535579
보령베이스-퍼9,2026-09-26,12:31,119000,golfpang,,,18홀,tr_220536082
일레븐,2026-09-26,12:49,145000,golfpang,,,18홀,tr_220536503
코스카,2026-09-26,12:48,160000,golfpang,,,18홀,tr_220537899
클럽D 보은,2026-09-26,12:43,160000,golfpang,,,18홀,tr_220535391
킹스데일,2026-09-26,12:42,170000,golfpang,,,18홀,tr_220535883
일레븐,2026-09-26,13:03,135000,golfpang,,,18홀,tr_220537201
비콘힐스,2026-09-26,12:43,120000,golfpang,,,18홀,tr_220535221
비콘힐스,2026-09-26,17:09,90000,golfpang,,,18홀,tr_220535222
비콘힐스,2026-09-26,07:42,120000,golfpang,,,18홀,tr_220535220
비콘힐스,2026-09-26,06:32,110000,golfpang,,,18홀,tr_220522219
비콘힐스,2026-09-26,12:22,120000,golfpang,,,18홀,tr_220522220
포천힐스,2026-09-26,18:32,150000,golfpang,,,18홀,tr_220520542
파주타이거,2026-09-26,18:17,190000,golfpang,,,18홀,tr_220520919
스프링베일-퍼9,2026-09-26,17:43,-1,golfpang,,,18홀,tr_220521115
이븐데일,2026-09-26,12:12,135000,golfpang,,,18홀,tr_220523308
이븐데일,2026-09-26,16:01,135000,golfpang,,,18홀,tr_220523309
이븐데일,2026-09-26,08:31,135000,golfpang,,,18홀,tr_220523307
남양주(퍼9),2026-09-26,06:47,159000,golfpang,,,18홀,tr_220375116
센테리움,2026-09-26,06:46,129000,golfpang,,,18홀,tr_220219806
스프링베일-퍼9,2026-09-26,06:45,140000,golfpang,,,18홀,tr_220385299
감곡,2026-09-26,06:44,130000,golfpang,,,18홀,tr_220483590
스타,2026-09-26,06:44,140000,golfpang,,,18홀,tr_220211640
동강시스타,2026-09-26,06:44,110000,golfpang,,,18홀,tr_220079795
킹스데일,2026-09-26,06:44,150000,golfpang,,,18홀,tr_220211048
가평(비공개),2026-09-26,06:44,200000,golfpang,,,18홀,tr_220377072
젠스필드,2026-09-26,06:55,150000,golfpang,,,18홀,tr_220239578
샤인데일,2026-09-26,06:55,150000,golfpang,,,18홀,tr_220106185
동촌,2026-09-26,06:55,130000,golfpang,,,18홀,tr_220468460
모카cc,2026-09-26,06:54,135000,golfpang,,,18홀,tr_220421945
용인(비공개),2026-09-26,06:53,179000,golfpang,,,18홀,tr_220349077
자유로,2026-09-26,06:53,230000,golfpang,,,18홀,tr_220376080
양평TPC,2026-09-26,06:52,160000,golfpang,,,18홀,tr_220249986
신라,2026-09-26,06:50,170000,golfpang,,,18홀,tr_220502543
히든밸리,2026-09-26,06:49,160000,golfpang,,,18홀,tr_220366592
골프존 진천,2026-09-26,06:49,195000,golfpang,,,18홀,tr_220214631
리베라,2026-09-26,06:49,220000,golfpang,,,18홀,tr_220484710
오로라,2026-09-26,06:58,150000,golfpang,,,18홀,tr_220302003
서산수,2026-09-26,06:57,190000,golfpang,,,18홀,tr_220210711
코스카,2026-09-26,06:57,150000,golfpang,,,18홀,tr_220211168
써닝포인트,2026-09-26,06:56,175000,golfpang,,,18홀,tr_220347217
파주타이거,2026-09-26,06:56,200000,golfpang,,,18홀,tr_220376400
해솔리아,2026-09-26,06:56,180000,golfpang,,,18홀,tr_220440747
벨라스톤,2026-09-26,06:56,149000,golfpang,,,18홀,tr_220420349
센추리21,2026-09-26,06:56,140000,golfpang,,,18홀,tr_220150736
동서울cc-퍼9,2026-09-26,07:06,119000,golfpang,,,18홀,tr_220484413
골프존 안성H,2026-09-26,07:05,180000,golfpang,,,18홀,tr_220503659
대호단양,2026-09-26,07:03,159000,golfpang,,,18홀,tr_220442522
양지파인,2026-09-26,06:14,150000,golfpang,,,18홀,tr_220503003
대영베이스,2026-09-26,06:13,105000,golfpang,,,18홀,tr_220441260
베스트밸리-퍼9,2026-09-26,06:12,190000,golfpang,,,18홀,tr_220484956
마론뉴데이,2026-09-26,06:09,175000,golfpang,,,18홀,tr_220211993
동촌,2026-09-26,06:27,130000,golfpang,,,18홀,tr_220468459
플라밍고,2026-09-26,06:27,130000,golfpang,,,18홀,tr_220210864
360도,2026-09-26,06:22,177000,golfpang,,,18홀,tr_220483895
푸른솔포천,2026-09-26,06:21,200000,golfpang,,,18홀,tr_220504182
이븐데일,2026-09-26,06:18,90000,golfpang,,,18홀,tr_220503102
올데이,2026-09-26,06:32,79000,golfpang,,,18홀,tr_220481313
남춘천,2026-09-26,06:32,160000,golfpang,,,18홀,tr_220377280
비콘힐스,2026-09-26,06:32,110000,golfpang,,,18홀,tr_220439915
스마트KU,2026-09-26,06:30,220000,golfpang,,,18홀,tr_219873007
빅토리아-퍼9,2026-09-26,06:28,119000,golfpang,,,18홀,tr_220314870
에덴블루,2026-09-26,06:28,134200,golfpang,,,18홀,tr_220336394
포천힐스,2026-09-26,06:35,190000,golfpang,,,18홀,tr_220515748
아세코밸리-퍼9,2026-09-26,06:33,140000,golfpang,,,18홀,tr_220345351
마론뉴데이,2026-09-26,06:42,175000,golfpang,,,18홀,tr_220211995
더크로스비,2026-09-26,06:42,187000,golfpang,,,18홀,tr_220504415
클럽72,2026-09-26,06:07,190000,golfpang,,,18홀,tr_220503598
옥스필드,2026-09-26,05:57,69000,golfpang,,,18홀,tr_220483268
로얄포레,2026-09-26,05:57,89000,golfpang,,,18홀,tr_220479210
임페리얼레이크,2026-09-26,05:57,109000,golfpang,,,18홀,tr_220478887
떼제베(동북),2026-09-26,05:57,100000,golfpang,,,18홀,tr_220462988
유니아일랜드,2026-09-26,05:57,180000,golfpang,,,18홀,tr_220349170
대영힐스,2026-09-26,05:53,90000,golfpang,,,18홀,tr_220442076
떼제베,2026-09-26,05:50,120000,golfpang,,,18홀,tr_220458844
알프스대영,2026-09-26,05:44,80000,golfpang,,,18홀,tr_220502795
서원힐스,2026-09-26,05:25,190000,golfpang,,,18홀,tr_220485140
서원힐스,2026-09-26,05:25,190000,golfpang,,,18홀,tr_220485139
파주,2026-09-26,05:21,190000,golfpang,,,18홀,tr_220503913
마론뉴데이,2026-09-26,06:16,175000,golfpang,,,18홀,tr_220211994
신라,2026-09-26,06:15,160000,golfpang,,,18홀,tr_220502542
써닝포인트,2026-09-26,06:14,165000,golfpang,,,18홀,tr_220347216
젠스필드,2026-09-26,12:43,160000,golfpang,,,18홀,tr_220239579
용인,2026-09-26,13:03,160000,golfpang,,,18홀,tr_220348484
양평TPC,2026-09-26,13:01,160000,golfpang,,,18홀,tr_220249987
몽베르(대중제),2026-09-26,12:53,170000,golfpang,,,18홀,tr_220258744
웰리힐리,2026-09-26,08:30,190000,golfpang,,,18홀,tr_220056261
오너스,2026-09-26,08:26,140000,golfpang,,,18홀,tr_220290568
이글몬트,2026-09-26,08:26,180000,golfpang,,,18홀,tr_220278634
에스앤-퍼9,2026-09-26,11:14,100000,golfpang,,,18홀,tr_220471093
임페리얼레이크,2026-09-26,11:10,139000,golfpang,,,18홀,tr_220478888
베스트밸리-퍼9,2026-09-26,11:04,190000,golfpang,,,18홀,tr_220484957
파주,2026-09-26,11:03,260000,golfpang,,,18홀,tr_220503914
레인보우힐스,2026-09-26,10:20,255000,golfpang,,,18홀,tr_220307168
모카cc,2026-09-26,08:53,150000,golfpang,,,18홀,tr_220421946
몽베르,2026-09-26,08:44,280000,golfpang,,,18홀,tr_220259119
솔모로,2026-09-26,08:43,200000,golfpang,,,18홀,tr_220305956
이븐데일,2026-09-26,11:44,120000,golfpang,,,18홀,tr_220503103
로얄링스,2026-09-26,11:38,120000,golfpang,,,18홀,tr_220210685
알펜시아명문,2026-09-26,11:35,180000,golfpang,,,18홀,tr_219982795
유니아일랜드,2026-09-26,11:32,210000,golfpang,,,18홀,tr_220349171
크리스밸리,2026-09-26,11:59,180000,golfpang,,,18홀,tr_220349412
대호단양,2026-09-26,11:59,169000,golfpang,,,18홀,tr_220442523
파인스톤,2026-09-26,11:52,240000,golfpang,,,18홀,tr_220210945
올데이,2026-09-26,12:13,109000,golfpang,,,18홀,tr_220481314
오로라,2026-09-26,12:11,160000,golfpang,,,18홀,tr_220302004
에스앤-퍼9,2026-09-26,07:45,100000,golfpang,,,18홀,tr_220471092
몽베르,2026-09-26,07:40,260000,golfpang,,,18홀,tr_220259117
보령베이스-퍼9,2026-09-26,08:00,119000,golfpang,,,18홀,tr_220468012
여주,2026-09-26,07:54,200000,golfpang,,,18홀,tr_220348110
골든베이,2026-09-26,07:54,150000,golfpang,,,18홀,tr_220210798
센추리21(퍼),2026-09-26,08:06,130000,golfpang,,,18홀,tr_220151885
라싸,2026-09-26,08:05,199000,golfpang,,,18홀,tr_220240346
양주,2026-09-26,08:20,300000,golfpang,,,18홀,tr_220148843
안성(비공개),2026-09-26,08:15,160000,golfpang,,,18홀,tr_220349512
로얄링스,2026-09-26,08:13,120000,golfpang,,,18홀,tr_220210684
안성(비공개),2026-09-26,08:36,160000,golfpang,,,18홀,tr_220349513
레인보우힐스,2026-09-26,08:36,255000,golfpang,,,18홀,tr_220307167
포레스트힐,2026-09-26,08:36,200000,golfpang,,,18홀,tr_220502702
용인,2026-09-26,07:00,160000,golfpang,,,18홀,tr_220348483
이천(비공개명문),2026-09-26,07:00,253000,golfpang,,,18홀,tr_220221036
크리스밸리,2026-09-26,06:58,170000,golfpang,,,18홀,tr_220349411
아세코밸리-퍼9,2026-09-26,07:15,140000,golfpang,,,18홀,tr_220345349
골프존 천안,2026-09-26,07:15,182000,golfpang,,,18홀,tr_220342181
포천힐스,2026-09-26,07:10,200000,golfpang,,,18홀,tr_220515749
골프존 천안,2026-09-26,07:08,182000,golfpang,,,18홀,tr_220342180
골프존 천안,2026-09-26,07:22,182000,golfpang,,,18홀,tr_220342182
한림광릉,2026-09-26,07:20,190000,golfpang,,,18홀,tr_220274686
클럽모우,2026-09-26,07:19,140000,golfpang,,,18홀,tr_220304473
휘닉스,2026-09-26,07:15,220000,golfpang,,,18홀,tr_220049261
스카이밸리,2026-09-26,07:30,200000,golfpang,,,18홀,tr_220441210
포레스트힐,2026-09-26,07:26,190000,golfpang,,,18홀,tr_220502701
그린힐,2026-09-26,07:24,150000,golfpang,,,18홀,tr_220484177
오너스,2026-09-26,07:23,130000,golfpang,,,18홀,tr_220290567
알펜시아명문,2026-09-26,07:38,130000,golfpang,,,18홀,tr_219982794
더크로스비,2026-09-26,07:31,197000,golfpang,,,18홀,tr_220504416
세레니티-강촌,2026-09-26,07:47,210000,golfpang,,,18홀,tr_220139515
솔모로,2026-09-26,07:47,200000,golfpang,,,18홀,tr_220305955
골프존 진천,2026-09-26,07:45,201000,golfpang,,,18홀,tr_220214632
골프존 화랑,2026-09-26,06:41,125000,golfpang,,,18홀,tr_220211139
알펜시아700,2026-09-26,06:40,100000,golfpang,,,18홀,tr_219983178
속리산cc,2026-09-26,06:38,120000,golfpang,,,18홀,tr_220513052
베뉴지,2026-09-26,06:37,140000,golfpang,,,18홀,tr_220523131
파인스톤,2026-09-26,06:49,220000,golfpang,,,18홀,tr_220210944
알펜시아명문,2026-09-26,06:49,120000,golfpang,,,18홀,tr_219982793
루트52,2026-09-26,06:48,160000,golfpang,,,18홀,tr_220320978
세현,2026-09-26,14:05,200000,golfpang,,,18홀,tr_220485533
자유로,2026-09-26,14:05,220000,golfpang,,,18홀,tr_220376081
감곡,2026-09-26,14:03,150000,golfpang,,,18홀,tr_220483591
라싸,2026-09-26,14:03,189000,golfpang,,,18홀,tr_220240347
스마트KU,2026-09-26,14:03,220000,golfpang,,,18홀,tr_219873008
알펜시아700,2026-09-26,13:59,120000,golfpang,,,18홀,tr_219983179
양지파인,2026-09-26,13:59,150000,golfpang,,,18홀,tr_220503004
유니아일랜드,2026-09-26,16:20,160000,golfpang,,,18홀,tr_220349172
남양주(퍼9),2026-09-26,16:14,149000,golfpang,,,18홀,tr_220375118
코리아-퍼9,2026-09-26,15:56,130000,golfpang,,,18홀,tr_220348180
코리아-퍼9,2026-09-26,15:38,130000,golfpang,,,18홀,tr_220348179
킹스데일,2026-09-26,14:13,155000,golfpang,,,18홀,tr_220211049
그린힐,2026-09-26,14:10,150000,golfpang,,,18홀,tr_220484178
비콘힐스,2026-09-26,17:09,90000,golfpang,,,18홀,tr_220439917
아세코밸리-퍼9,2026-09-26,17:03,120000,golfpang,,,18홀,tr_220345350
젠스필드,2026-09-26,17:00,110000,golfpang,,,18홀,tr_220239580
대영베이스,2026-09-26,12:52,129000,golfpang,,,18홀,tr_220441261
센테리움,2026-09-26,13:11,129000,golfpang,,,18홀,tr_220219807
대영힐스,2026-09-26,13:10,119000,golfpang,,,18홀,tr_220442077
웰리힐리,2026-09-26,13:06,190000,golfpang,,,18홀,tr_220056263
여주,2026-09-26,13:04,190000,golfpang,,,18홀,tr_220348111
벨라스톤,2026-09-26,13:21,149000,golfpang,,,18홀,tr_220420350
떼제베,2026-09-26,13:21,160000,golfpang,,,18홀,tr_220458845
떼제베(동북),2026-09-26,13:21,140000,golfpang,,,18홀,tr_220462989
알프스대영,2026-09-26,13:20,115000,golfpang,,,18홀,tr_220502796
이천(비공개명문),2026-09-26,13:15,222000,golfpang,,,18홀,tr_220221037
몽베르,2026-09-26,13:14,220000,golfpang,,,18홀,tr_220259118
빅토리아-퍼9,2026-09-26,13:13,119000,golfpang,,,18홀,tr_220314871
히든밸리,2026-09-26,13:12,160000,golfpang,,,18홀,tr_220366593
더크로스비,2026-09-26,13:30,197000,golfpang,,,18홀,tr_220504417
세레니티-강촌,2026-09-26,13:27,170000,golfpang,,,18홀,tr_220139516
클럽72,2026-09-26,13:26,210000,golfpang,,,18홀,tr_220503599
옥스필드,2026-09-26,13:23,109000,golfpang,,,18홀,tr_220483269
휘닉스,2026-09-26,13:22,220000,golfpang,,,18홀,tr_220049262
파주타이거,2026-09-26,13:36,190000,golfpang,,,18홀,tr_220376401
리베라,2026-09-26,13:35,220000,golfpang,,,18홀,tr_220484711
남춘천,2026-09-26,13:35,160000,golfpang,,,18홀,tr_220377281
포천힐스,2026-09-26,13:34,190000,golfpang,,,18홀,tr_220515750
골프존 안성H,2026-09-26,13:31,180000,golfpang,,,18홀,tr_220503660
세현,2026-09-26,13:30,210000,golfpang,,,18홀,tr_220485532
신라,2026-09-26,13:44,180000,golfpang,,,18홀,tr_220502544
서산수,2026-09-26,13:43,180000,golfpang,,,18홀,tr_220210712
보령베이스-퍼9,2026-09-26,13:41,99000,golfpang,,,18홀,tr_220468014
에덴블루,2026-09-26,13:39,141700,golfpang,,,18홀,tr_220336395
플라밍고,2026-09-26,13:39,130000,golfpang,,,18홀,tr_220210865
360도,2026-09-26,13:37,170000,golfpang,,,18홀,tr_220483896
동서울cc-퍼9,2026-09-26,12:07,109000,golfpang,,,18홀,tr_220484414
동강시스타,2026-09-26,12:04,120000,golfpang,,,18홀,tr_220079796
골프존 화랑,2026-09-26,12:03,145000,golfpang,,,18홀,tr_220211140
골프존 진천,2026-09-26,12:25,209000,golfpang,,,18홀,tr_220214633
비콘힐스,2026-09-26,12:22,120000,golfpang,,,18홀,tr_220439916
골든베이,2026-09-26,12:21,150000,golfpang,,,18홀,tr_220210799
스카이밸리,2026-09-26,12:15,190000,golfpang,,,18홀,tr_220441211
스프링베일-퍼9,2026-09-26,12:15,150000,golfpang,,,18홀,tr_220385300
남양주(퍼9),2026-09-26,12:40,159000,golfpang,,,18홀,tr_220375117
해솔리아,2026-09-26,12:37,180000,golfpang,,,18홀,tr_220440748
로얄포레,2026-09-26,12:34,119000,golfpang,,,18홀,tr_220479211
센추리21(퍼),2026-09-26,12:32,125000,golfpang,,,18홀,tr_220151886
보령베이스-퍼9,2026-09-26,12:31,119000,golfpang,,,18홀,tr_220468013
양주,2026-09-26,12:31,300000,golfpang,,,18홀,tr_220148844
웰리힐리,2026-09-26,12:30,190000,golfpang,,,18홀,tr_220056262
써닝포인트,2026-09-26,12:51,175000,golfpang,,,18홀,tr_220347218
속리산cc,2026-09-26,12:48,120000,golfpang,,,18홀,tr_220513053
코스카,2026-09-26,12:48,160000,golfpang,,,18홀,tr_220211169
플라밍고,2026-09-26,18:24,90000,golfpang,,,18홀,tr_220210866
로얄포레,2026-09-26,18:22,79000,golfpang,,,18홀,tr_220479212
파인스톤,2026-09-26,18:53,140000,golfpang,,,18홀,tr_220210946
포레스트힐,2026-09-26,18:52,150000,golfpang,,,18홀,tr_220502703
스타,2026-09-26,18:45,90000,golfpang,,,18홀,tr_220211642
신안(병행),2026-09-26,18:45,100000,golfpang,,,18홀,tr_220305218
대영베이스,2026-09-26,18:44,89000,golfpang,,,18홀,tr_220441262
대영힐스,2026-09-26,18:41,75000,golfpang,,,18홀,tr_220442078
리베라,2026-09-26,18:38,140000,golfpang,,,18홀,tr_220484712
신안,2026-09-26,19:20,100000,golfpang,,,18홀,tr_220299525
신안,2026-09-26,19:13,100000,golfpang,,,18홀,tr_220299526
에덴블루,2026-09-26,19:10,115000,golfpang,,,18홀,tr_220336396
세레니티cc,2026-09-26,19:09,130000,golfpang,,,18홀,tr_220211873
클럽72,2026-09-26,19:07,130000,golfpang,,,18홀,tr_220503600
세현,2026-09-26,19:05,160000,golfpang,,,18홀,tr_220485534
라싸,2026-09-26,18:56,159000,golfpang,,,18홀,tr_220240348
스톤비치,2026-09-26,18:05,130000,golfpang,,,18홀,tr_220210755
해솔리아,2026-09-26,18:04,140000,golfpang,,,18홀,tr_220440749
알프스대영,2026-09-26,18:04,65000,golfpang,,,18홀,tr_220502797
용인(비공개),2026-09-26,18:03,150000,golfpang,,,18홀,tr_220349079
임페리얼레이크,2026-09-26,18:01,99000,golfpang,,,18홀,tr_220478889
골프존 화랑,2026-09-26,18:00,89000,golfpang,,,18홀,tr_220211141
남한강에스파크,2026-09-26,18:00,99000,golfpang,,,18홀,tr_220125256
동강시스타,2026-09-26,17:52,80000,golfpang,,,18홀,tr_220079797
세레니티cc,2026-09-26,18:20,140000,golfpang,,,18홀,tr_220211871
올데이,2026-09-26,18:15,59000,golfpang,,,18홀,tr_220481315
남한강에스파크,2026-09-26,18:14,99000,golfpang,,,18홀,tr_220125258
떼제베,2026-09-26,18:09,120000,golfpang,,,18홀,tr_220458846
떼제베(동북),2026-09-26,18:09,100000,golfpang,,,18홀,tr_220462990
옥스필드,2026-09-26,18:08,69000,golfpang,,,18홀,tr_220483270
알펜시아700,2026-09-26,18:33,80000,golfpang,,,18홀,tr_219983180
신안(병행),2026-09-26,18:31,100000,golfpang,,,18홀,tr_220305220
이븐데일,2026-09-26,16:57,84000,golfpang,,,18홀,tr_220503104
대호단양,2026-09-26,16:55,119000,golfpang,,,18홀,tr_220442524
센추리21,2026-09-26,17:33,90000,golfpang,,,18홀,tr_220150741
벨라스톤,2026-09-26,17:31,109000,golfpang,,,18홀,tr_220420351
스프링베일-퍼9,2026-09-26,17:29,130000,golfpang,,,18홀,tr_220385301
센추리21(퍼),2026-09-26,17:26,80000,golfpang,,,18홀,tr_220151887
센추리21,2026-09-26,17:26,90000,golfpang,,,18홀,tr_220150740
한림광릉,2026-09-26,17:24,150000,golfpang,,,18홀,tr_220274688
샤인데일,2026-09-26,17:22,95000,golfpang,,,18홀,tr_220106187
용인(비공개),2026-09-26,17:21,150000,golfpang,,,18홀,tr_220349078
빅토리아-퍼9,2026-09-26,17:17,99000,golfpang,,,18홀,tr_220314872
에스앤-퍼9,2026-09-26,17:17,60000,golfpang,,,18홀,tr_220471094
스톤비치,2026-09-26,17:51,130000,golfpang,,,18홀,tr_220210754
몽베르(대중제),2026-09-26,17:49,140000,golfpang,,,18홀,tr_220258745
파주타이거,2026-09-26,17:47,190000,golfpang,,,18홀,tr_220376402
스톤비치,2026-09-26,17:44,130000,golfpang,,,18홀,tr_220210753
베스트밸리-퍼9,2026-09-26,17:41,120000,golfpang,,,18홀,tr_220484958
파주,2026-09-26,17:41,180000,golfpang,,,18홀,tr_220503915
감곡,2026-09-26,17:38,110000,golfpang,,,18홀,tr_220483592
남한강에스파크,2026-09-26,18:07,99000,golfpang,,,18홀,tr_220125257
세레니티-강촌,2026-09-26,18:06,140000,golfpang,,,18홀,tr_220139517
오로라,2026-09-26,18:06,100000,golfpang,,,18홀,tr_220302005
한림광릉,2026-09-26,13:37,190000,golfpang,,,18홀,tr_220274687
속리산cc,2026-09-26,13:37,120000,golfpang,,,18홀,tr_220513054
가평(비공개),2026-09-26,13:52,190000,golfpang,,,18홀,tr_220377073
베뉴지,2026-09-26,13:51,140000,golfpang,,,18홀,tr_220523132
샤인데일,2026-09-26,13:51,130000,golfpang,,,18홀,tr_220106186
클럽모우,2026-09-26,13:48,140000,golfpang,,,18홀,tr_220304474
푸른솔포천,2026-09-26,13:48,200000,golfpang,,,18홀,tr_220504183
이글몬트,2026-09-26,13:46,170000,golfpang,,,18홀,tr_220278635
골프존 안성H,2026-09-26,13:45,180000,golfpang,,,18홀,tr_220503661
스타,2026-09-26,13:44,140000,golfpang,,,18홀,tr_220211641
세레니티cc,2026-09-26,18:27,140000,golfpang,,,18홀,tr_220211872
그린힐,2026-09-26,18:24,100000,golfpang,,,18홀,tr_220484179
신안(병행),2026-09-26,18:24,100000,golfpang,,,18홀,tr_220305219
동서울cc-퍼9,2026-09-26,18:24,65000,golfpang,,,18홀,tr_220484415
일레븐,2026-09-26,11:32,140000,golfpang,,,18홀,tr_220523203
일레븐,2026-09-26,06:58,125000,golfpang,,,18홀,tr_220523202
일레븐,2026-09-26,16:41,90000,golfpang,,,18홀,tr_220523204
속리산cc,2026-09-26,06:38,120000,golfpang,,,18홀,tr_220523165
속리산cc,2026-09-26,12:48,120000,golfpang,,,18홀,tr_220523167
속리산cc,2026-09-26,12:41,120000,golfpang,,,18홀,tr_220523166
베뉴지,2026-09-26,06:30,179000,golfpang,,,18홀,tr_220522965
베뉴지,2026-09-26,06:37,150000,golfpang,,,18홀,tr_220522966
베뉴지,2026-09-26,06:44,179000,golfpang,,,18홀,tr_220522812
베뉴지,2026-09-26,06:37,179000,golfpang,,,18홀,tr_220522811
이글몬트,2026-09-26,13:39,170000,golfpang,,,18홀,tr_220397327
몽베르(대중제),2026-09-26,06:47,160000,golfpang,,,18홀,tr_220397308
용인(비공개),2026-09-26,13:52,179000,golfpang,,,18홀,tr_220397096
용인(비공개),2026-09-26,06:53,179000,golfpang,,,18홀,tr_220397095
몽베르(대중제),2026-09-26,17:14,150000,golfpang,,,18홀,tr_220397310
이글몬트,2026-09-26,07:23,180000,golfpang,,,18홀,tr_220397326
몽베르(대중제),2026-09-26,13:28,170000,golfpang,,,18홀,tr_220397309
에덴블루,2026-09-26,13:39,141700,golfpang,,,18홀,tr_220396899
스타,2026-09-26,17:42,100000,golfpang,,,18홀,tr_220396813
에덴블루,2026-09-26,18:11,125000,golfpang,,,18홀,tr_220396900
남춘천,2026-09-26,06:46,160000,golfpang,,,18홀,tr_220396549
에덴블루,2026-09-26,06:28,134200,golfpang,,,18홀,tr_220396898
양평TPC,2026-09-26,06:31,160000,golfpang,,,18홀,tr_220396130
스타,2026-09-26,07:19,140000,golfpang,,,18홀,tr_220396811
양평TPC,2026-09-26,08:23,180000,golfpang,,,18홀,tr_220396131
스타,2026-09-26,13:37,140000,golfpang,,,18홀,tr_220396812
남춘천,2026-09-26,13:28,160000,golfpang,,,18홀,tr_220396550
세레니티-강촌,2026-09-26,13:12,170000,golfpang,,,18홀,tr_219791402
세레니티-강촌,2026-09-26,17:59,140000,golfpang,,,18홀,tr_219791403
포레스트힐,2026-09-26,07:19,200000,golfpang,,,18홀,tr_220347940
포레스트힐,2026-09-26,18:52,150000,golfpang,,,18홀,tr_220347941
세레니티-강촌,2026-09-26,07:47,210000,golfpang,,,18홀,tr_219791401
오로라,2026-09-26,12:11,160000,golfpang,,,18홀,tr_220391619
오로라,2026-09-26,08:08,160000,golfpang,,,18홀,tr_220391618
오로라,2026-09-26,17:26,110000,golfpang,,,18홀,tr_220391620
골든베이,2026-09-26,12:00,150000,golfpang,,,18홀,tr_218977361
플라밍고,2026-09-26,07:37,140000,golfpang,,,18홀,tr_220198517
센테리움,2026-09-26,13:11,149000,golfpang,,,18홀,tr_220377305
골프존 화랑,2026-09-26,12:03,145000,golfpang,,,18홀,tr_220349469
플라밍고,2026-09-26,17:21,100000,golfpang,,,18홀,tr_220198519
골프존 진천,2026-09-26,06:49,195000,golfpang,,,18홀,tr_220366249
골프존 진천,2026-09-26,14:03,199000,golfpang,,,18홀,tr_220366251
플라밍고,2026-09-26,12:01,140000,golfpang,,,18홀,tr_220198518
골프존 화랑,2026-09-26,07:30,135000,golfpang,,,18홀,tr_220349468
센테리움,2026-09-26,07:28,159000,golfpang,,,18홀,tr_220377304
골프존 화랑,2026-09-26,17:18,99000,golfpang,,,18홀,tr_220349470
킹스데일,2026-09-26,08:22,165000,golfpang,,,18홀,tr_220376866
골든베이,2026-09-26,08:01,150000,golfpang,,,18홀,tr_218977360
골프존 진천,2026-09-26,12:39,209000,golfpang,,,18홀,tr_220366250
골프존 안성H,2026-09-26,08:57,190000,golfpang,,,18홀,tr_220149458
여주,2026-09-26,07:54,200000,golfpang,,,18홀,tr_220336334
이천(비공개명문),2026-09-26,07:38,269000,golfpang,,,18홀,tr_220046494
아난티중앙(야간),2026-09-26,18:11,140000,golfpang,,,18홀,tr_220026915
에델바이스(가명),2026-09-26,06:35,200000,golfpang,,,18홀,tr_220014878
빅토리아-퍼9,2026-09-26,13:06,119000,golfpang,,,18홀,tr_219778186
골프존 안성H,2026-09-26,12:07,190000,golfpang,,,18홀,tr_220149459
이천(비공개명문),2026-09-26,13:08,222000,golfpang,,,18홀,tr_220046495
안성(비공개),2026-09-26,08:36,160000,golfpang,,,18홀,tr_220208518
해솔리아,2026-09-26,06:45,200000,golfpang,,,18홀,tr_220208989
빅토리아-퍼9,2026-09-26,06:49,119000,golfpang,,,18홀,tr_219778185
신안(병행),2026-09-26,12:04,150000,golfpang,,,18홀,tr_219601224
여주,2026-09-26,13:04,190000,golfpang,,,18홀,tr_220336335
히든밸리,2026-09-26,07:59,170000,golfpang,,,18홀,tr_218503706
아난티중앙(야간),2026-09-26,17:44,150000,golfpang,,,18홀,tr_220026914
신안(병행),2026-09-26,18:03,100000,golfpang,,,18홀,tr_219601226
해솔리아,2026-09-26,13:37,200000,golfpang,,,18홀,tr_220208990
신안(병행),2026-09-26,17:35,110000,golfpang,,,18홀,tr_219601225
빅토리아-퍼9,2026-09-26,17:10,99000,golfpang,,,18홀,tr_219778187
해솔리아,2026-09-26,18:06,140000,golfpang,,,18홀,tr_220208991
신안(오렌지),2026-09-26,06:21,100000,golfpang,,,18홀,tr_219598573
히든밸리,2026-09-26,14:08,150000,golfpang,,,18홀,tr_218503707
골프존 안성H,2026-09-26,13:45,190000,golfpang,,,18홀,tr_220149460
알펜시아명문,2026-09-26,07:17,130000,golfpang,,,18홀,tr_219999542
알펜시아700,2026-09-26,17:23,100000,golfpang,,,18홀,tr_219999505
알펜시아명문,2026-09-26,12:45,180000,golfpang,,,18홀,tr_219999544
웰리힐리,2026-09-26,12:58,190000,golfpang,,,18홀,tr_218796068
웰리힐리,2026-09-26,06:38,190000,golfpang,,,18홀,tr_218796067
알펜시아700,2026-09-26,13:24,120000,golfpang,,,18홀,tr_219999504
알펜시아명문,2026-09-26,11:42,180000,golfpang,,,18홀,tr_219999543
동원썬밸리,2026-09-26,08:33,190000,golfpang,,,18홀,tr_220102380
알펜시아700,2026-09-26,08:25,120000,golfpang,,,18홀,tr_219999503
동원썬밸리,2026-09-26,12:32,190000,golfpang,,,18홀,tr_220102381
웰리힐리,2026-09-26,13:22,190000,golfpang,,,18홀,tr_218796069
서산수,2026-09-26,12:12,190000,golfpang,,,18홀,tr_220470199
서산수,2026-09-26,06:57,190000,golfpang,,,18홀,tr_220470198
대영베이스,2026-09-26,07:00,119000,golfpang,,,18홀,tr_220493746
360도,2026-09-26,07:37,187000,golfpang,,,18홀,tr_220485495
그린힐,2026-09-26,07:24,150000,golfpang,,,18홀,tr_220485747
감곡,2026-09-26,14:10,150000,golfpang,,,18홀,tr_220486075
감곡,2026-09-26,18:06,110000,golfpang,,,18홀,tr_220486076
360도,2026-09-26,13:15,180000,golfpang,,,18홀,tr_220485496
그린힐,2026-09-26,18:24,100000,golfpang,,,18홀,tr_220485749
그린힐,2026-09-26,12:46,160000,golfpang,,,18홀,tr_220485748
대영베이스,2026-09-26,12:52,129000,golfpang,,,18홀,tr_220493747
감곡,2026-09-26,06:44,130000,golfpang,,,18홀,tr_220486074
써닝포인트,2026-09-26,13:19,175000,golfpang,,,18홀,tr_220494328
대영힐스,2026-09-26,12:38,125000,golfpang,,,18홀,tr_220494235
써닝포인트,2026-09-26,11:20,205000,golfpang,,,18홀,tr_220494327
대영힐스,2026-09-26,07:24,115000,golfpang,,,18홀,tr_220494234
써닝포인트,2026-09-26,06:35,175000,golfpang,,,18홀,tr_220494326
대영힐스,2026-09-26,18:13,79000,golfpang,,,18홀,tr_220494236
대영베이스,2026-09-26,18:24,89000,golfpang,,,18홀,tr_220493748
떼제베,2026-09-26,18:09,120000,golfpang,,,18홀,tr_220496960
로얄포레,2026-09-26,12:34,119000,golfpang,,,18홀,tr_220502463
떼제베,2026-09-26,12:04,170000,golfpang,,,18홀,tr_220496959
리베라,2026-09-26,18:38,140000,golfpang,,,18홀,tr_220502743
떼제베(동북),2026-09-26,18:37,100000,golfpang,,,18홀,tr_220499636
로얄포레,2026-09-26,18:22,79000,golfpang,,,18홀,tr_220502464
떼제베(동북),2026-09-26,12:11,150000,golfpang,,,18홀,tr_220499635
리베라,2026-09-26,13:35,220000,golfpang,,,18홀,tr_220502742
떼제베(동북),2026-09-26,05:57,100000,golfpang,,,18홀,tr_220499634
리베라,2026-09-26,06:49,220000,golfpang,,,18홀,tr_220502741
떼제베,2026-09-26,06:46,140000,golfpang,,,18홀,tr_220496958
로얄포레,2026-09-26,07:28,119000,golfpang,,,18홀,tr_220502462
세현,2026-09-26,14:05,200000,golfpang,,,18홀,tr_220503142
세현,2026-09-26,13:44,200000,golfpang,,,18홀,tr_220503141
세현,2026-09-26,19:05,160000,golfpang,,,18홀,tr_220503143
속리산cc,2026-09-26,11:59,200000,golfpang,,,18홀,tr_220503786
속리산cc,2026-09-26,07:55,180000,golfpang,,,18홀,tr_220503785
속리산cc,2026-09-26,13:58,150000,golfpang,,,18홀,tr_220503787
알프스대영,2026-09-26,12:31,119000,golfpang,,,18홀,tr_220504354
마론뉴데이,2026-09-26,12:33,175000,golfpang,,,18홀,tr_220504437
신라,2026-09-26,11:59,190000,golfpang,,,18홀,tr_220504088
알프스대영,2026-09-26,18:04,65000,golfpang,,,18홀,tr_220504355
신라,2026-09-26,13:44,180000,golfpang,,,18홀,tr_220504089
신라,2026-09-26,06:15,160000,golfpang,,,18홀,tr_220504087
마론뉴데이,2026-09-26,13:19,175000,golfpang,,,18홀,tr_220504438
알프스대영,2026-09-26,06:40,99000,golfpang,,,18홀,tr_220504353
마론뉴데이,2026-09-26,07:21,175000,golfpang,,,18홀,tr_220504436
옥스필드,2026-09-26,11:45,119000,golfpang,,,18홀,tr_220504682
양지파인,2026-09-26,07:22,160000,golfpang,,,18홀,tr_220504511
포천힐스,2026-09-26,13:48,190000,golfpang,,,18홀,tr_220504558
포천힐스,2026-09-26,07:10,200000,golfpang,,,18홀,tr_220504556
옥스필드,2026-09-26,18:08,69000,golfpang,,,18홀,tr_220504683
양지파인,2026-09-26,12:36,160000,golfpang,,,18홀,tr_220504512
옥스필드,2026-09-26,06:25,89000,golfpang,,,18홀,tr_220504681
포천힐스,2026-09-26,13:34,190000,golfpang,,,18홀,tr_220504557
올데이,2026-09-26,18:15,59000,golfpang,,,18홀,tr_220505605
임페리얼레이크,2026-09-26,11:24,139000,golfpang,,,18홀,tr_220505506
올데이,2026-09-26,07:14,89000,golfpang,,,18홀,tr_220505603
임페리얼레이크,2026-09-26,06:25,119000,golfpang,,,18홀,tr_220505505
클럽72,2026-09-26,07:38,200000,golfpang,,,18홀,tr_220513190
임페리얼레이크,2026-09-26,18:01,99000,golfpang,,,18홀,tr_220505507
클럽72,2026-09-26,12:02,220000,golfpang,,,18홀,tr_220513191
올데이,2026-09-26,12:13,109000,golfpang,,,18홀,tr_220505604
클럽72,2026-09-26,18:18,140000,golfpang,,,18홀,tr_220513192
힐데스하임,2026-09-26,06:52,130000,golfpang,,,18홀,tr_220518662
한림용인,2026-09-26,17:17,140000,golfpang,,,18홀,tr_220518607
푸른솔포천,2026-09-26,06:49,210000,golfpang,,,18홀,tr_220515946
푸른솔포천,2026-09-26,13:13,210000,golfpang,,,18홀,tr_220515947
한림용인,2026-09-26,07:27,180000,golfpang,,,18홀,tr_220518605
힐데스하임,2026-09-26,08:07,150000,golfpang,,,18홀,tr_220518663
힐데스하임,2026-09-26,12:27,165000,golfpang,,,18홀,tr_220518664
한림용인,2026-09-26,13:11,160000,golfpang,,,18홀,tr_220518606
한림광릉,2026-09-26,07:06,190000,golfpang,,,18홀,tr_220522040
벨라스톤,2026-09-26,07:59,159000,golfpang,,,18홀,tr_220521877
아세코밸리-퍼9,2026-09-26,16:21,120000,golfpang,,,18홀,tr_220522379
한림광릉,2026-09-26,13:23,190000,golfpang,,,18홀,tr_220522041
벨라스톤,2026-09-26,17:31,109000,golfpang,,,18홀,tr_220521879
한림광릉,2026-09-26,17:31,150000,golfpang,,,18홀,tr_220522042
아세코밸리-퍼9,2026-09-26,17:03,120000,golfpang,,,18홀,tr_220522380
벨라스톤,2026-09-26,13:21,149000,golfpang,,,18홀,tr_220521878
아세코밸리-퍼9,2026-09-26,06:19,140000,golfpang,,,18홀,tr_220522378
벨라스톤,2026-09-26,08:20,170000,golfpang,,,18홀,tr_219818103
알프스대영,2026-09-26,07:15,119000,golfpang,,,18홀,tr_220216290
오로라,2026-09-26,06:58,150000,golfpang,,,18홀,tr_220299752
알프스대영,2026-09-26,11:49,129000,golfpang,,,18홀,tr_220216291
남한강에스파크,2026-09-26,18:07,99000,golfpang,,,18홀,tr_220216502
오로라,2026-09-26,12:11,160000,golfpang,,,18홀,tr_220299753
벨라스톤,2026-09-26,13:28,150000,golfpang,,,18홀,tr_219818105
벨라스톤,2026-09-26,13:14,150000,golfpang,,,18홀,tr_219818104
오로라,2026-09-26,17:10,110000,golfpang,,,18홀,tr_220299754
알프스대영,2026-09-26,16:54,79000,golfpang,,,18홀,tr_220216292
남한강에스파크,2026-09-26,18:28,99000,golfpang,,,18홀,tr_220216504
남한강에스파크,2026-09-26,18:14,99000,golfpang,,,18홀,tr_220216503
속리산cc,2026-09-26,06:52,140000,golfpang,,,18홀,tr_219985095
속리산cc,2026-09-26,13:16,140000,golfpang,,,18홀,tr_219985097
대영베이스,2026-09-26,07:20,129000,golfpang,,,18홀,tr_220215485
스타,2026-09-26,07:19,150000,golfpang,,,18홀,tr_219985695
서산수,2026-09-26,12:05,190000,golfpang,,,18홀,tr_220223207
골프존 화랑,2026-09-26,12:03,155000,golfpang,,,18홀,tr_219957151
대영베이스,2026-09-26,12:12,135000,golfpang,,,18홀,tr_220215486
스타,2026-09-26,06:30,140000,golfpang,,,18홀,tr_219985694
대영힐스,2026-09-26,12:18,135000,golfpang,,,18홀,tr_220215771
골프존 진천,2026-09-26,12:39,209000,golfpang,,,18홀,tr_220328645
이븐데일,2026-09-26,06:45,95000,golfpang,,,18홀,tr_220513234
속리산cc,2026-09-26,08:23,160000,golfpang,,,18홀,tr_219985096
골프존 화랑,2026-09-26,08:40,145000,golfpang,,,18홀,tr_219957150
이븐데일,2026-09-26,11:31,120000,golfpang,,,18홀,tr_220513235
코스카,2026-09-26,11:45,170000,golfpang,,,18홀,tr_220421967
골프존 진천,2026-09-26,06:49,195000,golfpang,,,18홀,tr_220328643
감곡,2026-09-26,07:26,160000,golfpang,,,18홀,tr_220375818
골프존 진천,2026-09-26,07:31,201000,golfpang,,,18홀,tr_220328644
대영힐스,2026-09-26,07:38,129000,golfpang,,,18홀,tr_220215770
힐데스하임,2026-09-26,07:45,150000,golfpang,,,18홀,tr_220241109
골프존 화랑,2026-09-26,06:55,125000,golfpang,,,18홀,tr_219957149
감곡,2026-09-26,14:03,150000,golfpang,,,18홀,tr_220375819
힐데스하임,2026-09-26,13:42,145000,golfpang,,,18홀,tr_220241110
센테리움,2026-09-26,13:32,129000,golfpang,,,18홀,tr_220278759
감곡,2026-09-26,17:10,130000,golfpang,,,18홀,tr_220375820
힐데스하임,2026-09-26,06:22,130000,golfpang,,,18홀,tr_220241108
이븐데일,2026-09-26,16:57,84000,golfpang,,,18홀,tr_220513236
대영베이스,2026-09-26,16:57,109000,golfpang,,,18홀,tr_220215487
대영힐스,2026-09-26,17:03,99000,golfpang,,,18홀,tr_220215772
코스카,2026-09-26,06:57,150000,golfpang,,,18홀,tr_220421966
스타,2026-09-26,12:48,150000,golfpang,,,18홀,tr_219985696
서산수,2026-09-26,06:57,190000,golfpang,,,18홀,tr_220223206
파주,2026-09-26,18:16,180000,golfpang,,,18홀,tr_220513704
파주타이거,2026-09-26,18:11,190000,golfpang,,,18홀,tr_220520751
비콘힐스,2026-09-26,18:33,90000,golfpang,,,18홀,tr_220423488
라싸,2026-09-26,18:28,169000,golfpang,,,18홀,tr_220517242
포천힐스,2026-09-26,18:25,150000,golfpang,,,18홀,tr_220517802
포천힐스,2026-09-26,17:22,160000,golfpang,,,18홀,tr_220520474
스프링베일-퍼9,2026-09-26,17:29,-1,golfpang,,,18홀,tr_220517986
라싸,2026-09-26,17:25,179000,golfpang,,,18홀,tr_220516830
몽베르(대중제),2026-09-26,17:42,140000,golfpang,,,18홀,tr_220289378
한림광릉,2026-09-26,13:37,190000,golfpang,,,18홀,tr_220417727
몽베르,2026-09-26,13:46,220000,golfpang,,,18홀,tr_220291305
푸른솔포천,2026-09-26,14:02,200000,golfpang,,,18홀,tr_220520381
몽베르(대중제),2026-09-26,13:07,170000,golfpang,,,18홀,tr_220289377
몽베르,2026-09-26,13:06,220000,golfpang,,,18홀,tr_220291304
푸른솔포천,2026-09-26,13:13,210000,golfpang,,,18홀,tr_220348989
남춘천,2026-09-26,12:06,170000,golfpang,,,18홀,tr_220383089
한림광릉,2026-09-26,12:13,210000,golfpang,,,18홀,tr_220417726
파주타이거,2026-09-26,12:12,210000,golfpang,,,18홀,tr_220520689
비콘힐스,2026-09-26,12:22,120000,golfpang,,,18홀,tr_220423487
몽베르,2026-09-26,12:42,250000,golfpang,,,18홀,tr_220291303
코브스윙,2026-09-26,08:09,-1,golfpang,,,18홀,tr_220518376
오너스,2026-09-26,08:26,140000,golfpang,,,18홀,tr_220391905
몽베르(대중제),2026-09-26,07:22,180000,golfpang,,,18홀,tr_220289376
오너스,2026-09-26,07:30,130000,golfpang,,,18홀,tr_220391904
한림광릉,2026-09-26,07:55,190000,golfpang,,,18홀,tr_220417725
라싸,2026-09-26,07:02,199000,golfpang,,,18홀,tr_220520019
파주타이거,2026-09-26,07:03,210000,golfpang,,,18홀,tr_220520748
양주,2026-09-26,07:17,-1,golfpang,,,18홀,tr_220518163
비콘힐스,2026-09-26,06:32,110000,golfpang,,,18홀,tr_220423486
스마트KU,2026-09-26,06:44,220000,golfpang,,,18홀,tr_220517609
남춘천,2026-09-26,06:46,160000,golfpang,,,18홀,tr_220383088
푸른솔포천,2026-09-26,06:49,210000,golfpang,,,18홀,tr_220348988
파주,2026-09-26,05:42,210000,golfpang,,,18홀,tr_220513333
파주타이거,2026-09-26,06:14,170000,golfpang,,,18홀,tr_220420602
파주타이거,2026-09-26,06:14,170000,golfpang,,,18홀,tr_220420603
베스트밸리-퍼9,2026-09-26,06:12,190000,golfpang,,,18홀,tr_220517637
파주타이거,2026-09-26,06:21,170000,golfpang,,,18홀,tr_220420601
신안(오렌지),2026-09-26,06:21,100000,golfpang,,,18홀,tr_219837183
클럽72,2026-09-26,19:35,130000,golfpang,,,18홀,tr_220496355
신안,2026-09-26,19:20,100000,golfpang,,,18홀,tr_219834294
신안,2026-09-26,19:13,100000,golfpang,,,18홀,tr_219834295
신안,2026-09-26,19:13,100000,golfpang,,,18홀,tr_219834293
아세코밸리-퍼9,2026-09-26,17:03,120000,golfpang,,,18홀,tr_220420859
용인(비공개),2026-09-26,17:14,150000,golfpang,,,18홀,tr_220349797
해솔리아,2026-09-26,17:15,150000,golfpang,,,18홀,tr_220297388
그린힐,2026-09-26,17:49,110000,golfpang,,,18홀,tr_219833991
그린힐,2026-09-26,18:03,110000,golfpang,,,18홀,tr_219833992
골프존 안성H,2026-09-26,13:31,180000,golfpang,,,18홀,tr_220233113
360도,2026-09-26,13:37,170000,golfpang,,,18홀,tr_220422121
양평TPC,2026-09-26,13:36,160000,golfpang,,,18홀,tr_220391967
신라,2026-09-26,13:51,180000,golfpang,,,18홀,tr_220497587
파인크리크,2026-09-26,13:59,220000,golfpang,,,18홀,tr_220495835
리베라,2026-09-26,14:24,220000,golfpang,,,18홀,tr_220498077
해솔리아,2026-09-26,13:05,200000,golfpang,,,18홀,tr_220297387
신라,2026-09-26,13:16,190000,golfpang,,,18홀,tr_220422776
여주,2026-09-26,13:25,220000,golfpang,,,18홀,tr_220501239
더크로스비,2026-09-26,13:30,197000,golfpang,,,18홀,tr_220504252
양지파인,2026-09-26,11:59,170000,golfpang,,,18홀,tr_220501714
용인(비공개),2026-09-26,12:07,179000,golfpang,,,18홀,tr_220349796
아세코밸리-퍼9,2026-09-26,12:09,140000,golfpang,,,18홀,tr_220420858
양지파인,2026-09-26,12:21,160000,golfpang,,,18홀,tr_220346903
클럽72,2026-09-26,12:17,270000,golfpang,,,18홀,tr_220499139
스카이밸리,2026-09-26,12:29,190000,golfpang,,,18홀,tr_220289587
신라,2026-09-26,12:27,190000,golfpang,,,18홀,tr_220422775
젠스필드,2026-09-26,12:36,160000,golfpang,,,18홀,tr_220494598
이글몬트,2026-09-26,12:43,170000,golfpang,,,18홀,tr_220375995
써닝포인트,2026-09-26,08:06,205000,golfpang,,,18홀,tr_220498904
이글몬트,2026-09-26,08:05,180000,golfpang,,,18홀,tr_220375994
양지파인,2026-09-26,08:14,170000,golfpang,,,18홀,tr_220499540
신라,2026-09-26,08:35,210000,golfpang,,,18홀,tr_220422774
더크로스비,2026-09-26,07:31,197000,golfpang,,,18홀,tr_220504251
젠스필드,2026-09-26,07:30,160000,golfpang,,,18홀,tr_220497412
신라,2026-09-26,08:00,200000,golfpang,,,18홀,tr_220497583
해솔리아,2026-09-26,06:56,200000,golfpang,,,18홀,tr_220297386
골프존 안성H,2026-09-26,07:12,180000,golfpang,,,18홀,tr_220233111
스카이밸리,2026-09-26,07:16,200000,golfpang,,,18홀,tr_220289586
용인(비공개),2026-09-26,07:14,179000,golfpang,,,18홀,tr_220349795
골프존 안성H,2026-09-26,07:19,180000,golfpang,,,18홀,tr_220233112
그린힐,2026-09-26,06:35,150000,golfpang,,,18홀,tr_220498614
양지파인,2026-09-26,06:37,150000,golfpang,,,18홀,tr_220346902
더크로스비,2026-09-26,06:42,187000,golfpang,,,18홀,tr_220504250
솔모로,2026-09-26,06:44,200000,golfpang,,,18홀,tr_220497987
아세코밸리-퍼9,2026-09-26,06:47,140000,golfpang,,,18홀,tr_220420857
그린힐,2026-09-26,06:46,160000,golfpang,,,18홀,tr_219833990
양평TPC,2026-09-26,06:52,160000,golfpang,,,18홀,tr_220391966
빅토리아-퍼9,2026-09-26,06:00,-1,golfpang,,,18홀,tr_220496395
유니아일랜드,2026-09-26,05:50,180000,golfpang,,,18홀,tr_220494696
신안(오렌지),2026-09-26,06:14,100000,golfpang,,,18홀,tr_219837182
리베라,2026-09-26,06:14,220000,golfpang,,,18홀,tr_220496583
그린힐,2026-09-26,18:52,100000,golfpang,,,18홀,tr_220495900
360도,2026-09-26,06:22,177000,golfpang,,,18홀,tr_220422120
알펜시아명문,2026-09-26,07:03,130000,golfpang,,,18홀,tr_220522156
알펜시아명문,2026-09-26,11:42,180000,golfpang,,,18홀,tr_220522157
알펜시아명문,2026-09-26,06:35,120000,golfpang,,,18홀,tr_220522155
속리산cc,2026-09-26,12:41,120000,golfpang,,,18홀,tr_220521972
속리산cc,2026-09-26,14:12,120000,golfpang,,,18홀,tr_220521973
속리산cc,2026-09-26,06:38,120000,golfpang,,,18홀,tr_220521971
파주타이거,2026-09-26,12:54,200000,golfpang,,,18홀,tr_220520915
코브스윙,2026-09-26,12:52,-1,golfpang,,,18홀,tr_220521116
파주타이거,2026-09-26,13:01,200000,golfpang,,,18홀,tr_220520873
파주타이거,2026-09-26,13:08,200000,golfpang,,,18홀,tr_220520690
파주타이거,2026-09-26,13:08,200000,golfpang,,,18홀,tr_220520916
코브스윙,2026-09-26,13:13,-1,golfpang,,,18홀,tr_220521117
스마트KU,2026-09-26,13:21,220000,golfpang,,,18홀,tr_220520377
파주,2026-09-26,12:06,260000,golfpang,,,18홀,tr_220518938
파주타이거,2026-09-26,12:05,210000,golfpang,,,18홀,tr_220520750
스프링베일-퍼9,2026-09-26,17:57,-1,golfpang,,,18홀,tr_220521143
베스트밸리-퍼9,2026-09-26,17:55,120000,golfpang,,,18홀,tr_220520388
파주,2026-09-26,17:55,180000,golfpang,,,18홀,tr_220518939
라싸,2026-09-26,17:53,179000,golfpang,,,18홀,tr_220519636
파주타이거,2026-09-26,17:47,190000,golfpang,,,18홀,tr_220520874
라싸,2026-09-26,17:46,179000,golfpang,,,18홀,tr_220520022
파주,2026-09-26,17:41,180000,golfpang,,,18홀,tr_220519288
라싸,2026-09-26,17:39,179000,golfpang,,,18홀,tr_220519635
라싸,2026-09-26,18:07,169000,golfpang,,,18홀,tr_220519638
라싸,2026-09-26,18:07,169000,golfpang,,,18홀,tr_220520023
파주타이거,2026-09-26,13:50,190000,golfpang,,,18홀,tr_220520691
코브스윙,2026-09-26,13:48,-1,golfpang,,,18홀,tr_220521095
포천힐스,2026-09-26,13:48,200000,golfpang,,,18홀,tr_220520540
라싸,2026-09-26,14:03,189000,golfpang,,,18홀,tr_220519634
스마트KU,2026-09-26,14:10,220000,golfpang,,,18홀,tr_220520378
파주타이거,2026-09-26,12:47,200000,golfpang,,,18홀,tr_220520914
파주타이거,2026-09-26,12:19,210000,golfpang,,,18홀,tr_220520879
스프링베일-퍼9,2026-09-26,12:15,-1,golfpang,,,18홀,tr_220520713
스프링베일-퍼9,2026-09-26,12:29,-1,golfpang,,,18홀,tr_220521113
파주타이거,2026-09-26,12:26,210000,golfpang,,,18홀,tr_220520880
베스트밸리-퍼9,2026-09-26,12:42,190000,golfpang,,,18홀,tr_220520387
푸른솔포천,2026-09-26,12:38,230000,golfpang,,,18홀,tr_220520429
오너스,2026-09-26,12:37,170000,golfpang,,,18홀,tr_220519181
스프링베일-퍼9,2026-09-26,08:09,-1,golfpang,,,18홀,tr_220521112
오너스,2026-09-26,08:05,190000,golfpang,,,18홀,tr_220519422
코브스윙,2026-09-26,08:02,-1,golfpang,,,18홀,tr_220521082
스프링베일-퍼9,2026-09-26,08:23,-1,golfpang,,,18홀,tr_220520712
오너스,2026-09-26,08:19,190000,golfpang,,,18홀,tr_220519423
오너스,2026-09-26,08:40,200000,golfpang,,,18홀,tr_220519179
오너스,2026-09-26,08:33,200000,golfpang,,,18홀,tr_220519424
스마트KU,2026-09-26,08:29,220000,golfpang,,,18홀,tr_220520376
양주,2026-09-26,08:27,-1,golfpang,,,18홀,tr_220520860
베스트밸리-퍼9,2026-09-26,11:04,190000,golfpang,,,18홀,tr_220520386
라싸,2026-09-26,07:23,199000,golfpang,,,18홀,tr_220520020
스마트KU,2026-09-26,07:33,220000,golfpang,,,18홀,tr_220520375
파주타이거,2026-09-26,07:31,210000,golfpang,,,18홀,tr_220520876
스마트KU,2026-09-26,07:47,220000,golfpang,,,18홀,tr_220520557
라싸,2026-09-26,07:44,199000,golfpang,,,18홀,tr_220519632
파주타이거,2026-09-26,07:38,210000,golfpang,,,18홀,tr_220520877
파주타이거,2026-09-26,07:38,210000,golfpang,,,18홀,tr_220520872
파주타이거,2026-09-26,07:59,220000,golfpang,,,18홀,tr_220520878
라싸,2026-09-26,07:58,199000,golfpang,,,18홀,tr_220520021
양주,2026-09-26,07:52,-1,golfpang,,,18홀,tr_220520859
라싸,2026-09-26,07:51,199000,golfpang,,,18홀,tr_220519633
스마트KU,2026-09-26,06:51,220000,golfpang,,,18홀,tr_220520374
스마트KU,2026-09-26,06:51,220000,golfpang,,,18홀,tr_220520373
라싸,2026-09-26,07:02,199000,golfpang,,,18홀,tr_220519630
파주타이거,2026-09-26,07:10,210000,golfpang,,,18홀,tr_220520875
양주,2026-09-26,07:17,-1,golfpang,,,18홀,tr_220520857
푸른솔포천,2026-09-26,07:17,230000,golfpang,,,18홀,tr_220520431
라싸,2026-09-26,07:16,199000,golfpang,,,18홀,tr_220519631
스프링베일-퍼9,2026-09-26,07:13,-1,golfpang,,,18홀,tr_220521110
파주,2026-09-26,07:13,260000,golfpang,,,18홀,tr_220518937
파주타이거,2026-09-26,07:24,210000,golfpang,,,18홀,tr_220520749
양주,2026-09-26,07:24,-1,golfpang,,,18홀,tr_220520858
라싸,2026-09-26,06:34,199000,golfpang,,,18홀,tr_220520018
파주,2026-09-26,06:38,240000,golfpang,,,18홀,tr_220518936
베뉴지,2026-09-26,06:37,179000,golfpang,,,18홀,tr_220519112
파주타이거,2026-09-26,06:35,200000,golfpang,,,18홀,tr_220520869
포천힐스,2026-09-26,06:35,200000,golfpang,,,18홀,tr_220520539
파주타이거,2026-09-26,06:42,200000,golfpang,,,18홀,tr_220520870
오너스,2026-09-26,06:41,170000,golfpang,,,18홀,tr_220519178
파주타이거,2026-09-26,06:49,200000,golfpang,,,18홀,tr_220520871
푸른솔포천,2026-09-26,06:00,200000,golfpang,,,18홀,tr_220520428
스프링베일-퍼9,2026-09-26,06:17,-1,golfpang,,,18홀,tr_220520711
파주,2026-09-26,06:17,220000,golfpang,,,18홀,tr_220518935
양주,2026-09-26,06:14,-1,golfpang,,,18홀,tr_220520927
포천힐스,2026-09-26,06:14,200000,golfpang,,,18홀,tr_220520502
포천힐스,2026-09-26,06:28,200000,golfpang,,,18홀,tr_220520538
푸른솔포천,2026-09-26,06:21,200000,golfpang,,,18홀,tr_220520346
라싸,2026-09-26,06:34,199000,golfpang,,,18홀,tr_220519629
파주타이거,2026-09-26,13:15,200000,golfpang,,,18홀,tr_220518174
스프링베일-퍼9,2026-09-26,13:11,-1,golfpang,,,18홀,tr_220517985
파주,2026-09-26,13:09,260000,golfpang,,,18홀,tr_220516187
파주타이거,2026-09-26,13:22,200000,golfpang,,,18홀,tr_220517958
코브스윙,2026-09-26,13:20,-1,golfpang,,,18홀,tr_220518396
스프링베일-퍼9,2026-09-26,13:18,-1,golfpang,,,18홀,tr_220518394
양주,2026-09-26,13:34,-1,golfpang,,,18홀,tr_220518165
코브스윙,2026-09-26,13:34,-1,golfpang,,,18홀,tr_220518397
포천힐스,2026-09-26,13:34,200000,golfpang,,,18홀,tr_220517698
포천힐스,2026-09-26,13:34,200000,golfpang,,,18홀,tr_220517775
스마트KU,2026-09-26,12:04,220000,golfpang,,,18홀,tr_220517612
푸른솔포천,2026-09-26,12:03,230000,golfpang,,,18홀,tr_220517622
파주,2026-09-26,12:34,260000,golfpang,,,18홀,tr_220516519
오너스,2026-09-26,12:44,170000,golfpang,,,18홀,tr_220516428
파주타이거,2026-09-26,12:40,200000,golfpang,,,18홀,tr_220518026
포천힐스,2026-09-26,08:13,230000,golfpang,,,18홀,tr_220517774
오너스,2026-09-26,08:12,190000,golfpang,,,18홀,tr_220516425
포천힐스,2026-09-26,08:06,230000,golfpang,,,18홀,tr_220517773
오너스,2026-09-26,08:19,190000,golfpang,,,18홀,tr_220516426
코브스윙,2026-09-26,08:37,-1,golfpang,,,18홀,tr_220518365
스프링베일-퍼9,2026-09-26,08:30,-1,golfpang,,,18홀,tr_220518392
파주,2026-09-26,11:24,260000,golfpang,,,18홀,tr_220516518
스마트KU,2026-09-26,08:43,220000,golfpang,,,18홀,tr_220517825
포천힐스,2026-09-26,11:49,220000,golfpang,,,18홀,tr_220517799
포천힐스,2026-09-26,11:42,220000,golfpang,,,18홀,tr_220517798
라싸,2026-09-26,07:37,199000,golfpang,,,18홀,tr_220516825
코브스윙,2026-09-26,07:34,-1,golfpang,,,18홀,tr_220518363
스프링베일-퍼9,2026-09-26,07:34,-1,golfpang,,,18홀,tr_220517984
스마트KU,2026-09-26,07:33,220000,golfpang,,,18홀,tr_220517824
푸른솔포천,2026-09-26,07:31,230000,golfpang,,,18홀,tr_220517673
파주타이거,2026-09-26,07:31,210000,golfpang,,,18홀,tr_220517955
베스트밸리-퍼9,2026-09-26,07:43,200000,golfpang,,,18홀,tr_220517638
코브스윙,2026-09-26,07:41,-1,golfpang,,,18홀,tr_220518375
스마트KU,2026-09-26,07:40,220000,golfpang,,,18홀,tr_220517611
코브스윙,2026-09-26,07:48,-1,golfpang,,,18홀,tr_220518364
양주,2026-09-26,06:56,-1,golfpang,,,18홀,tr_220518133
파주타이거,2026-09-26,06:56,200000,golfpang,,,18홀,tr_220518172
라싸,2026-09-26,06:55,199000,golfpang,,,18홀,tr_220516822
포천힐스,2026-09-26,07:03,220000,golfpang,,,18홀,tr_220517797
스마트KU,2026-09-26,06:58,220000,golfpang,,,18홀,tr_220517610
오너스,2026-09-26,07:09,180000,golfpang,,,18홀,tr_220516654
라싸,2026-09-26,07:16,199000,golfpang,,,18홀,tr_220516823
파주,2026-09-26,07:27,260000,golfpang,,,18홀,tr_220516186
라싸,2026-09-26,06:34,199000,golfpang,,,18홀,tr_220517239
스마트KU,2026-09-26,06:30,220000,golfpang,,,18홀,tr_220517606
스마트KU,2026-09-26,06:37,220000,golfpang,,,18홀,tr_220517608
라싸,2026-09-26,06:41,199000,golfpang,,,18홀,tr_220516818
양주,2026-09-26,06:49,-1,golfpang,,,18홀,tr_220518132
푸른솔포천,2026-09-26,06:49,210000,golfpang,,,18홀,tr_220517672
라싸,2026-09-26,06:48,199000,golfpang,,,18홀,tr_220516820
라싸,2026-09-26,06:48,199000,golfpang,,,18홀,tr_220516819
라싸,2026-09-26,06:48,199000,golfpang,,,18홀,tr_220517240
파주타이거,2026-09-26,06:07,170000,golfpang,,,18홀,tr_220518144
포천힐스,2026-09-26,06:07,200000,golfpang,,,18홀,tr_220517697
포천힐스,2026-09-26,06:07,200000,golfpang,,,18홀,tr_220517776
푸른솔포천,2026-09-26,06:07,200000,golfpang,,,18홀,tr_220517589
파주타이거,2026-09-26,06:14,170000,golfpang,,,18홀,tr_220518178
파주타이거,2026-09-26,06:14,170000,golfpang,,,18홀,tr_220517954
스프링베일-퍼9,2026-09-26,06:10,-1,golfpang,,,18홀,tr_220518391
파주,2026-09-26,06:10,220000,golfpang,,,18홀,tr_220516517
양주,2026-09-26,06:28,-1,golfpang,,,18홀,tr_220518215
라싸,2026-09-26,06:27,199000,golfpang,,,18홀,tr_220516817
라싸,2026-09-26,06:20,199000,golfpang,,,18홀,tr_220517238
라싸,2026-09-26,06:20,199000,golfpang,,,18홀,tr_220517237
라싸,2026-09-26,18:00,169000,golfpang,,,18홀,tr_220517241
포천힐스,2026-09-26,18:25,150000,golfpang,,,18홀,tr_220517734
베스트밸리-퍼9,2026-09-26,18:23,120000,golfpang,,,18홀,tr_220517586
포천힐스,2026-09-26,18:18,150000,golfpang,,,18홀,tr_220517736
베스트밸리-퍼9,2026-09-26,18:16,120000,golfpang,,,18홀,tr_220517640
파주,2026-09-26,18:44,180000,golfpang,,,18홀,tr_220516167
파주,2026-09-26,18:37,180000,golfpang,,,18홀,tr_220516521
라싸,2026-09-26,18:35,169000,golfpang,,,18홀,tr_220516834
파주,2026-09-26,18:30,180000,golfpang,,,18홀,tr_220516188
베스트밸리-퍼9,2026-09-26,18:30,120000,golfpang,,,18홀,tr_220517641
라싸,2026-09-26,18:56,159000,golfpang,,,18홀,tr_220516836
파주,2026-09-26,18:51,180000,golfpang,,,18홀,tr_220516168
라싸,2026-09-26,17:32,179000,golfpang,,,18홀,tr_220516831
라싸,2026-09-26,17:25,179000,golfpang,,,18홀,tr_220516829
파주타이거,2026-09-26,17:53,190000,golfpang,,,18홀,tr_220517959
스프링베일-퍼9,2026-09-26,17:50,-1,golfpang,,,18홀,tr_220517987
베스트밸리-퍼9,2026-09-26,17:48,120000,golfpang,,,18홀,tr_220517585
라싸,2026-09-26,17:46,179000,golfpang,,,18홀,tr_220516832
파주타이거,2026-09-26,18:11,190000,golfpang,,,18홀,tr_220518176
베스트밸리-퍼9,2026-09-26,18:09,120000,golfpang,,,18홀,tr_220517639
양주,2026-09-26,13:27,-1,golfpang,,,18홀,tr_220518164
양주,2026-09-26,13:27,-1,golfpang,,,18홀,tr_220518217
양주,2026-09-26,13:41,-1,golfpang,,,18홀,tr_220518166
양주,2026-09-26,13:41,-1,golfpang,,,18홀,tr_220518218
포천힐스,2026-09-26,13:41,200000,golfpang,,,18홀,tr_220517735
스프링베일-퍼9,2026-09-26,13:39,-1,golfpang,,,18홀,tr_220518395
파주타이거,2026-09-26,13:36,190000,golfpang,,,18홀,tr_220518204
파주타이거,2026-09-26,13:50,190000,golfpang,,,18홀,tr_220518027
포천힐스,2026-09-26,13:48,200000,golfpang,,,18홀,tr_220517699
파주타이거,2026-09-26,13:43,190000,golfpang,,,18홀,tr_220518175
스마트KU,2026-09-26,14:03,220000,golfpang,,,18홀,tr_220517826
푸른솔포천,2026-09-26,14:02,200000,golfpang,,,18홀,tr_220517674
라싸,2026-09-26,13:56,199000,golfpang,,,18홀,tr_220516827
스마트KU,2026-09-26,13:56,220000,golfpang,,,18홀,tr_220517613
코브스윙,2026-09-26,14:23,-1,golfpang,,,18홀,tr_220518398
스프링베일-퍼9,2026-09-26,12:57,-1,golfpang,,,18홀,tr_220518393
파주타이거,2026-09-26,12:54,200000,golfpang,,,18홀,tr_220518173
푸른솔포천,2026-09-26,12:52,220000,golfpang,,,18홀,tr_220517623
파주타이거,2026-09-26,12:47,200000,golfpang,,,18홀,tr_220517957
코브스윙,2026-09-26,13:55,-1,golfpang,,,18홀,tr_220515491
코브스윙,2026-09-26,12:59,-1,golfpang,,,18홀,tr_220515488
양주,2026-09-26,12:59,-1,golfpang,,,18홀,tr_220515319
양주,2026-09-26,13:20,-1,golfpang,,,18홀,tr_220515320
스프링베일-퍼9,2026-09-26,08:16,-1,golfpang,,,18홀,tr_220515485
코브스윙,2026-09-26,08:44,-1,golfpang,,,18홀,tr_220515487
코브스윙,2026-09-26,07:48,-1,golfpang,,,18홀,tr_220515473
양주,2026-09-26,06:56,-1,golfpang,,,18홀,tr_220515318
스프링베일-퍼9,2026-09-26,07:06,-1,golfpang,,,18홀,tr_220515484
코브스윙,2026-09-26,07:13,-1,golfpang,,,18홀,tr_220515458
스프링베일-퍼9,2026-09-26,06:38,-1,golfpang,,,18홀,tr_220515483
양주,2026-09-26,06:42,-1,golfpang,,,18홀,tr_220515317
파주타이거,2026-09-26,18:05,190000,golfpang,,,18홀,tr_220515309
파주타이거,2026-09-26,13:29,200000,golfpang,,,18홀,tr_220515307
코브스윙,2026-09-26,13:41,-1,golfpang,,,18홀,tr_220515490
파주타이거,2026-09-26,13:43,190000,golfpang,,,18홀,tr_220515308
스프링베일-퍼9,2026-09-26,14:00,-1,golfpang,,,18홀,tr_220515486
라싸,2026-09-26,19:03,159000,golfpang,,,18홀,tr_220514376
라싸,2026-09-26,17:39,179000,golfpang,,,18홀,tr_220513999
라싸,2026-09-26,17:32,179000,golfpang,,,18홀,tr_220513998
포천힐스,2026-09-26,17:50,160000,golfpang,,,18홀,tr_220514852
라싸,2026-09-26,17:46,179000,golfpang,,,18홀,tr_220514000
파주타이거,2026-09-26,17:59,190000,golfpang,,,18홀,tr_220515275
라싸,2026-09-26,17:53,179000,golfpang,,,18홀,tr_220514370
파주,2026-09-26,18:09,180000,golfpang,,,18홀,tr_220513339
포천힐스,2026-09-26,13:41,200000,golfpang,,,18홀,tr_220514884
포천힐스,2026-09-26,13:48,200000,golfpang,,,18홀,tr_220514886
라싸,2026-09-26,14:03,189000,golfpang,,,18홀,tr_220514369
양주,2026-09-26,14:02,-1,golfpang,,,18홀,tr_220515263
라싸,2026-09-26,14:10,189000,golfpang,,,18홀,tr_220513997
스마트KU,2026-09-26,14:10,220000,golfpang,,,18홀,tr_220514731
푸른솔포천,2026-09-26,12:52,220000,golfpang,,,18홀,tr_220514791
파주,2026-09-26,13:02,260000,golfpang,,,18홀,tr_220513338
푸른솔포천,2026-09-26,13:13,210000,golfpang,,,18홀,tr_220514737
양주,2026-09-26,13:20,-1,golfpang,,,18홀,tr_220515261
파주,2026-09-26,11:52,260000,golfpang,,,18홀,tr_220513703
파주,2026-09-26,11:45,260000,golfpang,,,18홀,tr_220513335
베스트밸리-퍼9,2026-09-26,12:21,190000,golfpang,,,18홀,tr_220514747
파주,2026-09-26,12:20,260000,golfpang,,,18홀,tr_220513336
파주타이거,2026-09-26,12:26,210000,golfpang,,,18홀,tr_220515273
스마트KU,2026-09-26,12:25,220000,golfpang,,,18홀,tr_220514941
양주,2026-09-26,08:06,-1,golfpang,,,18홀,tr_220515258
라싸,2026-09-26,08:05,199000,golfpang,,,18홀,tr_220513996
파주타이거,2026-09-26,08:13,220000,golfpang,,,18홀,tr_220515128
오너스,2026-09-26,08:26,200000,golfpang,,,18홀,tr_220513598
양주,2026-09-26,08:41,-1,golfpang,,,18홀,tr_220515259
베스트밸리-퍼9,2026-09-26,11:25,190000,golfpang,,,18홀,tr_220514705
파주,2026-09-26,11:17,260000,golfpang,,,18홀,tr_220513334
파주타이거,2026-09-26,11:58,210000,golfpang,,,18홀,tr_220515272
포천힐스,2026-09-26,11:56,220000,golfpang,,,18홀,tr_220514816
파주타이거,2026-09-26,07:17,210000,golfpang,,,18홀,tr_220515270
양주,2026-09-26,07:24,-1,golfpang,,,18홀,tr_220515257
푸른솔포천,2026-09-26,07:31,230000,golfpang,,,18홀,tr_220514790
라싸,2026-09-26,07:37,199000,golfpang,,,18홀,tr_220514366
파주타이거,2026-09-26,07:45,210000,golfpang,,,18홀,tr_220515127
라싸,2026-09-26,07:44,199000,golfpang,,,18홀,tr_220514367
파주타이거,2026-09-26,07:59,220000,golfpang,,,18홀,tr_220515271
푸른솔포천,2026-09-26,07:59,230000,golfpang,,,18홀,tr_220514736
스프링베일-퍼9,2026-09-26,07:55,-1,golfpang,,,18홀,tr_220515096
파주타이거,2026-09-26,06:56,200000,golfpang,,,18홀,tr_220515277
라싸,2026-09-26,06:55,199000,golfpang,,,18홀,tr_220514363
포천힐스,2026-09-26,07:10,220000,golfpang,,,18홀,tr_220514916
라싸,2026-09-26,07:09,199000,golfpang,,,18홀,tr_220514364
라싸,2026-09-26,07:09,199000,golfpang,,,18홀,tr_220513995
파주,2026-09-26,07:06,260000,golfpang,,,18홀,tr_220513702
라싸,2026-09-26,07:16,199000,golfpang,,,18홀,tr_220514365
스마트KU,2026-09-26,07:12,220000,golfpang,,,18홀,tr_220514940
파주타이거,2026-09-26,06:35,200000,golfpang,,,18홀,tr_220515276
베뉴지,2026-09-26,06:37,179000,golfpang,,,18홀,tr_220513866
파주타이거,2026-09-26,06:42,200000,golfpang,,,18홀,tr_220515126
스프링베일-퍼9,2026-09-26,06:45,-1,golfpang,,,18홀,tr_220515095
파주,2026-09-26,05:21,190000,golfpang,,,18홀,tr_220513332
포천힐스,2026-09-26,06:07,200000,golfpang,,,18홀,tr_220514885
파주타이거,2026-09-26,06:21,170000,golfpang,,,18홀,tr_220515125
양주,2026-09-26,06:21,-1,golfpang,,,18홀,tr_220515225
양주,2026-09-26,06:21,-1,golfpang,,,18홀,tr_220515224
양주,2026-09-26,06:28,-1,golfpang,,,18홀,tr_220515226
라싸,2026-09-26,06:27,199000,golfpang,,,18홀,tr_220513993
포천힐스,2026-09-26,06:21,200000,golfpang,,,18홀,tr_220514815
파주타이거,2026-09-26,06:21,170000,golfpang,,,18홀,tr_220515267
파주,2026-09-26,06:31,240000,golfpang,,,18홀,tr_220513701
라싸,2026-09-26,18:07,169000,golfpang,,,18홀,tr_220514001
포천힐스,2026-09-26,18:18,150000,golfpang,,,18홀,tr_220514887
포천힐스,2026-09-26,18:11,150000,golfpang,,,18홀,tr_220514850
파주,2026-09-26,18:23,180000,golfpang,,,18홀,tr_220513340
라싸,2026-09-26,18:21,169000,golfpang,,,18홀,tr_220514372
라싸,2026-09-26,18:21,169000,golfpang,,,18홀,tr_220514003
라싸,2026-09-26,18:35,169000,golfpang,,,18홀,tr_220514373
포천힐스,2026-09-26,18:32,150000,golfpang,,,18홀,tr_220514888
라싸,2026-09-26,18:28,169000,golfpang,,,18홀,tr_220514004
라싸,2026-09-26,18:56,159000,golfpang,,,18홀,tr_220514375
라싸,2026-09-26,18:49,169000,golfpang,,,18홀,tr_220514374
라싸,2026-09-26,18:49,169000,golfpang,,,18홀,tr_220514005
더크로스비,2026-09-26,07:31,197000,golfpang,,,18홀,tr_220513257
더크로스비,2026-09-26,12:27,217000,golfpang,,,18홀,tr_220513258
더크로스비,2026-09-26,06:42,187000,golfpang,,,18홀,tr_220513256
속리산cc,2026-09-26,12:48,120000,golfpang,,,18홀,tr_220512957
속리산cc,2026-09-26,13:16,120000,golfpang,,,18홀,tr_220512958
속리산cc,2026-09-26,06:38,120000,golfpang,,,18홀,tr_220512956
킹스데일,2026-09-26,06:51,150000,golfpang,,,18홀,tr_220324788
킹스데일,2026-09-26,08:43,160000,golfpang,,,18홀,tr_220324789
골프존 화랑,2026-09-26,06:55,125000,golfpang,,,18홀,tr_220342589
골프존 화랑,2026-09-26,11:56,155000,golfpang,,,18홀,tr_220342591
골프존 화랑,2026-09-26,07:37,135000,golfpang,,,18홀,tr_220342590
포천힐스,2026-09-26,12:03,190000,golfpang,,,18홀,tr_220512906
포천힐스,2026-09-26,07:45,200000,golfpang,,,18홀,tr_220512905
포천힐스,2026-09-26,06:28,190000,golfpang,,,18홀,tr_220512904
용인(비공개),2026-09-26,06:46,179000,golfpang,,,18홀,tr_220393922
이글몬트,2026-09-26,07:23,180000,golfpang,,,18홀,tr_220328403
이글몬트,2026-09-26,07:03,180000,golfpang,,,18홀,tr_220328402
용인(비공개),2026-09-26,17:07,150000,golfpang,,,18홀,tr_220393923
아세코밸리-퍼9,2026-09-26,16:42,120000,golfpang,,,18홀,tr_220469468
아세코밸리-퍼9,2026-09-26,06:33,140000,golfpang,,,18홀,tr_220469466
여주,2026-09-26,13:04,190000,golfpang,,,18홀,tr_220105773
안성(비공개),2026-09-26,08:08,160000,golfpang,,,18홀,tr_220145655
안성(비공개),2026-09-26,08:36,160000,golfpang,,,18홀,tr_220145656
아세코밸리-퍼9,2026-09-26,11:27,140000,golfpang,,,18홀,tr_220469467
여주,2026-09-26,07:40,200000,golfpang,,,18홀,tr_220105772
신라,2026-09-26,06:15,160000,golfpang,,,18홀,tr_220476684
신라,2026-09-26,06:50,170000,golfpang,,,18홀,tr_220476685
신라,2026-09-26,13:44,180000,golfpang,,,18홀,tr_220476686
골프존 안성H,2026-09-26,06:30,180000,golfpang,,,18홀,tr_220346055
골프존 안성H,2026-09-26,13:31,180000,golfpang,,,18홀,tr_220346056
골프존 안성H,2026-09-26,07:05,180000,golfpang,,,18홀,tr_220346054
비콘힐스,2026-09-26,12:43,120000,golfpang,,,18홀,tr_220504875
비콘힐스,2026-09-26,06:32,110000,golfpang,,,18홀,tr_220504874
비콘힐스,2026-09-26,18:12,90000,golfpang,,,18홀,tr_220504876
올데이,2026-09-26,17:33,69000,golfpang,,,18홀,tr_220504615
올데이,2026-09-26,12:13,109000,golfpang,,,18홀,tr_220504614
올데이,2026-09-26,07:14,89000,golfpang,,,18홀,tr_220504613
포레스트힐,2026-09-26,08:36,200000,golfpang,,,18홀,tr_220504481
포레스트힐,2026-09-26,18:52,150000,golfpang,,,18홀,tr_220504482
포레스트힐,2026-09-26,07:26,190000,golfpang,,,18홀,tr_220504480
젠스필드,2026-09-26,06:55,150000,golfpang,,,18홀,tr_219446733
신안(오렌지),2026-09-26,06:42,100000,golfpang,,,18홀,tr_219565227
젠스필드,2026-09-26,13:39,140000,golfpang,,,18홀,tr_219446735
빅토리아-퍼9,2026-09-26,13:06,119000,golfpang,,,18홀,tr_220002675
코스카,2026-09-26,13:02,150000,golfpang,,,18홀,tr_218908484
올데이,2026-09-26,12:20,89000,golfpang,,,18홀,tr_219545464
크리스밸리,2026-09-26,12:20,170000,golfpang,,,18홀,tr_218838542
코스카,2026-09-26,12:06,160000,golfpang,,,18홀,tr_218908473
크리스밸리,2026-09-26,07:26,180000,golfpang,,,18홀,tr_218815106
신안(오렌지),2026-09-26,07:45,110000,golfpang,,,18홀,tr_219565224
샤인데일,2026-09-26,13:23,130000,golfpang,,,18홀,tr_219783495
비에이비스타,2026-09-26,07:31,160000,golfpang,,,18홀,tr_218838355
비에이비스타(퍼),2026-09-26,07:59,130000,golfpang,,,18홀,tr_219564540
양평TPC,2026-09-26,12:05,170000,golfpang,,,18홀,tr_220420831
마론뉴데이,2026-09-26,12:20,155000,golfpang,,,18홀,tr_218795806
빅토리아-퍼9,2026-09-26,12:17,124000,golfpang,,,18홀,tr_220214842
비에이비스타,2026-09-26,12:22,160000,golfpang,,,18홀,tr_218838477
비에이비스타(퍼),2026-09-26,12:22,130000,golfpang,,,18홀,tr_219564545
백제,2026-09-26,12:30,150000,golfpang,,,18홀,tr_218795927
신안(오렌지),2026-09-26,12:39,110000,golfpang,,,18홀,tr_220215016
마론뉴데이,2026-09-26,06:42,155000,golfpang,,,18홀,tr_218795753
샤인데일,2026-09-26,06:41,130000,golfpang,,,18홀,tr_219783492
빅토리아-퍼9,2026-09-26,06:49,119000,golfpang,,,18홀,tr_220214839
백제,2026-09-26,07:29,150000,golfpang,,,18홀,tr_218795879
포천힐스,2026-09-26,07:10,200000,golfpang,,,18홀,tr_220127981
푸른솔포천,2026-09-26,13:48,200000,golfpang,,,18홀,tr_220504276
푸른솔포천,2026-09-26,06:21,200000,golfpang,,,18홀,tr_220504275
파주타이거,2026-09-26,17:47,190000,golfpang,,,18홀,tr_220504036
파주타이거,2026-09-26,06:56,200000,golfpang,,,18홀,tr_220504034
파주타이거,2026-09-26,13:36,190000,golfpang,,,18홀,tr_220504035
남춘천,2026-09-26,06:46,160000,golfpang,,,18홀,tr_220401774
파주,2026-09-26,11:03,260000,golfpang,,,18홀,tr_220503865
파주,2026-09-26,05:21,190000,golfpang,,,18홀,tr_220503864
파주,2026-09-26,17:41,180000,golfpang,,,18홀,tr_220503866
킹스데일,2026-09-26,14:06,140000,golfpang,,,18홀,tr_220503633
킹스데일,2026-09-26,06:37,140000,golfpang,,,18홀,tr_220503632
대영베이스,2026-09-26,12:52,129000,golfpang,,,18홀,tr_220503554
대영베이스,2026-09-26,16:57,99000,golfpang,,,18홀,tr_220503555
대영베이스,2026-09-26,08:13,135000,golfpang,,,18홀,tr_220503553
용인(비공개),2026-09-26,07:44,270000,golfpang,,,18홀,tr_220401604
벨라스톤,2026-09-26,17:31,109000,golfpang,,,18홀,tr_220503432
벨라스톤,2026-09-26,13:21,149000,golfpang,,,18홀,tr_220503431
벨라스톤,2026-09-26,06:56,149000,golfpang,,,18홀,tr_220503430
세현,2026-09-26,13:30,210000,golfpang,,,18홀,tr_220503397
세현,2026-09-26,19:05,160000,golfpang,,,18홀,tr_220503399
세현,2026-09-26,13:51,210000,golfpang,,,18홀,tr_220503398
감곡,2026-09-26,07:12,130000,golfpang,,,18홀,tr_220503288
감곡,2026-09-26,07:12,130000,golfpang,,,18홀,tr_220503287
용인(비공개),2026-09-26,13:32,270000,golfpang,,,18홀,tr_220401600
클럽72-오션,2026-09-26,13:34,250000,golfpang,,,18홀,tr_220503228
클럽72-오션,2026-09-26,06:36,250000,golfpang,,,18홀,tr_220503229
클럽72,2026-09-26,08:13,210000,golfpang,,,18홀,tr_219011579
클럽72,2026-09-26,11:34,220000,golfpang,,,18홀,tr_219011531
오로라,2026-09-26,12:11,160000,golfpang,,,18홀,tr_220307456
오로라,2026-09-26,18:06,100000,golfpang,,,18홀,tr_220307457
오로라,2026-09-26,08:08,160000,golfpang,,,18홀,tr_220307455
플라밍고,2026-09-26,17:14,100000,golfpang,,,18홀,tr_220106309
플라밍고,2026-09-26,06:34,130000,golfpang,,,18홀,tr_220106307
플라밍고,2026-09-26,13:18,130000,golfpang,,,18홀,tr_220106308
스타,2026-09-26,12:48,150000,golfpang,,,18홀,tr_220347005
스타,2026-09-26,13:37,140000,golfpang,,,18홀,tr_220347006
센테리움,2026-09-26,06:46,129000,golfpang,,,18홀,tr_220328544
센테리움,2026-09-26,07:56,139000,golfpang,,,18홀,tr_220328545
에스앤-퍼9,2026-09-26,06:56,100000,golfpang,,,18홀,tr_219810764
에스앤-퍼9,2026-09-26,07:45,120000,golfpang,,,18홀,tr_219810765
스타,2026-09-26,06:30,140000,golfpang,,,18홀,tr_220347004
에스앤-퍼9,2026-09-26,06:28,100000,golfpang,,,18홀,tr_219810763
보령베이스-퍼9,2026-09-26,18:12,69000,golfpang,,,18홀,tr_219795328
보령베이스-퍼9,2026-09-26,06:43,99000,golfpang,,,18홀,tr_219795327
보령베이스-퍼9,2026-09-26,05:54,79000,golfpang,,,18홀,tr_219795326
골든베이,2026-09-26,11:46,150000,golfpang,,,18홀,tr_219112537
골든베이,2026-09-26,08:01,150000,golfpang,,,18홀,tr_219112536
클럽72,2026-09-26,19:07,130000,golfpang,,,18홀,tr_220503039
클럽72,2026-09-26,13:26,210000,golfpang,,,18홀,tr_220503038
클럽72,2026-09-26,06:07,190000,golfpang,,,18홀,tr_220503037
리베라,2026-09-26,18:17,160000,golfpang,,,18홀,tr_220502880
크리스밸리,2026-09-26,06:58,170000,golfpang,,,18홀,tr_220502832
크리스밸리,2026-09-26,12:27,170000,golfpang,,,18홀,tr_220502833
코스카,2026-09-26,06:57,150000,golfpang,,,18홀,tr_220502679
코스카,2026-09-26,12:34,160000,golfpang,,,18홀,tr_220502680
양평TPC,2026-09-26,12:05,170000,golfpang,,,18홀,tr_220502614
양평TPC,2026-09-26,06:40,160000,golfpang,,,18홀,tr_220502613
유니아일랜드,2026-09-26,15:59,170000,golfpang,,,18홀,tr_220502583
유니아일랜드,2026-09-26,06:39,200000,golfpang,,,18홀,tr_220502582
유니아일랜드,2026-09-26,16:20,160000,golfpang,,,18홀,tr_220502584
스타,2026-09-26,12:41,150000,golfpang,,,18홀,tr_220502482
스타,2026-09-26,07:19,150000,golfpang,,,18홀,tr_220502481
스타,2026-09-26,17:42,100000,golfpang,,,18홀,tr_220502483
클럽72,2026-09-26,19:35,130000,golfpang,,,18홀,tr_220501894
그린힐,2026-09-26,19:06,100000,golfpang,,,18홀,tr_220501390
그린힐,2026-09-26,19:06,100000,golfpang,,,18홀,tr_220501276
리베라,2026-09-26,18:59,140000,golfpang,,,18홀,tr_220500770
리베라,2026-09-26,18:59,140000,golfpang,,,18홀,tr_220500776
빅토리아-퍼9,2026-09-26,18:48,-1,golfpang,,,18홀,tr_220502265
리베라,2026-09-26,18:38,140000,golfpang,,,18홀,tr_220500769
리베라,2026-09-26,18:38,140000,golfpang,,,18홀,tr_220502156
리베라,2026-09-26,18:31,150000,golfpang,,,18홀,tr_220502159
리베라,2026-09-26,18:24,150000,golfpang,,,18홀,tr_220500774
빅토리아-퍼9,2026-09-26,18:20,-1,golfpang,,,18홀,tr_220501936
리베라,2026-09-26,18:17,150000,golfpang,,,18홀,tr_220502158
빅토리아-퍼9,2026-09-26,17:45,-1,golfpang,,,18홀,tr_220502264
빅토리아-퍼9,2026-09-26,17:38,-1,golfpang,,,18홀,tr_220501935
유니아일랜드,2026-09-26,16:55,160000,golfpang,,,18홀,tr_220500519
유니아일랜드,2026-09-26,16:48,160000,golfpang,,,18홀,tr_220500177
유니아일랜드,2026-09-26,16:27,160000,golfpang,,,18홀,tr_220500176
유니아일랜드,2026-09-26,16:20,160000,golfpang,,,18홀,tr_220500175
리베라,2026-09-26,14:24,220000,golfpang,,,18홀,tr_220500773
신라,2026-09-26,14:19,180000,golfpang,,,18홀,tr_220499909
신라,2026-09-26,14:19,180000,golfpang,,,18홀,tr_220500285
리베라,2026-09-26,14:17,220000,golfpang,,,18홀,tr_220502157
그린힐,2026-09-26,14:10,150000,golfpang,,,18홀,tr_220501389
세현,2026-09-26,14:05,200000,golfpang,,,18홀,tr_220500743
신라,2026-09-26,14:05,180000,golfpang,,,18홀,tr_220499908
신라,2026-09-26,14:05,180000,golfpang,,,18홀,tr_220500284
클럽72,2026-09-26,14:01,210000,golfpang,,,18홀,tr_220501893
파인크리크,2026-09-26,13:59,220000,golfpang,,,18홀,tr_220501560
양지파인,2026-09-26,13:59,150000,golfpang,,,18홀,tr_220500862
여주,2026-09-26,13:53,220000,golfpang,,,18홀,tr_220501241
신라,2026-09-26,13:51,180000,golfpang,,,18홀,tr_220499907
신라,2026-09-26,13:51,180000,golfpang,,,18홀,tr_220500283
리베라,2026-09-26,13:49,220000,golfpang,,,18홀,tr_220500772
여주,2026-09-26,13:46,220000,golfpang,,,18홀,tr_220501640
클럽72,2026-09-26,13:40,210000,golfpang,,,18홀,tr_220501892
써닝포인트,2026-09-26,13:33,175000,golfpang,,,18홀,tr_220501683
여주,2026-09-26,13:32,220000,golfpang,,,18홀,tr_220501240
클럽72,2026-09-26,13:26,210000,golfpang,,,18홀,tr_220501890
여주,2026-09-26,13:25,220000,golfpang,,,18홀,tr_220501639
신라,2026-09-26,13:23,190000,golfpang,,,18홀,tr_220499906
신라,2026-09-26,13:23,190000,golfpang,,,18홀,tr_220500282
써닝포인트,2026-09-26,13:19,175000,golfpang,,,18홀,tr_220501682
그린힐,2026-09-26,13:14,160000,golfpang,,,18홀,tr_220501386
여주,2026-09-26,13:11,220000,golfpang,,,18홀,tr_220501238
양지파인,2026-09-26,12:59,160000,golfpang,,,18홀,tr_220500861
양지파인,2026-09-26,12:51,160000,golfpang,,,18홀,tr_220500856
젠스필드,2026-09-26,12:50,160000,golfpang,,,18홀,tr_220500413
360도,2026-09-26,12:45,190000,golfpang,,,18홀,tr_220501612
양지파인,2026-09-26,12:44,160000,golfpang,,,18홀,tr_220501715
양지파인,2026-09-26,12:36,160000,golfpang,,,18홀,tr_220500860
클럽72,2026-09-26,12:30,220000,golfpang,,,18홀,tr_220501943
젠스필드,2026-09-26,12:29,170000,golfpang,,,18홀,tr_220500092
클럽72,2026-09-26,12:23,220000,golfpang,,,18홀,tr_220501859
젠스필드,2026-09-26,12:15,170000,golfpang,,,18홀,tr_220500091
신라,2026-09-26,12:13,190000,golfpang,,,18홀,tr_220499904
젠스필드,2026-09-26,12:08,170000,golfpang,,,18홀,tr_220500090
젠스필드,2026-09-26,12:01,170000,golfpang,,,18홀,tr_220500089
양지파인,2026-09-26,11:59,170000,golfpang,,,18홀,tr_220502327
써닝포인트,2026-09-26,11:55,205000,golfpang,,,18홀,tr_220501681
젠스필드,2026-09-26,11:54,170000,golfpang,,,18홀,tr_220500412
양지파인,2026-09-26,11:51,170000,golfpang,,,18홀,tr_220500859
양지파인,2026-09-26,11:51,170000,golfpang,,,18홀,tr_220502329
클럽72,2026-09-26,11:34,220000,golfpang,,,18홀,tr_220501858
클럽72,2026-09-26,11:27,220000,golfpang,,,18홀,tr_220501916
써닝포인트,2026-09-26,11:27,205000,golfpang,,,18홀,tr_220501248
써닝포인트,2026-09-26,11:20,205000,golfpang,,,18홀,tr_220501680
레인보우힐스,2026-09-26,10:20,255000,golfpang,,,18홀,tr_220501057
유니아일랜드,2026-09-26,10:15,220000,golfpang,,,18홀,tr_220500171
신라,2026-09-26,08:35,210000,golfpang,,,18홀,tr_220499902
클럽72,2026-09-26,08:13,210000,golfpang,,,18홀,tr_220501857
양지파인,2026-09-26,08:07,170000,golfpang,,,18홀,tr_220500854
신라,2026-09-26,08:07,200000,golfpang,,,18홀,tr_220499927
클럽72,2026-09-26,08:00,290000,golfpang,,,18홀,tr_220501915
레인보우힐스,2026-09-26,07:48,255000,golfpang,,,18홀,tr_220501056
여주,2026-09-26,07:47,240000,golfpang,,,18홀,tr_220501450
여주,2026-09-26,07:47,240000,golfpang,,,18홀,tr_220501637
여주,2026-09-26,07:40,240000,golfpang,,,18홀,tr_220501449
젠스필드,2026-09-26,07:37,160000,golfpang,,,18홀,tr_220500411
여주,2026-09-26,07:19,240000,golfpang,,,18홀,tr_220501636
신라,2026-09-26,07:18,180000,golfpang,,,18홀,tr_220499926
젠스필드,2026-09-26,07:16,160000,golfpang,,,18홀,tr_220500410
양지파인,2026-09-26,07:14,160000,golfpang,,,18홀,tr_220500853
솔모로,2026-09-26,07:12,200000,golfpang,,,18홀,tr_220500700
젠스필드,2026-09-26,07:09,160000,golfpang,,,18홀,tr_220500409
양지파인,2026-09-26,07:07,160000,golfpang,,,18홀,tr_220500857
솔모로,2026-09-26,07:05,200000,golfpang,,,18홀,tr_220500703
신라,2026-09-26,07:04,180000,golfpang,,,18홀,tr_220499924
써닝포인트,2026-09-26,07:03,185000,golfpang,,,18홀,tr_220501246
그린힐,2026-09-26,07:03,150000,golfpang,,,18홀,tr_220501237
양지파인,2026-09-26,06:59,170000,golfpang,,,18홀,tr_220502328
여주,2026-09-26,06:58,240000,golfpang,,,18홀,tr_220501448
여주,2026-09-26,07:54,200000,golfpang,,,18홀,tr_220499791
여주,2026-09-26,13:04,190000,golfpang,,,18홀,tr_220499792
양지파인,2026-09-26,13:59,150000,golfpang,,,18홀,tr_220499711
양지파인,2026-09-26,06:14,150000,golfpang,,,18홀,tr_220499710
양지파인,2026-09-26,12:21,160000,golfpang,,,18홀,tr_220499689
양지파인,2026-09-26,07:59,160000,golfpang,,,18홀,tr_220499688
골드,2026-09-26,17:05,149000,golfpang,,,18홀,tr_219558531
코리아,2026-09-26,06:35,239000,golfpang,,,18홀,tr_219990467
골드,2026-09-26,06:21,229000,golfpang,,,18홀,tr_219990468
코리아,2026-09-26,17:12,159000,golfpang,,,18홀,tr_219558532
골드,2026-09-26,11:29,229000,golfpang,,,18홀,tr_219990464
빅토리아-퍼9,2026-09-26,06:21,-1,golfpang,,,18홀,tr_220499482
빅토리아-퍼9,2026-09-26,08:13,-1,golfpang,,,18홀,tr_220499169
양지파인,2026-09-26,11:29,170000,golfpang,,,18홀,tr_220499541
클럽72,2026-09-26,12:51,220000,golfpang,,,18홀,tr_220499175
빅토리아-퍼9,2026-09-26,13:34,-1,golfpang,,,18홀,tr_220499483
빅토리아-퍼9,2026-09-26,18:41,-1,golfpang,,,18홀,tr_220499485
리베라,2026-09-26,19:06,140000,golfpang,,,18홀,tr_220499389
빅토리아-퍼9,2026-09-26,19:02,-1,golfpang,,,18홀,tr_220499486
리베라,2026-09-26,18:52,140000,golfpang,,,18홀,tr_220499388
젠스필드,2026-09-26,08:12,180000,golfpang,,,18홀,tr_220497705
신라,2026-09-26,08:07,200000,golfpang,,,18홀,tr_220497584
써닝포인트,2026-09-26,08:06,205000,golfpang,,,18홀,tr_220498485
젠스필드,2026-09-26,08:05,180000,golfpang,,,18홀,tr_220497413
젠스필드,2026-09-26,08:26,180000,golfpang,,,18홀,tr_220497415
양지파인,2026-09-26,08:22,170000,golfpang,,,18홀,tr_220498145
양지파인,2026-09-26,08:22,170000,golfpang,,,18홀,tr_220498142
신라,2026-09-26,08:21,210000,golfpang,,,18홀,tr_220497175
360도,2026-09-26,08:15,197000,golfpang,,,18홀,tr_220498895
신라,2026-09-26,08:14,200000,golfpang,,,18홀,tr_220497174
클럽72,2026-09-26,08:13,210000,golfpang,,,18홀,tr_220499137
써닝포인트,2026-09-26,08:13,205000,golfpang,,,18홀,tr_220498486
레인보우힐스,2026-09-26,10:04,255000,golfpang,,,18홀,tr_220497960
레인보우힐스,2026-09-26,08:52,255000,golfpang,,,18홀,tr_220497959
신라,2026-09-26,08:42,210000,golfpang,,,18홀,tr_220497178
신라,2026-09-26,08:42,210000,golfpang,,,18홀,tr_220497177
젠스필드,2026-09-26,08:40,180000,golfpang,,,18홀,tr_220497417
레인보우힐스,2026-09-26,08:36,255000,golfpang,,,18홀,tr_220497958
솔모로,2026-09-26,08:36,200000,golfpang,,,18홀,tr_220497985
신라,2026-09-26,08:35,210000,golfpang,,,18홀,tr_220497176
젠스필드,2026-09-26,08:33,180000,golfpang,,,18홀,tr_220497416
젠스필드,2026-09-26,08:33,180000,golfpang,,,18홀,tr_220497706
유니아일랜드,2026-09-26,11:46,210000,golfpang,,,18홀,tr_220497809
360도,2026-09-26,11:45,190000,golfpang,,,18홀,tr_220498831
클럽72,2026-09-26,11:41,220000,golfpang,,,18홀,tr_220499079
양지파인,2026-09-26,11:36,170000,golfpang,,,18홀,tr_220498961
젠스필드,2026-09-26,11:54,170000,golfpang,,,18홀,tr_220497418
신라,2026-09-26,06:15,160000,golfpang,,,18홀,tr_220497205
그린힐,2026-09-26,06:14,150000,golfpang,,,18홀,tr_220498451
양지파인,2026-09-26,06:14,150000,golfpang,,,18홀,tr_220498140
젠스필드,2026-09-26,06:27,150000,golfpang,,,18홀,tr_220497409
솔모로,2026-09-26,06:37,200000,golfpang,,,18홀,tr_220497986
솔모로,2026-09-26,06:37,200000,golfpang,,,18홀,tr_220498300
솔모로,2026-09-26,06:37,200000,golfpang,,,18홀,tr_220498298
신라,2026-09-26,06:36,170000,golfpang,,,18홀,tr_220497206
여주,2026-09-26,06:44,240000,golfpang,,,18홀,tr_220498867
솔모로,2026-09-26,06:44,200000,golfpang,,,18홀,tr_220497989
젠스필드,2026-09-26,06:41,150000,golfpang,,,18홀,tr_220497410
신라,2026-09-26,06:50,170000,golfpang,,,18홀,tr_220497580
마론뉴데이,2026-09-26,06:48,250000,golfpang,,,18홀,tr_220498181
클럽72,2026-09-26,07:11,270000,golfpang,,,18홀,tr_220499136
양지파인,2026-09-26,07:07,160000,golfpang,,,18홀,tr_220498141
솔모로,2026-09-26,07:05,200000,golfpang,,,18홀,tr_220497988
신라,2026-09-26,07:04,180000,golfpang,,,18홀,tr_220497581
신라,2026-09-26,07:04,180000,golfpang,,,18홀,tr_220497207
클럽72,2026-09-26,07:03,200000,golfpang,,,18홀,tr_220499078
써닝포인트,2026-09-26,07:03,185000,golfpang,,,18홀,tr_220498901
솔모로,2026-09-26,07:19,200000,golfpang,,,18홀,tr_220497984
솔모로,2026-09-26,07:19,200000,golfpang,,,18홀,tr_220498299
그린힐,2026-09-26,07:17,150000,golfpang,,,18홀,tr_220498516
써닝포인트,2026-09-26,07:17,185000,golfpang,,,18홀,tr_220498903
파인크리크,2026-09-26,07:16,270000,golfpang,,,18홀,tr_220498562
양지파인,2026-09-26,07:14,160000,golfpang,,,18홀,tr_220498960
양지파인,2026-09-26,07:22,160000,golfpang,,,18홀,tr_220498143
솔모로,2026-09-26,07:40,200000,golfpang,,,18홀,tr_220497990
레인보우힐스,2026-09-26,07:40,255000,golfpang,,,18홀,tr_220498318
아세코밸리-퍼9,2026-09-26,06:12,140000,golfpang,,,18홀,tr_220498626
유니아일랜드,2026-09-26,06:11,190000,golfpang,,,18홀,tr_220497486
써닝포인트,2026-09-26,06:07,165000,golfpang,,,18홀,tr_220498900
아세코밸리-퍼9,2026-09-26,06:05,140000,golfpang,,,18홀,tr_220498606
아세코밸리-퍼9,2026-09-26,05:58,140000,golfpang,,,18홀,tr_220498605
유니아일랜드,2026-09-26,05:57,180000,golfpang,,,18홀,tr_220497485
클럽72,2026-09-26,05:53,200000,golfpang,,,18홀,tr_220499077
아세코밸리-퍼9,2026-09-26,05:44,140000,golfpang,,,18홀,tr_220498604
세현,2026-09-26,13:58,200000,golfpang,,,18홀,tr_220498048
세현,2026-09-26,13:51,200000,golfpang,,,18홀,tr_220498051
유니아일랜드,2026-09-26,16:41,160000,golfpang,,,18홀,tr_220497808
마론뉴데이,2026-09-26,14:31,250000,golfpang,,,18홀,tr_220498183
신라,2026-09-26,14:19,180000,golfpang,,,18홀,tr_220497589
신라,2026-09-26,14:12,180000,golfpang,,,18홀,tr_220497588
아세코밸리-퍼9,2026-09-26,17:24,120000,golfpang,,,18홀,tr_220498664
클럽72,2026-09-26,17:36,150000,golfpang,,,18홀,tr_220499113
리베라,2026-09-26,18:24,150000,golfpang,,,18홀,tr_220498073
그린힐,2026-09-26,18:52,100000,golfpang,,,18홀,tr_220498616
그린힐,2026-09-26,18:45,100000,golfpang,,,18홀,tr_220498515
그린힐,2026-09-26,18:24,100000,golfpang,,,18홀,tr_220498518
세현,2026-09-26,19:33,160000,golfpang,,,18홀,tr_220498050
세현,2026-09-26,19:26,160000,golfpang,,,18홀,tr_220498282
클럽72,2026-09-26,19:07,130000,golfpang,,,18홀,tr_220499115
리베라,2026-09-26,19:06,140000,golfpang,,,18홀,tr_220498075
양지파인,2026-09-26,11:51,170000,golfpang,,,18홀,tr_220498139
젠스필드,2026-09-26,12:15,170000,golfpang,,,18홀,tr_220497419
유니아일랜드,2026-09-26,12:07,210000,golfpang,,,18홀,tr_220497487
그린힐,2026-09-26,12:46,160000,golfpang,,,18홀,tr_220498615
젠스필드,2026-09-26,12:43,160000,golfpang,,,18홀,tr_220497420
여주,2026-09-26,13:04,220000,golfpang,,,18홀,tr_220498480
양지파인,2026-09-26,12:59,160000,golfpang,,,18홀,tr_220498959
젠스필드,2026-09-26,12:57,160000,golfpang,,,18홀,tr_220497421
신라,2026-09-26,12:55,190000,golfpang,,,18홀,tr_220497585
신라,2026-09-26,13:16,190000,golfpang,,,18홀,tr_220497586
신라,2026-09-26,13:09,190000,golfpang,,,18홀,tr_220497179
써닝포인트,2026-09-26,13:26,175000,golfpang,,,18홀,tr_220498487
여주,2026-09-26,13:25,220000,golfpang,,,18홀,tr_220498872
360도,2026-09-26,13:37,170000,golfpang,,,18홀,tr_220498832
신라,2026-09-26,13:37,190000,golfpang,,,18홀,tr_220497180
클럽72,2026-09-26,13:34,250000,golfpang,,,18홀,tr_220499112
파인크리크,2026-09-26,13:31,220000,golfpang,,,18홀,tr_220498772
세현,2026-09-26,13:30,210000,golfpang,,,18홀,tr_220498047
신라,2026-09-26,13:44,180000,golfpang,,,18홀,tr_220497181
신라,2026-09-26,14:05,180000,golfpang,,,18홀,tr_220497182
여주,2026-09-26,07:33,240000,golfpang,,,18홀,tr_220498869
신라,2026-09-26,07:32,180000,golfpang,,,18홀,tr_220497582
여주,2026-09-26,07:54,240000,golfpang,,,18홀,tr_220498870
신라,2026-09-26,07:46,190000,golfpang,,,18홀,tr_220497208
젠스필드,2026-09-26,08:12,180000,golfpang,,,18홀,tr_220497414
아세코밸리-퍼9,2026-09-26,12:23,140000,golfpang,,,18홀,tr_220497158
아세코밸리-퍼9,2026-09-26,06:33,140000,golfpang,,,18홀,tr_220497157
아세코밸리-퍼9,2026-09-26,16:42,120000,golfpang,,,18홀,tr_220497159
서산수,2026-09-26,12:26,190000,golfpang,,,18홀,tr_220403009
스카이밸리,2026-09-26,06:20,180000,golfpang,,,18홀,tr_220497120
스카이밸리,2026-09-26,12:29,190000,golfpang,,,18홀,tr_220497121
서산수,2026-09-26,08:07,190000,golfpang,,,18홀,tr_220402976
아세코밸리-퍼9,2026-09-26,06:19,140000,golfpang,,,18홀,tr_220497079
아세코밸리-퍼9,2026-09-26,05:58,140000,golfpang,,,18홀,tr_220497078
세현,2026-09-26,19:05,160000,golfpang,,,18홀,tr_220497055
세현,2026-09-26,13:30,210000,golfpang,,,18홀,tr_220497054
아세코밸리-퍼9,2026-09-26,17:10,120000,golfpang,,,18홀,tr_220497080
골프존 안성H,2026-09-26,07:05,190000,golfpang,,,18홀,tr_220497021
골프존 안성H,2026-09-26,13:31,190000,golfpang,,,18홀,tr_220497023
골프존 안성H,2026-09-26,07:40,190000,golfpang,,,18홀,tr_220497022
세현,2026-09-26,13:44,200000,golfpang,,,18홀,tr_220496994
세현,2026-09-26,13:30,210000,golfpang,,,18홀,tr_220496993
세현,2026-09-26,14:05,200000,golfpang,,,18홀,tr_220496995
빅토리아-퍼9,2026-09-26,06:07,-1,golfpang,,,18홀,tr_220496674
빅토리아-퍼9,2026-09-26,17:17,-1,golfpang,,,18홀,tr_220496397
빅토리아-퍼9,2026-09-26,17:59,-1,golfpang,,,18홀,tr_220496677
빅토리아-퍼9,2026-09-26,17:52,-1,golfpang,,,18홀,tr_220496398
클럽72,2026-09-26,17:43,150000,golfpang,,,18홀,tr_220496406
리베라,2026-09-26,18:17,150000,golfpang,,,18홀,tr_220496584
빅토리아-퍼9,2026-09-26,18:13,-1,golfpang,,,18홀,tr_220496678
리베라,2026-09-26,18:52,140000,golfpang,,,18홀,tr_220496582
클럽72,2026-09-26,18:46,140000,golfpang,,,18홀,tr_220496408
클럽72,2026-09-26,18:25,140000,golfpang,,,18홀,tr_220496407
빅토리아-퍼9,2026-09-26,18:55,-1,golfpang,,,18홀,tr_220496399
양지파인,2026-09-26,12:36,160000,golfpang,,,18홀,tr_220496731
빅토리아-퍼9,2026-09-26,06:14,-1,golfpang,,,18홀,tr_220496396
빅토리아-퍼9,2026-09-26,17:31,-1,golfpang,,,18홀,tr_220496676
양지파인,2026-09-26,07:07,160000,golfpang,,,18홀,tr_220496729
신라,2026-09-26,13:58,180000,golfpang,,,18홀,tr_220494390
클럽72,2026-09-26,13:54,210000,golfpang,,,18홀,tr_220496351
여주,2026-09-26,13:53,220000,golfpang,,,18홀,tr_220496105
세현,2026-09-26,13:51,200000,golfpang,,,18홀,tr_220495271
유니아일랜드,2026-09-26,16:41,160000,golfpang,,,18홀,tr_220494699
유니아일랜드,2026-09-26,16:27,160000,golfpang,,,18홀,tr_220494695
유니아일랜드,2026-09-26,16:20,160000,golfpang,,,18홀,tr_220495018
유니아일랜드,2026-09-26,15:59,170000,golfpang,,,18홀,tr_220494697
신라,2026-09-26,14:12,180000,golfpang,,,18홀,tr_220494391
리베라,2026-09-26,14:10,220000,golfpang,,,18홀,tr_220495304
세현,2026-09-26,14:05,200000,golfpang,,,18홀,tr_220495273
아세코밸리-퍼9,2026-09-26,17:17,120000,golfpang,,,18홀,tr_220495883
아세코밸리-퍼9,2026-09-26,17:10,120000,golfpang,,,18홀,tr_220495882
아세코밸리-퍼9,2026-09-26,17:38,120000,golfpang,,,18홀,tr_220495884
클럽72,2026-09-26,17:36,170000,golfpang,,,18홀,tr_220496352
리베라,2026-09-26,18:45,140000,golfpang,,,18홀,tr_220495301
리베라,2026-09-26,18:45,140000,golfpang,,,18홀,tr_220495299
그린힐,2026-09-26,18:45,100000,golfpang,,,18홀,tr_220495794
리베라,2026-09-26,18:38,140000,golfpang,,,18홀,tr_220495302
그린힐,2026-09-26,18:38,100000,golfpang,,,18홀,tr_220495894
그린힐,2026-09-26,18:31,100000,golfpang,,,18홀,tr_220495792
그린힐,2026-09-26,18:31,100000,golfpang,,,18홀,tr_220495898
클럽72,2026-09-26,18:25,140000,golfpang,,,18홀,tr_220496354
리베라,2026-09-26,19:06,140000,golfpang,,,18홀,tr_220495303
그린힐,2026-09-26,18:59,100000,golfpang,,,18홀,tr_220495795
젠스필드,2026-09-26,12:22,170000,golfpang,,,18홀,tr_220494596
360도,2026-09-26,12:37,190000,golfpang,,,18홀,tr_220496143
클럽72,2026-09-26,12:37,220000,golfpang,,,18홀,tr_220496327
젠스필드,2026-09-26,12:50,160000,golfpang,,,18홀,tr_220494599
클럽72,2026-09-26,12:44,220000,golfpang,,,18홀,tr_220496328
여주,2026-09-26,12:57,220000,golfpang,,,18홀,tr_220496103
젠스필드,2026-09-26,12:57,160000,golfpang,,,18홀,tr_220494907
360도,2026-09-26,13:15,180000,golfpang,,,18홀,tr_220496144
여주,2026-09-26,13:11,220000,golfpang,,,18홀,tr_220496104
신라,2026-09-26,13:09,190000,golfpang,,,18홀,tr_220494388
그린힐,2026-09-26,13:28,160000,golfpang,,,18홀,tr_220495793
써닝포인트,2026-09-26,13:26,175000,golfpang,,,18홀,tr_220496156
클럽72,2026-09-26,13:20,270000,golfpang,,,18홀,tr_220496350
파인크리크,2026-09-26,13:38,220000,golfpang,,,18홀,tr_220496039
신라,2026-09-26,13:37,190000,golfpang,,,18홀,tr_220494389
세현,2026-09-26,13:44,200000,golfpang,,,18홀,tr_220495270
써닝포인트,2026-09-26,13:40,175000,golfpang,,,18홀,tr_220496157
양지파인,2026-09-26,13:59,150000,golfpang,,,18홀,tr_220495371
세현,2026-09-26,13:58,200000,golfpang,,,18홀,tr_220495531
신라,2026-09-26,07:39,190000,golfpang,,,18홀,tr_220494421
클럽72,2026-09-26,07:38,200000,golfpang,,,18홀,tr_220496322
써닝포인트,2026-09-26,07:31,195000,golfpang,,,18홀,tr_220496153
레인보우힐스,2026-09-26,07:48,255000,golfpang,,,18홀,tr_220495188
솔모로,2026-09-26,07:47,200000,golfpang,,,18홀,tr_220495217
써닝포인트,2026-09-26,07:45,195000,golfpang,,,18홀,tr_220496154
클럽72,2026-09-26,08:06,210000,golfpang,,,18홀,tr_220496323
젠스필드,2026-09-26,08:05,180000,golfpang,,,18홀,tr_220494593
신라,2026-09-26,08:00,200000,golfpang,,,18홀,tr_220494422
양지파인,2026-09-26,08:29,170000,golfpang,,,18홀,tr_220496195
360도,2026-09-26,08:22,197000,golfpang,,,18홀,tr_220496142
젠스필드,2026-09-26,08:19,180000,golfpang,,,18홀,tr_220494594
젠스필드,2026-09-26,08:19,180000,golfpang,,,18홀,tr_220494904
양지파인,2026-09-26,08:14,170000,golfpang,,,18홀,tr_220495367
써닝포인트,2026-09-26,08:13,205000,golfpang,,,18홀,tr_220496155
레인보우힐스,2026-09-26,10:12,255000,golfpang,,,18홀,tr_220495189
레인보우힐스,2026-09-26,09:40,255000,golfpang,,,18홀,tr_220495564
클럽72,2026-09-26,08:35,290000,golfpang,,,18홀,tr_220496325
양지파인,2026-09-26,11:44,170000,golfpang,,,18홀,tr_220495369
양지파인,2026-09-26,11:36,170000,golfpang,,,18홀,tr_220495368
양지파인,2026-09-26,11:29,170000,golfpang,,,18홀,tr_220495372
클럽72,2026-09-26,12:02,220000,golfpang,,,18홀,tr_220496326
양지파인,2026-09-26,11:59,170000,golfpang,,,18홀,tr_220495370
양지파인,2026-09-26,06:14,150000,golfpang,,,18홀,tr_220496194
유니아일랜드,2026-09-26,06:32,200000,golfpang,,,18홀,tr_220495019
여주,2026-09-26,06:37,240000,golfpang,,,18홀,tr_220496102
솔모로,2026-09-26,06:37,200000,golfpang,,,18홀,tr_220495544
신라,2026-09-26,06:36,170000,golfpang,,,18홀,tr_220494417
리베라,2026-09-26,06:35,220000,golfpang,,,18홀,tr_220495300
젠스필드,2026-09-26,06:34,150000,golfpang,,,18홀,tr_220494589
신라,2026-09-26,06:43,170000,golfpang,,,18홀,tr_220494418
솔모로,2026-09-26,06:51,200000,golfpang,,,18홀,tr_220495546
솔모로,2026-09-26,06:51,200000,golfpang,,,18홀,tr_220495545
신라,2026-09-26,06:50,170000,golfpang,,,18홀,tr_220494419
파인크리크,2026-09-26,06:48,270000,golfpang,,,18홀,tr_220496038
솔모로,2026-09-26,06:58,200000,golfpang,,,18홀,tr_220495216
신라,2026-09-26,07:11,180000,golfpang,,,18홀,tr_220494420
젠스필드,2026-09-26,07:09,160000,golfpang,,,18홀,tr_220494591
써닝포인트,2026-09-26,07:17,185000,golfpang,,,18홀,tr_220496152
클럽72,2026-09-26,07:17,200000,golfpang,,,18홀,tr_220496376
젠스필드,2026-09-26,07:16,160000,golfpang,,,18홀,tr_220494592
솔모로,2026-09-26,07:12,200000,golfpang,,,18홀,tr_220495218
여주,2026-09-26,07:12,240000,golfpang,,,18홀,tr_220495954
클럽72,2026-09-26,07:31,200000,golfpang,,,18홀,tr_220496321
그린힐,2026-09-26,07:31,160000,golfpang,,,18홀,tr_220495897
써닝포인트,2026-09-26,07:24,185000,golfpang,,,18홀,tr_220495755
그린힐,2026-09-26,07:24,150000,golfpang,,,18홀,tr_220495896
젠스필드,2026-09-26,07:23,160000,golfpang,,,18홀,tr_220494903
클럽72,2026-09-26,06:07,190000,golfpang,,,18홀,tr_220496320
360도,2026-09-26,06:00,177000,golfpang,,,18홀,tr_220496079
클럽72,2026-09-26,06:00,190000,golfpang,,,18홀,tr_220496375
유니아일랜드,2026-09-26,05:50,180000,golfpang,,,18홀,tr_220495016
아세코밸리-퍼9,2026-09-26,05:37,140000,golfpang,,,18홀,tr_220495914
360도,2026-09-26,06:22,177000,golfpang,,,18홀,tr_220496141
그린힐,2026-09-26,06:21,150000,golfpang,,,18홀,tr_220495895
신안(병행),2026-09-26,18:31,90000,golfpang,,,18홀,tr_220494353
신안(병행),2026-09-26,18:03,130000,golfpang,,,18홀,tr_220494354
신안(병행),2026-09-26,18:10,100000,golfpang,,,18홀,tr_220494355
신안,2026-09-26,14:10,150000,golfpang,,,18홀,tr_220494148
신안,2026-09-26,14:03,150000,golfpang,,,18홀,tr_220494147
신라,2026-09-26,12:13,190000,golfpang,,,18홀,tr_220493977
신라,2026-09-26,13:44,180000,golfpang,,,18홀,tr_220493976
신라,2026-09-26,06:15,160000,golfpang,,,18홀,tr_220493975
리베라,2026-09-26,13:35,220000,golfpang,,,18홀,tr_220493903
리베라,2026-09-26,18:17,150000,golfpang,,,18홀,tr_220493904
리베라,2026-09-26,06:49,220000,golfpang,,,18홀,tr_220493902
스마트KU,2026-09-26,08:43,220000,golfpang,,,18홀,tr_220493834
스마트KU,2026-09-26,12:04,220000,golfpang,,,18홀,tr_220493835
써닝포인트,2026-09-26,07:17,185000,golfpang,,,18홀,tr_220454739
써닝포인트,2026-09-26,12:51,175000,golfpang,,,18홀,tr_220454740
써닝포인트,2026-09-26,06:56,175000,golfpang,,,18홀,tr_220454738
에델바이스(가명),2026-09-26,06:35,200000,golfpang,,,18홀,tr_220414515
이글몬트,2026-09-26,07:30,180000,golfpang,,,18홀,tr_220375929
이글몬트,2026-09-26,13:32,170000,golfpang,,,18홀,tr_220375930
솔모로,2026-09-26,13:49,170000,golfpang,,,18홀,tr_220493675
남춘천,2026-09-26,13:49,160000,golfpang,,,18홀,tr_220485479
남춘천,2026-09-26,13:56,160000,golfpang,,,18홀,tr_220485480
세현,2026-09-26,19:05,160000,golfpang,,,18홀,tr_220486314
세현,2026-09-26,13:51,210000,golfpang,,,18홀,tr_220486315
세현,2026-09-26,13:44,200000,golfpang,,,18홀,tr_220486313
남춘천,2026-09-26,08:50,180000,golfpang,,,18홀,tr_220401801
신라,2026-09-26,08:42,210000,golfpang,,,18홀,tr_220486212
신라,2026-09-26,13:16,190000,golfpang,,,18홀,tr_220486214
신라,2026-09-26,11:59,190000,golfpang,,,18홀,tr_220486213
그린힐,2026-09-26,12:46,160000,golfpang,,,18홀,tr_220486159
그린힐,2026-09-26,07:45,160000,golfpang,,,18홀,tr_220486158
그린힐,2026-09-26,18:24,100000,golfpang,,,18홀,tr_220486160
여주,2026-09-26,13:04,190000,golfpang,,,18홀,tr_220486143
여주,2026-09-26,07:54,200000,golfpang,,,18홀,tr_220486142
솔라고,2026-09-26,14:03,140000,golfpang,,,18홀,tr_220486124
솔라고,2026-09-26,14:03,140000,golfpang,,,18홀,tr_220486123
속리산cc,2026-09-26,13:37,140000,golfpang,,,18홀,tr_220486001
속리산cc,2026-09-26,12:41,150000,golfpang,,,18홀,tr_220486000
속리산cc,2026-09-26,06:38,140000,golfpang,,,18홀,tr_220485999
아세코밸리-퍼9,2026-09-26,17:03,120000,golfpang,,,18홀,tr_220485884
아세코밸리-퍼9,2026-09-26,06:19,140000,golfpang,,,18홀,tr_220485883
서원힐스,2026-09-26,05:25,190000,golfpang,,,18홀,tr_220485831
서원힐스,2026-09-26,05:25,190000,golfpang,,,18홀,tr_220485830
서원힐스,2026-09-26,05:25,190000,golfpang,,,18홀,tr_220485829
서산수,2026-09-26,06:57,190000,golfpang,,,18홀,tr_220485722
서산수,2026-09-26,13:43,180000,golfpang,,,18홀,tr_220485723
뉴스프링빌,2026-09-26,12:14,220000,golfpang,,,18홀,tr_220301781
뉴스프링빌,2026-09-26,12:06,220000,golfpang,,,18홀,tr_220301780
샤인데일,2026-09-26,13:51,130000,golfpang,,,18홀,tr_220485632
샤인데일,2026-09-26,17:29,95000,golfpang,,,18홀,tr_220485633
샤인데일,2026-09-26,06:48,130000,golfpang,,,18홀,tr_220485631
베스트밸리-퍼9,2026-09-26,17:41,120000,golfpang,,,18홀,tr_220485570
베스트밸리-퍼9,2026-09-26,11:04,190000,golfpang,,,18홀,tr_220485569
베스트밸리-퍼9,2026-09-26,06:12,190000,golfpang,,,18홀,tr_220485568
베뉴지,2026-09-26,06:37,150000,golfpang,,,18홀,tr_220485443
베뉴지,2026-09-26,06:44,179000,golfpang,,,18홀,tr_220485444
리베라,2026-09-26,18:17,160000,golfpang,,,18홀,tr_220485383
리베라,2026-09-26,13:35,220000,golfpang,,,18홀,tr_220485385
리베라,2026-09-26,06:49,220000,golfpang,,,18홀,tr_220485384
해솔리아,2026-09-26,06:56,180000,golfpang,,,18홀,tr_220441903
해솔리아,2026-09-26,12:30,180000,golfpang,,,18홀,tr_220441904
해솔리아,2026-09-26,17:08,150000,golfpang,,,18홀,tr_220441905
레인보우힐스,2026-09-26,09:40,255000,golfpang,,,18홀,tr_220485188
레인보우힐스,2026-09-26,10:04,255000,golfpang,,,18홀,tr_220485189
모카cc,2026-09-26,14:03,130000,golfpang,,,18홀,tr_220485065
모카cc,2026-09-26,06:54,135000,golfpang,,,18홀,tr_220485064
라싸,2026-09-26,13:14,169000,golfpang,,,18홀,tr_220484994
라싸,2026-09-26,08:26,199000,golfpang,,,18홀,tr_220484993
라싸,2026-09-26,18:56,159000,golfpang,,,18홀,tr_220484995
힐데스하임,2026-09-26,14:03,135000,golfpang,,,18홀,tr_220484855
힐데스하임,2026-09-26,12:57,155000,golfpang,,,18홀,tr_220484854
힐데스하임,2026-09-26,06:22,130000,golfpang,,,18홀,tr_220484853
대호단양,2026-09-26,16:55,119000,golfpang,,,18홀,tr_220484798
대호단양,2026-09-26,13:51,149000,golfpang,,,18홀,tr_220484797
대호단양,2026-09-26,07:03,159000,golfpang,,,18홀,tr_220484796
대영힐스,2026-09-26,18:41,75000,golfpang,,,18홀,tr_220484662
대영힐스,2026-09-26,13:10,119000,golfpang,,,18홀,tr_220484664
대영힐스,2026-09-26,05:53,90000,golfpang,,,18홀,tr_220484663
대영베이스,2026-09-26,18:24,89000,golfpang,,,18홀,tr_220484380
대영베이스,2026-09-26,12:45,129000,golfpang,,,18홀,tr_220484379
대영베이스,2026-09-26,06:00,105000,golfpang,,,18홀,tr_220484378
360도,2026-09-26,11:45,190000,golfpang,,,18홀,tr_220484300
360도,2026-09-26,08:22,197000,golfpang,,,18홀,tr_220484299
그린힐,2026-09-26,13:49,160000,golfpang,,,18홀,tr_220484275
세레니티cc,2026-09-26,18:20,140000,golfpang,,,18홀,tr_220484161
감곡,2026-09-26,17:38,110000,golfpang,,,18홀,tr_220484105
감곡,2026-09-26,14:03,150000,golfpang,,,18홀,tr_220484107
서원힐스,2026-09-26,05:25,190000,golfpang,,,18홀,tr_220483995
서원힐스,2026-09-26,05:25,190000,golfpang,,,18홀,tr_220483994
360도,2026-09-26,06:22,177000,golfpang,,,18홀,tr_220483958
360도,2026-09-26,07:37,187000,golfpang,,,18홀,tr_220483959
대영베이스,2026-09-26,17:37,95000,golfpang,,,18홀,tr_220483844
대영베이스,2026-09-26,12:52,129000,golfpang,,,18홀,tr_220483843
대영베이스,2026-09-26,06:33,109000,golfpang,,,18홀,tr_220483842
알펜시아700,2026-09-26,18:05,90000,golfpang,,,18홀,tr_219602183
360도,2026-09-26,13:37,170000,golfpang,,,18홀,tr_220476982
해솔리아,2026-09-26,17:08,150000,golfpang,,,18홀,tr_220476548
해솔리아,2026-09-26,13:05,180000,golfpang,,,18홀,tr_220476547
360도,2026-09-26,06:22,177000,golfpang,,,18홀,tr_220476981
해솔리아,2026-09-26,06:56,180000,golfpang,,,18홀,tr_220476546
비에이비스타(퍼),2026-09-26,08:20,130000,golfpang,,,18홀,tr_220261782
알펜시아명문,2026-09-26,06:35,120000,golfpang,,,18홀,tr_220476785
알펜시아명문,2026-09-26,11:42,180000,golfpang,,,18홀,tr_220476786
알펜시아명문,2026-09-26,07:03,130000,golfpang,,,18홀,tr_220476787
스타,2026-09-26,17:42,100000,golfpang,,,18홀,tr_219757614
스타,2026-09-26,13:44,140000,golfpang,,,18홀,tr_219757613
알펜시아700,2026-09-26,14:06,120000,golfpang,,,18홀,tr_220476598
알펜시아700,2026-09-26,13:59,120000,golfpang,,,18홀,tr_220476599
알펜시아700,2026-09-26,06:40,100000,golfpang,,,18홀,tr_220476597
세레니티-강촌,2026-09-26,06:58,220000,golfpang,,,18홀,tr_220471023
세레니티-강촌,2026-09-26,17:59,150000,golfpang,,,18홀,tr_220471025
세레니티-강촌,2026-09-26,07:47,220000,golfpang,,,18홀,tr_220471024
장수,2026-09-26,07:22,123500,golfpang,,,18홀,tr_219932416
웅포,2026-09-26,12:58,161000,golfpang,,,18홀,tr_219933605
해피니스,2026-09-26,13:15,141000,golfpang,,,18홀,tr_219932309
어등산,2026-09-26,13:24,171000,golfpang,,,18홀,tr_219933476
무안클린밸리,2026-09-26,13:21,145000,golfpang,,,18홀,tr_219933873
내장산,2026-09-26,13:37,171000,golfpang,,,18홀,tr_219932150
골프존 드래곤,2026-09-26,13:48,127000,golfpang,,,18홀,tr_219932688
장수,2026-09-26,13:40,133500,golfpang,,,18홀,tr_219932439
무등산,2026-09-26,13:51,171000,golfpang,,,18홀,tr_219932352
어등산,2026-09-26,06:56,161000,golfpang,,,18홀,tr_219933404
골프존 선운,2026-09-26,07:11,156000,golfpang,,,18홀,tr_219933670
내장산,2026-09-26,07:07,171000,golfpang,,,18홀,tr_219932145
화순엘리체,2026-09-26,07:07,146000,golfpang,,,18홀,tr_219933961
웅포,2026-09-26,07:06,161000,golfpang,,,18홀,tr_219933542
해피니스,2026-09-26,07:27,136000,golfpang,,,18홀,tr_219932200
화순엘리체,2026-09-26,13:02,146000,golfpang,,,18홀,tr_219933904
무안클린밸리,2026-09-26,07:33,145000,golfpang,,,18홀,tr_219933826
솔트베이,2026-09-26,16:30,189000,golfpang,,,18홀,tr_220470906
솔트베이,2026-09-26,17:05,179000,golfpang,,,18홀,tr_220470907
솔트베이,2026-09-26,18:01,169000,golfpang,,,18홀,tr_220470908
서산수,2026-09-26,06:57,190000,golfpang,,,18홀,tr_220470824
서산수,2026-09-26,13:43,180000,golfpang,,,18홀,tr_220470825
그린힐,2026-09-26,18:10,110000,golfpang,,,18홀,tr_220283478
그린힐,2026-09-26,18:10,110000,golfpang,,,18홀,tr_220283479
신안,2026-09-26,13:28,160000,golfpang,,,18홀,tr_220035129
보령베이스-퍼9,2026-09-26,08:00,119000,golfpang,,,18홀,tr_220470446
보령베이스-퍼9,2026-09-26,12:31,119000,golfpang,,,18홀,tr_220470447
보령베이스-퍼9,2026-09-26,13:41,99000,golfpang,,,18홀,tr_220470448
로얄링스,2026-09-26,07:59,160000,golfpang,,,18홀,tr_220470106
로얄링스,2026-09-26,11:38,160000,golfpang,,,18홀,tr_220470107
몽베르(대중제),2026-09-26,17:42,140000,golfpang,,,18홀,tr_219596238
몽베르(대중제),2026-09-26,13:07,180000,golfpang,,,18홀,tr_219596237
몽베르(대중제),2026-09-26,07:22,200000,golfpang,,,18홀,tr_219596236
레인보우힐스,2026-09-26,09:40,255000,golfpang,,,18홀,tr_220469913
레인보우힐스,2026-09-26,10:04,255000,golfpang,,,18홀,tr_220469914
군산,2026-09-26,06:44,160000,golfpang,,,18홀,tr_220469486
군산,2026-09-26,06:58,160000,golfpang,,,18홀,tr_220469487
세레니티cc,2026-09-26,06:30,275000,golfpang,,,18홀,tr_220469417
세레니티cc,2026-09-26,18:20,140000,golfpang,,,18홀,tr_220469415
세레니티cc,2026-09-26,19:02,130000,golfpang,,,18홀,tr_220469416
에덴블루,2026-09-26,13:01,150000,golfpang,,,18홀,tr_220305045
대영힐스,2026-09-26,12:57,135000,golfpang,,,18홀,tr_220421857
속리산cc,2026-09-26,13:16,140000,golfpang,,,18홀,tr_219970194
모카cc,2026-09-26,13:14,130000,golfpang,,,18홀,tr_220421479
양평TPC,2026-09-26,06:38,160000,golfpang,,,18홀,tr_220217690
남춘천,2026-09-26,13:28,160000,golfpang,,,18홀,tr_220377290
양지파인,2026-09-26,07:29,160000,golfpang,,,18홀,tr_220015446
샤인데일,2026-09-26,13:37,130000,golfpang,,,18홀,tr_220130561
샤인데일,2026-09-26,13:37,130000,golfpang,,,18홀,tr_220130560
힐데스하임,2026-09-26,13:34,155000,golfpang,,,18홀,tr_220015066
코스카,2026-09-26,07:39,170000,golfpang,,,18홀,tr_220104885
푸른솔포천,2026-09-26,07:03,220000,golfpang,,,18홀,tr_220326406
서산수,2026-09-26,13:57,180000,golfpang,,,18홀,tr_219932304
힐데스하임,2026-09-26,13:57,150000,golfpang,,,18홀,tr_220015067
힐데스하임,2026-09-26,07:07,150000,golfpang,,,18홀,tr_220015065
대영힐스,2026-09-26,16:56,99000,golfpang,,,18홀,tr_220421858
대영베이스,2026-09-26,17:24,109000,golfpang,,,18홀,tr_220297137
에덴블루,2026-09-26,13:01,150000,golfpang,,,18홀,tr_220305046
샤인데일,2026-09-26,13:02,150000,golfpang,,,18홀,tr_220130559
대영베이스,2026-09-26,13:05,135000,golfpang,,,18홀,tr_220297136
감곡,2026-09-26,13:07,150000,golfpang,,,18홀,tr_220370983
감곡,2026-09-26,13:07,150000,golfpang,,,18홀,tr_220370984
이글몬트,2026-09-26,12:43,170000,golfpang,,,18홀,tr_220422056
푸른솔포천,2026-09-26,12:52,220000,golfpang,,,18홀,tr_220326407
양지파인,2026-09-26,12:14,160000,golfpang,,,18홀,tr_220015447
코스카,2026-09-26,11:59,170000,golfpang,,,18홀,tr_220104886
클럽D 거창,2026-09-26,08:22,135000,golfpang,,,18홀,tr_220326110
대영힐스,2026-09-26,06:35,115000,golfpang,,,18홀,tr_220421856
남춘천,2026-09-26,13:28,160000,golfpang,,,18홀,tr_220377291
플라밍고,2026-09-26,06:55,130000,golfpang,,,18홀,tr_220469189
플라밍고,2026-09-26,14:00,130000,golfpang,,,18홀,tr_220469190
플라밍고,2026-09-26,07:58,140000,golfpang,,,18홀,tr_220469191
샤인데일,2026-09-26,13:30,130000,golfpang,,,18홀,tr_220468830
샤인데일,2026-09-26,13:30,130000,golfpang,,,18홀,tr_220468831
샤인데일,2026-09-26,06:48,130000,golfpang,,,18홀,tr_220468829
남한강에스파크,2026-09-26,18:00,119000,golfpang,,,18홀,tr_220468542
남한강에스파크,2026-09-26,18:07,100000,golfpang,,,18홀,tr_220468543
남한강에스파크,2026-09-26,18:14,119000,golfpang,,,18홀,tr_220468544
에덴블루,2026-09-26,06:28,179000,golfpang,,,18홀,tr_220468254
에덴블루,2026-09-26,07:20,189000,golfpang,,,18홀,tr_220468256
에덴블루,2026-09-26,13:39,189000,golfpang,,,18홀,tr_220468255
대호단양,2026-09-26,07:03,159000,golfpang,,,18홀,tr_220468080
대호단양,2026-09-26,13:37,159000,golfpang,,,18홀,tr_220468082
대호단양,2026-09-26,13:51,149000,golfpang,,,18홀,tr_220468081
이글몬트,2026-09-26,07:23,180000,golfpang,,,18홀,tr_219952554
플라밍고,2026-09-26,07:23,150000,golfpang,,,18홀,tr_219459276
여주,2026-09-26,07:33,200000,golfpang,,,18홀,tr_220012074
클럽72-오션,2026-09-26,07:32,270000,golfpang,,,18홀,tr_219997111
벨라스톤,2026-09-26,07:31,170000,golfpang,,,18홀,tr_219821020
알펜시아명문,2026-09-26,08:06,150000,golfpang,,,18홀,tr_219813888
오로라,2026-09-26,08:01,160000,golfpang,,,18홀,tr_220151761
대영베이스,2026-09-26,06:20,109000,golfpang,,,18홀,tr_220026602
클럽72-오션,2026-09-26,06:15,240000,golfpang,,,18홀,tr_219997110
360도,2026-09-26,06:15,197000,golfpang,,,18홀,tr_219995677
아세코밸리-퍼9,2026-09-26,06:33,140000,golfpang,,,18홀,tr_219996568
양지파인,2026-09-26,06:29,150000,golfpang,,,18홀,tr_219996646
포천힐스,2026-09-26,06:28,190000,golfpang,,,18홀,tr_220100195
에덴블루,2026-09-26,06:28,142500,golfpang,,,18홀,tr_220182470
대영힐스,2026-09-26,06:28,109000,golfpang,,,18홀,tr_220029608
써닝포인트,2026-09-26,06:28,185000,golfpang,,,18홀,tr_219996450
힐데스하임,2026-09-26,06:22,135000,golfpang,,,18홀,tr_220013660
남춘천,2026-09-26,06:39,160000,golfpang,,,18홀,tr_220114846
파주,2026-09-26,06:38,240000,golfpang,,,18홀,tr_220149826
속리산cc,2026-09-26,06:38,150000,golfpang,,,18홀,tr_219652158
킹스데일,2026-09-26,06:37,150000,golfpang,,,18홀,tr_220014438
샤인데일,2026-09-26,06:48,130000,golfpang,,,18홀,tr_220126207
알펜시아700,2026-09-26,06:47,100000,golfpang,,,18홀,tr_219813462
골프존 안성H,2026-09-26,06:44,190000,golfpang,,,18홀,tr_220088916
빅토리아-퍼9,2026-09-26,06:42,114000,golfpang,,,18홀,tr_219995792
젠스필드,2026-09-26,06:41,150000,golfpang,,,18홀,tr_220105471
알프스대영,2026-09-26,06:40,109000,golfpang,,,18홀,tr_219998015
플라밍고,2026-09-26,06:55,140000,golfpang,,,18홀,tr_219459275
모카cc,2026-09-26,06:54,135000,golfpang,,,18홀,tr_220150127
양평TPC,2026-09-26,06:52,180000,golfpang,,,18홀,tr_219996695
보령베이스-퍼9,2026-09-26,06:50,99000,golfpang,,,18홀,tr_219646999
알펜시아명문,2026-09-26,06:49,120000,golfpang,,,18홀,tr_219813886
푸른솔포천,2026-09-26,06:49,220000,golfpang,,,18홀,tr_219914190
크리스밸리,2026-09-26,06:58,170000,golfpang,,,18홀,tr_219996986
일레븐,2026-09-26,06:58,160000,golfpang,,,18홀,tr_220127084
서산수,2026-09-26,06:57,190000,golfpang,,,18홀,tr_219818420
신라,2026-09-26,06:57,190000,golfpang,,,18홀,tr_220121078
클럽72,2026-09-26,06:56,210000,golfpang,,,18홀,tr_219997030
파주타이거,2026-09-26,06:56,200000,golfpang,,,18홀,tr_220149929
신라,2026-09-26,07:18,200000,golfpang,,,18홀,tr_220121079
알펜시아명문,2026-09-26,07:17,130000,golfpang,,,18홀,tr_219813887
골프존 안성H,2026-09-26,07:12,190000,golfpang,,,18홀,tr_220088917
감곡,2026-09-26,07:26,160000,golfpang,,,18홀,tr_219654684
포천힐스,2026-09-26,07:24,200000,golfpang,,,18홀,tr_220100197
스톤비치,2026-09-26,08:06,120000,golfpang,,,18홀,tr_217524009
알프스대영,2026-09-26,06:19,89000,golfpang,,,18홀,tr_220467827
알프스대영,2026-09-26,05:44,80000,golfpang,,,18홀,tr_220467826
알프스대영,2026-09-26,13:20,115000,golfpang,,,18홀,tr_220467828
포레스트힐,2026-09-26,13:23,210000,golfpang,,,18홀,tr_219528444
푸른솔포천,2026-09-26,06:21,200000,golfpang,,,18홀,tr_220467360
푸른솔포천,2026-09-26,13:41,200000,golfpang,,,18홀,tr_220467361
아세코밸리-퍼9,2026-09-26,17:45,120000,golfpang,,,18홀,tr_220463018
아세코밸리-퍼9,2026-09-26,06:19,140000,golfpang,,,18홀,tr_220463016
아세코밸리-퍼9,2026-09-26,17:03,120000,golfpang,,,18홀,tr_220463017
파주,2026-09-26,05:21,190000,golfpang,,,18홀,tr_220458922
파주,2026-09-26,06:17,220000,golfpang,,,18홀,tr_220458924
파주,2026-09-26,11:03,260000,golfpang,,,18홀,tr_220458923
클럽72-오션,2026-09-26,12:17,270000,golfpang,,,18홀,tr_220454887
클럽72-오션,2026-09-26,06:36,250000,golfpang,,,18홀,tr_220454886
클럽72,2026-09-26,13:33,210000,golfpang,,,18홀,tr_220454805
클럽72,2026-09-26,06:07,190000,golfpang,,,18홀,tr_220454804
클럽72,2026-09-26,07:38,200000,golfpang,,,18홀,tr_220454806
크리스밸리,2026-09-26,08:36,160000,golfpang,,,18홀,tr_220454596
크리스밸리,2026-09-26,06:58,170000,golfpang,,,18홀,tr_220454597
비콘힐스,2026-09-26,12:22,120000,golfpang,,,18홀,tr_220454517
비콘힐스,2026-09-26,06:32,110000,golfpang,,,18홀,tr_220454515
코스카,2026-09-26,06:57,150000,golfpang,,,18홀,tr_220442651
코스카,2026-09-26,12:34,160000,golfpang,,,18홀,tr_220442652
오너스,2026-09-26,12:37,170000,golfpang,,,18홀,tr_220442246
오너스,2026-09-26,06:41,120000,golfpang,,,18홀,tr_220442245
양지파인,2026-09-26,06:14,150000,golfpang,,,18홀,tr_220441947
양지파인,2026-09-26,13:59,150000,golfpang,,,18홀,tr_220441948
아세코밸리-퍼9,2026-09-26,17:03,120000,golfpang,,,18홀,tr_220390351
크리스밸리,2026-09-26,06:58,170000,golfpang,,,18홀,tr_220390746
크리스밸리,2026-09-26,11:59,180000,golfpang,,,18홀,tr_220390747
에델바이스(가명),2026-09-26,06:35,200000,golfpang,,,18홀,tr_220400931
아세코밸리-퍼9,2026-09-26,06:26,140000,golfpang,,,18홀,tr_220390349
그린힐,2026-09-26,13:28,160000,golfpang,,,18홀,tr_220389612
아세코밸리-퍼9,2026-09-26,06:19,140000,golfpang,,,18홀,tr_220390350
아세코밸리-퍼9,2026-09-26,16:35,120000,golfpang,,,18홀,tr_220441840
아세코밸리-퍼9,2026-09-26,17:03,120000,golfpang,,,18홀,tr_220441841
아세코밸리-퍼9,2026-09-26,06:19,140000,golfpang,,,18홀,tr_220441839
알프스대영,2026-09-26,13:27,119000,golfpang,,,18홀,tr_220375261
그린힐,2026-09-26,06:35,150000,golfpang,,,18홀,tr_220389611
알프스대영,2026-09-26,06:12,99000,golfpang,,,18홀,tr_220375260
세레니티-강촌,2026-09-26,12:10,170000,golfpang,,,18홀,tr_219459583
세레니티-강촌,2026-09-26,07:47,210000,golfpang,,,18홀,tr_219459582
스타,2026-09-26,06:58,150000,golfpang,,,18홀,tr_219757612
그린힐,2026-09-26,18:38,100000,golfpang,,,18홀,tr_220389613
알프스대영,2026-09-26,17:43,69000,golfpang,,,18홀,tr_220375262
세레니티-강촌,2026-09-26,17:52,140000,golfpang,,,18홀,tr_219459584
남춘천,2026-09-26,13:35,160000,golfpang,,,18홀,tr_220441817
남춘천,2026-09-26,07:14,170000,golfpang,,,18홀,tr_220441816
포레스트힐,2026-09-26,06:30,210000,golfpang,,,18홀,tr_220361503
포레스트힐,2026-09-26,18:52,150000,golfpang,,,18홀,tr_220361505
한림광릉,2026-09-26,17:31,150000,golfpang,,,18홀,tr_220362283
양지파인,2026-09-26,13:51,150000,golfpang,,,18홀,tr_220346371
양지파인,2026-09-26,06:22,150000,golfpang,,,18홀,tr_220346370
한림광릉,2026-09-26,13:23,190000,golfpang,,,18홀,tr_220362282
포레스트힐,2026-09-26,07:19,210000,golfpang,,,18홀,tr_220361504
한림광릉,2026-09-26,07:06,190000,golfpang,,,18홀,tr_220362281
푸른솔포천,2026-09-26,13:41,200000,golfpang,,,18홀,tr_220349337
푸른솔포천,2026-09-26,06:49,210000,golfpang,,,18홀,tr_220349336
골프존 안성H,2026-09-26,07:05,180000,golfpang,,,18홀,tr_220342016
골프존 화랑,2026-09-26,12:03,145000,golfpang,,,18홀,tr_220336366
골프존 화랑,2026-09-26,18:00,89000,golfpang,,,18홀,tr_220336367
골프존 화랑,2026-09-26,06:55,125000,golfpang,,,18홀,tr_220336365
이글몬트,2026-09-26,08:40,180000,golfpang,,,18홀,tr_220339301
골프존 안성H,2026-09-26,13:31,180000,golfpang,,,18홀,tr_220342017
킹스데일,2026-09-26,14:06,155000,golfpang,,,18홀,tr_220348555
골프존 안성H,2026-09-26,13:31,180000,golfpang,,,18홀,tr_220342018
이글몬트,2026-09-26,13:46,170000,golfpang,,,18홀,tr_220339302
킹스데일,2026-09-26,06:44,150000,golfpang,,,18홀,tr_220348554
대영힐스,2026-09-26,18:13,79000,golfpang,,,18홀,tr_220321044
감곡,2026-09-26,14:03,150000,golfpang,,,18홀,tr_220304781
대영힐스,2026-09-26,06:07,99000,golfpang,,,18홀,tr_220321042
골프존 진천,2026-09-26,12:39,209000,golfpang,,,18홀,tr_220327997
대영힐스,2026-09-26,13:10,129000,golfpang,,,18홀,tr_220321043
감곡,2026-09-26,17:17,110000,golfpang,,,18홀,tr_220304782
감곡,2026-09-26,07:54,130000,golfpang,,,18홀,tr_220304780
골프존 진천,2026-09-26,07:31,201000,golfpang,,,18홀,tr_220327996
골프존 진천,2026-09-26,06:49,195000,golfpang,,,18홀,tr_220327995
서산수,2026-09-26,08:56,230000,golfpang,,,18홀,tr_219987259
로얄링스,2026-09-26,08:13,120000,golfpang,,,18홀,tr_219980056
이천(비공개명문),2026-09-26,07:00,253000,golfpang,,,18홀,tr_220220812
서산수,2026-09-26,12:12,230000,golfpang,,,18홀,tr_219987260
로얄링스,2026-09-26,11:38,120000,golfpang,,,18홀,tr_219980057
이천(비공개명문),2026-09-26,13:15,222000,golfpang,,,18홀,tr_220220813
양평TPC,2026-09-26,06:31,160000,golfpang,,,18홀,tr_220198911
포천힐스,2026-09-26,07:24,200000,golfpang,,,18홀,tr_220219785
포천힐스,2026-09-26,12:59,190000,golfpang,,,18홀,tr_220219786
양평TPC,2026-09-26,08:23,180000,golfpang,,,18홀,tr_220198912
솔트베이,2026-09-26,17:19,179000,golfpang,,,18홀,tr_220198440
포천힐스,2026-09-26,06:28,190000,golfpang,,,18홀,tr_220219784
솔트베이,2026-09-26,16:51,189000,golfpang,,,18홀,tr_220198439
솔트베이,2026-09-26,18:50,169000,golfpang,,,18홀,tr_220198441
마론뉴데이,2026-09-26,06:42,175000,golfpang,,,18홀,tr_220148605
남춘천,2026-09-26,13:28,160000,golfpang,,,18홀,tr_220205666
힐데스하임,2026-09-26,14:19,140000,golfpang,,,18홀,tr_220193415
마론뉴데이,2026-09-26,06:16,175000,golfpang,,,18홀,tr_220148604
남춘천,2026-09-26,06:39,160000,golfpang,,,18홀,tr_220205665
마론뉴데이,2026-09-26,06:09,175000,golfpang,,,18홀,tr_220148603
힐데스하임,2026-09-26,06:22,135000,golfpang,,,18홀,tr_220193413
힐데스하임,2026-09-26,13:42,150000,golfpang,,,18홀,tr_220193414
샤인데일,2026-09-26,06:34,130000,golfpang,,,18홀,tr_220107034
오로라,2026-09-26,06:58,150000,golfpang,,,18홀,tr_220174810
샤인데일,2026-09-26,13:23,130000,golfpang,,,18홀,tr_220107035
샤인데일,2026-09-26,17:22,95000,golfpang,,,18홀,tr_220107036
오로라,2026-09-26,12:11,160000,golfpang,,,18홀,tr_220174811
오로라,2026-09-26,17:34,110000,golfpang,,,18홀,tr_220174812
골든베이,2026-09-26,12:21,150000,golfpang,,,18홀,tr_220012224
보령베이스-퍼9,2026-09-26,11:28,119000,golfpang,,,18홀,tr_220086060
골든베이,2026-09-26,08:36,150000,golfpang,,,18홀,tr_220012223
벨라스톤,2026-09-26,13:21,150000,golfpang,,,18홀,tr_219968960
벨라스톤,2026-09-26,08:20,170000,golfpang,,,18홀,tr_219968959
보령베이스-퍼9,2026-09-26,17:44,69000,golfpang,,,18홀,tr_220086061
벨라스톤,2026-09-26,13:21,150000,golfpang,,,18홀,tr_219968961
보령베이스-퍼9,2026-09-26,06:43,99000,golfpang,,,18홀,tr_220086059
대호단양,2026-09-26,17:02,119000,golfpang,,,18홀,tr_219966781
빅토리아-퍼9,2026-09-26,06:42,119000,golfpang,,,18홀,tr_219929245
대호단양,2026-09-26,07:38,199000,golfpang,,,18홀,tr_219966779
대호단양,2026-09-26,12:20,169000,golfpang,,,18홀,tr_219966780
코스카,2026-09-26,06:29,150000,golfpang,,,18홀,tr_219797220
센테리움,2026-09-26,11:47,169000,golfpang,,,18홀,tr_219673470
알펜시아700,2026-09-26,08:53,120000,golfpang,,,18홀,tr_219602182
코스카,2026-09-26,08:07,190000,golfpang,,,18홀,tr_219797221
알펜시아700,2026-09-26,07:15,110000,golfpang,,,18홀,tr_219602181
빅토리아-퍼9,2026-09-26,17:17,99000,golfpang,,,18홀,tr_219929247
빅토리아-퍼9,2026-09-26,13:13,119000,golfpang,,,18홀,tr_219929246
센테리움,2026-09-26,08:24,169000,golfpang,,,18홀,tr_219673469
클럽72,2026-09-26,17:16,160000,golfpang,,,18홀,tr_220441593
클럽72,2026-09-26,13:27,210000,golfpang,,,18홀,tr_220441591
양평TPC,2026-09-26,08:23,180000,golfpang,,,18홀,tr_220441561
양평TPC,2026-09-26,06:52,160000,golfpang,,,18홀,tr_220441560
클럽72,2026-09-26,06:36,190000,golfpang,,,18홀,tr_220441546
신안,2026-09-26,14:10,150000,golfpang,,,18홀,tr_220441330
신안,2026-09-26,19:13,100000,golfpang,,,18홀,tr_220441331
신안,2026-09-26,06:14,150000,golfpang,,,18홀,tr_220441329
비콘힐스,2026-09-26,17:02,90000,golfpang,,,18홀,tr_220434381
서원힐스,2026-09-26,05:25,190000,golfpang,,,18홀,tr_220440564
서원힐스,2026-09-26,05:32,190000,golfpang,,,18홀,tr_220440565
서원힐스,2026-09-26,05:32,190000,golfpang,,,18홀,tr_220440566
리베라,2026-09-26,06:49,220000,golfpang,,,18홀,tr_220440281
리베라,2026-09-26,18:45,150000,golfpang,,,18홀,tr_220440283
리베라,2026-09-26,13:35,220000,golfpang,,,18홀,tr_220440282
동서울cc-퍼9,2026-09-26,18:24,65000,golfpang,,,18홀,tr_220440036
동서울cc-퍼9,2026-09-26,13:45,119000,golfpang,,,18홀,tr_220440035
동서울cc-퍼9,2026-09-26,07:06,119000,golfpang,,,18홀,tr_220440034
속리산cc,2026-09-26,06:52,140000,golfpang,,,18홀,tr_219970192
속리산cc,2026-09-26,06:52,140000,golfpang,,,18홀,tr_219970193
알프스대영,2026-09-26,06:33,109000,golfpang,,,18홀,tr_220013917
알펜시아명문,2026-09-26,12:45,180000,golfpang,,,18홀,tr_220032795
신안(병행),2026-09-26,18:10,100000,golfpang,,,18홀,tr_220128508
그린힐,2026-09-26,17:56,110000,golfpang,,,18홀,tr_220326003
클럽D 거창,2026-09-26,12:06,140000,golfpang,,,18홀,tr_220326109
알프스대영,2026-09-26,12:24,119000,golfpang,,,18홀,tr_220013918
알프스대영,2026-09-26,13:34,115000,golfpang,,,18홀,tr_220013919
알펜시아명문,2026-09-26,07:17,130000,golfpang,,,18홀,tr_220032793
알펜시아명문,2026-09-26,11:42,180000,golfpang,,,18홀,tr_220032794
신라,2026-09-26,13:16,190000,golfpang,,,18홀,tr_220291008
신라,2026-09-26,13:16,190000,golfpang,,,18홀,tr_220291009
대영베이스,2026-09-26,06:47,125000,golfpang,,,18홀,tr_220297135
서산수,2026-09-26,06:57,190000,golfpang,,,18홀,tr_219932303
대영힐스,2026-09-26,13:10,119000,golfpang,,,18홀,tr_220439839
대영힐스,2026-09-26,18:41,75000,golfpang,,,18홀,tr_220439840
대영힐스,2026-09-26,05:53,90000,golfpang,,,18홀,tr_220439838
대영베이스,2026-09-26,18:44,89000,golfpang,,,18홀,tr_220437292
대영베이스,2026-09-26,12:52,129000,golfpang,,,18홀,tr_220437291
대영베이스,2026-09-26,06:13,105000,golfpang,,,18홀,tr_220437290
스카이밸리,2026-09-26,07:02,180000,golfpang,,,18홀,tr_220437168
스카이밸리,2026-09-26,12:36,170000,golfpang,,,18홀,tr_220437169
남춘천,2026-09-26,14:17,160000,golfpang,,,18홀,tr_220437105
남춘천,2026-09-26,06:32,160000,golfpang,,,18홀,tr_220437104
스카이밸리,2026-09-26,06:50,180000,golfpang,,,18홀,tr_217314064
스카이밸리,2026-09-26,13:00,170000,golfpang,,,18홀,tr_217314062
골프존 천안,2026-09-26,07:15,182000,golfpang,,,18홀,tr_220436980
골프존 천안,2026-09-26,07:22,182000,golfpang,,,18홀,tr_220436981
해솔리아,2026-09-26,11:27,190000,golfpang,,,18홀,tr_220434573
해솔리아,2026-09-26,08:27,190000,golfpang,,,18홀,tr_220434572
해솔리아,2026-09-26,06:56,180000,golfpang,,,18홀,tr_220434571
아세코밸리-퍼9,2026-09-26,06:47,140000,golfpang,,,18홀,tr_220434547
아세코밸리-퍼9,2026-09-26,16:28,120000,golfpang,,,18홀,tr_220434549
아세코밸리-퍼9,2026-09-26,11:34,140000,golfpang,,,18홀,tr_220434548
스카이밸리,2026-09-26,13:10,170000,golfpang,,,18홀,tr_219020541
양평TPC,2026-09-26,06:52,160000,golfpang,,,18홀,tr_220423691
양평TPC,2026-09-26,13:01,160000,golfpang,,,18홀,tr_220423692
양지파인,2026-09-26,13:51,150000,golfpang,,,18홀,tr_220422906
비콘힐스,2026-09-26,18:33,90000,golfpang,,,18홀,tr_220423157
양지파인,2026-09-26,06:22,150000,golfpang,,,18홀,tr_220422905
비콘힐스,2026-09-26,18:33,90000,golfpang,,,18홀,tr_220423158
비콘힐스,2026-09-26,18:33,90000,golfpang,,,18홀,tr_220423159
에덴블루,2026-09-26,12:02,149200,golfpang,,,18홀,tr_220422835
에덴블루,2026-09-26,12:02,149200,golfpang,,,18홀,tr_220422834
에덴블루,2026-09-26,08:19,149200,golfpang,,,18홀,tr_220422833
파인리즈,2026-09-26,12:50,506000,golfpang,,,36홀,tr_218349090
한성,2026-09-26,07:00,305000,golfpang,,,18홀,tr_219670659
용인(비공개),2026-09-26,07:00,270000,golfpang,,,18홀,tr_220128237
한성,2026-09-26,08:30,305000,golfpang,,,18홀,tr_219670746
모카cc,2026-09-26,13:42,130000,golfpang,,,18홀,tr_220421766
모카cc,2026-09-26,11:57,140000,golfpang,,,18홀,tr_220421765
오로라,2026-09-26,06:58,150000,golfpang,,,18홀,tr_220299715
몽베르(대중제),2026-09-26,07:15,160000,golfpang,,,18홀,tr_220299584
오로라,2026-09-26,08:08,160000,golfpang,,,18홀,tr_220299716
오로라,2026-09-26,12:11,160000,golfpang,,,18홀,tr_220299717
몽베르(대중제),2026-09-26,12:53,170000,golfpang,,,18홀,tr_220299585
몽베르(대중제),2026-09-26,17:49,140000,golfpang,,,18홀,tr_220299586
루트52,2026-09-26,06:28,160000,golfpang,,,18홀,tr_220260953
이천(비공개명문),2026-09-26,07:00,253000,golfpang,,,18홀,tr_220253063
센테리움,2026-09-26,13:11,129000,golfpang,,,18홀,tr_220258788
이천(비공개명문),2026-09-26,13:15,222000,golfpang,,,18홀,tr_220253064
골프존 안성H,2026-09-26,13:31,180000,golfpang,,,18홀,tr_220242719
여주,2026-09-26,07:40,200000,golfpang,,,18홀,tr_220011440
골프존 안성H,2026-09-26,13:31,180000,golfpang,,,18홀,tr_220242718
여주,2026-09-26,13:11,190000,golfpang,,,18홀,tr_220011441
골프존 안성H,2026-09-26,07:05,180000,golfpang,,,18홀,tr_220242717
킹스데일,2026-09-26,06:44,150000,golfpang,,,18홀,tr_220034016
킹스데일,2026-09-26,08:22,160000,golfpang,,,18홀,tr_220034017
안성(비공개),2026-09-26,08:29,160000,golfpang,,,18홀,tr_220139334
빅토리아-퍼9,2026-09-26,13:06,119000,golfpang,,,18홀,tr_219785121
웰리힐리,2026-09-26,12:02,190000,golfpang,,,18홀,tr_219778714
빅토리아-퍼9,2026-09-26,12:17,124000,golfpang,,,18홀,tr_219785120
빅토리아-퍼9,2026-09-26,06:49,119000,golfpang,,,18홀,tr_219785119
웰리힐리,2026-09-26,08:22,190000,golfpang,,,18홀,tr_219778715
웰리힐리,2026-09-26,08:30,190000,golfpang,,,18홀,tr_219778713
한림광릉,2026-09-26,13:23,190000,golfpang,,,18홀,tr_220420715
한림광릉,2026-09-26,17:31,150000,golfpang,,,18홀,tr_220420716
한림광릉,2026-09-26,07:55,190000,golfpang,,,18홀,tr_220420714
한림광릉,2026-09-26,12:13,210000,golfpang,,,18홀,tr_220420246
한림광릉,2026-09-26,13:02,190000,golfpang,,,18홀,tr_220420247
한림광릉,2026-09-26,07:55,190000,golfpang,,,18홀,tr_220420245
로얄포레,2026-09-26,12:41,119000,golfpang,,,18홀,tr_219664551
킹스데일,2026-09-26,12:07,165000,golfpang,,,18홀,tr_220336700
써닝포인트,2026-09-26,11:34,175000,golfpang,,,18홀,tr_220336663
킹스데일,2026-09-26,07:33,155000,golfpang,,,18홀,tr_220336521
올데이,2026-09-26,07:00,79000,golfpang,,,18홀,tr_219666780
알프스대영,2026-09-26,06:26,89000,golfpang,,,18홀,tr_220148670
대영힐스,2026-09-26,13:11,125000,golfpang,,,18홀,tr_220129764
이글몬트,2026-09-26,13:39,170000,golfpang,,,18홀,tr_220417648
이글몬트,2026-09-26,07:44,180000,golfpang,,,18홀,tr_220417647
스타,2026-09-26,07:33,160000,golfpang,,,18홀,tr_220376194
스타,2026-09-26,13:23,150000,golfpang,,,18홀,tr_220376196
스타,2026-09-26,13:23,150000,golfpang,,,18홀,tr_220376195
더헤븐,2026-09-26,16:30,180000,golfpang,,,18홀,tr_220377648
더헤븐,2026-09-26,16:30,180000,golfpang,,,18홀,tr_220377649
더헤븐,2026-09-26,16:30,180000,golfpang,,,18홀,tr_220377647
용인(비공개),2026-09-26,06:53,179000,golfpang,,,18홀,tr_220417402
용인(비공개),2026-09-26,18:31,150000,golfpang,,,18홀,tr_220417404
용인(비공개),2026-09-26,17:14,150000,golfpang,,,18홀,tr_220417403
벨라스톤,2026-09-26,13:21,149000,golfpang,,,18홀,tr_220414843
벨라스톤,2026-09-26,06:56,149000,golfpang,,,18홀,tr_220414841
벨라스톤,2026-09-26,07:59,159000,golfpang,,,18홀,tr_220414842
이천(비공개),2026-09-26,07:30,196000,golfpang,,,18홀,tr_220198152
올데이,2026-09-26,11:38,109000,golfpang,,,18홀,tr_220283166
윈체스트,2026-09-26,06:56,190000,golfpang,,,18홀,tr_217875109
이천(비공개),2026-09-26,13:10,196000,golfpang,,,18홀,tr_220198297
윈체스트,2026-09-26,07:59,200000,golfpang,,,18홀,tr_216621620
이천(가명),2026-09-26,07:30,196000,golfpang,,,18홀,tr_220198326
비에이비스타,2026-09-26,07:03,160000,golfpang,,,18홀,tr_219336312
벨라스톤,2026-09-26,17:31,109000,golfpang,,,18홀,tr_220411957
벨라스톤,2026-09-26,06:56,149000,golfpang,,,18홀,tr_220411958
벨라스톤,2026-09-26,13:21,149000,golfpang,,,18홀,tr_220411959
아난티중앙(야간),2026-09-26,18:38,140000,golfpang,,,18홀,tr_220411464
아난티중앙(야간),2026-09-26,17:44,140000,golfpang,,,18홀,tr_220411463
마론뉴데이(구),2026-09-26,07:48,155000,golfpang,,,18홀,tr_220403937
에델바이스(가명),2026-09-26,06:35,200000,golfpang,,,18홀,tr_220403510
에델바이스(가명),2026-09-26,06:35,200000,golfpang,,,18홀,tr_220403509
센테리움,2026-09-26,06:46,129000,golfpang,,,18홀,tr_220401561
세현,2026-09-26,19:26,160000,golfpang,,,18홀,tr_220199860
벨라스톤,2026-09-26,13:28,150000,golfpang,,,18홀,tr_220200660
대영힐스,2026-09-26,11:59,130000,golfpang,,,18홀,tr_220199544
양지파인,2026-09-26,12:21,160000,golfpang,,,18홀,tr_220200560
에덴블루,2026-09-26,12:16,210000,golfpang,,,18홀,tr_220200300
클럽72,2026-09-26,12:16,220000,golfpang,,,18홀,tr_220200468
알프스대영,2026-09-26,12:10,115000,golfpang,,,18홀,tr_220199964
해솔리아,2026-09-26,12:41,200000,golfpang,,,18홀,tr_220201238
포천힐스,2026-09-26,12:38,190000,golfpang,,,18홀,tr_220200820
오너스,2026-09-26,12:37,170000,golfpang,,,18홀,tr_220199823
파주,2026-09-26,10:56,260000,golfpang,,,18홀,tr_220200737
킹스데일,2026-09-26,13:24,165000,golfpang,,,18홀,tr_220199788
한림광릉,2026-09-26,13:37,190000,golfpang,,,18홀,tr_220200429
세현,2026-09-26,13:37,210000,golfpang,,,18홀,tr_220199858
속리산cc,2026-09-26,13:37,140000,golfpang,,,18홀,tr_220200974
세레니티-강촌,2026-09-26,13:34,170000,golfpang,,,18홀,tr_220201268
이글몬트,2026-09-26,13:46,170000,golfpang,,,18홀,tr_220200361
감곡,2026-09-26,14:03,150000,golfpang,,,18홀,tr_220200521
라싸,2026-09-26,14:03,189000,golfpang,,,18홀,tr_220200794
샤인데일,2026-09-26,13:58,130000,golfpang,,,18홀,tr_220201389
감곡,2026-09-26,13:56,150000,golfpang,,,18홀,tr_220200520
세현,2026-09-26,13:51,210000,golfpang,,,18홀,tr_220199859
모카cc,2026-09-26,14:17,130000,golfpang,,,18홀,tr_220201419
360도,2026-09-26,12:37,190000,golfpang,,,18홀,tr_220200073
파주,2026-09-26,12:34,260000,golfpang,,,18홀,tr_220200738
골프존 안성H,2026-09-26,12:28,190000,golfpang,,,18홀,tr_220200333
대영베이스,2026-09-26,12:25,135000,golfpang,,,18홀,tr_220199583
신라,2026-09-26,12:55,190000,golfpang,,,18홀,tr_220200117
세레니티-강촌,2026-09-26,12:52,170000,golfpang,,,18홀,tr_220201267
샤인데일,2026-09-26,12:48,150000,golfpang,,,18홀,tr_220201388
골프존 진천,2026-09-26,12:46,209000,golfpang,,,18홀,tr_220201041
골프존 화랑,2026-09-26,12:45,155000,golfpang,,,18홀,tr_220201073
써닝포인트,2026-09-26,12:44,205000,golfpang,,,18홀,tr_220200623
포천힐스,2026-09-26,13:06,190000,golfpang,,,18홀,tr_220200821
푸른솔포천,2026-09-26,12:59,220000,golfpang,,,18홀,tr_220200842
힐데스하임,2026-09-26,12:57,160000,golfpang,,,18홀,tr_220201159
양평TPC,2026-09-26,13:15,170000,golfpang,,,18홀,tr_220201095
스마트KU,2026-09-26,06:30,220000,golfpang,,,18홀,tr_220201205
스마트KU,2026-09-26,06:30,220000,golfpang,,,18홀,tr_220201204
라싸,2026-09-26,08:40,199000,golfpang,,,18홀,tr_220200793
샤인데일,2026-09-26,06:34,130000,golfpang,,,18홀,tr_220201387
솔모로,2026-09-26,08:36,200000,golfpang,,,18홀,tr_220200701
신라,2026-09-26,08:35,210000,golfpang,,,18홀,tr_220200116
라싸,2026-09-26,07:58,199000,golfpang,,,18홀,tr_220200792
양평TPC,2026-09-26,07:55,180000,golfpang,,,18홀,tr_220201094
해솔리아,2026-09-26,07:55,210000,golfpang,,,18홀,tr_220201236
킹스데일,2026-09-26,07:54,160000,golfpang,,,18홀,tr_220199787
클럽72,2026-09-26,07:52,220000,golfpang,,,18홀,tr_220200466
푸른솔포천,2026-09-26,07:52,240000,golfpang,,,18홀,tr_220200841
알프스대영,2026-09-26,07:50,139000,golfpang,,,18홀,tr_220199963
속리산cc,2026-09-26,07:48,160000,golfpang,,,18홀,tr_220200972
신라,2026-09-26,07:46,210000,golfpang,,,18홀,tr_220200115
힐데스하임,2026-09-26,07:45,160000,golfpang,,,18홀,tr_220201157
벨라스톤,2026-09-26,07:45,170000,golfpang,,,18홀,tr_220200658
써닝포인트,2026-09-26,08:13,245000,golfpang,,,18홀,tr_220200622
골프존 진천,2026-09-26,08:13,206000,golfpang,,,18홀,tr_220201040
모카cc,2026-09-26,08:11,145000,golfpang,,,18홀,tr_220201418
한림광릉,2026-09-26,08:09,210000,golfpang,,,18홀,tr_220200428
힐데스하임,2026-09-26,08:07,165000,golfpang,,,18홀,tr_220201158
대영힐스,2026-09-26,07:59,139000,golfpang,,,18홀,tr_220199543
클럽72,2026-09-26,08:27,230000,golfpang,,,18홀,tr_220200467
해솔리아,2026-09-26,08:23,210000,golfpang,,,18홀,tr_220201237
속리산cc,2026-09-26,08:23,160000,golfpang,,,18홀,tr_220200973
벨라스톤,2026-09-26,08:20,170000,golfpang,,,18홀,tr_220200659
에덴블루,2026-09-26,08:19,210000,golfpang,,,18홀,tr_220200299
오너스,2026-09-26,08:19,190000,golfpang,,,18홀,tr_220199822
360도,2026-09-26,08:15,217000,golfpang,,,18홀,tr_220200072
양지파인,2026-09-26,08:14,170000,golfpang,,,18홀,tr_220200559
대영베이스,2026-09-26,08:13,139000,golfpang,,,18홀,tr_220199582
골프존 안성H,2026-09-26,08:50,190000,golfpang,,,18홀,tr_220200332
골프존 화랑,2026-09-26,08:40,145000,golfpang,,,18홀,tr_220201072
클럽모우,2026-09-26,06:51,140000,golfpang,,,18홀,tr_220200048
클럽모우,2026-09-26,06:51,140000,golfpang,,,18홀,tr_220200047
한림광릉,2026-09-26,07:06,190000,golfpang,,,18홀,tr_220200427
골프존 안성H,2026-09-26,07:05,190000,golfpang,,,18홀,tr_220200331
솔모로,2026-09-26,07:05,200000,golfpang,,,18홀,tr_220200700
써닝포인트,2026-09-26,07:17,225000,golfpang,,,18홀,tr_220200621
알프스대영,2026-09-26,07:15,119000,golfpang,,,18홀,tr_220199962
골프존 진천,2026-09-26,07:31,201000,golfpang,,,18홀,tr_220201039
에덴블루,2026-09-26,07:27,200000,golfpang,,,18홀,tr_220200298
대영베이스,2026-09-26,07:27,129000,golfpang,,,18홀,tr_220199581
파주,2026-09-26,07:27,260000,golfpang,,,18홀,tr_220200736
감곡,2026-09-26,07:26,160000,golfpang,,,18홀,tr_220200519
포천힐스,2026-09-26,07:24,200000,golfpang,,,18홀,tr_220200819
이글몬트,2026-09-26,07:23,180000,golfpang,,,18홀,tr_220200360
세레니티-강촌,2026-09-26,07:40,210000,golfpang,,,18홀,tr_220201266
대영힐스,2026-09-26,07:38,129000,golfpang,,,18홀,tr_220199542
골프존 화랑,2026-09-26,07:37,135000,golfpang,,,18홀,tr_220201071
한림용인,2026-09-26,08:30,250000,golfpang,,,18홀,tr_220403272
한림용인,2026-09-26,06:59,215000,golfpang,,,18홀,tr_220403271
한림용인,2026-09-26,11:40,220000,golfpang,,,18홀,tr_220403273
솔모로,2026-09-26,06:58,200000,golfpang,,,18홀,tr_220402959
솔모로,2026-09-26,07:47,200000,golfpang,,,18홀,tr_220402960
써닝포인트,2026-09-26,06:56,175000,golfpang,,,18홀,tr_220402635
써닝포인트,2026-09-26,12:51,175000,golfpang,,,18홀,tr_220402636
써닝포인트,2026-09-26,06:07,165000,golfpang,,,18홀,tr_220402634
여주,2026-09-26,07:54,200000,golfpang,,,18홀,tr_220304905
스카이밸리,2026-09-26,13:11,170000,golfpang,,,18홀,tr_220402228
스카이밸리,2026-09-26,07:02,180000,golfpang,,,18홀,tr_220402160
모카cc,2026-09-26,13:42,130000,golfpang,,,18홀,tr_220057020
감곡,2026-09-26,13:56,150000,golfpang,,,18홀,tr_220010453
일레븐,2026-09-26,16:41,90000,golfpang,,,18홀,tr_220236126
임페리얼레이크,2026-09-26,16:30,119000,golfpang,,,18홀,tr_220279037
감곡,2026-09-26,17:10,130000,golfpang,,,18홀,tr_220010454
스타,2026-09-26,12:48,150000,golfpang,,,18홀,tr_220002654
힐데스하임,2026-09-26,13:19,155000,golfpang,,,18홀,tr_220170385
플라밍고,2026-09-26,13:18,130000,golfpang,,,18홀,tr_220117990
일레븐,2026-09-26,08:36,145000,golfpang,,,18홀,tr_220236125
코스카,2026-09-26,11:45,170000,golfpang,,,18홀,tr_219394143
로얄링스,2026-09-26,11:38,160000,golfpang,,,18홀,tr_220008545
일레븐,2026-09-26,11:32,140000,golfpang,,,18홀,tr_220236124
로얄포레,2026-09-26,11:17,129000,golfpang,,,18홀,tr_220274759
임페리얼레이크,2026-09-26,11:10,139000,golfpang,,,18홀,tr_220279036
대영베이스,2026-09-26,11:59,135000,golfpang,,,18홀,tr_220022658
보령베이스-퍼9,2026-09-26,11:56,119000,golfpang,,,18홀,tr_220148930
골프존 화랑,2026-09-26,11:56,155000,golfpang,,,18홀,tr_220262345
골든베이,2026-09-26,11:53,150000,golfpang,,,18홀,tr_219559108
대영힐스,2026-09-26,11:52,130000,golfpang,,,18홀,tr_220015688
올데이,2026-09-26,12:13,109000,golfpang,,,18홀,tr_220283353
골프존 진천,2026-09-26,12:39,209000,golfpang,,,18홀,tr_220215853
임페리얼레이크,2026-09-26,07:56,139000,golfpang,,,18홀,tr_220279035
로얄포레,2026-09-26,07:49,129000,golfpang,,,18홀,tr_220274758
힐데스하임,2026-09-26,07:45,160000,golfpang,,,18홀,tr_220170383
대영베이스,2026-09-26,08:13,139000,golfpang,,,18홀,tr_220022657
골프존 진천,2026-09-26,08:13,206000,golfpang,,,18홀,tr_220215852
올데이,2026-09-26,08:10,119000,golfpang,,,18홀,tr_220283352
코스카,2026-09-26,08:07,190000,golfpang,,,18홀,tr_219394142
대영힐스,2026-09-26,07:59,139000,golfpang,,,18홀,tr_220015687
로얄링스,2026-09-26,07:59,160000,golfpang,,,18홀,tr_220008544
스타,2026-09-26,08:29,170000,golfpang,,,18홀,tr_220002653
골든베이,2026-09-26,08:29,150000,golfpang,,,18홀,tr_219559106
모카cc,2026-09-26,08:18,145000,golfpang,,,18홀,tr_220057019
플라밍고,2026-09-26,08:40,150000,golfpang,,,18홀,tr_220117989
보령베이스-퍼9,2026-09-26,06:43,99000,golfpang,,,18홀,tr_220148928
골프존 화랑,2026-09-26,06:55,125000,golfpang,,,18홀,tr_220262343
로얄포레,2026-09-26,07:07,119000,golfpang,,,18홀,tr_220274757
힐데스하임,2026-09-26,07:07,150000,golfpang,,,18홀,tr_220170384
스타,2026-09-26,07:19,150000,golfpang,,,18홀,tr_220002652
골프존 화랑,2026-09-26,07:30,135000,golfpang,,,18홀,tr_220262344
올데이,2026-09-26,07:28,89000,golfpang,,,18홀,tr_220283351
대영베이스,2026-09-26,07:27,129000,golfpang,,,18홀,tr_220022656
감곡,2026-09-26,07:26,160000,golfpang,,,18홀,tr_220010452
보령베이스-퍼9,2026-09-26,07:39,119000,golfpang,,,18홀,tr_220148929
대영힐스,2026-09-26,07:38,129000,golfpang,,,18홀,tr_220015686
플라밍고,2026-09-26,07:37,140000,golfpang,,,18홀,tr_220117988
골프존 진천,2026-09-26,07:31,201000,golfpang,,,18홀,tr_220215851
그린힐,2026-09-26,14:03,150000,golfpang,,,18홀,tr_220402087
오로라,2026-09-26,12:18,160000,golfpang,,,18홀,tr_220213941
웰리힐리,2026-09-26,12:14,190000,golfpang,,,18홀,tr_220288923
알프스대영,2026-09-26,12:10,115000,golfpang,,,18홀,tr_220037741
옥스필드,2026-09-26,11:45,119000,golfpang,,,18홀,tr_220287671
동원썬밸리,2026-09-26,08:33,190000,golfpang,,,18홀,tr_219795973
동강시스타,2026-09-26,13:14,110000,golfpang,,,18홀,tr_218134536
동원썬밸리,2026-09-26,12:32,190000,golfpang,,,18홀,tr_219795974
센추리21,2026-09-26,18:29,90000,golfpang,,,18홀,tr_220212088
알펜시아700,2026-09-26,18:05,90000,golfpang,,,18홀,tr_219583709
동강시스타,2026-09-26,17:24,80000,golfpang,,,18홀,tr_218134537
센추리21,2026-09-26,17:26,90000,golfpang,,,18홀,tr_220212087
알펜시아700,2026-09-26,17:30,100000,golfpang,,,18홀,tr_219583708
벨라스톤,2026-09-26,17:31,109000,golfpang,,,18홀,tr_219822621
웰리힐리,2026-09-26,13:30,190000,golfpang,,,18홀,tr_220288924
벨라스톤,2026-09-26,13:21,150000,golfpang,,,18홀,tr_219822620
알프스대영,2026-09-26,07:36,129000,golfpang,,,18홀,tr_220037740
옥스필드,2026-09-26,07:42,109000,golfpang,,,18홀,tr_220287670
알펜시아700,2026-09-26,07:01,110000,golfpang,,,18홀,tr_219583707
웰리힐리,2026-09-26,07:10,190000,golfpang,,,18홀,tr_220288922
센추리21,2026-09-26,06:56,140000,golfpang,,,18홀,tr_220212086
오로라,2026-09-26,06:58,150000,golfpang,,,18홀,tr_220213939
벨라스톤,2026-09-26,08:41,170000,golfpang,,,18홀,tr_219822619
동강시스타,2026-09-26,08:43,120000,golfpang,,,18홀,tr_218134535
오로라,2026-09-26,08:08,160000,golfpang,,,18홀,tr_220213940
옥스필드,2026-09-26,08:10,119000,golfpang,,,18홀,tr_220287669
알프스대영,2026-09-26,07:50,139000,golfpang,,,18홀,tr_220037739
남춘천,2026-09-26,12:06,170000,golfpang,,,18홀,tr_219891728
포레스트힐,2026-09-26,06:30,200000,golfpang,,,18홀,tr_220239740
스마트KU,2026-09-26,06:30,220000,golfpang,,,18홀,tr_220026939
포천힐스,2026-09-26,06:28,190000,golfpang,,,18홀,tr_220057416
포레스트힐,2026-09-26,18:52,150000,golfpang,,,18홀,tr_220239739
오너스,2026-09-26,07:37,130000,golfpang,,,18홀,tr_220289316
샤인데일,2026-09-26,17:22,95000,golfpang,,,18홀,tr_220103295
포천힐스,2026-09-26,07:24,200000,golfpang,,,18홀,tr_220057417
몽베르,2026-09-26,07:24,260000,golfpang,,,18홀,tr_219672950
포레스트힐,2026-09-26,07:19,200000,golfpang,,,18홀,tr_220336772
몽베르(대중제),2026-09-26,13:07,180000,golfpang,,,18홀,tr_220002243
클럽모우,2026-09-26,07:05,140000,golfpang,,,18홀,tr_220214211
한림광릉,2026-09-26,07:06,190000,golfpang,,,18홀,tr_220261416
몽베르,2026-09-26,12:42,260000,golfpang,,,18홀,tr_219672951
샤인데일,2026-09-26,06:55,150000,golfpang,,,18홀,tr_220103293
푸른솔포천,2026-09-26,06:56,210000,golfpang,,,18홀,tr_218783621
푸른솔포천,2026-09-26,12:52,210000,golfpang,,,18홀,tr_218783622
몽베르(대중제),2026-09-26,08:32,220000,golfpang,,,18홀,tr_220002241
클럽모우,2026-09-26,06:51,140000,golfpang,,,18홀,tr_220214210
샤인데일,2026-09-26,13:51,130000,golfpang,,,18홀,tr_220103294
포천힐스,2026-09-26,12:10,190000,golfpang,,,18홀,tr_220057418
한림광릉,2026-09-26,08:16,210000,golfpang,,,18홀,tr_220261417
오너스,2026-09-26,08:26,140000,golfpang,,,18홀,tr_220289317
남춘천,2026-09-26,08:08,180000,golfpang,,,18홀,tr_219891727
몽베르,2026-09-26,13:30,250000,golfpang,,,18홀,tr_219672952
몽베르(대중제),2026-09-26,11:50,200000,golfpang,,,18홀,tr_220002242
한림광릉,2026-09-26,13:37,190000,golfpang,,,18홀,tr_220261418
신라,2026-09-26,11:59,190000,golfpang,,,18홀,tr_220288167
360도,2026-09-26,11:52,190000,golfpang,,,18홀,tr_220009199
양지파인,2026-09-26,12:21,160000,golfpang,,,18홀,tr_220149525
골프존 안성H,2026-09-26,12:07,190000,golfpang,,,18홀,tr_220057834
여주,2026-09-26,07:54,200000,golfpang,,,18홀,tr_220239165
신라,2026-09-26,07:46,190000,golfpang,,,18홀,tr_220288166
에덴블루,2026-09-26,08:12,157500,golfpang,,,18홀,tr_220002023
클럽72,2026-09-26,07:59,220000,golfpang,,,18홀,tr_220152719
양지파인,2026-09-26,08:29,170000,golfpang,,,18홀,tr_220149524
클럽72,2026-09-26,08:27,230000,golfpang,,,18홀,tr_220152720
해솔리아,2026-09-26,08:27,210000,golfpang,,,18홀,tr_220289215
360도,2026-09-26,08:15,217000,golfpang,,,18홀,tr_220009198
골프존 안성H,2026-09-26,08:57,190000,golfpang,,,18홀,tr_220057833
히든밸리,2026-09-26,08:41,180000,golfpang,,,18홀,tr_220055898
빅토리아-퍼9,2026-09-26,06:35,119000,golfpang,,,18홀,tr_220212971
양평TPC,2026-09-26,06:52,160000,golfpang,,,18홀,tr_220241942
신라,2026-09-26,06:50,170000,golfpang,,,18홀,tr_220288165
크리스밸리,2026-09-26,06:58,170000,golfpang,,,18홀,tr_220145216
신안(오렌지),2026-09-26,06:56,110000,golfpang,,,18홀,tr_218792469
클럽72-오션,2026-09-26,07:11,270000,golfpang,,,18홀,tr_220165662
에덴블루,2026-09-26,07:20,150000,golfpang,,,18홀,tr_220002022
써닝포인트,2026-09-26,07:17,245000,golfpang,,,18홀,tr_218901654
아세코밸리-퍼9,2026-09-26,07:15,140000,golfpang,,,18홀,tr_220032297
솔모로,2026-09-26,07:12,200000,golfpang,,,18홀,tr_220215301
이천(비공개명문),2026-09-26,07:38,269000,golfpang,,,18홀,tr_220011760
리베라,2026-09-26,06:07,220000,golfpang,,,18홀,tr_218815510
더헤븐,2026-09-26,06:02,230000,golfpang,,,18홀,tr_220213550
더헤븐,2026-09-26,05:47,220000,golfpang,,,18홀,tr_220213549
마론뉴데이,2026-09-26,06:29,175000,golfpang,,,18홀,tr_220138901
에델바이스(가명),2026-09-26,06:28,200000,golfpang,,,18홀,tr_220213626
용인(비공개),2026-09-26,06:25,179000,golfpang,,,18홀,tr_220241579
솔모로,2026-09-26,06:37,200000,golfpang,,,18홀,tr_220215300
써닝포인트,2026-09-26,13:19,215000,golfpang,,,18홀,tr_218901653
이글몬트,2026-09-26,13:46,170000,golfpang,,,18홀,tr_220261340
더헤븐,2026-09-26,16:30,210000,golfpang,,,18홀,tr_220213551
골프존 안성H,2026-09-26,14:27,190000,golfpang,,,18홀,tr_220057835
용인(비공개),2026-09-26,17:21,150000,golfpang,,,18홀,tr_220241580
해솔리아,2026-09-26,17:08,150000,golfpang,,,18홀,tr_220289217
아세코밸리-퍼9,2026-09-26,17:03,120000,golfpang,,,18홀,tr_220032299
솔트베이,2026-09-26,17:47,179000,golfpang,,,18홀,tr_220214439
아난티중앙(야간),2026-09-26,17:44,140000,golfpang,,,18홀,tr_220213677
리베라,2026-09-26,18:10,160000,golfpang,,,18홀,tr_218815511
아난티중앙(야간),2026-09-26,18:38,140000,golfpang,,,18홀,tr_220213678
용인(비공개),2026-09-26,18:31,150000,golfpang,,,18홀,tr_220241581
리베라,2026-09-26,19:06,160000,golfpang,,,18홀,tr_218815512
솔트베이,2026-09-26,18:57,169000,golfpang,,,18홀,tr_220214440
해솔리아,2026-09-26,12:37,200000,golfpang,,,18홀,tr_220289216
아세코밸리-퍼9,2026-09-26,12:23,140000,golfpang,,,18홀,tr_220032298
스카이밸리,2026-09-26,12:43,190000,golfpang,,,18홀,tr_220105918
신안(오렌지),2026-09-26,13:07,110000,golfpang,,,18홀,tr_218792470
여주,2026-09-26,13:04,190000,golfpang,,,18홀,tr_220239166
양평TPC,2026-09-26,13:01,160000,golfpang,,,18홀,tr_220241943
빅토리아-퍼9,2026-09-26,13:13,119000,golfpang,,,18홀,tr_220212973
이천(비공개명문),2026-09-26,13:08,222000,golfpang,,,18홀,tr_220011761
이글몬트,2026-09-26,08:40,180000,golfpang,,,18홀,tr_220261339
스카이밸리,2026-09-26,08:33,200000,golfpang,,,18홀,tr_220105917
클럽72-오션,2026-09-26,11:49,270000,golfpang,,,18홀,tr_220165663
빅토리아-퍼9,2026-09-26,11:42,124000,golfpang,,,18홀,tr_220212972
히든밸리,2026-09-26,11:41,170000,golfpang,,,18홀,tr_220055899
클럽72,2026-09-26,11:27,220000,golfpang,,,18홀,tr_220152721
써닝포인트,2026-09-26,11:20,225000,golfpang,,,18홀,tr_218901655
에덴블루,2026-09-26,12:02,157500,golfpang,,,18홀,tr_220002024
크리스밸리,2026-09-26,11:59,180000,golfpang,,,18홀,tr_220145217
이포,2026-09-26,12:05,200000,golfpang,,,18홀,tr_217238253
이포,2026-09-26,08:13,230000,golfpang,,,18홀,tr_217238248
솔라고,2026-09-26,14:10,140000,golfpang,,,18홀,tr_220402060
남춘천,2026-09-26,06:46,160000,golfpang,,,18홀,tr_220401616
남춘천,2026-09-26,13:28,160000,golfpang,,,18홀,tr_220401617
서산수,2026-09-26,06:57,190000,golfpang,,,18홀,tr_220401521
서산수,2026-09-26,11:58,190000,golfpang,,,18홀,tr_220401522
비에이비스타,2026-09-26,12:50,160000,golfpang,,,18홀,tr_219336328
아난티중앙(야간),2026-09-26,18:02,140000,golfpang,,,18홀,tr_220401054
아난티중앙(야간),2026-09-26,17:44,140000,golfpang,,,18홀,tr_220401053
알펜시아700,2026-09-26,12:07,130000,golfpang,,,18홀,tr_219813463
골프존 안성H,2026-09-26,13:24,190000,golfpang,,,18홀,tr_220088918
알펜시아700,2026-09-26,13:24,120000,golfpang,,,18홀,tr_219813464
대영힐스,2026-09-26,13:23,125000,golfpang,,,18홀,tr_220029610
샤인데일,2026-09-26,13:23,130000,golfpang,,,18홀,tr_220126209
양평TPC,2026-09-26,13:22,160000,golfpang,,,18홀,tr_219996696
세현,2026-09-26,13:37,210000,golfpang,,,18홀,tr_219995891
벨라스톤,2026-09-26,13:35,150000,golfpang,,,18홀,tr_219821022
세현,2026-09-26,13:51,210000,golfpang,,,18홀,tr_219995893
힐데스하임,2026-09-26,13:42,150000,golfpang,,,18홀,tr_220013662
오로라,2026-09-26,13:42,160000,golfpang,,,18홀,tr_220151763
모카cc,2026-09-26,13:42,130000,golfpang,,,18홀,tr_220150128
감곡,2026-09-26,13:42,150000,golfpang,,,18홀,tr_219654685
클럽모우,2026-09-26,13:41,140000,golfpang,,,18홀,tr_220118067
클럽모우,2026-09-26,14:09,140000,golfpang,,,18홀,tr_220118068
대영힐스,2026-09-26,12:25,129000,golfpang,,,18홀,tr_220029609
아세코밸리-퍼9,2026-09-26,12:23,140000,golfpang,,,18홀,tr_219996569
에덴블루,2026-09-26,12:54,157500,golfpang,,,18홀,tr_220182472
푸른솔포천,2026-09-26,12:52,220000,golfpang,,,18홀,tr_219914191
속리산cc,2026-09-26,12:48,150000,golfpang,,,18홀,tr_219652159
서산수,2026-09-26,12:47,190000,golfpang,,,18홀,tr_219818421
오로라,2026-09-26,12:46,160000,golfpang,,,18홀,tr_220151762
아세코밸리-퍼9,2026-09-26,12:44,140000,golfpang,,,18홀,tr_219996570
포천힐스,2026-09-26,13:06,190000,golfpang,,,18홀,tr_220100196
대영베이스,2026-09-26,13:05,135000,golfpang,,,18홀,tr_220026604
플라밍고,2026-09-26,13:04,140000,golfpang,,,18홀,tr_219459277
여주,2026-09-26,13:04,190000,golfpang,,,18홀,tr_220012075
일레븐,2026-09-26,13:03,170000,golfpang,,,18홀,tr_220127086
파주,2026-09-26,13:02,260000,golfpang,,,18홀,tr_220149828
파주타이거,2026-09-26,13:01,200000,golfpang,,,18홀,tr_220149931
360도,2026-09-26,13:00,180000,golfpang,,,18홀,tr_219995678
양지파인,2026-09-26,12:59,160000,golfpang,,,18홀,tr_219996647
힐데스하임,2026-09-26,12:57,160000,golfpang,,,18홀,tr_220013661
젠스필드,2026-09-26,12:57,160000,golfpang,,,18홀,tr_220105473
남춘천,2026-09-26,12:55,170000,golfpang,,,18홀,tr_220114847
속리산cc,2026-09-26,13:16,150000,golfpang,,,18홀,tr_219652160
벨라스톤,2026-09-26,13:14,150000,golfpang,,,18홀,tr_219821021
빅토리아-퍼9,2026-09-26,13:13,114000,golfpang,,,18홀,tr_219995794
써닝포인트,2026-09-26,13:12,205000,golfpang,,,18홀,tr_219996452
클럽72,2026-09-26,13:12,210000,golfpang,,,18홀,tr_219997032
이글몬트,2026-09-26,13:11,170000,golfpang,,,18홀,tr_219952555
샤인데일,2026-09-26,13:09,130000,golfpang,,,18홀,tr_220126208
신라,2026-09-26,13:09,190000,golfpang,,,18홀,tr_220121080
알프스대영,2026-09-26,13:27,109000,golfpang,,,18홀,tr_219998017
젠스필드,2026-09-26,11:40,170000,golfpang,,,18홀,tr_220105472
클럽72,2026-09-26,11:34,220000,golfpang,,,18홀,tr_219997031
일레븐,2026-09-26,11:32,190000,golfpang,,,18홀,tr_220127085
보령베이스-퍼9,2026-09-26,11:28,119000,golfpang,,,18홀,tr_219647000
써닝포인트,2026-09-26,11:27,205000,golfpang,,,18홀,tr_219996451
대영베이스,2026-09-26,11:25,139000,golfpang,,,18홀,tr_220026603
파주,2026-09-26,11:24,260000,golfpang,,,18홀,tr_220149827
에덴블루,2026-09-26,12:02,157500,golfpang,,,18홀,tr_220182471
크리스밸리,2026-09-26,11:59,180000,golfpang,,,18홀,tr_219996987
알프스대영,2026-09-26,11:56,109000,golfpang,,,18홀,tr_219998016
파주타이거,2026-09-26,11:51,210000,golfpang,,,18홀,tr_220149930
킹스데일,2026-09-26,13:24,165000,golfpang,,,18홀,tr_220014439
빅토리아-퍼9,2026-09-26,12:38,119000,golfpang,,,18홀,tr_219995793
기흥(비공개),2026-09-26,08:12,270000,golfpang,,,18홀,tr_219160469
기흥(비공개),2026-09-26,12:08,270000,golfpang,,,18홀,tr_219160472
속초(비공개),2026-09-26,12:42,398000,golfpang,,,36홀,tr_208386366
골프존 천안,2026-09-26,12:40,370000,golfpang,,,36홀,tr_211065750
킹즈락,2026-09-26,12:36,393000,golfpang,,,36홀,tr_207256810
속초(비공개),2026-09-26,12:42,456000,golfpang,,,36홀,tr_206804698
강릉(비공개),2026-09-26,12:15,450000,golfpang,,,36홀,tr_209184933
파인리즈,2026-09-26,13:04,496000,golfpang,,,36홀,tr_208360261
속리산cc,2026-09-26,13:16,320000,golfpang,,,36홀,tr_216004858
블랙밸리,2026-09-26,13:10,285000,golfpang,,,36홀,tr_208979369
동강시스타,2026-09-26,14:03,360000,golfpang,,,36홀,tr_220033737
양지파인,2026-09-26,06:37,150000,golfpang,,,18홀,tr_219781298
킹스데일,2026-09-26,06:44,150000,golfpang,,,18홀,tr_220216092
알펜시아700,2026-09-26,06:40,100000,golfpang,,,18홀,tr_220216163
양평TPC,2026-09-26,06:52,180000,golfpang,,,18홀,tr_219781335
빅토리아-퍼9,2026-09-26,06:49,119000,golfpang,,,18홀,tr_220033055
빅토리아-퍼9,2026-09-26,07:10,124000,golfpang,,,18홀,tr_220033056
그린힐,2026-09-26,07:03,170000,golfpang,,,18홀,tr_219780726
알펜시아명문,2026-09-26,07:03,130000,golfpang,,,18홀,tr_220216189
남춘천,2026-09-26,07:14,170000,golfpang,,,18홀,tr_220221217
킹스데일,2026-09-26,07:12,155000,golfpang,,,18홀,tr_220216093
알펜시아700,2026-09-26,07:29,110000,golfpang,,,18홀,tr_220216164
골프존 안성H,2026-09-26,07:26,190000,golfpang,,,18홀,tr_219781627
골프존 천안,2026-09-26,07:22,182000,golfpang,,,18홀,tr_218474647
여주,2026-09-26,07:40,200000,golfpang,,,18홀,tr_220012582
오너스,2026-09-26,07:37,130000,golfpang,,,18홀,tr_220291198
플라밍고,2026-09-26,07:37,150000,golfpang,,,18홀,tr_220217724
골프존 안성H,2026-09-26,07:33,190000,golfpang,,,18홀,tr_219781628
파인스톤,2026-09-26,07:31,240000,golfpang,,,18홀,tr_220220150
여주,2026-09-26,07:54,200000,golfpang,,,18홀,tr_220012583
이글몬트,2026-09-26,08:12,180000,golfpang,,,18홀,tr_220121378
오너스,2026-09-26,08:26,140000,golfpang,,,18홀,tr_220291199
벨라스톤,2026-09-26,08:20,170000,golfpang,,,18홀,tr_220216123
알펜시아명문,2026-09-26,08:13,150000,golfpang,,,18홀,tr_220216190
알펜시아명문,2026-09-26,11:42,180000,golfpang,,,18홀,tr_220216191
360도,2026-09-26,11:52,190000,golfpang,,,18홀,tr_219780683
파인스톤,2026-09-26,11:52,240000,golfpang,,,18홀,tr_220220151
빅토리아-퍼9,2026-09-26,12:17,124000,golfpang,,,18홀,tr_220033057
신라,2026-09-26,12:41,190000,golfpang,,,18홀,tr_219781088
신라,2026-09-26,12:27,190000,golfpang,,,18홀,tr_219781087
그린힐,2026-09-26,12:53,180000,golfpang,,,18홀,tr_219780727
골프존 천안,2026-09-26,12:44,173000,golfpang,,,18홀,tr_218474648
이글몬트,2026-09-26,12:43,170000,golfpang,,,18홀,tr_220121379
파인스톤,2026-09-26,13:02,220000,golfpang,,,18홀,tr_220220152
신라,2026-09-26,13:09,190000,golfpang,,,18홀,tr_219781089
벨라스톤,2026-09-26,13:21,150000,golfpang,,,18홀,tr_220216124
양평TPC,2026-09-26,13:36,160000,golfpang,,,18홀,tr_219781336
알펜시아700,2026-09-26,13:59,120000,golfpang,,,18홀,tr_220216165
양지파인,2026-09-26,13:51,150000,golfpang,,,18홀,tr_219781299
힐데스하임,2026-09-26,14:19,140000,golfpang,,,18홀,tr_220217524
용인(비공개),2026-09-26,17:21,150000,golfpang,,,18홀,tr_219781561
그린힐,2026-09-26,17:49,110000,golfpang,,,18홀,tr_219780728
용인플라자,2026-09-26,06:10,180000,golfpang,,,18홀,tr_220315474
용인플라자,2026-09-26,06:10,180000,golfpang,,,18홀,tr_220315473
용인플라자,2026-09-26,06:10,180000,golfpang,,,18홀,tr_220315472
힐데스하임,2026-09-26,06:22,135000,golfpang,,,18홀,tr_220217523
360도,2026-09-26,06:15,197000,golfpang,,,18홀,tr_219780682
용인(비공개),2026-09-26,06:32,179000,golfpang,,,18홀,tr_219781559
남춘천,2026-09-26,06:32,160000,golfpang,,,18홀,tr_220221216
스마트KU,2026-09-26,06:30,220000,golfpang,,,18홀,tr_220233305
플라밍고,2026-09-26,06:27,140000,golfpang,,,18홀,tr_220217723
용인(비공개),2026-09-26,06:25,179000,golfpang,,,18홀,tr_219781560
로얄링스,2026-09-26,07:24,120000,golfpang,,,18홀,tr_219598207
비콘힐스,2026-09-26,17:37,90000,golfpang,,,18홀,tr_219892384
파인크리크,2026-09-26,07:30,270000,golfpang,,,18홀,tr_219839933
솔트베이,2026-09-26,07:04,239000,golfpang,,,18홀,tr_220398626
신안(병행),2026-09-26,08:13,150000,golfpang,,,18홀,tr_219552983
감곡,2026-09-26,08:00,160000,golfpang,,,18홀,tr_219552985
로제비앙(구.큐로cc),2026-09-26,07:51,220000,golfpang,,,18홀,tr_220105150
신안(오렌지),2026-09-26,07:31,110000,golfpang,,,18홀,tr_219552987
신안(병행),2026-09-26,19:20,100000,golfpang,,,18홀,tr_220070378
신안(병행),2026-09-26,18:03,100000,golfpang,,,18홀,tr_220070377
신안(병행),2026-09-26,17:35,110000,golfpang,,,18홀,tr_220070376
신라,2026-09-26,12:55,190000,golfpang,,,18홀,tr_220104513
신라,2026-09-26,07:18,200000,golfpang,,,18홀,tr_220104514
신라,2026-09-26,06:50,190000,golfpang,,,18홀,tr_220104512
스카이밸리,2026-09-26,13:00,170000,golfpang,,,18홀,tr_217314044
플라밍고,2026-09-26,19:00,80000,golfpang,,,18홀,tr_220036859
스카이밸리,2026-09-26,06:50,180000,golfpang,,,18홀,tr_217314036
플라밍고,2026-09-26,06:48,130000,golfpang,,,18홀,tr_219777706
플라밍고,2026-09-26,13:00,130000,golfpang,,,18홀,tr_219777709
그린힐,2026-09-26,14:00,150000,golfpang,,,18홀,tr_219822090
비콘힐스,2026-09-26,17:30,90000,golfpang,,,18홀,tr_220036795
에덴블루,2026-09-26,13:39,150000,golfpang,,,18홀,tr_220396959
힐데스하임,2026-09-26,13:04,150000,golfpang,,,18홀,tr_220395992
에덴블루,2026-09-26,13:29,150000,golfpang,,,18홀,tr_220396958
에덴블루,2026-09-26,13:22,150000,golfpang,,,18홀,tr_220396957
골프존 화랑,2026-09-26,07:37,135000,golfpang,,,18홀,tr_220396744
골프존 화랑,2026-09-26,06:55,125000,golfpang,,,18홀,tr_220396743
골프존 화랑,2026-09-26,12:03,145000,golfpang,,,18홀,tr_220396745
코리아-퍼9,2026-09-26,15:38,130000,golfpang,,,18홀,tr_220396704
코리아-퍼9,2026-09-26,15:56,130000,golfpang,,,18홀,tr_220396705
용인(비공개),2026-09-26,17:14,150000,golfpang,,,18홀,tr_220396688
용인(비공개),2026-09-26,12:07,179000,golfpang,,,18홀,tr_220396687
용인(비공개),2026-09-26,07:14,179000,golfpang,,,18홀,tr_220396686
스타,2026-09-26,13:30,140000,golfpang,,,18홀,tr_220396516
스타,2026-09-26,13:30,140000,golfpang,,,18홀,tr_220396515
비에이비스타(퍼),2026-09-26,12:08,130000,golfpang,,,18홀,tr_220261807
스톤비치,2026-09-26,17:02,90000,golfpang,,,18홀,tr_217524010
킹스데일,2026-09-26,14:00,155000,golfpang,,,18홀,tr_220023665
킹스데일,2026-09-26,07:00,150000,golfpang,,,18홀,tr_220023592
신안(병행),2026-09-26,08:34,150000,golfpang,,,18홀,tr_218836774
포레스트힐,2026-09-26,13:23,210000,golfpang,,,18홀,tr_218870103
그린힐,2026-09-26,07:38,170000,golfpang,,,18홀,tr_219820502
신안(오렌지),2026-09-26,06:56,110000,golfpang,,,18홀,tr_218870070
신안(병행),2026-09-26,11:50,150000,golfpang,,,18홀,tr_218836767
스톤비치,2026-09-26,07:59,120000,golfpang,,,18홀,tr_217523403
스톤비치,2026-09-26,16:48,90000,golfpang,,,18홀,tr_217523405
양평TPC,2026-09-26,13:01,160000,golfpang,,,18홀,tr_220392031
양평TPC,2026-09-26,06:52,160000,golfpang,,,18홀,tr_220392030
로얄링스,2026-09-26,07:52,120000,golfpang,,,18홀,tr_220346595
로얄링스,2026-09-26,12:20,120000,golfpang,,,18홀,tr_220346741
푸른솔포천,2026-09-26,06:49,210000,golfpang,,,18홀,tr_220391365
푸른솔포천,2026-09-26,13:41,200000,golfpang,,,18홀,tr_220391366
세현,2026-09-26,13:30,210000,golfpang,,,18홀,tr_220391286
세현,2026-09-26,19:05,160000,golfpang,,,18홀,tr_220391287
신라,2026-09-26,13:44,180000,golfpang,,,18홀,tr_220390856
신라,2026-09-26,06:50,170000,golfpang,,,18홀,tr_220390854
신라,2026-09-26,07:18,180000,golfpang,,,18홀,tr_220390855
서원힐스,2026-09-26,05:25,190000,golfpang,,,18홀,tr_220390680
서원힐스,2026-09-26,05:32,190000,golfpang,,,18홀,tr_220390682
서원힐스,2026-09-26,05:32,190000,golfpang,,,18홀,tr_220390681
샤인데일,2026-09-26,13:51,130000,golfpang,,,18홀,tr_220390507
샤인데일,2026-09-26,17:29,95000,golfpang,,,18홀,tr_220390508
샤인데일,2026-09-26,07:37,150000,golfpang,,,18홀,tr_220390506
써닝포인트,2026-09-26,13:05,175000,golfpang,,,18홀,tr_220390404
써닝포인트,2026-09-26,12:30,175000,golfpang,,,18홀,tr_220390403
써닝포인트,2026-09-26,06:56,175000,golfpang,,,18홀,tr_220390402
360도,2026-09-26,13:15,180000,golfpang,,,18홀,tr_220389904
360도,2026-09-26,11:52,190000,golfpang,,,18홀,tr_220389903
한림광릉,2026-09-26,13:37,190000,golfpang,,,18홀,tr_219995642
파주,2026-09-26,16:38,190000,golfpang,,,18홀,tr_220314844
푸른솔포천,2026-09-26,07:45,230000,golfpang,,,18홀,tr_220315089
포천힐스,2026-09-26,07:45,200000,golfpang,,,18홀,tr_220139228
파주타이거,2026-09-26,07:45,210000,golfpang,,,18홀,tr_220199505
베뉴지,2026-09-26,07:26,179000,golfpang,,,18홀,tr_219780343
한림광릉,2026-09-26,12:13,210000,golfpang,,,18홀,tr_219995641
베뉴지,2026-09-26,13:23,169000,golfpang,,,18홀,tr_219780344
푸른솔포천,2026-09-26,11:56,230000,golfpang,,,18홀,tr_220315090
파주타이거,2026-09-26,12:33,200000,golfpang,,,18홀,tr_220199506
한림광릉,2026-09-26,07:55,190000,golfpang,,,18홀,tr_219995640
파주타이거,2026-09-26,13:36,190000,golfpang,,,18홀,tr_220199507
서원힐스,2026-09-26,05:32,190000,golfpang,,,18홀,tr_220288558
마론뉴데이,2026-09-26,13:19,175000,golfpang,,,18홀,tr_220034400
양평TPC,2026-09-26,13:22,160000,golfpang,,,18홀,tr_220307289
마론뉴데이,2026-09-26,12:33,175000,golfpang,,,18홀,tr_220034399
양지파인,2026-09-26,12:06,160000,golfpang,,,18홀,tr_220306211
해솔리아,2026-09-26,08:27,210000,golfpang,,,18홀,tr_220289104
양지파인,2026-09-26,08:29,170000,golfpang,,,18홀,tr_220306210
안성(비공개),2026-09-26,08:36,160000,golfpang,,,18홀,tr_220138594
이글몬트,2026-09-26,07:58,180000,golfpang,,,18홀,tr_219841374
마론뉴데이,2026-09-26,07:21,175000,golfpang,,,18홀,tr_220034398
양평TPC,2026-09-26,06:52,180000,golfpang,,,18홀,tr_220307288
해솔리아,2026-09-26,11:27,210000,golfpang,,,18홀,tr_220289105
해솔리아,2026-09-26,17:01,150000,golfpang,,,18홀,tr_220289106
이글몬트,2026-09-26,13:11,170000,golfpang,,,18홀,tr_219841375
알프스대영,2026-09-26,06:40,99000,golfpang,,,18홀,tr_220385474
알프스대영,2026-09-26,12:31,125000,golfpang,,,18홀,tr_220385475
알프스대영,2026-09-26,17:43,69000,golfpang,,,18홀,tr_220385476
감곡,2026-09-26,18:06,120000,golfpang,,,18홀,tr_220383261
감곡,2026-09-26,07:54,160000,golfpang,,,18홀,tr_220383259
감곡,2026-09-26,12:18,150000,golfpang,,,18홀,tr_220383260
클럽D 거창,2026-09-26,07:54,135000,golfpang,,,18홀,tr_220328017
클럽D 거창,2026-09-26,06:58,100000,golfpang,,,18홀,tr_220328016
해솔리아,2026-09-26,17:08,150000,golfpang,,,18홀,tr_220377594
해솔리아,2026-09-26,13:05,200000,golfpang,,,18홀,tr_220377593
해솔리아,2026-09-26,06:56,200000,golfpang,,,18홀,tr_220377592
남춘천,2026-09-26,07:35,190000,golfpang,,,18홀,tr_220377539
남춘천,2026-09-26,12:34,190000,golfpang,,,18홀,tr_220377540
포레스트힐,2026-09-26,07:47,200000,golfpang,,,18홀,tr_220209180
포레스트힐,2026-09-26,13:23,189000,golfpang,,,18홀,tr_219330823
포레스트힐,2026-09-26,07:26,189000,golfpang,,,18홀,tr_219330800
양지파인,2026-09-26,13:59,150000,golfpang,,,18홀,tr_220376606
양지파인,2026-09-26,06:22,150000,golfpang,,,18홀,tr_220376605
더헤븐,2026-09-26,06:17,210000,golfpang,,,18홀,tr_220376560
더헤븐,2026-09-26,16:37,180000,golfpang,,,18홀,tr_220376561
더헤븐,2026-09-26,16:37,180000,golfpang,,,18홀,tr_220376562
그랜드(청주),2026-09-26,18:14,140000,golfpang,,,18홀,tr_220376533
빅토리아-퍼9,2026-09-26,06:56,119000,golfpang,,,18홀,tr_220375408
빅토리아-퍼9,2026-09-26,13:06,119000,golfpang,,,18홀,tr_220375409
빅토리아-퍼9,2026-09-26,17:10,99000,golfpang,,,18홀,tr_220375410
감곡,2026-09-26,14:10,150000,golfpang,,,18홀,tr_220375674
감곡,2026-09-26,14:03,150000,golfpang,,,18홀,tr_220375673
감곡,2026-09-26,14:03,150000,golfpang,,,18홀,tr_220375672
이글몬트,2026-09-26,08:12,180000,golfpang,,,18홀,tr_220371053
이글몬트,2026-09-26,11:40,170000,golfpang,,,18홀,tr_220371054
코스카,2026-09-26,07:53,170000,golfpang,,,18홀,tr_220371000
코스카,2026-09-26,11:45,170000,golfpang,,,18홀,tr_220371001
한원,2026-09-26,06:39,-1,golfpang,,,18홀,tr_220361820
한원,2026-09-26,17:14,-1,golfpang,,,18홀,tr_220361821
한원,2026-09-26,18:31,-1,golfpang,,,18홀,tr_220361822
양지파인,2026-09-26,06:22,150000,golfpang,,,18홀,tr_220349557
양지파인,2026-09-26,13:51,150000,golfpang,,,18홀,tr_220349558
센테리움,2026-09-26,13:18,129000,golfpang,,,18홀,tr_220348865
크리스밸리,2026-09-26,06:58,170000,golfpang,,,18홀,tr_220348734
크리스밸리,2026-09-26,11:52,180000,golfpang,,,18홀,tr_220348735
킹스데일,2026-09-26,06:44,155000,golfpang,,,18홀,tr_220348336
킹스데일,2026-09-26,13:24,170000,golfpang,,,18홀,tr_220348337
파주타이거,2026-09-26,12:40,200000,golfpang,,,18홀,tr_220347802
파주타이거,2026-09-26,11:37,210000,golfpang,,,18홀,tr_220347801
파주타이거,2026-09-26,07:45,210000,golfpang,,,18홀,tr_220347800
양평TPC,2026-09-26,06:52,160000,golfpang,,,18홀,tr_220258394
로얄링스,2026-09-26,11:38,120000,golfpang,,,18홀,tr_220346773
양평TPC,2026-09-26,13:01,160000,golfpang,,,18홀,tr_220258395
푸른솔포천,2026-09-26,12:03,230000,golfpang,,,18홀,tr_220346640
푸른솔포천,2026-09-26,06:49,210000,golfpang,,,18홀,tr_220346639
프린세스,2026-09-26,07:16,160000,golfpang,,,18홀,tr_220346201
프린세스,2026-09-26,13:07,160000,golfpang,,,18홀,tr_220346203
프린세스,2026-09-26,11:57,180000,golfpang,,,18홀,tr_220346202
한림광릉,2026-09-26,17:45,140000,golfpang,,,18홀,tr_219394438
한림광릉,2026-09-26,17:45,140000,golfpang,,,18홀,tr_220345931
한림광릉,2026-09-26,17:45,140000,golfpang,,,18홀,tr_220345933
한림광릉,2026-09-26,13:09,210000,golfpang,,,18홀,tr_220345953
한림광릉,2026-09-26,13:02,210000,golfpang,,,18홀,tr_220345952
한림광릉,2026-09-26,07:55,210000,golfpang,,,18홀,tr_220345951
아세코밸리-퍼9,2026-09-26,07:15,140000,golfpang,,,18홀,tr_220339463
아세코밸리-퍼9,2026-09-26,17:45,120000,golfpang,,,18홀,tr_220339465
아세코밸리-퍼9,2026-09-26,17:03,120000,golfpang,,,18홀,tr_220339464
오너스,2026-09-26,07:30,130000,golfpang,,,18홀,tr_220336564
오너스,2026-09-26,08:26,140000,golfpang,,,18홀,tr_220336565
에덴블루,2026-09-26,18:11,125000,golfpang,,,18홀,tr_220336260
에덴블루,2026-09-26,06:28,179000,golfpang,,,18홀,tr_220336258
에덴블루,2026-09-26,13:39,189000,golfpang,,,18홀,tr_220336259
아세코밸리-퍼9,2026-09-26,17:03,120000,golfpang,,,18홀,tr_220328430
아세코밸리-퍼9,2026-09-26,07:15,140000,golfpang,,,18홀,tr_220328428
아세코밸리-퍼9,2026-09-26,06:33,140000,golfpang,,,18홀,tr_220328429
대영베이스,2026-09-26,17:37,95000,golfpang,,,18홀,tr_220328264
대영베이스,2026-09-26,13:32,129000,golfpang,,,18홀,tr_220328263
대영베이스,2026-09-26,05:53,105000,golfpang,,,18홀,tr_220328262
에덴블루,2026-09-26,12:16,149200,golfpang,,,18홀,tr_220327165
에덴블루,2026-09-26,08:26,149200,golfpang,,,18홀,tr_220327164
에덴블루,2026-09-26,07:20,141700,golfpang,,,18홀,tr_220327163
오로라,2026-09-26,18:06,100000,golfpang,,,18홀,tr_220326468
오로라,2026-09-26,12:11,160000,golfpang,,,18홀,tr_220326467
오로라,2026-09-26,06:58,150000,golfpang,,,18홀,tr_220326466
오너스,2026-09-26,06:55,170000,golfpang,,,18홀,tr_220325366
오너스,2026-09-26,13:40,160000,golfpang,,,18홀,tr_220325367
센테리움,2026-09-26,07:14,139000,golfpang,,,18홀,tr_220324391
센테리움,2026-09-26,13:11,129000,golfpang,,,18홀,tr_220324392
로얄포레,2026-09-26,13:02,119000,golfpang,,,18홀,tr_220070568
대영힐스,2026-09-26,11:26,139000,golfpang,,,18홀,tr_220291229
로얄포레,2026-09-26,07:56,129000,golfpang,,,18홀,tr_220070567
임페리얼레이크,2026-09-26,07:56,149000,golfpang,,,18홀,tr_220304726
감곡,2026-09-26,07:33,160000,golfpang,,,18홀,tr_220131003
대영힐스,2026-09-26,07:38,129000,golfpang,,,18홀,tr_220291228
로얄포레,2026-09-26,16:37,109000,golfpang,,,18홀,tr_220070569
임페리얼레이크,2026-09-26,16:30,129000,golfpang,,,18홀,tr_220304728
감곡,2026-09-26,17:10,130000,golfpang,,,18홀,tr_220131005
대영힐스,2026-09-26,16:56,99000,golfpang,,,18홀,tr_220291230
감곡,2026-09-26,13:49,150000,golfpang,,,18홀,tr_220131004
임페리얼레이크,2026-09-26,13:09,139000,golfpang,,,18홀,tr_220304727
한원,2026-09-26,13:24,230000,golfpang,,,18홀,tr_220315665
한원,2026-09-26,06:53,230000,golfpang,,,18홀,tr_220315664
한원,2026-09-26,17:21,180000,golfpang,,,18홀,tr_220315666
힐데스하임,2026-09-26,06:52,135000,golfpang,,,18홀,tr_220315228
힐데스하임,2026-09-26,07:45,150000,golfpang,,,18홀,tr_220315229
힐데스하임,2026-09-26,12:57,155000,golfpang,,,18홀,tr_220315230
그린힐,2026-09-26,18:38,100000,golfpang,,,18홀,tr_220314802
그린힐,2026-09-26,18:38,100000,golfpang,,,18홀,tr_220314801
그린힐,2026-09-26,06:35,150000,golfpang,,,18홀,tr_220314800
양평TPC,2026-09-26,13:01,160000,golfpang,,,18홀,tr_220307485
양평TPC,2026-09-26,06:52,160000,golfpang,,,18홀,tr_220307484
양평TPC,2026-09-26,06:52,160000,golfpang,,,18홀,tr_220307325
양평TPC,2026-09-26,13:15,160000,golfpang,,,18홀,tr_220307326
그린힐,2026-09-26,06:42,150000,golfpang,,,18홀,tr_220220614
서산수,2026-09-26,06:57,190000,golfpang,,,18홀,tr_220217118
대영힐스,2026-09-26,07:38,129000,golfpang,,,18홀,tr_220230111
골프존 안성H,2026-09-26,07:33,190000,golfpang,,,18홀,tr_219951414
골프존 안성H,2026-09-26,07:33,190000,golfpang,,,18홀,tr_219951413
대영베이스,2026-09-26,07:27,129000,golfpang,,,18홀,tr_220222909
이글몬트,2026-09-26,07:23,180000,golfpang,,,18홀,tr_220129058
스카이밸리,2026-09-26,07:16,180000,golfpang,,,18홀,tr_218211456
감곡,2026-09-26,07:54,160000,golfpang,,,18홀,tr_220220397
감곡,2026-09-26,07:54,160000,golfpang,,,18홀,tr_220220396
모카cc,2026-09-26,07:50,140000,golfpang,,,18홀,tr_220217942
레인보우힐스,2026-09-26,10:20,255000,golfpang,,,18홀,tr_219568086
레인보우힐스,2026-09-26,09:40,255000,golfpang,,,18홀,tr_219568085
모카cc,2026-09-26,08:46,150000,golfpang,,,18홀,tr_220217941
벨라스톤,2026-09-26,08:20,170000,golfpang,,,18홀,tr_219816946
360도,2026-09-26,11:52,190000,golfpang,,,18홀,tr_220219653
대영힐스,2026-09-26,11:26,139000,golfpang,,,18홀,tr_220230112
대영베이스,2026-09-26,11:25,139000,golfpang,,,18홀,tr_220222910
스카이밸리,2026-09-26,12:22,170000,golfpang,,,18홀,tr_218211457
감곡,2026-09-26,12:18,150000,golfpang,,,18홀,tr_220220398
서산수,2026-09-26,12:12,190000,golfpang,,,18홀,tr_220217119
남춘천,2026-09-26,12:06,170000,golfpang,,,18홀,tr_220221234
대영힐스,2026-09-26,13:17,130000,golfpang,,,18홀,tr_220230113
벨라스톤,2026-09-26,13:14,150000,golfpang,,,18홀,tr_219816947
그린힐,2026-09-26,13:42,160000,golfpang,,,18홀,tr_220220615
이글몬트,2026-09-26,13:39,170000,golfpang,,,18홀,tr_220129059
세현,2026-09-26,13:37,210000,golfpang,,,18홀,tr_220023660
골프존 안성H,2026-09-26,13:31,190000,golfpang,,,18홀,tr_219951415
대영베이스,2026-09-26,16:57,109000,golfpang,,,18홀,tr_220222911
그린힐,2026-09-26,18:03,110000,golfpang,,,18홀,tr_220220616
세현,2026-09-26,19:05,160000,golfpang,,,18홀,tr_220023661
360도,2026-09-26,06:15,197000,golfpang,,,18홀,tr_220219652
남춘천,2026-09-26,06:46,160000,golfpang,,,18홀,tr_220221233
대영힐스,2026-09-26,12:51,135000,golfpang,,,18홀,tr_220307101
대영힐스,2026-09-26,12:18,135000,golfpang,,,18홀,tr_220307100
대영힐스,2026-09-26,17:45,89000,golfpang,,,18홀,tr_220307102
감곡,2026-09-26,14:10,150000,golfpang,,,18홀,tr_220306769
감곡,2026-09-26,07:47,160000,golfpang,,,18홀,tr_220306768
감곡,2026-09-26,17:10,130000,golfpang,,,18홀,tr_220306770
몽베르(대중제),2026-09-26,07:01,160000,golfpang,,,18홀,tr_220306529
몽베르(대중제),2026-09-26,06:47,160000,golfpang,,,18홀,tr_220306531
몽베르(대중제),2026-09-26,07:08,160000,golfpang,,,18홀,tr_220306530
대영베이스,2026-09-26,06:20,109000,golfpang,,,18홀,tr_220304853
대영베이스,2026-09-26,12:59,129000,golfpang,,,18홀,tr_220304854
골프존 화랑,2026-09-26,06:55,125000,golfpang,,,18홀,tr_220306009
골프존 화랑,2026-09-26,11:56,155000,golfpang,,,18홀,tr_220306011
골프존 화랑,2026-09-26,07:37,135000,golfpang,,,18홀,tr_220306010
오로라,2026-09-26,18:06,100000,golfpang,,,18홀,tr_220304171
오로라,2026-09-26,12:04,160000,golfpang,,,18홀,tr_220304170
오로라,2026-09-26,08:08,160000,golfpang,,,18홀,tr_220304169
감곡,2026-09-26,17:10,130000,golfpang,,,18홀,tr_220303928
감곡,2026-09-26,07:54,140000,golfpang,,,18홀,tr_220303926
감곡,2026-09-26,14:03,150000,golfpang,,,18홀,tr_220303927
센추리21(퍼),2026-09-26,11:50,125000,golfpang,,,18홀,tr_220301889
센추리21(퍼),2026-09-26,17:26,80000,golfpang,,,18홀,tr_220301890
센추리21(퍼),2026-09-26,08:27,130000,golfpang,,,18홀,tr_220301888
베르힐(영종),2026-09-26,11:50,280000,golfpang,,,18홀,tr_219900497
베르힐(영종),2026-09-26,17:29,200000,golfpang,,,18홀,tr_219900526
마론뉴데이(구),2026-09-26,07:15,155000,golfpang,,,18홀,tr_218980258
프린세스,2026-09-26,12:32,160000,golfpang,,,18홀,tr_218980231
알프스대영,2026-09-26,07:36,129000,golfpang,,,18홀,tr_220252915
알프스대영,2026-09-26,12:31,125000,golfpang,,,18홀,tr_220252916
알프스대영,2026-09-26,06:26,99000,golfpang,,,18홀,tr_220252914
대영베이스,2026-09-26,12:12,135000,golfpang,,,18홀,tr_220297432
대영베이스,2026-09-26,17:37,95000,golfpang,,,18홀,tr_220297433
대영베이스,2026-09-26,07:20,129000,golfpang,,,18홀,tr_220297431
오로라,2026-09-26,08:08,160000,golfpang,,,18홀,tr_220297377
오로라,2026-09-26,12:11,160000,golfpang,,,18홀,tr_220297378
오로라,2026-09-26,18:06,100000,golfpang,,,18홀,tr_220297379
클럽D 거창,2026-09-26,06:44,100000,golfpang,,,18홀,tr_220291362
클럽D 거창,2026-09-26,11:52,145000,golfpang,,,18홀,tr_220291363
센테리움,2026-09-26,13:46,129000,golfpang,,,18홀,tr_220289511
스카이밸리,2026-09-26,08:19,180000,golfpang,,,18홀,tr_220291080
스카이밸리,2026-09-26,11:40,170000,golfpang,,,18홀,tr_220291081
스카이밸리,2026-09-26,11:54,190000,golfpang,,,18홀,tr_220289884
스카이밸리,2026-09-26,08:33,180000,golfpang,,,18홀,tr_220289883
오너스,2026-09-26,12:16,180000,golfpang,,,18홀,tr_220289849
오너스,2026-09-26,08:33,140000,golfpang,,,18홀,tr_220289848
오너스,2026-09-26,07:37,130000,golfpang,,,18홀,tr_220289548
오너스,2026-09-26,06:41,120000,golfpang,,,18홀,tr_220289547
신안,2026-09-26,14:10,150000,golfpang,,,18홀,tr_220288893
신안,2026-09-26,14:10,150000,golfpang,,,18홀,tr_220288892
그린힐,2026-09-26,18:31,100000,golfpang,,,18홀,tr_220288636
그린힐,2026-09-26,12:46,180000,golfpang,,,18홀,tr_220288635
그린힐,2026-09-26,07:45,170000,golfpang,,,18홀,tr_220288634
힐데스하임,2026-09-26,08:30,155000,golfpang,,,18홀,tr_220288518
힐데스하임,2026-09-26,12:27,165000,golfpang,,,18홀,tr_220288519
힐데스하임,2026-09-26,06:52,135000,golfpang,,,18홀,tr_220288517
파인스톤,2026-09-26,07:31,240000,golfpang,,,18홀,tr_220288441
파인스톤,2026-09-26,11:52,240000,golfpang,,,18홀,tr_220288442
파인스톤,2026-09-26,06:49,220000,golfpang,,,18홀,tr_220288440
베뉴지,2026-09-26,12:55,169000,golfpang,,,18홀,tr_220288117
360도,2026-09-26,07:00,150000,golfpang,,,18홀,tr_220287816
솔모로,2026-09-26,12:53,200000,golfpang,,,18홀,tr_220287708
파주타이거,2026-09-26,06:56,200000,golfpang,,,18홀,tr_220287693
파주타이거,2026-09-26,11:37,210000,golfpang,,,18홀,tr_220287695
파주타이거,2026-09-26,07:45,210000,golfpang,,,18홀,tr_220287694
파인크리크,2026-09-26,13:31,220000,golfpang,,,18홀,tr_220287644
스카이밸리,2026-09-26,12:08,190000,golfpang,,,18홀,tr_220287544
리베라,2026-09-26,14:17,220000,golfpang,,,18홀,tr_220287538
이븐데일,2026-09-26,08:17,135000,golfpang,,,18홀,tr_220283557
이븐데일,2026-09-26,06:59,135000,golfpang,,,18홀,tr_220283556
이븐데일,2026-09-26,11:52,135000,golfpang,,,18홀,tr_220283558
신안(병행),2026-09-26,18:45,100000,golfpang,,,18홀,tr_220283083
신안(병행),2026-09-26,18:52,100000,golfpang,,,18홀,tr_220283084
신안(병행),2026-09-26,18:31,100000,golfpang,,,18홀,tr_220283082
신안,2026-09-26,19:20,100000,golfpang,,,18홀,tr_220278969
신안,2026-09-26,06:14,150000,golfpang,,,18홀,tr_220278968
신안,2026-09-26,19:13,100000,golfpang,,,18홀,tr_220278970
해솔리아,2026-09-26,08:27,210000,golfpang,,,18홀,tr_220278857
해솔리아,2026-09-26,06:56,200000,golfpang,,,18홀,tr_220278856
해솔리아,2026-09-26,11:27,210000,golfpang,,,18홀,tr_220278858
이천(비공개명문),2026-09-26,07:53,269000,golfpang,,,18홀,tr_219470631
스타,2026-09-26,06:58,140000,golfpang,,,18홀,tr_220274535
스타,2026-09-26,18:31,90000,golfpang,,,18홀,tr_220274536
세현,2026-09-26,13:51,210000,golfpang,,,18홀,tr_220274379
세현,2026-09-26,19:05,160000,golfpang,,,18홀,tr_220274380
세현,2026-09-26,19:19,160000,golfpang,,,18홀,tr_220274381
빅토리아-퍼9,2026-09-26,06:42,119000,golfpang,,,18홀,tr_220274210
빅토리아-퍼9,2026-09-26,12:52,124000,golfpang,,,18홀,tr_220274212
빅토리아-퍼9,2026-09-26,07:10,124000,golfpang,,,18홀,tr_220274211
파주,2026-09-26,06:45,240000,golfpang,,,18홀,tr_220261617
파주,2026-09-26,10:49,260000,golfpang,,,18홀,tr_220261618
파주,2026-09-26,11:24,260000,golfpang,,,18홀,tr_220261619
이글몬트,2026-09-26,12:43,170000,golfpang,,,18홀,tr_220261486
이글몬트,2026-09-26,08:12,180000,golfpang,,,18홀,tr_220261485
클럽D 거창,2026-09-26,11:24,145000,golfpang,,,18홀,tr_220260765
클럽D 거창,2026-09-26,08:29,135000,golfpang,,,18홀,tr_220260764
대영힐스,2026-09-26,16:56,99000,golfpang,,,18홀,tr_220260271
대영힐스,2026-09-26,07:38,129000,golfpang,,,18홀,tr_220260270
대영힐스,2026-09-26,06:42,115000,golfpang,,,18홀,tr_220260269
이글몬트,2026-09-26,13:39,170000,golfpang,,,18홀,tr_220260213
이글몬트,2026-09-26,07:23,180000,golfpang,,,18홀,tr_220260212
양평TPC,2026-09-26,13:22,160000,golfpang,,,18홀,tr_220259907
양평TPC,2026-09-26,06:31,160000,golfpang,,,18홀,tr_220259906
이글몬트,2026-09-26,13:39,170000,golfpang,,,18홀,tr_220259049
이글몬트,2026-09-26,07:23,180000,golfpang,,,18홀,tr_220259048
웰리힐리,2026-09-26,06:38,190000,golfpang,,,18홀,tr_218785012
알프스대영,2026-09-26,06:33,99000,golfpang,,,18홀,tr_220203146
동강시스타,2026-09-26,07:12,120000,golfpang,,,18홀,tr_219094441
오로라,2026-09-26,12:46,160000,golfpang,,,18홀,tr_219886132
동강시스타,2026-09-26,12:53,130000,golfpang,,,18홀,tr_219094443
웰리힐리,2026-09-26,12:58,190000,golfpang,,,18홀,tr_218785013
동원썬밸리,2026-09-26,12:32,190000,golfpang,,,18홀,tr_220015010
알프스대영,2026-09-26,11:14,129000,golfpang,,,18홀,tr_220203147
벨라스톤,2026-09-26,08:20,170000,golfpang,,,18홀,tr_219822288
동원썬밸리,2026-09-26,08:33,190000,golfpang,,,18홀,tr_220015009
동강시스타,2026-09-26,08:57,130000,golfpang,,,18홀,tr_219094442
웰리힐리,2026-09-26,13:06,190000,golfpang,,,18홀,tr_218785014
벨라스톤,2026-09-26,13:14,150000,golfpang,,,18홀,tr_219822289
벨라스톤,2026-09-26,13:21,150000,golfpang,,,18홀,tr_219822290
알프스대영,2026-09-26,13:27,119000,golfpang,,,18홀,tr_220203148
오로라,2026-09-26,12:18,160000,golfpang,,,18홀,tr_219886130
오로라,2026-09-26,08:01,160000,golfpang,,,18홀,tr_219886131
골프존 진천,2026-09-26,12:39,209000,golfpang,,,18홀,tr_220218436
중원,2026-09-26,13:28,140000,golfpang,,,18홀,tr_220046258
플라밍고,2026-09-26,13:18,130000,golfpang,,,18홀,tr_220115043
킹스데일,2026-09-26,13:59,155000,golfpang,,,18홀,tr_220013119
모카cc,2026-09-26,13:49,130000,golfpang,,,18홀,tr_219595846
스타,2026-09-26,13:37,140000,golfpang,,,18홀,tr_220029277
감곡,2026-09-26,17:24,130000,golfpang,,,18홀,tr_219322525
대호단양,2026-09-26,16:55,119000,golfpang,,,18홀,tr_218339912
킹스데일,2026-09-26,07:54,160000,golfpang,,,18홀,tr_220013118
이븐데일,2026-09-26,07:41,135000,golfpang,,,18홀,tr_220203541
골든베이,2026-09-26,08:43,150000,golfpang,,,18홀,tr_218952781
골프존 화랑,2026-09-26,08:40,145000,golfpang,,,18홀,tr_220115540
이븐데일,2026-09-26,08:31,135000,golfpang,,,18홀,tr_220203542
감곡,2026-09-26,08:22,160000,golfpang,,,18홀,tr_219322524
골프존 화랑,2026-09-26,11:49,155000,golfpang,,,18홀,tr_220115541
골든베이,2026-09-26,11:46,150000,golfpang,,,18홀,tr_218952782
이븐데일,2026-09-26,11:37,135000,golfpang,,,18홀,tr_220203543
대영베이스,2026-09-26,11:32,139000,golfpang,,,18홀,tr_220202802
대영힐스,2026-09-26,11:21,135000,golfpang,,,18홀,tr_220202943
서산수,2026-09-26,12:12,190000,golfpang,,,18홀,tr_219813430
대호단양,2026-09-26,12:06,169000,golfpang,,,18홀,tr_218339911
플라밍고,2026-09-26,12:01,140000,golfpang,,,18홀,tr_220115042
스타,2026-09-26,12:48,150000,golfpang,,,18홀,tr_220029276
대호단양,2026-09-26,06:35,179000,golfpang,,,18홀,tr_218339910
대영힐스,2026-09-26,06:00,99000,golfpang,,,18홀,tr_220202941
코스카,2026-09-26,06:57,150000,golfpang,,,18홀,tr_220014336
서산수,2026-09-26,06:57,190000,golfpang,,,18홀,tr_219813429
골프존 화랑,2026-09-26,07:37,135000,golfpang,,,18홀,tr_220115539
플라밍고,2026-09-26,07:37,140000,golfpang,,,18홀,tr_220115041
골프존 진천,2026-09-26,07:31,201000,golfpang,,,18홀,tr_220218434
중원,2026-09-26,07:30,140000,golfpang,,,18홀,tr_220046257
대영베이스,2026-09-26,07:20,129000,golfpang,,,18홀,tr_220202800
스타,2026-09-26,07:19,150000,golfpang,,,18홀,tr_220029275
대영힐스,2026-09-26,07:17,125000,golfpang,,,18홀,tr_220202942
코스카,2026-09-26,08:14,190000,golfpang,,,18홀,tr_220014337
대영베이스,2026-09-26,08:13,139000,golfpang,,,18홀,tr_220202801
골프존 진천,2026-09-26,08:13,206000,golfpang,,,18홀,tr_220218435
모카cc,2026-09-26,07:57,140000,golfpang,,,18홀,tr_219595845
감곡,2026-09-26,07:54,160000,golfpang,,,18홀,tr_219322523
비콘힐스,2026-09-26,17:02,90000,golfpang,,,18홀,tr_219870578
포레스트힐,2026-09-26,18:59,160000,golfpang,,,18홀,tr_218624413
포레스트힐,2026-09-26,18:52,160000,golfpang,,,18홀,tr_218624412
포레스트힐,2026-09-26,18:52,160000,golfpang,,,18홀,tr_218624414
세레니티-강촌,2026-09-26,08:29,210000,golfpang,,,18홀,tr_218840015
세레니티-강촌,2026-09-26,12:10,170000,golfpang,,,18홀,tr_218840016
한림광릉,2026-09-26,13:02,190000,golfpang,,,18홀,tr_220125825
한림광릉,2026-09-26,13:02,190000,golfpang,,,18홀,tr_220125824
푸른솔포천,2026-09-26,12:52,210000,golfpang,,,18홀,tr_218720250
포천힐스,2026-09-26,12:52,190000,golfpang,,,18홀,tr_220127983
몽베르,2026-09-26,12:42,260000,golfpang,,,18홀,tr_219575818
한림광릉,2026-09-26,07:05,190000,golfpang,,,18홀,tr_220125823
샤인데일,2026-09-26,06:55,130000,golfpang,,,18홀,tr_220118233
몽베르(대중제),2026-09-26,07:29,200000,golfpang,,,18홀,tr_219584332
몽베르,2026-09-26,07:24,260000,golfpang,,,18홀,tr_219575817
푸른솔포천,2026-09-26,07:17,230000,golfpang,,,18홀,tr_218720249
오너스,2026-09-26,07:58,180000,golfpang,,,18홀,tr_219834195
오너스,2026-09-26,13:26,160000,golfpang,,,18홀,tr_219834196
몽베르(대중제),2026-09-26,13:07,180000,golfpang,,,18홀,tr_219584333
샤인데일,2026-09-26,13:51,130000,golfpang,,,18홀,tr_220118234
몽베르,2026-09-26,13:30,250000,golfpang,,,18홀,tr_219575819
샤인데일,2026-09-26,17:22,95000,golfpang,,,18홀,tr_220118235
비콘힐스,2026-09-26,17:09,90000,golfpang,,,18홀,tr_219870577
몽베르(대중제),2026-09-26,17:07,150000,golfpang,,,18홀,tr_219584334
세레니티-강촌,2026-09-26,17:52,140000,golfpang,,,18홀,tr_218840017
비콘힐스,2026-09-26,17:02,90000,golfpang,,,18홀,tr_219870576
신안(병행),2026-09-26,17:49,110000,golfpang,,,18홀,tr_220037103
아난티중앙(야간),2026-09-26,17:44,150000,golfpang,,,18홀,tr_220046055
클럽72,2026-09-26,17:43,150000,golfpang,,,18홀,tr_219769169
신안(병행),2026-09-26,17:42,110000,golfpang,,,18홀,tr_220037102
리베라,2026-09-26,18:38,160000,golfpang,,,18홀,tr_219716692
리베라,2026-09-26,18:31,160000,golfpang,,,18홀,tr_219716693
리베라,2026-09-26,18:31,160000,golfpang,,,18홀,tr_219716691
신안(병행),2026-09-26,18:24,100000,golfpang,,,18홀,tr_220037104
히든밸리,2026-09-26,07:52,170000,golfpang,,,18홀,tr_218785679
양지파인,2026-09-26,07:52,160000,golfpang,,,18홀,tr_219554649
여주,2026-09-26,07:40,200000,golfpang,,,18홀,tr_219557307
골프존 안성H,2026-09-26,08:57,190000,golfpang,,,18홀,tr_220052462
골프존 안성H,2026-09-26,08:50,190000,golfpang,,,18홀,tr_220052464
안성(비공개),2026-09-26,08:36,160000,golfpang,,,18홀,tr_220222811
크리스밸리,2026-09-26,08:36,-1,golfpang,,,18홀,tr_220222728
안성(비공개),2026-09-26,08:22,160000,golfpang,,,18홀,tr_220222828
360도,2026-09-26,08:15,217000,golfpang,,,18홀,tr_220206158
써닝포인트,2026-09-26,11:27,225000,golfpang,,,18홀,tr_219707874
아세코밸리-퍼9,2026-09-26,11:27,140000,golfpang,,,18홀,tr_219912890
신안,2026-09-26,12:18,170000,golfpang,,,18홀,tr_220036404
빅토리아-퍼9,2026-09-26,12:17,124000,golfpang,,,18홀,tr_219749696
양지파인,2026-09-26,12:14,160000,golfpang,,,18홀,tr_219554650
에덴블루,2026-09-26,12:02,157500,golfpang,,,18홀,tr_220127302
골프존 안성H,2026-09-26,12:00,190000,golfpang,,,18홀,tr_220052463
크리스밸리,2026-09-26,12:55,170000,golfpang,,,18홀,tr_220222729
그린힐,2026-09-26,12:53,180000,golfpang,,,18홀,tr_219716248
마론뉴데이,2026-09-26,12:46,175000,golfpang,,,18홀,tr_220148816
써닝포인트,2026-09-26,12:44,215000,golfpang,,,18홀,tr_219707875
아세코밸리-퍼9,2026-09-26,12:44,140000,golfpang,,,18홀,tr_219912891
젠스필드,2026-09-26,12:43,160000,golfpang,,,18홀,tr_220222614
신라,2026-09-26,06:36,180000,golfpang,,,18홀,tr_220130241
아세코밸리-퍼9,2026-09-26,06:33,140000,golfpang,,,18홀,tr_219912889
용인(비공개),2026-09-26,06:32,179000,golfpang,,,18홀,tr_219968328
한원,2026-09-26,06:32,-1,golfpang,,,18홀,tr_219968498
신안,2026-09-26,06:21,150000,golfpang,,,18홀,tr_220036403
신안(오렌지),2026-09-26,06:14,100000,golfpang,,,18홀,tr_220037555
신안(오렌지),2026-09-26,06:14,100000,golfpang,,,18홀,tr_220037556
빅토리아-퍼9,2026-09-26,06:49,119000,golfpang,,,18홀,tr_219749695
더헤븐,2026-09-26,06:47,230000,golfpang,,,18홀,tr_220038192
신안,2026-09-26,07:03,160000,golfpang,,,18홀,tr_220036405
그린힐,2026-09-26,07:03,170000,golfpang,,,18홀,tr_219716247
마론뉴데이,2026-09-26,07:01,175000,golfpang,,,18홀,tr_220148815
젠스필드,2026-09-26,07:37,160000,golfpang,,,18홀,tr_220222613
에덴블루,2026-09-26,07:27,150000,golfpang,,,18홀,tr_220127301
신라,2026-09-26,07:18,200000,golfpang,,,18홀,tr_220130242
써닝포인트,2026-09-26,07:17,225000,golfpang,,,18홀,tr_219707873
윈체스트,2026-09-26,07:59,210000,golfpang,,,18홀,tr_217891761
히든밸리,2026-09-26,13:19,160000,golfpang,,,18홀,tr_218785680
마론뉴데이,2026-09-26,13:19,175000,golfpang,,,18홀,tr_220148817
360도,2026-09-26,13:15,180000,golfpang,,,18홀,tr_220206159
여주,2026-09-26,13:11,190000,golfpang,,,18홀,tr_219557308
신라,2026-09-26,13:09,190000,golfpang,,,18홀,tr_220130243
빅토리아-퍼9,2026-09-26,13:06,119000,golfpang,,,18홀,tr_219749697
그린힐,2026-09-26,14:03,150000,golfpang,,,18홀,tr_219716249
젠스필드,2026-09-26,14:00,140000,golfpang,,,18홀,tr_220222615
용인(비공개),2026-09-26,13:59,179000,golfpang,,,18홀,tr_219968329
한원,2026-09-26,13:59,-1,golfpang,,,18홀,tr_219968499
에덴블루,2026-09-26,13:39,150000,golfpang,,,18홀,tr_220127303
윈체스트,2026-09-26,17:34,185000,golfpang,,,18홀,tr_217891763
용인(비공개),2026-09-26,17:14,150000,golfpang,,,18홀,tr_219968330
한원,2026-09-26,17:14,-1,golfpang,,,18홀,tr_219968500
윈체스트,2026-09-26,17:13,185000,golfpang,,,18홀,tr_217891762
해솔리아,2026-09-26,17:08,150000,golfpang,,,18홀,tr_220126470
클럽72,2026-09-26,17:08,160000,golfpang,,,18홀,tr_219769168
더헤븐,2026-09-26,16:37,210000,golfpang,,,18홀,tr_220038194
더헤븐,2026-09-26,16:30,210000,golfpang,,,18홀,tr_220038193
아난티중앙(야간),2026-09-26,18:11,140000,golfpang,,,18홀,tr_220046056
클럽72,2026-09-26,18:11,140000,golfpang,,,18홀,tr_219769170
해솔리아,2026-09-26,18:04,140000,golfpang,,,18홀,tr_220126469
해솔리아,2026-09-26,18:04,140000,golfpang,,,18홀,tr_220126471
양평TPC,2026-09-26,13:02,160000,golfpang,,,18홀,tr_220256054
양평TPC,2026-09-26,08:24,180000,golfpang,,,18홀,tr_220256024
양평TPC,2026-09-26,06:53,160000,golfpang,,,18홀,tr_220255994
용인(비공개명문),2026-09-26,07:03,275000,golfpang,,,18홀,tr_220255971
한림광릉,2026-09-26,06:45,190000,golfpang,,,18홀,tr_220255898
한림광릉,2026-09-26,12:27,210000,golfpang,,,18홀,tr_220255900
한림광릉,2026-09-26,08:09,210000,golfpang,,,18홀,tr_220255899
센테리움,2026-09-26,11:54,169000,golfpang,,,18홀,tr_220255870
센테리움,2026-09-26,08:24,169000,golfpang,,,18홀,tr_220255869
한림광릉,2026-09-26,07:55,190000,golfpang,,,18홀,tr_220255844
한림광릉,2026-09-26,12:13,210000,golfpang,,,18홀,tr_220255845
한림광릉,2026-09-26,17:31,150000,golfpang,,,18홀,tr_220255846
몽베르,2026-09-26,13:14,220000,golfpang,,,18홀,tr_220255795
몽베르,2026-09-26,08:44,280000,golfpang,,,18홀,tr_220255793
몽베르,2026-09-26,11:54,280000,golfpang,,,18홀,tr_220255794
양평TPC,2026-09-26,08:23,180000,golfpang,,,18홀,tr_220250445
양평TPC,2026-09-26,13:36,160000,golfpang,,,18홀,tr_220250446
용인(비공개),2026-09-26,06:46,179000,golfpang,,,18홀,tr_220240010
용인(비공개),2026-09-26,13:38,179000,golfpang,,,18홀,tr_220240011
용인(비공개),2026-09-26,17:14,150000,golfpang,,,18홀,tr_220240012
라싸,2026-09-26,13:42,169000,golfpang,,,18홀,tr_220240838
라싸,2026-09-26,13:42,169000,golfpang,,,18홀,tr_220240837
라싸,2026-09-26,13:42,169000,golfpang,,,18홀,tr_220240836
알프스대영,2026-09-26,12:10,115000,golfpang,,,18홀,tr_220023007
벨라스톤,2026-09-26,08:20,170000,golfpang,,,18홀,tr_220149485
알프스대영,2026-09-26,07:15,119000,golfpang,,,18홀,tr_220023006
벨라스톤,2026-09-26,13:14,150000,golfpang,,,18홀,tr_220149486
알프스대영,2026-09-26,16:47,79000,golfpang,,,18홀,tr_220023008
벨라스톤,2026-09-26,17:31,109000,golfpang,,,18홀,tr_220149487
양지파인,2026-09-26,08:29,170000,golfpang,,,18홀,tr_220240608
양지파인,2026-09-26,07:29,160000,golfpang,,,18홀,tr_220240607
신라,2026-09-26,12:51,190000,golfpang,,,18홀,tr_220240426
신라,2026-09-26,06:50,170000,golfpang,,,18홀,tr_220240425
신라,2026-09-26,13:44,180000,golfpang,,,18홀,tr_220240427
안성(비공개),2026-09-26,08:36,160000,golfpang,,,18홀,tr_220240273
골프존 안성H,2026-09-26,07:40,180000,golfpang,,,18홀,tr_220240248
안성(비공개),2026-09-26,08:36,160000,golfpang,,,18홀,tr_220240254
골프존 안성H,2026-09-26,13:24,180000,golfpang,,,18홀,tr_220240250
골프존 안성H,2026-09-26,13:17,180000,golfpang,,,18홀,tr_220240249
골프존 안성H,2026-09-26,07:05,180000,golfpang,,,18홀,tr_220239769
골프존 안성H,2026-09-26,13:31,180000,golfpang,,,18홀,tr_220239770
골프존 안성H,2026-09-26,14:27,180000,golfpang,,,18홀,tr_220239771
그린힐,2026-09-26,13:56,160000,golfpang,,,18홀,tr_220239444
용인(비공개명문),2026-09-26,13:24,220000,golfpang,,,18홀,tr_220001860
이천(비공개명문),2026-09-26,07:00,253000,golfpang,,,18홀,tr_220002475
블루원용인,2026-09-26,17:40,165000,golfpang,,,18홀,tr_220001864
용인(비공개명문),2026-09-26,06:51,250000,golfpang,,,18홀,tr_220001853
세현,2026-09-26,13:37,210000,golfpang,,,18홀,tr_220239245
세현,2026-09-26,19:05,160000,golfpang,,,18홀,tr_220239246
세현,2026-09-26,19:05,160000,golfpang,,,18홀,tr_220239247
용인(비공개),2026-09-26,17:49,150000,golfpang,,,18홀,tr_220236393
용인(비공개),2026-09-26,06:39,179000,golfpang,,,18홀,tr_220236391
용인(비공개),2026-09-26,17:21,150000,golfpang,,,18홀,tr_220236392
골프존 화랑,2026-09-26,11:49,155000,golfpang,,,18홀,tr_220236168
골프존 화랑,2026-09-26,06:55,125000,golfpang,,,18홀,tr_220236166
골프존 화랑,2026-09-26,08:40,145000,golfpang,,,18홀,tr_220236167
골프존 안성H,2026-09-26,13:31,180000,golfpang,,,18홀,tr_220233410
골프존 안성H,2026-09-26,13:52,180000,golfpang,,,18홀,tr_220233411
골프존 안성H,2026-09-26,06:58,180000,golfpang,,,18홀,tr_220233409
골프존 안성H,2026-09-26,13:31,180000,golfpang,,,18홀,tr_220233088
골프존 안성H,2026-09-26,07:12,180000,golfpang,,,18홀,tr_220233087
대영베이스,2026-09-26,11:32,139000,golfpang,,,18홀,tr_220233055
대영베이스,2026-09-26,06:33,119000,golfpang,,,18홀,tr_220233053
대영베이스,2026-09-26,07:20,129000,golfpang,,,18홀,tr_220233054
리베라,2026-09-26,18:24,160000,golfpang,,,18홀,tr_220230804
리베라,2026-09-26,18:45,160000,golfpang,,,18홀,tr_220230805
리베라,2026-09-26,18:03,160000,golfpang,,,18홀,tr_220230803
그린힐,2026-09-26,13:42,160000,golfpang,,,18홀,tr_220230645
그린힐,2026-09-26,18:17,110000,golfpang,,,18홀,tr_220230646
그린힐,2026-09-26,06:42,150000,golfpang,,,18홀,tr_220230644
360도,2026-09-26,06:15,197000,golfpang,,,18홀,tr_220230271
360도,2026-09-26,13:15,180000,golfpang,,,18홀,tr_220230272
포천힐스,2026-09-26,06:28,190000,golfpang,,,18홀,tr_220223092
포천힐스,2026-09-26,07:24,200000,golfpang,,,18홀,tr_220223093
포천힐스,2026-09-26,12:59,190000,golfpang,,,18홀,tr_220223094
용인(비공개),2026-09-26,07:10,179000,golfpang,,,18홀,tr_219332611
한성,2026-09-26,07:00,305000,golfpang,,,18홀,tr_218406748
한림광릉,2026-09-26,07:20,190000,golfpang,,,18홀,tr_219999576
기흥(비공개),2026-09-26,11:00,290000,golfpang,,,18홀,tr_220002503
용인(비공개),2026-09-26,12:00,179000,golfpang,,,18홀,tr_220215321
기흥(비공개),2026-09-26,06:30,260000,golfpang,,,18홀,tr_219335047
그린힐,2026-09-26,18:10,110000,golfpang,,,18홀,tr_220222572
임페리얼레이크,2026-09-26,12:20,139000,golfpang,,,18홀,tr_220222183
임페리얼레이크,2026-09-26,07:07,129000,golfpang,,,18홀,tr_220222181
임페리얼레이크,2026-09-26,11:31,149000,golfpang,,,18홀,tr_220222182
스타,2026-09-26,06:44,140000,golfpang,,,18홀,tr_220222068
스타,2026-09-26,08:29,170000,golfpang,,,18홀,tr_220222069
스타,2026-09-26,11:52,170000,golfpang,,,18홀,tr_220222070
360도,2026-09-26,11:52,190000,golfpang,,,18홀,tr_220212132
감곡,2026-09-26,14:03,150000,golfpang,,,18홀,tr_220212272
360도,2026-09-26,08:15,217000,golfpang,,,18홀,tr_220212131
신라,2026-09-26,12:55,190000,golfpang,,,18홀,tr_220220747
신라,2026-09-26,06:22,160000,golfpang,,,18홀,tr_220220746
신라,2026-09-26,13:44,180000,golfpang,,,18홀,tr_220220748
푸른솔포천,2026-09-26,07:38,240000,golfpang,,,18홀,tr_220009701
킹스데일,2026-09-26,07:54,160000,golfpang,,,18홀,tr_220012930
킹스데일,2026-09-26,13:24,165000,golfpang,,,18홀,tr_220012931
푸른솔포천,2026-09-26,12:38,230000,golfpang,,,18홀,tr_220009702
솔트베이,2026-09-26,06:07,229000,golfpang,,,18홀,tr_220190785
솔트베이,2026-09-26,16:51,189000,golfpang,,,18홀,tr_220190786
클럽모우,2026-09-26,06:51,140000,golfpang,,,18홀,tr_220197772
솔트베이,2026-09-26,17:40,179000,golfpang,,,18홀,tr_220190787
오로라,2026-09-26,08:08,160000,golfpang,,,18홀,tr_220151061
남춘천,2026-09-26,12:27,170000,golfpang,,,18홀,tr_220179176
남춘천,2026-09-26,08:22,180000,golfpang,,,18홀,tr_220179175
오로라,2026-09-26,06:58,150000,golfpang,,,18홀,tr_220151060
오로라,2026-09-26,12:11,160000,golfpang,,,18홀,tr_220151062
센추리21(퍼),2026-09-26,11:50,125000,golfpang,,,18홀,tr_220150657
센추리21(퍼),2026-09-26,06:56,130000,golfpang,,,18홀,tr_220150655
센추리21(퍼),2026-09-26,08:13,130000,golfpang,,,18홀,tr_220150656
이글몬트,2026-09-26,07:16,180000,golfpang,,,18홀,tr_220221845
이글몬트,2026-09-26,13:39,170000,golfpang,,,18홀,tr_220221846
안성(비공개),2026-09-26,08:08,160000,golfpang,,,18홀,tr_220138955
마론뉴데이,2026-09-26,11:15,175000,golfpang,,,18홀,tr_220139114
마론뉴데이,2026-09-26,06:16,175000,golfpang,,,18홀,tr_220139112
마론뉴데이,2026-09-26,06:29,175000,golfpang,,,18홀,tr_220139113
안성(비공개),2026-09-26,08:36,160000,golfpang,,,18홀,tr_220138956
남양주(퍼9),2026-09-26,08:07,169000,golfpang,,,18홀,tr_220106901
남양주(퍼9),2026-09-26,12:14,159000,golfpang,,,18홀,tr_220106902
남양주(퍼9),2026-09-26,06:47,159000,golfpang,,,18홀,tr_220106900
플라밍고,2026-09-26,06:41,130000,golfpang,,,18홀,tr_220106571
플라밍고,2026-09-26,08:26,150000,golfpang,,,18홀,tr_220106572
에덴블루,2026-09-26,11:48,220000,golfpang,,,18홀,tr_220094985
에덴블루,2026-09-26,08:19,210000,golfpang,,,18홀,tr_220094984
플라밍고,2026-09-26,11:40,150000,golfpang,,,18홀,tr_220106573
에덴블루,2026-09-26,06:59,200000,golfpang,,,18홀,tr_220094983
스톤비치,2026-09-26,17:44,130000,golfpang,,,18홀,tr_219373166
골든베이,2026-09-26,11:46,150000,golfpang,,,18홀,tr_218959223
스톤비치,2026-09-26,18:12,130000,golfpang,,,18홀,tr_219373167
빅토리아-퍼9,2026-09-26,12:17,124000,golfpang,,,18홀,tr_219749343
빅토리아-퍼9,2026-09-26,13:13,119000,golfpang,,,18홀,tr_219749344
빅토리아-퍼9,2026-09-26,06:56,119000,golfpang,,,18홀,tr_219749342
골든베이,2026-09-26,08:43,150000,golfpang,,,18홀,tr_218959222
스톤비치,2026-09-26,08:48,150000,golfpang,,,18홀,tr_219373165
유니아일랜드,2026-09-26,11:32,210000,golfpang,,,18홀,tr_219933803
유니아일랜드,2026-09-26,10:43,220000,golfpang,,,18홀,tr_219933802
속리산cc,2026-09-26,08:16,160000,golfpang,,,18홀,tr_219969957
속리산cc,2026-09-26,11:52,200000,golfpang,,,18홀,tr_219969958
몽베르(대중제),2026-09-26,11:50,200000,golfpang,,,18홀,tr_219932875
속리산cc,2026-09-26,06:45,140000,golfpang,,,18홀,tr_219969956
몽베르(대중제),2026-09-26,08:32,220000,golfpang,,,18홀,tr_219932874
유니아일랜드,2026-09-26,06:46,200000,golfpang,,,18홀,tr_219933801
몽베르(대중제),2026-09-26,06:54,200000,golfpang,,,18홀,tr_219932873
아세코밸리-퍼9,2026-09-26,11:27,140000,golfpang,,,18홀,tr_219892973
아세코밸리-퍼9,2026-09-26,06:33,140000,golfpang,,,18홀,tr_219892972
아세코밸리-퍼9,2026-09-26,12:23,140000,golfpang,,,18홀,tr_219892974
스마트KU,2026-09-26,14:03,220000,golfpang,,,18홀,tr_219889883
스마트KU,2026-09-26,06:30,220000,golfpang,,,18홀,tr_219889882
에스앤-퍼9,2026-09-26,06:49,100000,golfpang,,,18홀,tr_219865876
에스앤-퍼9,2026-09-26,11:07,120000,golfpang,,,18홀,tr_219865878
에스앤-퍼9,2026-09-26,08:13,140000,golfpang,,,18홀,tr_219865877
비콘힐스,2026-09-26,17:51,90000,golfpang,,,18홀,tr_219855698
비콘힐스,2026-09-26,18:26,90000,golfpang,,,18홀,tr_219855699
비콘힐스,2026-09-26,17:23,90000,golfpang,,,18홀,tr_219855697
서산수,2026-09-26,06:57,190000,golfpang,,,18홀,tr_219810578
보령베이스-퍼9,2026-09-26,07:39,119000,golfpang,,,18홀,tr_219794118
보령베이스-퍼9,2026-09-26,06:43,99000,golfpang,,,18홀,tr_219794117
남한강에스파크,2026-09-26,18:14,99000,golfpang,,,18홀,tr_219790424
남한강에스파크,2026-09-26,18:00,99000,golfpang,,,18홀,tr_219790423
알펜시아700,2026-09-26,08:25,120000,golfpang,,,18홀,tr_219795028
알펜시아700,2026-09-26,06:47,100000,golfpang,,,18홀,tr_219795027
남한강에스파크,2026-09-26,18:28,99000,golfpang,,,18홀,tr_219790425
알펜시아명문,2026-09-26,08:13,150000,golfpang,,,18홀,tr_219795535
알펜시아명문,2026-09-26,07:17,130000,golfpang,,,18홀,tr_219795534
알펜시아명문,2026-09-26,06:49,120000,golfpang,,,18홀,tr_219795533
알펜시아700,2026-09-26,12:07,130000,golfpang,,,18홀,tr_219795029
리베라,2026-09-26,18:45,160000,golfpang,,,18홀,tr_219787648
리베라,2026-09-26,18:59,160000,golfpang,,,18홀,tr_219787649
그린힐,2026-09-26,12:04,210000,golfpang,,,18홀,tr_219785313
서산수,2026-09-26,12:12,190000,golfpang,,,18홀,tr_219810579
보령베이스-퍼9,2026-09-26,11:28,119000,golfpang,,,18홀,tr_219794119
리베라,2026-09-26,18:24,160000,golfpang,,,18홀,tr_219787647
휘닉스,2026-09-26,12:52,220000,golfpang,,,18홀,tr_218601179
그린힐,2026-09-26,06:56,170000,golfpang,,,18홀,tr_219785311
동서울cc-퍼9,2026-09-26,13:17,119000,golfpang,,,18홀,tr_219787156
동서울cc-퍼9,2026-09-26,06:17,119000,golfpang,,,18홀,tr_219787155
벨라스톤,2026-09-26,08:20,170000,golfpang,,,18홀,tr_219818155
벨라스톤,2026-09-26,13:14,150000,golfpang,,,18홀,tr_219818156
그린힐,2026-09-26,08:27,210000,golfpang,,,18홀,tr_219785312
휘닉스,2026-09-26,07:37,220000,golfpang,,,18홀,tr_218601178
동서울cc-퍼9,2026-09-26,13:45,119000,golfpang,,,18홀,tr_219787157
신안,2026-09-26,12:25,170000,golfpang,,,18홀,tr_219818429
신안,2026-09-26,07:10,180000,golfpang,,,18홀,tr_219818428
신안,2026-09-26,06:14,150000,golfpang,,,18홀,tr_219818427
벨라스톤,2026-09-26,06:56,170000,golfpang,,,18홀,tr_219818154
인터불고원주(P9),2026-09-26,08:44,129000,golfpang,,,18홀,tr_220014824
인터불고원주(P9),2026-09-26,11:32,129000,golfpang,,,18홀,tr_220014825
코스카,2026-09-26,11:38,170000,golfpang,,,18홀,tr_220220857
코스카,2026-09-26,08:14,190000,golfpang,,,18홀,tr_220220858
양지파인,2026-09-26,06:22,150000,golfpang,,,18홀,tr_220220114
양지파인,2026-09-26,13:51,150000,golfpang,,,18홀,tr_220220115
이천(비공개명문),2026-09-26,07:30,269000,golfpang,,,18홀,tr_220219818
이천(비공개명문),2026-09-26,13:15,222000,golfpang,,,18홀,tr_220219819
파인스톤,2026-09-26,06:21,200000,golfpang,,,18홀,tr_219717580
신안,2026-09-26,12:18,170000,golfpang,,,18홀,tr_220217196
중원,2026-09-26,12:11,150000,golfpang,,,18홀,tr_220046122
서산수,2026-09-26,12:05,190000,golfpang,,,18홀,tr_220011063
여주,2026-09-26,13:04,190000,golfpang,,,18홀,tr_220011573
크리스밸리,2026-09-26,12:55,170000,golfpang,,,18홀,tr_219986376
벨라스톤,2026-09-26,12:53,150000,golfpang,,,18홀,tr_219347738
클럽모우,2026-09-26,12:38,140000,golfpang,,,18홀,tr_219933592
스카이밸리,2026-09-26,12:29,170000,golfpang,,,18홀,tr_219574819
샤인데일,2026-09-26,13:51,130000,golfpang,,,18홀,tr_220165842
모카cc,2026-09-26,13:49,130000,golfpang,,,18홀,tr_220180426
파인스톤,2026-09-26,17:36,160000,golfpang,,,18홀,tr_219717581
스타,2026-09-26,17:14,100000,golfpang,,,18홀,tr_220037078
서산수,2026-09-26,06:57,190000,golfpang,,,18홀,tr_220011062
벨라스톤,2026-09-26,07:38,170000,golfpang,,,18홀,tr_219347737
스타,2026-09-26,07:33,160000,golfpang,,,18홀,tr_220037077
중원,2026-09-26,07:30,140000,golfpang,,,18홀,tr_220046121
모카cc,2026-09-26,07:57,140000,golfpang,,,18홀,tr_220180425
여주,2026-09-26,07:54,200000,golfpang,,,18홀,tr_220011572
크리스밸리,2026-09-26,07:47,190000,golfpang,,,18홀,tr_219986375
골든베이,2026-09-26,08:36,150000,golfpang,,,18홀,tr_219591698
남춘천,2026-09-26,08:22,180000,golfpang,,,18홀,tr_220174889
골든베이,2026-09-26,11:53,150000,golfpang,,,18홀,tr_219591699
클럽72-오션,2026-09-26,11:42,270000,golfpang,,,18홀,tr_219791831
남춘천,2026-09-26,06:39,160000,golfpang,,,18홀,tr_220174888
클럽72-오션,2026-09-26,06:36,250000,golfpang,,,18홀,tr_219791830
샤인데일,2026-09-26,06:34,130000,golfpang,,,18홀,tr_220165841
신안,2026-09-26,06:21,150000,golfpang,,,18홀,tr_220217195
신안,2026-09-26,12:25,170000,golfpang,,,18홀,tr_220217197
스타,2026-09-26,06:44,150000,golfpang,,,18홀,tr_220037076
골프존 진천,2026-09-26,06:56,195000,golfpang,,,18홀,tr_220217440
골프존 진천,2026-09-26,12:39,209000,golfpang,,,18홀,tr_220217442
골프존 진천,2026-09-26,08:20,206000,golfpang,,,18홀,tr_220217441
여주,2026-09-26,07:54,200000,golfpang,,,18홀,tr_220217132
여주,2026-09-26,13:04,190000,golfpang,,,18홀,tr_220217133
양지파인,2026-09-26,08:29,170000,golfpang,,,18홀,tr_220216914
양지파인,2026-09-26,11:29,170000,golfpang,,,18홀,tr_220216915
센추리21,2026-09-26,18:29,90000,golfpang,,,18홀,tr_220216727
센추리21,2026-09-26,17:26,90000,golfpang,,,18홀,tr_220216726
센추리21,2026-09-26,06:56,140000,golfpang,,,18홀,tr_220216725
포레스트힐,2026-09-26,18:52,160000,golfpang,,,18홀,tr_220215274
포레스트힐,2026-09-26,18:59,160000,golfpang,,,18홀,tr_220215273
골프존 진천,2026-09-26,12:39,209000,golfpang,,,18홀,tr_220214913
골프존 진천,2026-09-26,06:49,195000,golfpang,,,18홀,tr_220214911
골프존 진천,2026-09-26,08:20,206000,golfpang,,,18홀,tr_220214912
알프스대영,2026-09-26,11:14,129000,golfpang,,,18홀,tr_220214473
알프스대영,2026-09-26,06:54,109000,golfpang,,,18홀,tr_220214471
알프스대영,2026-09-26,07:50,139000,golfpang,,,18홀,tr_220214472
신라,2026-09-26,08:42,210000,golfpang,,,18홀,tr_220213596
신라,2026-09-26,06:50,170000,golfpang,,,18홀,tr_220213595
신라,2026-09-26,12:55,190000,golfpang,,,18홀,tr_220213597
아난티중앙(야간),2026-09-26,18:38,140000,golfpang,,,18홀,tr_220213525
아난티중앙(야간),2026-09-26,17:44,140000,golfpang,,,18홀,tr_220213524
에델바이스(가명),2026-09-26,06:28,200000,golfpang,,,18홀,tr_220213463
알프스대영,2026-09-26,12:17,125000,golfpang,,,18홀,tr_220013035
샤인데일,2026-09-26,12:48,150000,golfpang,,,18홀,tr_220213070
샤인데일,2026-09-26,06:27,130000,golfpang,,,18홀,tr_220213069
샤인데일,2026-09-26,17:29,95000,golfpang,,,18홀,tr_220213071
히든밸리,2026-09-26,13:26,160000,golfpang,,,18홀,tr_220200194
신라,2026-09-26,14:05,190000,golfpang,,,18홀,tr_220198080
이글몬트,2026-09-26,13:39,170000,golfpang,,,18홀,tr_220010372
신안(병행),2026-09-26,17:35,110000,golfpang,,,18홀,tr_219797404
리베라,2026-09-26,14:24,220000,golfpang,,,18홀,tr_219796212
그린힐,2026-09-26,18:10,110000,golfpang,,,18홀,tr_220086187
해솔리아,2026-09-26,18:04,140000,golfpang,,,18홀,tr_220139583
신안(병행),2026-09-26,18:03,100000,golfpang,,,18홀,tr_219797406
젠스필드,2026-09-26,18:03,110000,golfpang,,,18홀,tr_220198961
아세코밸리-퍼9,2026-09-26,17:45,120000,golfpang,,,18홀,tr_219998053
신안(병행),2026-09-26,17:42,110000,golfpang,,,18홀,tr_219797405
클럽72,2026-09-26,19:14,130000,golfpang,,,18홀,tr_220198592
신안,2026-09-26,19:06,100000,golfpang,,,18홀,tr_219796779
리베라,2026-09-26,18:45,160000,golfpang,,,18홀,tr_219796214
리베라,2026-09-26,18:38,160000,golfpang,,,18홀,tr_219796213
양지파인,2026-09-26,07:07,160000,golfpang,,,18홀,tr_220195520
해솔리아,2026-09-26,06:56,200000,golfpang,,,18홀,tr_220139581
클럽72,2026-09-26,06:56,210000,golfpang,,,18홀,tr_220198590
이글몬트,2026-09-26,07:23,180000,golfpang,,,18홀,tr_220010371
아세코밸리-퍼9,2026-09-26,07:15,140000,golfpang,,,18홀,tr_219998051
양평TPC,2026-09-26,08:02,180000,golfpang,,,18홀,tr_220201296
젠스필드,2026-09-26,11:54,170000,golfpang,,,18홀,tr_220198960
신안,2026-09-26,12:25,170000,golfpang,,,18홀,tr_219796778
해솔리아,2026-09-26,12:23,210000,golfpang,,,18홀,tr_220139582
아세코밸리-퍼9,2026-09-26,12:23,140000,golfpang,,,18홀,tr_219998052
양지파인,2026-09-26,12:21,160000,golfpang,,,18홀,tr_220195521
그린힐,2026-09-26,12:04,210000,golfpang,,,18홀,tr_220086186
클럽72,2026-09-26,12:02,220000,golfpang,,,18홀,tr_220198591
신라,2026-09-26,12:55,190000,golfpang,,,18홀,tr_220198079
360도,2026-09-26,12:37,190000,golfpang,,,18홀,tr_220195348
양평TPC,2026-09-26,06:31,160000,golfpang,,,18홀,tr_220201295
마론뉴데이,2026-09-26,06:29,175000,golfpang,,,18홀,tr_219779039
신안(오렌지),2026-09-26,06:21,100000,golfpang,,,18홀,tr_219797960
마론뉴데이,2026-09-26,06:16,175000,golfpang,,,18홀,tr_219779038
360도,2026-09-26,06:15,197000,golfpang,,,18홀,tr_220195347
신안(오렌지),2026-09-26,06:14,100000,golfpang,,,18홀,tr_219797961
마론뉴데이,2026-09-26,06:09,175000,golfpang,,,18홀,tr_219779037
젠스필드,2026-09-26,06:55,150000,golfpang,,,18홀,tr_220198959
신라,2026-09-26,06:50,190000,golfpang,,,18홀,tr_220198078
그린힐,2026-09-26,06:49,160000,golfpang,,,18홀,tr_220086185
히든밸리,2026-09-26,06:49,160000,golfpang,,,18홀,tr_220200193
신안,2026-09-26,07:10,180000,golfpang,,,18홀,tr_219796777
푸른솔포천,2026-09-26,06:42,220000,golfpang,,,18홀,tr_219998594
한림광릉,2026-09-26,13:37,190000,golfpang,,,18홀,tr_220036765
비콘힐스,2026-09-26,17:23,90000,golfpang,,,18홀,tr_219998740
한림광릉,2026-09-26,18:06,150000,golfpang,,,18홀,tr_220036766
세레니티-강촌,2026-09-26,18:06,140000,golfpang,,,18홀,tr_219780435
비콘힐스,2026-09-26,18:05,90000,golfpang,,,18홀,tr_219998741
파주타이거,2026-09-26,18:05,190000,golfpang,,,18홀,tr_219998463
파주,2026-09-26,18:02,180000,golfpang,,,18홀,tr_219998548
남양주(퍼9),2026-09-26,18:00,149000,golfpang,,,18홀,tr_220107524
샤인데일,2026-09-26,17:43,95000,golfpang,,,18홀,tr_220103791
비콘힐스,2026-09-26,18:33,90000,golfpang,,,18홀,tr_219998742
한림광릉,2026-09-26,07:06,190000,golfpang,,,18홀,tr_220036764
세레니티-강촌,2026-09-26,06:58,210000,golfpang,,,18홀,tr_219780433
파주타이거,2026-09-26,06:56,200000,golfpang,,,18홀,tr_219998461
오너스,2026-09-26,07:16,180000,golfpang,,,18홀,tr_220114923
파주,2026-09-26,12:20,260000,golfpang,,,18홀,tr_219998547
남양주(퍼9),2026-09-26,12:14,159000,golfpang,,,18홀,tr_220107523
세레니티-강촌,2026-09-26,12:10,170000,golfpang,,,18홀,tr_219780434
파주타이거,2026-09-26,12:05,210000,golfpang,,,18홀,tr_219998462
푸른솔포천,2026-09-26,12:52,220000,golfpang,,,18홀,tr_219998595
오너스,2026-09-26,12:37,170000,golfpang,,,18홀,tr_220114924
샤인데일,2026-09-26,12:34,150000,golfpang,,,18홀,tr_220103790
파주,2026-09-26,06:38,240000,golfpang,,,18홀,tr_219998546
샤인데일,2026-09-26,06:55,150000,golfpang,,,18홀,tr_220103789
남양주(퍼9),2026-09-26,06:47,159000,golfpang,,,18홀,tr_220107522
남춘천,2026-09-26,13:28,160000,golfpang,,,18홀,tr_220102625
남춘천,2026-09-26,07:14,170000,golfpang,,,18홀,tr_220102624
킹스데일,2026-09-26,13:24,165000,golfpang,,,18홀,tr_220165560
모카cc,2026-09-26,14:03,130000,golfpang,,,18홀,tr_219903744
서산수,2026-09-26,13:57,170000,golfpang,,,18홀,tr_219985198
감곡,2026-09-26,13:56,150000,golfpang,,,18홀,tr_219969210
힐데스하임,2026-09-26,13:42,150000,golfpang,,,18홀,tr_220179885
속리산cc,2026-09-26,13:37,140000,golfpang,,,18홀,tr_220179635
대영힐스,2026-09-26,18:13,89000,golfpang,,,18홀,tr_220181331
스톤비치,2026-09-26,18:12,130000,golfpang,,,18홀,tr_219999019
감곡,2026-09-26,18:06,120000,golfpang,,,18홀,tr_219969211
일레븐,2026-09-26,18:05,85000,golfpang,,,18홀,tr_220165877
스톤비치,2026-09-26,18:05,130000,golfpang,,,18홀,tr_219999018
대영베이스,2026-09-26,18:04,99000,golfpang,,,18홀,tr_220180836
이븐데일,2026-09-26,18:01,95000,golfpang,,,18홀,tr_220175180
골프존 화랑,2026-09-26,18:00,89000,golfpang,,,18홀,tr_220186550
스톤비치,2026-09-26,17:51,130000,golfpang,,,18홀,tr_219999017
대호단양,2026-09-26,17:44,119000,golfpang,,,18홀,tr_220180455
스타,2026-09-26,18:45,90000,golfpang,,,18홀,tr_219989065
이븐데일,2026-09-26,06:59,135000,golfpang,,,18홀,tr_220175178
일레븐,2026-09-26,06:58,125000,golfpang,,,18홀,tr_220165875
감곡,2026-09-26,06:58,160000,golfpang,,,18홀,tr_219969209
코스카,2026-09-26,06:57,150000,golfpang,,,18홀,tr_220174608
서산수,2026-09-26,06:57,190000,golfpang,,,18홀,tr_219985197
속리산cc,2026-09-26,07:48,160000,golfpang,,,18홀,tr_220179634
골프존 진천,2026-09-26,07:38,201000,golfpang,,,18홀,tr_220183622
대호단양,2026-09-26,11:59,169000,golfpang,,,18홀,tr_220180454
일레븐,2026-09-26,11:46,140000,golfpang,,,18홀,tr_220165876
대영힐스,2026-09-26,12:18,135000,golfpang,,,18홀,tr_220181330
이븐데일,2026-09-26,12:12,135000,golfpang,,,18홀,tr_220175179
골프존 화랑,2026-09-26,12:03,155000,golfpang,,,18홀,tr_220186549
골프존 진천,2026-09-26,13:00,209000,golfpang,,,18홀,tr_220183623
코스카,2026-09-26,12:48,160000,golfpang,,,18홀,tr_220174609
스타,2026-09-26,12:48,150000,golfpang,,,18홀,tr_219989064
대영베이스,2026-09-26,06:33,119000,golfpang,,,18홀,tr_220180834
힐데스하임,2026-09-26,06:22,135000,golfpang,,,18홀,tr_220179883
대영힐스,2026-09-26,06:00,99000,golfpang,,,18홀,tr_220181329
모카cc,2026-09-26,06:54,135000,golfpang,,,18홀,tr_219903743
속리산cc,2026-09-26,06:52,140000,golfpang,,,18홀,tr_220179633
스타,2026-09-26,06:51,140000,golfpang,,,18홀,tr_219989063
골프존 진천,2026-09-26,06:49,195000,golfpang,,,18홀,tr_220183621
센테리움,2026-09-26,06:46,149000,golfpang,,,18홀,tr_220037450
킹스데일,2026-09-26,06:44,150000,golfpang,,,18홀,tr_220165559
골프존 화랑,2026-09-26,06:41,125000,golfpang,,,18홀,tr_220186548
대호단양,2026-09-26,07:10,169000,golfpang,,,18홀,tr_220180453
대영베이스,2026-09-26,12:32,135000,golfpang,,,18홀,tr_220180835
센테리움,2026-09-26,13:11,149000,golfpang,,,18홀,tr_220037451
힐데스하임,2026-09-26,13:19,155000,golfpang,,,18홀,tr_220179884
동서울cc-퍼9,2026-09-26,13:17,119000,golfpang,,,18홀,tr_220104423
벨라스톤,2026-09-26,13:14,150000,golfpang,,,18홀,tr_219817718
알펜시아700,2026-09-26,14:06,120000,golfpang,,,18홀,tr_220105035
동서울cc-퍼9,2026-09-26,18:17,65000,golfpang,,,18홀,tr_220104424
벨라스톤,2026-09-26,18:13,109000,golfpang,,,18홀,tr_219817719
오로라,2026-09-26,18:06,110000,golfpang,,,18홀,tr_220193445
알펜시아700,2026-09-26,18:05,90000,golfpang,,,18홀,tr_220105036
알프스대영,2026-09-26,18:04,69000,golfpang,,,18홀,tr_220013036
남한강에스파크,2026-09-26,18:00,99000,golfpang,,,18홀,tr_219594988
남한강에스파크,2026-09-26,17:46,99000,golfpang,,,18홀,tr_219594987
남한강에스파크,2026-09-26,18:21,99000,golfpang,,,18홀,tr_219594989
오로라,2026-09-26,06:58,150000,golfpang,,,18홀,tr_220193443
벨라스톤,2026-09-26,07:17,170000,golfpang,,,18홀,tr_219817717
알펜시아700,2026-09-26,07:15,110000,golfpang,,,18홀,tr_220105034
알펜시아명문,2026-09-26,11:42,180000,golfpang,,,18홀,tr_220105586
웰리힐리,2026-09-26,12:58,190000,golfpang,,,18홀,tr_219588115
알펜시아명문,2026-09-26,12:45,180000,golfpang,,,18홀,tr_220105587
웰리힐리,2026-09-26,06:38,190000,golfpang,,,18홀,tr_219588114
알펜시아명문,2026-09-26,06:35,120000,golfpang,,,18홀,tr_220105585
동서울cc-퍼9,2026-09-26,06:31,119000,golfpang,,,18홀,tr_220104422
알프스대영,2026-09-26,06:40,109000,golfpang,,,18홀,tr_220013034
오로라,2026-09-26,13:28,160000,golfpang,,,18홀,tr_220193444
웰리힐리,2026-09-26,13:22,190000,golfpang,,,18홀,tr_219588116
모카cc,2026-09-26,08:39,150000,golfpang,,,18홀,tr_220212794
모카cc,2026-09-26,14:17,130000,golfpang,,,18홀,tr_220212795
힐데스하임,2026-09-26,07:07,150000,golfpang,,,18홀,tr_220105629
힐데스하임,2026-09-26,13:19,155000,golfpang,,,18홀,tr_220105631
힐데스하임,2026-09-26,12:27,165000,golfpang,,,18홀,tr_220105630
대영힐스,2026-09-26,11:26,139000,golfpang,,,18홀,tr_220212461
대영힐스,2026-09-26,07:59,139000,golfpang,,,18홀,tr_220212460
대영힐스,2026-09-26,06:14,109000,golfpang,,,18홀,tr_220212459
대영베이스,2026-09-26,11:32,139000,golfpang,,,18홀,tr_220212364
대영베이스,2026-09-26,08:13,139000,golfpang,,,18홀,tr_220212363
대영베이스,2026-09-26,06:47,125000,golfpang,,,18홀,tr_220212362
감곡,2026-09-26,07:26,160000,golfpang,,,18홀,tr_220212271
감곡,2026-09-26,06:58,160000,golfpang,,,18홀,tr_220212270
벨라스톤,2026-09-26,17:53,109000,golfpang,,,18홀,tr_220211843
클럽72,2026-09-26,17:16,160000,golfpang,,,18홀,tr_220211838
클럽72,2026-09-26,13:27,210000,golfpang,,,18홀,tr_220211832
클럽72,2026-09-26,06:50,210000,golfpang,,,18홀,tr_220211814
모카cc,2026-09-26,07:08,140000,golfpang,,,18홀,tr_220209576
모카cc,2026-09-26,13:00,130000,golfpang,,,18홀,tr_220209577
푸른솔포천,2026-09-26,07:38,240000,golfpang,,,18홀,tr_220209527
푸른솔포천,2026-09-26,12:38,230000,golfpang,,,18홀,tr_220209528
파주,2026-09-26,16:52,190000,golfpang,,,18홀,tr_220209462
파주,2026-09-26,07:06,260000,golfpang,,,18홀,tr_220209460
파주,2026-09-26,11:24,260000,golfpang,,,18홀,tr_220209461
클럽72,2026-09-26,18:46,140000,golfpang,,,18홀,tr_220208896
클럽72,2026-09-26,08:27,230000,golfpang,,,18홀,tr_220208894
클럽72,2026-09-26,11:34,220000,golfpang,,,18홀,tr_220208895
360도,2026-09-26,13:15,180000,golfpang,,,18홀,tr_220038489
알프스대영,2026-09-26,13:27,119000,golfpang,,,18홀,tr_220205259
알프스대영,2026-09-26,12:17,125000,golfpang,,,18홀,tr_220205258
알프스대영,2026-09-26,06:33,99000,golfpang,,,18홀,tr_220205257
여주,2026-09-26,12:15,220000,golfpang,,,18홀,tr_220204690
여주,2026-09-26,08:29,240000,golfpang,,,18홀,tr_220204689
베뉴지,2026-09-26,06:37,179000,golfpang,,,18홀,tr_220204429
신라,2026-09-26,08:42,210000,golfpang,,,18홀,tr_220204345
신라,2026-09-26,12:48,190000,golfpang,,,18홀,tr_220204346
오로라,2026-09-26,07:47,160000,golfpang,,,18홀,tr_220201805
오로라,2026-09-26,18:06,100000,golfpang,,,18홀,tr_220201807
오로라,2026-09-26,12:18,160000,golfpang,,,18홀,tr_220201806
안성(비공개),2026-09-26,08:36,160000,golfpang,,,18홀,tr_220201781
안성(비공개),2026-09-26,08:01,160000,golfpang,,,18홀,tr_220201780
크리스밸리,2026-09-26,11:59,180000,golfpang,,,18홀,tr_220201583
크리스밸리,2026-09-26,08:36,-1,golfpang,,,18홀,tr_220201582
동원썬밸리,2026-09-26,08:33,190000,golfpang,,,18홀,tr_220200004
동원썬밸리,2026-09-26,12:32,190000,golfpang,,,18홀,tr_220200005
클럽모우,2026-09-26,06:51,140000,golfpang,,,18홀,tr_220199653
클럽모우,2026-09-26,07:05,140000,golfpang,,,18홀,tr_220199654
감곡,2026-09-26,07:26,160000,golfpang,,,18홀,tr_219440011
감곡,2026-09-26,13:42,150000,golfpang,,,18홀,tr_219439989
감곡,2026-09-26,13:42,150000,golfpang,,,18홀,tr_219439990
남춘천,2026-09-26,12:06,170000,golfpang,,,18홀,tr_220174872
대영힐스,2026-09-26,06:00,99000,golfpang,,,18홀,tr_220193481
대영베이스,2026-09-26,06:20,115000,golfpang,,,18홀,tr_220150781
남춘천,2026-09-26,06:46,160000,golfpang,,,18홀,tr_220174871
대영힐스,2026-09-26,13:23,125000,golfpang,,,18홀,tr_220193482
대영베이스,2026-09-26,17:04,119000,golfpang,,,18홀,tr_220150783
대영베이스,2026-09-26,11:25,149000,golfpang,,,18홀,tr_220150782
360도,2026-09-26,08:15,217000,golfpang,,,18홀,tr_220038488
오로라,2026-09-26,13:49,160000,golfpang,,,18홀,tr_220190535
오로라,2026-09-26,06:58,150000,golfpang,,,18홀,tr_220190534
오로라,2026-09-26,17:10,110000,golfpang,,,18홀,tr_220190536
골프존 안성H,2026-09-26,13:03,190000,golfpang,,,18홀,tr_220184537
골프존 안성H,2026-09-26,12:07,190000,golfpang,,,18홀,tr_220184536
골프존 안성H,2026-09-26,07:12,190000,golfpang,,,18홀,tr_220184535
대호단양,2026-09-26,07:10,169000,golfpang,,,18홀,tr_220182797
대호단양,2026-09-26,16:55,119000,golfpang,,,18홀,tr_220182799
대호단양,2026-09-26,13:16,169000,golfpang,,,18홀,tr_220182798
플라밍고,2026-09-26,06:27,130000,golfpang,,,18홀,tr_220142246
군산,2026-09-26,07:40,170000,golfpang,,,18홀,tr_220180658
군산,2026-09-26,12:38,170000,golfpang,,,18홀,tr_220180659
이천(비공개명문),2026-09-26,07:15,269000,golfpang,,,18홀,tr_220014459
이천(비공개명문),2026-09-26,07:38,269000,golfpang,,,18홀,tr_220014460
샤인데일,2026-09-26,06:34,130000,golfpang,,,18홀,tr_220179605
샤인데일,2026-09-26,13:02,130000,golfpang,,,18홀,tr_220179606
샤인데일,2026-09-26,17:29,95000,golfpang,,,18홀,tr_220179607
대영힐스,2026-09-26,16:56,99000,golfpang,,,18홀,tr_220175102
대영힐스,2026-09-26,13:23,125000,golfpang,,,18홀,tr_220175101
대영힐스,2026-09-26,06:00,99000,golfpang,,,18홀,tr_220175100
푸른솔포천,2026-09-26,06:49,210000,golfpang,,,18홀,tr_220130953
푸른솔포천,2026-09-26,07:31,230000,golfpang,,,18홀,tr_220130954
동서울cc-퍼9,2026-09-26,06:38,94000,golfpang,,,18홀,tr_220153500
동서울cc-퍼9,2026-09-26,12:42,94000,golfpang,,,18홀,tr_220153501
로얄링스,2026-09-26,08:13,120000,golfpang,,,18홀,tr_220152545
로얄링스,2026-09-26,11:38,120000,golfpang,,,18홀,tr_220152546
골프존 천안,2026-09-26,13:54,150000,golfpang,,,18홀,tr_216674072
알프스대영,2026-09-26,06:40,119000,golfpang,,,18홀,tr_220150691
알프스대영,2026-09-26,16:47,79000,golfpang,,,18홀,tr_220150693
알프스대영,2026-09-26,11:07,115000,golfpang,,,18홀,tr_220150692
비콘힐스,2026-09-26,17:16,90000,golfpang,,,18홀,tr_220014765
비콘힐스,2026-09-26,17:02,90000,golfpang,,,18홀,tr_220014764
비콘힐스,2026-09-26,18:05,90000,golfpang,,,18홀,tr_220014766
감곡,2026-09-26,13:56,150000,golfpang,,,18홀,tr_220149021
감곡,2026-09-26,07:26,160000,golfpang,,,18홀,tr_220149020
감곡,2026-09-26,06:58,160000,golfpang,,,18홀,tr_220149019
한림광릉,2026-09-26,07:06,210000,golfpang,,,18홀,tr_220149793
한림광릉,2026-09-26,06:38,210000,golfpang,,,18홀,tr_220149791
한림광릉,2026-09-26,06:45,210000,golfpang,,,18홀,tr_220149792
이글몬트,2026-09-26,06:48,180000,golfpang,,,18홀,tr_220149203
이글몬트,2026-09-26,07:23,180000,golfpang,,,18홀,tr_220149204
이글몬트,2026-09-26,08:12,180000,golfpang,,,18홀,tr_220128652
이글몬트,2026-09-26,12:43,170000,golfpang,,,18홀,tr_220128653
알펜시아700,2026-09-26,06:47,100000,golfpang,,,18홀,tr_219871343
알펜시아700,2026-09-26,07:15,110000,golfpang,,,18홀,tr_219871344
알펜시아700,2026-09-26,08:25,120000,golfpang,,,18홀,tr_219871345
플라밍고,2026-09-26,07:37,140000,golfpang,,,18홀,tr_220142247
플라밍고,2026-09-26,13:39,130000,golfpang,,,18홀,tr_220142248
플라밍고,2026-09-26,06:27,130000,golfpang,,,18홀,tr_220139537
플라밍고,2026-09-26,13:39,130000,golfpang,,,18홀,tr_220139538
플라밍고,2026-09-26,18:24,90000,golfpang,,,18홀,tr_220139539
골든베이,2026-09-26,07:47,150000,golfpang,,,18홀,tr_220129010
골든베이,2026-09-26,12:42,150000,golfpang,,,18홀,tr_220129011
플라밍고,2026-09-26,08:12,150000,golfpang,,,18홀,tr_220128633
플라밍고,2026-09-26,07:23,140000,golfpang,,,18홀,tr_220128631
플라밍고,2026-09-26,07:37,140000,golfpang,,,18홀,tr_220128632
파크밸리,2026-09-26,13:40,149000,golfpang,,,18홀,tr_219870477
파크밸리,2026-09-26,07:45,169000,golfpang,,,18홀,tr_219870401
플라밍고,2026-09-26,12:01,140000,golfpang,,,18홀,tr_220125339
플라밍고,2026-09-26,17:00,100000,golfpang,,,18홀,tr_220125340
플라밍고,2026-09-26,07:57,140000,golfpang,,,18홀,tr_220125338
남춘천,2026-09-26,12:27,170000,golfpang,,,18홀,tr_220124349
남춘천,2026-09-26,08:22,180000,golfpang,,,18홀,tr_220124348
감곡,2026-09-26,07:26,160000,golfpang,,,18홀,tr_220121695
감곡,2026-09-26,13:56,150000,golfpang,,,18홀,tr_220121696
감곡,2026-09-26,17:10,130000,golfpang,,,18홀,tr_220121697
동원썬밸리,2026-09-26,12:39,190000,golfpang,,,18홀,tr_220035162
동원썬밸리,2026-09-26,08:33,190000,golfpang,,,18홀,tr_220035161
이글몬트,2026-09-26,07:23,180000,golfpang,,,18홀,tr_220118415
이글몬트,2026-09-26,13:39,170000,golfpang,,,18홀,tr_220118416
로얄포레,2026-09-26,07:49,129000,golfpang,,,18홀,tr_219160547
로얄포레,2026-09-26,11:27,129000,golfpang,,,18홀,tr_219160550
로얄포레,2026-09-26,13:02,119000,golfpang,,,18홀,tr_219160551
솔라고,2026-09-26,17:17,90000,golfpang,,,18홀,tr_219778279
보령베이스-퍼9,2026-09-26,17:44,69000,golfpang,,,18홀,tr_219778281
젠스필드,2026-09-26,06:55,150000,golfpang,,,18홀,tr_220107210
젠스필드,2026-09-26,17:00,110000,golfpang,,,18홀,tr_220107212
젠스필드,2026-09-26,12:43,160000,golfpang,,,18홀,tr_220107211
골프존 화랑,2026-09-26,11:56,155000,golfpang,,,18홀,tr_220107165
골프존 화랑,2026-09-26,06:41,125000,golfpang,,,18홀,tr_220107163
골프존 화랑,2026-09-26,07:23,135000,golfpang,,,18홀,tr_220107164
웰리힐리,2026-09-26,12:14,190000,golfpang,,,18홀,tr_220103232
웰리힐리,2026-09-26,08:30,190000,golfpang,,,18홀,tr_220103231
웰리힐리,2026-09-26,13:14,190000,golfpang,,,18홀,tr_220103233
샤인데일,2026-09-26,13:30,130000,golfpang,,,18홀,tr_220102516
샤인데일,2026-09-26,13:30,130000,golfpang,,,18홀,tr_220102515
샤인데일,2026-09-26,17:29,95000,golfpang,,,18홀,tr_220102517
스카이밸리,2026-09-26,12:22,190000,golfpang,,,18홀,tr_220097877
스카이밸리,2026-09-26,12:22,190000,golfpang,,,18홀,tr_220097876
신안,2026-09-26,13:28,160000,golfpang,,,18홀,tr_220035128
남춘천,2026-09-26,12:27,170000,golfpang,,,18홀,tr_220095189
남춘천,2026-09-26,07:14,170000,golfpang,,,18홀,tr_220095188
용인,2026-09-26,07:59,170000,golfpang,,,18홀,tr_220086236
용인,2026-09-26,15:23,130000,golfpang,,,18홀,tr_220086237
포천힐스,2026-09-26,11:49,190000,golfpang,,,18홀,tr_220070485
포천힐스,2026-09-26,11:49,190000,golfpang,,,18홀,tr_220070484
포천힐스,2026-09-26,07:59,200000,golfpang,,,18홀,tr_220070483
솔트베이,2026-09-26,18:01,169000,golfpang,,,18홀,tr_220085441
솔트베이,2026-09-26,17:05,179000,golfpang,,,18홀,tr_220085440
솔트베이,2026-09-26,16:30,189000,golfpang,,,18홀,tr_220085439
골프존 안성H,2026-09-26,06:58,190000,golfpang,,,18홀,tr_220085071
골프존 안성H,2026-09-26,07:33,190000,golfpang,,,18홀,tr_220085073
골프존 안성H,2026-09-26,07:26,190000,golfpang,,,18홀,tr_220085072
코스카,2026-09-26,11:59,170000,golfpang,,,18홀,tr_220084897
코스카,2026-09-26,06:57,150000,golfpang,,,18홀,tr_220084896
에덴블루,2026-09-26,07:20,200000,golfpang,,,18홀,tr_219888706
에덴블루,2026-09-26,07:13,200000,golfpang,,,18홀,tr_219888705
에덴블루,2026-09-26,06:28,190000,golfpang,,,18홀,tr_219888704
마론뉴데이,2026-09-26,06:29,175000,golfpang,,,18홀,tr_220070322
마론뉴데이,2026-09-26,06:09,175000,golfpang,,,18홀,tr_220070320
마론뉴데이,2026-09-26,06:16,175000,golfpang,,,18홀,tr_220070321
감곡,2026-09-26,17:10,130000,golfpang,,,18홀,tr_219654686
솔트베이,2026-09-26,17:19,179000,golfpang,,,18홀,tr_219588204
비콘힐스,2026-09-26,18:05,90000,golfpang,,,18홀,tr_219880839
솔트베이,2026-09-26,18:50,169000,golfpang,,,18홀,tr_219588205
세현,2026-09-26,19:05,160000,golfpang,,,18홀,tr_219995892
솔트베이,2026-09-26,16:51,189000,golfpang,,,18홀,tr_219588203
비콘힐스,2026-09-26,17:02,90000,golfpang,,,18홀,tr_219880838
보령베이스-퍼9,2026-09-26,16:55,79000,golfpang,,,18홀,tr_219647001
자유로,2026-09-26,07:42,240000,golfpang,,,18홀,tr_220036351
자유로,2026-09-26,13:09,230000,golfpang,,,18홀,tr_220036350
힐마루 포천,2026-09-26,08:22,250000,golfpang,,,18홀,tr_220057139
힐마루 포천,2026-09-26,17:10,160000,golfpang,,,18홀,tr_220056893
여주,2026-09-26,13:11,190000,golfpang,,,18홀,tr_220011540
양지파인,2026-09-26,13:36,150000,golfpang,,,18홀,tr_220011823
여주,2026-09-26,07:40,200000,golfpang,,,18홀,tr_220011539
양지파인,2026-09-26,06:37,150000,golfpang,,,18홀,tr_220011822
벨라스톤,2026-09-26,07:52,170000,golfpang,,,18홀,tr_220007579
벨라스톤,2026-09-26,08:20,170000,golfpang,,,18홀,tr_220007580
벨라스톤,2026-09-26,07:24,170000,golfpang,,,18홀,tr_220007578
알프스대영,2026-09-26,12:10,115000,golfpang,,,18홀,tr_220049414
알프스대영,2026-09-26,05:51,95000,golfpang,,,18홀,tr_220049413
알프스대영,2026-09-26,16:54,79000,golfpang,,,18홀,tr_220049415
히든밸리,2026-09-26,08:48,180000,golfpang,,,18홀,tr_220034745
히든밸리,2026-09-26,11:41,170000,golfpang,,,18홀,tr_220034746
센테리움,2026-09-26,06:46,149000,golfpang,,,18홀,tr_220036872
센테리움,2026-09-26,07:35,169000,golfpang,,,18홀,tr_220036873
알펜시아명문,2026-09-26,11:42,180000,golfpang,,,18홀,tr_220036823
알펜시아명문,2026-09-26,06:35,120000,golfpang,,,18홀,tr_220036822
알펜시아명문,2026-09-26,12:45,180000,golfpang,,,18홀,tr_220036824
킹스데일,2026-09-26,07:40,160000,golfpang,,,18홀,tr_220036606
킹스데일,2026-09-26,06:44,150000,golfpang,,,18홀,tr_220036605
알펜시아700,2026-09-26,14:06,120000,golfpang,,,18홀,tr_220035913
알펜시아700,2026-09-26,06:47,100000,golfpang,,,18홀,tr_220035912
알펜시아700,2026-09-26,17:23,100000,golfpang,,,18홀,tr_220035914
코스카,2026-09-26,07:57,150000,golfpang,,,18홀,tr_220015392
코스카,2026-09-26,08:14,190000,golfpang,,,18홀,tr_220015393
센테리움,2026-09-26,07:29,159000,golfpang,,,18홀,tr_220029343
힐데스하임,2026-09-26,13:42,150000,golfpang,,,18홀,tr_220032339
힐데스하임,2026-09-26,13:42,150000,golfpang,,,18홀,tr_220032340
힐데스하임,2026-09-26,13:42,150000,golfpang,,,18홀,tr_220032341
서산수,2026-09-26,06:57,190000,golfpang,,,18홀,tr_219873473
서산수,2026-09-26,12:40,190000,golfpang,,,18홀,tr_219873474
센테리움,2026-09-26,06:46,149000,golfpang,,,18홀,tr_220029505
센테리움,2026-09-26,13:11,149000,golfpang,,,18홀,tr_220029506
솔모로,2026-09-26,07:47,200000,golfpang,,,18홀,tr_220010064
솔모로,2026-09-26,07:47,200000,golfpang,,,18홀,tr_220010065
벨라스톤,2026-09-26,08:34,170000,golfpang,,,18홀,tr_220026349
벨라스톤,2026-09-26,17:31,109000,golfpang,,,18홀,tr_220026351
벨라스톤,2026-09-26,12:46,150000,golfpang,,,18홀,tr_220026350
여주,2026-09-26,13:05,190000,golfpang,,,18홀,tr_220023532
여주,2026-09-26,07:54,200000,golfpang,,,18홀,tr_220023531
킹스데일,2026-09-26,13:24,165000,golfpang,,,18홀,tr_218999285
킹스데일,2026-09-26,07:54,160000,golfpang,,,18홀,tr_218999284
여주,2026-09-26,07:54,200000,golfpang,,,18홀,tr_220012458
여주,2026-09-26,13:04,190000,golfpang,,,18홀,tr_220012459
신안,2026-09-26,07:10,180000,golfpang,,,18홀,tr_220011843
신안,2026-09-26,12:25,170000,golfpang,,,18홀,tr_220011844
신안,2026-09-26,13:21,160000,golfpang,,,18홀,tr_220011845
동서울cc-퍼9,2026-09-26,13:17,119000,golfpang,,,18홀,tr_220011199
동서울cc-퍼9,2026-09-26,18:17,65000,golfpang,,,18홀,tr_220011200
동서울cc-퍼9,2026-09-26,08:30,119000,golfpang,,,18홀,tr_220011198
동강시스타,2026-09-26,17:52,80000,golfpang,,,18홀,tr_220009969
동강시스타,2026-09-26,18:06,80000,golfpang,,,18홀,tr_220009970
동강시스타,2026-09-26,06:44,110000,golfpang,,,18홀,tr_220009968
남한강에스파크,2026-09-26,18:00,99000,golfpang,,,18홀,tr_220009097
남한강에스파크,2026-09-26,18:14,99000,golfpang,,,18홀,tr_220009098
남한강에스파크,2026-09-26,18:21,99000,golfpang,,,18홀,tr_220009099
젠스필드,2026-09-26,12:43,160000,golfpang,,,18홀,tr_220008863
젠스필드,2026-09-26,08:40,180000,golfpang,,,18홀,tr_220008861
젠스필드,2026-09-26,11:54,170000,golfpang,,,18홀,tr_220008862
솔모로,2026-09-26,07:47,200000,golfpang,,,18홀,tr_220006785
올데이,2026-09-26,12:34,99000,golfpang,,,18홀,tr_220006438
올데이,2026-09-26,07:18,79000,golfpang,,,18홀,tr_220006409
유니아일랜드,2026-09-26,11:18,210000,golfpang,,,18홀,tr_219935275
유니아일랜드,2026-09-26,07:00,210000,golfpang,,,18홀,tr_219935274
유니아일랜드,2026-09-26,16:34,160000,golfpang,,,18홀,tr_219935276
로얄포레,2026-09-26,17:26,99000,golfpang,,,18홀,tr_219996345
로얄포레,2026-09-26,16:37,109000,golfpang,,,18홀,tr_219996344
로얄포레,2026-09-26,06:49,129000,golfpang,,,18홀,tr_219996343
클럽72-오션,2026-09-26,11:49,270000,golfpang,,,18홀,tr_219995493
클럽72-오션,2026-09-26,08:35,290000,golfpang,,,18홀,tr_219995492
스타,2026-09-26,18:38,90000,golfpang,,,18홀,tr_219988436
스타,2026-09-26,06:51,140000,golfpang,,,18홀,tr_219988434
스타,2026-09-26,13:30,140000,golfpang,,,18홀,tr_219988435
스타,2026-09-26,18:31,90000,golfpang,,,18홀,tr_219985820
스타,2026-09-26,17:35,100000,golfpang,,,18홀,tr_219985819
속리산cc,2026-09-26,06:52,140000,golfpang,,,18홀,tr_219970103
속리산cc,2026-09-26,13:16,140000,golfpang,,,18홀,tr_219970104
에덴블루,2026-09-26,13:22,150000,golfpang,,,18홀,tr_219951242
에덴블루,2026-09-26,13:29,150000,golfpang,,,18홀,tr_219951171
클럽모우,2026-09-26,13:55,140000,golfpang,,,18홀,tr_219936727
스마트KU,2026-09-26,14:03,220000,golfpang,,,18홀,tr_219891300
신안(오렌지),2026-09-26,06:14,100000,golfpang,,,18홀,tr_219889688
솔라고,2026-09-26,11:50,160000,golfpang,,,18홀,tr_219806470
리베라,2026-09-26,19:06,160000,golfpang,,,18홀,tr_219870884
리베라,2026-09-26,18:10,160000,golfpang,,,18홀,tr_219870883
알펜시아명문,2026-09-26,07:38,130000,golfpang,,,18홀,tr_219870431
알펜시아명문,2026-09-26,08:13,150000,golfpang,,,18홀,tr_219870432
알펜시아명문,2026-09-26,06:49,120000,golfpang,,,18홀,tr_219870430
서산수,2026-09-26,12:05,190000,golfpang,,,18홀,tr_219807472
서산수,2026-09-26,06:57,190000,golfpang,,,18홀,tr_219807471
서산수,2026-09-26,13:50,180000,golfpang,,,18홀,tr_219810638
서산수,2026-09-26,06:57,190000,golfpang,,,18홀,tr_219810637
빅토리아-퍼9,2026-09-26,06:42,119000,golfpang,,,18홀,tr_219837247
빅토리아-퍼9,2026-09-26,13:13,119000,golfpang,,,18홀,tr_219837248
빅토리아-퍼9,2026-09-26,17:17,99000,golfpang,,,18홀,tr_219837249
에덴블루,2026-09-26,13:29,150000,golfpang,,,18홀,tr_219816878
에덴블루,2026-09-26,13:15,150000,golfpang,,,18홀,tr_219816877
벨라스톤,2026-09-26,13:14,150000,golfpang,,,18홀,tr_219816845
벨라스톤,2026-09-26,08:20,170000,golfpang,,,18홀,tr_219816844
벨라스톤,2026-09-26,12:25,150000,golfpang,,,18홀,tr_219818015
벨라스톤,2026-09-26,08:27,170000,golfpang,,,18홀,tr_219818013
벨라스톤,2026-09-26,11:57,150000,golfpang,,,18홀,tr_219818014
서산수,2026-09-26,12:05,190000,golfpang,,,18홀,tr_219810172
서산수,2026-09-26,06:57,190000,golfpang,,,18홀,tr_219810171
골든베이,2026-09-26,07:33,150000,golfpang,,,18홀,tr_219797449
골든베이,2026-09-26,07:54,150000,golfpang,,,18홀,tr_219797450
동원썬밸리,2026-09-26,12:32,190000,golfpang,,,18홀,tr_219796794
동원썬밸리,2026-09-26,08:33,190000,golfpang,,,18홀,tr_219796793
동원썬밸리,2026-09-26,08:33,190000,golfpang,,,18홀,tr_219795860
동원썬밸리,2026-09-26,12:32,190000,golfpang,,,18홀,tr_219795861
벨라스톤,2026-09-26,11:57,150000,golfpang,,,18홀,tr_219794600
벨라스톤,2026-09-26,08:06,170000,golfpang,,,18홀,tr_219794599
벨라스톤,2026-09-26,13:00,150000,golfpang,,,18홀,tr_219794601
대호단양,2026-09-26,17:02,119000,golfpang,,,18홀,tr_219788193
대호단양,2026-09-26,07:38,199000,golfpang,,,18홀,tr_219788191
대호단양,2026-09-26,13:23,169000,golfpang,,,18홀,tr_219788192
에스앤-퍼9,2026-09-26,16:14,80000,golfpang,,,18홀,tr_219777394
에스앤-퍼9,2026-09-26,11:07,120000,golfpang,,,18홀,tr_219777393
에스앤-퍼9,2026-09-26,06:49,100000,golfpang,,,18홀,tr_219777392
알펜시아명문,2026-09-26,08:06,150000,golfpang,,,18홀,tr_219777197
알펜시아명문,2026-09-26,07:17,140000,golfpang,,,18홀,tr_219777196
알펜시아명문,2026-09-26,06:49,130000,golfpang,,,18홀,tr_219777195
알펜시아700,2026-09-26,18:33,80000,golfpang,,,18홀,tr_219777143
알펜시아700,2026-09-26,06:47,100000,golfpang,,,18홀,tr_219777141
알펜시아700,2026-09-26,13:24,120000,golfpang,,,18홀,tr_219777142
스톤비치,2026-09-26,12:27,160000,golfpang,,,18홀,tr_219776771
스톤비치,2026-09-26,17:44,130000,golfpang,,,18홀,tr_219776772
스톤비치,2026-09-26,06:28,130000,golfpang,,,18홀,tr_219776770
모카cc,2026-09-26,06:54,135000,golfpang,,,18홀,tr_219776023
모카cc,2026-09-26,13:49,130000,golfpang,,,18홀,tr_219776024
블랙스톤벨포레,2026-09-26,13:13,215000,golfpang,,,18홀,tr_219775603
블랙스톤벨포레,2026-09-26,18:05,140000,golfpang,,,18홀,tr_219775604
블랙스톤벨포레,2026-09-26,06:43,200000,golfpang,,,18홀,tr_219775602
보령베이스-퍼9,2026-09-26,11:28,119000,golfpang,,,18홀,tr_219775418
보령베이스-퍼9,2026-09-26,18:12,69000,golfpang,,,18홀,tr_219775419
보령베이스-퍼9,2026-09-26,05:47,79000,golfpang,,,18홀,tr_219775417
로얄링스,2026-09-26,11:38,160000,golfpang,,,18홀,tr_219775047
로얄링스,2026-09-26,07:59,160000,golfpang,,,18홀,tr_219775046
여주,2026-09-26,07:40,200000,golfpang,,,18홀,tr_219757489
여주,2026-09-26,13:04,190000,golfpang,,,18홀,tr_219757490
대영힐스,2026-09-26,06:35,115000,golfpang,,,18홀,tr_219492039
대영힐스,2026-09-26,11:26,139000,golfpang,,,18홀,tr_219492037
대영베이스,2026-09-26,11:25,149000,golfpang,,,18홀,tr_219493093
대영베이스,2026-09-26,11:25,149000,golfpang,,,18홀,tr_219493094
대영힐스,2026-09-26,11:26,139000,golfpang,,,18홀,tr_219492038
포레스트힐,2026-09-26,06:44,220000,golfpang,,,18홀,tr_219622235
포레스트힐,2026-09-26,18:03,160000,golfpang,,,18홀,tr_219622237
포레스트힐,2026-09-26,13:23,210000,golfpang,,,18홀,tr_219622236
알프스대영,2026-09-26,06:40,109000,golfpang,,,18홀,tr_219619952
알프스대영,2026-09-26,17:15,69000,golfpang,,,18홀,tr_219619954
알프스대영,2026-09-26,11:56,109000,golfpang,,,18홀,tr_219619953
골든베이,2026-09-26,11:46,150000,golfpang,,,18홀,tr_219554728
골든베이,2026-09-26,08:43,150000,golfpang,,,18홀,tr_219554727
웰리힐리,2026-09-26,13:06,190000,golfpang,,,18홀,tr_219555752
웰리힐리,2026-09-26,06:14,190000,golfpang,,,18홀,tr_219555750
웰리힐리,2026-09-26,12:14,190000,golfpang,,,18홀,tr_219555751
킹스데일,2026-09-26,12:42,180000,golfpang,,,18홀,tr_219571909
킹스데일,2026-09-26,07:26,180000,golfpang,,,18홀,tr_219571908
한림광릉,2026-09-26,07:06,190000,golfpang,,,18홀,tr_219546397
한림광릉,2026-09-26,17:31,150000,golfpang,,,18홀,tr_219546399
한림광릉,2026-09-26,13:23,190000,golfpang,,,18홀,tr_219546398
신안,2026-09-26,13:14,170000,golfpang,,,18홀,tr_219556568
신안(오렌지),2026-09-26,13:56,100000,golfpang,,,18홀,tr_219556981
신안,2026-09-26,12:32,180000,golfpang,,,18홀,tr_219556567
신안(오렌지),2026-09-26,06:42,110000,golfpang,,,18홀,tr_219556980
신안,2026-09-26,06:49,170000,golfpang,,,18홀,tr_219556569
몽베르(대중제),2026-09-26,17:42,140000,golfpang,,,18홀,tr_219575833
몽베르(대중제),2026-09-26,13:07,180000,golfpang,,,18홀,tr_219575832
신안(병행),2026-09-26,18:03,100000,golfpang,,,18홀,tr_219568973
신안(병행),2026-09-26,18:45,100000,golfpang,,,18홀,tr_219568974
신안,2026-09-26,13:21,170000,golfpang,,,18홀,tr_219371069
360도,2026-09-26,13:00,180000,golfpang,,,18홀,tr_219345432
360도,2026-09-26,06:22,197000,golfpang,,,18홀,tr_219345431
신안,2026-09-26,06:49,170000,golfpang,,,18홀,tr_219371068
신안(오렌지),2026-09-26,06:14,100000,golfpang,,,18홀,tr_219369264
신안(오렌지),2026-09-26,13:56,100000,golfpang,,,18홀,tr_219369265
대영힐스,2026-09-26,18:13,99000,golfpang,,,18홀,tr_219392501
대영베이스,2026-09-26,12:32,149000,golfpang,,,18홀,tr_219374422
양지파인,2026-09-26,06:52,150000,golfpang,,,18홀,tr_219549650
대영베이스,2026-09-26,18:11,109000,golfpang,,,18홀,tr_219374421
양지파인,2026-09-26,13:06,150000,golfpang,,,18홀,tr_219549651
대영베이스,2026-09-26,06:20,115000,golfpang,,,18홀,tr_219374420
신안(오렌지),2026-09-26,06:21,100000,golfpang,,,18홀,tr_219565210
감곡,2026-09-26,07:05,160000,golfpang,,,18홀,tr_219444563
감곡,2026-09-26,14:03,150000,golfpang,,,18홀,tr_219444564
감곡,2026-09-26,18:06,120000,golfpang,,,18홀,tr_219444565
파인스톤,2026-09-26,07:31,240000,golfpang,,,18홀,tr_219562206
파인스톤,2026-09-26,11:52,240000,golfpang,,,18홀,tr_219562207
파인스톤,2026-09-26,17:01,160000,golfpang,,,18홀,tr_219562208
대호단양,2026-09-26,12:27,169000,golfpang,,,18홀,tr_219442661
양지파인,2026-09-26,07:59,160000,golfpang,,,18홀,tr_219445243
여주,2026-09-26,08:36,240000,golfpang,,,18홀,tr_219445611
레인보우힐스,2026-09-26,09:24,255000,golfpang,,,18홀,tr_219442931
레인보우힐스,2026-09-26,09:24,255000,golfpang,,,18홀,tr_219442932
보령베이스-퍼9,2026-09-26,11:28,119000,golfpang,,,18홀,tr_219443194
보령베이스-퍼9,2026-09-26,11:28,119000,golfpang,,,18홀,tr_219443197
보령베이스-퍼9,2026-09-26,11:28,119000,golfpang,,,18홀,tr_219443193
아세코밸리-퍼9,2026-09-26,11:34,140000,golfpang,,,18홀,tr_219445220
아세코밸리-퍼9,2026-09-26,11:34,140000,golfpang,,,18홀,tr_219445221
아세코밸리-퍼9,2026-09-26,11:34,140000,golfpang,,,18홀,tr_219445224
세레니티-강촌,2026-09-26,12:10,170000,golfpang,,,18홀,tr_219443552
세레니티-강촌,2026-09-26,12:10,170000,golfpang,,,18홀,tr_219443548
대호단양,2026-09-26,12:27,169000,golfpang,,,18홀,tr_219442659
세현,2026-09-26,19:05,160000,golfpang,,,18홀,tr_219443559
대호단양,2026-09-26,12:27,169000,golfpang,,,18홀,tr_219442662
킹스데일,2026-09-26,12:42,175000,golfpang,,,18홀,tr_219446051
킹스데일,2026-09-26,12:42,175000,golfpang,,,18홀,tr_219446056
그린힐,2026-09-26,17:49,120000,golfpang,,,18홀,tr_218961105
세현,2026-09-26,19:05,160000,golfpang,,,18홀,tr_219443579
세현,2026-09-26,19:05,160000,golfpang,,,18홀,tr_219443558
마론뉴데이,2026-09-26,13:19,175000,golfpang,,,18홀,tr_219468656
마론뉴데이,2026-09-26,06:35,175000,golfpang,,,18홀,tr_219468655
크리스밸리,2026-09-26,13:37,160000,golfpang,,,18홀,tr_219445920
크리스밸리,2026-09-26,13:37,160000,golfpang,,,18홀,tr_219445952
신안,2026-09-26,13:14,170000,golfpang,,,18홀,tr_219445128
신라,2026-09-26,11:52,190000,golfpang,,,18홀,tr_219443942
신안,2026-09-26,13:14,170000,golfpang,,,18홀,tr_219445126
신안,2026-09-26,13:14,170000,golfpang,,,18홀,tr_219445085
신라,2026-09-26,11:52,190000,golfpang,,,18홀,tr_219443870
신라,2026-09-26,11:52,190000,golfpang,,,18홀,tr_219443938
여주,2026-09-26,12:15,220000,golfpang,,,18홀,tr_219445581
양지파인,2026-09-26,13:29,150000,golfpang,,,18홀,tr_219445247
벨라스톤,2026-09-26,11:57,150000,golfpang,,,18홀,tr_219428265
벨라스톤,2026-09-26,08:27,170000,golfpang,,,18홀,tr_219428263
벨라스톤,2026-09-26,08:27,170000,golfpang,,,18홀,tr_219428264
남한강에스파크,2026-09-26,18:28,99000,golfpang,,,18홀,tr_219414426
남한강에스파크,2026-09-26,18:00,99000,golfpang,,,18홀,tr_219414425
남한강에스파크,2026-09-26,17:46,99000,golfpang,,,18홀,tr_219414424
한림광릉,2026-09-26,13:02,190000,golfpang,,,18홀,tr_219394524
한림광릉,2026-09-26,17:31,150000,golfpang,,,18홀,tr_219394525
한림광릉,2026-09-26,07:55,190000,golfpang,,,18홀,tr_219394523
코스카,2026-09-26,06:15,150000,golfpang,,,18홀,tr_219386120
코스카,2026-09-26,11:52,170000,golfpang,,,18홀,tr_219386121
마론뉴데이,2026-09-26,13:26,175000,golfpang,,,18홀,tr_219383073
마론뉴데이,2026-09-26,13:26,175000,golfpang,,,18홀,tr_219383072
마론뉴데이,2026-09-26,06:29,175000,golfpang,,,18홀,tr_219383071
그린힐,2026-09-26,13:21,160000,golfpang,,,18홀,tr_218961056
그린힐,2026-09-26,13:21,160000,golfpang,,,18홀,tr_218961102
코스카,2026-09-26,11:45,170000,golfpang,,,18홀,tr_219344618
코스카,2026-09-26,12:48,160000,golfpang,,,18홀,tr_219344619
파인스톤,2026-09-26,18:11,150000,golfpang,,,18홀,tr_218930248
파인스톤,2026-09-26,17:29,160000,golfpang,,,18홀,tr_218930247
푸른솔포천,2026-09-26,12:52,210000,golfpang,,,18홀,tr_218930928
푸른솔포천,2026-09-26,06:56,210000,golfpang,,,18홀,tr_218930927
골든베이,2026-09-26,11:46,150000,golfpang,,,18홀,tr_218960580
감곡,2026-09-26,07:40,160000,golfpang,,,18홀,tr_218862279
골든베이,2026-09-26,08:01,150000,golfpang,,,18홀,tr_218960579
로얄링스,2026-09-26,08:27,160000,golfpang,,,18홀,tr_217828539
로얄링스,2026-09-26,11:31,160000,golfpang,,,18홀,tr_217828540
감곡,2026-09-26,18:06,120000,golfpang,,,18홀,tr_218862281
감곡,2026-09-26,17:24,130000,golfpang,,,18홀,tr_218862280
웰리힐리,2026-09-26,06:38,190000,golfpang,,,18홀,tr_218881358
웰리힐리,2026-09-26,12:58,190000,golfpang,,,18홀,tr_218881359
웰리힐리,2026-09-26,13:06,190000,golfpang,,,18홀,tr_218881360
써닝포인트,2026-09-26,13:12,215000,golfpang,,,18홀,tr_219327309
써닝포인트,2026-09-26,16:40,165000,golfpang,,,18홀,tr_219327310
써닝포인트,2026-09-26,06:56,235000,golfpang,,,18홀,tr_219327308
